id,data_inversa,dia_semana,horario,uf,br,km,municipio,causa_acidente,tipo_acidente,classificacao_acidente,fase_dia,sentido_via,condicao_metereologica,tipo_pista,tracado_via,uso_solo,pessoas,mortos,feridos_leves,feridos_graves,ilesos,ignorados,feridos,veiculos,latitude,longitude,regional,delegacia,uop
204898,2019-04-22,segunda-feira,09:00:00,PE,101,69,RECIFE,Falta de Atenção à Condução,Colisão transversal,Com Vítimas Feridas,Pleno dia,Crescente,Céu Claro,Dupla,Reta,Sim,3,0,1,0,2,0,1,3,"-8,05951606","-34,94581024",SPRF-PE,DEL01-PE,UOP01-DEL01-PE
205013,2019-04-22,segunda-feira,18:40:00,PE,232,4,RECIFE,Falta de Atenção à Condução,Colisão traseira,Com Vítimas Feridas,Plena Noite,Crescente,Céu Claro,Múltipla,Viaduto,Sim,2,0,1,0,1,0,1,2,"-8,067036","-34,943042",SPRF-PE,DEL01-PE,UOP01-DEL01-PE
205021,2019-04-22,segunda-feira,19:20:00,PE,101,"31,8",IGARASSU,Animais na Pista,Atropelamento de Animal,Sem Vítimas,Plena Noite,Crescente,Chuva,Dupla,Reta,Não,1,0,0,0,1,0,0,1,"-7,74443874","-34,93872764",SPRF-PE,DEL01-PE,UOP02-DEL01-PE
205123,2019-04-23,terça-feira,09:40:00,PE,424,25,VENTUROSA,Ultrapassagem Indevida,Colisão lateral,Com Vítimas Feridas,Pleno dia,Crescente,Céu Claro,Simples,Aclive,Não,3,0,1,0,1,1,1,3,"-8,532546","-36,915788",SPRF-PE,DEL03-PE,UOP02-DEL03-PE
205369,2019-04-24,quarta-feira,19:00:00,PE,232,"408,8",SERRA TALHADA,Falta de Atenção à Condução,Colisão transversal,Com Vítimas Feridas,Plena Noite,Crescente,Céu Claro,Simples,Reta,Sim,3,0,2,0,1,0,2,2,"-7,98371447","-38,28047709",SPRF-PE,DEL04-PE,UOP01-DEL04-PE
205522,2019-04-25,quinta-feira,15:30:00,PE,101,"3,6",GOIANA,Velocidade Incompatível,Saída de leito carroçável,Com Vítimas Feridas,Pleno dia,Crescente,Nublado,Dupla,Reta;Declive                  ,Não,1,0,1,0,0,0,1,1,"-7,52387351","-34,99333161",SPRF-PE,DEL01-PE,UOP02-DEL01-PE
205598,2019-04-25,quinta-feira,22:45:00,PE,423,59,LAJEDO,Animais na Pista,Tombamento,Com Vítimas Feridas,Plena Noite,Decrescente,Céu Claro,Simples,Reta,Não,1,0,1,0,0,0,1,1,"-8,64676387","-36,31558317",SPRF-PE,DEL03-PE,UOP01-DEL03-PE
205667,2019-04-26,sexta-feira,13:35:00,PE,101,"51,4",ABREU E LIMA,Falta de Atenção à Condução,Colisão traseira,Com Vítimas Feridas,Pleno dia,Crescente,Céu Claro,Múltipla,Curva,Sim,2,0,0,1,1,0,1,2,"-7,9169968","-34,89689272",SPRF-PE,DEL01-PE,UOP02-DEL01-PE
205684,2019-04-26,sexta-feira,13:00:00,PE,232,89,GRAVATA,Falta de Atenção à Condução,Tombamento,Sem Vítimas,Pleno dia,Decrescente,Sol,Dupla,Reta,Não,1,0,0,0,1,0,0,1,"-8,21622964","-35,64675492",SPRF-PE,DEL01-PE,UOP02-DEL02PE
205824,2019-04-27,sábado,05:00:00,PE,116,40,SALGUEIRO,Agressão Externa,Saída de leito carroçável,Com Vítimas Feridas,Amanhecer,Decrescente,Céu Claro,Simples,Reta,Não,2,0,1,0,1,0,1,1,"-8,195062","-39,101446",SPRF-PE,DEL05-PE,UOP01-DEL05-PE
206188,2019-04-28,domingo,21:30:00,PE,232,"385,7",SERRA TALHADA,Objeto estático sobre o leito carroçável,Derramamento de carga,Com Vítimas Feridas,Plena Noite,Crescente,Céu Claro,Simples,Reta,Não,4,0,1,0,3,0,1,2,"-8,03720709","-38,09468901",SPRF-PE,DEL04-PE,UOP01-DEL04-PE
206380,2019-04-30,terça-feira,04:00:00,PE,101,2,GOIANA,Velocidade Incompatível,Saída de leito carroçável,Sem Vítimas,Amanhecer,Crescente,Nublado,Múltipla,Declive,Não,1,0,0,0,1,0,0,1,"-7,51675334","-34,99198357",SPRF-PE,DEL01-PE,UOP02-DEL01-PE
206444,2019-04-30,terça-feira,13:30:00,PE,110,"121,3",IBIMIRIM,Falta de Atenção à Condução,Saída de leito carroçável,Sem Vítimas,Pleno dia,Decrescente,Chuva,Simples,Curva,Não,1,0,0,0,1,0,0,1,"-8,45844941","-37,476511",SPRF-PE,DEL03-PE,UOP02-DEL03-PE
206488,2019-04-30,terça-feira,17:45:00,PE,101,"43,8",IGARASSU,Falta de Atenção à Condução,Colisão lateral,Com Vítimas Feridas,Anoitecer,Decrescente,Nublado,Dupla,Reta,Sim,3,0,1,0,2,0,1,2,"-7,84753808","-34,90977038",SPRF-PE,DEL01-PE,UOP02-DEL01-PE
206634,2019-05-01,quarta-feira,11:32:00,PE,423,"131,3",SALOA,Falta de Atenção à Condução,Tombamento,Com Vítimas Feridas,Pleno dia,Crescente,Céu Claro,Simples,Declive;Curva                 ,Não,2,0,1,0,1,0,1,2,"-8,96397013","-36,75772197",SPRF-PE,DEL03-PE,UOP01-DEL03-PE
206697,2019-05-01,quarta-feira,19:00:00,PE,232,407,SERRA TALHADA,Ingestão de Álcool,Atropelamento de Pedestre,Com Vítimas Feridas,Plena Noite,Crescente,Céu Claro,Simples,Declive,Sim,2,0,0,1,0,1,1,2,"-7,9854402","-38,27148304",SPRF-PE,DEL04-PE,UOP01-DEL04-PE
206706,2019-05-01,quarta-feira,19:20:00,PE,428,"21,5",CABROBO,Ultrapassagem Indevida,Colisão lateral,Com Vítimas Feridas,Plena Noite,Crescente,Nublado,Simples,Reta;Aclive                   ,Não,6,0,5,0,1,0,5,3,"-8,489785","-39,412266",SPRF-PE,DEL05-PE,UOP03-DEL05-PE
206748,2019-05-02,quinta-feira,06:05:00,PE,101,42,IGARASSU,Falta de Atenção à Condução,Colisão traseira,Com Vítimas Feridas,Pleno dia,Decrescente,Nublado,Múltipla,Declive,Sim,4,0,2,0,1,1,2,4,"-7,83887431","-34,91196739",SPRF-PE,DEL01-PE,UOP02-DEL01-PE
206781,2019-05-02,quinta-feira,09:00:00,PE,232,82,GRAVATA,Falta de Atenção à Condução,Colisão traseira,Com Vítimas Feridas,Pleno dia,Crescente,Céu Claro,Dupla,Reta,Sim,4,0,1,0,3,0,1,3,"-8,19892804","-35,58720589",SPRF-PE,DEL01-PE,UOP02-DEL02PE
207401,2019-05-05,domingo,08:40:00,PE,423,"50,3",CACHOEIRINHA,Condutor Dormindo,Colisão frontal,Com Vítimas Fatais,Pleno dia,Crescente,Céu Claro,Simples,Reta,Não,2,1,0,1,0,0,1,2,"-8,57335227","-36,28367654",SPRF-PE,DEL03-PE,UOP01-DEL03-PE
207656,2019-05-06,segunda-feira,14:45:00,PE,101,45,IGARASSU,Falta de Atenção à Condução,Colisão traseira,Sem Vítimas,Pleno dia,Decrescente,Sol,Múltipla,Reta,Sim,5,0,0,0,5,0,0,5,"-7,86521297","-34,90715176",SPRF-PE,DEL01-PE,UOP02-DEL01-PE
207681,2019-05-06,segunda-feira,17:00:00,PE,428,192,PETROLINA,Desobediência às normas de trânsito pelo condutor,Colisão transversal,Com Vítimas Feridas,Pleno dia,Crescente,Céu Claro,Simples,Reta,Sim,2,0,1,0,1,0,1,2,"-9,38601768","-40,52330912",SPRF-PE,DEL06-PE,UOP01-DEL06-PE
207793,2019-05-07,terça-feira,11:50:00,PE,232,"508,2",SALGUEIRO,Desobediência às normas de trânsito pelo condutor,Colisão com objeto estático,Com Vítimas Feridas,Pleno dia,Crescente,Céu Claro,Simples,Interseção de Vias,Sim,3,0,1,0,1,1,1,3,"-8,06223271","-39,12095006",SPRF-PE,DEL05-PE,UOP01-DEL05-PE
207954,2019-05-08,quarta-feira,09:20:00,PE,408,"92,3",SAO LOURENCO DA MATA,Não guardar distância de segurança,Colisão traseira,Com Vítimas Feridas,Pleno dia,Decrescente,Garoa/Chuvisco,Dupla,Reta,Sim,2,0,0,1,1,0,1,2,"-8,000781","-35,059306",SPRF-PE,DEL01-PE,UOP01-DEL01-PE
207963,2019-05-08,quarta-feira,10:45:00,PE,101,"79,4",JABOATAO DOS GUARARAPES,Falta de Atenção à Condução,Colisão transversal,Sem Vítimas,Pleno dia,Crescente,Nublado,Dupla,Em Obras;Reta;Desvio Temporári,Sim,4,0,0,0,4,0,0,2,"-8,14366112","-34,94723453",SPRF-PE,DEL01-PE,UOP01-DEL01-PE
208007,2019-05-08,quarta-feira,14:20:00,PE,232,"91,9",SAIRE,Defeito Mecânico no Veículo,Danos eventuais,Sem Vítimas,Pleno dia,Decrescente,Nublado,Dupla,Reta,Não,1,0,0,0,1,0,0,1,"-8,21834835","-35,66463196",SPRF-PE,DEL01-PE,UOP02-DEL02PE
208110,2019-05-09,quinta-feira,04:00:00,PE,101,"51,9",PAULISTA,Falta de Atenção à Condução,Saída de leito carroçável,Com Vítimas Feridas,Plena Noite,Decrescente,Chuva,Dupla,Curva,Não,2,0,2,0,0,0,2,1,"-7,9169968","-34,89689272",SPRF-PE,DEL01-PE,UOP02-DEL01-PE
208145,2019-05-09,quinta-feira,09:05:00,PE,101,"65,5",RECIFE,Falta de Atenção à Condução,Colisão traseira,Sem Vítimas,Pleno dia,Decrescente,Chuva,Múltipla,Reta,Sim,2,0,0,0,2,0,0,2,"-8,02478597","-34,94276635",SPRF-PE,DEL01-PE,UOP01-DEL01-PE
208198,2019-05-09,quinta-feira,15:40:00,PE,101,"83,4",JABOATAO DOS GUARARAPES,Falta de Atenção à Condução,Tombamento,Com Vítimas Feridas,Pleno dia,Crescente,Nublado,Dupla,Interseção de Vias,Sim,1,0,1,0,0,0,1,1,"-8,175172","-34,942642",SPRF-PE,DEL01-PE,UOP03-DEL01-PE
208224,2019-05-09,quinta-feira,17:50:00,PE,232,213,PESQUEIRA,Desobediência às normas de trânsito pelo condutor,Colisão frontal,Com Vítimas Feridas,Plena Noite,Crescente,Nublado,Simples,Interseção de Vias,Não,4,0,1,2,1,0,3,3,"-8,37493349","-36,71782136",SPRF-PE,DEL03-PE,UOP02-DEL03-PE
208262,2019-05-09,quinta-feira,19:50:00,PE,101,71,RECIFE,Defeito na Via,Tombamento,Sem Vítimas,Plena Noite,Crescente,Chuva,Dupla,Reta,Sim,1,0,0,0,1,0,0,1,"-8,07663102","-34,94277871",SPRF-PE,DEL01-PE,UOP01-DEL01-PE
208296,2019-05-09,quinta-feira,23:30:00,PE,232,"91,3",SAIRE,Defeito Mecânico no Veículo,Colisão com objeto estático,Sem Vítimas,Plena Noite,Decrescente,Céu Claro,Dupla,Reta,Não,1,0,0,0,1,0,0,1,"-8,21834835","-35,66463196",SPRF-PE,DEL01-PE,UOP02-DEL02PE
208383,2019-05-10,sexta-feira,10:30:00,PE,101,137,ESCADA,Falta de Atenção à Condução,Tombamento,Sem Vítimas,Pleno dia,Crescente,Céu Claro,Múltipla,Curva,Não,1,0,0,0,1,0,0,1,"-8,41675194","-35,31126636",SPRF-PE,DEL01-PE,UOP03-DEL01-PE
208482,2019-05-10,sexta-feira,20:30:00,PE,101,"43,8",IGARASSU,Defeito Mecânico no Veículo,Colisão traseira,Sem Vítimas,Plena Noite,Crescente,Céu Claro,Múltipla,Reta,Sim,3,0,0,0,3,0,0,3,"-7,84753808","-34,90977038",SPRF-PE,DEL01-PE,UOP02-DEL01-PE
208496,2019-05-10,sexta-feira,20:30:00,PE,316,"106,2",OURICURI,Falta de Atenção à Condução,Colisão traseira,Com Vítimas Feridas,Plena Noite,Crescente,Ignorado,Simples,Aclive,Não,2,0,1,0,1,0,1,2,"-7,95887692","-39,89722297",SPRF-PE,DEL05-PE,UOP02-DEL05-PE
208579,2019-05-11,sábado,08:15:00,PE,407,122,PETROLINA,Falta de Atenção à Condução,Colisão frontal,Com Vítimas Fatais,Pleno dia,Crescente,Nublado,Simples,Reta,Sim,2,1,0,0,1,0,0,2,"-9,35368726","-40,55051642",SPRF-PE,DEL06-PE,UOP01-DEL06-PE
208583,2019-05-11,sábado,07:15:00,PE,101,"69,1",RECIFE,Desobediência às normas de trânsito pelo pedestre,Atropelamento de Pedestre,Com Vítimas Feridas,Pleno dia,Decrescente,Céu Claro,Dupla,Reta,Sim,4,0,0,1,1,2,1,2,"-8,06024942","-34,94566441",SPRF-PE,DEL01-PE,UOP01-DEL01-PE
208592,2019-05-11,sábado,01:00:00,PE,116,6,SALGUEIRO,Falta de Atenção à Condução,Tombamento,Com Vítimas Feridas,Plena Noite,Crescente,Céu Claro,Simples,Curva,Não,1,0,1,0,0,0,1,1,"-7,903998","-39,114899",SPRF-PE,DEL05-PE,UOP01-DEL05-PE
208962,2019-05-12,domingo,14:05:00,PE,232,"10,7",JABOATAO DOS GUARARAPES,Falta de Atenção do Pedestre,Atropelamento de Pedestre,Com Vítimas Feridas,Pleno dia,Decrescente,Céu Claro,Dupla,Reta,Não,2,0,1,0,1,0,1,2,"-8,07917241","-34,98718609",SPRF-PE,DEL01-PE,UOP01-DEL01-PE
209299,2019-05-13,segunda-feira,11:35:00,PE,232,79,GRAVATA,Não guardar distância de segurança,Colisão lateral,Com Vítimas Feridas,Pleno dia,Decrescente,Nublado,Simples,Rotatória,Sim,2,0,1,0,1,0,1,2,"-8,19460572","-35,56074803",SPRF-PE,DEL01-PE,UOP02-DEL02PE
209412,2019-05-14,terça-feira,02:30:00,PE,232,"126,3",CARUARU,Condutor Dormindo,Tombamento,Sem Vítimas,Plena Noite,Crescente,Céu Claro,Dupla,Reta,Não,1,0,0,0,1,0,0,1,"-8,30819677","-35,95467594",SPRF-PE,DEL02-PE,UOP03-DEL02-PE
209596,2019-05-15,quarta-feira,05:50:00,PE,101,"73,5",RECIFE,Falta de Atenção à Condução,Tombamento,Com Vítimas Feridas,Pleno dia,Decrescente,Sol,Dupla,Reta,Sim,2,0,1,0,0,1,1,2,"-8,093369","-34,947464",SPRF-PE,DEL01-PE,UOP01-DEL01-PE
209688,2019-05-15,quarta-feira,15:00:00,PE,101,50,ABREU E LIMA,Falta de Atenção à Condução,Colisão transversal,Sem Vítimas,Pleno dia,Decrescente,Sol,Múltipla,Reta,Sim,3,0,0,0,3,0,0,2,"-7,90938602","-34,90123228",SPRF-PE,DEL01-PE,UOP02-DEL01-PE
209774,2019-05-16,quinta-feira,04:20:00,PE,232,552,PARNAMIRIM,Ingestão de Substâncias Psicoativas,Colisão traseira,Com Vítimas Feridas,Plena Noite,Crescente,Céu Claro,Simples,Reta,Não,2,0,0,1,1,0,1,2,"-8,09045509","-39,50733198",SPRF-PE,DEL05-PE,UOP01-DEL05-PE
210043,2019-05-17,sexta-feira,11:30:00,PE,116,55,SALGUEIRO,Desobediência às normas de trânsito pelo condutor,Colisão transversal,Com Vítimas Feridas,Pleno dia,Crescente,Céu Claro,Simples,Reta,Não,5,0,4,0,1,0,4,2,"-8,319089","-39,128674",SPRF-PE,DEL05-PE,UOP01-DEL05-PE
210222,2019-05-18,sábado,05:35:00,PE,423,"24,9",SAO CAITANO,Defeito Mecânico no Veículo,Saída de leito carroçável,Com Vítimas Feridas,Pleno dia,Crescente,Céu Claro,Simples,Curva,Não,1,0,0,1,0,0,1,1,"-8,37042699","-36,17255236",SPRF-PE,DEL02-PE,UOP03-DEL02-PE
210419,2019-05-19,domingo,02:45:00,PE,232,"163,3",TACAIMBO,Ingestão de Álcool,Atropelamento de Pedestre,Com Vítimas Fatais,Plena Noite,Decrescente,Céu Claro,Simples,Reta,Não,2,1,0,0,0,1,0,2,"-8,33348442","-36,28057989",SPRF-PE,DEL02-PE,UOP03-DEL02-PE
210450,2019-05-19,domingo,07:00:00,PE,101,36,ITAPISSUMA,Falta de Atenção à Condução,Colisão com objeto estático,Com Vítimas Feridas,Pleno dia,Decrescente,Sol,Dupla,Declive,Não,1,0,1,0,0,0,1,1,"-7,788367","-34,92981702",SPRF-PE,DEL01-PE,UOP02-DEL01-PE
210453,2019-05-19,domingo,06:30:00,PE,316,"27,2",ARARIPINA,Não guardar distância de segurança,Colisão traseira,Com Vítimas Feridas,Pleno dia,Decrescente,Céu Claro,Simples,Reta,Sim,3,0,2,0,1,0,2,2,"-7,61184793","-40,48660183",SPRF-PE,DEL05-PE,UOP02-DEL05-PE
210740,2019-05-20,segunda-feira,15:40:00,PE,101,"73,9",RECIFE,Velocidade Incompatível,Tombamento,Com Vítimas Feridas,Pleno dia,Decrescente,Chuva,Dupla,Reta,Não,3,0,2,0,1,0,2,1,"-8,093369","-34,947464",SPRF-PE,DEL01-PE,UOP01-DEL01-PE
210776,2019-05-20,segunda-feira,16:00:00,PE,232,449,SAO JOSE DO BELMONTE,Desobediência às normas de trânsito pelo condutor,Colisão frontal,Com Vítimas Fatais,Pleno dia,Decrescente,Sol,Simples,Curva,Sim,9,3,2,3,1,0,5,2,"-7,98629482","-38,62748158",SPRF-PE,DEL04-PE,UOP01-DEL04-PE
210872,2019-05-21,terça-feira,08:20:00,PE,316,"266,4",BELEM DE SAO FRANCISCO,Não guardar distância de segurança,Saída de leito carroçável,Sem Vítimas,Pleno dia,Decrescente,Céu Claro,Simples,Reta,Não,2,0,0,0,1,1,0,2,"-8,71630699","-38,89423601",SPRF-PE,DEL05-PE,UOP03-DEL05-PE
210926,2019-05-07,terça-feira,05:30:00,PE,232,132,CARUARU,Falta de Atenção do Pedestre,Atropelamento de Pedestre,Com Vítimas Feridas,Amanhecer,Crescente,Ignorado,Simples,Reta,Sim,2,0,1,0,0,1,1,2,"-8,30287712","-36,00458276",SPRF-PE,DEL02-PE,UOP03-DEL02-PE
211071,2019-05-22,quarta-feira,12:10:00,PE,232,140,SAO CAITANO,Falta de Atenção à Condução,Colisão lateral,Com Vítimas Feridas,Pleno dia,Crescente,Céu Claro,Dupla,Reta,Não,2,0,0,1,1,0,1,2,"-8,32053657","-36,07891029",SPRF-PE,DEL02-PE,UOP03-DEL02-PE
211180,2019-05-23,quinta-feira,03:00:00,PE,101,69,RECIFE,Falta de Atenção à Condução,Colisão lateral,Com Vítimas Feridas,Amanhecer,Crescente,Chuva,Múltipla,Reta,Sim,4,0,1,0,3,0,1,4,"-8,05951606","-34,94581024",SPRF-PE,DEL01-PE,UOP01-DEL01-PE
211220,2019-05-23,quinta-feira,11:04:00,PE,101,"70,2",RECIFE,Falta de Atenção à Condução,Colisão lateral,Sem Vítimas,Pleno dia,Decrescente,Céu Claro,Dupla,Interseção de Vias,Não,2,0,0,0,2,0,0,2,"-8,06776119","-34,94265074",SPRF-PE,DEL01-PE,UOP01-DEL01-PE
211271,2019-05-23,quinta-feira,16:10:00,PE,101,"44,1",IGARASSU,Falta de Atenção à Condução,Colisão traseira,Com Vítimas Feridas,Pleno dia,Crescente,Céu Claro,Múltipla,Reta,Sim,2,0,1,0,1,0,1,2,"-7,85557309","-34,90877959",SPRF-PE,DEL01-PE,UOP02-DEL01-PE
211277,2019-05-23,quinta-feira,16:00:00,PE,316,268,BELEM DE SAO FRANCISCO,Desobediência às normas de trânsito pelo condutor,Colisão lateral,Com Vítimas Feridas,Pleno dia,Decrescente,Céu Claro,Simples,Reta,Não,2,0,1,0,1,0,1,2,"-8,70795366","-38,87816217",SPRF-PE,DEL04-PE,UOP03-DEL04-PE
211758,2019-05-26,domingo,01:30:00,PE,232,485,VERDEJANTE,Falta de Atenção à Condução,Colisão com objeto estático,Sem Vítimas,Plena Noite,Crescente,Céu Claro,Simples,Reta,Não,2,0,0,0,2,0,0,2,"-8,00758456","-38,93223474",SPRF-PE,DEL05-PE,UOP01-DEL05-PE
211821,2019-05-26,domingo,10:00:00,PE,232,"58,9",POMBOS,Falta de Atenção à Condução,Colisão com objeto estático,Com Vítimas Feridas,Pleno dia,Decrescente,Sol,Dupla,Reta,Não,4,0,1,0,3,0,1,2,"-8,14717743","-35,39765954",SPRF-PE,DEL01-PE,UOP02-DEL02PE
211929,2019-05-26,domingo,21:00:00,PE,101,"37,6",IGARASSU,Falta de Atenção à Condução,Colisão transversal,Com Vítimas Fatais,Plena Noite,Decrescente,Céu Claro,Dupla,Reta;Retorno Regulamentado    ,Não,2,1,0,0,0,1,0,2,"-7,79726705","-34,9274932",SPRF-PE,DEL01-PE,UOP02-DEL01-PE
211975,2019-05-27,segunda-feira,06:05:00,PE,232,414,SERRA TALHADA,Falta de Atenção à Condução,Saída de leito carroçável,Com Vítimas Feridas,Pleno dia,Decrescente,Céu Claro,Simples,Reta,Sim,4,0,1,0,3,0,1,4,"-7,99236282","-38,33750809",SPRF-PE,DEL04-PE,UOP01-DEL04-PE
211987,2019-05-27,segunda-feira,03:00:00,PE,101,"189,5",PALMARES,Velocidade Incompatível,Tombamento,Com Vítimas Feridas,Amanhecer,Decrescente,Chuva,Dupla,Curva,Não,1,0,0,1,0,0,1,1,"-8,69036647","-35,60430503",SPRF-PE,DEL01-PE,UOP03-DEL01-PE
212092,2019-05-27,segunda-feira,18:20:00,PE,232,19,JABOATAO DOS GUARARAPES,Defeito na Via,Capotamento,Com Vítimas Feridas,Plena Noite,Decrescente,Nublado,Dupla,Em Obras;Desvio Temporário;Ret,Não,1,0,1,0,0,0,1,1,"-8,09822484","-35,06316202",SPRF-PE,DEL01-PE,UOP01-DEL01-PE
212265,2019-05-28,terça-feira,18:10:00,PE,423,"120,5",PARANATAMA,Defeito Mecânico no Veículo,Colisão traseira,Com Vítimas Fatais,Plena Noite,Crescente,Céu Claro,Simples,Reta,Sim,4,1,0,0,0,3,0,3,"-8,91340879","-36,69525706",SPRF-PE,DEL03-PE,UOP01-DEL03-PE
212376,2019-05-12,domingo,07:30:00,PE,316,"126,7",PARNAMIRIM,Desobediência às normas de trânsito pelo condutor,Colisão lateral,Com Vítimas Feridas,Pleno dia,Crescente,Sol,Simples,Reta,Não,2,0,0,1,1,0,1,2,"-8,02943441","-39,73196817",SPRF-PE,DEL05-PE,UOP02-DEL05-PE
212386,2019-05-29,quarta-feira,13:20:00,PE,101,"4,4",GOIANA,Defeito na Via,Danos eventuais,Sem Vítimas,Pleno dia,Decrescente,Chuva,Dupla,Reta,Não,1,0,0,0,1,0,0,1,"-7,53264499","-34,99145786",SPRF-PE,DEL01-PE,UOP02-DEL01-PE
212387,2019-05-29,quarta-feira,13:20:00,PE,101,"3,4",GOIANA,Fenômenos da Natureza,Saída de leito carroçável,Com Vítimas Feridas,Pleno dia,Crescente,Chuva,Dupla,Curva,Não,1,0,1,0,0,0,1,1,"-7,52387351","-34,99333161",SPRF-PE,DEL01-PE,UOP02-DEL01-PE
212503,2019-05-30,quinta-feira,08:55:00,PE,101,"71,8",RECIFE,Falta de Atenção do Pedestre,Atropelamento de Pedestre,Com Vítimas Feridas,Pleno dia,Crescente,Nublado,Simples,Reta,Sim,2,0,1,0,1,0,1,2,"-8,07663102","-34,94277871",SPRF-PE,DEL01-PE,UOP01-DEL01-PE
212633,2019-05-31,sexta-feira,01:30:00,PE,232,"172,9",BELO JARDIM,Defeito Mecânico no Veículo,Colisão com objeto estático,Sem Vítimas,Plena Noite,Decrescente,Chuva,Simples,Reta,Não,1,0,0,0,1,0,0,1,"-8,33854887","-36,360134",SPRF-PE,DEL02-PE,UOP03-DEL02-PE
212700,2019-05-31,sexta-feira,11:00:00,PE,232,"129,9",CARUARU,Falta de Atenção à Condução,Colisão lateral,Com Vítimas Feridas,Pleno dia,Crescente,Céu Claro,Dupla,Interseção de Vias,Sim,4,0,1,0,3,0,1,2,"-8,30044496","-35,98657608",SPRF-PE,DEL02-PE,UOP03-DEL02-PE
212706,2019-05-31,sexta-feira,13:30:00,PE,232,"205,1",PESQUEIRA,Falta de Atenção à Condução,Colisão lateral,Com Vítimas Feridas,Pleno dia,Crescente,Sol,Simples,Declive,Não,4,0,3,0,1,0,3,3,"-8,371186","-36,6531",SPRF-PE,DEL02-PE,UOP03-DEL02-PE
212833,2019-06-01,sábado,00:15:00,PE,232,"57,3",POMBOS,Ingestão de Álcool,Colisão traseira,Com Vítimas Fatais,Plena Noite,Decrescente,Nublado,Múltipla,Reta,Sim,2,1,0,0,0,1,0,2,"-8,1412132","-35,38181492",SPRF-PE,DEL01-PE,UOP02-DEL02PE
212897,2019-06-01,sábado,08:55:00,PE,428,"172,9",PETROLINA,Carga excessiva e/ou mal acondicionada,Colisão lateral,Com Vítimas Fatais,Pleno dia,Crescente,Céu Claro,Simples,Reta,Não,2,1,0,0,1,0,0,2,"-9,23632318","-40,41701564",SPRF-PE,DEL06-PE,UOP01-DEL06-PE
212919,2019-06-01,sábado,12:35:00,PE,232,47,VITORIA DE SANTO ANTAO,Falta de Atenção à Condução,Capotamento,Sem Vítimas,Pleno dia,Decrescente,Céu Claro,Dupla,Reta,Não,2,0,0,0,1,1,0,2,"-8,13769724","-35,29733789",SPRF-PE,DEL01-PE,UOP02-DEL02PE
212987,2019-06-01,sábado,20:10:00,PE,423,58,LAJEDO,Ingestão de Álcool,Colisão lateral,Com Vítimas Feridas,Plena Noite,Crescente,Céu Claro,Simples,Reta,Não,3,0,1,0,2,0,1,2,"-8,6395899","-36,31006213",SPRF-PE,DEL03-PE,UOP01-DEL03-PE
213019,2019-06-01,sábado,20:00:00,PE,110,"219,4",PETROLANDIA,Falta de Atenção à Condução,Tombamento,Com Vítimas Feridas,Plena Noite,Decrescente,Céu Claro,Simples,Curva,Não,1,0,1,0,0,0,1,1,"-8,98698462","-38,19892437",SPRF-BA,DEL07-BA,UOP01-DEL07-BA
213125,2019-06-02,domingo,09:50:00,PE,232,"249,5",ARCOVERDE,Falta de Atenção do Pedestre,Atropelamento de Pedestre,Com Vítimas Fatais,Pleno dia,Crescente,Céu Claro,Simples,Declive,Não,2,1,0,0,1,0,0,2,"-8,42322358","-37,04374191",SPRF-PE,DEL03-PE,UOP02-DEL03-PE
213261,2019-06-02,domingo,21:50:00,PE,316,106,OURICURI,Defeito Mecânico no Veículo,Tombamento,Sem Vítimas,Plena Noite,Crescente,Céu Claro,Simples,Aclive,Não,1,0,0,0,1,0,0,1,"-7,95887692","-39,89722297",SPRF-PE,DEL05-PE,UOP02-DEL05-PE
213397,2019-06-03,segunda-feira,14:15:00,PE,232,67,GRAVATA,Falta de Atenção à Condução,Colisão traseira,Com Vítimas Feridas,Pleno dia,Decrescente,Sol,Dupla,Reta,Não,2,0,1,0,1,0,1,2,"-8,17343058","-35,46386719",SPRF-PE,DEL01-PE,UOP02-DEL02PE
213437,2019-06-03,segunda-feira,17:45:00,PE,101,7,GOIANA,Falta de Atenção do Pedestre,Atropelamento de Pedestre,Com Vítimas Feridas,Plena Noite,Decrescente,Nublado,Dupla,Reta,Sim,2,0,1,0,1,0,1,2,"-7,55997111","-34,99072674",SPRF-PE,DEL01-PE,UOP02-DEL01-PE
213447,2019-06-03,segunda-feira,19:00:00,PE,101,"79,1",JABOATAO DOS GUARARAPES,Ingestão de Álcool,Colisão lateral,Com Vítimas Fatais,Plena Noite,Decrescente,Chuva,Dupla,Reta,Sim,5,2,1,0,0,2,1,3,"-8,14366112","-34,94723453",SPRF-PE,DEL01-PE,UOP01-DEL01-PE
213536,2019-06-04,terça-feira,09:00:00,PE,101,46,IGARASSU,Ultrapassagem Indevida,Colisão lateral,Com Vítimas Feridas,Pleno dia,Decrescente,Sol,Múltipla,Reta,Sim,3,0,0,2,1,0,2,2,"-7,87406004","-34,90588126",SPRF-PE,DEL01-PE,UOP02-DEL01-PE
213712,2019-05-25,sábado,06:10:00,PE,423,"88,2",SAO JOAO,Não guardar distância de segurança,Colisão traseira,Com Vítimas Fatais,Amanhecer,Crescente,Céu Claro,Simples,Reta,Não,5,3,0,0,1,1,0,3,"-8,83119","-36,45311",SPRF-PE,DEL03-PE,UOP01-DEL03-PE
213745,2019-06-05,quarta-feira,13:30:00,PE,232,"142,7",SAO CAITANO,Falta de Atenção à Condução,Colisão lateral,Sem Vítimas,Pleno dia,Crescente,Céu Claro,Dupla,Reta,Não,2,0,0,0,1,1,0,2,"-8,32242118","-36,09480698",SPRF-PE,DEL02-PE,UOP03-DEL02-PE