id,data_inversa,dia_semana,horario,uf,br,km,municipio,causa_acidente,tipo_acidente,classificacao_acidente,fase_dia,sentido_via,condicao_metereologica,tipo_pista,tracado_via,uso_solo,pessoas,mortos,feridos_leves,feridos_graves,ilesos,ignorados,feridos,veiculos,latitude,longitude,regional,delegacia,uop
214394,2019-06-08,sábado,16:15:00,PE,232,"515,3",SALGUEIRO,Ingestão de álcool e/ou substâncias psicoativas pelo pedestre,Colisão frontal,Com Vítimas Feridas,Pleno dia,Decrescente,Sol,Simples,Reta,Não,2,0,0,1,1,0,1,2,"-8,068192","-39,180042",SPRF-PE,DEL05-PE,UOP01-DEL05-PE
214513,2019-06-09,domingo,03:00:00,PE,116,"5,6",SALGUEIRO,Falta de Atenção à Condução,Colisão frontal,Com Vítimas Feridas,Plena Noite,Decrescente,Céu Claro,Simples,Curva,Não,2,0,0,1,1,0,1,2,"-7,896859","-39,110252",SPRF-PE,DEL05-PE,UOP01-DEL05-PE
214528,2019-06-09,domingo,03:30:00,PE,232,"332,1",CUSTODIA,Ingestão de Álcool,Colisão frontal,Com Vítimas Feridas,Plena Noite,Crescente,Céu Claro,Simples,Reta,Sim,7,0,3,2,2,0,5,2,"-8,08916179","-37,62141598",SPRF-PE,DEL03-PE,UOP02-DEL03-PE
214537,2019-06-09,domingo,06:40:00,PE,232,"4,8",RECIFE,Pista Escorregadia,Tombamento,Com Vítimas Feridas,Amanhecer,Crescente,Céu Claro,Dupla,Curva,Sim,2,0,2,0,0,0,2,1,"-8,064473","-34,936928",SPRF-PE,DEL01-PE,UOP01-DEL01-PE
214937,2019-06-10,segunda-feira,22:20:00,PE,232,"71,4",GRAVATA,Defeito Mecânico no Veículo,Incêndio,Sem Vítimas,Plena Noite,Crescente,Céu Claro,Dupla,Reta,Sim,1,0,0,0,1,0,0,1,"-8,18344403","-35,49296599",SPRF-PE,DEL01-PE,UOP02-DEL02PE
215039,2019-06-11,terça-feira,14:40:00,PE,101,73,RECIFE,Não guardar distância de segurança,Colisão traseira,Sem Vítimas,Pleno dia,Decrescente,Céu Claro,Simples,Reta,Sim,2,0,0,0,2,0,0,2,"-8,093369","-34,947464",SPRF-PE,DEL01-PE,UOP01-DEL01-PE
215131,2019-06-11,terça-feira,21:50:00,PE,424,"87,7",GARANHUNS,Desobediência às normas de trânsito pelo condutor,Colisão frontal,Com Vítimas Fatais,Plena Noite,Decrescente,Nublado,Simples,Aclive,Sim,4,1,0,1,2,0,1,2,"-8,88303644","-36,508255",SPRF-PE,DEL03-PE,UOP01-DEL03-PE
215180,2019-06-12,quarta-feira,08:00:00,PE,101,"60,9",RECIFE,Velocidade Incompatível,Engavetamento,Com Vítimas Feridas,Pleno dia,Crescente,Nublado,Dupla,Reta,Sim,3,0,1,0,2,0,1,3,"-7,98344307","-34,93176727",SPRF-PE,DEL01-PE,UOP02-DEL01-PE
215210,2019-06-12,quarta-feira,13:20:00,PE,408,102,RECIFE,Condutor Dormindo,Capotamento,Com Vítimas Feridas,Pleno dia,Crescente,Nublado,Dupla,Reta,Não,2,0,1,0,1,0,1,2,"-8,05323195","-35,00247996",SPRF-PE,DEL01-PE,UOP01-DEL01-PE
215223,2019-06-11,terça-feira,20:50:00,PE,101,"66,9",RECIFE,Desobediência às normas de trânsito pelo condutor,Colisão lateral,Sem Vítimas,Plena Noite,Decrescente,Céu Claro,Dupla,Reta,Sim,3,0,0,0,2,1,0,3,"-8,03368534","-34,94184125",SPRF-PE,DEL01-PE,UOP01-DEL01-PE
215378,2019-06-13,quinta-feira,08:45:00,PE,101,"90,8",JABOATAO DOS GUARARAPES,Pista Escorregadia,Saída de leito carroçável,Com Vítimas Feridas,Pleno dia,Crescente,Chuva,Dupla,Reta,Sim,2,0,1,0,1,0,1,2,"-8,21612792","-34,98772817",SPRF-PE,DEL01-PE,UOP03-DEL01-PE
215744,2019-06-15,sábado,05:10:00,PE,424,"83,8",GARANHUNS,Falta de Atenção à Condução,Tombamento,Com Vítimas Feridas,Pleno dia,Decrescente,Céu Claro,Simples,Curva,Não,2,0,1,0,0,1,1,2,"-8,84593423","-36,52457016",SPRF-PE,DEL03-PE,UOP01-DEL03-PE
216315,2019-06-17,segunda-feira,14:00:00,PE,101,"68,3",RECIFE,Falta de Atenção à Condução,Engavetamento,Sem Vítimas,Pleno dia,Crescente,Chuva,Dupla,Declive,Sim,6,0,0,0,6,0,0,6,"-8,05074296","-34,94580619",SPRF-PE,DEL01-PE,UOP01-DEL01-PE
216373,2019-06-17,segunda-feira,18:00:00,PE,424,35,VENTUROSA,Ingestão de Álcool,Saída de leito carroçável,Sem Vítimas,Plena Noite,Decrescente,Céu Claro,Simples,Reta,Não,1,0,0,0,1,0,0,1,"-8,61633314","-36,84976623",SPRF-PE,DEL03-PE,UOP02-DEL03-PE
216377,2019-06-17,segunda-feira,18:00:00,PE,232,191,SANHARO,Fenômenos da Natureza,Saída de leito carroçável,Com Vítimas Fatais,Plena Noite,Crescente,Chuva,Simples,Ponte,Não,2,1,0,0,0,1,0,2,"-8,35709895","-36,52773",SPRF-PE,DEL02-PE,UOP03-DEL02-PE
216472,2019-06-18,terça-feira,09:50:00,PE,101,31,IGARASSU,Defeito Mecânico no Veículo,Tombamento,Sem Vítimas,Pleno dia,Decrescente,Chuva,Dupla,Aclive,Sim,1,0,0,0,1,0,0,1,"-7,74443874","-34,93872764",SPRF-PE,DEL01-PE,UOP02-DEL01-PE
216543,2019-06-18,terça-feira,17:55:00,PE,101,"36,5",ITAPISSUMA,Falta de Atenção à Condução,Colisão lateral,Sem Vítimas,Anoitecer,Crescente,Nublado,Dupla,Aclive,Não,2,0,0,0,2,0,0,2,"-7,788367","-34,92981702",SPRF-PE,DEL01-PE,UOP02-DEL01-PE
216820,2019-06-20,quinta-feira,02:50:00,PE,232,"391,4",SERRA TALHADA,Condutor Dormindo,Colisão traseira,Sem Vítimas,Plena Noite,Crescente,Céu Claro,Simples,Reta,Não,6,0,0,0,5,1,0,2,"-8,03043186","-38,14760499",SPRF-PE,DEL04-PE,UOP01-DEL04-PE
216907,2019-06-20,quinta-feira,11:30:00,PE,232,54,POMBOS,Defeito Mecânico no Veículo,Colisão transversal,Sem Vítimas,Pleno dia,Crescente,Céu Claro,Dupla,Reta,Não,3,0,0,0,2,1,0,3,"-8,12919504","-35,35716398",SPRF-PE,DEL01-PE,UOP02-DEL02PE
217264,2019-06-22,sábado,12:30:00,PE,423,84,SAO JOAO,Desobediência às normas de trânsito pelo condutor,Colisão com objeto em movimento,Com Vítimas Feridas,Pleno dia,Decrescente,Céu Claro,Simples,Declive,Não,5,0,2,0,3,0,2,3,"-8,798195","-36,43809",SPRF-PE,DEL03-PE,UOP01-DEL03-PE
217353,2019-06-22,sábado,21:30:00,PE,232,416,SERRA TALHADA,Defeito Mecânico no Veículo,Derramamento de carga,Sem Vítimas,Plena Noite,Decrescente,Céu Claro,Simples,Reta,Não,1,0,0,0,1,0,0,1,"-7,99977297","-38,35316401",SPRF-PE,DEL04-PE,UOP01-DEL04-PE
217399,2019-06-23,domingo,06:10:00,PE,101,109,CABO DE SANTO AGOSTINHO,Velocidade Incompatível,Tombamento,Sem Vítimas,Pleno dia,Crescente,Céu Claro,Dupla,Curva,Não,1,0,0,0,1,0,0,1,"-8,31012798","-35,09967817",SPRF-PE,DEL01-PE,UOP03-DEL01-PE
217576,2019-06-23,domingo,21:40:00,PE,316,"54,8",TRINDADE,Restrição de Visibilidade,Colisão traseira,Com Vítimas Fatais,Plena Noite,Decrescente,Ignorado,Simples,Reta,Não,4,2,1,0,1,0,1,3,"-7,73669808","-40,29450303",SPRF-PE,DEL05-PE,UOP02-DEL05-PE
217990,2019-06-25,terça-feira,17:50:00,PE,101,"77,3",RECIFE,Falta de Atenção à Condução,Colisão lateral,Sem Vítimas,Anoitecer,Decrescente,Céu Claro,Dupla,Reta,Não,2,0,0,0,2,0,0,2,"-8,131239","-34,945225",SPRF-PE,DEL01-PE,UOP01-DEL01-PE
218046,2019-06-25,terça-feira,23:30:00,PE,232,55,POMBOS,Falta de Atenção à Condução,Colisão traseira,Com Vítimas Feridas,Plena Noite,Decrescente,Céu Claro,Dupla,Reta,Não,2,0,1,0,1,0,1,2,"-8,13255758","-35,36570027",SPRF-PE,DEL01-PE,UOP02-DEL02PE
218113,2019-06-26,quarta-feira,10:30:00,PE,101,83,JABOATAO DOS GUARARAPES,Defeito Mecânico no Veículo,Saída de leito carroçável,Sem Vítimas,Pleno dia,Crescente,Chuva,Dupla,Curva,Não,1,0,0,0,1,0,0,1,"-8,175172","-34,942642",SPRF-PE,DEL01-PE,UOP03-DEL01-PE
218169,2019-06-26,quarta-feira,13:30:00,PE,407,"92,8",PETROLINA,Defeito Mecânico no Veículo,Colisão transversal,Sem Vítimas,Pleno dia,Decrescente,Céu Claro,Simples,Declive,Não,2,0,0,0,2,0,0,2,"-9,10716916","-40,64757531",SPRF-PE,DEL06-PE,UOP02-DEL06-PE
218182,2019-06-26,quarta-feira,16:10:00,PE,101,"3,9",GOIANA,Falta de Atenção à Condução,Tombamento,Com Vítimas Feridas,Amanhecer,Decrescente,Céu Claro,Dupla,Curva,Não,1,0,1,0,0,0,1,1,"-7,52387351","-34,99333161",SPRF-PE,DEL01-PE,UOP02-DEL01-PE
218289,2019-06-27,quinta-feira,08:45:00,PE,101,"46,8",IGARASSU,Falta de Atenção à Condução,Colisão lateral,Sem Vítimas,Pleno dia,Decrescente,Sol,Múltipla,Reta,Sim,2,0,0,0,2,0,0,2,"-7,87406004","-34,90588126",SPRF-PE,DEL01-PE,UOP02-DEL01-PE
218314,2019-03-26,terça-feira,10:00:00,PE,101,123,ESCADA,Falta de Atenção à Condução,Colisão traseira,Com Vítimas Feridas,Pleno dia,Crescente,Nublado,Dupla,Reta,Não,3,0,1,0,1,1,1,2,"-8,35963442","-35,20419694",SPRF-PE,DEL01-PE,UOP03-DEL01-PE
218371,2019-06-27,quinta-feira,15:30:00,PE,316,249,BELEM DE SAO FRANCISCO,Carga excessiva e/ou mal acondicionada,Tombamento,Com Vítimas Feridas,Pleno dia,Decrescente,Chuva,Simples,Curva,Não,1,0,1,0,0,0,1,1,"-8,6737083","-38,97854215",SPRF-PE,DEL05-PE,UOP03-DEL05-PE
218550,2019-06-28,sexta-feira,14:00:00,PE,101,"75,1",RECIFE,Não guardar distância de segurança,Colisão traseira,Com Vítimas Feridas,Pleno dia,Decrescente,Nublado,Dupla,Reta,Sim,2,0,1,0,1,0,1,2,"-8,10973523","-34,94660151",SPRF-PE,DEL01-PE,UOP01-DEL01-PE
218593,2019-05-11,sábado,15:30:00,PE,423,"116,9",PARANATAMA,Ingestão de Álcool,Colisão frontal,Com Vítimas Feridas,Pleno dia,Crescente,Céu Claro,Simples,Aclive;Reta                   ,Não,2,0,0,1,1,0,1,2,"-8,9043579","-36,66026303",SPRF-PE,DEL03-PE,UOP01-DEL03-PE
218595,2019-06-28,sexta-feira,17:50:00,PE,101,40,IGARASSU,Falta de Atenção do Pedestre,Colisão transversal,Com Vítimas Feridas,Anoitecer,Crescente,Nublado,Dupla,Reta,Sim,2,0,0,1,1,0,1,2,"-7,821475","-34,916545",SPRF-PE,DEL01-PE,UOP02-DEL01-PE
218675,2019-06-29,sábado,01:57:00,PE,232,183,BELO JARDIM,Defeito Mecânico no Veículo,Colisão frontal,Com Vítimas Fatais,Plena Noite,Decrescente,Garoa/Chuvisco,Simples,Reta,Não,3,1,0,0,1,1,0,3,"-8,34981605","-36,45554399",SPRF-PE,DEL02-PE,UOP03-DEL02-PE
218740,2019-06-29,sábado,11:20:00,PE,101,"51,4",ABREU E LIMA,Falta de Atenção do Pedestre,Atropelamento de Pedestre,Sem Vítimas,Pleno dia,Crescente,Céu Claro,Múltipla,Reta,Sim,3,0,0,0,1,2,0,3,"-7,9169968","-34,89689272",SPRF-PE,DEL01-PE,UOP02-DEL01-PE
218817,2019-06-29,sábado,18:35:00,PE,104,65,CARUARU,Ingestão de Álcool,Colisão traseira,Com Vítimas Feridas,Plena Noite,Decrescente,Chuva,Simples,Interseção de Vias;Declive;Cur,Sim,6,0,3,0,3,0,3,3,"-8,28260892","-35,98147988",SPRF-PE,DEL02-PE,UOP01-DEL02-PE
218895,2019-06-30,domingo,02:50:00,PE,232,"197,9",SANHARO,Ingestão de Álcool,Colisão transversal,Com Vítimas Fatais,Plena Noite,Crescente,Garoa/Chuvisco,Simples,Reta,Sim,4,1,0,1,2,0,1,2,"-8,36933965","-36,58687592",SPRF-PE,DEL02-PE,UOP03-DEL02-PE
219030,2019-06-30,domingo,16:40:00,PE,101,77,RECIFE,Falta de Atenção do Pedestre,Atropelamento de Pedestre,Com Vítimas Feridas,Anoitecer,Decrescente,Nublado,Dupla,Curva,Sim,2,0,0,1,1,0,1,2,"-8,126982","-34,94386",SPRF-PE,DEL01-PE,UOP01-DEL01-PE
219119,2019-06-30,domingo,22:50:00,PE,101,"63,6",RECIFE,Pista Escorregadia,Colisão transversal,Com Vítimas Feridas,Pleno dia,Crescente,Chuva,Múltipla,Reta,Sim,2,0,1,0,1,0,1,2,"-8,00800604","-34,93756535",SPRF-PE,DEL01-PE,UOP01-DEL01-PE
219143,2019-07-01,segunda-feira,04:20:00,PE,101,"13,8",GOIANA,Restrição de Visibilidade,Colisão frontal,Com Vítimas Fatais,Amanhecer,Decrescente,Chuva,Dupla,Reta,Não,2,1,0,0,1,0,0,2,"-7,61043695","-34,97530291",SPRF-PE,DEL01-PE,UOP02-DEL01-PE
219369,2019-07-01,segunda-feira,23:15:00,PE,104,"28,1",TORITAMA,Ingestão de Álcool,Capotamento,Com Vítimas Feridas,Plena Noite,Crescente,Céu Claro,Simples,Reta,Sim,1,0,1,0,0,0,1,1,"-8,004883","-36,082188",SPRF-PE,DEL02-PE,UOP01-DEL02-PE
219384,2019-07-02,terça-feira,06:30:00,PE,232,178,BELO JARDIM,Falta de Atenção à Condução,Colisão traseira,Com Vítimas Feridas,Amanhecer,Decrescente,Nublado,Simples,Reta,Sim,2,0,0,1,1,0,1,2,"-8,347448","-36,411818",SPRF-PE,DEL02-PE,UOP03-DEL02-PE
219386,2019-07-02,terça-feira,07:30:00,PE,428,"188,3",PETROLINA,Desobediência às normas de trânsito pelo condutor,Colisão transversal,Com Vítimas Feridas,Pleno dia,Decrescente,Céu Claro,Múltipla,Reta,Sim,2,0,1,0,1,0,1,2,"-9,36400596","-40,48266808",SPRF-PE,DEL06-PE,UOP01-DEL06-PE
219421,2019-07-02,terça-feira,10:10:00,PE,232,"173,9",BELO JARDIM,Desobediência às normas de trânsito pelo condutor,Colisão lateral,Com Vítimas Feridas,Pleno dia,Crescente,Sol,Simples,Aclive,Não,4,0,2,0,2,0,2,2,"-8,33916255","-36,36917103",SPRF-PE,DEL02-PE,UOP03-DEL02-PE
219511,2019-07-02,terça-feira,20:50:00,PE,408,"80,4",PAUDALHO,Falta de Atenção à Condução,Colisão traseira,Com Vítimas Feridas,Plena Noite,Decrescente,Céu Claro,Dupla,Reta,Não,3,0,1,1,1,0,2,2,"-7,9310439","-35,13844295",SPRF-PE,DEL01-PE,UOP01-DEL01-PE
219559,2019-07-03,quarta-feira,06:50:00,PE,101,"50,2",ABREU E LIMA,Desobediência às normas de trânsito pelo condutor,Colisão lateral,Sem Vítimas,Pleno dia,Crescente,Céu Claro,Múltipla,Reta,Sim,2,0,0,0,2,0,0,2,"-7,90938602","-34,90123228",SPRF-PE,DEL01-PE,UOP02-DEL01-PE
219690,2019-07-03,quarta-feira,18:30:00,PE,428,"187,2",PETROLINA,Desobediência às normas de trânsito pelo condutor,Colisão frontal,Com Vítimas Feridas,Plena Noite,Decrescente,Céu Claro,Simples,Reta,Sim,2,0,1,0,1,0,1,2,"-9,37072718","-40,48618924",SPRF-PE,DEL06-PE,UOP01-DEL06-PE
219727,2019-07-03,quarta-feira,23:40:00,PE,232,"439,6",SERRA TALHADA,Condutor Dormindo,Capotamento,Sem Vítimas,Plena Noite,Decrescente,Céu Claro,Simples,Curva,Não,1,0,0,0,1,0,0,1,"-8,01044513","-38,55081401",SPRF-PE,DEL04-PE,UOP01-DEL04-PE
220239,2019-07-06,sábado,07:10:00,PE,101,"60,3",RECIFE,Defeito Mecânico no Veículo,Tombamento,Com Vítimas Feridas,Pleno dia,Crescente,Sol,Dupla,Reta,Sim,1,0,1,0,0,0,1,1,"-7,98344307","-34,93176727",SPRF-PE,DEL01-PE,UOP02-DEL01-PE
220607,2019-06-25,terça-feira,08:15:00,PE,232,9,JABOATAO DOS GUARARAPES,Falta de Atenção à Condução,Colisão traseira,Com Vítimas Feridas,Pleno dia,Decrescente,Ignorado,Dupla,Interseção de Vias,Sim,2,0,1,0,1,0,1,2,"-8,07851549","-34,98221219",SPRF-PE,DEL01-PE,UOP01-DEL01-PE
220657,2019-07-08,segunda-feira,02:40:00,PE,232,"63,9",POMBOS,Falta de Atenção à Condução,Colisão traseira,Com Vítimas Feridas,Plena Noite,Decrescente,Chuva,Dupla,Reta;Declive                  ,Não,7,0,1,2,4,0,3,2,"-8,15842797","-35,43147902",SPRF-PE,DEL01-PE,UOP02-DEL02PE
220740,2019-07-08,segunda-feira,11:40:00,PE,101,"73,1",RECIFE,Velocidade Incompatível,Colisão lateral,Com Vítimas Feridas,Pleno dia,Decrescente,Céu Claro,Dupla,Curva,Sim,3,0,1,0,2,0,1,2,"-8,102197","-34,94856",SPRF-PE,DEL01-PE,UOP01-DEL01-PE
220865,2019-07-09,terça-feira,03:00:00,PE,116,"5,7",SALGUEIRO,Velocidade Incompatível,Tombamento,Com Vítimas Feridas,Plena Noite,Decrescente,Céu Claro,Simples,Curva,Não,1,0,0,1,0,0,1,1,"-7,896859","-39,110252",SPRF-PE,DEL05-PE,UOP01-DEL05-PE
220901,2019-07-09,terça-feira,10:00:00,PE,101,"81,9",JABOATAO DOS GUARARAPES,Falta de Atenção à Condução,Colisão traseira,Sem Vítimas,Pleno dia,Crescente,Céu Claro,Múltipla,Reta,Sim,2,0,0,0,2,0,0,2,"-8,1597489","-34,94024569",SPRF-PE,DEL01-PE,UOP03-DEL01-PE
220914,2019-07-09,terça-feira,12:00:00,PE,104,84,AGRESTINA,Falta de Atenção à Condução,Colisão traseira,Com Vítimas Feridas,Pleno dia,Decrescente,Sol,Simples,Reta,Não,4,0,2,0,2,0,2,3,"-8,430662","-35,959164",SPRF-PE,DEL02-PE,UOP01-DEL02-PE
221189,2019-07-10,quarta-feira,16:00:00,PE,101,74,RECIFE,Desobediência às normas de trânsito pelo condutor,Colisão lateral,Com Vítimas Feridas,Pleno dia,Decrescente,Nublado,Dupla,Reta,Não,2,0,1,0,1,0,1,2,"-8,10146485","-34,94901577",SPRF-PE,DEL01-PE,UOP01-DEL01-PE
221289,2019-07-11,quinta-feira,08:05:00,PE,428,"188,5",PETROLINA,Não guardar distância de segurança,Colisão lateral,Com Vítimas Feridas,Pleno dia,Crescente,Céu Claro,Dupla,Reta,Sim,3,0,1,0,1,1,1,3,"-9,36400596","-40,48266808",SPRF-PE,DEL06-PE,UOP01-DEL06-PE
221296,2019-07-11,quinta-feira,08:35:00,PE,101,"66,8",RECIFE,Não guardar distância de segurança,Colisão lateral,Com Vítimas Feridas,Pleno dia,Crescente,Céu Claro,Múltipla,Reta,Sim,3,0,1,0,1,1,1,3,"-8,036154","-34,941464",SPRF-PE,DEL01-PE,UOP01-DEL01-PE
221305,2019-07-11,quinta-feira,09:10:00,PE,101,77,JABOATAO DOS GUARARAPES,Falta de Atenção à Condução,Colisão traseira,Com Vítimas Feridas,Pleno dia,Crescente,Céu Claro,Simples,Reta,Sim,4,0,3,0,1,0,3,2,"-8,126982","-34,94386",SPRF-PE,DEL01-PE,UOP01-DEL01-PE
221374,2019-07-11,quinta-feira,12:00:00,PE,116,"74,7",CABROBO,Ultrapassagem Indevida,Colisão frontal,Com Vítimas Feridas,Pleno dia,Decrescente,Chuva,Simples,Reta,Não,2,0,1,0,1,0,1,2,"-8,479997","-39,20347",SPRF-PE,DEL05-PE,UOP03-DEL05-PE
221464,2019-07-12,sexta-feira,00:10:00,PE,232,"150,8",SAO CAITANO,Ingestão de Álcool,Colisão lateral,Sem Vítimas,Plena Noite,Crescente,Chuva,Simples,Curva,Não,2,0,0,0,2,0,0,2,"-8,32712286","-36,16299497",SPRF-PE,DEL02-PE,UOP03-DEL02-PE
221477,2019-07-12,sexta-feira,03:45:00,PE,104,"27,5",TORITAMA,Falta de Atenção à Condução,Colisão lateral,Sem Vítimas,Plena Noite,Decrescente,Nublado,Simples,Reta;Aclive                   ,Sim,3,0,0,0,2,1,0,2,"-8,0051","-36,0804",SPRF-PE,DEL02-PE,UOP01-DEL02-PE
221565,2019-07-12,sexta-feira,14:55:00,PE,408,"89,4",SAO LOURENCO DA MATA,Falta de Atenção à Condução,Colisão traseira,Com Vítimas Feridas,Pleno dia,Crescente,Céu Claro,Dupla,Reta,Sim,2,0,1,0,1,0,1,2,"-7,98149086","-35,08112279",SPRF-PE,DEL01-PE,UOP01-DEL01-PE
222029,2019-07-14,domingo,13:20:00,PE,101,138,ESCADA,Velocidade Incompatível,Tombamento,Com Vítimas Feridas,Pleno dia,Crescente,Chuva,Dupla,Curva,Não,1,0,1,0,0,0,1,1,"-8,42065517","-35,31808569",SPRF-PE,DEL01-PE,UOP03-DEL01-PE
222184,2019-07-15,segunda-feira,04:30:00,PE,232,26,MORENO,Desobediência às normas de trânsito pelo condutor,Colisão lateral,Sem Vítimas,Amanhecer,Decrescente,Nublado,Dupla,Retorno Regulamentado,Não,2,0,0,0,2,0,0,2,"-8,11374411","-35,116886",SPRF-PE,DEL01-PE,UOP02-DEL02PE
222200,2019-07-15,segunda-feira,06:30:00,PE,232,"512,3",SALGUEIRO,Velocidade Incompatível,Colisão lateral,Sem Vítimas,Pleno dia,Decrescente,Céu Claro,Simples,Declive,Não,3,0,0,0,3,0,0,2,"-8,07399806","-39,15735039",SPRF-PE,DEL05-PE,UOP01-DEL05-PE
222620,2019-07-17,quarta-feira,12:48:00,PE,232,31,MORENO,Sinalização da via insuficiente ou inadequada,Tombamento,Com Vítimas Feridas,Pleno dia,Decrescente,Céu Claro,Dupla,Curva,Não,1,0,1,0,0,0,1,1,"-8,10678602","-35,15841205",SPRF-PE,DEL01-PE,UOP02-DEL02PE
222637,2019-07-17,quarta-feira,11:30:00,PE,104,"118,6",PANELAS,Defeito Mecânico no Veículo,Saída de leito carroçável,Com Vítimas Feridas,Pleno dia,Decrescente,Céu Claro,Simples,Curva,Não,1,0,0,1,0,0,1,1,"-8,687511","-36,017384",SPRF-PE,DEL02-PE,UOP01-DEL02-PE
222711,2019-07-17,quarta-feira,18:40:00,PE,101,"212,8",XEXEU,Desobediência às normas de trânsito pelo condutor,Colisão traseira,Com Vítimas Fatais,Plena Noite,Crescente,Céu Claro,Dupla,Interseção de Vias,Não,2,1,0,0,0,1,0,2,"-8,86269194","-35,63166475",SPRF-PE,DEL01-PE,UOP03-DEL01-PE
222747,2019-07-18,quinta-feira,05:40:00,PE,232,"268,9",SERTANIA,Condutor Dormindo,Colisão lateral,Com Vítimas Feridas,Pleno dia,Crescente,Nublado,Simples,Curva,Não,2,0,1,0,1,0,1,2,"-8,40626526","-37,20062302",SPRF-PE,DEL03-PE,UOP02-DEL03-PE
222787,2019-07-18,quinta-feira,08:30:00,PE,101,"39,6",IGARASSU,Falta de Atenção à Condução,Colisão traseira,Com Vítimas Feridas,Pleno dia,Crescente,Sol,Múltipla,Aclive,Não,4,0,0,1,3,0,1,2,"-7,81259899","-34,91890497",SPRF-PE,DEL01-PE,UOP02-DEL01-PE
222871,2019-07-18,quinta-feira,18:00:00,PE,232,"58,4",POMBOS,Ingestão de álcool e/ou substâncias psicoativas pelo pedestre,Atropelamento de Pedestre,Com Vítimas Feridas,Plena Noite,Crescente,Céu Claro,Dupla,Reta,Sim,3,0,0,1,1,1,1,2,"-8,14462866","-35,39034714",SPRF-PE,DEL01-PE,UOP02-DEL02PE
223069,2019-07-19,sexta-feira,17:35:00,PE,101,69,RECIFE,Restrição de Visibilidade,Colisão lateral,Com Vítimas Feridas,Anoitecer,Crescente,Nublado,Múltipla,Reta,Sim,3,0,1,0,2,0,1,2,"-8,05951606","-34,94581024",SPRF-PE,DEL01-PE,UOP01-DEL01-PE
223249,2019-07-20,sábado,10:35:00,PE,101,128,ESCADA,Sinalização da via insuficiente ou inadequada,Colisão traseira,Com Vítimas Feridas,Pleno dia,Decrescente,Chuva,Dupla,Reta,Sim,2,0,2,0,0,0,2,2,"-8,37986492","-35,24406405",SPRF-PE,DEL01-PE,UOP03-DEL01-PE
223443,2019-07-21,domingo,02:00:00,PE,407,"32,2",AFRANIO,Não guardar distância de segurança,Colisão lateral,Com Vítimas Fatais,Plena Noite,Crescente,Céu Claro,Simples,Reta,Não,2,1,0,0,0,1,0,2,"-8,68354073","-40,94818883",SPRF-PE,DEL06-PE,UOP02-DEL06-PE
223455,2019-07-21,domingo,02:50:00,PE,232,"178,5",BELO JARDIM,Desobediência às normas de trânsito pelo condutor,Colisão frontal,Com Vítimas Feridas,Plena Noite,Decrescente,Chuva,Simples,Declive;Reta                  ,Não,7,0,1,5,1,0,6,2,"-8,34522","-36,41654",SPRF-PE,DEL02-PE,UOP03-DEL02-PE
223615,2019-07-21,domingo,17:10:00,PE,116,"31,9",SALGUEIRO,Ingestão de Álcool,Tombamento,Com Vítimas Feridas,Pleno dia,Crescente,Céu Claro,Simples,Curva,Não,1,0,1,0,0,0,1,1,"-8,11305","-39,123844",SPRF-PE,DEL05-PE,UOP01-DEL05-PE
223741,2019-07-22,segunda-feira,09:50:00,PE,101,48,ABREU E LIMA,Falta de Atenção do Pedestre,Atropelamento de Pedestre,Com Vítimas Feridas,Pleno dia,Crescente,Céu Claro,Dupla,Reta,Sim,2,0,0,1,0,1,1,2,"-7,89169952","-34,90358775",SPRF-PE,DEL01-PE,UOP02-DEL01-PE
223984,2019-07-22,segunda-feira,15:00:00,PE,101,80,JABOATAO DOS GUARARAPES,Falta de Atenção à Condução,Colisão lateral,Com Vítimas Feridas,Pleno dia,Crescente,Ignorado,Dupla,Rotatória,Sim,2,0,1,0,1,0,1,2,"-8,15112589","-34,9428866",SPRF-PE,DEL01-PE,UOP03-DEL01-PE
224151,2019-07-23,terça-feira,12:00:00,PE,232,"62,8",POMBOS,Defeito Mecânico no Veículo,Saída de leito carroçável,Com Vítimas Feridas,Pleno dia,Decrescente,Nublado,Dupla,Curva,Não,1,0,1,0,0,0,1,1,"-8,15598579","-35,42308007",SPRF-PE,DEL01-PE,UOP02-DEL02PE
224210,2019-07-23,terça-feira,18:20:00,PE,101,36,ITAPISSUMA,Falta de Atenção à Condução,Colisão traseira,Com Vítimas Feridas,Plena Noite,Crescente,Chuva,Dupla,Aclive;Reta                   ,Não,2,0,1,0,1,0,1,2,"-7,7905377","-34,93013",SPRF-PE,DEL01-PE,UOP02-DEL01-PE
224358,2019-07-24,quarta-feira,14:35:00,PE,232,45,VITORIA DE SANTO ANTAO,Defeito na Via,Colisão transversal,Com Vítimas Feridas,Pleno dia,Decrescente,Chuva,Dupla,Reta,Sim,3,0,1,0,2,0,1,2,"-8,128181","-35,281677",SPRF-PE,DEL01-PE,UOP02-DEL02PE
224612,2019-07-25,quinta-feira,19:30:00,PE,232,236,PESQUEIRA,Desobediência às normas de trânsito pelo condutor,Colisão lateral,Com Vítimas Feridas,Plena Noite,Crescente,Chuva,Simples,Reta,Não,4,0,1,1,1,1,2,3,"-8,40852429","-36,9208655",SPRF-PE,DEL03-PE,UOP02-DEL03-PE
224768,2019-07-26,sexta-feira,16:00:00,PE,232,"113,9",BEZERROS,Falta de Atenção à Condução,Colisão lateral,Com Vítimas Feridas,Pleno dia,Crescente,Chuva,Dupla,Reta,Sim,3,0,1,0,2,0,1,2,"-8,29906533","-35,8402169",SPRF-PE,DEL02-PE,UOP03-DEL02-PE
224850,2019-07-26,sexta-feira,17:00:00,PE,101,"73,8",RECIFE,Falta de Atenção à Condução,Saída de leito carroçável,Sem Vítimas,Pleno dia,Decrescente,Nublado,Dupla,Reta,Sim,1,0,0,0,1,0,0,1,"-8,101486","-34,948913",SPRF-PE,DEL01-PE,UOP01-DEL01-PE