id,data_inversa,dia_semana,horario,uf,br,km,municipio,causa_acidente,tipo_acidente,classificacao_acidente,fase_dia,sentido_via,condicao_metereologica,tipo_pista,tracado_via,uso_solo,pessoas,mortos,feridos_leves,feridos_graves,ilesos,ignorados,feridos,veiculos,latitude,longitude,regional,delegacia,uop
224901,2019-07-27,sábado,06:00:00,PE,232,514,SALGUEIRO,Defeito na Via,Saída de leito carroçável,Com Vítimas Feridas,Amanhecer,Crescente,Céu Claro,Simples,Curva,Não,2,0,1,0,1,0,1,1,"-8,07047961","-39,17138084",SPRF-PE,DEL05-PE,UOP01-DEL05-PE
225039,2019-07-27,sábado,17:00:00,PE,232,254,ARCOVERDE,Ingestão de Álcool,Colisão transversal,Sem Vítimas,Pleno dia,Crescente,Nublado,Simples,Reta,Sim,2,0,0,0,1,1,0,2,"-8,41875994","-37,07859892",SPRF-PE,DEL03-PE,UOP02-DEL03-PE
225206,2019-07-28,domingo,15:25:00,PE,101,50,ABREU E LIMA,Defeito Mecânico no Veículo,Colisão transversal,Sem Vítimas,Pleno dia,Crescente,Sol,Dupla,Interseção de Vias,Sim,3,0,0,0,3,0,0,3,"-7,90938602","-34,90123228",SPRF-PE,DEL01-PE,UOP02-DEL01-PE
225362,2019-07-29,segunda-feira,07:50:00,PE,101,"41,1",IGARASSU,Desobediência às normas de trânsito pelo condutor,Colisão traseira,Com Vítimas Feridas,Pleno dia,Crescente,Nublado,Dupla,Reta,Sim,3,0,1,1,1,0,2,2,"-7,83038346","-34,91426785",SPRF-PE,DEL01-PE,UOP02-DEL01-PE
225504,2019-07-29,segunda-feira,15:30:00,PE,116,"79,9",BELEM DE SAO FRANCISCO,Ingestão de Álcool,Colisão com objeto estático,Sem Vítimas,Pleno dia,Crescente,Céu Claro,Simples,Reta,Não,1,0,0,0,1,0,0,1,"-8,535424","-39,22189",SPRF-PE,DEL05-PE,UOP03-DEL05-PE
225759,2019-07-31,quarta-feira,09:15:00,PE,428,"175,2",PETROLINA,Desobediência às normas de trânsito pelo condutor,Colisão frontal,Com Vítimas Fatais,Pleno dia,Decrescente,Céu Claro,Simples,Reta,Não,3,1,0,0,1,1,0,3,"-9,26025696","-40,42934308",SPRF-PE,DEL06-PE,UOP01-DEL06-PE
225850,2019-07-31,quarta-feira,16:30:00,PE,232,43,VITORIA DE SANTO ANTAO,Defeito na Via,Colisão com objeto em movimento,Sem Vítimas,Pleno dia,Crescente,Nublado,Dupla,Reta,Não,4,0,0,0,4,0,0,2,"-8,11729755","-35,26097515",SPRF-PE,DEL01-PE,UOP02-DEL02PE
225863,2019-07-31,quarta-feira,22:00:00,PE,316,"99,4",OURICURI,Desobediência às normas de trânsito pelo condutor,Colisão com objeto estático,Sem Vítimas,Plena Noite,Decrescente,Nublado,Simples,Reta,Não,3,0,0,0,3,0,0,3,"-7,93450959","-39,95519983",SPRF-PE,DEL05-PE,UOP02-DEL05-PE
225942,2019-06-24,segunda-feira,19:20:00,PE,232,"192,3",SANHARO,Ingestão de Álcool,Colisão transversal,Com Vítimas Feridas,Plena Noite,Decrescente,Chuva,Simples,Reta,Sim,5,0,1,1,3,0,2,2,"-8,35793154","-36,53676104",SPRF-PE,DEL02-PE,UOP03-DEL02-PE
225997,2019-08-01,quinta-feira,18:20:00,PE,116,"19,9",SALGUEIRO,Falta de Atenção do Pedestre,Atropelamento de Pedestre,Com Vítimas Fatais,Plena Noite,Decrescente,Céu Claro,Simples,Reta,Não,2,1,0,0,1,0,0,2,"-8,008562","-39,142254",SPRF-PE,DEL05-PE,UOP01-DEL05-PE
226031,2019-08-01,quinta-feira,18:15:00,PE,424,88,GARANHUNS,Pista Escorregadia,Colisão traseira,Com Vítimas Feridas,Plena Noite,Crescente,Chuva,Simples,Reta,Sim,3,0,1,1,0,1,2,3,"-8,88564606","-36,50821947",SPRF-PE,DEL03-PE,UOP01-DEL03-PE
226320,2019-08-03,sábado,07:00:00,PE,101,"41,5",IGARASSU,Desobediência às normas de trânsito pelo condutor,Colisão traseira,Sem Vítimas,Pleno dia,Decrescente,Céu Claro,Múltipla,Curva,Sim,2,0,0,0,1,1,0,2,"-7,83038346","-34,91426785",SPRF-PE,DEL01-PE,UOP02-DEL01-PE
226373,2019-08-03,sábado,12:15:00,PE,428,"127,5",PETROLINA,Ingestão de Álcool,Colisão traseira,Sem Vítimas,Pleno dia,Crescente,Céu Claro,Simples,Reta,Sim,3,0,0,0,2,1,0,3,"-9,392517","-40,515414",SPRF-PE,DEL06-PE,UOP03-DEL06-PE
226514,2019-08-03,sábado,22:30:00,PE,232,355,FLORES,Velocidade Incompatível,Saída de leito carroçável,Com Vítimas Feridas,Plena Noite,Crescente,Céu Claro,Simples,Curva,Não,1,0,1,0,0,0,1,1,"-8,06175015","-37,80911657",SPRF-PE,DEL04-PE,UOP01-DEL04-PE
226592,2019-08-04,domingo,09:17:00,PE,232,377,FLORES,Falta de Atenção à Condução,Colisão transversal,Com Vítimas Feridas,Pleno dia,Decrescente,Sol,Simples,Reta,Sim,2,0,1,0,1,0,1,2,"-8,03386107","-38,02501395",SPRF-PE,DEL04-PE,UOP01-DEL04-PE
226753,2019-08-04,domingo,23:00:00,PE,232,"127,9",CARUARU,Falta de Atenção à Condução,Colisão traseira,Com Vítimas Fatais,Plena Noite,Decrescente,Chuva,Dupla,Reta,Sim,2,1,0,0,0,1,0,2,"-8,30610303","-35,96342301",SPRF-PE,DEL02-PE,UOP03-DEL02-PE
227115,2019-08-06,terça-feira,20:30:00,PE,232,"174,2",BELO JARDIM,Desobediência às normas de trânsito pelo pedestre,Atropelamento de Pedestre,Com Vítimas Fatais,Plena Noite,Crescente,Nublado,Simples,Reta,Não,2,1,0,0,0,1,0,2,"-8,3397857","-36,37821402",SPRF-PE,DEL02-PE,UOP03-DEL02-PE
227148,2019-08-07,quarta-feira,07:20:00,PE,232,"10,1",RECIFE,Falta de Atenção à Condução,Colisão lateral,Sem Vítimas,Pleno dia,Decrescente,Nublado,Múltipla,Interseção de Vias,Sim,2,0,0,0,2,0,0,2,"-8,07917241","-34,98718609",SPRF-PE,DEL01-PE,UOP01-DEL01-PE
227227,2019-08-07,quarta-feira,14:10:00,PE,101,79,JABOATAO DOS GUARARAPES,Ingestão de Álcool,Tombamento,Sem Vítimas,Pleno dia,Crescente,Céu Claro,Dupla,Curva,Sim,1,0,0,0,1,0,0,1,"-8,14604","-34,946517",SPRF-PE,DEL01-PE,UOP01-DEL01-PE
227334,2019-08-08,quinta-feira,05:40:00,PE,104,"118,9",PANELAS,Falta de Atenção à Condução,Tombamento,Com Vítimas Fatais,Amanhecer,Decrescente,Chuva,Simples,Curva,Não,1,1,0,0,0,0,0,1,"-8,687511","-36,017384",SPRF-PE,DEL02-PE,UOP01-DEL02-PE
227338,2019-08-08,quinta-feira,06:50:00,PE,316,311,FLORESTA,Defeito Mecânico no Veículo,Saída de leito carroçável,Com Vítimas Feridas,Pleno dia,Decrescente,Nevoeiro/Neblina,Simples,Declive,Não,2,0,1,0,1,0,1,1,"-8,66345703","-38,54702708",SPRF-PE,DEL04-PE,UOP03-DEL04-PE
227572,2019-08-09,sexta-feira,09:10:00,PE,232,10,JABOATAO DOS GUARARAPES,Falta de Atenção à Condução,Colisão lateral,Sem Vítimas,Pleno dia,Decrescente,Céu Claro,Dupla,Reta,Sim,2,0,0,0,2,0,0,2,"-8,07917241","-34,98718609",SPRF-PE,DEL01-PE,UOP01-DEL01-PE
227838,2019-08-10,sábado,09:15:00,PE,232,8,RECIFE,Velocidade Incompatível,Engavetamento,Sem Vítimas,Pleno dia,Crescente,Céu Claro,Dupla,Reta,Sim,3,0,0,0,3,0,0,3,"-8,07583727","-34,97015791",SPRF-PE,DEL01-PE,UOP01-DEL01-PE
227923,2019-08-10,sábado,16:40:00,PE,428,84,SANTA MARIA DA BOA VISTA,Falta de Atenção à Condução,Colisão lateral,Sem Vítimas,Pleno dia,Crescente,Céu Claro,Simples,Reta,Sim,2,0,0,0,1,1,0,2,"-8,79836855","-39,83115382",SPRF-PE,DEL06-PE,UOP03-DEL06-PE
228330,2019-08-12,segunda-feira,09:45:00,PE,232,"32,8",MORENO,Pista Escorregadia,Colisão traseira,Com Vítimas Feridas,Pleno dia,Crescente,Chuva,Dupla,Reta,Não,4,0,1,0,3,0,1,2,"-8,10541732","-35,1665671",SPRF-PE,DEL01-PE,UOP02-DEL02PE
228680,2019-07-01,segunda-feira,04:30:00,PE,101,82,JABOATAO DOS GUARARAPES,Falta de Atenção à Condução,Colisão lateral,Com Vítimas Feridas,Amanhecer,Decrescente,Céu Claro,Dupla,Reta,Sim,2,0,0,1,1,0,1,2,"-8,17003221","-34,9389267",SPRF-PE,DEL01-PE,UOP03-DEL01-PE
228691,2019-01-31,quinta-feira,20:00:00,PE,104,"118,6",PANELAS,Velocidade Incompatível,Tombamento,Com Vítimas Feridas,Plena Noite,Decrescente,Céu Claro,Simples,Curva,Não,1,0,0,1,0,0,1,1,"-8,687511","-36,017384",SPRF-PE,DEL02-PE,UOP01-DEL02-PE
228713,2019-08-14,quarta-feira,14:40:00,PE,101,187,PALMARES,Falta de Atenção à Condução,Colisão lateral,Com Vítimas Feridas,Pleno dia,Crescente,Nublado,Dupla,Reta,Não,1,0,1,0,0,0,1,1,"-8,686644","-35,587478",SPRF-PE,DEL01-PE,UOP03-DEL01-PE
228874,2019-08-15,quinta-feira,11:15:00,PE,101,81,JABOATAO DOS GUARARAPES,Desobediência às normas de trânsito pelo condutor,Colisão transversal,Com Vítimas Feridas,Pleno dia,Crescente,Céu Claro,Dupla,Reta,Sim,2,0,1,0,1,0,1,2,"-8,1597489","-34,94024569",SPRF-PE,DEL01-PE,UOP03-DEL01-PE
228895,2019-08-15,quinta-feira,12:35:00,PE,232,"447,4",SAO JOSE DO BELMONTE,Falta de Atenção à Condução,Colisão lateral,Sem Vítimas,Pleno dia,Decrescente,Sol,Simples,Reta,Sim,2,0,0,0,2,0,0,2,"-7,99961227","-38,61712517",SPRF-PE,DEL04-PE,UOP01-DEL04-PE
228945,2019-08-15,quinta-feira,18:40:00,PE,232,"100,5",BEZERROS,Falta de Atenção à Condução,Colisão traseira,Com Vítimas Feridas,Plena Noite,Crescente,Céu Claro,Simples,Declive,Sim,3,0,0,1,2,0,1,3,"-8,23791176","-35,74297705",SPRF-PE,DEL01-PE,UOP02-DEL02PE
228993,2019-08-16,sexta-feira,04:40:00,PE,101,"65,4",RECIFE,Falta de Atenção à Condução,Atropelamento de Pedestre,Com Vítimas Feridas,Amanhecer,Decrescente,Nublado,Múltipla,Reta,Sim,3,0,0,1,0,2,1,2,"-8,02478597","-34,94276635",SPRF-PE,DEL01-PE,UOP01-DEL01-PE
229327,2019-08-17,sábado,15:13:00,PE,101,"65,7",RECIFE,Desobediência às normas de trânsito pelo condutor,Colisão com objeto estático,Com Vítimas Fatais,Pleno dia,Decrescente,Céu Claro,Dupla,Reta,Sim,13,1,9,1,1,1,10,5,"-8,02478597","-34,94276635",SPRF-PE,DEL01-PE,UOP01-DEL01-PE
229362,2019-08-17,sábado,18:15:00,PE,232,"229,2",PESQUEIRA,Falta de Atenção à Condução,Colisão transversal,Com Vítimas Fatais,Plena Noite,Decrescente,Nublado,Simples,Reta,Não,6,1,1,3,1,0,4,4,"-8,40070446","-36,86507693",SPRF-PE,DEL03-PE,UOP02-DEL03-PE
229933,2019-08-20,terça-feira,10:20:00,PE,232,182,BELO JARDIM,Carga excessiva e/ou mal acondicionada,Capotamento,Com Vítimas Feridas,Pleno dia,Decrescente,Céu Claro,Simples,Declive,Não,1,0,1,0,0,0,1,1,"-8,34804728","-36,44664994",SPRF-PE,DEL02-PE,UOP03-DEL02-PE
230038,2019-08-20,terça-feira,19:30:00,PE,104,"70,3",CARUARU,Desobediência às normas de trânsito pelo condutor,Colisão frontal,Com Vítimas Feridas,Plena Noite,Crescente,Céu Claro,Dupla,Curva,Não,5,0,1,2,2,0,3,2,"-8,3210191","-35,99146843",SPRF-PE,DEL02-PE,UOP01-DEL02-PE
230111,2019-08-21,quarta-feira,07:05:00,PE,101,"66,1",RECIFE,Não guardar distância de segurança,Colisão traseira,Com Vítimas Feridas,Pleno dia,Crescente,Céu Claro,Dupla,Reta,Sim,2,0,1,0,0,1,1,2,"-8,03368534","-34,94184125",SPRF-PE,DEL01-PE,UOP01-DEL01-PE
230162,2019-08-21,quarta-feira,12:05:00,PE,232,13,JABOATAO DOS GUARARAPES,Não guardar distância de segurança,Colisão traseira,Com Vítimas Feridas,Pleno dia,Decrescente,Sol,Dupla,Reta,Não,3,0,2,0,1,0,2,2,"-8,08831567","-35,01203806",SPRF-PE,DEL01-PE,UOP01-DEL01-PE
230210,2019-01-11,sexta-feira,07:10:00,PE,424,"87,4",GARANHUNS,Falta de Atenção à Condução,Colisão lateral,Com Vítimas Feridas,Pleno dia,Crescente,Céu Claro,Simples,Interseção de Vias,Sim,3,0,1,1,1,0,2,2,"-8,874289","-36,507607",SPRF-PE,DEL03-PE,UOP01-DEL03-PE
230212,2019-08-21,quarta-feira,14:30:00,PE,101,81,JABOATAO DOS GUARARAPES,Falta de Atenção à Condução,Colisão lateral,Com Vítimas Feridas,Pleno dia,Decrescente,Céu Claro,Múltipla,Reta,Sim,2,0,1,0,1,0,1,2,"-8,1597489","-34,94024569",SPRF-PE,DEL01-PE,UOP03-DEL01-PE
230219,2019-08-21,quarta-feira,15:27:00,PE,316,335,FLORESTA,Falta de Atenção à Condução,Colisão traseira,Com Vítimas Fatais,Pleno dia,Decrescente,Céu Claro,Simples,Reta,Não,7,1,0,2,3,1,2,3,"-8,76554016","-38,36846406",SPRF-PE,DEL04-PE,UOP03-DEL04-PE
230255,2019-08-21,quarta-feira,19:35:00,PE,232,"212,2",PESQUEIRA,Falta de Atenção à Condução,Colisão frontal,Com Vítimas Fatais,Plena Noite,Decrescente,Nublado,Simples,Reta,Sim,2,1,0,0,1,0,0,2,"-8,37389858","-36,71503186",SPRF-PE,DEL02-PE,UOP03-DEL02-PE
230265,2019-08-06,terça-feira,14:00:00,PE,428,"183,8",PETROLINA,Falta de Atenção à Condução,Colisão transversal,Com Vítimas Feridas,Pleno dia,Crescente,Céu Claro,Simples,Retorno Regulamentado,Não,2,0,0,1,1,0,1,2,"-9,32412987","-40,46211325",SPRF-PE,DEL06-PE,UOP01-DEL06-PE
230542,2019-08-23,sexta-feira,11:40:00,PE,101,114,IPOJUCA,Defeito Mecânico no Veículo,Saída de leito carroçável,Com Vítimas Feridas,Pleno dia,Crescente,Céu Claro,Dupla,Curva,Não,2,0,2,0,0,0,2,2,"-8,33585626","-35,1333699",SPRF-PE,DEL01-PE,UOP03-DEL01-PE
230740,2019-08-23,sexta-feira,17:40:00,PE,101,"31,7",ITAPISSUMA,Falta de Atenção à Condução,Saída de leito carroçável,Sem Vítimas,Anoitecer,Crescente,Garoa/Chuvisco,Dupla,Reta,Sim,1,0,0,0,1,0,0,1,"-7,74443874","-34,93872764",SPRF-PE,DEL01-PE,UOP02-DEL01-PE
230790,2019-08-24,sábado,12:15:00,PE,101,"6,4",GOIANA,Defeito Mecânico no Veículo,Saída de leito carroçável,Com Vítimas Feridas,Pleno dia,Decrescente,Nublado,Dupla,Reta,Não,5,0,1,0,4,0,1,1,"-7,550887","-34,99136",SPRF-PE,DEL01-PE,UOP02-DEL01-PE
230836,2019-08-24,sábado,18:15:00,PE,101,103,CABO DE SANTO AGOSTINHO,Não guardar distância de segurança,Colisão traseira,Sem Vítimas,Plena Noite,Decrescente,Nublado,Dupla,Reta,Sim,2,0,0,0,1,1,0,2,"-8,29241321","-35,05598304",SPRF-PE,DEL01-PE,UOP03-DEL01-PE
230878,2019-08-24,sábado,21:20:00,PE,232,"56,8",POMBOS,Desobediência às normas de trânsito pelo condutor,Colisão traseira,Com Vítimas Feridas,Plena Noite,Decrescente,Chuva,Dupla,Reta,Não,2,0,0,1,1,0,1,2,"-8,13762681","-35,37336212",SPRF-PE,DEL01-PE,UOP02-DEL02PE
231365,2019-08-27,terça-feira,10:00:00,PE,101,36,IGARASSU,Falta de Atenção à Condução,Colisão traseira,Com Vítimas Feridas,Plena Noite,Decrescente,Chuva,Múltipla,Aclive,Não,4,0,1,2,0,1,3,2,"-7,788367","-34,92981702",SPRF-PE,DEL01-PE,UOP02-DEL01-PE
231386,2019-08-28,quarta-feira,01:50:00,PE,408,22,TIMBAUBA,Falta de Atenção à Condução,Capotamento,Com Vítimas Feridas,Plena Noite,Decrescente,Chuva,Simples,Reta,Não,1,0,1,0,0,0,1,1,"-7,526138","-35,290491",SPRF-PE,DEL01-PE,UOP01-DEL01-PE
231579,2019-08-28,quarta-feira,23:20:00,PE,101,"46,8",IGARASSU,Falta de Atenção à Condução,Colisão com objeto estático,Com Vítimas Feridas,Plena Noite,Crescente,Nublado,Múltipla,Reta,Sim,2,0,1,0,1,0,1,2,"-7,87406004","-34,90588126",SPRF-PE,DEL01-PE,UOP02-DEL01-PE
231676,2019-08-27,terça-feira,05:30:00,PE,423,67,JUPI,Condutor Dormindo,Saída de leito carroçável,Com Vítimas Feridas,Amanhecer,Decrescente,Céu Claro,Simples,Declive;Reta                  ,Não,1,0,1,0,0,0,1,1,"-8,67054427","-36,38419094",SPRF-PE,DEL03-PE,UOP01-DEL03-PE
231703,2019-08-29,quinta-feira,14:30:00,PE,101,151,RIBEIRAO,Velocidade Incompatível,Tombamento,Com Vítimas Feridas,Pleno dia,Decrescente,Nublado,Dupla,Curva,Sim,1,0,1,0,0,0,1,1,"-8,50224498","-35,38851271",SPRF-PE,DEL01-PE,UOP03-DEL01-PE
231847,2019-08-26,segunda-feira,04:10:00,PE,423,"132,3",SALOA,Ultrapassagem Indevida,Saída de leito carroçável,Com Vítimas Feridas,Pleno dia,Crescente,Céu Claro,Simples,Curva,Não,1,0,1,0,0,0,1,1,"-8,95943517","-36,76461912",SPRF-PE,DEL03-PE,UOP01-DEL03-PE
231926,2019-08-30,sexta-feira,11:00:00,PE,232,8,RECIFE,Falta de Atenção à Condução,Colisão com objeto estático,Sem Vítimas,Pleno dia,Crescente,Sol,Dupla,Reta,Sim,2,0,0,0,2,0,0,2,"-8,07583727","-34,97015791",SPRF-PE,DEL01-PE,UOP01-DEL01-PE
231943,2019-08-30,sexta-feira,13:25:00,PE,232,"168,9",TACAIMBO,Falta de Atenção à Condução,Tombamento,Com Vítimas Feridas,Pleno dia,Crescente,Sol,Simples,Reta,Não,2,0,0,2,0,0,2,1,"-8,33986354","-36,32534101",SPRF-PE,DEL02-PE,UOP03-DEL02-PE
231992,2019-08-30,sexta-feira,16:10:00,PE,101,"65,4",RECIFE,Não guardar distância de segurança,Colisão traseira,Sem Vítimas,Anoitecer,Crescente,Céu Claro,Múltipla,Reta,Sim,4,0,0,0,4,0,0,2,"-8,02478597","-34,94276635",SPRF-PE,DEL01-PE,UOP01-DEL01-PE
232175,2019-08-31,sábado,07:25:00,PE,101,46,IGARASSU,Falta de Atenção à Condução,Colisão lateral,Sem Vítimas,Pleno dia,Crescente,Sol,Múltipla,Reta,Sim,3,0,0,0,3,0,0,3,"-7,88290701","-34,90461208",SPRF-PE,DEL01-PE,UOP02-DEL01-PE
232561,2019-09-01,domingo,18:10:00,PE,116,"13,9",SALGUEIRO,Animais na Pista,Atropelamento de Animal,Sem Vítimas,Plena Noite,Decrescente,Céu Claro,Simples,Reta,Não,2,0,0,0,2,0,0,1,"-7,966841","-39,1347",SPRF-PE,DEL05-PE,UOP01-DEL05-PE
232620,2019-09-01,domingo,20:00:00,PE,408,"79,2",PAUDALHO,Falta de Atenção à Condução,Colisão traseira,Com Vítimas Fatais,Plena Noite,Decrescente,Chuva,Dupla,Reta,Não,2,1,0,0,1,0,0,2,"-7,92735072","-35,14679086",SPRF-PE,DEL01-PE,UOP01-DEL01-PE
232651,2019-09-02,segunda-feira,04:15:00,PE,232,"35,8",MORENO,Animais na Pista,Atropelamento de Animal,Com Vítimas Feridas,Plena Noite,Decrescente,Chuva,Dupla,Reta,Sim,2,0,1,0,1,0,1,1,"-8,10907341","-35,19256991",SPRF-PE,DEL01-PE,UOP02-DEL02PE
232727,2019-09-02,segunda-feira,09:35:00,PE,101,"75,4",RECIFE,Falta de Atenção à Condução,Colisão lateral,Com Vítimas Feridas,Pleno dia,Decrescente,Nublado,Dupla,Reta,Sim,2,0,1,0,1,0,1,2,"-8,10973523","-34,94660151",SPRF-PE,DEL01-PE,UOP01-DEL01-PE
232793,2019-09-02,segunda-feira,15:00:00,PE,101,96,CABO DE SANTO AGOSTINHO,Restrição de Visibilidade,Colisão traseira,Sem Vítimas,Pleno dia,Decrescente,Nublado,Dupla,Reta,Sim,2,0,0,0,2,0,0,2,"-8,25146993","-35,021805",SPRF-PE,DEL01-PE,UOP03-DEL01-PE
232893,2019-09-03,terça-feira,06:55:00,PE,408,"83,2",PAUDALHO,Não guardar distância de segurança,Colisão traseira,Com Vítimas Feridas,Pleno dia,Decrescente,Sol,Dupla,Reta,Sim,2,0,0,1,1,0,1,2,"-7,94549251","-35,11580722",SPRF-PE,DEL01-PE,UOP01-DEL01-PE
232961,2019-09-03,terça-feira,13:20:00,PE,101,"60,4",RECIFE,Falta de Atenção do Pedestre,Atropelamento de Pedestre,Com Vítimas Feridas,Pleno dia,Crescente,Céu Claro,Dupla,Reta,Sim,3,0,1,0,2,0,1,2,"-7,98774301","-34,93397366",SPRF-PE,DEL01-PE,UOP02-DEL01-PE
233164,2019-09-04,quarta-feira,17:45:00,PE,423,19,SAO CAITANO,Falta de Atenção à Condução,Colisão traseira,Com Vítimas Feridas,Anoitecer,Crescente,Garoa/Chuvisco,Simples,Interseção de Vias,Sim,2,0,1,0,1,0,1,2,"-8,33138007","-36,14862442",SPRF-PE,DEL02-PE,UOP03-DEL02-PE
233208,2019-09-04,quarta-feira,20:45:00,PE,101,"73,9",RECIFE,Velocidade Incompatível,Capotamento,Com Vítimas Feridas,Plena Noite,Decrescente,Chuva,Dupla,Curva,Não,2,0,1,0,1,0,1,1,"-8,093369","-34,947464",SPRF-PE,DEL01-PE,UOP01-DEL01-PE
233244,2019-09-05,quinta-feira,05:00:00,PE,101,160,AGUA PRETA,Não guardar distância de segurança,Saída de leito carroçável,Com Vítimas Feridas,Amanhecer,Decrescente,Céu Claro,Dupla,Reta,Não,1,0,1,0,0,0,1,1,"-8,55559186","-35,42237611",SPRF-PE,DEL01-PE,UOP03-DEL01-PE
233300,2019-09-05,quinta-feira,12:30:00,PE,101,"67,2",RECIFE,Falta de Atenção à Condução,Colisão traseira,Sem Vítimas,Pleno dia,Crescente,Céu Claro,Dupla,Reta,Sim,2,0,0,0,2,0,0,2,"-8,045077","-34,944341",SPRF-PE,DEL01-PE,UOP01-DEL01-PE
233309,2019-09-05,quinta-feira,10:04:00,PE,232,"434,6",SERRA TALHADA,Falta de Atenção à Condução,Colisão lateral,Sem Vítimas,Pleno dia,Decrescente,Sol,Simples,Reta,Não,2,0,0,0,2,0,0,2,"-8,00974762","-38,50744192",SPRF-PE,DEL04-PE,UOP01-DEL04-PE
233317,2019-09-05,quinta-feira,09:20:00,PE,232,"434,3",SERRA TALHADA,Ingestão de Álcool,Colisão frontal,Com Vítimas Fatais,Pleno dia,Crescente,Céu Claro,Simples,Reta,Não,2,1,0,0,1,0,0,2,"-8,00974762","-38,50744192",SPRF-PE,DEL04-PE,UOP01-DEL04-PE
233318,2019-09-05,quinta-feira,13:00:00,PE,101,"58,8",RECIFE,Mal Súbito,Saída de leito carroçável,Com Vítimas Feridas,Pleno dia,Crescente,Céu Claro,Dupla,Reta,Não,1,0,1,0,0,0,1,1,"-7,97063209","-34,92064675",SPRF-PE,DEL01-PE,UOP02-DEL01-PE
233468,2019-09-06,sexta-feira,08:15:00,PE,232,8,RECIFE,Não guardar distância de segurança,Colisão traseira,Com Vítimas Feridas,Pleno dia,Crescente,Nublado,Dupla,Reta,Sim,3,0,2,0,1,0,2,3,"-8,07583727","-34,97015791",SPRF-PE,DEL01-PE,UOP01-DEL01-PE
233484,2019-09-06,sexta-feira,09:00:00,PE,232,273,SERTANIA,Mal Súbito,Colisão frontal,Com Vítimas Feridas,Pleno dia,Decrescente,Céu Claro,Simples,Reta,Sim,10,0,4,5,1,0,9,2,"-8,38821598","-37,24139699",SPRF-PE,DEL03-PE,UOP02-DEL03-PE
233598,2019-09-06,sexta-feira,13:30:00,PE,316,"64,4",OURICURI,Condutor Dormindo,Tombamento,Com Vítimas Feridas,Pleno dia,Decrescente,Céu Claro,Simples,Reta,Não,2,0,1,0,0,1,1,1,"-7,78543662","-40,22695512",SPRF-PE,DEL05-PE,UOP02-DEL05-PE
233655,2019-09-06,sexta-feira,17:30:00,PE,408,"20,4",TIMBAUBA,Falta de Atenção à Condução,Colisão transversal,Com Vítimas Fatais,Anoitecer,Crescente,Céu Claro,Simples,Reta;Interseção de Vias       ,Não,2,1,0,0,0,1,0,2,"-7,521104","-35,305453",SPRF-PE,DEL01-PE,UOP01-DEL01-PE
234040,2019-09-08,domingo,09:05:00,PE,116,19,SALGUEIRO,Defeito Mecânico no Veículo,Capotamento,Com Vítimas Feridas,Pleno dia,Crescente,Céu Claro,Simples,Reta,Não,3,0,2,0,1,0,2,2,"-8,008562","-39,142254",SPRF-PE,DEL05-PE,UOP01-DEL05-PE
234185,2019-09-08,domingo,15:00:00,PE,424,"47,6",VENTUROSA,Velocidade Incompatível,Saída de leito carroçável,Com Vítimas Feridas,Pleno dia,Decrescente,Ignorado,Simples,Curva,Não,1,0,1,0,0,0,1,1,"-8,701","-36,7905",SPRF-PE,DEL03-PE,UOP01-DEL03-PE
234198,2019-09-08,domingo,21:30:00,PE,232,"501,5",SALGUEIRO,Falta de Atenção à Condução,Colisão lateral,Com Vítimas Fatais,Plena Noite,Crescente,Céu Claro,Simples,Reta,Não,3,1,0,0,1,1,0,2,"-8,03855812","-39,06231286",SPRF-PE,DEL05-PE,UOP01-DEL05-PE
234248,2019-09-09,segunda-feira,05:15:00,PE,232,"140,2",SAO CAITANO,Defeito Mecânico no Veículo,Incêndio,Sem Vítimas,Amanhecer,Crescente,Chuva,Dupla,Reta,Sim,1,0,0,0,1,0,0,1,"-8,32046632","-36,07694496",SPRF-PE,DEL02-PE,UOP03-DEL02-PE
234378,2019-09-09,segunda-feira,17:55:00,PE,101,"9,7",GOIANA,Falta de Atenção à Condução,Colisão traseira,Com Vítimas Fatais,Anoitecer,Decrescente,Céu Claro,Dupla,Reta;Desvio Temporário;Declive,Não,4,1,0,0,2,1,0,4,"-7,57788903","-34,98847822",SPRF-PE,DEL01-PE,UOP02-DEL01-PE
234793,2019-03-19,terça-feira,19:30:00,PE,101,189,PALMARES,Falta de Atenção à Condução,Colisão transversal,Com Vítimas Feridas,Plena Noite,Crescente,Céu Claro,Dupla,Reta,Sim,4,0,0,4,0,0,4,2,"-8,69036647","-35,60430503",SPRF-PE,DEL01-PE,UOP03-DEL01-PE
234842,2019-09-12,quinta-feira,07:00:00,PE,101,83,JABOATAO DOS GUARARAPES,Falta de Atenção à Condução,Colisão transversal,Com Vítimas Feridas,Pleno dia,Crescente,Céu Claro,Múltipla,Reta,Sim,3,0,1,0,2,0,1,2,"-8,175172","-34,942642",SPRF-PE,DEL01-PE,UOP03-DEL01-PE
234922,2019-09-12,quinta-feira,14:20:00,PE,232,251,ARCOVERDE,Desobediência às normas de trânsito pelo condutor,Colisão transversal,Com Vítimas Feridas,Pleno dia,Crescente,Céu Claro,Simples,Viaduto,Sim,2,0,1,0,1,0,1,2,"-8,429241","-37,060127",SPRF-PE,DEL03-PE,UOP02-DEL03-PE
234956,2019-09-12,quinta-feira,18:50:00,PE,232,413,SERRA TALHADA,Desobediência às normas de trânsito pelo condutor,Colisão transversal,Sem Vítimas,Plena Noite,Crescente,Céu Claro,Simples,Reta,Não,4,0,0,0,4,0,0,3,"-7,98857087","-38,32972307",SPRF-PE,DEL04-PE,UOP01-DEL04-PE