id,data_inversa,dia_semana,horario,uf,br,km,municipio,causa_acidente,tipo_acidente,classificacao_acidente,fase_dia,sentido_via,condicao_metereologica,tipo_pista,tracado_via,uso_solo,pessoas,mortos,feridos_leves,feridos_graves,ilesos,ignorados,feridos,veiculos,latitude,longitude,regional,delegacia,uop
185546,2019-01-16,quarta-feira,10:40:00,PE,232,"104,2",BEZERROS,Mal Súbito,Saída de leito carroçável,Com Vítimas Fatais,Pleno dia,Decrescente,Céu Claro,Dupla,Reta,Não,1,1,0,0,0,0,0,1,"-8,25219","-35,76585",SPRF-PE,DEL02-PE,UOP03-DEL02-PE
185581,2019-01-16,quarta-feira,15:30:00,PE,101,87,CABO DE SANTO AGOSTINHO,Falta de Atenção à Condução,Colisão transversal,Com Vítimas Feridas,Pleno dia,Crescente,Céu Claro,Simples,Reta,Sim,2,0,0,1,1,0,1,2,"-8,1816","-34,9613",SPRF-PE,DEL01-PE,UOP03-DEL01-PE
185685,2019-01-17,quinta-feira,06:45:00,PE,232,"51,7",VITORIA DE SANTO ANTAO,Defeito na Via,Queda de ocupante de veículo,Com Vítimas Feridas,Pleno dia,Crescente,Nublado,Dupla,Reta,Não,1,0,1,0,0,0,1,1,"-8,137075","-35,332804",SPRF-PE,DEL01-PE,UOP02-DEL02PE
185694,2019-01-17,quinta-feira,07:00:00,PE,101,103,CABO DE SANTO AGOSTINHO,Desobediência às normas de trânsito pelo condutor,Colisão frontal,Sem Vítimas,Pleno dia,Crescente,Nublado,Simples,Reta,Sim,2,0,0,0,0,2,0,2,"-8,2977","-35,0643",SPRF-PE,DEL01-PE,UOP03-DEL01-PE
185723,2019-01-17,quinta-feira,07:00:00,PE,101,"125,9",ESCADA,Falta de Atenção do Pedestre,Atropelamento de Pedestre,Com Vítimas Feridas,Pleno dia,Decrescente,Nublado,Dupla,Reta,Sim,2,0,1,1,0,0,2,2,"-8,368","-35,2269",SPRF-PE,DEL01-PE,UOP03-DEL01-PE
185733,2019-01-17,quinta-feira,10:55:00,PE,408,"89,4",SAO LOURENCO DA MATA,Desobediência às normas de trânsito pelo condutor,Colisão transversal,Com Vítimas Feridas,Pleno dia,Crescente,Céu Claro,Dupla,Reta,Sim,3,0,1,0,2,0,1,2,"-7,983827","-35,079807",SPRF-PE,DEL01-PE,UOP01-DEL01-PE
185845,2019-01-17,quinta-feira,23:20:00,PE,101,80,JABOATAO DOS GUARARAPES,Falta de Atenção à Condução,Colisão transversal,Com Vítimas Feridas,Plena Noite,Decrescente,Céu Claro,Dupla,Curva,Sim,2,0,1,0,1,0,1,2,"-8,1623","-34,9394",SPRF-PE,DEL01-PE,UOP01-DEL01-PE
185935,2019-01-18,sexta-feira,13:10:00,PE,101,"41,7",IGARASSU,Falta de Atenção à Condução,Colisão lateral,Sem Vítimas,Pleno dia,Crescente,Céu Claro,Múltipla,Reta,Sim,3,0,0,0,2,1,0,3,"-7,837","-34,9124",SPRF-PE,DEL01-PE,UOP02-DEL01-PE
185946,2019-01-18,sexta-feira,14:15:00,PE,232,"17,1",JABOATAO DOS GUARARAPES,Falta de Atenção à Condução,Colisão lateral,Com Vítimas Feridas,Pleno dia,Decrescente,Sol,Dupla,Retorno Regulamentado,Sim,5,0,3,0,2,0,3,4,"-8,095657","-35,045834",SPRF-PE,DEL01-PE,UOP01-DEL01-PE
185963,2019-01-18,sexta-feira,14:10:00,PE,232,18,JABOATAO DOS GUARARAPES,Não guardar distância de segurança,Colisão traseira,Sem Vítimas,Pleno dia,Decrescente,Céu Claro,Dupla,Reta,Não,2,0,0,0,2,0,0,2,"-8,096965","-35,054508",SPRF-PE,DEL01-PE,UOP01-DEL01-PE
186043,2019-01-18,sexta-feira,21:30:00,PE,232,410,SERRA TALHADA,Ingestão de álcool e/ou substâncias psicoativas pelo pedestre,Colisão traseira,Com Vítimas Feridas,Plena Noite,Decrescente,Céu Claro,Simples,Reta,Sim,2,0,0,1,1,0,1,2,"-7,981944","-38,289467",SPRF-PE,DEL04-PE,UOP01-DEL04-PE
186051,2019-01-18,sexta-feira,19:30:00,PE,110,244,JATOBA,Animais na Pista,Atropelamento de Animal,Com Vítimas Fatais,Plena Noite,Crescente,Céu Claro,Simples,Reta,Não,7,1,0,0,6,0,0,2,"-9,16243357","-38,28048706",SPRF-BA,DEL07-BA,UOP01-DEL07-BA
186065,2019-01-19,sábado,02:00:00,PE,232,"78,9",GRAVATA,Avarias e/ou desgaste excessivo no pneu,Colisão com objeto estático,Com Vítimas Feridas,Plena Noite,Decrescente,Nublado,Dupla,Declive,Sim,3,0,3,0,0,0,3,1,"-8,193437","-35,551865",SPRF-PE,DEL01-PE,UOP02-DEL02PE
186166,2019-01-19,sábado,13:15:00,PE,232,27,MORENO,Defeito Mecânico no Veículo,Saída de leito carroçável,Com Vítimas Feridas,Pleno dia,Decrescente,Céu Claro,Dupla,Reta,Não,2,0,2,0,0,0,2,1,"-8,114184","-35,12569",SPRF-PE,DEL01-PE,UOP02-DEL02PE
186219,2019-01-19,sábado,17:50:00,PE,101,"68,1",RECIFE,Mal Súbito,Colisão com objeto estático,Com Vítimas Fatais,Anoitecer,Decrescente,Nublado,Dupla,Rotatória,Sim,3,1,0,0,0,2,0,2,"-8,051491","-34,945862",SPRF-PE,DEL01-PE,UOP01-DEL01-PE
186241,2019-01-19,sábado,19:25:00,PE,423,"27,5",SAO CAITANO,Desobediência às normas de trânsito pelo condutor,Colisão frontal,Com Vítimas Feridas,Plena Noite,Crescente,Céu Claro,Simples,Aclive,Não,4,0,1,0,3,0,1,2,"-8,395463","-36,180763",SPRF-PE,DEL02-PE,UOP03-DEL02-PE
186250,2019-01-19,sábado,20:35:00,PE,408,"75,3",PAUDALHO,Desobediência às normas de trânsito pelo condutor,Colisão frontal,Com Vítimas Feridas,Plena Noite,Crescente,Céu Claro,Dupla,Reta,Sim,3,0,2,0,1,0,2,2,"-7,908999","-35,170816",SPRF-PE,DEL01-PE,UOP01-DEL01-PE
186293,2019-01-19,sábado,23:30:00,PE,232,"393,9",SERRA TALHADA,Animais na Pista,Atropelamento de Animal,Sem Vítimas,Plena Noite,Decrescente,Chuva,Simples,Declive;Reta                  ,Não,1,0,0,0,1,0,0,1,"-8,010047","-38,242943",SPRF-PE,DEL04-PE,UOP01-DEL04-PE
186297,2019-01-20,domingo,01:40:00,PE,101,93,CABO DE SANTO AGOSTINHO,Condutor Dormindo,Saída de leito carroçável,Com Vítimas Fatais,Plena Noite,Crescente,Nublado,Simples,Reta,Não,1,1,0,0,0,0,0,1,"-8,2379","-35,0024",SPRF-PE,DEL01-PE,UOP03-DEL01-PE
186321,2019-01-20,domingo,07:10:00,PE,101,90,CABO DE SANTO AGOSTINHO,Falta de Atenção à Condução,Saída de leito carroçável,Sem Vítimas,Pleno dia,Crescente,Sol,Dupla,Declive,Não,1,0,0,0,0,1,0,1,"-8,2228","-34,9923",SPRF-PE,DEL01-PE,UOP03-DEL01-PE
186333,2019-01-20,domingo,07:35:00,PE,232,"171,1",TACAIMBO,Falta de Atenção à Condução,Colisão frontal,Com Vítimas Feridas,Pleno dia,Decrescente,Céu Claro,Simples,Curva,Não,4,0,2,1,0,1,3,2,"-8,335559","-36,289352",SPRF-PE,DEL02-PE,UOP03-DEL02-PE
186346,2019-01-20,domingo,09:00:00,PE,101,59,RECIFE,Velocidade Incompatível,Colisão com objeto estático,Sem Vítimas,Pleno dia,Decrescente,Sol,Dupla,Curva,Não,1,0,0,0,0,1,0,1,"-7,9841","-34,9316",SPRF-PE,DEL01-PE,UOP02-DEL01-PE
186367,2019-01-20,domingo,10:30:00,PE,101,132,ESCADA,Condutor Dormindo,Capotamento,Com Vítimas Feridas,Pleno dia,Crescente,Nublado,Dupla,Curva,Não,2,0,2,0,0,0,2,1,"-8,408","-35,2755",SPRF-PE,DEL01-PE,UOP03-DEL01-PE
186398,2019-01-20,domingo,15:00:00,PE,101,45,IGARASSU,Falta de Atenção à Condução,Colisão com objeto estático,Sem Vítimas,Pleno dia,Crescente,Céu Claro,Múltipla,Reta,Sim,2,0,0,0,2,0,0,2,"-7,8728","-34,9061",SPRF-PE,DEL01-PE,UOP02-DEL01-PE
186423,2019-01-20,domingo,16:30:00,PE,101,"73,8",RECIFE,Falta de Atenção à Condução,Colisão transversal,Sem Vítimas,Pleno dia,Crescente,Céu Claro,Simples,Curva,Não,2,0,0,0,1,1,0,2,"-8,1027","-34,9483",SPRF-PE,DEL01-PE,UOP01-DEL01-PE
186427,2019-01-20,domingo,16:50:00,PE,232,"168,7",TACAIMBO,Falta de Atenção à Condução,Colisão traseira,Com Vítimas Feridas,Pleno dia,Decrescente,Céu Claro,Simples,Aclive,Não,3,0,1,0,2,0,1,2,"-8,33884631","-36,32227185",SPRF-PE,DEL02-PE,UOP03-DEL02-PE
186432,2019-01-20,domingo,15:20:00,PE,232,"413,7",SERRA TALHADA,Ingestão de Álcool,Saída de leito carroçável,Com Vítimas Feridas,Pleno dia,Crescente,Céu Claro,Simples,Declive;Interseção de Vias    ,Sim,2,0,1,1,0,0,2,1,"-7,98694515","-38,32717896",SPRF-PE,DEL04-PE,UOP01-DEL04-PE
186440,2019-01-20,domingo,17:20:00,PE,101,52,PAULISTA,Defeito na Via,Queda de ocupante de veículo,Com Vítimas Feridas,Anoitecer,Decrescente,Céu Claro,Dupla,Curva,Sim,1,0,1,0,0,0,1,1,"-7,9324","-34,9017",SPRF-PE,DEL01-PE,UOP02-DEL01-PE
186458,2019-01-20,domingo,18:20:00,PE,104,66,CARUARU,Falta de Atenção à Condução,Colisão traseira,Com Vítimas Feridas,Plena Noite,Crescente,Céu Claro,Dupla,Interseção de Vias,Sim,2,0,1,0,1,0,1,2,"-8,2937","-35,9864",SPRF-PE,DEL02-PE,UOP01-DEL02-PE
186465,2019-01-20,domingo,18:50:00,PE,101,65,RECIFE,Falta de Atenção à Condução,Atropelamento de Pedestre,Sem Vítimas,Plena Noite,Decrescente,Céu Claro,Múltipla,Reta,Sim,3,0,0,0,1,2,0,2,"-8,0349","-34,9415",SPRF-PE,DEL01-PE,UOP01-DEL01-PE
186503,2019-01-20,domingo,22:40:00,PE,101,70,RECIFE,Falta de Atenção à Condução,Saída de leito carroçável,Com Vítimas Fatais,Plena Noite,Decrescente,Céu Claro,Dupla,Reta,Sim,2,1,0,1,0,0,1,1,"-8,0778","-34,9429",SPRF-PE,DEL01-PE,UOP01-DEL01-PE
186542,2019-01-21,segunda-feira,06:50:00,PE,101,82,JABOATAO DOS GUARARAPES,Não guardar distância de segurança,Colisão traseira,Com Vítimas Feridas,Pleno dia,Crescente,Céu Claro,Dupla,Reta,Sim,4,0,2,0,2,0,2,3,"-8,171685","-34,939389",SPRF-PE,DEL01-PE,UOP03-DEL01-PE
186672,2019-01-21,segunda-feira,13:02:00,PE,232,"456,2",SAO JOSE DO BELMONTE,Ultrapassagem Indevida,Colisão frontal,Com Vítimas Feridas,Pleno dia,Crescente,Céu Claro,Simples,Declive,Não,3,0,2,1,0,0,3,2,"-8,019355","-38,706604",SPRF-PE,DEL05-PE,UOP01-DEL05-PE
186678,2019-01-21,segunda-feira,18:45:00,PE,428,"106,3",SANTA MARIA DA BOA VISTA,Animais na Pista,Atropelamento de Animal,Com Vítimas Fatais,Plena Noite,Crescente,Ignorado,Simples,Reta,Não,7,1,2,1,3,0,3,2,"-8,864326","-40,003273",SPRF-PE,DEL06-PE,UOP03-DEL06-PE
186693,2019-01-21,segunda-feira,19:50:00,PE,424,"90,7",GARANHUNS,Ingestão de Álcool,Colisão com objeto em movimento,Com Vítimas Feridas,Plena Noite,Crescente,Céu Claro,Simples,Reta,Sim,3,0,1,0,2,0,1,2,"-8,896362","-36,501579",SPRF-PE,DEL03-PE,UOP01-DEL03-PE
186737,2019-01-22,terça-feira,06:40:00,PE,101,"115,5",IPOJUCA,Velocidade Incompatível,Capotamento,Com Vítimas Feridas,Pleno dia,Decrescente,Céu Claro,Dupla,Reta,Não,2,0,1,0,1,0,1,1,"-8,3434","-35,1453",SPRF-PE,DEL01-PE,UOP03-DEL01-PE
186876,2019-01-22,terça-feira,22:00:00,PE,428,"155,5",PETROLINA,Animais na Pista,Atropelamento de Animal,Com Vítimas Feridas,Plena Noite,Decrescente,Céu Claro,Simples,Reta,Não,1,0,0,1,0,0,1,1,"-9,108626","-40,334179",SPRF-PE,DEL06-PE,UOP01-DEL06-PE
186896,2019-01-23,quarta-feira,06:30:00,PE,101,"77,8",RECIFE,Velocidade Incompatível,Colisão transversal,Com Vítimas Feridas,Pleno dia,Crescente,Céu Claro,Dupla,Desvio Temporário,Sim,3,0,1,0,2,0,1,3,"-8,1368","-34,9474",SPRF-PE,DEL01-PE,UOP01-DEL01-PE
186947,2019-01-23,quarta-feira,10:30:00,PE,101,41,IGARASSU,Desobediência às normas de trânsito pelo pedestre,Atropelamento de Pedestre,Com Vítimas Feridas,Pleno dia,Crescente,Céu Claro,Dupla,Reta,Sim,2,0,0,1,1,0,1,2,"-7,837","-34,9124",SPRF-PE,DEL01-PE,UOP02-DEL01-PE
186954,2019-01-23,quarta-feira,11:20:00,PE,101,"48,7",ABREU E LIMA,Não guardar distância de segurança,Colisão traseira,Sem Vítimas,Pleno dia,Decrescente,Céu Claro,Múltipla,Reta,Sim,2,0,0,0,1,1,0,2,"-7,898","-34,9025",SPRF-PE,DEL01-PE,UOP02-DEL01-PE
187112,2019-01-24,quinta-feira,09:20:00,PE,101,"48,6",ABREU E LIMA,Falta de Atenção à Condução,Colisão lateral,Com Vítimas Feridas,Pleno dia,Crescente,Céu Claro,Múltipla,Reta,Sim,4,0,2,0,2,0,2,2,"-7,898","-34,9025",SPRF-PE,DEL01-PE,UOP02-DEL01-PE
187334,2019-01-25,sexta-feira,10:40:00,PE,232,"118,5",CARUARU,Não guardar distância de segurança,Colisão transversal,Com Vítimas Feridas,Pleno dia,Crescente,Céu Claro,Dupla,Reta,Não,7,0,3,0,4,0,3,2,"-8,29624","-35,89308",SPRF-PE,DEL02-PE,UOP03-DEL02-PE
187342,2019-01-25,sexta-feira,11:10:00,PE,408,"57,9",TRACUNHAEM,Não guardar distância de segurança,Colisão traseira,Com Vítimas Feridas,Pleno dia,Decrescente,Céu Claro,Simples,Reta;Declive                  ,Sim,2,0,1,0,1,0,1,2,"-7,79832","-35,24477",SPRF-PE,DEL01-PE,UOP01-DEL01-PE
187344,2019-01-25,sexta-feira,11:10:00,PE,101,50,ABREU E LIMA,Falta de Atenção à Condução,Colisão transversal,Com Vítimas Feridas,Pleno dia,Crescente,Sol,Múltipla,Reta,Sim,2,0,1,0,1,0,1,2,"-7,9148","-34,8984",SPRF-PE,DEL01-PE,UOP02-DEL01-PE
187363,2019-01-25,sexta-feira,13:20:00,PE,232,"9,9",JABOATAO DOS GUARARAPES,Desobediência às normas de trânsito pelo condutor,Colisão frontal,Com Vítimas Feridas,Pleno dia,Decrescente,Céu Claro,Simples,Reta,Sim,2,0,2,0,0,0,2,2,"-8,077656","-34,978714",SPRF-PE,DEL01-PE,UOP01-DEL01-PE
187440,2019-01-25,sexta-feira,17:00:00,PE,316,375,PETROLANDIA,Ingestão de Álcool,Colisão traseira,Com Vítimas Feridas,Anoitecer,Crescente,Céu Claro,Simples,Reta,Sim,3,0,1,0,2,0,1,2,"-8,98715747","-38,21697235",SPRF-BA,DEL07-BA,UOP01-DEL07-BA
187476,2019-01-25,sexta-feira,23:50:00,PE,232,128,CARUARU,Animais na Pista,Atropelamento de Animal,Com Vítimas Fatais,Plena Noite,Crescente,Céu Claro,Dupla,Reta,Sim,1,1,0,0,0,0,0,1,"-8,301935","-35,980919",SPRF-PE,DEL02-PE,UOP03-DEL02-PE
187504,2019-01-26,sábado,04:00:00,PE,232,77,GRAVATA,Falta de Atenção à Condução,Colisão traseira,Com Vítimas Feridas,Plena Noite,Crescente,Nublado,Dupla,Reta,Sim,5,0,3,0,2,0,3,2,"-8,193439","-35,543007",SPRF-PE,DEL01-PE,UOP02-DEL02PE
187525,2019-01-26,sábado,08:20:00,PE,101,"41,6",IGARASSU,Falta de Atenção à Condução,Colisão transversal,Com Vítimas Feridas,Pleno dia,Decrescente,Sol,Dupla,Interseção de Vias;Aclive;Reto,Sim,3,0,1,0,2,0,1,2,"-7,837","-34,9124",SPRF-PE,DEL01-PE,UOP02-DEL01-PE
187547,2019-01-26,sábado,11:05:00,PE,101,69,RECIFE,Pista Escorregadia,Saída de leito carroçável,Com Vítimas Feridas,Pleno dia,Crescente,Nublado,Múltipla,Em Obras,Sim,2,0,2,0,0,0,2,1,"-8,05992592","-34,94566625",SPRF-PE,DEL01-PE,UOP01-DEL01-PE
187589,2019-01-26,sábado,16:30:00,PE,232,244,ARCOVERDE,Falta de Atenção à Condução,Colisão transversal,Com Vítimas Fatais,Pleno dia,Crescente,Céu Claro,Simples,Curva,Não,5,1,0,0,4,0,0,2,"-8,418014","-36,992159",SPRF-PE,DEL03-PE,UOP02-DEL03-PE
187599,2019-01-26,sábado,17:30:00,PE,408,"67,4",PAUDALHO,Não guardar distância de segurança,Colisão com objeto estático,Com Vítimas Feridas,Pleno dia,Decrescente,Nublado,Dupla,Reta,Não,2,0,1,0,1,0,1,1,"-7,860438","-35,211318",SPRF-PE,DEL01-PE,UOP01-DEL01-PE
187676,2019-01-27,domingo,01:00:00,PE,104,68,CARUARU,Defeito Mecânico no Veículo,Incêndio,Sem Vítimas,Plena Noite,Crescente,Céu Claro,Dupla,Reta,Sim,1,0,0,0,0,1,0,1,"-8,3107","-35,9904",SPRF-PE,DEL02-PE,UOP01-DEL02-PE
187729,2019-01-27,domingo,11:00:00,PE,232,"483,2",VERDEJANTE,Não guardar distância de segurança,Colisão traseira,Com Vítimas Feridas,Pleno dia,Decrescente,Céu Claro,Simples,Reta,Sim,2,0,0,1,1,0,1,2,"-8,006268","-38,972645",SPRF-PE,DEL05-PE,UOP01-DEL05-PE
187735,2019-01-27,domingo,12:20:00,PE,423,"54,5",LAJEDO,Desobediência às normas de trânsito pelo condutor,Colisão frontal,Com Vítimas Feridas,Pleno dia,Decrescente,Céu Claro,Simples,Reta,Não,6,0,1,0,4,1,1,2,"-8,607795","-36,294014",SPRF-PE,DEL03-PE,UOP01-DEL03-PE
187736,2019-01-27,domingo,12:15:00,PE,101,"23,3",GOIANA,Condutor Dormindo,Saída de leito carroçável,Com Vítimas Feridas,Pleno dia,Decrescente,Céu Claro,Dupla,Curva,Não,1,0,0,1,0,0,1,1,"-7,693","-34,9219",SPRF-PE,DEL01-PE,UOP02-DEL01-PE
187780,2019-01-27,domingo,16:50:00,PE,101,"79,2",RECIFE,Não guardar distância de segurança,Colisão traseira,Com Vítimas Feridas,Pleno dia,Decrescente,Céu Claro,Simples,Em Obras;Reta                 ,Sim,2,0,1,0,1,0,1,2,"-8,15099","-34,943065",SPRF-PE,DEL01-PE,UOP01-DEL01-PE
187839,2019-01-27,domingo,21:20:00,PE,408,"80,7",PAUDALHO,Velocidade Incompatível,Tombamento,Com Vítimas Feridas,Plena Noite,Decrescente,Céu Claro,Dupla,Viaduto;Curva                 ,Não,5,0,3,0,0,2,3,1,"-7,933738","-35,131231",SPRF-PE,DEL01-PE,UOP01-DEL01-PE
187859,2019-01-28,segunda-feira,00:45:00,PE,104,"90,1",AGRESTINA,Animais na Pista,Atropelamento de Animal,Com Vítimas Feridas,Plena Noite,Crescente,Céu Claro,Simples,Reta,Não,2,0,1,0,1,0,1,1,"-8,478865","-35,94445",SPRF-PE,DEL02-PE,UOP01-DEL02-PE
187875,2019-01-28,segunda-feira,06:25:00,PE,101,"73,2",RECIFE,Falta de Atenção à Condução,Tombamento,Com Vítimas Feridas,Pleno dia,Decrescente,Céu Claro,Dupla,Curva,Não,1,0,1,0,0,0,1,1,"-8,1027","-34,9483",SPRF-PE,DEL01-PE,UOP01-DEL01-PE
187925,2019-01-08,terça-feira,11:00:00,PE,232,46,VITORIA DE SANTO ANTAO,Pista Escorregadia,Capotamento,Com Vítimas Feridas,Pleno dia,Decrescente,Chuva,Dupla,Reta,Não,1,0,1,0,0,0,1,1,"-8,128181","-35,281677",SPRF-PE,DEL01-PE,UOP02-DEL02PE
187943,2019-01-28,segunda-feira,10:30:00,PE,101,26,ITAPISSUMA,Pista Escorregadia,Saída de leito carroçável,Com Vítimas Feridas,Pleno dia,Decrescente,Chuva,Dupla,Curva,Não,4,0,1,0,3,0,1,1,"-7,7145","-34,9349",SPRF-PE,DEL01-PE,UOP02-DEL01-PE
187976,2019-01-28,segunda-feira,12:50:00,PE,104,"71,9",CARUARU,Pista Escorregadia,Colisão traseira,Com Vítimas Feridas,Pleno dia,Decrescente,Chuva,Simples,Declive,Não,5,0,1,0,4,0,1,3,"-8,3333","-35,9814",SPRF-PE,DEL02-PE,UOP01-DEL02-PE
188038,2019-01-28,segunda-feira,18:30:00,PE,232,"513,8",SALGUEIRO,Ingestão de Álcool,Atropelamento de Pedestre,Com Vítimas Feridas,Plena Noite,Crescente,Céu Claro,Simples,Reta,Sim,2,0,2,0,0,0,2,2,"-8,067472","-39,138168",SPRF-PE,DEL05-PE,UOP01-DEL05-PE
188066,2019-01-29,terça-feira,03:30:00,PE,232,"39,7",VITORIA DE SANTO ANTAO,Falta de Atenção à Condução,Colisão com objeto estático,Sem Vítimas,Plena Noite,Crescente,Nublado,Dupla,Curva,Não,1,0,0,0,1,0,0,1,"-8,117274","-35,227139",SPRF-PE,DEL01-PE,UOP02-DEL02PE
188178,2019-01-29,terça-feira,17:10:00,PE,101,"46,5",IGARASSU,Falta de Atenção à Condução,Colisão lateral,Com Vítimas Feridas,Anoitecer,Crescente,Céu Claro,Múltipla,Reta,Sim,2,0,1,0,1,0,1,2,"-7,8802","-34,905",SPRF-PE,DEL01-PE,UOP02-DEL01-PE
188266,2019-01-30,quarta-feira,07:10:00,PE,232,"9,2",JABOATAO DOS GUARARAPES,Falta de Atenção à Condução,Colisão traseira,Com Vítimas Feridas,Pleno dia,Crescente,Sol,Dupla,Reta,Sim,3,0,2,0,1,0,2,2,"-8,077656","-34,978714",SPRF-PE,DEL01-PE,UOP01-DEL01-PE
188273,2019-01-30,quarta-feira,08:00:00,PE,428,187,PETROLINA,Velocidade Incompatível,Colisão transversal,Com Vítimas Feridas,Pleno dia,Crescente,Céu Claro,Simples,Reta,Sim,3,0,2,0,1,0,2,2,"-9,356131","-40,478588",SPRF-PE,DEL06-PE,UOP01-DEL06-PE
188361,2019-01-30,quarta-feira,18:10:00,PE,232,5,RECIFE,Não guardar distância de segurança,Colisão lateral,Com Vítimas Feridas,Plena Noite,Crescente,Nublado,Dupla,Reta,Sim,2,0,1,0,1,0,1,2,"-8,067958","-34,945354",SPRF-PE,DEL01-PE,UOP01-DEL01-PE
188367,2019-01-30,quarta-feira,18:20:00,PE,101,49,IGARASSU,Ingestão de álcool e/ou substâncias psicoativas pelo pedestre,Atropelamento de Pedestre,Com Vítimas Feridas,Plena Noite,Decrescente,Céu Claro,Múltipla,Curva,Sim,3,0,2,1,0,0,3,2,"-7,9068","-34,9013",SPRF-PE,DEL01-PE,UOP02-DEL01-PE
188380,2019-01-30,quarta-feira,19:20:00,PE,116,24,SALGUEIRO,Desobediência às normas de trânsito pelo condutor,Colisão lateral,Com Vítimas Feridas,Anoitecer,Crescente,Céu Claro,Simples,Reta,Sim,2,0,1,0,1,0,1,2,"-8,052562","-39,13718",SPRF-PE,DEL05-PE,UOP01-DEL05-PE
188391,2019-01-30,quarta-feira,19:30:00,PE,101,"158,5",GAMELEIRA,Defeito Mecânico no Veículo,Incêndio,Sem Vítimas,Plena Noite,Decrescente,Céu Claro,Dupla,Reta,Não,1,0,0,0,0,1,0,1,"-8,5519","-35,4122",SPRF-PE,DEL01-PE,UOP03-DEL01-PE
188434,2019-01-31,quinta-feira,07:15:00,PE,101,"83,2",JABOATAO DOS GUARARAPES,Não guardar distância de segurança,Colisão traseira,Com Vítimas Feridas,Pleno dia,Decrescente,Céu Claro,Múltipla,Interseção de Vias,Não,3,0,2,0,1,0,2,2,"-8,178499","-34,94595",SPRF-PE,DEL01-PE,UOP03-DEL01-PE
188443,2019-01-31,quinta-feira,04:10:00,PE,232,114,BEZERROS,Velocidade Incompatível,Saída de leito carroçável,Com Vítimas Feridas,Amanhecer,Decrescente,Céu Claro,Dupla,Reta,Sim,2,0,0,2,0,0,2,1,"-8,25219","-35,76585",SPRF-PE,DEL02-PE,UOP03-DEL02-PE
188538,2019-01-31,quinta-feira,18:40:00,PE,232,"502,7",VERDEJANTE,Falta de Atenção do Pedestre,Atropelamento de Pedestre,Com Vítimas Feridas,Plena Noite,Crescente,Céu Claro,Simples,Reta,Não,2,0,1,0,1,0,1,2,"-8,064491","-39,129845",SPRF-PE,DEL05-PE,UOP01-DEL05-PE
188607,2019-02-01,sexta-feira,07:40:00,PE,428,190,PETROLINA,Não guardar distância de segurança,Colisão traseira,Com Vítimas Feridas,Pleno dia,Decrescente,Céu Claro,Simples,Reta,Não,3,0,2,0,1,0,2,3,"-9,372067","-40,486843",SPRF-PE,DEL06-PE,UOP01-DEL06-PE
188679,2019-02-01,sexta-feira,15:40:00,PE,101,101,CABO DE SANTO AGOSTINHO,Falta de Atenção à Condução,Colisão transversal,Com Vítimas Feridas,Pleno dia,Decrescente,Céu Claro,Simples,Reta,Sim,2,0,1,0,1,0,1,2,"-8,2847","-35,0581",SPRF-PE,DEL01-PE,UOP03-DEL01-PE
188734,2019-01-02,quarta-feira,12:00:00,PE,428,"161,3",PETROLINA,Avarias e/ou desgaste excessivo no pneu,Capotamento,Com Vítimas Fatais,Pleno dia,Crescente,Céu Claro,Simples,Reta,Não,13,1,12,0,0,0,12,1,"-9,154992","-40,361595",SPRF-PE,DEL06-PE,UOP01-DEL06-PE
188776,2019-02-02,sábado,02:30:00,PE,101,82,JABOATAO DOS GUARARAPES,Falta de Atenção à Condução,Saída de leito carroçável,Com Vítimas Feridas,Plena Noite,Crescente,Nublado,Dupla,Curva,Sim,1,0,1,0,0,0,1,1,"-8,1768","-34,9443",SPRF-PE,DEL01-PE,UOP03-DEL01-PE
188849,2019-02-02,sábado,12:00:00,PE,101,185,PALMARES,Desobediência às normas de trânsito pelo condutor,Colisão traseira,Com Vítimas Feridas,Pleno dia,Decrescente,Sol,Dupla,Curva,Sim,4,0,0,3,1,0,3,2,"-8,68348209","-35,57982659",SPRF-PE,DEL01-PE,UOP03-DEL01-PE
188873,2019-02-02,sábado,11:00:00,PE,110,226,PETROLANDIA,Falta de Atenção à Condução,Colisão transversal,Com Vítimas Feridas,Pleno dia,Decrescente,Céu Claro,Simples,Interseção de Vias,Não,8,0,2,0,6,0,2,2,"-9,039303","-38,257042",SPRF-BA,DEL07-BA,UOP01-DEL07-BA
188886,2019-02-02,sábado,13:45:00,PE,101,"171,6",AGUA PRETA,Mal Súbito,Tombamento,Com Vítimas Feridas,Pleno dia,Crescente,Céu Claro,Dupla,Reta,Não,1,0,1,0,0,0,1,1,"-8,5898","-35,5121",SPRF-PE,DEL01-PE,UOP03-DEL01-PE
188914,2019-02-02,sábado,17:15:00,PE,110,226,PETROLANDIA,Falta de Atenção à Condução,Colisão transversal,Com Vítimas Feridas,Pleno dia,Crescente,Céu Claro,Simples,Reta,Não,2,0,1,0,1,0,1,2,"-9,039303","-38,257042",SPRF-BA,DEL07-BA,UOP01-DEL07-BA
188939,2019-02-02,sábado,19:50:00,PE,104,45,CARUARU,Agressão Externa,Colisão com objeto estático,Com Vítimas Feridas,Plena Noite,Decrescente,Céu Claro,Dupla,Reta,Não,1,0,1,0,0,0,1,1,"-8,115329","-36,006553",SPRF-PE,DEL02-PE,UOP01-DEL02-PE
188978,2019-02-02,sábado,23:30:00,PE,423,97,GARANHUNS,Ingestão de Álcool,Colisão traseira,Sem Vítimas,Plena Noite,Decrescente,Céu Claro,Simples,Reta,Sim,2,0,0,0,1,1,0,2,"-8,876175","-36,503635",SPRF-PE,DEL03-PE,UOP01-DEL03-PE
188980,2019-02-03,domingo,00:30:00,PE,104,"19,5",TAQUARITINGA DO NORTE,Falta de Atenção à Condução,Colisão com objeto estático,Com Vítimas Fatais,Plena Noite,Decrescente,Céu Claro,Simples,Reta;Em Obras                 ,Não,1,1,0,0,0,0,0,1,"-7,96602","-36,12345",SPRF-PE,DEL02-PE,UOP01-DEL02-PE