id,data_inversa,dia_semana,horario,uf,br,km,municipio,causa_acidente,tipo_acidente,classificacao_acidente,fase_dia,sentido_via,condicao_metereologica,tipo_pista,tracado_via,uso_solo,pessoas,mortos,feridos_leves,feridos_graves,ilesos,ignorados,feridos,veiculos,latitude,longitude,regional,delegacia,uop
194851,2019-03-03,domingo,13:40:00,PE,101,101,CABO DE SANTO AGOSTINHO,Falta de Atenção à Condução,Colisão traseira,Com Vítimas Feridas,Pleno dia,Decrescente,Nublado,Simples,Reta,Sim,3,0,1,0,2,0,1,2,"-8,2847","-35,0581",SPRF-PE,DEL01-PE,UOP03-DEL01-PE
194879,2019-03-03,domingo,17:10:00,PE,232,"19,7",MORENO,Falta de Atenção à Condução,Saída de leito carroçável,Com Vítimas Feridas,Anoitecer,Decrescente,Chuva,Dupla,Reta,Não,1,0,1,0,0,0,1,1,"-8,098229","-35,063194",SPRF-PE,DEL01-PE,UOP01-DEL01-PE
194883,2019-03-03,domingo,18:15:00,PE,101,77,RECIFE,Falta de Atenção à Condução,Colisão frontal,Com Vítimas Feridas,Plena Noite,Crescente,Céu Claro,Simples,Reta;Em Obras                 ,Sim,2,0,1,0,1,0,1,2,"-8,1368","-34,9474",SPRF-PE,DEL01-PE,UOP01-DEL01-PE
194888,2019-03-03,domingo,18:40:00,PE,232,"49,9",VITORIA DE SANTO ANTAO,Animais na Pista,Atropelamento de Animal,Com Vítimas Feridas,Plena Noite,Crescente,Nublado,Dupla,Reta,Não,3,0,0,3,0,0,3,1,"-8,139056","-35,321758",SPRF-PE,DEL01-PE,UOP02-DEL02PE
194893,2019-03-03,domingo,18:10:00,PE,428,"140,5",LAGOA GRANDE,Defeito Mecânico no Veículo,Incêndio,Sem Vítimas,Plena Noite,Decrescente,Céu Claro,Simples,Reta,Sim,1,0,0,0,0,1,0,1,"-8,992364","-40,270164",SPRF-PE,DEL06-PE,UOP01-DEL06-PE
194895,2019-03-03,domingo,17:45:00,PE,232,100,BEZERROS,Falta de Atenção à Condução,Saída de leito carroçável,Com Vítimas Feridas,Anoitecer,Decrescente,Nublado,Simples,Rotatória,Sim,3,0,3,0,0,0,3,2,"-8,237912","-35,742977",SPRF-PE,DEL01-PE,UOP02-DEL02PE
194928,2019-03-03,domingo,20:50:00,PE,408,"75,1",PAUDALHO,Falta de Atenção do Pedestre,Atropelamento de Pedestre,Com Vítimas Fatais,Plena Noite,Crescente,Céu Claro,Simples,Curva,Sim,2,1,0,0,0,1,0,2,"-7,91627907","-35,16626537",SPRF-PE,DEL01-PE,UOP01-DEL01-PE
194961,2019-03-03,domingo,22:10:00,PE,424,"95,3",GARANHUNS,Ingestão de Álcool,Tombamento,Com Vítimas Feridas,Plena Noite,Crescente,Céu Claro,Simples,Curva,Não,1,0,1,0,0,0,1,1,"-8,9271632","-36,49104964",SPRF-PE,DEL03-PE,UOP01-DEL03-PE
195060,2019-03-04,segunda-feira,13:30:00,PE,101,"99,9",CABO DE SANTO AGOSTINHO,Defeito Mecânico no Veículo,Incêndio,Com Vítimas Feridas,Pleno dia,Decrescente,Ignorado,Dupla,Curva,Não,2,0,1,0,1,0,1,1,"-8,2678","-35,0531",SPRF-PE,DEL01-PE,UOP03-DEL01-PE
195085,2019-03-04,segunda-feira,16:05:00,PE,232,"128,5",CARUARU,Avarias e/ou desgaste excessivo no pneu,Saída de leito carroçável,Com Vítimas Fatais,Pleno dia,Crescente,Chuva,Dupla,Reta,Sim,5,1,4,0,0,0,4,1,"-8,301935","-35,980919",SPRF-PE,DEL02-PE,UOP03-DEL02-PE
195128,2019-03-04,segunda-feira,17:40:00,PE,104,63,CARUARU,Ingestão de Álcool,Colisão lateral,Sem Vítimas,Anoitecer,Crescente,Céu Claro,Simples,Interseção de Vias,Sim,2,0,0,0,2,0,0,2,"-8,2698","-35,9803",SPRF-PE,DEL02-PE,UOP01-DEL02-PE
195213,2019-03-05,terça-feira,12:15:00,PE,232,"85,1",GRAVATA,Falta de Atenção do Pedestre,Atropelamento de Pedestre,Com Vítimas Fatais,Pleno dia,Decrescente,Céu Claro,Dupla,Reta,Sim,2,1,0,0,1,0,0,2,"-8,20951081","-35,61182408",SPRF-PE,DEL01-PE,UOP02-DEL02PE
195253,2019-03-05,terça-feira,17:00:00,PE,232,"51,2",VITORIA DE SANTO ANTAO,Objeto estático sobre o leito carroçável,Saída de leito carroçável,Com Vítimas Feridas,Pleno dia,Crescente,Sol,Dupla,Reta,Não,5,0,2,2,1,0,4,1,"-8,13823439","-35,33196918",SPRF-PE,DEL01-PE,UOP02-DEL02PE
195273,2019-03-05,terça-feira,18:30:00,PE,232,"507,3",SALGUEIRO,Ingestão de álcool e/ou substâncias psicoativas pelo pedestre,Atropelamento de Pedestre,Com Vítimas Feridas,Plena Noite,Crescente,Céu Claro,Simples,Reta,Sim,3,0,0,1,2,0,1,2,"-8,06038759","-39,11191706",SPRF-PE,DEL05-PE,UOP01-DEL05-PE
195302,2019-03-05,terça-feira,20:48:00,PE,101,"103,2",CABO DE SANTO AGOSTINHO,Velocidade Incompatível,Atropelamento de Pedestre,Com Vítimas Fatais,Plena Noite,Decrescente,Céu Claro,Múltipla,Reta,Sim,3,1,0,0,1,1,0,2,"-8,29241321","-35,05598304",SPRF-PE,DEL01-PE,UOP03-DEL01-PE
195316,2019-03-05,terça-feira,22:30:00,PE,101,71,RECIFE,Falta de Atenção à Condução,Colisão transversal,Com Vítimas Feridas,Plena Noite,Crescente,Céu Claro,Múltipla,Reta,Sim,2,0,0,1,1,0,1,2,"-8,07663102","-34,94277871",SPRF-PE,DEL01-PE,UOP01-DEL01-PE
195327,2019-03-05,terça-feira,23:30:00,PE,423,93,GARANHUNS,Condutor Dormindo,Saída de leito carroçável,Sem Vítimas,Plena Noite,Crescente,Céu Claro,Simples,Rotatória,Sim,1,0,0,0,0,1,0,1,"-8,86972012","-36,46323792",SPRF-PE,DEL03-PE,UOP01-DEL03-PE
195449,2019-03-06,quarta-feira,16:30:00,PE,424,"83,9",GARANHUNS,Falta de Atenção à Condução,Capotamento,Com Vítimas Feridas,Pleno dia,Decrescente,Céu Claro,Simples,Declive,Não,3,0,2,1,0,0,3,1,"-8,84593423","-36,52457016",SPRF-PE,DEL03-PE,UOP01-DEL03-PE
195482,2019-03-06,quarta-feira,18:30:00,PE,232,308,SERTANIA,Animais na Pista,Atropelamento de Animal,Com Vítimas Feridas,Plena Noite,Crescente,Céu Claro,Simples,Declive,Não,2,0,0,1,1,0,1,1,"-8,1709842","-37,45960426",SPRF-PE,DEL03-PE,UOP02-DEL03-PE
195495,2019-03-06,quarta-feira,21:10:00,PE,101,"22,6",GOIANA,Falta de Atenção à Condução,Colisão traseira,Com Vítimas Feridas,Plena Noite,Crescente,Céu Claro,Dupla,Reta,Não,3,0,1,0,2,0,1,2,"-7,67583307","-34,92870811",SPRF-PE,DEL01-PE,UOP02-DEL01-PE
195555,2019-03-07,quinta-feira,09:30:00,PE,101,60,RECIFE,Falta de Atenção à Condução,Colisão traseira,Sem Vítimas,Pleno dia,Crescente,Sol,Dupla,Curva,Sim,2,0,0,0,2,0,0,2,"-7,98344307","-34,93176727",SPRF-PE,DEL01-PE,UOP02-DEL01-PE
195630,2019-03-07,quinta-feira,18:25:00,PE,424,"24,5",PEDRA,Não guardar distância de segurança,Colisão traseira,Com Vítimas Feridas,Anoitecer,Crescente,Céu Claro,Simples,Reta,Não,4,0,1,1,2,0,2,3,"-8,5409921","-36,91079815",SPRF-PE,DEL03-PE,UOP02-DEL03-PE
195654,2019-03-07,quinta-feira,22:15:00,PE,101,"62,5",RECIFE,Falta de Atenção à Condução,Colisão traseira,Com Vítimas Feridas,Plena Noite,Decrescente,Nublado,Dupla,Reta,Sim,3,0,1,0,2,0,1,2,"-7,99905898","-34,93899295",SPRF-PE,DEL01-PE,UOP02-DEL01-PE
195666,2019-03-08,sexta-feira,00:20:00,PE,104,64,CARUARU,Falta de Atenção à Condução,Colisão com objeto estático,Com Vítimas Feridas,Plena Noite,Decrescente,Céu Claro,Dupla,Interseção de Vias,Sim,2,0,1,0,1,0,1,1,"-8,2783","-35,9815",SPRF-PE,DEL02-PE,UOP01-DEL02-PE
195755,2019-03-08,sexta-feira,16:10:00,PE,232,106,BEZERROS,Falta de Atenção à Condução,Saída de leito carroçável,Com Vítimas Feridas,Pleno dia,Decrescente,Céu Claro,Dupla,Reta,Não,1,0,0,1,0,0,1,1,"-8,26300269","-35,79029821",SPRF-PE,DEL02-PE,UOP03-DEL02-PE
195757,2019-03-08,sexta-feira,15:17:00,PE,408,"64,7",CARPINA,Desobediência às normas de trânsito pelo condutor,Capotamento,Com Vítimas Fatais,Pleno dia,Crescente,Sol,Dupla,Reta,Sim,2,1,0,0,0,1,0,2,"-7,846511","-35,24029",SPRF-PE,DEL01-PE,UOP01-DEL01-PE
195762,2019-03-08,sexta-feira,16:00:00,PE,101,"77,8",RECIFE,Desobediência às normas de trânsito pelo condutor,Colisão transversal,Com Vítimas Feridas,Pleno dia,Crescente,Sol,Simples,Reta,Sim,2,0,0,1,1,0,1,2,"-8,126982","-34,94386",SPRF-PE,DEL01-PE,UOP01-DEL01-PE
195764,2019-03-08,sexta-feira,16:15:00,PE,101,"49,7",ABREU E LIMA,Falta de Atenção do Pedestre,Atropelamento de Pedestre,Com Vítimas Feridas,Pleno dia,Crescente,Céu Claro,Múltipla,Reta,Sim,2,0,0,1,1,0,1,2,"-7,9005152","-34,90180641",SPRF-PE,DEL01-PE,UOP02-DEL01-PE
195786,2019-03-08,sexta-feira,17:10:00,PE,101,74,RECIFE,Velocidade Incompatível,Tombamento,Com Vítimas Feridas,Pleno dia,Decrescente,Céu Claro,Simples,Curva,Não,1,0,1,0,0,0,1,1,"-8,102984","-34,948243",SPRF-PE,DEL01-PE,UOP01-DEL01-PE
195799,2019-03-08,sexta-feira,17:52:00,PE,101,64,RECIFE,Falta de Atenção à Condução,Colisão transversal,Com Vítimas Feridas,Anoitecer,Decrescente,Nublado,Múltipla,Reta,Sim,2,0,1,0,1,0,1,2,"-8,018544","-34,941818",SPRF-PE,DEL01-PE,UOP01-DEL01-PE
195872,2019-03-09,sábado,03:20:00,PE,101,"51,2",ABREU E LIMA,Condutor Dormindo,Colisão com objeto estático,Com Vítimas Fatais,Plena Noite,Decrescente,Céu Claro,Múltipla,Reta,Não,1,1,0,0,0,0,0,1,"-7,9169968","-34,89689272",SPRF-PE,DEL01-PE,UOP02-DEL01-PE
195877,2019-03-09,sábado,03:55:00,PE,101,"72,2",RECIFE,Falta de Atenção do Pedestre,Colisão traseira,Com Vítimas Feridas,Plena Noite,Decrescente,Céu Claro,Dupla,Reta,Sim,1,0,0,1,0,0,1,1,"-8,08493106","-34,9450639",SPRF-PE,DEL01-PE,UOP01-DEL01-PE
195927,2019-03-09,sábado,04:00:00,PE,232,516,SALGUEIRO,Ingestão de Álcool,Queda de ocupante de veículo,Sem Vítimas,Amanhecer,Crescente,Céu Claro,Simples,Reta,Não,1,0,0,0,1,0,0,1,"-8,06595076","-39,18871694",SPRF-PE,DEL05-PE,UOP01-DEL05-PE
195999,2019-03-09,sábado,18:35:00,PE,104,"123,9",PANELAS,Desobediência às normas de trânsito pelo condutor,Colisão frontal,Com Vítimas Fatais,Plena Noite,Crescente,Céu Claro,Simples,Reta,Não,6,1,3,2,0,0,5,2,"-8,722103","-36,021805",SPRF-PE,DEL02-PE,UOP01-DEL02-PE
196007,2019-03-09,sábado,19:15:00,PE,424,87,GARANHUNS,Falta de Atenção à Condução,Colisão transversal,Com Vítimas Feridas,Plena Noite,Decrescente,Céu Claro,Simples,Reta,Sim,2,0,0,1,0,1,1,2,"-8,874289","-36,507607",SPRF-PE,DEL03-PE,UOP01-DEL03-PE
196021,2019-03-09,sábado,19:20:00,PE,316,55,TRINDADE,Falta de Atenção à Condução,Colisão traseira,Com Vítimas Feridas,Plena Noite,Decrescente,Céu Claro,Simples,Reta,Não,2,0,0,2,0,0,2,2,"-7,74026268","-40,28663631",SPRF-PE,DEL05-PE,UOP02-DEL05-PE
196061,2019-03-09,sábado,23:15:00,PE,101,"49,4",ABREU E LIMA,Falta de Atenção à Condução,Colisão lateral,Com Vítimas Feridas,Plena Noite,Decrescente,Céu Claro,Múltipla,Reta,Sim,3,0,0,1,2,0,1,2,"-7,9005152","-34,90180641",SPRF-PE,DEL01-PE,UOP02-DEL01-PE
196064,2019-03-09,sábado,20:00:00,PE,407,23,AFRANIO,Animais na Pista,Atropelamento de Animal,Com Vítimas Feridas,Plena Noite,Crescente,Céu Claro,Simples,Reta,Não,3,0,3,0,0,0,3,1,"-8,62237203","-40,99588613",SPRF-PE,DEL06-PE,UOP02-DEL06-PE
196132,2019-03-10,domingo,11:45:00,PE,232,"432,8",SERRA TALHADA,Ultrapassagem Indevida,Colisão frontal,Com Vítimas Fatais,Pleno dia,Decrescente,Céu Claro,Simples,Aclive,Não,2,1,0,0,1,0,0,2,"-8,00516838","-38,49070587",SPRF-PE,DEL04-PE,UOP01-DEL04-PE
196186,2019-03-10,domingo,17:00:00,PE,101,"81,7",JABOATAO DOS GUARARAPES,Falta de Atenção à Condução,Colisão traseira,Com Vítimas Feridas,Anoitecer,Decrescente,Céu Claro,Múltipla,Reta,Sim,3,0,1,0,2,0,1,2,"-8,1597489","-34,94024569",SPRF-PE,DEL01-PE,UOP03-DEL01-PE
196196,2019-03-10,domingo,18:00:00,PE,101,90,CABO DE SANTO AGOSTINHO,Velocidade Incompatível,Colisão traseira,Sem Vítimas,Plena Noite,Crescente,Céu Claro,Simples,Reta,Sim,2,0,0,0,1,1,0,2,"-8,21612792","-34,98772817",SPRF-PE,DEL01-PE,UOP03-DEL01-PE
196247,2019-03-10,domingo,22:40:00,PE,232,80,GRAVATA,Ingestão de Álcool,Colisão frontal,Com Vítimas Feridas,Plena Noite,Decrescente,Céu Claro,Simples,Curva,Sim,3,0,0,3,0,0,3,2,"-8,197047","-35,577028",SPRF-PE,DEL01-PE,UOP02-DEL02PE
196282,2019-03-11,segunda-feira,06:30:00,PE,101,"122,2",ESCADA,Condutor Dormindo,Saída de leito carroçável,Sem Vítimas,Pleno dia,Crescente,Céu Claro,Dupla,Reta,Não,2,0,0,0,2,0,0,1,"-8,35922","-35,19582",SPRF-PE,DEL01-PE,UOP03-DEL01-PE
196340,2019-03-11,segunda-feira,10:50:00,PE,101,"81,9",JABOATAO DOS GUARARAPES,Não guardar distância de segurança,Colisão traseira,Com Vítimas Feridas,Pleno dia,Crescente,Céu Claro,Dupla,Curva,Sim,2,0,1,0,1,0,1,2,"-8,1597489","-34,94024569",SPRF-PE,DEL01-PE,UOP03-DEL01-PE
196398,2019-03-11,segunda-feira,09:00:00,PE,316,"338,5",PETROLANDIA,Desobediência às normas de trânsito pelo condutor,Colisão traseira,Com Vítimas Feridas,Pleno dia,Decrescente,Céu Claro,Simples,Reta,Não,7,0,6,0,1,0,6,2,"-8,77632707","-38,34362105",SPRF-PE,DEL04-PE,UOP03-DEL04-PE
196400,2019-03-11,segunda-feira,11:35:00,PE,232,"417,8",SERRA TALHADA,Falta de Atenção à Condução,Saída de leito carroçável,Com Vítimas Feridas,Pleno dia,Crescente,Céu Claro,Simples,Reta,Não,1,0,0,1,0,0,1,1,"-8,000298","-38,361745",SPRF-PE,DEL04-PE,UOP01-DEL04-PE
196444,2019-03-11,segunda-feira,20:00:00,PE,232,"298,7",SERTANIA,Animais na Pista,Atropelamento de Animal,Sem Vítimas,Plena Noite,Decrescente,Céu Claro,Simples,Reta,Não,1,0,0,0,1,0,0,1,"-8,240058","-37,406851",SPRF-PE,DEL03-PE,UOP02-DEL03-PE
196476,2019-03-12,terça-feira,05:40:00,PE,232,113,BEZERROS,Desobediência às normas de trânsito pelo condutor,Colisão transversal,Com Vítimas Feridas,Amanhecer,Decrescente,Céu Claro,Dupla,Reta,Sim,2,0,0,1,1,0,1,2,"-8,29906533","-35,8402169",SPRF-PE,DEL02-PE,UOP03-DEL02-PE
196484,2019-03-12,terça-feira,07:00:00,PE,232,7,RECIFE,Não guardar distância de segurança,Colisão traseira,Com Vítimas Feridas,Pleno dia,Decrescente,Sol,Dupla,Reta,Sim,6,0,2,0,4,0,2,4,"-8,07333497","-34,96184301",SPRF-PE,DEL01-PE,UOP01-DEL01-PE
196494,2019-03-12,terça-feira,08:15:00,PE,408,"56,1",NAZARE DA MATA,Falta de Atenção à Condução,Colisão traseira,Com Vítimas Feridas,Pleno dia,Crescente,Céu Claro,Simples,Reta,Sim,3,0,2,0,1,0,2,2,"-7,77994878","-35,23919365",SPRF-PE,DEL01-PE,UOP01-DEL01-PE
196562,2019-02-16,sábado,09:45:00,PE,232,57,POMBOS,Falta de Atenção à Condução,Colisão traseira,Sem Vítimas,Pleno dia,Crescente,Céu Claro,Dupla,Reta,Não,2,0,0,0,2,0,0,2,"-8,144629","-35,390347",SPRF-PE,DEL01-PE,UOP02-DEL02PE
196565,2019-03-12,terça-feira,13:50:00,PE,232,"268,8",SERTANIA,Ingestão de Álcool,Colisão transversal,Com Vítimas Feridas,Pleno dia,Decrescente,Chuva,Simples,Reta,Não,2,0,1,1,0,0,2,2,"-8,40626526","-37,20062302",SPRF-PE,DEL03-PE,UOP02-DEL03-PE
196649,2019-03-13,quarta-feira,04:00:00,PE,101,190,PALMARES,Animais na Pista,Capotamento,Sem Vítimas,Amanhecer,Decrescente,Nublado,Dupla,Curva,Não,2,0,0,0,2,0,0,1,"-8,69573052","-35,6103118",SPRF-PE,DEL01-PE,UOP03-DEL01-PE
196692,2019-03-13,quarta-feira,06:30:00,PE,101,"80,8",JABOATAO DOS GUARARAPES,Pista Escorregadia,Tombamento,Com Vítimas Feridas,Amanhecer,Crescente,Ignorado,Dupla,Reta,Sim,1,0,1,0,0,0,1,1,"-8,15112589","-34,9428866",SPRF-PE,DEL01-PE,UOP03-DEL01-PE
196711,2019-03-13,quarta-feira,09:40:00,PE,101,79,JABOATAO DOS GUARARAPES,Falta de Atenção do Pedestre,Atropelamento de Pedestre,Com Vítimas Fatais,Pleno dia,Crescente,Sol,Múltipla,Retorno Regulamentado,Sim,2,1,0,0,0,1,0,2,"-8,13776951","-34,97632742",SPRF-PE,DEL01-PE,UOP01-DEL01-PE
196727,2019-03-13,quarta-feira,12:10:00,PE,101,34,ITAPISSUMA,Não guardar distância de segurança,Colisão traseira,Sem Vítimas,Pleno dia,Decrescente,Céu Claro,Dupla,Reta,Não,4,0,0,0,4,0,0,2,"-7,77092801","-34,93524623",SPRF-PE,DEL01-PE,UOP02-DEL01-PE
196755,2019-02-07,quinta-feira,17:00:00,PE,316,238,BELEM DE SAO FRANCISCO,Agressão Externa,Saída de leito carroçável,Com Vítimas Feridas,Pleno dia,Decrescente,Ignorado,Simples,Reta,Não,1,0,1,0,0,0,1,1,"-8,62871324","-39,06725909",SPRF-PE,DEL05-PE,UOP03-DEL05-PE
196804,2019-03-13,quarta-feira,18:30:00,PE,101,"46,8",IGARASSU,Desobediência às normas de trânsito pelo condutor,Colisão transversal,Com Vítimas Feridas,Plena Noite,Crescente,Vento,Múltipla,Reta,Sim,2,0,0,1,0,1,1,2,"-7,87406004","-34,90588126",SPRF-PE,DEL01-PE,UOP02-DEL01-PE
196816,2019-03-13,quarta-feira,21:00:00,PE,232,"23,5",MORENO,Ingestão de Álcool,Saída de leito carroçável,Sem Vítimas,Plena Noite,Crescente,Céu Claro,Dupla,Curva,Não,1,0,0,0,1,0,0,1,"-8,0992185","-35,09713887",SPRF-PE,DEL01-PE,UOP02-DEL02PE
196837,2019-03-14,quinta-feira,00:45:00,PE,101,32,ITAPISSUMA,Não guardar distância de segurança,Colisão traseira,Com Vítimas Feridas,Plena Noite,Decrescente,Céu Claro,Dupla,Reta,Sim,4,0,1,0,1,2,1,2,"-7,75294197","-34,93621562",SPRF-PE,DEL01-PE,UOP02-DEL01-PE
196854,2019-03-14,quinta-feira,06:40:00,PE,101,93,CABO DE SANTO AGOSTINHO,Falta de Atenção à Condução,Colisão traseira,Com Vítimas Feridas,Pleno dia,Crescente,Nublado,Simples,Reta,Não,3,0,1,0,2,0,1,3,"-8,2396419","-35,00335418",SPRF-PE,DEL01-PE,UOP03-DEL01-PE
196926,2019-03-14,quinta-feira,15:15:00,PE,232,"152,6",SAO CAITANO,Falta de Atenção à Condução,Engavetamento,Com Vítimas Feridas,Pleno dia,Decrescente,Céu Claro,Simples,Aclive,Não,4,0,1,0,3,0,1,3,"-8,32701495","-36,18101",SPRF-PE,DEL02-PE,UOP03-DEL02-PE
196933,2019-03-14,quinta-feira,16:15:00,PE,408,"55,7",NAZARE DA MATA,Desobediência às normas de trânsito pelo condutor,Colisão frontal,Com Vítimas Feridas,Pleno dia,Decrescente,Céu Claro,Simples,Reta,Não,3,0,2,0,1,0,2,2,"-7,77176315","-35,23566726",SPRF-PE,DEL01-PE,UOP01-DEL01-PE
197011,2019-03-14,quinta-feira,23:20:00,PE,232,"39,4",VITORIA DE SANTO ANTAO,Agressão Externa,Tombamento,Com Vítimas Feridas,Plena Noite,Crescente,Céu Claro,Dupla,Reta,Não,2,0,0,1,0,1,1,2,"-8,118075","-35,230903",SPRF-PE,DEL01-PE,UOP02-DEL02PE
197013,2019-03-14,quinta-feira,20:00:00,PE,232,"327,2",CUSTODIA,Velocidade Incompatível,Capotamento,Com Vítimas Feridas,Plena Noite,Decrescente,Chuva,Simples,Reta,Não,3,0,1,1,1,0,2,1,"-8,09205298","-37,58593976",SPRF-PE,DEL03-PE,UOP02-DEL03-PE
197036,2019-03-15,sexta-feira,02:10:00,PE,428,"28,3",CABROBO,Animais na Pista,Atropelamento de Animal,Com Vítimas Feridas,Plena Noite,Crescente,Nublado,Simples,Aclive,Não,1,0,1,0,0,0,1,1,"-8,50833913","-39,46914554",SPRF-PE,DEL05-PE,UOP03-DEL05-PE
197101,2019-03-15,sexta-feira,12:45:00,PE,101,81,JABOATAO DOS GUARARAPES,Desobediência às normas de trânsito pelo condutor,Colisão traseira,Com Vítimas Feridas,Pleno dia,Decrescente,Sol,Dupla,Reta,Sim,2,0,1,0,1,0,1,2,"-8,1597489","-34,94024569",SPRF-PE,DEL01-PE,UOP03-DEL01-PE
197139,2019-03-15,sexta-feira,16:20:00,PE,408,82,PAUDALHO,Falta de Atenção à Condução,Tombamento,Sem Vítimas,Pleno dia,Decrescente,Céu Claro,Dupla,Curva,Não,1,0,0,0,0,1,0,1,"-7,94114095","-35,12370495",SPRF-PE,DEL01-PE,UOP01-DEL01-PE
197161,2019-03-15,sexta-feira,17:50:00,PE,232,133,CARUARU,Não guardar distância de segurança,Colisão traseira,Com Vítimas Feridas,Anoitecer,Crescente,Céu Claro,Dupla,Reta,Sim,3,0,2,0,1,0,2,2,"-8,30607988","-36,01576003",SPRF-PE,DEL02-PE,UOP03-DEL02-PE
197201,2019-03-15,sexta-feira,20:20:00,PE,232,"514,6",SALGUEIRO,Animais na Pista,Atropelamento de Animal,Com Vítimas Feridas,Plena Noite,Crescente,Céu Claro,Simples,Reta,Não,1,0,1,0,0,0,1,1,"-8,07047961","-39,17138084",SPRF-PE,DEL05-PE,UOP01-DEL05-PE
197268,2019-03-16,sábado,04:35:00,PE,101,20,GOIANA,Não guardar distância de segurança,Colisão traseira,Com Vítimas Fatais,Plena Noite,Decrescente,Céu Claro,Dupla,Reta,Não,7,1,0,1,4,1,1,3,"-7,66042701","-34,93780401",SPRF-PE,DEL01-PE,UOP02-DEL01-PE
197285,2019-03-16,sábado,07:15:00,PE,101,"20,7",GOIANA,Falta de Atenção à Condução,Colisão traseira,Com Vítimas Feridas,Pleno dia,Decrescente,Céu Claro,Múltipla,Reta,Sim,2,0,1,0,1,0,1,2,"-7,66042701","-34,93780401",SPRF-PE,DEL01-PE,UOP02-DEL01-PE
197307,2019-03-16,sábado,09:30:00,PE,232,175,BELO JARDIM,Falta de Atenção à Condução,Saída de leito carroçável,Sem Vítimas,Pleno dia,Crescente,Céu Claro,Simples,Curva,Sim,1,0,0,0,0,1,0,1,"-8,34100926","-36,38709684",SPRF-PE,DEL02-PE,UOP03-DEL02-PE
197319,2019-03-16,sábado,10:55:00,PE,101,"41,1",IGARASSU,Desobediência às normas de trânsito pelo condutor,Colisão transversal,Com Vítimas Feridas,Pleno dia,Crescente,Céu Claro,Dupla,Reta,Sim,2,0,2,0,0,0,2,2,"-7,83038346","-34,91426785",SPRF-PE,DEL01-PE,UOP02-DEL01-PE
197357,2019-03-16,sábado,15:20:00,PE,232,136,CARUARU,Falta de Atenção à Condução,Colisão com objeto estático,Com Vítimas Feridas,Pleno dia,Crescente,Sol,Dupla,Reta,Não,1,0,1,0,0,0,1,1,"-8,31589863","-36,05040211",SPRF-PE,DEL02-PE,UOP03-DEL02-PE
197386,2019-02-14,quinta-feira,23:00:00,PE,101,95,CABO DE SANTO AGOSTINHO,Velocidade Incompatível,Saída de leito carroçável,Com Vítimas Fatais,Plena Noite,Decrescente,Ignorado,Dupla,Reta,Não,1,1,0,0,0,0,0,1,"-8,2516","-35,0177",SPRF-PE,DEL01-PE,UOP03-DEL01-PE
197425,2019-03-16,sábado,20:20:00,PE,101,"78,5",RECIFE,Desobediência às normas de trânsito pelo condutor,Colisão frontal,Com Vítimas Feridas,Plena Noite,Decrescente,Céu Claro,Simples,Reta,Sim,2,0,0,1,1,0,1,2,"-8,13496499","-34,94738614",SPRF-PE,DEL01-PE,UOP01-DEL01-PE
197442,2019-03-16,sábado,21:40:00,PE,408,"71,7",PAUDALHO,Desobediência às normas de trânsito pelo condutor,Colisão lateral,Sem Vítimas,Plena Noite,Crescente,Céu Claro,Dupla,Reta,Sim,2,0,0,0,2,0,0,2,"-7,87509387","-35,18571891",SPRF-PE,DEL01-PE,UOP01-DEL01-PE
197454,2019-03-16,sábado,21:40:00,PE,408,"71,7",PAUDALHO,Desobediência às normas de trânsito pelo condutor,Colisão frontal,Sem Vítimas,Plena Noite,Crescente,Céu Claro,Dupla,Reta,Sim,3,0,0,0,1,2,0,2,"-7,87509387","-35,18571891",SPRF-PE,DEL01-PE,UOP01-DEL01-PE
197460,2019-03-16,sábado,22:00:00,PE,104,"8,9",TAQUARITINGA DO NORTE,Defeito Mecânico no Veículo,Incêndio,Sem Vítimas,Plena Noite,Decrescente,Céu Claro,Simples,Reta,Não,1,0,0,0,0,1,0,1,"-7,854047","-36,102032",SPRF-PE,DEL02-PE,UOP01-DEL02-PE
197489,2019-03-17,domingo,02:40:00,PE,424,69,CAETES,Ingestão de Álcool,Colisão lateral,Sem Vítimas,Plena Noite,Crescente,Céu Claro,Simples,Reta,Sim,2,0,0,0,2,0,0,2,"-8,7760952","-36,624982",SPRF-PE,DEL03-PE,UOP01-DEL03-PE
197533,2019-03-17,domingo,08:00:00,PE,101,"91,9",CABO DE SANTO AGOSTINHO,Velocidade Incompatível,Colisão traseira,Com Vítimas Feridas,Pleno dia,Crescente,Céu Claro,Dupla,Reta,Sim,2,0,0,1,1,0,1,2,"-8,22399812","-34,99290474",SPRF-PE,DEL01-PE,UOP03-DEL01-PE
197545,2019-03-17,domingo,10:00:00,PE,101,"89,5",CABO DE SANTO AGOSTINHO,Animais na Pista,Colisão com objeto em movimento,Com Vítimas Feridas,Pleno dia,Crescente,Céu Claro,Dupla,Viaduto,Não,4,0,1,0,0,3,1,2,"-8,20760697","-34,98372005",SPRF-PE,DEL01-PE,UOP03-DEL01-PE
197576,2019-03-17,domingo,15:00:00,PE,101,154,GAMELEIRA,Falta de Atenção do Pedestre,Saída de leito carroçável,Com Vítimas Feridas,Pleno dia,Crescente,Céu Claro,Dupla,Curva,Não,2,0,1,0,1,0,1,1,"-8,52860711","-35,38883966",SPRF-PE,DEL01-PE,UOP03-DEL01-PE
197586,2019-03-17,domingo,05:00:00,PE,423,"179,5",AGUAS BELAS,Ingestão de Álcool,Capotamento,Com Vítimas Feridas,Amanhecer,Decrescente,Ignorado,Simples,Reta,Não,2,0,1,0,0,1,1,1,"-9,13075762","-37,13273498",SPRF-PE,DEL03-PE,UOP01-DEL03-PE