id,data_inversa,dia_semana,horario,uf,br,km,municipio,causa_acidente,tipo_acidente,classificacao_acidente,fase_dia,sentido_via,condicao_metereologica,tipo_pista,tracado_via,uso_solo,pessoas,mortos,feridos_leves,feridos_graves,ilesos,ignorados,feridos,veiculos,latitude,longitude,regional,delegacia,uop
197643,2019-03-17,domingo,20:45:00,PE,423,"86,2",SAO JOAO,Animais na Pista,Atropelamento de Animal,Sem Vítimas,Plena Noite,Crescente,Céu Claro,Simples,Reta,Não,5,0,0,0,5,0,0,1,"-8,81401714","-36,4452687",SPRF-PE,DEL03-PE,UOP01-DEL03-PE
197706,2019-03-18,segunda-feira,06:50:00,PE,104,43,CARUARU,Não guardar distância de segurança,Colisão traseira,Com Vítimas Feridas,Pleno dia,Crescente,Céu Claro,Dupla,Reta,Não,1,0,1,0,0,0,1,1,"-8,1133","-36,0155",SPRF-PE,DEL02-PE,UOP01-DEL02-PE
197796,2019-03-18,segunda-feira,14:20:00,PE,101,"78,7",JABOATAO DOS GUARARAPES,Falta de Atenção à Condução,Colisão transversal,Sem Vítimas,Pleno dia,Crescente,Céu Claro,Dupla,Curva,Sim,2,0,0,0,2,0,0,2,"-8,142583","-34,947008",SPRF-PE,DEL01-PE,UOP01-DEL01-PE
197802,2019-03-18,segunda-feira,14:30:00,PE,232,4,RECIFE,Falta de Atenção à Condução,Colisão lateral,Sem Vítimas,Pleno dia,Decrescente,Céu Claro,Dupla,Reta,Sim,3,0,0,0,3,0,0,3,"-8,064473","-34,936928",SPRF-PE,DEL01-PE,UOP01-DEL01-PE
197815,2019-03-18,segunda-feira,12:40:00,PE,101,173,JOAQUIM NABUCO,Defeito na Via,Saída de leito carroçável,Com Vítimas Feridas,Pleno dia,Crescente,Chuva,Dupla,Declive,Não,3,0,2,0,1,0,2,1,"-8,59267042","-35,52108286",SPRF-PE,DEL01-PE,UOP03-DEL01-PE
197830,2019-03-18,segunda-feira,12:20:00,PE,423,21,SAO CAITANO,Velocidade Incompatível,Capotamento,Sem Vítimas,Pleno dia,Decrescente,Céu Claro,Simples,Reta,Não,1,0,0,0,0,1,0,1,"-8,34587741","-36,16528759",SPRF-PE,DEL02-PE,UOP03-DEL02-PE
197896,2019-03-19,terça-feira,00:25:00,PE,232,162,TACAIMBO,Animais na Pista,Atropelamento de Animal,Sem Vítimas,Plena Noite,Decrescente,Céu Claro,Simples,Reta,Não,1,0,0,0,1,0,0,1,"-8,33319","-36,2768",SPRF-PE,DEL02-PE,UOP03-DEL02-PE
197926,2019-03-19,terça-feira,07:40:00,PE,423,"98,7",GARANHUNS,Desobediência às normas de trânsito pelo condutor,Colisão transversal,Com Vítimas Feridas,Pleno dia,Crescente,Céu Claro,Simples,Interseção de Vias;Curva      ,Sim,2,0,0,1,1,0,1,2,"-8,87617488","-36,50363499",SPRF-PE,DEL03-PE,UOP01-DEL03-PE
197935,2019-03-19,terça-feira,08:00:00,PE,232,146,SAO CAITANO,Falta de Atenção à Condução,Colisão traseira,Sem Vítimas,Pleno dia,Decrescente,Céu Claro,Dupla,Curva,Sim,2,0,0,0,2,0,0,2,"-8,33218974","-36,12904312",SPRF-PE,DEL02-PE,UOP03-DEL02-PE
197950,2019-03-19,terça-feira,08:50:00,PE,101,136,ESCADA,Defeito na Via,Queda de ocupante de veículo,Com Vítimas Feridas,Pleno dia,Decrescente,Sol,Dupla,Interseção de Vias,Não,1,0,1,0,0,0,1,1,"-8,41439454","-35,3044618",SPRF-PE,DEL01-PE,UOP03-DEL01-PE
198072,2019-03-20,quarta-feira,00:30:00,PE,232,146,SAO CAITANO,Ingestão de Álcool,Tombamento,Com Vítimas Feridas,Plena Noite,Crescente,Céu Claro,Dupla,Reta,Sim,1,0,1,0,0,0,1,1,"-8,33218974","-36,12904312",SPRF-PE,DEL02-PE,UOP03-DEL02-PE
198128,2019-03-20,quarta-feira,08:20:00,PE,407,129,PETROLINA,Falta de Atenção à Condução,Colisão transversal,Com Vítimas Feridas,Pleno dia,Decrescente,Sol,Simples,Interseção de Vias,Sim,1,0,1,0,0,0,1,1,"-9,39958299","-40,50459298",SPRF-PE,DEL06-PE,UOP01-DEL06-PE
198135,2019-03-20,quarta-feira,10:20:00,PE,232,40,VITORIA DE SANTO ANTAO,Falta de Atenção à Condução,Colisão traseira,Com Vítimas Feridas,Pleno dia,Crescente,Céu Claro,Dupla,Reta,Não,2,0,1,0,1,0,1,2,"-8,1162429","-35,23508889",SPRF-PE,DEL01-PE,UOP02-DEL02PE
198148,2019-03-20,quarta-feira,12:10:00,PE,116,42,SALGUEIRO,Defeito Mecânico no Veículo,Incêndio,Sem Vítimas,Pleno dia,Crescente,Céu Claro,Simples,Reta,Não,1,0,0,0,1,0,0,1,"-8,205779","-39,104805",SPRF-PE,DEL05-PE,UOP01-DEL05-PE
198150,2019-03-20,quarta-feira,12:30:00,PE,101,112,CABO DE SANTO AGOSTINHO,Defeito Mecânico no Veículo,Capotamento,Com Vítimas Feridas,Pleno dia,Decrescente,Sol,Dupla,Declive,Não,4,0,4,0,0,0,4,1,"-8,3278918","-35,119238",SPRF-PE,DEL01-PE,UOP03-DEL01-PE
198181,2019-03-20,quarta-feira,14:00:00,PE,101,160,RIBEIRAO,Condutor Dormindo,Colisão traseira,Sem Vítimas,Pleno dia,Crescente,Céu Claro,Dupla,Reta,Não,2,0,0,0,2,0,0,2,"-8,55559186","-35,42237611",SPRF-PE,DEL01-PE,UOP03-DEL01-PE
198256,2019-03-21,quinta-feira,03:00:00,PE,101,109,CABO DE SANTO AGOSTINHO,Velocidade Incompatível,Capotamento,Com Vítimas Feridas,Plena Noite,Decrescente,Céu Claro,Dupla,Curva,Não,2,0,1,0,1,0,1,1,"-8,31012798","-35,09967817",SPRF-PE,DEL01-PE,UOP03-DEL01-PE
198282,2019-03-21,quinta-feira,08:35:00,PE,101,100,CABO DE SANTO AGOSTINHO,Falta de Atenção à Condução,Colisão transversal,Com Vítimas Feridas,Pleno dia,Crescente,Sol,Simples,Interseção de Vias,Sim,2,0,1,0,1,0,1,2,"-8,26699309","-35,05234386",SPRF-PE,DEL01-PE,UOP03-DEL01-PE
198304,2019-03-21,quinta-feira,12:35:00,PE,101,78,JABOATAO DOS GUARARAPES,Falta de Atenção à Condução,Colisão transversal,Sem Vítimas,Pleno dia,Crescente,Sol,Simples,Reta,Sim,2,0,0,0,1,1,0,2,"-8,13496499","-34,94738614",SPRF-PE,DEL01-PE,UOP01-DEL01-PE
198339,2019-03-21,quinta-feira,12:23:00,PE,428,"112,3",SANTA MARIA DA BOA VISTA,Animais na Pista,Capotamento,Com Vítimas Feridas,Plena Noite,Decrescente,Chuva,Simples,Aclive,Não,3,0,3,0,0,0,3,1,"-8,8970032","-40,04432977",SPRF-PE,DEL06-PE,UOP03-DEL06-PE
198342,2019-03-21,quinta-feira,14:50:00,PE,232,"133,6",CARUARU,Condutor Dormindo,Engavetamento,Com Vítimas Feridas,Pleno dia,Decrescente,Céu Claro,Dupla,Reta,Sim,4,0,1,0,3,0,1,3,"-8,30607988","-36,01576003",SPRF-PE,DEL02-PE,UOP03-DEL02-PE
198395,2019-03-21,quinta-feira,20:00:00,PE,101,"66,8",RECIFE,Desobediência às normas de trânsito pelo condutor,Colisão transversal,Com Vítimas Feridas,Plena Noite,Crescente,Céu Claro,Dupla,Curva,Sim,2,0,0,1,0,1,1,2,"-8,03368534","-34,94184125",SPRF-PE,DEL01-PE,UOP01-DEL01-PE
198479,2019-03-22,sexta-feira,07:30:00,PE,104,52,CARUARU,Falta de Atenção à Condução,Colisão traseira,Com Vítimas Feridas,Pleno dia,Crescente,Sol,Dupla,Declive,Não,2,0,1,0,1,0,1,2,"-8,167598","-35,97684",SPRF-PE,DEL02-PE,UOP01-DEL02-PE
198548,2019-03-22,sexta-feira,15:45:00,PE,101,78,RECIFE,Sinalização da via insuficiente ou inadequada,Colisão transversal,Com Vítimas Feridas,Anoitecer,Decrescente,Céu Claro,Simples,Interseção de Vias,Sim,2,0,1,0,0,1,1,2,"-8,13496499","-34,94738614",SPRF-PE,DEL01-PE,UOP01-DEL01-PE
198759,2019-03-23,sábado,12:40:00,PE,424,"80,5",GARANHUNS,Falta de Atenção à Condução,Colisão traseira,Com Vítimas Feridas,Pleno dia,Crescente,Céu Claro,Simples,Reta,Não,3,0,1,0,2,0,1,3,"-8,8305209","-36,54673593",SPRF-PE,DEL03-PE,UOP01-DEL03-PE
198800,2019-03-23,sábado,16:20:00,PE,101,"50,6",ABREU E LIMA,Falta de Atenção à Condução,Colisão lateral,Com Vítimas Feridas,Pleno dia,Crescente,Céu Claro,Múltipla,Reta,Sim,2,0,1,0,1,0,1,2,"-7,91433489","-34,89909237",SPRF-PE,DEL01-PE,UOP02-DEL01-PE
198818,2019-03-23,sábado,18:20:00,PE,232,"119,1",CARUARU,Ingestão de Álcool,Colisão lateral,Com Vítimas Feridas,Plena Noite,Crescente,Nublado,Dupla,Reta,Não,2,0,1,1,0,0,2,2,"-8,2962792","-35,89314995",SPRF-PE,DEL02-PE,UOP03-DEL02-PE
198896,2019-03-23,sábado,19:30:00,PE,423,"154,9",AGUAS BELAS,Ingestão de Álcool,Colisão frontal,Com Vítimas Fatais,Plena Noite,Decrescente,Nublado,Simples,Curva,Não,2,1,0,0,0,1,0,2,"-9,0566026","-36,93412423",SPRF-PE,DEL03-PE,UOP01-DEL03-PE
198915,2019-03-24,domingo,00:50:00,PE,407,126,PETROLINA,Ingestão de Álcool,Queda de ocupante de veículo,Com Vítimas Feridas,Plena Noite,Crescente,Nublado,Dupla,Rotatória,Sim,1,0,1,0,0,0,1,1,"-9,38723463","-40,52612364",SPRF-PE,DEL06-PE,UOP01-DEL06-PE
198946,2019-03-24,domingo,06:45:00,PE,101,112,IPOJUCA,Falta de Atenção à Condução,Colisão com objeto estático,Sem Vítimas,Amanhecer,Crescente,Céu Claro,Dupla,Curva,Não,1,0,0,0,0,1,0,1,"-8,3278918","-35,119238",SPRF-PE,DEL01-PE,UOP03-DEL01-PE
198979,2019-02-23,sábado,10:45:00,PE,104,96,AGRESTINA,Falta de Atenção à Condução,Colisão frontal,Com Vítimas Feridas,Pleno dia,Crescente,Céu Claro,Simples,Reta,Não,2,0,1,0,1,0,1,2,"-8,531186","-35,938961",SPRF-PE,DEL02-PE,UOP01-DEL02-PE
198986,2019-03-24,domingo,13:00:00,PE,232,"273,6",SERTANIA,Falta de Atenção à Condução,Colisão traseira,Com Vítimas Feridas,Pleno dia,Crescente,Céu Claro,Simples,Reta,Não,2,0,1,0,1,0,1,2,"-8,38821598","-37,24139699",SPRF-PE,DEL03-PE,UOP02-DEL03-PE
199003,2019-03-24,domingo,14:15:00,PE,104,"60,6",CARUARU,Ingestão de Álcool,Colisão traseira,Sem Vítimas,Pleno dia,Crescente,Nublado,Dupla,Curva,Sim,2,0,0,0,1,1,0,2,"-8,23656985","-35,97592642",SPRF-PE,DEL02-PE,UOP01-DEL02-PE
199042,2019-03-24,domingo,18:50:00,PE,101,"70,4",RECIFE,Ingestão de Álcool,Colisão lateral,Sem Vítimas,Plena Noite,Decrescente,Nublado,Dupla,Reta,Sim,2,0,0,0,2,0,0,2,"-8,073829","-34,942566",SPRF-PE,DEL01-PE,UOP01-DEL01-PE
199083,2019-03-24,domingo,18:40:00,PE,232,129,CARUARU,Falta de Atenção do Pedestre,Atropelamento de Pedestre,Com Vítimas Feridas,Pleno dia,Crescente,Céu Claro,Dupla,Reta,Sim,2,0,1,0,1,0,1,2,"-8,30193507","-35,98092002",SPRF-PE,DEL02-PE,UOP03-DEL02-PE
199099,2019-03-24,domingo,22:18:00,PE,232,145,SAO CAITANO,Velocidade Incompatível,Colisão com objeto estático,Com Vítimas Feridas,Plena Noite,Crescente,Céu Claro,Dupla,Rotatória,Não,4,0,0,1,0,3,1,4,"-8,32868","-36,120811",SPRF-PE,DEL02-PE,UOP03-DEL02-PE
199119,2019-03-25,segunda-feira,00:30:00,PE,407,124,PETROLINA,Ingestão de Álcool,Colisão com objeto estático,Com Vítimas Feridas,Plena Noite,Crescente,Céu Claro,Simples,Curva,Sim,1,0,0,1,0,0,1,1,"-9,36929881","-40,54137139",SPRF-PE,DEL06-PE,UOP01-DEL06-PE
199151,2019-03-25,segunda-feira,07:30:00,PE,316,"21,9",ARARIPINA,Desobediência às normas de trânsito pelo condutor,Colisão transversal,Com Vítimas Feridas,Pleno dia,Crescente,Nublado,Simples,Reta,Sim,3,0,1,0,1,1,1,2,"-7,56839315","-40,52717307",SPRF-PE,DEL05-PE,UOP02-DEL05-PE
199163,2019-03-25,segunda-feira,08:50:00,PE,232,"90,9",SAIRE,Defeito Mecânico no Veículo,Colisão com objeto estático,Com Vítimas Feridas,Pleno dia,Crescente,Nublado,Dupla,Reta,Não,1,0,1,0,0,0,1,1,"-8,2172915","-35,65572305",SPRF-PE,DEL01-PE,UOP02-DEL02PE
199231,2019-03-25,segunda-feira,11:30:00,PE,101,156,RIBEIRAO,Condutor Dormindo,Tombamento,Com Vítimas Feridas,Pleno dia,Crescente,Céu Claro,Múltipla,Reta,Não,2,0,1,0,1,0,1,1,"-8,54597711","-35,39140871",SPRF-PE,DEL01-PE,UOP03-DEL01-PE
199250,2019-03-25,segunda-feira,18:20:00,PE,101,"53,7",PAULISTA,Falta de Atenção do Pedestre,Atropelamento de Pedestre,Com Vítimas Feridas,Anoitecer,Decrescente,Céu Claro,Dupla,Reta,Não,2,0,2,0,0,0,2,2,"-7,93961103","-34,90356584",SPRF-PE,DEL01-PE,UOP02-DEL01-PE
199258,2019-03-25,segunda-feira,18:20:00,PE,428,"184,7",PETROLINA,Falta de Atenção do Pedestre,Atropelamento de Pedestre,Com Vítimas Feridas,Plena Noite,Decrescente,Céu Claro,Simples,Reta,Sim,2,0,1,1,0,0,2,2,"-9,35061863","-40,47570532",SPRF-PE,DEL06-PE,UOP01-DEL06-PE
199267,2019-03-25,segunda-feira,18:10:00,PE,110,242,JATOBA,Animais na Pista,Queda de ocupante de veículo,Com Vítimas Feridas,Anoitecer,Decrescente,Céu Claro,Simples,Reta,Sim,1,0,0,1,0,0,1,1,"-9,15735192","-38,28225372",SPRF-BA,DEL07-BA,UOP01-DEL07-BA
199337,2019-03-26,terça-feira,08:05:00,PE,232,"58,4",POMBOS,Mal Súbito,Atropelamento de Pedestre,Com Vítimas Feridas,Pleno dia,Crescente,Céu Claro,Dupla,Reta,Sim,4,0,1,1,2,0,2,2,"-8,14462866","-35,39034714",SPRF-PE,DEL01-PE,UOP02-DEL02PE
199367,2019-03-26,terça-feira,11:40:00,PE,101,86,JABOATAO DOS GUARARAPES,Falta de Atenção à Condução,Colisão transversal,Com Vítimas Feridas,Pleno dia,Decrescente,Chuva,Simples,Reta,Sim,2,0,1,0,1,0,1,2,"-8,18470013","-34,96816895",SPRF-PE,DEL01-PE,UOP03-DEL01-PE
199370,2019-03-26,terça-feira,11:50:00,PE,428,187,PETROLINA,Desobediência às normas de trânsito pelo condutor,Tombamento,Com Vítimas Feridas,Pleno dia,Decrescente,Sol,Simples,Reta,Sim,2,0,1,0,1,0,1,2,"-9,35604301","-40,47854198",SPRF-PE,DEL06-PE,UOP01-DEL06-PE
199380,2019-03-26,terça-feira,13:20:00,PE,101,"65,6",RECIFE,Velocidade Incompatível,Colisão traseira,Com Vítimas Feridas,Pleno dia,Decrescente,Chuva,Dupla,Reta,Sim,2,0,1,0,1,0,1,2,"-8,030501","-34,942663",SPRF-PE,DEL01-PE,UOP01-DEL01-PE
199385,2019-03-26,terça-feira,12:50:00,PE,408,83,PAUDALHO,Ingestão de Álcool,Colisão traseira,Sem Vítimas,Pleno dia,Crescente,Nublado,Dupla,Reta,Sim,2,0,0,0,2,0,0,2,"-7,94549251","-35,11580722",SPRF-PE,DEL01-PE,UOP01-DEL01-PE
199388,2019-03-26,terça-feira,14:30:00,PE,101,"23,6",GOIANA,Falta de Atenção à Condução,Saída de leito carroçável,Com Vítimas Feridas,Pleno dia,Crescente,Nublado,Dupla,Curva,Não,2,0,1,0,1,0,1,1,"-7,68357776","-34,92410458",SPRF-PE,DEL01-PE,UOP02-DEL01-PE
199482,2019-03-27,quarta-feira,04:00:00,PE,232,"297,4",SERTANIA,Restrição de Visibilidade,Capotamento,Com Vítimas Feridas,Plena Noite,Decrescente,Nevoeiro/Neblina,Simples,Reta,Não,4,0,3,0,1,0,3,1,"-8,25029924","-37,39955734",SPRF-PE,DEL03-PE,UOP02-DEL03-PE
199531,2019-03-27,quarta-feira,11:40:00,PE,101,"69,8",RECIFE,Falta de Atenção à Condução,Colisão traseira,Com Vítimas Feridas,Pleno dia,Decrescente,Nublado,Dupla,Reta,Sim,2,0,1,0,1,0,1,2,"-8,06776119","-34,94265074",SPRF-PE,DEL01-PE,UOP01-DEL01-PE
199557,2019-02-07,quinta-feira,14:05:00,PE,232,11,JABOATAO DOS GUARARAPES,Falta de Atenção à Condução,Colisão traseira,Sem Vítimas,Pleno dia,Decrescente,Sol,Dupla,Reta,Sim,2,0,0,0,2,0,0,2,"-8,081954","-34,995449",SPRF-PE,DEL01-PE,UOP01-DEL01-PE
199637,2019-03-27,quarta-feira,22:15:00,PE,101,175,JOAQUIM NABUCO,Condutor Dormindo,Capotamento,Com Vítimas Feridas,Plena Noite,Crescente,Nublado,Dupla,Curva,Não,3,0,0,2,1,0,2,1,"-8,60296585","-35,535297",SPRF-PE,DEL01-PE,UOP03-DEL01-PE
199705,2019-03-28,quinta-feira,10:10:00,PE,101,"79,4",JABOATAO DOS GUARARAPES,Desobediência às normas de trânsito pelo condutor,Colisão transversal,Com Vítimas Feridas,Pleno dia,Crescente,Nublado,Simples,Reta,Sim,3,0,1,0,2,0,1,2,"-8,14366112","-34,94723453",SPRF-PE,DEL01-PE,UOP01-DEL01-PE
199833,2019-03-28,quinta-feira,23:40:00,PE,428,96,SANTA MARIA DA BOA VISTA,Animais na Pista,Atropelamento de Animal,Sem Vítimas,Plena Noite,Crescente,Céu Claro,Simples,Reta,Não,1,0,0,0,1,0,0,1,"-8,81953809","-39,92723694",SPRF-PE,DEL06-PE,UOP03-DEL06-PE
199863,2019-03-29,sexta-feira,05:20:00,PE,423,"41,4",CACHOEIRINHA,Ingestão de Álcool,Colisão frontal,Com Vítimas Feridas,Amanhecer,Decrescente,Céu Claro,Simples,Reta,Não,7,0,1,1,5,0,2,3,"-8,50137217","-36,24621989",SPRF-PE,DEL03-PE,UOP01-DEL03-PE
199900,2019-03-29,sexta-feira,13:40:00,PE,407,127,PETROLINA,Desobediência às normas de trânsito pelo condutor,Colisão transversal,Com Vítimas Feridas,Pleno dia,Decrescente,Céu Claro,Simples,Reta,Sim,2,0,1,0,1,0,1,2,"-9,3908678","-40,52038627",SPRF-PE,DEL06-PE,UOP01-DEL06-PE
199914,2019-03-29,sexta-feira,15:45:00,PE,232,115,BEZERROS,Falta de Atenção à Condução,Capotamento,Com Vítimas Feridas,Pleno dia,Decrescente,Céu Claro,Dupla,Reta,Não,1,0,0,1,0,0,1,1,"-8,25531","-35,77375",SPRF-PE,DEL02-PE,UOP03-DEL02-PE
199940,2019-03-29,sexta-feira,17:30:00,PE,101,"68,4",RECIFE,Falta de Atenção à Condução,Colisão traseira,Sem Vítimas,Amanhecer,Decrescente,Céu Claro,Dupla,Aclive,Sim,2,0,0,0,2,0,0,2,"-8,05074296","-34,94580619",SPRF-PE,DEL01-PE,UOP01-DEL01-PE
199998,2019-03-29,sexta-feira,23:10:00,PE,232,"507,9",SALGUEIRO,Ingestão de Álcool,Colisão frontal,Com Vítimas Feridas,Plena Noite,Decrescente,Céu Claro,Simples,Reta,Sim,2,0,0,1,1,0,1,2,"-8,06038759","-39,11191706",SPRF-PE,DEL05-PE,UOP01-DEL05-PE
200009,2019-03-30,sábado,00:00:00,PE,407,126,PETROLINA,Falta de Atenção à Condução,Queda de ocupante de veículo,Com Vítimas Feridas,Plena Noite,Crescente,Céu Claro,Dupla,Rotatória,Sim,1,0,1,0,0,0,1,1,"-9,38765225","-40,52592516",SPRF-PE,DEL06-PE,UOP01-DEL06-PE
200040,2019-03-30,sábado,02:00:00,PE,232,"123,2",CARUARU,Ingestão de Álcool,Saída de leito carroçável,Com Vítimas Feridas,Plena Noite,Decrescente,Céu Claro,Dupla,Reta,Não,1,0,0,1,0,0,1,1,"-8,30417276","-35,92823905",SPRF-PE,DEL02-PE,UOP03-DEL02-PE
200051,2019-03-30,sábado,07:10:00,PE,232,"554,3",PARNAMIRIM,Velocidade Incompatível,Capotamento,Com Vítimas Feridas,Pleno dia,Crescente,Sol,Simples,Reta,Não,7,0,5,2,0,0,7,1,"-8,08677211","-39,52424697",SPRF-PE,DEL05-PE,UOP01-DEL05-PE
200081,2019-03-30,sábado,10:00:00,PE,232,"125,9",CARUARU,Defeito na Via,Saída de leito carroçável,Sem Vítimas,Pleno dia,Decrescente,Chuva,Dupla,Reta,Não,2,0,0,0,2,0,0,1,"-8,30807114","-35,94580097",SPRF-PE,DEL02-PE,UOP03-DEL02-PE
200141,2019-03-30,sábado,14:35:00,PE,101,"82,3",JABOATAO DOS GUARARAPES,Falta de Atenção à Condução,Colisão lateral,Com Vítimas Feridas,Pleno dia,Crescente,Nublado,Dupla,Reta,Sim,3,0,2,0,1,0,2,2,"-8,168383","-34,9376",SPRF-PE,DEL01-PE,UOP03-DEL01-PE
200224,2019-03-30,sábado,20:30:00,PE,428,183,PETROLINA,Pista Escorregadia,Colisão transversal,Com Vítimas Feridas,Plena Noite,Decrescente,Céu Claro,Simples,Reta,Não,3,0,0,3,0,0,3,2,"-9,32412987","-40,46211325",SPRF-PE,DEL06-PE,UOP01-DEL06-PE
200226,2019-03-30,sábado,20:45:00,PE,428,189,PETROLINA,Desobediência às normas de trânsito pelo condutor,Colisão traseira,Com Vítimas Feridas,Plena Noite,Crescente,Céu Claro,Múltipla,Reta,Sim,2,0,1,0,0,1,1,2,"-9,37197508","-40,48679585",SPRF-PE,DEL06-PE,UOP01-DEL06-PE
200338,2019-03-31,domingo,12:10:00,PE,101,79,JABOATAO DOS GUARARAPES,Ultrapassagem Indevida,Colisão lateral,Com Vítimas Feridas,Pleno dia,Decrescente,Nublado,Dupla,Curva,Não,2,0,1,0,1,0,1,2,"-8,14366112","-34,94723453",SPRF-PE,DEL01-PE,UOP01-DEL01-PE
200343,2019-03-31,domingo,13:00:00,PE,104,"91,9",AGRESTINA,Falta de Atenção à Condução,Colisão frontal,Com Vítimas Fatais,Pleno dia,Crescente,Céu Claro,Simples,Curva,Sim,5,1,2,1,0,1,3,2,"-8,487702","-35,946243",SPRF-PE,DEL02-PE,UOP01-DEL02-PE
200362,2019-03-31,domingo,14:25:00,PE,424,"87,2",GARANHUNS,Desobediência às normas de trânsito pelo condutor,Colisão frontal,Com Vítimas Feridas,Pleno dia,Decrescente,Nublado,Simples,Curva,Sim,3,0,0,2,1,0,2,2,"-8,874289","-36,507607",SPRF-PE,DEL03-PE,UOP01-DEL03-PE
200364,2019-03-27,quarta-feira,15:00:00,PE,232,"186,7",BELO JARDIM,Fenômenos da Natureza,Tombamento,Com Vítimas Feridas,Pleno dia,Decrescente,Chuva,Simples,Reta,Não,1,0,0,1,0,0,1,1,"-8,35289635","-36,48256297",SPRF-PE,DEL02-PE,UOP03-DEL02-PE
200369,2019-03-31,domingo,14:40:00,PE,101,94,CABO DE SANTO AGOSTINHO,Falta de Atenção à Condução,Colisão lateral,Com Vítimas Feridas,Pleno dia,Decrescente,Céu Claro,Dupla,Rotatória,Não,3,0,1,0,2,0,1,2,"-8,24829064","-35,00697936",SPRF-PE,DEL01-PE,UOP03-DEL01-PE
200381,2019-03-31,domingo,16:15:00,PE,101,97,CABO DE SANTO AGOSTINHO,Falta de Atenção à Condução,Queda de ocupante de veículo,Com Vítimas Feridas,Pleno dia,Decrescente,Céu Claro,Múltipla,Reta,Não,1,0,1,0,0,0,1,1,"-8,25331064","-35,0296397",SPRF-PE,DEL01-PE,UOP03-DEL01-PE
200394,2019-03-31,domingo,18:00:00,PE,101,"49,3",ABREU E LIMA,Falta de Atenção à Condução,Colisão traseira,Com Vítimas Feridas,Plena Noite,Decrescente,Céu Claro,Múltipla,Reta,Sim,3,0,1,0,2,0,1,2,"-7,9005152","-34,90180641",SPRF-PE,DEL01-PE,UOP02-DEL01-PE
200418,2019-03-31,domingo,19:30:00,PE,428,188,PETROLINA,Desobediência às normas de trânsito pelo condutor,Colisão transversal,Com Vítimas Feridas,Plena Noite,Crescente,Céu Claro,Simples,Reta,Sim,2,0,1,0,1,0,1,2,"-9,37381718","-40,48799872",SPRF-PE,DEL06-PE,UOP01-DEL06-PE
200430,2019-03-31,domingo,20:15:00,PE,232,"21,8",MORENO,Ingestão de Álcool,Saída de leito carroçável,Com Vítimas Fatais,Plena Noite,Decrescente,Céu Claro,Dupla,Reta,Não,8,3,4,0,1,0,4,2,"-8,09580234","-35,08012588",SPRF-PE,DEL01-PE,UOP02-DEL02PE
200548,2019-04-01,segunda-feira,08:30:00,PE,104,"29,7",TORITAMA,Falta de Atenção à Condução,Engavetamento,Com Vítimas Feridas,Pleno dia,Decrescente,Céu Claro,Simples,Reta,Sim,4,0,2,0,2,0,2,3,"-8,0078","-36,0621",SPRF-PE,DEL02-PE,UOP01-DEL02-PE
200554,2019-04-01,segunda-feira,06:00:00,PE,101,"47,6",ABREU E LIMA,Velocidade Incompatível,Capotamento,Sem Vítimas,Pleno dia,Crescente,Céu Claro,Múltipla,Reta,Sim,1,0,0,0,0,1,0,1,"-7,88290701","-34,90461208",SPRF-PE,DEL01-PE,UOP02-DEL01-PE
200584,2019-04-01,segunda-feira,16:30:00,PE,101,81,JABOATAO DOS GUARARAPES,Falta de Atenção do Pedestre,Atropelamento de Pedestre,Com Vítimas Feridas,Plena Noite,Decrescente,Céu Claro,Simples,Em Obras,Sim,2,0,0,1,1,0,1,2,"-8,1597489","-34,94024569",SPRF-PE,DEL01-PE,UOP03-DEL01-PE
200603,2019-04-01,segunda-feira,17:30:00,PE,101,50,ABREU E LIMA,Falta de Atenção à Condução,Colisão traseira,Com Vítimas Feridas,Anoitecer,Decrescente,Vento,Múltipla,Reta,Sim,2,0,2,0,0,0,2,2,"-7,90938602","-34,90123228",SPRF-PE,DEL01-PE,UOP02-DEL01-PE
200617,2019-04-01,segunda-feira,17:40:00,PE,407,129,PETROLINA,Desobediência às normas de trânsito pelo condutor,Colisão transversal,Com Vítimas Feridas,Anoitecer,Decrescente,Nublado,Simples,Rotatória,Sim,1,0,0,1,0,0,1,1,"-9,39958299","-40,50459298",SPRF-PE,DEL06-PE,UOP01-DEL06-PE
200734,2019-04-02,terça-feira,12:00:00,PE,101,"70,3",RECIFE,Desobediência às normas de trânsito pelo pedestre,Atropelamento de Pedestre,Com Vítimas Feridas,Pleno dia,Decrescente,Céu Claro,Dupla,Reta,Sim,2,0,1,1,0,0,2,2,"-8,06776119","-34,94265074",SPRF-PE,DEL01-PE,UOP01-DEL01-PE
200759,2019-03-17,domingo,17:15:00,PE,423,"75,6",JUPI,Ultrapassagem Indevida,Colisão frontal,Com Vítimas Feridas,Pleno dia,Crescente,Céu Claro,Simples,Declive,Não,2,0,2,0,0,0,2,2,"-8,724732","-36,429327",SPRF-PE,DEL03-PE,UOP01-DEL03-PE
200778,2019-04-02,terça-feira,17:40:00,PE,104,87,AGRESTINA,Falta de Atenção do Pedestre,Atropelamento de Pedestre,Com Vítimas Feridas,Plena Noite,Crescente,Céu Claro,Simples,Reta,Sim,2,0,1,0,1,0,1,2,"-8,454104","-35,945515",SPRF-PE,DEL02-PE,UOP01-DEL02-PE
200897,2019-04-03,quarta-feira,11:20:00,PE,232,212,PESQUEIRA,Falta de Atenção à Condução,Colisão transversal,Com Vítimas Feridas,Pleno dia,Decrescente,Céu Claro,Simples,Reta,Sim,2,0,0,1,1,0,1,2,"-8,37328104","-36,71376998",SPRF-PE,DEL02-PE,UOP03-DEL02-PE