id,data_inversa,dia_semana,horario,uf,br,km,municipio,causa_acidente,tipo_acidente,classificacao_acidente,fase_dia,sentido_via,condicao_metereologica,tipo_pista,tracado_via,uso_solo,pessoas,mortos,feridos_leves,feridos_graves,ilesos,ignorados,feridos,veiculos,latitude,longitude,regional,delegacia,uop
200922,2019-04-03,quarta-feira,14:40:00,PE,232,"197,8",SANHARO,Falta de Atenção à Condução,Colisão transversal,Com Vítimas Fatais,Pleno dia,Decrescente,Sol,Simples,Reta,Não,3,1,1,0,1,0,1,2,"-8,369421","-36,58761",SPRF-PE,DEL02-PE,UOP03-DEL02-PE
200927,2019-04-03,quarta-feira,15:00:00,PE,101,"77,3",RECIFE,Defeito Mecânico no Veículo,Colisão lateral,Com Vítimas Feridas,Pleno dia,Crescente,Céu Claro,Dupla,Reta,Sim,3,0,1,0,2,0,1,2,"-8,126982","-34,94386",SPRF-PE,DEL01-PE,UOP01-DEL01-PE
200935,2019-04-03,quarta-feira,16:00:00,PE,232,"128,5",CARUARU,Defeito na Via,Capotamento,Com Vítimas Feridas,Pleno dia,Crescente,Chuva,Dupla,Reta,Sim,1,0,1,0,0,0,1,1,"-8,30335","-35,975",SPRF-PE,DEL02-PE,UOP03-DEL02-PE
200940,2019-04-03,quarta-feira,16:01:00,PE,232,"128,5",CARUARU,Falta de Atenção à Condução,Colisão traseira,Sem Vítimas,Pleno dia,Crescente,Chuva,Dupla,Reta,Sim,2,0,0,0,2,0,0,2,"-8,30335","-35,975",SPRF-PE,DEL02-PE,UOP03-DEL02-PE
200973,2019-04-03,quarta-feira,19:40:00,PE,232,"211,7",PESQUEIRA,Falta de Atenção à Condução,Atropelamento de Pedestre,Com Vítimas Fatais,Plena Noite,Crescente,Chuva,Simples,Reta,Sim,2,1,0,0,0,1,0,2,"-8,372604","-36,712144",SPRF-PE,DEL02-PE,UOP03-DEL02-PE
200988,2019-04-03,quarta-feira,20:20:00,PE,232,16,JABOATAO DOS GUARARAPES,Não guardar distância de segurança,Queda de ocupante de veículo,Com Vítimas Feridas,Plena Noite,Crescente,Chuva,Dupla,Curva,Não,1,0,1,0,0,0,1,1,"-8,09414193","-35,03716601",SPRF-PE,DEL01-PE,UOP01-DEL01-PE
201081,2019-04-04,quinta-feira,12:15:00,PE,232,"495,9",SALGUEIRO,Mal Súbito,Queda de ocupante de veículo,Com Vítimas Feridas,Pleno dia,Crescente,Céu Claro,Simples,Reta,Não,1,0,1,0,0,0,1,1,"-8,01339923","-39,01636695",SPRF-PE,DEL05-PE,UOP01-DEL05-PE
201096,2019-04-04,quinta-feira,13:10:00,PE,101,"72,9",RECIFE,Pista Escorregadia,Tombamento,Com Vítimas Feridas,Pleno dia,Decrescente,Céu Claro,Dupla,Reta,Sim,2,0,2,0,0,0,2,1,"-8,08493106","-34,9450639",SPRF-PE,DEL01-PE,UOP01-DEL01-PE
201100,2019-04-04,quinta-feira,14:20:00,PE,232,"190,4",SANHARO,Falta de Atenção à Condução,Colisão transversal,Com Vítimas Feridas,Pleno dia,Crescente,Céu Claro,Simples,Reta,Não,2,0,0,1,1,0,1,2,"-8,35625579","-36,51869702",SPRF-PE,DEL02-PE,UOP03-DEL02-PE
201120,2019-04-04,quinta-feira,16:15:00,PE,101,69,RECIFE,Falta de Atenção à Condução,Colisão lateral,Sem Vítimas,Pleno dia,Crescente,Céu Claro,Dupla,Rotatória,Sim,2,0,0,0,2,0,0,2,"-8,05951606","-34,94581024",SPRF-PE,DEL01-PE,UOP01-DEL01-PE
201147,2019-04-04,quinta-feira,16:20:00,PE,101,100,CABO DE SANTO AGOSTINHO,Falta de Atenção à Condução,Colisão transversal,Sem Vítimas,Pleno dia,Decrescente,Céu Claro,Simples,Reta,Sim,2,0,0,0,2,0,0,2,"-8,26699309","-35,05234386",SPRF-PE,DEL01-PE,UOP03-DEL01-PE
201194,2019-04-04,quinta-feira,21:00:00,PE,101,"0,2",GOIANA,Falta de Atenção à Condução,Saída de leito carroçável,Com Vítimas Feridas,Plena Noite,Crescente,Céu Claro,Dupla,Curva,Não,2,0,2,0,0,0,2,1,"-7,5001955","-34,985073",SPRF-PE,DEL01-PE,UOP02-DEL01-PE
201215,2019-04-05,sexta-feira,01:20:00,PE,101,51,ABREU E LIMA,Animais na Pista,Atropelamento de Animal,Sem Vítimas,Plena Noite,Crescente,Céu Claro,Dupla,Reta;Aclive                   ,Sim,1,0,0,0,1,0,0,1,"-7,9169968","-34,89689272",SPRF-PE,DEL01-PE,UOP02-DEL01-PE
201231,2019-03-18,segunda-feira,05:45:00,PE,101,73,RECIFE,Falta de Atenção à Condução,Tombamento,Com Vítimas Feridas,Pleno dia,Decrescente,Chuva,Simples,Reta,Sim,1,0,1,0,0,0,1,1,"-8,093369","-34,947464",SPRF-PE,DEL01-PE,UOP01-DEL01-PE
201237,2019-04-05,sexta-feira,07:20:00,PE,232,24,MORENO,Falta de Atenção à Condução,Tombamento,Com Vítimas Fatais,Pleno dia,Decrescente,Céu Claro,Dupla,Reta,Não,3,1,0,1,1,0,1,2,"-8,10482918","-35,10351264",SPRF-PE,DEL01-PE,UOP02-DEL02PE
201291,2019-04-05,sexta-feira,12:00:00,PE,101,"50,2",ABREU E LIMA,Falta de Atenção do Pedestre,Atropelamento de Pedestre,Sem Vítimas,Pleno dia,Decrescente,Céu Claro,Múltipla,Reta,Sim,2,0,0,0,1,1,0,2,"-7,9118684","-34,9007309",SPRF-PE,DEL01-PE,UOP02-DEL01-PE
201320,2019-04-05,sexta-feira,14:20:00,PE,423,"72,4",JUPI,Falta de Atenção do Pedestre,Atropelamento de Pedestre,Com Vítimas Fatais,Pleno dia,Decrescente,Céu Claro,Simples,Reta,Sim,3,1,1,0,0,1,1,2,"-8,70118191","-36,4154612",SPRF-PE,DEL03-PE,UOP01-DEL03-PE
201322,2019-04-05,sexta-feira,14:30:00,PE,407,128,PETROLINA,Desobediência às normas de trânsito pelo condutor,Colisão frontal,Com Vítimas Feridas,Pleno dia,Crescente,Nublado,Simples,Reta,Sim,2,0,1,0,1,0,1,2,"-9,39387565","-40,51133888",SPRF-PE,DEL06-PE,UOP01-DEL06-PE
201329,2019-04-05,sexta-feira,15:30:00,PE,101,"67,5",RECIFE,Falta de Atenção do Pedestre,Atropelamento de Pedestre,Com Vítimas Feridas,Pleno dia,Crescente,Céu Claro,Múltipla,Reta,Sim,3,0,0,1,0,2,1,2,"-8,046846","-34,94517",SPRF-PE,DEL01-PE,UOP01-DEL01-PE
201334,2019-04-05,sexta-feira,16:30:00,PE,408,"76,6",PAUDALHO,Não guardar distância de segurança,Colisão traseira,Com Vítimas Feridas,Pleno dia,Decrescente,Sol,Dupla,Reta,Não,2,0,0,1,0,1,1,2,"-7,913693","-35,170002",SPRF-PE,DEL01-PE,UOP01-DEL01-PE
201338,2019-04-05,sexta-feira,16:30:00,PE,101,179,JOAQUIM NABUCO,Ingestão de Álcool,Queda de ocupante de veículo,Com Vítimas Feridas,Pleno dia,Crescente,Céu Claro,Dupla,Reta,Não,1,0,1,0,0,0,1,1,"-8,62683424","-35,55808471",SPRF-PE,DEL01-PE,UOP03-DEL01-PE
201479,2019-04-06,sábado,06:15:00,PE,101,90,CABO DE SANTO AGOSTINHO,Não guardar distância de segurança,Colisão traseira,Com Vítimas Feridas,Pleno dia,Crescente,Céu Claro,Simples,Reta,Sim,2,0,1,0,1,0,1,2,"-8,21612792","-34,98772817",SPRF-PE,DEL01-PE,UOP03-DEL01-PE
201602,2019-04-06,sábado,17:15:00,PE,101,"81,8",JABOATAO DOS GUARARAPES,Ingestão de Álcool,Colisão lateral,Sem Vítimas,Pleno dia,Crescente,Céu Claro,Dupla,Reta;Declive                  ,Sim,2,0,0,0,2,0,0,2,"-8,15401701","-34,94231701",SPRF-PE,DEL01-PE,UOP03-DEL01-PE
201611,2019-04-06,sábado,18:10:00,PE,423,95,GARANHUNS,Ingestão de Álcool,Colisão frontal,Com Vítimas Feridas,Plena Noite,Decrescente,Céu Claro,Simples,Curva,Sim,3,0,2,0,1,0,2,2,"-8,87891989","-36,47796305",SPRF-PE,DEL03-PE,UOP01-DEL03-PE
201679,2019-04-06,sábado,23:00:00,PE,316,55,TRINDADE,Falta de Atenção à Condução,Colisão traseira,Com Vítimas Feridas,Plena Noite,Crescente,Céu Claro,Simples,Reta,Não,2,0,1,0,1,0,1,1,"-7,74026268","-40,28663631",SPRF-PE,DEL05-PE,UOP02-DEL05-PE
201729,2019-04-07,domingo,05:00:00,PE,428,185,PETROLINA,Condutor Dormindo,Colisão com objeto estático,Com Vítimas Feridas,Amanhecer,Crescente,Nublado,Simples,Interseção de Vias,Sim,1,0,1,0,0,0,1,1,"-9,34009199","-40,47032001",SPRF-PE,DEL06-PE,UOP01-DEL06-PE
201768,2019-04-07,domingo,08:35:00,PE,428,176,PETROLINA,Ingestão de Álcool,Colisão traseira,Sem Vítimas,Pleno dia,Decrescente,Céu Claro,Simples,Reta,Não,3,0,0,0,3,0,0,3,"-9,26824308","-40,43343586",SPRF-PE,DEL06-PE,UOP01-DEL06-PE
201823,2019-04-07,domingo,14:10:00,PE,232,132,CARUARU,Ingestão de Álcool,Colisão traseira,Com Vítimas Feridas,Pleno dia,Crescente,Chuva,Dupla,Reta,Sim,2,0,1,0,1,0,1,2,"-8,3036244","-36,00710089",SPRF-PE,DEL02-PE,UOP03-DEL02-PE
201851,2019-04-07,domingo,16:30:00,PE,232,"414,1",SERRA TALHADA,Ingestão de Álcool,Tombamento,Com Vítimas Feridas,Pleno dia,Crescente,Nublado,Simples,Reta,Sim,1,0,1,0,0,0,1,1,"-7,99236282","-38,33750809",SPRF-PE,DEL04-PE,UOP01-DEL04-PE
201865,2019-04-07,domingo,18:00:00,PE,232,"58,2",POMBOS,Ingestão de Álcool,Atropelamento de Pedestre,Com Vítimas Feridas,Plena Noite,Decrescente,Céu Claro,Simples,Reta,Sim,4,0,2,2,0,0,4,2,"-8,14462866","-35,39034714",SPRF-PE,DEL01-PE,UOP02-DEL02PE
201866,2019-04-07,domingo,18:10:00,PE,408,"81,4",PAUDALHO,Ingestão de Álcool,Colisão traseira,Com Vítimas Feridas,Plena Noite,Crescente,Chuva,Dupla,Reta,Sim,3,0,0,1,2,0,1,3,"-7,937872","-35,127376",SPRF-PE,DEL01-PE,UOP01-DEL01-PE
201867,2019-04-07,domingo,18:20:00,PE,232,12,JABOATAO DOS GUARARAPES,Velocidade Incompatível,Saída de leito carroçável,Com Vítimas Feridas,Plena Noite,Decrescente,Chuva,Dupla,Reta,Não,4,0,3,0,1,0,3,1,"-8,08577691","-35,00345603",SPRF-PE,DEL01-PE,UOP01-DEL01-PE
201886,2019-04-07,domingo,18:00:00,PE,232,"195,8",SANHARO,Desobediência às normas de trânsito pelo condutor,Colisão frontal,Com Vítimas Fatais,Pleno dia,Crescente,Céu Claro,Simples,Curva,Sim,5,1,1,3,0,0,4,2,"-8,36836311","-36,56979561",SPRF-PE,DEL02-PE,UOP03-DEL02-PE
201897,2019-04-07,domingo,19:30:00,PE,316,77,OURICURI,Falta de Atenção à Condução,Colisão frontal,Com Vítimas Feridas,Plena Noite,Decrescente,Nublado,Simples,Declive;Reta                  ,Não,7,0,4,1,2,0,5,2,"-7,84472319","-40,12960214",SPRF-PE,DEL05-PE,UOP02-DEL05-PE
201906,2019-04-07,domingo,18:30:00,PE,101,"0,2",GOIANA,Ingestão de Álcool,Saída de leito carroçável,Com Vítimas Feridas,Plena Noite,Crescente,Céu Claro,Dupla,Curva,Sim,1,0,1,0,0,0,1,1,"-7,50310783","-34,98592797",SPRF-PE,DEL01-PE,UOP02-DEL01-PE
201940,2019-04-07,domingo,22:00:00,PE,428,"185,5",PETROLINA,Falta de Atenção à Condução,Saída de leito carroçável,Sem Vítimas,Plena Noite,Crescente,Ignorado,Simples,Interseção de Vias,Não,1,0,0,0,0,1,0,1,"-9,2935799","-40,44633865",SPRF-PE,DEL06-PE,UOP01-DEL06-PE
202133,2019-04-08,segunda-feira,19:30:00,PE,104,"79,2",AGRESTINA,Falta de Atenção do Pedestre,Atropelamento de Pedestre,Com Vítimas Feridas,Plena Noite,Crescente,Chuva,Simples,Reta,Não,2,0,1,1,0,0,2,2,"-8,389074","-35,974712",SPRF-PE,DEL02-PE,UOP01-DEL02-PE
202154,2019-03-14,quinta-feira,12:45:00,PE,428,"136,9",LAGOA GRANDE,Animais na Pista,Colisão com objeto estático,Com Vítimas Feridas,Pleno dia,Decrescente,Ignorado,Simples,Aclive,Não,1,0,0,1,0,0,1,1,"-8,98275484","-40,25367558",SPRF-PE,DEL06-PE,UOP03-DEL06-PE
202188,2019-04-09,terça-feira,07:00:00,PE,428,184,PETROLINA,Falta de Atenção à Condução,Colisão lateral,Com Vítimas Feridas,Pleno dia,Crescente,Céu Claro,Simples,Reta,Sim,2,0,1,0,1,0,1,2,"-9,33211208","-40,46621385",SPRF-PE,DEL06-PE,UOP01-DEL06-PE
202273,2019-04-09,terça-feira,16:00:00,PE,101,50,ABREU E LIMA,Falta de Atenção à Condução,Colisão transversal,Com Vítimas Feridas,Pleno dia,Decrescente,Céu Claro,Múltipla,Reta,Sim,3,0,1,0,2,0,1,2,"-7,90938602","-34,90123228",SPRF-PE,DEL01-PE,UOP02-DEL01-PE
202290,2019-04-09,terça-feira,18:30:00,PE,316,"66,5",OURICURI,Defeito na Via,Saída de leito carroçável,Com Vítimas Feridas,Plena Noite,Decrescente,Chuva,Simples,Declive;Reta                  ,Não,1,0,1,0,0,0,1,1,"-7,78931549","-40,20951831",SPRF-PE,DEL05-PE,UOP02-DEL05-PE
202423,2019-04-10,quarta-feira,14:15:00,PE,101,"46,9",IGARASSU,Falta de Atenção à Condução,Colisão lateral,Com Vítimas Feridas,Pleno dia,Crescente,Céu Claro,Múltipla,Reta,Sim,3,0,1,0,2,0,1,2,"-7,87406004","-34,90588126",SPRF-PE,DEL01-PE,UOP02-DEL01-PE
202548,2019-04-11,quinta-feira,07:30:00,PE,101,53,PAULISTA,Pista Escorregadia,Colisão lateral,Com Vítimas Feridas,Pleno dia,Crescente,Chuva,Dupla,Reta,Sim,3,0,2,0,1,0,2,2,"-7,93124094","-34,90068606",SPRF-PE,DEL01-PE,UOP02-DEL01-PE
202562,2019-04-11,quinta-feira,09:00:00,PE,407,127,PETROLINA,Falta de Atenção à Condução,Engavetamento,Sem Vítimas,Pleno dia,Decrescente,Céu Claro,Simples,Interseção de Vias,Sim,3,0,0,0,3,0,0,3,"-9,3914523","-40,5188334",SPRF-PE,DEL06-PE,UOP01-DEL06-PE
202597,2019-04-11,quinta-feira,14:20:00,PE,101,93,CABO DE SANTO AGOSTINHO,Falta de Atenção à Condução,Queda de ocupante de veículo,Com Vítimas Feridas,Pleno dia,Crescente,Céu Claro,Dupla,Reta,Não,2,0,2,0,0,0,2,1,"-8,2396419","-35,00335418",SPRF-PE,DEL01-PE,UOP03-DEL01-PE
202651,2019-04-11,quinta-feira,19:00:00,PE,101,"78,2",JABOATAO DOS GUARARAPES,Falta de Atenção à Condução,Colisão transversal,Com Vítimas Feridas,Pleno dia,Crescente,Nublado,Dupla,Reta,Sim,2,0,1,0,1,0,1,2,"-8,13496499","-34,94738614",SPRF-PE,DEL01-PE,UOP01-DEL01-PE
202668,2019-04-11,quinta-feira,21:25:00,PE,232,"7,6",RECIFE,Desobediência às normas de trânsito pelo condutor,Colisão traseira,Sem Vítimas,Plena Noite,Crescente,Nublado,Dupla,Reta,Sim,2,0,0,0,1,1,0,2,"-8,07079525","-34,9535389",SPRF-PE,DEL01-PE,UOP01-DEL01-PE
202684,2019-04-11,quinta-feira,20:50:00,PE,232,411,SERRA TALHADA,Ingestão de Álcool,Colisão frontal,Sem Vítimas,Plena Noite,Decrescente,Céu Claro,Simples,Reta,Sim,2,0,0,0,2,0,0,2,"-7,98179211","-38,303774",SPRF-PE,DEL04-PE,UOP01-DEL04-PE
202701,2019-04-11,quinta-feira,23:00:00,PE,232,99,BEZERROS,Falta de Atenção à Condução,Colisão com objeto estático,Com Vítimas Feridas,Plena Noite,Crescente,Céu Claro,Dupla,Reta,Não,2,0,1,1,0,0,2,1,"-8,2367277","-35,73401605",SPRF-PE,DEL01-PE,UOP02-DEL02PE
202722,2019-04-12,sexta-feira,07:40:00,PE,232,73,GRAVATA,Desobediência às normas de trânsito pelo condutor,Colisão transversal,Com Vítimas Feridas,Pleno dia,Decrescente,Céu Claro,Dupla,Reta,Não,2,0,1,1,0,0,2,2,"-8,19060018","-35,50931093",SPRF-PE,DEL01-PE,UOP02-DEL02PE
202808,2019-04-12,sexta-feira,15:55:00,PE,101,"93,4",CABO DE SANTO AGOSTINHO,Falta de Atenção à Condução,Colisão transversal,Com Vítimas Feridas,Anoitecer,Crescente,Nublado,Simples,Reta,Sim,2,0,0,1,1,0,1,2,"-8,2396419","-35,00335418",SPRF-PE,DEL01-PE,UOP03-DEL01-PE
202878,2019-04-12,sexta-feira,21:20:00,PE,232,415,SERRA TALHADA,Falta de Atenção à Condução,Colisão com objeto estático,Com Vítimas Feridas,Plena Noite,Crescente,Céu Claro,Simples,Ponte,Não,1,0,0,1,0,0,1,1,"-7,99605739","-38,34533981",SPRF-PE,DEL04-PE,UOP01-DEL04-PE
203060,2019-04-13,sábado,18:05:00,PE,232,"5,4",RECIFE,Defeito na Via,Tombamento,Com Vítimas Feridas,Plena Noite,Crescente,Nublado,Múltipla,Curva;Em Obras                ,Sim,2,0,1,1,0,0,2,1,"-8,068943","-34,948011",SPRF-PE,DEL01-PE,UOP01-DEL01-PE
203158,2019-04-14,domingo,02:45:00,PE,232,"514,7",SALGUEIRO,Ingestão de Álcool,Queda de ocupante de veículo,Com Vítimas Feridas,Plena Noite,Decrescente,Céu Claro,Simples,Reta,Não,1,0,0,1,0,0,1,1,"-8,07047961","-39,17138084",SPRF-PE,DEL05-PE,UOP01-DEL05-PE
203167,2019-04-14,domingo,03:40:00,PE,232,94,SAIRE,Animais na Pista,Atropelamento de Animal,Com Vítimas Feridas,Plena Noite,Crescente,Céu Claro,Dupla,Reta,Não,2,0,2,0,0,0,2,1,"-8,22473335","-35,69081624",SPRF-PE,DEL01-PE,UOP02-DEL02PE
203206,2019-04-14,domingo,07:50:00,PE,101,"89,2",CABO DE SANTO AGOSTINHO,Ingestão de Álcool,Colisão frontal,Com Vítimas Feridas,Pleno dia,Decrescente,Céu Claro,Simples,Reta,Sim,4,0,1,3,0,0,4,3,"-8,20760697","-34,98372005",SPRF-PE,DEL01-PE,UOP03-DEL01-PE
203226,2019-04-14,domingo,08:40:00,PE,407,"126,4",PETROLINA,Ingestão de Álcool,Colisão lateral,Sem Vítimas,Pleno dia,Decrescente,Sol,Dupla,Reta,Sim,2,0,0,0,2,0,0,2,"-9,38491309","-40,52809509",SPRF-PE,DEL06-PE,UOP01-DEL06-PE
203268,2019-04-14,domingo,14:25:00,PE,232,"9,5",JABOATAO DOS GUARARAPES,Falta de Atenção à Condução,Colisão transversal,Sem Vítimas,Pleno dia,Decrescente,Céu Claro,Dupla,Interseção de Vias,Sim,4,0,0,0,2,2,0,2,"-8,07764447","-34,97863609",SPRF-PE,DEL01-PE,UOP01-DEL01-PE
203273,2019-04-14,domingo,14:30:00,PE,232,"165,5",TACAIMBO,Falta de Atenção à Condução,Colisão frontal,Com Vítimas Fatais,Pleno dia,Crescente,Céu Claro,Simples,Reta;Aclive                   ,Não,4,2,0,2,0,0,2,2,"-8,33670241","-36,29834395",SPRF-PE,DEL02-PE,UOP03-DEL02-PE
203291,2019-04-14,domingo,16:55:00,PE,101,"43,9",IGARASSU,Não guardar distância de segurança,Colisão traseira,Com Vítimas Feridas,Pleno dia,Crescente,Céu Claro,Múltipla,Reta,Sim,3,0,1,0,2,0,1,2,"-7,84753808","-34,90977038",SPRF-PE,DEL01-PE,UOP02-DEL01-PE
203309,2019-04-14,domingo,18:20:00,PE,101,"79,4",JABOATAO DOS GUARARAPES,Falta de Atenção à Condução,Colisão com objeto estático,Com Vítimas Feridas,Plena Noite,Crescente,Nublado,Dupla,Reta,Sim,1,0,1,0,0,0,1,1,"-8,14366112","-34,94723453",SPRF-PE,DEL01-PE,UOP01-DEL01-PE
203323,2019-04-14,domingo,15:25:00,PE,232,"35,6",VITORIA DE SANTO ANTAO,Falta de Atenção à Condução,Colisão traseira,Sem Vítimas,Pleno dia,Decrescente,Nublado,Dupla,Reta,Sim,2,0,0,0,1,1,0,2,"-8,10907341","-35,19256991",SPRF-PE,DEL01-PE,UOP02-DEL02PE
203325,2019-04-14,domingo,18:30:00,PE,101,150,RIBEIRAO,Desobediência às normas de trânsito pelo condutor,Colisão lateral,Com Vítimas Feridas,Plena Noite,Crescente,Nublado,Simples,Declive,Sim,2,0,1,0,1,0,1,2,"-8,49669957","-35,38211017",SPRF-PE,DEL01-PE,UOP03-DEL01-PE
203378,2019-04-14,domingo,21:30:00,PE,104,"39,8",CARUARU,Falta de Atenção à Condução,Colisão transversal,Com Vítimas Fatais,Plena Noite,Crescente,Céu Claro,Dupla,Reta,Não,3,1,0,0,1,1,0,3,"-8,08383677","-36,04002178",SPRF-PE,DEL02-PE,UOP01-DEL02-PE
203407,2019-04-15,segunda-feira,06:45:00,PE,232,6,RECIFE,Não guardar distância de segurança,Colisão traseira,Sem Vítimas,Pleno dia,Decrescente,Céu Claro,Dupla,Reta,Sim,3,0,0,0,3,0,0,3,"-8,07079525","-34,9535389",SPRF-PE,DEL01-PE,UOP01-DEL01-PE
203437,2019-04-02,terça-feira,14:40:00,PE,232,"267,3",SERTANIA,Falta de Atenção à Condução,Colisão frontal,Com Vítimas Feridas,Pleno dia,Decrescente,Chuva,Simples,Reta,Não,3,0,1,0,2,0,1,2,"-8,40747261","-37,19190605",SPRF-PE,DEL03-PE,UOP02-DEL03-PE
203451,2019-04-15,segunda-feira,10:00:00,PE,101,"73,7",RECIFE,Desobediência às normas de trânsito pelo condutor,Colisão transversal,Com Vítimas Feridas,Pleno dia,Decrescente,Céu Claro,Dupla,Reta,Sim,2,0,1,0,1,0,1,2,"-8,093369","-34,947464",SPRF-PE,DEL01-PE,UOP01-DEL01-PE
203488,2019-04-15,segunda-feira,13:40:00,PE,104,65,CARUARU,Falta de Atenção à Condução,Colisão lateral,Sem Vítimas,Pleno dia,Crescente,Sol,Dupla,Viaduto,Sim,2,0,0,0,2,0,0,2,"-8,2867","-35,9838",SPRF-PE,DEL02-PE,UOP01-DEL02-PE
203501,2019-04-15,segunda-feira,15:40:00,PE,316,"55,6",TRINDADE,Falta de Atenção à Condução,Colisão transversal,Com Vítimas Feridas,Pleno dia,Decrescente,Sol,Simples,Reta,Sim,2,0,1,0,1,0,1,2,"-7,74026268","-40,28663631",SPRF-PE,DEL05-PE,UOP02-DEL05-PE
203511,2019-04-15,segunda-feira,16:40:00,PE,104,"61,2",CARUARU,Defeito Mecânico no Veículo,Colisão transversal,Com Vítimas Feridas,Anoitecer,Decrescente,Céu Claro,Dupla,Reta,Sim,3,0,1,0,2,0,1,2,"-8,2529","-35,9751",SPRF-PE,DEL02-PE,UOP01-DEL02-PE
203532,2019-04-15,segunda-feira,18:00:00,PE,407,123,PETROLINA,Desobediência às normas de trânsito pelo condutor,Colisão transversal,Com Vítimas Feridas,Plena Noite,Decrescente,Céu Claro,Simples,Reta,Não,2,0,2,0,0,0,2,2,"-9,36149178","-40,54594462",SPRF-PE,DEL06-PE,UOP01-DEL06-PE
203580,2019-04-16,terça-feira,01:10:00,PE,232,"87,8",GRAVATA,Animais na Pista,Atropelamento de Animal,Sem Vítimas,Plena Noite,Decrescente,Céu Claro,Dupla,Reta,Não,1,0,0,0,1,0,0,1,"-8,21379064","-35,62898606",SPRF-PE,DEL01-PE,UOP02-DEL02PE
203602,2019-04-16,terça-feira,07:40:00,PE,101,66,RECIFE,Não guardar distância de segurança,Colisão traseira,Com Vítimas Feridas,Pleno dia,Crescente,Sol,Dupla,Viaduto,Sim,2,0,1,0,1,0,1,2,"-8,03368534","-34,94184125",SPRF-PE,DEL01-PE,UOP01-DEL01-PE
203640,2019-04-16,terça-feira,12:00:00,PE,232,6,RECIFE,Não guardar distância de segurança,Colisão traseira,Sem Vítimas,Pleno dia,Decrescente,Céu Claro,Dupla,Em Obras;Reta                 ,Não,4,0,0,0,3,1,0,4,"-8,07079525","-34,9535389",SPRF-PE,DEL01-PE,UOP01-DEL01-PE
203657,2019-04-16,terça-feira,13:40:00,PE,232,127,CARUARU,Não guardar distância de segurança,Colisão traseira,Sem Vítimas,Pleno dia,Crescente,Céu Claro,Simples,Reta,Sim,2,0,0,0,2,0,0,2,"-8,30610303","-35,96342301",SPRF-PE,DEL02-PE,UOP03-DEL02-PE
203682,2019-04-16,terça-feira,17:35:00,PE,232,145,SAO CAITANO,Desobediência às normas de trânsito pelo condutor,Colisão frontal,Com Vítimas Fatais,Anoitecer,Decrescente,Céu Claro,Simples,Reta,Sim,3,2,0,1,0,0,1,2,"-8,32868","-36,120811",SPRF-PE,DEL02-PE,UOP03-DEL02-PE
203711,2019-04-16,terça-feira,18:30:00,PE,428,191,PETROLINA,Ingestão de Álcool,Colisão transversal,Sem Vítimas,Plena Noite,Crescente,Céu Claro,Dupla,Retorno Regulamentado,Sim,4,0,0,0,4,0,0,2,"-9,37766429","-40,50269795",SPRF-PE,DEL06-PE,UOP01-DEL06-PE
203838,2019-04-17,quarta-feira,11:40:00,PE,232,"177,8",BELO JARDIM,Falta de Atenção à Condução,Colisão transversal,Com Vítimas Feridas,Pleno dia,Crescente,Sol,Simples,Interseção de Vias,Sim,2,0,0,1,1,0,1,2,"-8,3483811","-36,40119379",SPRF-PE,DEL02-PE,UOP03-DEL02-PE
203851,2019-04-17,quarta-feira,13:20:00,PE,232,"408,2",SERRA TALHADA,Desobediência às normas de trânsito pelo condutor,Colisão transversal,Com Vítimas Feridas,Pleno dia,Decrescente,Céu Claro,Dupla,Interseção de Vias,Sim,6,0,0,1,5,0,1,2,"-7,98338584","-38,28249335",SPRF-PE,DEL04-PE,UOP01-DEL04-PE
203866,2019-04-17,quarta-feira,15:10:00,PE,232,"6,9",RECIFE,Avarias e/ou desgaste excessivo no pneu,Tombamento,Com Vítimas Feridas,Pleno dia,Crescente,Nublado,Dupla,Reta,Sim,1,0,1,0,0,0,1,1,"-8,073265","-34,961712",SPRF-PE,DEL01-PE,UOP01-DEL01-PE
203884,2019-04-17,quarta-feira,16:30:00,PE,101,"69,1",RECIFE,Falta de Atenção à Condução,Queda de ocupante de veículo,Com Vítimas Feridas,Pleno dia,Decrescente,Céu Claro,Dupla,Reta,Sim,1,0,1,0,0,0,1,1,"-8,05951606","-34,94581024",SPRF-PE,DEL01-PE,UOP01-DEL01-PE
203916,2019-04-17,quarta-feira,17:40:00,PE,232,"7,1",RECIFE,Não guardar distância de segurança,Colisão traseira,Com Vítimas Feridas,Anoitecer,Crescente,Céu Claro,Dupla,Reta,Sim,6,0,1,0,4,1,1,3,"-8,07333497","-34,96184301",SPRF-PE,DEL01-PE,UOP01-DEL01-PE
203989,2019-04-18,quinta-feira,07:30:00,PE,232,"4,3",RECIFE,Falta de Atenção à Condução,Colisão lateral,Com Vítimas Feridas,Pleno dia,Decrescente,Sol,Múltipla,Viaduto,Não,2,0,1,0,1,0,1,2,"-8,05951606","-34,94581024",SPRF-PE,DEL01-PE,UOP01-DEL01-PE
204023,2019-04-18,quinta-feira,10:40:00,PE,104,"61,8",CARUARU,Falta de Atenção à Condução,Colisão lateral,Com Vítimas Feridas,Pleno dia,Decrescente,Céu Claro,Dupla,Reta,Sim,3,0,1,1,1,0,2,2,"-8,2529","-35,9751",SPRF-PE,DEL02-PE,UOP01-DEL02-PE
204043,2019-04-18,quinta-feira,11:20:00,PE,101,"49,8",ABREU E LIMA,Não guardar distância de segurança,Colisão traseira,Com Vítimas Feridas,Pleno dia,Crescente,Céu Claro,Múltipla,Reta,Sim,2,0,1,0,1,0,1,2,"-7,9005152","-34,90180641",SPRF-PE,DEL01-PE,UOP02-DEL01-PE