id,data_inversa,dia_semana,horario,uf,br,km,municipio,causa_acidente,tipo_acidente,classificacao_acidente,fase_dia,sentido_via,condicao_metereologica,tipo_pista,tracado_via,uso_solo,pessoas,mortos,feridos_leves,feridos_graves,ilesos,ignorados,feridos,veiculos,latitude,longitude,regional,delegacia,uop
204052,2019-04-18,quinta-feira,12:15:00,PE,104,52,CARUARU,Falta de Atenção à Condução,Colisão traseira,Com Vítimas Feridas,Pleno dia,Crescente,Céu Claro,Dupla,Reta,Sim,2,0,1,0,1,0,1,2,"-8,167598","-35,97684",SPRF-PE,DEL02-PE,UOP01-DEL02-PE
204094,2019-04-18,quinta-feira,15:15:00,PE,232,"72,9",GRAVATA,Defeito na Via,Tombamento,Com Vítimas Feridas,Pleno dia,Crescente,Céu Claro,Dupla,Reta,Não,1,0,1,0,0,0,1,1,"-8,18714215","-35,50102523",SPRF-PE,DEL01-PE,UOP02-DEL02PE
204150,2019-04-18,quinta-feira,18:30:00,PE,101,"54,3",PAULISTA,Falta de Atenção à Condução,Colisão com objeto estático,Com Vítimas Feridas,Plena Noite,Crescente,Nublado,Dupla,Ponte,Não,1,0,0,1,0,0,1,1,"-7,93961103","-34,90356584",SPRF-PE,DEL01-PE,UOP02-DEL01-PE
204181,2019-04-18,quinta-feira,20:00:00,PE,116,27,SALGUEIRO,Falta de Atenção à Condução,Colisão frontal,Com Vítimas Feridas,Plena Noite,Crescente,Céu Claro,Simples,Reta,Sim,2,0,1,0,0,1,1,2,"-8,078546","-39,130867",SPRF-PE,DEL05-PE,UOP01-DEL05-PE
204197,2019-04-18,quinta-feira,21:20:00,PE,101,"65,4",RECIFE,Falta de Atenção à Condução,Atropelamento de Pedestre,Com Vítimas Feridas,Plena Noite,Decrescente,Céu Claro,Dupla,Reta,Sim,4,0,1,0,3,0,1,2,"-8,02478597","-34,94276635",SPRF-PE,DEL01-PE,UOP01-DEL01-PE
204224,2019-04-19,sexta-feira,00:35:00,PE,101,73,RECIFE,Falta de Atenção à Condução,Colisão frontal,Com Vítimas Feridas,Plena Noite,Crescente,Céu Claro,Simples,Reta,Sim,3,0,0,2,1,0,2,2,"-8,093369","-34,947464",SPRF-PE,DEL01-PE,UOP01-DEL01-PE
204290,2019-04-19,sexta-feira,10:00:00,PE,232,"16,3",JABOATAO DOS GUARARAPES,Defeito Mecânico no Veículo,Saída de leito carroçável,Com Vítimas Feridas,Pleno dia,Crescente,Céu Claro,Dupla,Reta,Não,1,0,1,0,0,0,1,1,"-8,09414193","-35,03716601",SPRF-PE,DEL01-PE,UOP01-DEL01-PE
204310,2019-04-19,sexta-feira,12:30:00,PE,232,336,CUSTODIA,Falta de Atenção à Condução,Colisão transversal,Com Vítimas Feridas,Pleno dia,Crescente,Céu Claro,Simples,Curva,Sim,2,0,1,0,1,0,1,1,"-8,08346027","-37,65571502",SPRF-PE,DEL03-PE,UOP02-DEL03-PE
204321,2019-04-19,sexta-feira,15:00:00,PE,101,45,IGARASSU,Falta de Atenção à Condução,Colisão lateral,Com Vítimas Feridas,Pleno dia,Crescente,Sol,Múltipla,Reta,Sim,2,0,1,0,1,0,1,2,"-7,86521297","-34,90715176",SPRF-PE,DEL01-PE,UOP02-DEL01-PE
204345,2019-04-19,sexta-feira,18:40:00,PE,232,14,JABOATAO DOS GUARARAPES,Ingestão de álcool e/ou substâncias psicoativas pelo pedestre,Saída de leito carroçável,Sem Vítimas,Plena Noite,Crescente,Céu Claro,Dupla,Curva,Não,1,0,0,0,0,1,0,1,"-8,09025488","-35,02052302",SPRF-PE,DEL01-PE,UOP01-DEL01-PE
204354,2019-04-19,sexta-feira,19:15:00,PE,104,53,CARUARU,Ingestão de Álcool,Colisão traseira,Com Vítimas Feridas,Plena Noite,Crescente,Céu Claro,Dupla,Aclive,Sim,3,0,1,0,2,0,1,2,"-8,176393","-35,971317",SPRF-PE,DEL02-PE,UOP01-DEL02-PE
204398,2019-04-20,sábado,00:05:00,PE,316,"33,1",ARARIPINA,Falta de Atenção à Condução,Capotamento,Com Vítimas Feridas,Plena Noite,Decrescente,Céu Claro,Simples,Reta,Não,2,0,1,1,0,0,2,1,"-7,63446174","-40,44091289",SPRF-PE,DEL05-PE,UOP02-DEL05-PE
204416,2019-04-20,sábado,04:40:00,PE,101,71,RECIFE,Falta de Atenção do Pedestre,Colisão traseira,Com Vítimas Feridas,Amanhecer,Crescente,Chuva,Dupla,Reta,Sim,2,0,2,0,0,0,2,2,"-8,066958","-34,94215",SPRF-PE,DEL01-PE,UOP01-DEL01-PE
204427,2019-04-20,sábado,07:30:00,PE,101,"36,6",IGARASSU,Pista Escorregadia,Capotamento,Sem Vítimas,Pleno dia,Decrescente,Chuva,Múltipla,Reta,Não,1,0,0,0,1,0,0,1,"-7,79059521","-34,92913127",SPRF-PE,DEL01-PE,UOP02-DEL01-PE
204430,2019-03-15,sexta-feira,08:30:00,PE,104,"83,9",AGRESTINA,Falta de Atenção à Condução,Colisão transversal,Com Vítimas Feridas,Pleno dia,Decrescente,Céu Claro,Simples,Reta,Não,2,0,0,1,1,0,1,2,"-8,430662","-35,959164",SPRF-PE,DEL02-PE,UOP01-DEL02-PE
204459,2019-04-20,sábado,12:20:00,PE,101,70,RECIFE,Falta de Atenção à Condução,Queda de ocupante de veículo,Com Vítimas Feridas,Pleno dia,Crescente,Chuva,Dupla,Retorno Regulamentado;Reta    ,Sim,2,0,1,0,1,0,1,2,"-8,06776119","-34,94265074",SPRF-PE,DEL01-PE,UOP01-DEL01-PE
204479,2019-04-20,sábado,15:35:00,PE,104,"78,1",AGRESTINA,Falta de Atenção à Condução,Colisão frontal,Com Vítimas Feridas,Pleno dia,Crescente,Céu Claro,Simples,Curva,Não,3,0,3,0,0,0,3,2,"-8,384866","-35,982338",SPRF-PE,DEL02-PE,UOP01-DEL02-PE
204496,2019-04-20,sábado,18:10:00,PE,104,"81,9",AGRESTINA,Deficiência ou não Acionamento do Sistema de Iluminação/Sinalização do Veículo,Colisão traseira,Com Vítimas Feridas,Plena Noite,Decrescente,Nublado,Simples,Reta,Não,3,0,2,0,1,0,2,2,"-8,406442","-35,971077",SPRF-PE,DEL02-PE,UOP01-DEL02-PE
204518,2019-04-20,sábado,19:10:00,PE,428,"13,8",CABROBO,Falta de Atenção à Condução,Colisão transversal,Com Vítimas Feridas,Plena Noite,Decrescente,Céu Claro,Simples,Reta,Não,7,0,6,1,0,0,7,2,"-8,50171811","-39,33382601",SPRF-PE,DEL05-PE,UOP03-DEL05-PE
204519,2019-04-20,sábado,19:40:00,PE,423,"26,3",SAO CAITANO,Ingestão de Álcool,Colisão lateral,Com Vítimas Feridas,Plena Noite,Crescente,Nublado,Simples,Reta,Não,3,0,0,3,0,0,3,2,"-8,38757696","-36,17648107",SPRF-PE,DEL02-PE,UOP03-DEL02-PE
204520,2019-04-20,sábado,19:15:00,PE,428,187,PETROLINA,Falta de Atenção à Condução,Colisão traseira,Com Vítimas Feridas,Plena Noite,Decrescente,Céu Claro,Simples,Reta,Sim,2,0,1,0,1,0,1,2,"-9,372615","-40,48709",SPRF-PE,DEL06-PE,UOP01-DEL06-PE
204608,2019-04-21,domingo,06:30:00,PE,101,46,IGARASSU,Falta de Atenção à Condução,Colisão traseira,Com Vítimas Feridas,Pleno dia,Decrescente,Céu Claro,Múltipla,Reta,Sim,2,0,1,0,1,0,1,2,"-7,88072145","-34,90490371",SPRF-PE,DEL01-PE,UOP02-DEL01-PE
204643,2019-04-21,domingo,11:40:00,PE,101,"67,9",RECIFE,Falta de Atenção à Condução,Colisão lateral,Com Vítimas Feridas,Pleno dia,Crescente,Sol,Múltipla,Aclive;Reta                   ,Sim,2,0,1,1,0,0,2,2,"-8,042334","-34,943096",SPRF-PE,DEL01-PE,UOP01-DEL01-PE
204680,2019-04-21,domingo,15:10:00,PE,101,45,IGARASSU,Velocidade Incompatível,Colisão lateral,Com Vítimas Feridas,Pleno dia,Decrescente,Céu Claro,Múltipla,Reta,Sim,2,0,1,0,1,0,1,2,"-7,86521297","-34,90715176",SPRF-PE,DEL01-PE,UOP02-DEL01-PE
204784,2019-04-21,domingo,18:10:00,PE,232,"409,1",SERRA TALHADA,Ingestão de álcool e/ou substâncias psicoativas pelo pedestre,Atropelamento de Pedestre,Com Vítimas Feridas,Plena Noite,Crescente,Céu Claro,Simples,Reta,Sim,2,0,1,0,1,0,1,2,"-7,981944","-38,289467",SPRF-PE,DEL04-PE,UOP01-DEL04-PE
204850,2019-04-22,segunda-feira,06:40:00,PE,101,"21,9",IGARASSU,Defeito Mecânico no Veículo,Incêndio,Sem Vítimas,Pleno dia,Crescente,Céu Claro,Dupla,Reta,Não,1,0,0,0,1,0,0,1,"-7,667766","-34,93266",SPRF-PE,DEL01-PE,UOP02-DEL01-PE
204852,2019-04-22,segunda-feira,06:25:00,PE,428,188,PETROLINA,Não guardar distância de segurança,Colisão traseira,Sem Vítimas,Pleno dia,Decrescente,Céu Claro,Simples,Reta,Sim,3,0,0,0,3,0,0,3,"-9,375173","-40,487699",SPRF-PE,DEL06-PE,UOP01-DEL06-PE
204861,2019-04-22,segunda-feira,07:30:00,PE,232,7,RECIFE,Não guardar distância de segurança,Colisão traseira,Sem Vítimas,Pleno dia,Crescente,Céu Claro,Dupla,Reta,Sim,2,0,0,0,2,0,0,2,"-8,0733826","-34,963573",SPRF-PE,DEL01-PE,UOP01-DEL01-PE
204873,2019-04-22,segunda-feira,08:10:00,PE,101,"113,8",CABO DE SANTO AGOSTINHO,Falta de Atenção à Condução,Saída de leito carroçável,Sem Vítimas,Pleno dia,Crescente,Céu Claro,Dupla,Reta,Não,2,0,0,0,1,1,0,1,"-8,33585626","-35,1333699",SPRF-PE,DEL01-PE,UOP03-DEL01-PE
204900,2019-04-22,segunda-feira,09:30:00,PE,232,"6,2",RECIFE,Falta de Atenção à Condução,Colisão traseira,Sem Vítimas,Pleno dia,Decrescente,Céu Claro,Dupla,Reta,Não,2,0,0,0,2,0,0,2,"-8,07079525","-34,9535389",SPRF-PE,DEL01-PE,UOP01-DEL01-PE
204944,2019-02-08,sexta-feira,23:20:00,PE,423,98,GARANHUNS,Mal Súbito,Colisão frontal,Com Vítimas Feridas,Plena Noite,Crescente,Céu Claro,Simples,Curva;Aclive                  ,Sim,2,0,0,2,0,0,2,2,"-8,876175","-36,503635",SPRF-PE,DEL03-PE,UOP01-DEL03-PE
205026,2019-04-22,segunda-feira,18:20:00,PE,101,"38,5",ITAPISSUMA,Falta de Atenção à Condução,Colisão lateral,Com Vítimas Feridas,Plena Noite,Decrescente,Céu Claro,Dupla,Reta,Não,1,0,1,0,0,0,1,1,"-7,80600806","-34,92522908",SPRF-PE,DEL01-PE,UOP02-DEL01-PE
205041,2019-04-22,segunda-feira,15:00:00,PE,407,"114,1",PETROLINA,Condutor Dormindo,Capotamento,Com Vítimas Fatais,Pleno dia,Crescente,Céu Claro,Simples,Reta,Não,3,1,2,0,0,0,2,1,"-9,29122319","-40,58707131",SPRF-PE,DEL06-PE,UOP02-DEL06-PE
205046,2019-04-22,segunda-feira,20:50:00,PE,408,"98,4",SAO LOURENCO DA MATA,Não guardar distância de segurança,Colisão traseira,Sem Vítimas,Plena Noite,Decrescente,Nublado,Dupla,Reta,Não,2,0,0,0,1,1,0,2,"-8,03598572","-35,03218461",SPRF-PE,DEL01-PE,UOP01-DEL01-PE
205051,2019-04-22,segunda-feira,21:00:00,PE,232,"29,8",MORENO,Velocidade Incompatível,Capotamento,Sem Vítimas,Plena Noite,Decrescente,Chuva,Dupla,Declive,Não,1,0,0,0,0,1,0,1,"-8,11191765","-35,10836516",SPRF-PE,DEL01-PE,UOP02-DEL02PE
205090,2019-04-23,terça-feira,06:00:00,PE,232,66,GRAVATA,Avarias e/ou desgaste excessivo no pneu,Colisão com objeto estático,Com Vítimas Feridas,Pleno dia,Crescente,Céu Claro,Dupla,Reta,Não,1,0,1,0,0,0,1,1,"-8,16707371","-35,45583389",SPRF-PE,DEL01-PE,UOP02-DEL02PE
205096,2019-04-23,terça-feira,05:40:00,PE,232,58,POMBOS,Falta de Atenção à Condução,Colisão traseira,Com Vítimas Feridas,Amanhecer,Decrescente,Céu Claro,Dupla,Reta,Sim,2,0,1,0,1,0,1,2,"-8,14462866","-35,39034714",SPRF-PE,DEL01-PE,UOP02-DEL02PE
205098,2019-04-23,terça-feira,06:20:00,PE,101,"66,3",RECIFE,Falta de Atenção à Condução,Colisão com objeto estático,Sem Vítimas,Pleno dia,Crescente,Nublado,Dupla,Viaduto,Sim,1,0,0,0,0,1,0,1,"-8,040282","-34,942438",SPRF-PE,DEL01-PE,UOP01-DEL01-PE
205168,2019-04-23,terça-feira,17:00:00,PE,101,140,RIBEIRAO,Defeito Mecânico no Veículo,Incêndio,Sem Vítimas,Amanhecer,Decrescente,Chuva,Dupla,Reta,Não,1,0,0,0,1,0,0,1,"-8,43501897","-35,32815204",SPRF-PE,DEL01-PE,UOP03-DEL01-PE
205169,2019-04-23,terça-feira,15:30:00,PE,232,27,MORENO,Condutor Dormindo,Colisão com objeto estático,Com Vítimas Feridas,Pleno dia,Crescente,Chuva,Dupla,Reta,Não,1,0,1,0,0,0,1,1,"-8,11418416","-35,12568999",SPRF-PE,DEL01-PE,UOP02-DEL02PE
205211,2019-04-23,terça-feira,20:00:00,PE,232,"95,1",SAIRE,Velocidade Incompatível,Colisão lateral,Com Vítimas Feridas,Plena Noite,Crescente,Garoa/Chuvisco,Dupla,Reta,Não,2,0,0,1,0,1,1,2,"-8,228987","-35,703056",SPRF-PE,DEL01-PE,UOP02-DEL02PE
205219,2019-04-23,terça-feira,22:20:00,PE,232,"128,9",CARUARU,Falta de Atenção à Condução,Tombamento,Com Vítimas Feridas,Plena Noite,Decrescente,Nublado,Dupla,Reta,Sim,1,0,1,0,0,0,1,1,"-8,30127","-35,9847",SPRF-PE,DEL02-PE,UOP03-DEL02-PE
205255,2019-04-24,quarta-feira,05:00:00,PE,428,18,CABROBO,Desobediência às normas de trânsito pelo pedestre,Atropelamento de Pedestre,Com Vítimas Fatais,Amanhecer,Decrescente,Céu Claro,Simples,Reta,Não,2,1,0,0,0,1,0,2,"-8,49575154","-39,37941594",SPRF-PE,DEL05-PE,UOP03-DEL05-PE
205272,2019-04-24,quarta-feira,09:00:00,PE,101,"100,3",CABO DE SANTO AGOSTINHO,Avarias e/ou desgaste excessivo no pneu,Saída de leito carroçável,Com Vítimas Feridas,Pleno dia,Decrescente,Chuva,Dupla,Reta,Não,2,0,2,0,0,0,2,1,"-8,26699309","-35,05234386",SPRF-PE,DEL01-PE,UOP03-DEL01-PE
205294,2019-04-24,quarta-feira,11:50:00,PE,101,85,CABO DE SANTO AGOSTINHO,Falta de Atenção à Condução,Colisão traseira,Com Vítimas Feridas,Pleno dia,Decrescente,Céu Claro,Múltipla,Reta,Não,3,0,2,0,1,0,2,2,"-8,18065563","-34,95965322",SPRF-PE,DEL01-PE,UOP03-DEL01-PE
205373,2019-04-24,quarta-feira,18:45:00,PE,232,"127,1",CARUARU,Desobediência às normas de trânsito pelo condutor,Colisão transversal,Com Vítimas Feridas,Plena Noite,Crescente,Nublado,Simples,Reta,Não,2,0,1,0,1,0,1,2,"-8,30610303","-35,96342301",SPRF-PE,DEL02-PE,UOP03-DEL02-PE
205472,2019-04-25,quinta-feira,10:20:00,PE,232,"11,5",JABOATAO DOS GUARARAPES,Sinalização da via insuficiente ou inadequada,Colisão frontal,Com Vítimas Feridas,Pleno dia,Decrescente,Nublado,Simples,Curva,Não,2,0,1,0,1,0,1,2,"-8,08195464","-34,99545022",SPRF-PE,DEL01-PE,UOP01-DEL01-PE
205497,2019-04-25,quinta-feira,13:50:00,PE,104,"62,2",CARUARU,Ingestão de Álcool,Colisão traseira,Sem Vítimas,Pleno dia,Crescente,Céu Claro,Dupla,Reta,Sim,2,0,0,0,2,0,0,2,"-8,2618","-35,976",SPRF-PE,DEL02-PE,UOP01-DEL02-PE
205615,2019-04-26,sexta-feira,06:40:00,PE,101,100,CABO DE SANTO AGOSTINHO,Falta de Atenção à Condução,Colisão lateral,Sem Vítimas,Pleno dia,Crescente,Nublado,Dupla,Reta,Sim,2,0,0,0,2,0,0,2,"-8,26699309","-35,05234386",SPRF-PE,DEL01-PE,UOP03-DEL01-PE
205622,2019-04-26,sexta-feira,07:45:00,PE,101,"57,4",PAULISTA,Não guardar distância de segurança,Colisão traseira,Com Vítimas Feridas,Pleno dia,Crescente,Sol,Dupla,Reta,Não,3,0,2,0,1,0,2,2,"-7,96346213","-34,91513486",SPRF-PE,DEL01-PE,UOP02-DEL01-PE
205666,2019-04-26,sexta-feira,13:00:00,PE,407,129,PETROLINA,Desobediência às normas de trânsito pelo condutor,Colisão transversal,Com Vítimas Feridas,Pleno dia,Decrescente,Céu Claro,Dupla,Rotatória,Sim,3,0,1,0,2,0,1,2,"-9,39958299","-40,50459298",SPRF-PE,DEL06-PE,UOP01-DEL06-PE
205711,2019-04-26,sexta-feira,17:40:00,PE,101,72,RECIFE,Desobediência às normas de trânsito pelo condutor,Colisão lateral,Com Vítimas Fatais,Plena Noite,Crescente,Céu Claro,Dupla,Desvio Temporário;Reta;Em Obra,Sim,3,1,0,0,1,1,0,3,"-8,090378","-34,946741",SPRF-PE,DEL01-PE,UOP01-DEL01-PE
205721,2019-04-26,sexta-feira,17:00:00,PE,424,"69,4",CAETES,Falta de Atenção à Condução,Colisão frontal,Com Vítimas Feridas,Plena Noite,Crescente,Garoa/Chuvisco,Simples,Reta,Sim,3,0,0,1,1,1,1,2,"-8,77398589","-36,62798492",SPRF-PE,DEL03-PE,UOP01-DEL03-PE
205747,2019-04-26,sexta-feira,19:45:00,PE,232,"251,4",ARCOVERDE,Falta de Atenção à Condução,Colisão frontal,Com Vítimas Feridas,Plena Noite,Crescente,Céu Claro,Simples,Reta,Sim,3,0,1,1,1,0,2,2,"-8,42350887","-37,05286107",SPRF-PE,DEL03-PE,UOP02-DEL03-PE
205764,2019-04-26,sexta-feira,21:05:00,PE,232,"408,9",SERRA TALHADA,Sinalização da via insuficiente ou inadequada,Atropelamento de Pedestre,Com Vítimas Feridas,Plena Noite,Decrescente,Vento,Simples,Interseção de Vias,Sim,2,0,0,1,1,0,1,2,"-7,98371447","-38,28047709",SPRF-PE,DEL04-PE,UOP01-DEL04-PE
205787,2019-04-27,sábado,01:00:00,PE,408,"77,7",PAUDALHO,Velocidade Incompatível,Saída de leito carroçável,Sem Vítimas,Plena Noite,Decrescente,Céu Claro,Dupla,Reta,Sim,1,0,0,0,0,1,0,1,"-7,919003","-35,162964",SPRF-PE,DEL01-PE,UOP01-DEL01-PE
205917,2019-04-27,sábado,16:40:00,PE,407,124,PETROLINA,Falta de Atenção à Condução,Colisão traseira,Com Vítimas Feridas,Pleno dia,Decrescente,Céu Claro,Dupla,Interseção de Vias,Sim,3,0,1,0,2,0,1,2,"-9,37494984","-40,53778052",SPRF-PE,DEL06-PE,UOP01-DEL06-PE
205961,2019-04-27,sábado,19:40:00,PE,232,"11,1",JABOATAO DOS GUARARAPES,Sinalização da via insuficiente ou inadequada,Colisão frontal,Sem Vítimas,Plena Noite,Decrescente,Céu Claro,Simples,Curva,Sim,2,0,0,0,1,1,0,2,"-8,08212127","-34,99589682",SPRF-PE,DEL01-PE,UOP01-DEL01-PE
205975,2019-04-27,sábado,20:30:00,PE,101,"147,7",RIBEIRAO,Falta de Atenção à Condução,Colisão frontal,Com Vítimas Feridas,Plena Noite,Decrescente,Ignorado,Simples,Reta,Sim,2,0,0,1,1,0,1,2,"-8,49536107","-35,37418753",SPRF-PE,DEL01-PE,UOP03-DEL01-PE
205986,2019-04-27,sábado,21:40:00,PE,104,"111,3",PANELAS,Falta de Atenção à Condução,Colisão traseira,Sem Vítimas,Plena Noite,Crescente,Nublado,Simples,Curva,Sim,2,0,0,0,2,0,0,2,"-8,63061","-36,01349",SPRF-PE,DEL02-PE,UOP01-DEL02-PE
206000,2019-04-27,sábado,23:00:00,PE,232,"101,5",BEZERROS,Falta de Atenção do Pedestre,Atropelamento de Pedestre,Com Vítimas Fatais,Plena Noite,Decrescente,Nublado,Dupla,Reta,Sim,2,1,0,0,0,1,0,2,"-8,24194679","-35,75097313",SPRF-PE,DEL01-PE,UOP02-DEL02PE
206073,2019-01-29,terça-feira,07:50:00,PE,407,"126,4",PETROLINA,Desobediência às normas de trânsito pelo condutor,Colisão lateral,Com Vítimas Feridas,Amanhecer,Decrescente,Céu Claro,Simples,Rotatória,Sim,2,0,0,1,1,0,1,2,"-9,38729235","-40,52571058",SPRF-PE,DEL06-PE,UOP01-DEL06-PE
206077,2019-04-28,domingo,09:20:00,PE,428,191,PETROLINA,Falta de Atenção à Condução,Colisão lateral,Com Vítimas Feridas,Pleno dia,Crescente,Céu Claro,Simples,Reta,Sim,3,0,1,0,2,0,1,2,"-9,37766429","-40,50269795",SPRF-PE,DEL06-PE,UOP01-DEL06-PE
206117,2019-04-28,domingo,14:20:00,PE,408,"104,9",JABOATAO DOS GUARARAPES,Falta de Atenção à Condução,Colisão transversal,Com Vítimas Feridas,Pleno dia,Crescente,Céu Claro,Dupla,Reta,Sim,2,0,1,0,1,0,1,2,"-8,064443","-34,99006",SPRF-PE,DEL01-PE,UOP01-DEL01-PE
206154,2019-04-28,domingo,18:30:00,PE,101,"81,9",JABOATAO DOS GUARARAPES,Falta de Atenção à Condução,Colisão transversal,Com Vítimas Feridas,Plena Noite,Crescente,Nublado,Dupla,Curva,Sim,2,0,0,2,0,0,2,2,"-8,1597489","-34,94024569",SPRF-PE,DEL01-PE,UOP03-DEL01-PE
206195,2019-04-28,domingo,22:00:00,PE,101,"91,6",CABO DE SANTO AGOSTINHO,Ingestão de Álcool,Colisão frontal,Com Vítimas Feridas,Plena Noite,Decrescente,Céu Claro,Simples,Reta,Sim,2,0,1,0,1,0,1,2,"-8,22399812","-34,99290474",SPRF-PE,DEL01-PE,UOP03-DEL01-PE
206253,2019-04-29,segunda-feira,11:30:00,PE,101,96,CABO DE SANTO AGOSTINHO,Defeito Mecânico no Veículo,Saída de leito carroçável,Com Vítimas Feridas,Pleno dia,Crescente,Céu Claro,Dupla,Reta,Não,1,0,1,0,0,0,1,1,"-8,25146993","-35,021805",SPRF-PE,DEL01-PE,UOP03-DEL01-PE
206266,2019-04-29,segunda-feira,12:50:00,PE,101,46,IGARASSU,Falta de Atenção à Condução,Colisão traseira,Com Vítimas Feridas,Pleno dia,Decrescente,Sol,Múltipla,Reta,Sim,3,0,1,0,1,1,1,2,"-7,87406004","-34,90588126",SPRF-PE,DEL01-PE,UOP02-DEL01-PE
206318,2019-04-29,segunda-feira,17:05:00,PE,232,"404,2",SERRA TALHADA,Animais na Pista,Atropelamento de Animal,Com Vítimas Feridas,Anoitecer,Decrescente,Céu Claro,Simples,Aclive,Não,1,0,1,0,0,0,1,1,"-7,992986","-38,245927",SPRF-PE,DEL04-PE,UOP01-DEL04-PE
206323,2019-04-29,segunda-feira,17:50:00,PE,101,55,PAULISTA,Falta de Atenção à Condução,Colisão transversal,Com Vítimas Feridas,Plena Noite,Crescente,Céu Claro,Múltipla,Reta;Aclive                   ,Sim,2,0,1,0,1,0,1,2,"-7,94806621","-34,9062148",SPRF-PE,DEL01-PE,UOP02-DEL01-PE
206342,2019-04-29,segunda-feira,20:20:00,PE,232,62,POMBOS,Falta de Atenção à Condução,Colisão traseira,Com Vítimas Feridas,Plena Noite,Decrescente,Céu Claro,Dupla,Curva,Não,2,0,0,1,0,1,1,2,"-8,15598579","-35,42308007",SPRF-PE,DEL01-PE,UOP02-DEL02PE
206396,2019-04-30,terça-feira,08:25:00,PE,101,81,JABOATAO DOS GUARARAPES,Falta de Atenção à Condução,Colisão lateral,Com Vítimas Feridas,Pleno dia,Decrescente,Céu Claro,Dupla,Reta,Sim,2,0,1,0,1,0,1,2,"-8,1597489","-34,94024569",SPRF-PE,DEL01-PE,UOP03-DEL01-PE
206404,2019-04-30,terça-feira,08:40:00,PE,101,"50,1",ABREU E LIMA,Falta de Atenção à Condução,Colisão transversal,Com Vítimas Feridas,Pleno dia,Crescente,Céu Claro,Simples,Reta,Sim,2,0,1,0,0,1,1,2,"-7,90938602","-34,90123228",SPRF-PE,DEL01-PE,UOP02-DEL01-PE
206442,2019-04-30,terça-feira,13:15:00,PE,232,"4,4",RECIFE,Falta de Atenção à Condução,Colisão traseira,Com Vítimas Feridas,Pleno dia,Crescente,Céu Claro,Múltipla,Aclive,Não,2,0,1,0,1,0,1,2,"-8,064473","-34,936928",SPRF-PE,DEL01-PE,UOP01-DEL01-PE
206498,2019-04-30,terça-feira,18:40:00,PE,424,86,GARANHUNS,Restrição de Visibilidade,Colisão frontal,Com Vítimas Feridas,Plena Noite,Crescente,Céu Claro,Simples,Declive,Sim,3,0,1,0,2,0,1,2,"-8,86552886","-36,50934159",SPRF-PE,DEL03-PE,UOP01-DEL03-PE
206565,2019-05-01,quarta-feira,04:50:00,PE,101,"73,1",RECIFE,Ingestão de Álcool,Colisão traseira,Com Vítimas Feridas,Amanhecer,Crescente,Céu Claro,Dupla,Reta,Sim,2,0,1,0,1,0,1,2,"-8,095412","-34,949136",SPRF-PE,DEL01-PE,UOP01-DEL01-PE
206617,2019-05-01,quarta-feira,10:00:00,PE,101,"48,3",ABREU E LIMA,Falta de Atenção à Condução,Colisão traseira,Com Vítimas Feridas,Pleno dia,Crescente,Nublado,Múltipla,Reta,Sim,2,0,1,0,1,0,1,2,"-7,89174705","-34,9033493",SPRF-PE,DEL01-PE,UOP02-DEL01-PE
206675,2019-05-01,quarta-feira,17:45:00,PE,232,413,SERRA TALHADA,Ingestão de Álcool,Queda de ocupante de veículo,Com Vítimas Feridas,Plena Noite,Crescente,Céu Claro,Simples,Reta,Não,1,0,1,0,0,0,1,1,"-7,98596767","-38,32494736",SPRF-PE,DEL04-PE,UOP01-DEL04-PE
206719,2019-05-01,quarta-feira,19:00:00,PE,104,65,CARUARU,Ingestão de Álcool,Colisão traseira,Sem Vítimas,Plena Noite,Decrescente,Céu Claro,Dupla,Reta,Sim,2,0,0,0,2,0,0,2,"-8,2867","-35,9838",SPRF-PE,DEL02-PE,UOP01-DEL02-PE
206775,2019-05-02,quinta-feira,07:40:00,PE,101,71,RECIFE,Falta de Atenção à Condução,Colisão lateral,Com Vítimas Feridas,Pleno dia,Crescente,Sol,Dupla,Reta,Sim,2,0,1,0,1,0,1,2,"-8,07663102","-34,94277871",SPRF-PE,DEL01-PE,UOP01-DEL01-PE
206839,2019-05-02,quinta-feira,15:10:00,PE,101,"43,2",IGARASSU,Não guardar distância de segurança,Colisão traseira,Com Vítimas Feridas,Pleno dia,Crescente,Sol,Múltipla,Reta,Sim,3,0,2,0,1,0,2,2,"-7,84753808","-34,90977038",SPRF-PE,DEL01-PE,UOP02-DEL01-PE
206856,2019-05-02,quinta-feira,16:50:00,PE,428,140,LAGOA GRANDE,Ingestão de Álcool,Colisão transversal,Com Vítimas Feridas,Pleno dia,Decrescente,Céu Claro,Simples,Reta,Sim,2,0,1,0,1,0,1,2,"-8,998742","-40,272046",SPRF-PE,DEL06-PE,UOP01-DEL06-PE
206976,2019-05-03,sexta-feira,07:50:00,PE,232,"410,2",SERRA TALHADA,Desobediência às normas de trânsito pelo condutor,Colisão transversal,Com Vítimas Feridas,Pleno dia,Decrescente,Céu Claro,Simples,Reta,Sim,2,0,0,1,1,0,1,2,"-7,98261841","-38,30039606",SPRF-PE,DEL04-PE,UOP01-DEL04-PE
206982,2019-05-03,sexta-feira,09:25:00,PE,232,"62,3",POMBOS,Falta de Atenção à Condução,Colisão traseira,Com Vítimas Feridas,Pleno dia,Crescente,Céu Claro,Dupla,Reta,Não,2,0,0,1,1,0,1,2,"-8,15598579","-35,42308007",SPRF-PE,DEL01-PE,UOP02-DEL02PE
207016,2019-05-03,sexta-feira,14:30:00,PE,428,11,CABROBO,Falta de Atenção à Condução,Colisão lateral,Com Vítimas Feridas,Pleno dia,Crescente,Céu Claro,Simples,Reta,Sim,2,0,1,0,1,0,1,2,"-8,5063914","-39,3161128",SPRF-PE,DEL05-PE,UOP03-DEL05-PE