id,data_inversa,dia_semana,horario,uf,br,km,municipio,causa_acidente,tipo_acidente,classificacao_acidente,fase_dia,sentido_via,condicao_metereologica,tipo_pista,tracado_via,uso_solo,pessoas,mortos,feridos_leves,feridos_graves,ilesos,ignorados,feridos,veiculos,latitude,longitude,regional,delegacia,uop
213800,2019-06-05,quarta-feira,18:35:00,PE,104,65,CARUARU,Falta de Atenção à Condução,Colisão transversal,Com Vítimas Feridas,Plena Noite,Decrescente,Nublado,Dupla,Interseção de Vias,Sim,2,0,1,0,1,0,1,2,"-8,2867","-35,9838",SPRF-PE,DEL02-PE,UOP01-DEL02-PE
213831,2019-06-05,quarta-feira,21:00:00,PE,428,"189,3",PETROLINA,Agressão Externa,Colisão lateral,Com Vítimas Feridas,Plena Noite,Decrescente,Céu Claro,Dupla,Reta,Sim,3,0,3,0,0,0,3,3,"-9,37605965","-40,49382106",SPRF-PE,DEL06-PE,UOP01-DEL06-PE
213890,2019-06-06,quinta-feira,09:10:00,PE,232,"77,9",GRAVATA,Falta de Atenção à Condução,Colisão transversal,Sem Vítimas,Pleno dia,Decrescente,Céu Claro,Simples,Reta,Sim,2,0,0,0,2,0,0,2,"-8,19343863","-35,54300692",SPRF-PE,DEL01-PE,UOP02-DEL02PE
214030,2019-06-07,sexta-feira,02:30:00,PE,407,124,PETROLINA,Condutor Dormindo,Saída de leito carroçável,Com Vítimas Feridas,Amanhecer,Decrescente,Céu Claro,Dupla,Rotatória,Sim,1,0,0,1,0,0,1,1,"-9,37349962","-40,53888559",SPRF-PE,DEL06-PE,UOP01-DEL06-PE
214062,2019-06-07,sexta-feira,08:10:00,PE,232,507,SALGUEIRO,Falta de Atenção à Condução,Colisão transversal,Com Vítimas Feridas,Pleno dia,Crescente,Céu Claro,Simples,Interseção de Vias,Sim,2,0,1,0,1,0,1,2,"-8,06038759","-39,11191706",SPRF-PE,DEL05-PE,UOP01-DEL05-PE
214110,2019-06-07,sexta-feira,11:00:00,PE,232,83,GRAVATA,Falta de Atenção à Condução,Colisão lateral,Com Vítimas Feridas,Pleno dia,Crescente,Sol,Dupla,Curva,Sim,3,0,0,2,1,0,2,2,"-8,2024868","-35,59542005",SPRF-PE,DEL01-PE,UOP02-DEL02PE
214131,2019-06-07,sexta-feira,10:30:00,PE,101,"41,9",IGARASSU,Falta de Atenção à Condução,Colisão traseira,Com Vítimas Feridas,Pleno dia,Decrescente,Sol,Múltipla,Reta,Sim,2,0,1,0,1,0,1,2,"-7,83708941","-34,91245531",SPRF-PE,DEL01-PE,UOP02-DEL01-PE
214147,2019-06-07,sexta-feira,14:00:00,PE,232,"6,5",RECIFE,Falta de Atenção à Condução,Colisão traseira,Sem Vítimas,Pleno dia,Decrescente,Céu Claro,Dupla,Reta,Sim,3,0,0,0,3,0,0,3,"-8,07079525","-34,9535389",SPRF-PE,DEL01-PE,UOP01-DEL01-PE
214151,2019-06-07,sexta-feira,14:00:00,PE,122,"307,9",PETROLINA,Desobediência às normas de trânsito pelo condutor,Colisão lateral,Com Vítimas Feridas,Pleno dia,Decrescente,Nublado,Dupla,Reta,Sim,2,0,0,1,1,0,1,2,"-9,38268298","-40,51538056",SPRF-PE,DEL06-PE,UOP01-DEL06-PE
214163,2019-06-07,sexta-feira,16:00:00,PE,101,68,RECIFE,Agressão Externa,Colisão lateral,Com Vítimas Feridas,Pleno dia,Crescente,Céu Claro,Dupla,Em Obras;Reta                 ,Sim,5,0,1,0,3,1,1,3,"-8,05074296","-34,94580619",SPRF-PE,DEL01-PE,UOP01-DEL01-PE
214197,2019-06-07,sexta-feira,18:20:00,PE,408,62,CARPINA,Desobediência às normas de trânsito pelo condutor,Colisão frontal,Com Vítimas Fatais,Plena Noite,Crescente,Céu Claro,Simples,Reta,Não,2,1,1,0,0,0,1,2,"-7,83198297","-35,24473969",SPRF-PE,DEL01-PE,UOP01-DEL01-PE
214246,2019-06-07,sexta-feira,22:35:00,PE,101,51,ABREU E LIMA,Falta de Atenção à Condução,Colisão traseira,Com Vítimas Feridas,Plena Noite,Crescente,Céu Claro,Múltipla,Reta,Sim,2,0,0,1,1,0,1,2,"-7,9169968","-34,89689272",SPRF-PE,DEL01-PE,UOP02-DEL01-PE
214247,2019-06-07,sexta-feira,22:00:00,PE,104,71,CARUARU,Falta de Atenção à Condução,Colisão traseira,Com Vítimas Feridas,Plena Noite,Crescente,Céu Claro,Dupla,Retorno Regulamentado,Não,2,0,1,0,1,0,1,2,"-8,3333","-35,9814",SPRF-PE,DEL02-PE,UOP01-DEL02-PE
214303,2019-03-27,quarta-feira,21:15:00,PE,101,"72,5",RECIFE,Falta de Atenção à Condução,Colisão traseira,Sem Vítimas,Plena Noite,Decrescente,Chuva,Dupla,Reta,Sim,2,0,0,0,1,1,0,2,"-8,08493106","-34,9450639",SPRF-PE,DEL01-PE,UOP01-DEL01-PE
214368,2019-06-08,sábado,14:00:00,PE,101,67,RECIFE,Falta de Atenção à Condução,Colisão lateral,Com Vítimas Feridas,Pleno dia,Crescente,Nublado,Múltipla,Interseção de Vias,Sim,3,0,1,0,2,0,1,2,"-8,043467","-34,943948",SPRF-PE,DEL01-PE,UOP01-DEL01-PE
214414,2019-06-08,sábado,18:20:00,PE,104,"67,7",CARUARU,Falta de Atenção à Condução,Saída de leito carroçável,Com Vítimas Feridas,Plena Noite,Decrescente,Céu Claro,Dupla,Curva,Sim,1,0,0,1,0,0,1,1,"-8,30551478","-35,99165266",SPRF-PE,DEL02-PE,UOP01-DEL02-PE
214441,2019-06-08,sábado,19:10:00,PE,232,"110,1",BEZERROS,Falta de Atenção à Condução,Capotamento,Com Vítimas Feridas,Plena Noite,Crescente,Nublado,Dupla,Reta,Não,2,0,2,0,0,0,2,1,"-8,28688","-35,81847",SPRF-PE,DEL02-PE,UOP03-DEL02-PE
214442,2019-06-08,sábado,19:35:00,PE,101,"67,5",RECIFE,Defeito na Via,Colisão lateral,Com Vítimas Feridas,Plena Noite,Crescente,Céu Claro,Múltipla,Reta,Sim,2,0,2,0,0,0,2,2,"-8,046473","-34,944983",SPRF-PE,DEL01-PE,UOP01-DEL01-PE
214452,2019-06-08,sábado,20:30:00,PE,101,98,CABO DE SANTO AGOSTINHO,Falta de Atenção à Condução,Colisão lateral,Com Vítimas Feridas,Plena Noite,Decrescente,Céu Claro,Dupla,Reta,Sim,2,0,1,0,1,0,1,2,"-8,25653422","-35,03811793",SPRF-PE,DEL01-PE,UOP03-DEL01-PE
214502,2019-06-09,domingo,01:50:00,PE,232,130,CARUARU,Defeito Mecânico no Veículo,Tombamento,Sem Vítimas,Plena Noite,Crescente,Céu Claro,Dupla,Curva,Sim,1,0,0,0,1,0,0,1,"-8,29983303","-35,989662",SPRF-PE,DEL02-PE,UOP03-DEL02-PE
214562,2019-06-09,domingo,09:35:00,PE,101,"61,2",RECIFE,Desobediência às normas de trânsito pelo condutor,Colisão traseira,Com Vítimas Feridas,Pleno dia,Decrescente,Céu Claro,Dupla,Reta,Não,4,0,2,0,2,0,2,3,"-7,99097103","-34,93598295",SPRF-PE,DEL01-PE,UOP02-DEL01-PE
214580,2019-06-09,domingo,13:00:00,PE,104,82,AGRESTINA,Falta de Atenção à Condução,Colisão frontal,Com Vítimas Feridas,Pleno dia,Decrescente,Sol,Simples,Reta,Não,1,0,1,0,0,0,1,1,"-8,414513","-35,967102",SPRF-PE,DEL02-PE,UOP01-DEL02-PE
214606,2019-04-06,sábado,14:00:00,PE,101,190,PALMARES,Avarias e/ou desgaste excessivo no pneu,Colisão com objeto estático,Com Vítimas Feridas,Pleno dia,Decrescente,Céu Claro,Múltipla,Curva,Não,2,0,1,1,0,0,2,1,"-8,696057","-35,610169",SPRF-PE,DEL01-PE,UOP03-DEL01-PE
214767,2019-06-10,segunda-feira,05:00:00,PE,408,53,NAZARE DA MATA,Falta de Atenção à Condução,Colisão transversal,Com Vítimas Feridas,Amanhecer,Crescente,Céu Claro,Simples,Reta,Não,3,0,1,0,2,0,1,2,"-7,7544279","-35,23291346",SPRF-PE,DEL01-PE,UOP01-DEL01-PE
214879,2019-06-10,segunda-feira,17:00:00,PE,408,21,TIMBAUBA,Desobediência às normas de trânsito pelo condutor,Colisão frontal,Com Vítimas Feridas,Anoitecer,Decrescente,Nublado,Simples,Reta,Não,3,0,1,0,2,0,1,2,"-7,52257159","-35,29948406",SPRF-PE,DEL01-PE,UOP01-DEL01-PE
214902,2019-06-10,segunda-feira,18:45:00,PE,407,128,PETROLINA,Desobediência às normas de trânsito pelo condutor,Colisão transversal,Com Vítimas Feridas,Anoitecer,Decrescente,Garoa/Chuvisco,Simples,Declive,Sim,3,0,0,2,1,0,2,2,"-9,39933276","-40,50455868",SPRF-PE,DEL06-PE,UOP01-DEL06-PE
215018,2019-06-11,terça-feira,12:35:00,PE,428,"188,2",PETROLINA,Não guardar distância de segurança,Colisão transversal,Com Vítimas Feridas,Pleno dia,Decrescente,Céu Claro,Dupla,Interseção de Vias,Sim,2,0,1,0,1,0,1,2,"-9,37581785","-40,49084187",SPRF-PE,DEL06-PE,UOP01-DEL06-PE
215045,2019-06-11,terça-feira,07:40:00,PE,428,188,PETROLINA,Falta de Atenção do Pedestre,Colisão traseira,Com Vítimas Feridas,Pleno dia,Decrescente,Céu Claro,Simples,Rotatória,Não,2,0,1,0,1,0,1,2,"-9,36400596","-40,48266808",SPRF-PE,DEL06-PE,UOP01-DEL06-PE
215070,2019-06-11,terça-feira,17:40:00,PE,232,409,SERRA TALHADA,Falta de Atenção à Condução,Colisão frontal,Com Vítimas Feridas,Anoitecer,Crescente,Céu Claro,Simples,Interseção de Vias,Sim,2,0,1,0,1,0,1,2,"-7,981944","-38,289467",SPRF-PE,DEL04-PE,UOP01-DEL04-PE
215112,2019-06-11,terça-feira,21:45:00,PE,101,"44,4",IGARASSU,Falta de Atenção do Pedestre,Atropelamento de Pedestre,Com Vítimas Fatais,Plena Noite,Crescente,Chuva,Simples,Reta,Sim,2,1,0,0,1,0,0,2,"-7,85637001","-34,90842109",SPRF-PE,DEL01-PE,UOP02-DEL01-PE
215128,2019-06-12,quarta-feira,00:27:00,PE,232,103,BEZERROS,Condutor Dormindo,Colisão com objeto estático,Com Vítimas Feridas,Plena Noite,Decrescente,Céu Claro,Dupla,Reta;Aclive                   ,Sim,2,0,2,0,0,0,2,1,"-8,25219029","-35,76584983",SPRF-PE,DEL02-PE,UOP03-DEL02-PE
215155,2019-06-12,quarta-feira,07:45:00,PE,232,"20,5",MORENO,Velocidade Incompatível,Saída de leito carroçável,Com Vítimas Feridas,Pleno dia,Crescente,Nublado,Dupla,Retorno Regulamentado;Curva   ,Não,2,0,0,1,0,1,1,1,"-8,095456","-35,072959",SPRF-PE,DEL01-PE,UOP01-DEL01-PE
215178,2019-06-12,quarta-feira,09:50:00,PE,408,"105,2",JABOATAO DOS GUARARAPES,Falta de Atenção à Condução,Tombamento,Com Vítimas Feridas,Pleno dia,Crescente,Chuva,Dupla,Reta,Não,2,0,2,0,0,0,2,1,"-8,079486","-34,991475",SPRF-PE,DEL01-PE,UOP01-DEL01-PE
215235,2019-06-12,quarta-feira,16:00:00,PE,104,63,CARUARU,Falta de Atenção do Pedestre,Atropelamento de Pedestre,Com Vítimas Feridas,Pleno dia,Crescente,Céu Claro,Simples,Reta,Sim,2,0,1,0,1,0,1,2,"-8,26714144","-35,97869496",SPRF-PE,DEL02-PE,UOP01-DEL02-PE
215295,2019-06-12,quarta-feira,18:48:00,PE,232,510,SALGUEIRO,Desobediência às normas de trânsito pelo condutor,Colisão lateral,Com Vítimas Feridas,Plena Noite,Crescente,Céu Claro,Simples,Reta,Sim,2,0,1,0,1,0,1,2,"-8,067472","-39,13817",SPRF-PE,DEL05-PE,UOP01-DEL05-PE
215299,2019-06-12,quarta-feira,21:00:00,PE,232,"325,7",CUSTODIA,Falta de Atenção à Condução,Colisão frontal,Com Vítimas Fatais,Plena Noite,Crescente,Céu Claro,Simples,Curva,Não,3,1,0,1,0,1,1,3,"-8,09250741","-37,57562309",SPRF-PE,DEL03-PE,UOP02-DEL03-PE
215308,2019-06-12,quarta-feira,22:00:00,PE,232,138,CARUARU,Ingestão de Álcool,Saída de leito carroçável,Com Vítimas Feridas,Plena Noite,Crescente,Céu Claro,Dupla,Reta,Não,1,0,0,1,0,0,1,1,"-8,31829493","-36,05907802",SPRF-PE,DEL02-PE,UOP03-DEL02-PE
215327,2019-06-13,quinta-feira,02:10:00,PE,232,45,VITORIA DE SANTO ANTAO,Fenômenos da Natureza,Colisão com objeto estático,Com Vítimas Feridas,Plena Noite,Decrescente,Chuva,Dupla,Reta,Não,1,0,1,0,0,0,1,1,"-8,128181","-35,281677",SPRF-PE,DEL01-PE,UOP02-DEL02PE
215333,2019-06-13,quinta-feira,03:00:00,PE,423,"25,5",SAO CAITANO,Desobediência às normas de trânsito pelo condutor,Colisão frontal,Com Vítimas Fatais,Plena Noite,Decrescente,Garoa/Chuvisco,Simples,Curva,Não,6,2,4,0,0,0,4,2,"-8,379416","-36,172916",SPRF-PE,DEL02-PE,UOP03-DEL02-PE
215359,2019-06-13,quinta-feira,06:00:00,PE,232,"82,5",GRAVATA,Avarias e/ou desgaste excessivo no pneu,Saída de leito carroçável,Com Vítimas Feridas,Amanhecer,Crescente,Chuva,Dupla,Reta;Aclive                   ,Sim,2,0,1,1,0,0,2,1,"-8,19905415","-35,58715194",SPRF-PE,DEL01-PE,UOP02-DEL02PE
215374,2019-06-13,quinta-feira,08:30:00,PE,232,"45,8",VITORIA DE SANTO ANTAO,Defeito na Via,Colisão com objeto estático,Com Vítimas Feridas,Pleno dia,Decrescente,Chuva,Dupla,Reta,Não,4,0,1,0,3,0,1,1,"-8,128181","-35,281677",SPRF-PE,DEL01-PE,UOP02-DEL02PE
215398,2019-06-13,quinta-feira,10:15:00,PE,232,"118,9",CARUARU,Defeito Mecânico no Veículo,Tombamento,Com Vítimas Feridas,Pleno dia,Crescente,Chuva,Dupla,Reta,Não,2,0,2,0,0,0,2,1,"-8,29431633","-35,88437194",SPRF-PE,DEL02-PE,UOP03-DEL02-PE
215416,2019-06-13,quinta-feira,11:40:00,PE,408,44,ALIANCA,Ultrapassagem Indevida,Colisão frontal,Com Vítimas Fatais,Pleno dia,Crescente,Chuva,Simples,Reta,Não,2,1,1,0,0,0,1,2,"-7,68111007","-35,25047308",SPRF-PE,DEL01-PE,UOP01-DEL01-PE
215460,2019-06-13,quinta-feira,16:10:00,PE,232,81,GRAVATA,Desobediência às normas de trânsito pelo condutor,Colisão traseira,Com Vítimas Feridas,Pleno dia,Decrescente,Chuva,Simples,Reta,Sim,2,0,1,0,1,0,1,2,"-8,19697746","-35,57850408",SPRF-PE,DEL01-PE,UOP02-DEL02PE
215494,2019-06-13,quinta-feira,19:40:00,PE,101,"133,5",ESCADA,Falta de Atenção do Pedestre,Atropelamento de Pedestre,Com Vítimas Fatais,Plena Noite,Decrescente,Chuva,Dupla,Reta,Não,2,1,0,0,0,1,0,2,"-8,40843778","-35,27817804",SPRF-PE,DEL01-PE,UOP03-DEL01-PE
215622,2019-06-14,sexta-feira,16:10:00,PE,101,47,ABREU E LIMA,Falta de Atenção à Condução,Colisão lateral,Sem Vítimas,Pleno dia,Crescente,Céu Claro,Dupla,Retorno Regulamentado,Sim,2,0,0,0,2,0,0,2,"-7,88290701","-34,90461208",SPRF-PE,DEL01-PE,UOP02-DEL01-PE
215705,2019-06-14,sexta-feira,23:10:00,PE,232,"9,3",JABOATAO DOS GUARARAPES,Falta de Atenção do Pedestre,Atropelamento de Pedestre,Com Vítimas Feridas,Plena Noite,Crescente,Nublado,Dupla,Reta,Sim,2,0,1,0,1,0,1,2,"-8,07764447","-34,97863609",SPRF-PE,DEL01-PE,UOP01-DEL01-PE
215806,2019-06-15,sábado,13:10:00,PE,232,"71,2",GRAVATA,Falta de Atenção à Condução,Colisão com objeto estático,Com Vítimas Feridas,Pleno dia,Crescente,Chuva,Dupla,Reta,Sim,3,0,1,0,2,0,1,3,"-8,18430516","-35,49476624",SPRF-PE,DEL01-PE,UOP02-DEL02PE
215822,2019-04-15,segunda-feira,14:00:00,PE,101,80,JABOATAO DOS GUARARAPES,Falta de Atenção à Condução,Atropelamento de Pedestre,Com Vítimas Feridas,Pleno dia,Decrescente,Ignorado,Dupla,Reta,Sim,2,0,0,1,1,0,1,2,"-8,16412748","-34,93894815",SPRF-PE,DEL01-PE,UOP03-DEL01-PE
215892,2019-06-15,sábado,18:55:00,PE,116,39,SALGUEIRO,Animais na Pista,Atropelamento de Animal,Com Vítimas Feridas,Plena Noite,Crescente,Céu Claro,Simples,Reta,Não,2,0,1,1,0,0,2,1,"-8,179874","-39,102428",SPRF-PE,DEL05-PE,UOP01-DEL05-PE
216051,2019-06-16,domingo,14:25:00,PE,232,130,CARUARU,Falta de Atenção à Condução,Colisão traseira,Com Vítimas Feridas,Pleno dia,Crescente,Nublado,Dupla,Reta,Sim,3,0,2,0,1,0,2,2,"-8,30117613","-35,99843996",SPRF-PE,DEL02-PE,UOP03-DEL02-PE
216056,2019-06-16,domingo,15:15:00,PE,232,"110,9",BEZERROS,Falta de Atenção à Condução,Capotamento,Com Vítimas Feridas,Pleno dia,Crescente,Nublado,Dupla,Reta,Não,3,0,3,0,0,0,3,1,"-8,29729696","-35,83146101",SPRF-PE,DEL02-PE,UOP03-DEL02-PE
216076,2019-06-16,domingo,16:10:00,PE,232,"95,8",SAIRE,Falta de Atenção à Condução,Colisão traseira,Com Vítimas Feridas,Pleno dia,Decrescente,Chuva,Dupla,Reta,Não,2,0,0,1,0,1,1,2,"-8,22740988","-35,69941904",SPRF-PE,DEL01-PE,UOP02-DEL02PE
216103,2019-06-16,domingo,17:50:00,PE,101,48,ABREU E LIMA,Falta de Atenção à Condução,Colisão transversal,Sem Vítimas,Plena Noite,Crescente,Garoa/Chuvisco,Múltipla,Reta;Retorno Regulamentado    ,Sim,2,0,0,0,2,0,0,2,"-7,89174705","-34,9033493",SPRF-PE,DEL01-PE,UOP02-DEL01-PE
216111,2019-06-16,domingo,18:45:00,PE,316,"366,2",PETROLANDIA,Falta de Atenção à Condução,Colisão lateral,Com Vítimas Feridas,Plena Noite,Crescente,Nublado,Simples,Curva,Sim,3,0,1,0,0,2,1,2,"-8,97062593","-38,21759485",SPRF-PE,DEL04-PE,UOP03-DEL04-PE
216172,2019-06-16,domingo,21:20:00,PE,101,"45,1",IGARASSU,Ingestão de Álcool,Colisão traseira,Com Vítimas Feridas,Plena Noite,Decrescente,Chuva,Múltipla,Reta,Sim,2,0,1,0,0,1,1,2,"-7,86521297","-34,90715176",SPRF-PE,DEL01-PE,UOP02-DEL01-PE
216227,2019-06-17,segunda-feira,04:10:00,PE,101,"64,2",RECIFE,Velocidade Incompatível,Engavetamento,Com Vítimas Feridas,Amanhecer,Decrescente,Chuva,Múltipla,Curva,Sim,5,0,2,0,3,0,2,3,"-8,0162921","-34,94045886",SPRF-PE,DEL01-PE,UOP01-DEL01-PE
216238,2019-06-17,segunda-feira,06:00:00,PE,101,"191,5",PALMARES,Velocidade Incompatível,Saída de leito carroçável,Com Vítimas Feridas,Amanhecer,Crescente,Chuva,Dupla,Reta,Não,1,0,1,0,0,0,1,1,"-8,70426509","-35,60781436",SPRF-PE,DEL01-PE,UOP03-DEL01-PE
216249,2019-06-17,segunda-feira,07:45:00,PE,232,44,VITORIA DE SANTO ANTAO,Defeito na Via,Saída de leito carroçável,Com Vítimas Feridas,Pleno dia,Crescente,Chuva,Dupla,Reta,Sim,2,0,1,0,1,0,1,1,"-8,12337542","-35,27098583",SPRF-PE,DEL01-PE,UOP02-DEL02PE
216264,2019-06-17,segunda-feira,09:15:00,PE,101,"4,6",GOIANA,Pista Escorregadia,Saída de leito carroçável,Com Vítimas Feridas,Pleno dia,Crescente,Chuva,Dupla,Ponte;Reta                    ,Não,1,0,1,0,0,0,1,1,"-7,53264499","-34,99145786",SPRF-PE,DEL01-PE,UOP02-DEL01-PE
216299,2019-06-17,segunda-feira,12:00:00,PE,101,207,XEXEU,Pista Escorregadia,Capotamento,Com Vítimas Feridas,Pleno dia,Crescente,Chuva,Dupla,Curva,Não,2,0,2,0,0,0,2,1,"-8,82545377","-35,64542552",SPRF-PE,DEL01-PE,UOP03-DEL01-PE
216444,2019-06-18,terça-feira,04:50:00,PE,232,"28,2",MORENO,Defeito na Via,Colisão com objeto estático,Com Vítimas Feridas,Amanhecer,Crescente,Chuva,Dupla,Reta,Não,2,0,1,0,1,0,1,1,"-8,11290892","-35,13442099",SPRF-PE,DEL01-PE,UOP02-DEL02PE
216452,2019-06-18,terça-feira,06:50:00,PE,101,"73,7",RECIFE,Desobediência às normas de trânsito pelo condutor,Tombamento,Com Vítimas Feridas,Pleno dia,Decrescente,Chuva,Dupla,Reta,Sim,2,0,1,0,1,0,1,1,"-8,093369","-34,947464",SPRF-PE,DEL01-PE,UOP01-DEL01-PE
216459,2019-06-18,terça-feira,06:30:00,PE,101,"28,5",ITAPISSUMA,Pista Escorregadia,Capotamento,Sem Vítimas,Pleno dia,Crescente,Chuva,Dupla,Curva,Não,3,0,0,0,3,0,0,1,"-7,72056385","-34,94127124",SPRF-PE,DEL01-PE,UOP02-DEL01-PE
216461,2019-06-18,terça-feira,07:40:00,PE,232,409,SERRA TALHADA,Desobediência às normas de trânsito pelo condutor,Saída de leito carroçável,Com Vítimas Feridas,Pleno dia,Crescente,Nublado,Simples,Reta,Sim,1,0,1,0,0,0,1,1,"-7,981944","-38,289467",SPRF-PE,DEL04-PE,UOP01-DEL04-PE
216479,2019-06-18,terça-feira,09:15:00,PE,408,104,JABOATAO DOS GUARARAPES,Animais na Pista,Queda de ocupante de veículo,Com Vítimas Feridas,Pleno dia,Crescente,Céu Claro,Dupla,Reta,Sim,2,0,2,0,0,0,2,1,"-8,064443","-34,99006",SPRF-PE,DEL01-PE,UOP01-DEL01-PE
216514,2019-06-12,quarta-feira,22:00:00,PE,101,"87,5",JABOATAO DOS GUARARAPES,Falta de Atenção à Condução,Colisão transversal,Sem Vítimas,Plena Noite,Decrescente,Chuva,Simples,Reta,Sim,2,0,0,0,1,1,0,2,"-8,20506941","-34,96155024",SPRF-PE,DEL01-PE,UOP03-DEL01-PE
216552,2019-06-18,terça-feira,18:20:00,PE,428,192,PETROLINA,Desobediência às normas de trânsito pelo condutor,Colisão lateral,Com Vítimas Feridas,Plena Noite,Crescente,Céu Claro,Simples,Reta,Sim,3,0,1,0,2,0,1,3,"-9,38067769","-40,51113714",SPRF-PE,DEL06-PE,UOP01-DEL06-PE
216572,2019-06-18,terça-feira,17:20:00,PE,232,"507,5",SALGUEIRO,Falta de Atenção à Condução,Colisão transversal,Com Vítimas Feridas,Pleno dia,Crescente,Chuva,Simples,Interseção de Vias,Sim,3,0,1,0,1,1,1,2,"-8,06038759","-39,11191706",SPRF-PE,DEL05-PE,UOP01-DEL05-PE
216612,2019-06-19,quarta-feira,03:00:00,PE,101,"177,7",JOAQUIM NABUCO,Condutor Dormindo,Saída de leito carroçável,Sem Vítimas,Plena Noite,Crescente,Céu Claro,Dupla,Reta,Não,1,0,0,0,1,0,0,1,"-8,62108477","-35,55116105",SPRF-PE,DEL01-PE,UOP03-DEL01-PE
216686,2019-06-19,quarta-feira,11:45:00,PE,101,"65,4",RECIFE,Não guardar distância de segurança,Colisão traseira,Com Vítimas Feridas,Pleno dia,Decrescente,Céu Claro,Múltipla,Reta,Sim,2,0,1,0,0,1,1,2,"-8,02478597","-34,94276635",SPRF-PE,DEL01-PE,UOP01-DEL01-PE
216707,2019-06-19,quarta-feira,14:15:00,PE,232,155,SAO CAITANO,Falta de Atenção à Condução,Tombamento,Com Vítimas Feridas,Pleno dia,Crescente,Céu Claro,Simples,Reta,Não,1,0,0,1,0,0,1,1,"-8,32878441","-36,20816698",SPRF-PE,DEL02-PE,UOP03-DEL02-PE
216761,2019-06-19,quarta-feira,18:00:00,PE,407,"129,3",PETROLINA,Ultrapassagem Indevida,Colisão lateral,Com Vítimas Feridas,Plena Noite,Decrescente,Céu Claro,Dupla,Reta,Não,2,0,1,0,1,0,1,2,"-9,40228062","-40,50366282",SPRF-PE,DEL06-PE,UOP01-DEL06-PE
216965,2019-06-20,quinta-feira,19:30:00,PE,101,"60,6",RECIFE,Desobediência às normas de trânsito pelo condutor,Colisão lateral,Com Vítimas Feridas,Plena Noite,Decrescente,Céu Claro,Dupla,Reta,Sim,3,0,2,0,0,1,2,2,"-7,98344307","-34,93176727",SPRF-PE,DEL01-PE,UOP02-DEL01-PE
217023,2019-06-21,sexta-feira,01:20:00,PE,408,"91,6",SAO LOURENCO DA MATA,Animais na Pista,Atropelamento de Animal,Com Vítimas Feridas,Plena Noite,Decrescente,Nublado,Dupla,Curva,Não,1,0,1,0,0,0,1,1,"-7,99473192","-35,07007592",SPRF-PE,DEL01-PE,UOP01-DEL01-PE
217050,2019-06-21,sexta-feira,01:40:00,PE,407,129,PETROLINA,Mal Súbito,Queda de ocupante de veículo,Com Vítimas Feridas,Plena Noite,Crescente,Céu Claro,Dupla,Ponte,Sim,1,0,0,1,0,0,1,1,"-9,39958299","-40,50459298",SPRF-PE,DEL06-PE,UOP01-DEL06-PE
217095,2019-06-21,sexta-feira,12:20:00,PE,408,"88,8",SAO LOURENCO DA MATA,Avarias e/ou desgaste excessivo no pneu,Colisão com objeto estático,Com Vítimas Feridas,Pleno dia,Decrescente,Céu Claro,Dupla,Reta,Sim,5,0,2,0,3,0,2,1,"-7,97432974","-35,08598372",SPRF-PE,DEL01-PE,UOP01-DEL01-PE
217118,2019-06-21,sexta-feira,16:30:00,PE,232,9,RECIFE,Não guardar distância de segurança,Engavetamento,Com Vítimas Feridas,Pleno dia,Crescente,Sol,Dupla,Aclive,Sim,4,0,1,0,3,0,1,4,"-8,07764447","-34,97863609",SPRF-PE,DEL01-PE,UOP01-DEL01-PE
217119,2019-06-21,sexta-feira,15:40:00,PE,232,"84,4",GRAVATA,Desobediência às normas de trânsito pelo condutor,Colisão lateral,Com Vítimas Feridas,Pleno dia,Decrescente,Céu Claro,Dupla,Aclive;Reta                   ,Sim,2,0,0,1,1,0,1,2,"-8,20801795","-35,60776234",SPRF-PE,DEL01-PE,UOP02-DEL02PE
217121,2019-06-21,sexta-feira,16:28:00,PE,232,"212,6",PESQUEIRA,Falta de Atenção à Condução,Colisão lateral,Sem Vítimas,Pleno dia,Crescente,Céu Claro,Simples,Interseção de Vias,Sim,2,0,0,0,2,0,0,2,"-8,37328104","-36,71376998",SPRF-PE,DEL02-PE,UOP03-DEL02-PE
217126,2019-06-21,sexta-feira,17:15:00,PE,101,"47,5",IGARASSU,Não guardar distância de segurança,Colisão traseira,Sem Vítimas,Anoitecer,Crescente,Céu Claro,Simples,Reta,Sim,2,0,0,0,2,0,0,2,"-7,88290701","-34,90461208",SPRF-PE,DEL01-PE,UOP02-DEL01-PE
217129,2019-06-21,sexta-feira,17:20:00,PE,232,"7,8",RECIFE,Falta de Atenção à Condução,Colisão transversal,Com Vítimas Feridas,Anoitecer,Decrescente,Céu Claro,Dupla,Reta,Sim,2,0,1,0,1,0,1,2,"-8,075612","-34,969007",SPRF-PE,DEL01-PE,UOP01-DEL01-PE
217131,2019-06-21,sexta-feira,17:50:00,PE,316,"344,4",PETROLANDIA,Ingestão de Álcool,Queda de ocupante de veículo,Com Vítimas Fatais,Anoitecer,Crescente,Céu Claro,Simples,Reta,Não,1,1,0,0,0,0,0,1,"-8,89381398","-38,25511068",SPRF-PE,DEL04-PE,UOP03-DEL04-PE
217133,2019-06-21,sexta-feira,17:45:00,PE,232,5,RECIFE,Não guardar distância de segurança,Colisão lateral,Com Vítimas Feridas,Plena Noite,Crescente,Céu Claro,Dupla,Reta,Sim,2,0,1,0,1,0,1,2,"-8,06795766","-34,94535414",SPRF-PE,DEL01-PE,UOP01-DEL01-PE
217149,2019-06-21,sexta-feira,15:15:00,PE,116,83,BELEM DE SAO FRANCISCO,Falta de Atenção à Condução,Saída de leito carroçável,Sem Vítimas,Pleno dia,Decrescente,Céu Claro,Simples,Curva,Não,1,0,0,0,1,0,0,1,"-8,550911","-39,226807",SPRF-PE,DEL05-PE,UOP03-DEL05-PE