id,data_inversa,dia_semana,horario,uf,br,km,municipio,causa_acidente,tipo_acidente,classificacao_acidente,fase_dia,sentido_via,condicao_metereologica,tipo_pista,tracado_via,uso_solo,pessoas,mortos,feridos_leves,feridos_graves,ilesos,ignorados,feridos,veiculos,latitude,longitude,regional,delegacia,uop
219760,2019-07-04,quinta-feira,07:40:00,PE,232,"7,8",RECIFE,Desobediência às normas de trânsito pelo condutor,Colisão transversal,Com Vítimas Feridas,Pleno dia,Decrescente,Céu Claro,Dupla,Reta,Sim,2,0,1,0,1,0,1,2,"-8,07541856","-34,96785164",SPRF-PE,DEL01-PE,UOP01-DEL01-PE
219767,2019-07-04,quinta-feira,07:00:00,PE,423,103,GARANHUNS,Falta de Atenção à Condução,Colisão lateral,Com Vítimas Feridas,Pleno dia,Decrescente,Céu Claro,Simples,Reta,Não,2,0,1,0,0,1,1,2,"-8,875555","-36,550067",SPRF-PE,DEL03-PE,UOP01-DEL03-PE
219845,2019-07-04,quinta-feira,17:25:00,PE,232,"132,4",CARUARU,Falta de Atenção à Condução,Colisão traseira,Com Vítimas Feridas,Pleno dia,Decrescente,Céu Claro,Dupla,Reta,Sim,3,0,1,0,2,0,1,2,"-8,3036244","-36,00710089",SPRF-PE,DEL02-PE,UOP03-DEL02-PE
219869,2019-07-04,quinta-feira,19:00:00,PE,424,"4,7",ARCOVERDE,Velocidade Incompatível,Capotamento,Sem Vítimas,Plena Noite,Crescente,Céu Claro,Simples,Reta,Não,1,0,0,0,0,1,0,1,"-8,46099318","-37,04336835",SPRF-PE,DEL03-PE,UOP02-DEL03-PE
219889,2019-07-04,quinta-feira,21:30:00,PE,428,190,PETROLINA,Ingestão de Álcool,Colisão com objeto estático,Sem Vítimas,Plena Noite,Decrescente,Céu Claro,Dupla,Reta,Não,1,0,0,0,1,0,0,1,"-9,37605965","-40,49382106",SPRF-PE,DEL06-PE,UOP01-DEL06-PE
219945,2019-07-05,sexta-feira,07:20:00,PE,101,59,RECIFE,Falta de Atenção à Condução,Engavetamento,Sem Vítimas,Pleno dia,Crescente,Sol,Dupla,Reta,Não,3,0,0,0,3,0,0,3,"-7,97708575","-34,92607318",SPRF-PE,DEL01-PE,UOP02-DEL01-PE
220006,2019-06-14,sexta-feira,12:10:00,PE,101,70,RECIFE,Carga excessiva e/ou mal acondicionada,Danos eventuais,Sem Vítimas,Pleno dia,Crescente,Nublado,Dupla,Reta,Sim,2,0,0,0,2,0,0,1,"-8,06776119","-34,94265074",SPRF-PE,DEL01-PE,UOP01-DEL01-PE
220078,2019-07-05,sexta-feira,16:00:00,PE,101,76,JABOATAO DOS GUARARAPES,Mal Súbito,Queda de ocupante de veículo,Com Vítimas Fatais,Plena Noite,Crescente,Céu Claro,Dupla,Reta,Sim,1,1,0,0,0,0,0,1,"-8,11813811","-34,94329214",SPRF-PE,DEL01-PE,UOP01-DEL01-PE
220216,2019-07-06,sábado,05:50:00,PE,232,507,SALGUEIRO,Ingestão de Álcool,Colisão lateral,Com Vítimas Feridas,Amanhecer,Crescente,Céu Claro,Simples,Reta;Interseção de Vias       ,Sim,2,0,0,1,1,0,1,2,"-8,06146333","-39,11661836",SPRF-PE,DEL05-PE,UOP01-DEL05-PE
220247,2019-07-06,sábado,09:20:00,PE,101,"99,5",CABO DE SANTO AGOSTINHO,Falta de Atenção à Condução,Colisão traseira,Com Vítimas Feridas,Pleno dia,Crescente,Céu Claro,Dupla,Reta,Sim,3,0,0,1,2,0,1,2,"-8,26025316","-35,04629883",SPRF-PE,DEL01-PE,UOP03-DEL01-PE
220352,2019-07-06,sábado,18:40:00,PE,232,"387,5",SERRA TALHADA,Mal Súbito,Atropelamento de Pedestre,Com Vítimas Feridas,Plena Noite,Crescente,Céu Claro,Simples,Reta,Sim,3,0,0,1,1,1,1,2,"-8,03207591","-38,11169395",SPRF-PE,DEL04-PE,UOP01-DEL04-PE
220383,2019-07-06,sábado,20:20:00,PE,232,"519,1",SALGUEIRO,Ingestão de Álcool,Atropelamento de Pedestre,Com Vítimas Feridas,Plena Noite,Crescente,Céu Claro,Simples,Reta,Não,2,0,0,1,0,1,1,2,"-8,062831","-39,215103",SPRF-PE,DEL05-PE,UOP01-DEL05-PE
220419,2019-07-06,sábado,23:50:00,PE,424,"101,2",GARANHUNS,Ingestão de álcool e/ou substâncias psicoativas pelo pedestre,Saída de leito carroçável,Com Vítimas Fatais,Plena Noite,Decrescente,Nublado,Simples,Interseção de Vias,Não,1,1,0,0,0,0,0,1,"-8,96537965","-36,51714353",SPRF-PE,DEL03-PE,UOP01-DEL03-PE
220495,2019-07-07,domingo,10:20:00,PE,408,"92,8",SAO LOURENCO DA MATA,Falta de Atenção à Condução,Colisão traseira,Com Vítimas Feridas,Pleno dia,Crescente,Céu Claro,Dupla,Reta,Sim,3,0,1,0,2,0,1,2,"-7,99979861","-35,06313386",SPRF-PE,DEL01-PE,UOP01-DEL01-PE
220538,2019-07-07,domingo,14:30:00,PE,101,"84,1",JABOATAO DOS GUARARAPES,Ultrapassagem Indevida,Colisão transversal,Com Vítimas Feridas,Pleno dia,Crescente,Céu Claro,Simples,Reta,Sim,2,0,0,1,1,0,1,2,"-8,17778559","-34,95087297",SPRF-PE,DEL01-PE,UOP03-DEL01-PE
220570,2019-07-07,domingo,17:30:00,PE,101,"70,8",RECIFE,Ingestão de álcool e/ou substâncias psicoativas pelo pedestre,Queda de ocupante de veículo,Com Vítimas Feridas,Plena Noite,Crescente,Céu Claro,Dupla,Reta,Sim,1,0,1,0,0,0,1,1,"-8,06776119","-34,94265074",SPRF-PE,DEL01-PE,UOP01-DEL01-PE
220574,2019-07-07,domingo,17:40:00,PE,101,"57,1",PAULISTA,Falta de Atenção do Pedestre,Atropelamento de Pedestre,Com Vítimas Feridas,Amanhecer,Crescente,Nublado,Dupla,Reta,Sim,2,0,0,1,1,0,1,2,"-7,96346213","-34,91513486",SPRF-PE,DEL01-PE,UOP02-DEL01-PE
220608,2019-07-07,domingo,19:10:00,PE,232,"25,6",MORENO,Ingestão de álcool e/ou substâncias psicoativas pelo pedestre,Queda de ocupante de veículo,Com Vítimas Feridas,Plena Noite,Crescente,Céu Claro,Dupla,Reta,Não,1,0,0,1,0,0,1,1,"-8,11191765","-35,10836516",SPRF-PE,DEL01-PE,UOP02-DEL02PE
220693,2019-07-08,segunda-feira,08:10:00,PE,232,9,RECIFE,Velocidade Incompatível,Colisão traseira,Com Vítimas Feridas,Pleno dia,Decrescente,Nublado,Dupla,Reta,Sim,3,0,2,0,1,0,2,2,"-8,07764447","-34,97863609",SPRF-PE,DEL01-PE,UOP01-DEL01-PE
220694,2019-07-08,segunda-feira,08:30:00,PE,101,"60,5",RECIFE,Não guardar distância de segurança,Colisão traseira,Sem Vítimas,Pleno dia,Decrescente,Sol,Dupla,Reta,Não,3,0,0,0,3,0,0,3,"-7,98344307","-34,93176727",SPRF-PE,DEL01-PE,UOP02-DEL01-PE
220754,2019-07-08,segunda-feira,13:30:00,PE,101,"190,7",PALMARES,Velocidade Incompatível,Saída de leito carroçável,Com Vítimas Fatais,Pleno dia,Decrescente,Chuva,Dupla,Curva,Não,3,1,0,1,0,1,1,1,"-8,69573052","-35,6103118",SPRF-PE,DEL01-PE,UOP03-DEL01-PE
220769,2019-06-11,terça-feira,06:40:00,PE,101,45,IGARASSU,Falta de Atenção do Pedestre,Atropelamento de Pedestre,Com Vítimas Feridas,Pleno dia,Crescente,Nublado,Múltipla,Reta,Sim,5,0,0,1,4,0,1,2,"-7,86521297","-34,90715176",SPRF-PE,DEL01-PE,UOP02-DEL01-PE
220801,2019-07-08,segunda-feira,18:20:00,PE,232,21,MORENO,Ingestão de Álcool,Saída de leito carroçável,Com Vítimas Feridas,Plena Noite,Decrescente,Nublado,Dupla,Reta,Não,1,0,1,0,0,0,1,1,"-8,09580234","-35,08012588",SPRF-PE,DEL01-PE,UOP02-DEL02PE
220815,2019-07-08,segunda-feira,19:15:00,PE,424,69,CAETES,Desobediência às normas de trânsito pelo condutor,Colisão frontal,Com Vítimas Fatais,Plena Noite,Crescente,Garoa/Chuvisco,Simples,Reta,Não,3,1,0,1,1,0,1,2,"-8,783158","-36,61478",SPRF-PE,DEL03-PE,UOP01-DEL03-PE
220824,2019-07-08,segunda-feira,19:55:00,PE,408,102,SAO LOURENCO DA MATA,Defeito Mecânico no Veículo,Incêndio,Sem Vítimas,Plena Noite,Decrescente,Nublado,Dupla,Reta,Não,1,0,0,0,1,0,0,1,"-8,05323195","-35,00247996",SPRF-PE,DEL01-PE,UOP01-DEL01-PE
220848,2019-07-08,segunda-feira,21:35:00,PE,232,87,GRAVATA,Falta de Atenção à Condução,Saída de leito carroçável,Com Vítimas Feridas,Plena Noite,Crescente,Céu Claro,Simples,Retorno Regulamentado,Sim,2,0,1,0,1,0,1,1,"-8,21379064","-35,62898606",SPRF-PE,DEL01-PE,UOP02-DEL02PE
220850,2019-07-08,segunda-feira,21:59:00,PE,101,50,ABREU E LIMA,Falta de Atenção à Condução,Colisão transversal,Com Vítimas Feridas,Plena Noite,Crescente,Céu Claro,Múltipla,Reta,Sim,3,0,0,2,1,0,2,2,"-7,90938602","-34,90123228",SPRF-PE,DEL01-PE,UOP02-DEL01-PE
220868,2019-07-09,terça-feira,05:20:00,PE,101,69,RECIFE,Desobediência às normas de trânsito pelo pedestre,Atropelamento de Pedestre,Com Vítimas Feridas,Amanhecer,Crescente,Nublado,Dupla,Reta,Sim,2,0,1,0,0,1,1,2,"-8,05933","-34,946066",SPRF-PE,DEL01-PE,UOP01-DEL01-PE
220885,2019-07-09,terça-feira,07:30:00,PE,101,"81,5",JABOATAO DOS GUARARAPES,Falta de Atenção do Pedestre,Atropelamento de Pedestre,Com Vítimas Feridas,Pleno dia,Crescente,Céu Claro,Dupla,Reta,Não,2,0,2,0,0,0,2,2,"-8,1597489","-34,94024569",SPRF-PE,DEL01-PE,UOP03-DEL01-PE
220928,2019-07-09,terça-feira,13:00:00,PE,101,158,GAMELEIRA,Defeito na Via,Saída de leito carroçável,Com Vítimas Feridas,Pleno dia,Crescente,Sol,Dupla,Curva;Declive                 ,Sim,1,0,1,0,0,0,1,1,"-8,55179162","-35,4051441",SPRF-PE,DEL01-PE,UOP03-DEL01-PE
220996,2019-07-09,terça-feira,18:20:00,PE,101,83,JABOATAO DOS GUARARAPES,Falta de Atenção à Condução,Colisão transversal,Com Vítimas Feridas,Plena Noite,Crescente,Céu Claro,Simples,Reta,Sim,2,0,1,0,1,0,1,2,"-8,175172","-34,942642",SPRF-PE,DEL01-PE,UOP03-DEL01-PE
221006,2019-07-09,terça-feira,19:00:00,PE,101,85,JABOATAO DOS GUARARAPES,Falta de Atenção do Pedestre,Atropelamento de Pedestre,Com Vítimas Feridas,Anoitecer,Crescente,Nublado,Múltipla,Reta,Sim,2,0,0,1,0,1,1,2,"-8,18065563","-34,95965322",SPRF-PE,DEL01-PE,UOP03-DEL01-PE
221028,2019-07-09,terça-feira,20:50:00,PE,116,"41,5",SALGUEIRO,Velocidade Incompatível,Colisão com objeto estático,Com Vítimas Feridas,Plena Noite,Decrescente,Nevoeiro/Neblina,Simples,Curva,Não,1,0,1,0,0,0,1,1,"-8,19792","-39,100887",SPRF-PE,DEL05-PE,UOP01-DEL05-PE
221030,2019-07-09,terça-feira,21:35:00,PE,428,189,PETROLINA,Desobediência às normas de trânsito pelo condutor,Colisão transversal,Com Vítimas Feridas,Plena Noite,Crescente,Nublado,Dupla,Reta,Sim,3,0,0,1,2,0,1,2,"-9,37638467","-40,49713785",SPRF-PE,DEL06-PE,UOP01-DEL06-PE
221041,2019-07-09,terça-feira,23:10:00,PE,232,8,RECIFE,Objeto estático sobre o leito carroçável,Colisão com objeto estático,Com Vítimas Feridas,Plena Noite,Crescente,Céu Claro,Dupla,Reta,Sim,1,0,1,0,0,0,1,1,"-8,07583727","-34,97015791",SPRF-PE,DEL01-PE,UOP01-DEL01-PE
221227,2019-07-10,quarta-feira,20:00:00,PE,407,129,PETROLINA,Desobediência às normas de trânsito pelo condutor,Colisão transversal,Com Vítimas Feridas,Plena Noite,Decrescente,Nublado,Dupla,Rotatória,Sim,2,0,1,0,1,0,1,2,"-9,39958299","-40,50459298",SPRF-PE,DEL06-PE,UOP01-DEL06-PE
221379,2019-07-11,quinta-feira,15:30:00,PE,424,"11,9",ARCOVERDE,Falta de Atenção à Condução,Saída de leito carroçável,Com Vítimas Feridas,Pleno dia,Crescente,Chuva,Simples,Curva,Não,1,0,1,0,0,0,1,1,"-8,49726767","-37,00122198",SPRF-PE,DEL03-PE,UOP02-DEL03-PE
221521,2019-07-12,sexta-feira,10:30:00,PE,316,"83,5",OURICURI,Desobediência às normas de trânsito pelo condutor,Colisão transversal,Com Vítimas Feridas,Pleno dia,Crescente,Nublado,Dupla,Reta,Sim,5,0,0,1,4,0,1,2,"-7,87468608","-40,08532003",SPRF-PE,DEL05-PE,UOP02-DEL05-PE
221581,2019-07-12,sexta-feira,11:00:00,PE,101,80,JABOATAO DOS GUARARAPES,Falta de Atenção à Condução,Colisão traseira,Com Vítimas Feridas,Pleno dia,Crescente,Céu Claro,Dupla,Reta,Sim,3,0,1,0,2,0,1,2,"-8,14366112","-34,94723453",SPRF-PE,DEL01-PE,UOP03-DEL01-PE
221584,2019-07-12,sexta-feira,15:50:00,PE,101,"78,2",RECIFE,Falta de Atenção à Condução,Colisão transversal,Com Vítimas Feridas,Pleno dia,Decrescente,Céu Claro,Dupla,Reta;Interseção de Vias;Retorn,Sim,3,0,2,0,1,0,2,2,"-8,138898","-34,947145",SPRF-PE,DEL01-PE,UOP01-DEL01-PE
221594,2019-07-12,sexta-feira,16:50:00,PE,101,160,GAMELEIRA,Falta de Atenção à Condução,Capotamento,Com Vítimas Feridas,Pleno dia,Decrescente,Céu Claro,Dupla,Curva,Não,2,0,0,1,0,1,1,2,"-8,55559186","-35,42237611",SPRF-PE,DEL01-PE,UOP03-DEL01-PE
221598,2019-07-12,sexta-feira,16:56:00,PE,101,"45,8",ABREU E LIMA,Animais na Pista,Queda de ocupante de veículo,Com Vítimas Feridas,Pleno dia,Decrescente,Sol,Múltipla,Reta,Sim,2,0,2,0,0,0,2,1,"-7,86521297","-34,90715176",SPRF-PE,DEL01-PE,UOP02-DEL01-PE
221611,2019-07-12,sexta-feira,18:00:00,PE,232,"142,5",CARUARU,Falta de Atenção à Condução,Colisão traseira,Com Vítimas Fatais,Plena Noite,Decrescente,Céu Claro,Dupla,Aclive;Reta                   ,Não,3,1,1,0,0,1,1,2,"-8,32242118","-36,09480698",SPRF-PE,DEL02-PE,UOP03-DEL02-PE
221637,2019-07-12,sexta-feira,18:25:00,PE,116,25,SALGUEIRO,Falta de Atenção à Condução,Atropelamento de Pedestre,Com Vítimas Feridas,Plena Noite,Crescente,Céu Claro,Simples,Reta,Sim,2,0,2,0,0,0,2,2,"-8,06137544","-39,13647652",SPRF-PE,DEL05-PE,UOP01-DEL05-PE
221649,2019-07-12,sexta-feira,20:10:00,PE,428,190,PETROLINA,Não guardar distância de segurança,Colisão lateral,Com Vítimas Feridas,Plena Noite,Crescente,Céu Claro,Simples,Reta,Sim,2,0,1,0,0,1,1,2,"-9,379418","-40,508636",SPRF-PE,DEL06-PE,UOP01-DEL06-PE
221663,2019-07-12,sexta-feira,17:00:00,PE,316,54,TRINDADE,Ingestão de Álcool,Atropelamento de Pedestre,Com Vítimas Feridas,Pleno dia,Decrescente,Céu Claro,Simples,Reta,Não,4,0,2,1,1,0,3,3,"-7,73669808","-40,29450303",SPRF-PE,DEL05-PE,UOP02-DEL05-PE
221733,2019-07-13,sábado,07:00:00,PE,232,"14,3",JABOATAO DOS GUARARAPES,Falta de Atenção à Condução,Colisão traseira,Com Vítimas Feridas,Pleno dia,Crescente,Nublado,Múltipla,Reta,Não,3,0,1,0,2,0,1,2,"-8,09025488","-35,02052302",SPRF-PE,DEL01-PE,UOP01-DEL01-PE
221747,2019-07-13,sábado,08:05:00,PE,428,190,PETROLINA,Ingestão de Álcool,Colisão com objeto estático,Com Vítimas Feridas,Pleno dia,Crescente,Nublado,Dupla,Reta,Sim,1,0,1,0,0,0,1,1,"-9,37935918","-40,50774515",SPRF-PE,DEL06-PE,UOP01-DEL06-PE
221797,2019-07-13,sábado,13:00:00,PE,101,85,JABOATAO DOS GUARARAPES,Pista Escorregadia,Capotamento,Sem Vítimas,Pleno dia,Crescente,Nublado,Dupla,Reta,Não,1,0,0,0,0,1,0,1,"-8,18065563","-34,95965322",SPRF-PE,DEL01-PE,UOP03-DEL01-PE
221831,2019-07-13,sábado,17:15:00,PE,232,"90,2",SAIRE,Falta de Atenção à Condução,Colisão transversal,Com Vítimas Feridas,Anoitecer,Crescente,Chuva,Dupla,Reta,Não,3,0,0,1,2,0,1,2,"-8,2172915","-35,65572305",SPRF-PE,DEL01-PE,UOP02-DEL02PE
221864,2019-07-13,sábado,19:45:00,PE,104,65,CARUARU,Ingestão de Álcool,Colisão com objeto estático,Sem Vítimas,Plena Noite,Crescente,Chuva,Dupla,Curva,Sim,4,0,0,0,2,2,0,2,"-8,2867","-35,9838",SPRF-PE,DEL02-PE,UOP01-DEL02-PE
221886,2019-07-13,sábado,18:45:00,PE,104,"40,5",CARUARU,Falta de Atenção do Pedestre,Atropelamento de Pedestre,Com Vítimas Feridas,Plena Noite,Crescente,Chuva,Dupla,Reta,Não,2,0,0,1,0,1,1,2,"-8,0938","-36,0334",SPRF-PE,DEL02-PE,UOP01-DEL02-PE
221910,2019-07-13,sábado,23:50:00,PE,428,191,PETROLINA,Ingestão de Álcool,Colisão transversal,Com Vítimas Feridas,Plena Noite,Crescente,Céu Claro,Dupla,Reta,Sim,3,0,1,0,2,0,1,2,"-9,38191505","-40,51345825",SPRF-PE,DEL06-PE,UOP01-DEL06-PE
221921,2019-07-14,domingo,00:20:00,PE,428,190,PETROLINA,Ingestão de Álcool,Queda de ocupante de veículo,Com Vítimas Feridas,Plena Noite,Decrescente,Céu Claro,Múltipla,Reta,Sim,1,0,1,0,0,0,1,1,"-9,37605965","-40,49382106",SPRF-PE,DEL06-PE,UOP01-DEL06-PE
221922,2019-07-14,domingo,00:10:00,PE,428,"137,5",LAGOA GRANDE,Restrição de Visibilidade,Capotamento,Com Vítimas Fatais,Plena Noite,Crescente,Céu Claro,Simples,Reta,Sim,5,1,4,0,0,0,4,1,"-8,97889942","-40,24736375",SPRF-PE,DEL06-PE,UOP03-DEL06-PE
221999,2019-07-14,domingo,08:10:00,PE,407,"90,3",PETROLINA,Defeito Mecânico no Veículo,Colisão com objeto estático,Sem Vítimas,Pleno dia,Decrescente,Céu Claro,Simples,Reta,Não,1,0,0,0,1,0,0,1,"-9,09815874","-40,65220624",SPRF-PE,DEL06-PE,UOP02-DEL06-PE
222013,2019-07-14,domingo,10:30:00,PE,232,"29,5",MORENO,Defeito na Via,Saída de leito carroçável,Com Vítimas Feridas,Pleno dia,Decrescente,Chuva,Dupla,Reta,Não,3,0,2,1,0,0,3,1,"-8,111269","-35,143135",SPRF-PE,DEL01-PE,UOP02-DEL02PE
222098,2019-07-14,domingo,16:10:00,PE,116,69,CABROBO,Animais na Pista,Saída de leito carroçável,Com Vítimas Feridas,Pleno dia,Crescente,Céu Claro,Simples,Reta,Não,1,0,1,0,0,0,1,1,"-8,434096","-39,180458",SPRF-PE,DEL05-PE,UOP03-DEL05-PE
222126,2019-07-14,domingo,20:00:00,PE,101,47,IGARASSU,Desobediência às normas de trânsito pelo condutor,Colisão transversal,Com Vítimas Feridas,Plena Noite,Crescente,Céu Claro,Dupla,Reta,Sim,2,0,1,0,1,0,1,2,"-7,88290701","-34,90461208",SPRF-PE,DEL01-PE,UOP02-DEL01-PE
222140,2019-07-14,domingo,20:20:00,PE,316,"87,3",OURICURI,Ultrapassagem Indevida,Colisão frontal,Com Vítimas Fatais,Plena Noite,Decrescente,Céu Claro,Simples,Reta,Não,3,2,0,0,1,0,0,2,"-7,89302781","-40,05470593",SPRF-PE,DEL05-PE,UOP02-DEL05-PE
222141,2019-07-13,sábado,04:00:00,PE,428,119,LAGOA GRANDE,Falta de Atenção à Condução,Saída de leito carroçável,Com Vítimas Fatais,Plena Noite,Decrescente,Ignorado,Simples,Reta,Não,1,1,0,0,0,0,0,1,"-8,92429277","-40,09832608",SPRF-PE,DEL06-PE,UOP03-DEL06-PE
222153,2019-07-14,domingo,21:45:00,PE,428,"190,9",PETROLINA,Falta de Atenção à Condução,Colisão traseira,Com Vítimas Feridas,Plena Noite,Crescente,Nublado,Dupla,Reta,Sim,2,0,0,1,1,0,1,2,"-9,37605965","-40,49382106",SPRF-PE,DEL06-PE,UOP01-DEL06-PE
222226,2019-07-15,segunda-feira,09:20:00,PE,101,"10,8",GOIANA,Condutor Dormindo,Saída de leito carroçável,Com Vítimas Feridas,Pleno dia,Decrescente,Sol,Dupla,Curva,Não,1,0,1,0,0,0,1,1,"-7,58679204","-34,98736241",SPRF-PE,DEL01-PE,UOP02-DEL01-PE
222260,2019-07-15,segunda-feira,11:30:00,PE,101,"78,8",JABOATAO DOS GUARARAPES,Desobediência às normas de trânsito pelo condutor,Colisão traseira,Com Vítimas Feridas,Pleno dia,Crescente,Céu Claro,Múltipla,Reta,Sim,2,0,0,1,0,1,1,2,"-8,15493036","-34,9419415",SPRF-PE,DEL01-PE,UOP01-DEL01-PE
222277,2019-07-15,segunda-feira,12:50:00,PE,101,"47,5",IGARASSU,Falta de Atenção à Condução,Colisão lateral,Sem Vítimas,Pleno dia,Decrescente,Sol,Dupla,Reta,Sim,2,0,0,0,2,0,0,2,"-7,88290701","-34,90461208",SPRF-PE,DEL01-PE,UOP02-DEL01-PE
222353,2019-07-15,segunda-feira,21:50:00,PE,232,"11,1",JABOATAO DOS GUARARAPES,Objeto estático sobre o leito carroçável,Colisão com objeto estático,Com Vítimas Feridas,Plena Noite,Crescente,Céu Claro,Dupla,Aclive,Não,1,0,1,0,0,0,1,1,"-8,08195464","-34,99545022",SPRF-PE,DEL01-PE,UOP01-DEL01-PE
222406,2019-07-16,terça-feira,08:20:00,PE,232,"64,8",GRAVATA,Defeito Mecânico no Veículo,Saída de leito carroçável,Sem Vítimas,Pleno dia,Crescente,Céu Claro,Dupla,Curva,Não,1,0,0,0,1,0,0,1,"-8,16152271","-35,43959107",SPRF-PE,DEL01-PE,UOP02-DEL02PE
222467,2019-07-05,sexta-feira,14:00:00,PE,428,"188,5",PETROLINA,Falta de Atenção à Condução,Colisão traseira,Com Vítimas Feridas,Pleno dia,Crescente,Céu Claro,Dupla,Reta,Sim,3,0,2,0,1,0,2,2,"-9,36400596","-40,48266808",SPRF-PE,DEL06-PE,UOP01-DEL06-PE
222472,2019-07-16,terça-feira,15:00:00,PE,232,"36,3",MORENO,Falta de Atenção à Condução,Colisão traseira,Com Vítimas Feridas,Pleno dia,Decrescente,Céu Claro,Dupla,Reta,Sim,3,0,2,0,1,0,2,2,"-8,11082778","-35,20125807",SPRF-PE,DEL01-PE,UOP02-DEL02PE
222532,2019-07-16,terça-feira,21:35:00,PE,101,74,RECIFE,Falta de Atenção à Condução,Colisão traseira,Sem Vítimas,Plena Noite,Decrescente,Nublado,Dupla,Reta,Não,2,0,0,0,2,0,0,2,"-8,10146485","-34,94901577",SPRF-PE,DEL01-PE,UOP01-DEL01-PE
222593,2019-07-17,quarta-feira,07:30:00,PE,423,105,CAETES,Falta de Atenção à Condução,Colisão traseira,Sem Vítimas,Pleno dia,Decrescente,Céu Claro,Simples,Reta,Não,2,0,0,0,2,0,0,2,"-8,87945755","-36,56404811",SPRF-PE,DEL03-PE,UOP01-DEL03-PE
222640,2019-07-17,quarta-feira,14:45:00,PE,428,184,PETROLINA,Desobediência às normas de trânsito pelo condutor,Colisão transversal,Com Vítimas Feridas,Pleno dia,Crescente,Céu Claro,Simples,Reta,Sim,3,0,1,0,2,0,1,2,"-9,33211208","-40,46621385",SPRF-PE,DEL06-PE,UOP01-DEL06-PE
222680,2019-07-17,quarta-feira,18:50:00,PE,407,129,PETROLINA,Sinalização da via insuficiente ou inadequada,Queda de ocupante de veículo,Com Vítimas Feridas,Plena Noite,Decrescente,Céu Claro,Dupla,Declive,Sim,2,0,0,2,0,0,2,1,"-9,39958299","-40,50459298",SPRF-PE,DEL06-PE,UOP01-DEL06-PE
222698,2019-07-17,quarta-feira,19:50:00,PE,232,"33,8",MORENO,Animais na Pista,Atropelamento de Animal,Com Vítimas Feridas,Plena Noite,Crescente,Nublado,Dupla,Reta,Sim,1,0,1,0,0,0,1,1,"-8,10539025","-35,17523495",SPRF-PE,DEL01-PE,UOP02-DEL02PE
222730,2019-07-17,quarta-feira,21:00:00,PE,408,"98,5",SAO LOURENCO DA MATA,Defeito Mecânico no Veículo,Incêndio,Sem Vítimas,Plena Noite,Crescente,Chuva,Dupla,Reta,Não,1,0,0,0,0,1,0,1,"-8,03598572","-35,03218461",SPRF-PE,DEL01-PE,UOP01-DEL01-PE
222756,2019-07-18,quinta-feira,07:00:00,PE,116,8,SALGUEIRO,Desobediência às normas de trânsito pelo condutor,Saída de leito carroçável,Com Vítimas Feridas,Pleno dia,Decrescente,Céu Claro,Simples,Curva,Não,3,0,2,0,1,0,2,1,"-7,920204","-39,119019",SPRF-PE,DEL05-PE,UOP01-DEL05-PE
222777,2019-07-18,quinta-feira,07:40:00,PE,232,"60,7",POMBOS,Desobediência às normas de trânsito pelo condutor,Colisão lateral,Com Vítimas Feridas,Pleno dia,Crescente,Céu Claro,Dupla,Reta,Não,2,0,1,0,1,0,1,2,"-8,14788448","-35,40768085",SPRF-PE,DEL01-PE,UOP02-DEL02PE
222788,2019-07-18,quinta-feira,09:00:00,PE,232,"27,3",MORENO,Animais na Pista,Atropelamento de Animal,Com Vítimas Feridas,Pleno dia,Decrescente,Céu Claro,Dupla,Reta,Não,3,0,1,1,1,0,2,2,"-8,11418416","-35,12568999",SPRF-PE,DEL01-PE,UOP02-DEL02PE
222862,2019-07-18,quinta-feira,17:50:00,PE,101,"69,5",RECIFE,Falta de Atenção à Condução,Colisão transversal,Com Vítimas Feridas,Anoitecer,Crescente,Nublado,Dupla,Reta,Sim,2,0,1,0,1,0,1,2,"-8,0637337","-34,94459152",SPRF-PE,DEL01-PE,UOP01-DEL01-PE
222964,2019-07-18,quinta-feira,23:30:00,PE,101,87,JABOATAO DOS GUARARAPES,Velocidade Incompatível,Colisão traseira,Com Vítimas Feridas,Plena Noite,Crescente,Nublado,Múltipla,Reta,Não,1,0,1,0,0,0,1,1,"-8,19120206","-34,97449985",SPRF-PE,DEL01-PE,UOP03-DEL01-PE
223018,2019-07-18,quinta-feira,14:50:00,PE,232,"408,5",SERRA TALHADA,Desobediência às normas de trânsito pelo condutor,Colisão transversal,Com Vítimas Feridas,Pleno dia,Decrescente,Céu Claro,Simples,Reta;Declive                  ,Sim,3,0,2,0,1,0,2,2,"-7,98371447","-38,28047709",SPRF-PE,DEL04-PE,UOP01-DEL04-PE
223041,2019-07-18,quinta-feira,01:15:00,PE,232,"413,7",SERRA TALHADA,Ingestão de Álcool,Colisão com objeto estático,Com Vítimas Feridas,Plena Noite,Decrescente,Céu Claro,Simples,Retorno Regulamentado,Não,1,0,1,0,0,0,1,1,"-7,98857087","-38,32972307",SPRF-PE,DEL04-PE,UOP01-DEL04-PE
223060,2019-07-19,sexta-feira,16:30:00,PE,101,63,RECIFE,Ultrapassagem Indevida,Colisão lateral,Com Vítimas Feridas,Pleno dia,Decrescente,Céu Claro,Dupla,Retorno Regulamentado;Curva   ,Sim,2,0,1,0,1,0,1,2,"-8,00800604","-34,93756535",SPRF-PE,DEL01-PE,UOP01-DEL01-PE
223062,2019-07-19,sexta-feira,16:20:00,PE,101,"77,7",RECIFE,Falta de Atenção do Pedestre,Atropelamento de Pedestre,Com Vítimas Feridas,Pleno dia,Crescente,Sol,Dupla,Reta,Sim,2,0,0,1,1,0,1,2,"-8,126982","-34,94386",SPRF-PE,DEL01-PE,UOP01-DEL01-PE