id,data_inversa,dia_semana,horario,uf,br,km,municipio,causa_acidente,tipo_acidente,classificacao_acidente,fase_dia,sentido_via,condicao_metereologica,tipo_pista,tracado_via,uso_solo,pessoas,mortos,feridos_leves,feridos_graves,ilesos,ignorados,feridos,veiculos,latitude,longitude,regional,delegacia,uop
225936,2019-08-01,quinta-feira,12:30:00,PE,101,182,PALMARES,Condutor Dormindo,Colisão traseira,Com Vítimas Feridas,Pleno dia,Crescente,Chuva,Dupla,Reta,Sim,2,0,0,1,1,0,1,2,"-8,65284995","-35,5638211",SPRF-PE,DEL01-PE,UOP03-DEL01-PE
225958,2019-08-01,quinta-feira,14:30:00,PE,101,195,PALMARES,Condutor Dormindo,Saída de leito carroçável,Com Vítimas Feridas,Pleno dia,Decrescente,Chuva,Dupla,Reta,Não,2,0,0,2,0,0,2,1,"-8,73912213","-35,60879033",SPRF-PE,DEL01-PE,UOP03-DEL01-PE
225992,2019-08-01,quinta-feira,17:19:00,PE,407,129,PETROLINA,Não guardar distância de segurança,Colisão traseira,Com Vítimas Feridas,Pleno dia,Crescente,Céu Claro,Dupla,Curva,Sim,2,0,1,0,0,1,1,2,"-9,39958299","-40,50459298",SPRF-PE,DEL06-PE,UOP01-DEL06-PE
226141,2019-08-02,sexta-feira,11:15:00,PE,232,"65,8",GRAVATA,Falta de Atenção à Condução,Queda de ocupante de veículo,Com Vítimas Feridas,Pleno dia,Decrescente,Chuva,Simples,Reta,Não,1,0,1,0,0,0,1,1,"-8,16454496","-35,44785302",SPRF-PE,DEL01-PE,UOP02-DEL02PE
226221,2019-08-02,sexta-feira,18:55:00,PE,101,"50,5",ABREU E LIMA,Falta de Atenção à Condução,Colisão transversal,Com Vítimas Feridas,Plena Noite,Crescente,Céu Claro,Múltipla,Reta,Sim,2,0,1,0,1,0,1,2,"-7,90938602","-34,90123228",SPRF-PE,DEL01-PE,UOP02-DEL01-PE
226239,2019-08-02,sexta-feira,19:30:00,PE,101,70,RECIFE,Desobediência às normas de trânsito pelo pedestre,Colisão com objeto em movimento,Com Vítimas Feridas,Plena Noite,Decrescente,Chuva,Simples,Curva,Sim,2,0,1,0,1,0,1,2,"-8,06776119","-34,94265074",SPRF-PE,DEL01-PE,UOP01-DEL01-PE
226241,2019-08-02,sexta-feira,20:40:00,PE,101,43,IGARASSU,Falta de Atenção à Condução,Colisão transversal,Com Vítimas Feridas,Plena Noite,Decrescente,Nublado,Múltipla,Reta,Sim,2,0,1,0,1,0,1,2,"-7,84753808","-34,90977038",SPRF-PE,DEL01-PE,UOP02-DEL01-PE
226243,2019-08-02,sexta-feira,18:30:00,PE,232,"354,7",FLORES,Falta de Atenção à Condução,Colisão transversal,Sem Vítimas,Plena Noite,Crescente,Céu Claro,Simples,Reta,Não,2,0,0,0,2,0,0,2,"-8,05787609","-37,82299502",SPRF-PE,DEL04-PE,UOP01-DEL04-PE
226269,2019-08-02,sexta-feira,22:45:00,PE,104,58,CARUARU,Ingestão de álcool e/ou substâncias psicoativas pelo pedestre,Saída de leito carroçável,Sem Vítimas,Pleno dia,Crescente,Céu Claro,Dupla,Reta,Não,1,0,0,0,1,0,0,1,"-8,2265","-35,9779",SPRF-PE,DEL02-PE,UOP01-DEL02-PE
226370,2019-08-03,sábado,12:40:00,PE,101,116,CABO DE SANTO AGOSTINHO,Falta de Atenção à Condução,Saída de leito carroçável,Com Vítimas Feridas,Pleno dia,Decrescente,Céu Claro,Dupla,Curva,Não,1,0,1,0,0,0,1,1,"-8,34532196","-35,14676704",SPRF-PE,DEL01-PE,UOP03-DEL01-PE
226427,2019-08-03,sábado,16:15:00,PE,232,"408,8",SERRA TALHADA,Ingestão de Álcool,Colisão traseira,Com Vítimas Feridas,Pleno dia,Crescente,Céu Claro,Simples,Aclive,Sim,2,0,0,1,1,0,1,2,"-7,98371447","-38,28047709",SPRF-PE,DEL04-PE,UOP01-DEL04-PE
226486,2019-08-03,sábado,21:00:00,PE,101,"71,2",RECIFE,Defeito na Via,Queda de ocupante de veículo,Com Vítimas Feridas,Plena Noite,Decrescente,Céu Claro,Dupla,Reta,Sim,2,0,1,0,1,0,1,2,"-8,07663102","-34,94277871",SPRF-PE,DEL01-PE,UOP01-DEL01-PE
226647,2019-08-04,domingo,15:40:00,PE,423,"74,3",JUPI,Ingestão de Álcool,Colisão transversal,Com Vítimas Feridas,Pleno dia,Decrescente,Nublado,Simples,Reta,Não,2,0,0,1,1,0,1,2,"-8,71781039","-36,42290446",SPRF-PE,DEL03-PE,UOP01-DEL03-PE
226703,2019-08-04,domingo,19:45:00,PE,424,"88,3",GARANHUNS,Animais na Pista,Atropelamento de Animal,Com Vítimas Feridas,Plena Noite,Crescente,Nublado,Simples,Curva,Sim,1,0,0,1,0,0,1,1,"-8,88289772","-36,50848532",SPRF-PE,DEL03-PE,UOP01-DEL03-PE
226789,2019-08-05,segunda-feira,07:20:00,PE,428,186,PETROLINA,Falta de Atenção à Condução,Colisão frontal,Com Vítimas Feridas,Pleno dia,Crescente,Céu Claro,Simples,Reta,Não,2,0,1,0,1,0,1,2,"-9,34807826","-40,47441248",SPRF-PE,DEL06-PE,UOP01-DEL06-PE
226793,2019-08-05,segunda-feira,07:10:00,PE,232,91,SAIRE,Agressão Externa,Colisão com objeto em movimento,Com Vítimas Feridas,Pleno dia,Decrescente,Garoa/Chuvisco,Dupla,Reta,Sim,3,0,1,0,2,0,1,2,"-8,21834835","-35,66463196",SPRF-PE,DEL01-PE,UOP02-DEL02PE
226881,2019-08-05,segunda-feira,14:12:00,PE,423,"172,5",AGUAS BELAS,Defeito na Via,Colisão frontal,Com Vítimas Feridas,Pleno dia,Crescente,Céu Claro,Simples,Reta,Não,7,0,3,4,0,0,7,2,"-9,12811042","-37,06924697",SPRF-AL,DEL03-AL,UOP02-DEL03-AL
226901,2019-08-05,segunda-feira,17:40:00,PE,408,"52,8",NAZARE DA MATA,Falta de Atenção à Condução,Colisão lateral,Com Vítimas Feridas,Anoitecer,Crescente,Nublado,Simples,Reta,Sim,3,0,1,1,1,0,2,2,"-7,74599502","-35,2344547",SPRF-PE,DEL01-PE,UOP01-DEL01-PE
226935,2019-08-05,segunda-feira,20:45:00,PE,408,96,SAO LOURENCO DA MATA,Desobediência às normas de trânsito pelo condutor,Colisão frontal,Com Vítimas Feridas,Plena Noite,Crescente,Nublado,Simples,Reta,Sim,3,0,1,0,2,0,1,2,"-8,02062","-35,041045",SPRF-PE,DEL01-PE,UOP01-DEL01-PE
226949,2019-08-05,segunda-feira,22:15:00,PE,101,"44,3",IGARASSU,Falta de Atenção à Condução,Colisão frontal,Com Vítimas Feridas,Plena Noite,Crescente,Céu Claro,Múltipla,Retorno Regulamentado,Sim,2,0,0,1,1,0,1,2,"-7,85637001","-34,90842109",SPRF-PE,DEL01-PE,UOP02-DEL01-PE
226950,2019-08-05,segunda-feira,22:00:00,PE,232,256,ARCOVERDE,Animais na Pista,Atropelamento de Animal,Com Vítimas Feridas,Plena Noite,Crescente,Nublado,Simples,Reta,Não,4,0,2,1,1,0,3,1,"-8,40988226","-37,09335003",SPRF-PE,DEL03-PE,UOP02-DEL03-PE
226980,2019-08-06,terça-feira,07:20:00,PE,232,"10,9",JABOATAO DOS GUARARAPES,Não guardar distância de segurança,Engavetamento,Com Vítimas Feridas,Pleno dia,Decrescente,Garoa/Chuvisco,Dupla,Reta,Sim,5,0,1,0,4,0,1,4,"-8,08195464","-34,99545022",SPRF-PE,DEL01-PE,UOP01-DEL01-PE
227008,2019-08-06,terça-feira,08:50:00,PE,101,"44,5",IGARASSU,Falta de Atenção à Condução,Colisão transversal,Com Vítimas Feridas,Pleno dia,Crescente,Nublado,Múltipla,Reta,Sim,2,0,0,1,1,0,1,2,"-7,85637001","-34,90842109",SPRF-PE,DEL01-PE,UOP02-DEL01-PE
227014,2019-08-06,terça-feira,09:30:00,PE,101,"63,2",RECIFE,Falta de Atenção à Condução,Colisão traseira,Com Vítimas Feridas,Pleno dia,Crescente,Sol,Dupla,Reta,Sim,2,0,1,0,1,0,1,2,"-8,00800604","-34,93756535",SPRF-PE,DEL01-PE,UOP01-DEL01-PE
227051,2019-07-22,segunda-feira,16:20:00,PE,316,350,PETROLANDIA,Defeito na Via,Danos eventuais,Sem Vítimas,Pleno dia,Decrescente,Céu Claro,Simples,Reta,Não,2,0,0,0,2,0,0,1,"-8,87016712","-38,29766215",SPRF-PE,DEL04-PE,UOP03-DEL04-PE
227264,2019-08-07,quarta-feira,15:50:00,PE,232,"12,2",JABOATAO DOS GUARARAPES,Falta de Atenção à Condução,Colisão traseira,Com Vítimas Fatais,Anoitecer,Crescente,Chuva,Dupla,Declive,Não,3,1,0,0,0,2,0,3,"-8,08577691","-35,00345603",SPRF-PE,DEL01-PE,UOP01-DEL01-PE
227280,2019-08-07,quarta-feira,18:50:00,PE,316,56,TRINDADE,Restrição de Visibilidade,Colisão com objeto em movimento,Com Vítimas Fatais,Plena Noite,Decrescente,Ignorado,Simples,Reta,Não,2,1,0,0,0,1,0,2,"-7,74380917","-40,27876107",SPRF-PE,DEL05-PE,UOP02-DEL05-PE
227314,2019-08-08,quinta-feira,00:00:00,PE,408,"53,8",NAZARE DA MATA,Animais na Pista,Atropelamento de Animal,Com Vítimas Fatais,Plena Noite,Crescente,Nublado,Simples,Reta,Sim,1,1,0,0,0,0,0,1,"-7,7544279","-35,23291346",SPRF-PE,DEL01-PE,UOP01-DEL01-PE
227368,2019-08-08,quinta-feira,09:01:00,PE,232,5,RECIFE,Não guardar distância de segurança,Engavetamento,Sem Vítimas,Pleno dia,Decrescente,Nublado,Dupla,Reta,Sim,2,0,0,0,2,0,0,2,"-8,06795766","-34,94535414",SPRF-PE,DEL01-PE,UOP01-DEL01-PE
227446,2019-08-08,quinta-feira,16:15:00,PE,101,"51,8",ABREU E LIMA,Falta de Atenção à Condução,Colisão traseira,Com Vítimas Feridas,Pleno dia,Crescente,Nublado,Dupla,Curva,Não,2,0,1,0,1,0,1,2,"-7,9169968","-34,89689272",SPRF-PE,DEL01-PE,UOP02-DEL01-PE
227456,2019-08-08,quinta-feira,16:20:00,PE,232,"4,2",RECIFE,Ultrapassagem Indevida,Colisão lateral,Com Vítimas Feridas,Pleno dia,Decrescente,Nublado,Simples,Curva;Retorno Regulamentado   ,Sim,4,0,3,0,1,0,3,2,"-8,06774908","-34,94081497",SPRF-PE,DEL01-PE,UOP01-DEL01-PE
227469,2019-08-08,quinta-feira,14:00:00,PE,232,409,SERRA TALHADA,Desobediência às normas de trânsito pelo condutor,Colisão traseira,Com Vítimas Feridas,Pleno dia,Decrescente,Garoa/Chuvisco,Múltipla,Interseção de Vias,Sim,2,0,0,1,1,0,1,2,"-7,981944","-38,289467",SPRF-PE,DEL04-PE,UOP01-DEL04-PE
227511,2019-08-08,quinta-feira,17:10:00,PE,232,"409,2",SERRA TALHADA,Não guardar distância de segurança,Colisão lateral,Com Vítimas Feridas,Pleno dia,Decrescente,Garoa/Chuvisco,Simples,Reta,Sim,2,0,1,0,0,1,1,2,"-7,98185345","-38,29110417",SPRF-PE,DEL04-PE,UOP01-DEL04-PE
227576,2019-08-09,sexta-feira,08:15:00,PE,232,"26,8",MORENO,Pista Escorregadia,Colisão com objeto estático,Com Vítimas Feridas,Pleno dia,Crescente,Céu Claro,Dupla,Curva;Declive                 ,Sim,3,0,1,0,2,0,1,1,"-8,11374411","-35,116886",SPRF-PE,DEL01-PE,UOP02-DEL02PE
227615,2019-08-09,sexta-feira,12:20:00,PE,232,"191,8",SANHARO,Falta de Atenção à Condução,Saída de leito carroçável,Com Vítimas Feridas,Pleno dia,Decrescente,Céu Claro,Simples,Reta,Não,1,0,1,0,0,0,1,1,"-8,35709895","-36,52773",SPRF-PE,DEL02-PE,UOP03-DEL02-PE
227667,2019-08-09,sexta-feira,15:00:00,PE,232,"9,3",JABOATAO DOS GUARARAPES,Falta de Atenção à Condução,Colisão traseira,Com Vítimas Feridas,Pleno dia,Decrescente,Céu Claro,Dupla,Reta,Sim,1,0,1,0,0,0,1,1,"-8,07764447","-34,97863609",SPRF-PE,DEL01-PE,UOP01-DEL01-PE
227697,2019-08-09,sexta-feira,18:10:00,PE,232,96,SAIRE,Falta de Atenção à Condução,Colisão traseira,Sem Vítimas,Plena Noite,Decrescente,Céu Claro,Dupla,Reta,Não,3,0,0,0,3,0,0,3,"-8,23076854","-35,70778281",SPRF-PE,DEL01-PE,UOP02-DEL02PE
227698,2019-08-09,sexta-feira,18:30:00,PE,101,157,GAMELEIRA,Falta de Atenção à Condução,Capotamento,Com Vítimas Feridas,Plena Noite,Decrescente,Céu Claro,Dupla,Interseção de Vias,Não,2,0,1,0,0,1,1,2,"-8,55352976","-35,3964161",SPRF-PE,DEL01-PE,UOP03-DEL01-PE
227758,2019-08-09,sexta-feira,19:40:00,PE,232,17,JABOATAO DOS GUARARAPES,Defeito Mecânico no Veículo,Incêndio,Sem Vítimas,Plena Noite,Decrescente,Céu Claro,Simples,Reta,Sim,1,0,0,0,1,0,0,1,"-8,09565202","-35,04581599",SPRF-PE,DEL01-PE,UOP01-DEL01-PE
227763,2019-08-09,sexta-feira,13:20:00,PE,232,325,CUSTODIA,Ultrapassagem Indevida,Saída de leito carroçável,Com Vítimas Feridas,Pleno dia,Crescente,Céu Claro,Simples,Curva,Não,1,0,1,0,0,0,1,1,"-8,0924513","-37,57552207",SPRF-PE,DEL03-PE,UOP02-DEL03-PE
227764,2019-08-09,sexta-feira,17:30:00,PE,232,"228,7",PESQUEIRA,Falta de Atenção à Condução,Colisão transversal,Com Vítimas Feridas,Pleno dia,Crescente,Nublado,Simples,Reta,Não,2,0,2,0,0,0,2,2,"-8,40024807","-36,86199546",SPRF-PE,DEL03-PE,UOP02-DEL03-PE
227768,2019-08-09,sexta-feira,20:20:00,PE,428,188,PETROLINA,Não guardar distância de segurança,Colisão traseira,Com Vítimas Feridas,Plena Noite,Decrescente,Céu Claro,Simples,Reta,Sim,2,0,1,0,1,0,1,2,"-9,36400596","-40,48266808",SPRF-PE,DEL06-PE,UOP01-DEL06-PE
227781,2019-08-10,sábado,02:55:00,PE,428,"140,5",LAGOA GRANDE,Velocidade Incompatível,Atropelamento de Pedestre,Com Vítimas Fatais,Plena Noite,Decrescente,Céu Claro,Simples,Reta,Sim,2,1,0,0,0,1,0,2,"-8,99896247","-40,27196288",SPRF-PE,DEL06-PE,UOP01-DEL06-PE
227795,2019-08-10,sábado,04:50:00,PE,423,"114,7",PARANATAMA,Não guardar distância de segurança,Colisão traseira,Com Vítimas Fatais,Amanhecer,Crescente,Céu Claro,Simples,Reta,Não,3,1,0,1,0,1,1,2,"-8,900485","-36,645467",SPRF-PE,DEL03-PE,UOP01-DEL03-PE
227832,2019-08-10,sábado,08:45:00,PE,101,"128,1",ESCADA,Pista Escorregadia,Queda de ocupante de veículo,Com Vítimas Feridas,Pleno dia,Decrescente,Céu Claro,Dupla,Reta,Sim,1,0,0,1,0,0,1,1,"-8,38595","-35,250695",SPRF-PE,DEL01-PE,UOP03-DEL01-PE
227841,2019-08-10,sábado,09:45:00,PE,232,"7,8",RECIFE,Desobediência às normas de trânsito pelo condutor,Colisão lateral,Com Vítimas Feridas,Pleno dia,Crescente,Sol,Dupla,Reta,Sim,3,0,1,0,2,0,1,2,"-8,07333497","-34,96184301",SPRF-PE,DEL01-PE,UOP01-DEL01-PE
227932,2019-08-10,sábado,18:35:00,PE,424,94,GARANHUNS,Falta de Atenção à Condução,Colisão traseira,Com Vítimas Feridas,Plena Noite,Decrescente,Céu Claro,Simples,Aclive,Não,2,0,0,1,1,0,1,2,"-8,91590392","-36,48883344",SPRF-PE,DEL03-PE,UOP01-DEL03-PE
227960,2019-08-10,sábado,19:00:00,PE,232,"63,6",GRAVATA,Defeito Mecânico no Veículo,Incêndio,Sem Vítimas,Plena Noite,Crescente,Nublado,Simples,Reta,Não,2,0,0,0,2,0,0,1,"-8,15842797","-35,43147902",SPRF-PE,DEL01-PE,UOP02-DEL02PE
228067,2019-08-11,domingo,05:30:00,PE,408,"60,7",CARPINA,Velocidade Incompatível,Colisão traseira,Com Vítimas Fatais,Amanhecer,Decrescente,Céu Claro,Simples,Reta,Não,2,1,0,0,0,1,0,2,"-7,821113","-35,24586",SPRF-PE,DEL01-PE,UOP01-DEL01-PE
228217,2019-08-11,domingo,17:40:00,PE,407,68,PETROLINA,Desobediência às normas de trânsito pelo condutor,Colisão frontal,Com Vítimas Feridas,Anoitecer,Crescente,Céu Claro,Simples,Reta,Não,3,0,0,2,1,0,2,2,"-8,96375827","-40,7194519",SPRF-PE,DEL06-PE,UOP02-DEL06-PE
228261,2019-08-11,domingo,23:30:00,PE,104,18,TAQUARITINGA DO NORTE,Ingestão de Álcool,Colisão traseira,Com Vítimas Fatais,Plena Noite,Crescente,Ignorado,Simples,Reta,Não,2,1,1,0,0,0,1,2,"-7,94242","-36,126372",SPRF-PE,DEL02-PE,UOP01-DEL02-PE
228286,2019-08-12,segunda-feira,06:30:00,PE,232,133,CARUARU,Velocidade Incompatível,Colisão traseira,Sem Vítimas,Pleno dia,Crescente,Chuva,Dupla,Reta,Sim,2,0,0,0,2,0,0,2,"-8,30607988","-36,01576003",SPRF-PE,DEL02-PE,UOP03-DEL02-PE
228321,2019-08-12,segunda-feira,09:10:00,PE,232,"13,4",JABOATAO DOS GUARARAPES,Não guardar distância de segurança,Colisão traseira,Com Vítimas Feridas,Pleno dia,Decrescente,Nublado,Dupla,Reta,Não,3,0,2,0,1,0,2,2,"-8,08866","-35,012915",SPRF-PE,DEL01-PE,UOP01-DEL01-PE
228365,2019-08-12,segunda-feira,13:50:00,PE,101,"61,8",RECIFE,Desobediência às normas de trânsito pelo condutor,Colisão traseira,Com Vítimas Feridas,Pleno dia,Decrescente,Céu Claro,Dupla,Reta,Sim,2,0,1,0,1,0,1,2,"-7,99097103","-34,93598295",SPRF-PE,DEL01-PE,UOP02-DEL01-PE
228374,2019-08-04,domingo,15:30:00,PE,232,409,SERRA TALHADA,Desobediência às normas de trânsito pelo condutor,Colisão lateral,Com Vítimas Feridas,Pleno dia,Crescente,Céu Claro,Simples,Reta,Sim,2,0,0,1,0,1,1,2,"-7,981944","-38,289467",SPRF-PE,DEL04-PE,UOP01-DEL04-PE
228382,2019-08-12,segunda-feira,15:15:00,PE,101,"64,8",RECIFE,Animais na Pista,Tombamento,Com Vítimas Feridas,Pleno dia,Decrescente,Sol,Múltipla,Reta,Sim,1,0,1,0,0,0,1,1,"-8,0162921","-34,94045886",SPRF-PE,DEL01-PE,UOP01-DEL01-PE
228398,2019-08-12,segunda-feira,17:00:00,PE,232,50,VITORIA DE SANTO ANTAO,Animais na Pista,Atropelamento de Animal,Com Vítimas Feridas,Pleno dia,Decrescente,Nublado,Dupla,Declive,Não,2,0,1,0,1,0,1,1,"-8,14106223","-35,32322707",SPRF-PE,DEL01-PE,UOP02-DEL02PE
228467,2019-08-13,terça-feira,03:50:00,PE,232,"80,8",GRAVATA,Ingestão de Álcool,Saída de leito carroçável,Com Vítimas Feridas,Plena Noite,Decrescente,Nublado,Múltipla,Reta,Sim,1,0,1,0,0,0,1,1,"-8,19579864","-35,56962305",SPRF-PE,DEL01-PE,UOP02-DEL02PE
228486,2019-08-13,terça-feira,07:10:00,PE,428,"186,8",PETROLINA,Falta de Atenção à Condução,Colisão lateral,Com Vítimas Feridas,Pleno dia,Crescente,Sol,Simples,Reta,Sim,3,0,1,0,2,0,1,3,"-9,34807826","-40,47441248",SPRF-PE,DEL06-PE,UOP01-DEL06-PE
228493,2019-08-13,terça-feira,07:50:00,PE,101,"67,1",RECIFE,Falta de Atenção à Condução,Colisão lateral,Com Vítimas Feridas,Pleno dia,Crescente,Céu Claro,Dupla,Reta,Sim,2,0,1,0,1,0,1,2,"-8,042334","-34,943096",SPRF-PE,DEL01-PE,UOP01-DEL01-PE
228608,2019-08-13,terça-feira,18:20:00,PE,316,228,BELEM DE SAO FRANCISCO,Animais na Pista,Atropelamento de Animal,Sem Vítimas,Plena Noite,Decrescente,Céu Claro,Simples,Reta,Não,1,0,0,0,1,0,0,1,"-8,58789694","-39,14793897",SPRF-PE,DEL05-PE,UOP03-DEL05-PE
228623,2019-08-13,terça-feira,20:00:00,PE,101,65,RECIFE,Falta de Atenção à Condução,Colisão transversal,Com Vítimas Feridas,Plena Noite,Crescente,Nublado,Dupla,Reta,Sim,2,0,1,0,0,1,1,2,"-8,02478597","-34,94276635",SPRF-PE,DEL01-PE,UOP01-DEL01-PE
228685,2019-08-14,quarta-feira,09:45:00,PE,232,"55,3",POMBOS,Velocidade Incompatível,Colisão traseira,Com Vítimas Feridas,Pleno dia,Crescente,Nublado,Dupla,Reta,Não,2,0,1,0,1,0,1,2,"-8,13255758","-35,36570027",SPRF-PE,DEL01-PE,UOP02-DEL02PE
228702,2019-07-02,terça-feira,10:00:00,PE,407,"68,7",PETROLINA,Animais na Pista,Saída de leito carroçável,Com Vítimas Feridas,Pleno dia,Crescente,Céu Claro,Simples,Reta,Não,2,0,2,0,0,0,2,1,"-8,9139989","-40,74412076",SPRF-PE,DEL06-PE,UOP02-DEL06-PE
228763,2019-08-14,quarta-feira,18:10:00,PE,104,68,CARUARU,Falta de Atenção à Condução,Colisão transversal,Com Vítimas Feridas,Plena Noite,Crescente,Chuva,Dupla,Reta,Não,3,0,2,0,0,1,2,2,"-8,3107","-35,9904",SPRF-PE,DEL02-PE,UOP01-DEL02-PE
228766,2019-08-14,quarta-feira,18:10:00,PE,232,"157,4",TACAIMBO,Mal Súbito,Colisão frontal,Com Vítimas Feridas,Anoitecer,Decrescente,Chuva,Simples,Reta,Não,8,0,4,4,0,0,8,2,"-8,33031851","-36,23016357",SPRF-PE,DEL02-PE,UOP03-DEL02-PE
228772,2019-08-14,quarta-feira,18:15:00,PE,232,"515,9",SALGUEIRO,Velocidade Incompatível,Colisão traseira,Com Vítimas Fatais,Plena Noite,Crescente,Céu Claro,Simples,Reta,Não,2,1,0,0,0,1,0,2,"-8,068192","-39,180042",SPRF-PE,DEL05-PE,UOP01-DEL05-PE
228796,2019-08-14,quarta-feira,23:20:00,PE,408,83,PAUDALHO,Falta de Atenção à Condução,Colisão traseira,Com Vítimas Feridas,Plena Noite,Decrescente,Garoa/Chuvisco,Dupla,Reta,Sim,2,0,1,0,1,0,1,2,"-7,94549251","-35,11580722",SPRF-PE,DEL01-PE,UOP01-DEL01-PE
228856,2019-08-15,quinta-feira,10:00:00,PE,232,"31,7",MORENO,Falta de Atenção à Condução,Colisão traseira,Com Vítimas Feridas,Pleno dia,Crescente,Nublado,Dupla,Curva,Não,4,0,2,0,2,0,2,3,"-8,10678602","-35,15841205",SPRF-PE,DEL01-PE,UOP02-DEL02PE
228934,2019-08-15,quinta-feira,17:55:00,PE,101,"34,5",ITAPISSUMA,Não guardar distância de segurança,Colisão traseira,Com Vítimas Feridas,Plena Noite,Decrescente,Nublado,Dupla,Reta,Não,2,0,1,0,0,1,1,2,"-7,77092801","-34,93524623",SPRF-PE,DEL01-PE,UOP02-DEL01-PE
228952,2019-08-15,quinta-feira,21:00:00,PE,423,62,LAJEDO,Falta de Atenção do Pedestre,Atropelamento de Pedestre,Com Vítimas Fatais,Plena Noite,Crescente,Garoa/Chuvisco,Simples,Reta,Não,2,1,0,0,1,0,0,2,"-8,66011023","-36,33781395",SPRF-PE,DEL03-PE,UOP01-DEL03-PE
228971,2019-08-15,quinta-feira,23:06:00,PE,232,"4,6",RECIFE,Falta de Atenção à Condução,Colisão traseira,Sem Vítimas,Plena Noite,Decrescente,Nublado,Dupla,Viaduto,Sim,2,0,0,0,1,1,0,2,"-8,066474","-34,941303",SPRF-PE,DEL01-PE,UOP01-DEL01-PE
229069,2019-05-12,domingo,15:00:00,PE,101,149,RIBEIRAO,Desobediência às normas de trânsito pelo condutor,Colisão lateral,Com Vítimas Feridas,Pleno dia,Decrescente,Nublado,Simples,Reta,Sim,2,0,0,1,1,0,1,2,"-8,49165198","-35,37459703",SPRF-PE,DEL01-PE,UOP03-DEL01-PE
229118,2019-08-16,sexta-feira,17:10:00,PE,232,127,CARUARU,Desobediência às normas de trânsito pelo condutor,Colisão traseira,Sem Vítimas,Pleno dia,Crescente,Céu Claro,Simples,Curva,Sim,3,0,0,0,3,0,0,3,"-8,304398","-35,964813",SPRF-PE,DEL02-PE,UOP03-DEL02-PE
229148,2019-08-16,sexta-feira,20:05:00,PE,101,61,RECIFE,Falta de Atenção à Condução,Colisão lateral,Sem Vítimas,Plena Noite,Crescente,Nublado,Dupla,Curva,Sim,4,0,0,0,4,0,0,2,"-7,99138628","-34,93645906",SPRF-PE,DEL01-PE,UOP02-DEL01-PE
229286,2019-08-17,sábado,06:10:00,PE,423,157,IATI,Defeito na Via,Colisão com objeto estático,Com Vítimas Feridas,Amanhecer,Crescente,Céu Claro,Simples,Declive;Reta                  ,Não,4,0,4,0,0,0,4,1,"-9,072388","-36,954775",SPRF-PE,DEL03-PE,UOP01-DEL03-PE
229440,2019-08-18,domingo,01:00:00,PE,101,72,RECIFE,Ingestão de Álcool,Colisão traseira,Com Vítimas Feridas,Plena Noite,Decrescente,Céu Claro,Simples,Reta,Sim,2,0,0,1,1,0,1,2,"-8,08493106","-34,9450639",SPRF-PE,DEL01-PE,UOP01-DEL01-PE
229469,2019-08-18,domingo,04:30:00,PE,232,508,SALGUEIRO,Ingestão de Álcool,Queda de ocupante de veículo,Com Vítimas Feridas,Plena Noite,Decrescente,Céu Claro,Simples,Reta,Sim,1,0,1,0,0,0,1,1,"-8,063529","-39,12751",SPRF-PE,DEL05-PE,UOP01-DEL05-PE
229490,2019-08-18,domingo,07:45:00,PE,101,68,RECIFE,Falta de Atenção à Condução,Colisão traseira,Com Vítimas Feridas,Pleno dia,Crescente,Chuva,Dupla,Reta,Sim,2,0,1,0,0,1,1,2,"-8,05074296","-34,94580619",SPRF-PE,DEL01-PE,UOP01-DEL01-PE
229518,2019-08-18,domingo,10:15:00,PE,232,"253,2",ARCOVERDE,Falta de Atenção à Condução,Colisão frontal,Com Vítimas Fatais,Pleno dia,Decrescente,Céu Claro,Simples,Reta,Sim,2,1,0,0,1,0,0,2,"-8,42522112","-37,07235809",SPRF-PE,DEL03-PE,UOP02-DEL03-PE
229634,2019-08-18,domingo,20:30:00,PE,110,"139,3",IBIMIRIM,Animais na Pista,Atropelamento de Animal,Com Vítimas Feridas,Plena Noite,Crescente,Nublado,Simples,Reta,Não,2,0,1,0,1,0,1,1,"-8,5108371","-37,62351999",SPRF-PE,DEL03-PE,UOP02-DEL03-PE
229636,2019-08-18,domingo,21:20:00,PE,232,11,JABOATAO DOS GUARARAPES,Falta de Atenção à Condução,Colisão traseira,Sem Vítimas,Plena Noite,Decrescente,Chuva,Dupla,Curva,Não,2,0,0,0,2,0,0,2,"-8,07917241","-34,98718609",SPRF-PE,DEL01-PE,UOP01-DEL01-PE
229724,2019-08-19,segunda-feira,06:50:00,PE,101,110,CABO DE SANTO AGOSTINHO,Velocidade Incompatível,Colisão traseira,Sem Vítimas,Pleno dia,Crescente,Nublado,Dupla,Reta,Não,2,0,0,0,2,0,0,2,"-8,31648181","-35,10571612",SPRF-PE,DEL01-PE,UOP03-DEL01-PE
229794,2019-08-19,segunda-feira,16:20:00,PE,316,"21,7",ARARIPINA,Desobediência às normas de trânsito pelo condutor,Colisão transversal,Com Vítimas Feridas,Pleno dia,Decrescente,Céu Claro,Simples,Interseção de Vias,Sim,3,0,1,0,2,0,1,2,"-7,56839315","-40,52717307",SPRF-PE,DEL05-PE,UOP02-DEL05-PE
229868,2019-08-20,terça-feira,01:20:00,PE,232,"281,3",SERTANIA,Animais na Pista,Atropelamento de Animal,Sem Vítimas,Plena Noite,Crescente,Céu Claro,Simples,Reta,Não,1,0,0,0,1,0,0,1,"-8,34770731","-37,29960517",SPRF-PE,DEL03-PE,UOP02-DEL03-PE