id,data_inversa,dia_semana,horario,uf,br,km,municipio,causa_acidente,tipo_acidente,classificacao_acidente,fase_dia,sentido_via,condicao_metereologica,tipo_pista,tracado_via,uso_solo,pessoas,mortos,feridos_leves,feridos_graves,ilesos,ignorados,feridos,veiculos,latitude,longitude,regional,delegacia,uop
229879,2019-08-20,terça-feira,06:35:00,PE,232,11,JABOATAO DOS GUARARAPES,Falta de Atenção à Condução,Colisão lateral,Com Vítimas Feridas,Pleno dia,Decrescente,Céu Claro,Dupla,Viaduto,Não,3,0,2,0,1,0,2,2,"-8,08195464","-34,99545022",SPRF-PE,DEL01-PE,UOP01-DEL01-PE
229884,2019-08-20,terça-feira,07:30:00,PE,101,"67,8",RECIFE,Não guardar distância de segurança,Colisão traseira,Sem Vítimas,Pleno dia,Decrescente,Céu Claro,Dupla,Reta,Sim,3,0,0,0,3,0,0,3,"-8,049478","-34,945528",SPRF-PE,DEL01-PE,UOP01-DEL01-PE
229886,2019-08-20,terça-feira,07:25:00,PE,101,"78,6",JABOATAO DOS GUARARAPES,Não guardar distância de segurança,Colisão traseira,Com Vítimas Feridas,Pleno dia,Crescente,Céu Claro,Dupla,Reta,Sim,4,0,1,0,1,2,1,2,"-8,13496499","-34,94738614",SPRF-PE,DEL01-PE,UOP01-DEL01-PE
229897,2019-08-20,terça-feira,07:40:00,PE,101,"84,1",JABOATAO DOS GUARARAPES,Desobediência às normas de trânsito pelo condutor,Colisão lateral,Sem Vítimas,Pleno dia,Crescente,Céu Claro,Múltipla,Reta,Não,2,0,0,0,1,1,0,2,"-8,1844326","-34,95177984",SPRF-PE,DEL01-PE,UOP03-DEL01-PE
229932,2019-08-20,terça-feira,10:35:00,PE,101,"70,2",RECIFE,Falta de Atenção à Condução,Colisão lateral,Com Vítimas Feridas,Pleno dia,Crescente,Céu Claro,Dupla,Interseção de Vias,Sim,2,0,1,0,1,0,1,2,"-8,06776119","-34,94265074",SPRF-PE,DEL01-PE,UOP01-DEL01-PE
230023,2019-08-20,terça-feira,17:40:00,PE,232,410,SERRA TALHADA,Desobediência às normas de trânsito pelo condutor,Colisão transversal,Com Vítimas Feridas,Anoitecer,Decrescente,Céu Claro,Simples,Reta,Não,3,0,2,0,1,0,2,2,"-7,98261841","-38,30039606",SPRF-PE,DEL04-PE,UOP01-DEL04-PE
230145,2019-08-21,quarta-feira,09:50:00,PE,232,"172,5",BELO JARDIM,Não guardar distância de segurança,Colisão traseira,Sem Vítimas,Pleno dia,Decrescente,Sol,Simples,Aclive,Não,2,0,0,0,2,0,0,2,"-8,33854887","-36,360134",SPRF-PE,DEL02-PE,UOP03-DEL02-PE
230173,2019-08-21,quarta-feira,13:15:00,PE,407,125,PETROLINA,Não guardar distância de segurança,Colisão traseira,Com Vítimas Feridas,Pleno dia,Decrescente,Céu Claro,Dupla,Reta,Não,2,0,0,1,1,0,1,2,"-9,37739336","-40,53595733",SPRF-PE,DEL06-PE,UOP01-DEL06-PE
230200,2019-08-21,quarta-feira,12:30:00,PE,101,34,IGARASSU,Agressão Externa,Colisão lateral,Com Vítimas Feridas,Pleno dia,Crescente,Céu Claro,Dupla,Reta,Não,5,0,3,1,1,0,4,3,"-7,77092801","-34,93524623",SPRF-PE,DEL01-PE,UOP02-DEL01-PE
230216,2019-08-21,quarta-feira,14:00:00,PE,316,"303,8",FLORESTA,Falta de Atenção à Condução,Queda de ocupante de veículo,Com Vítimas Feridas,Pleno dia,Crescente,Céu Claro,Simples,Reta,Não,1,0,1,0,0,0,1,1,"-8,61225205","-38,56372833",SPRF-PE,DEL04-PE,UOP03-DEL04-PE
230318,2019-08-22,quinta-feira,02:00:00,PE,232,"352,6",FLORES,Falta de Atenção à Condução,Capotamento,Com Vítimas Feridas,Plena Noite,Crescente,Céu Claro,Simples,Reta,Não,2,0,1,0,1,0,1,1,"-8,06560111","-37,80504513",SPRF-PE,DEL03-PE,UOP02-DEL03-PE
230340,2019-08-22,quinta-feira,09:00:00,PE,101,104,CABO DE SANTO AGOSTINHO,Falta de Atenção à Condução,Colisão lateral,Com Vítimas Feridas,Pleno dia,Crescente,Céu Claro,Dupla,Reta,Sim,3,0,1,1,1,0,2,2,"-8,29739778","-35,06293971",SPRF-PE,DEL01-PE,UOP03-DEL01-PE
230382,2019-08-22,quinta-feira,14:55:00,PE,428,"191,9",PETROLINA,Falta de Atenção à Condução,Colisão transversal,Com Vítimas Feridas,Pleno dia,Decrescente,Céu Claro,Simples,Curva,Sim,2,0,1,0,1,0,1,2,"-9,37766429","-40,50269795",SPRF-PE,DEL06-PE,UOP01-DEL06-PE
230386,2019-08-22,quinta-feira,15:26:00,PE,316,"49,6",TRINDADE,Ingestão de Álcool,Colisão frontal,Com Vítimas Feridas,Pleno dia,Crescente,Céu Claro,Simples,Reta,Não,3,0,2,1,0,0,3,2,"-7,71202586","-40,32958089",SPRF-PE,DEL05-PE,UOP02-DEL05-PE
230414,2019-08-22,quinta-feira,18:15:00,PE,232,139,CARUARU,Falta de Atenção à Condução,Colisão traseira,Com Vítimas Feridas,Plena Noite,Decrescente,Nublado,Dupla,Retorno Regulamentado,Não,2,0,1,0,1,0,1,2,"-8,31726105","-36,05358839",SPRF-PE,DEL02-PE,UOP03-DEL02-PE
230466,2019-08-22,quinta-feira,23:00:00,PE,232,"266,3",SERTANIA,Defeito Mecânico no Veículo,Capotamento,Sem Vítimas,Plena Noite,Decrescente,Céu Claro,Simples,Reta,Não,2,0,0,0,2,0,0,2,"-8,40768218","-37,18289802",SPRF-PE,DEL03-PE,UOP02-DEL03-PE
230487,2019-08-23,sexta-feira,05:50:00,PE,101,"50,8",ABREU E LIMA,Falta de Atenção à Condução,Colisão transversal,Com Vítimas Feridas,Pleno dia,Crescente,Nublado,Múltipla,Interseção de Vias;Reta;Retorn,Sim,2,0,1,0,1,0,1,2,"-7,90938602","-34,90123228",SPRF-PE,DEL01-PE,UOP02-DEL01-PE
230563,2019-08-10,sábado,22:00:00,PE,232,"80,9",GRAVATA,Ingestão de Álcool,Colisão frontal,Com Vítimas Feridas,Plena Noite,Decrescente,Céu Claro,Dupla,Curva,Sim,3,0,0,2,0,1,2,2,"-8,19579864","-35,56962305",SPRF-PE,DEL01-PE,UOP02-DEL02PE
230606,2019-08-23,sexta-feira,17:50:00,PE,232,84,GRAVATA,Falta de Atenção à Condução,Colisão traseira,Com Vítimas Feridas,Anoitecer,Decrescente,Nublado,Dupla,Aclive,Não,2,0,1,0,1,0,1,2,"-8,2059894","-35,60359683",SPRF-PE,DEL01-PE,UOP02-DEL02PE
230625,2019-08-23,sexta-feira,17:40:00,PE,407,"123,3",PETROLINA,Falta de Atenção do Pedestre,Atropelamento de Pedestre,Com Vítimas Feridas,Pleno dia,Decrescente,Céu Claro,Simples,Reta,Sim,2,0,1,0,0,1,1,2,"-9,363641","-40,544638",SPRF-PE,DEL06-PE,UOP01-DEL06-PE
230725,2019-08-24,sábado,06:00:00,PE,101,"68,2",RECIFE,Falta de Atenção à Condução,Colisão lateral,Com Vítimas Feridas,Pleno dia,Decrescente,Céu Claro,Dupla,Viaduto,Sim,2,0,0,1,1,0,1,2,"-8,05074296","-34,94580619",SPRF-PE,DEL01-PE,UOP01-DEL01-PE
230726,2019-08-24,sábado,06:30:00,PE,101,"74,5",RECIFE,Ingestão de Álcool,Saída de leito carroçável,Com Vítimas Feridas,Pleno dia,Crescente,Céu Claro,Dupla,Reta,Sim,1,0,1,0,0,0,1,1,"-8,107527","-34,947933",SPRF-PE,DEL01-PE,UOP01-DEL01-PE
230762,2019-08-24,sábado,09:30:00,PE,408,88,SAO LOURENCO DA MATA,Velocidade Incompatível,Capotamento,Com Vítimas Feridas,Pleno dia,Decrescente,Céu Claro,Dupla,Declive,Não,3,0,2,0,0,1,2,1,"-7,97432974","-35,08598372",SPRF-PE,DEL01-PE,UOP01-DEL01-PE
230808,2019-08-24,sábado,14:45:00,PE,101,"68,2",RECIFE,Não guardar distância de segurança,Colisão traseira,Sem Vítimas,Pleno dia,Decrescente,Sol,Dupla,Viaduto,Sim,4,0,0,0,4,0,0,4,"-8,05074296","-34,94580619",SPRF-PE,DEL01-PE,UOP01-DEL01-PE
230809,2019-08-24,sábado,15:40:00,PE,232,49,VITORIA DE SANTO ANTAO,Defeito Mecânico no Veículo,Queda de ocupante de veículo,Com Vítimas Feridas,Pleno dia,Decrescente,Sol,Dupla,Reta,Sim,2,0,2,0,0,0,2,1,"-8,143676","-35,314419",SPRF-PE,DEL01-PE,UOP02-DEL02PE
230908,2019-08-24,sábado,23:20:00,PE,232,"178,4",BELO JARDIM,Falta de Atenção à Condução,Colisão frontal,Com Vítimas Feridas,Plena Noite,Decrescente,Nublado,Simples,Reta,Sim,2,0,0,1,0,1,1,2,"-8,347448","-36,411818",SPRF-PE,DEL02-PE,UOP03-DEL02-PE
230998,2019-08-25,domingo,09:55:00,PE,408,"98,4",SAO LOURENCO DA MATA,Falta de Atenção à Condução,Colisão com objeto estático,Com Vítimas Feridas,Pleno dia,Decrescente,Garoa/Chuvisco,Dupla,Reta,Não,3,0,3,0,0,0,3,2,"-8,03598572","-35,03218461",SPRF-PE,DEL01-PE,UOP01-DEL01-PE
231034,2019-08-25,domingo,13:30:00,PE,232,"145,3",SAO CAITANO,Falta de Atenção à Condução,Colisão traseira,Com Vítimas Feridas,Pleno dia,Crescente,Chuva,Dupla,Reta,Não,2,0,1,0,1,0,1,2,"-8,32868","-36,120811",SPRF-PE,DEL02-PE,UOP03-DEL02-PE
231082,2019-08-25,domingo,18:00:00,PE,232,188,BELO JARDIM,Não guardar distância de segurança,Colisão traseira,Com Vítimas Feridas,Plena Noite,Crescente,Céu Claro,Simples,Reta,Não,2,0,0,2,0,0,2,2,"-8,35458704","-36,500629",SPRF-PE,DEL02-PE,UOP03-DEL02-PE
231151,2019-08-25,domingo,21:30:00,PE,428,"152,8",PETROLINA,Ingestão de Álcool,Tombamento,Sem Vítimas,Plena Noite,Crescente,Céu Claro,Simples,Reta,Não,1,0,0,0,1,0,0,1,"-9,0854229","-40,32046116",SPRF-PE,DEL06-PE,UOP01-DEL06-PE
231163,2019-08-25,domingo,22:30:00,PE,232,79,GRAVATA,Desobediência às normas de trânsito pelo condutor,Colisão transversal,Com Vítimas Feridas,Plena Noite,Decrescente,Céu Claro,Dupla,Rotatória,Sim,3,0,1,0,1,1,1,2,"-8,19460572","-35,56074803",SPRF-PE,DEL01-PE,UOP02-DEL02PE
231233,2019-08-27,terça-feira,09:20:00,PE,232,"7,8",RECIFE,Não guardar distância de segurança,Colisão lateral,Com Vítimas Feridas,Pleno dia,Decrescente,Sol,Dupla,Reta,Sim,2,0,0,1,1,0,1,2,"-8,07333497","-34,96184301",SPRF-PE,DEL01-PE,UOP01-DEL01-PE
231234,2019-08-27,terça-feira,12:20:00,PE,232,"407,5",SERRA TALHADA,Falta de Atenção à Condução,Colisão transversal,Com Vítimas Feridas,Pleno dia,Crescente,Céu Claro,Simples,Reta,Sim,2,0,0,2,0,0,2,2,"-7,9854402","-38,27148304",SPRF-PE,DEL04-PE,UOP01-DEL04-PE
231236,2019-08-27,terça-feira,11:00:00,PE,101,"43,9",IGARASSU,Falta de Atenção à Condução,Colisão traseira,Sem Vítimas,Pleno dia,Crescente,Céu Claro,Múltipla,Reta,Sim,2,0,0,0,2,0,0,2,"-7,84753808","-34,90977038",SPRF-PE,DEL01-PE,UOP02-DEL01-PE
231237,2019-08-27,terça-feira,10:30:00,PE,232,"36,3",MORENO,Falta de Atenção à Condução,Colisão lateral,Com Vítimas Feridas,Pleno dia,Decrescente,Céu Claro,Dupla,Reta,Sim,2,0,1,0,0,1,1,2,"-8,11082778","-35,20125807",SPRF-PE,DEL01-PE,UOP02-DEL02PE
231241,2019-08-27,terça-feira,09:30:00,PE,407,"129,2",PETROLINA,Velocidade Incompatível,Colisão traseira,Com Vítimas Feridas,Pleno dia,Decrescente,Céu Claro,Dupla,Reta,Sim,3,0,1,0,1,1,1,3,"-9,4021536","-40,50354481",SPRF-PE,DEL06-PE,UOP01-DEL06-PE
231282,2019-08-27,terça-feira,06:50:00,PE,424,86,GARANHUNS,Falta de Atenção à Condução,Colisão transversal,Com Vítimas Feridas,Pleno dia,Decrescente,Garoa/Chuvisco,Simples,Reta,Sim,3,0,1,0,2,0,1,2,"-8,869595","-36,508236",SPRF-PE,DEL03-PE,UOP01-DEL03-PE
231308,2019-08-26,segunda-feira,17:00:00,PE,232,"87,4",GRAVATA,Defeito Mecânico no Veículo,Saída de leito carroçável,Com Vítimas Feridas,Anoitecer,Crescente,Nublado,Dupla,Reta,Não,5,0,3,2,0,0,5,1,"-8,21472906","-35,6340158",SPRF-PE,DEL01-PE,UOP02-DEL02PE
231391,2019-08-27,terça-feira,07:46:00,PE,104,61,CARUARU,Falta de Atenção do Pedestre,Atropelamento de Pedestre,Com Vítimas Feridas,Pleno dia,Decrescente,Céu Claro,Dupla,Interseção de Vias,Sim,4,0,0,1,1,2,1,2,"-8,2529","-35,9751",SPRF-PE,DEL02-PE,UOP01-DEL02-PE
231509,2019-08-26,segunda-feira,07:10:00,PE,232,410,SERRA TALHADA,Falta de Atenção à Condução,Colisão transversal,Com Vítimas Feridas,Pleno dia,Crescente,Sol,Simples,Reta,Sim,2,0,1,0,0,1,1,2,"-7,98261841","-38,30039606",SPRF-PE,DEL04-PE,UOP01-DEL04-PE
231544,2019-08-28,quarta-feira,17:00:00,PE,232,"69,4",GRAVATA,Condutor Dormindo,Colisão com objeto estático,Com Vítimas Feridas,Pleno dia,Crescente,Céu Claro,Dupla,Reta,Não,2,0,1,1,0,0,2,1,"-8,17240309","-35,47993595",SPRF-PE,DEL01-PE,UOP02-DEL02PE
231613,2019-08-29,quinta-feira,07:40:00,PE,101,"46,5",IGARASSU,Falta de Atenção à Condução,Colisão lateral,Com Vítimas Feridas,Pleno dia,Crescente,Sol,Múltipla,Reta,Sim,2,0,1,0,1,0,1,2,"-7,87406004","-34,90588126",SPRF-PE,DEL01-PE,UOP02-DEL01-PE
231677,2019-08-29,quinta-feira,13:30:00,PE,101,50,ABREU E LIMA,Falta de Atenção à Condução,Colisão traseira,Sem Vítimas,Pleno dia,Decrescente,Sol,Dupla,Reta,Sim,4,0,0,0,3,1,0,3,"-7,90938602","-34,90123228",SPRF-PE,DEL01-PE,UOP02-DEL01-PE
231696,2019-08-29,quinta-feira,15:15:00,PE,423,"37,4",CACHOEIRINHA,Não guardar distância de segurança,Engavetamento,Sem Vítimas,Pleno dia,Crescente,Céu Claro,Simples,Reta,Não,3,0,0,0,3,0,0,3,"-8,47542022","-36,22203249",SPRF-PE,DEL02-PE,UOP03-DEL02-PE
231697,2019-08-29,quinta-feira,15:15:00,PE,104,"40,6",CARUARU,Falta de Atenção à Condução,Queda de ocupante de veículo,Com Vítimas Feridas,Pleno dia,Crescente,Céu Claro,Dupla,Reta,Não,2,0,0,1,0,1,1,1,"-8,0938","-36,0334",SPRF-PE,DEL02-PE,UOP01-DEL02-PE
231727,2019-08-29,quinta-feira,16:50:00,PE,101,85,JABOATAO DOS GUARARAPES,Falta de Atenção à Condução,Saída de leito carroçável,Com Vítimas Feridas,Pleno dia,Crescente,Nublado,Simples,Reta,Sim,2,0,0,2,0,0,2,1,"-8,18065563","-34,95965322",SPRF-PE,DEL01-PE,UOP03-DEL01-PE
231733,2019-08-29,quinta-feira,18:30:00,PE,316,"53,7",TRINDADE,Animais na Pista,Atropelamento de Animal,Com Vítimas Fatais,Plena Noite,Decrescente,Céu Claro,Simples,Reta;Aclive                   ,Não,2,1,0,1,0,0,1,1,"-7,73314203","-40,30237301",SPRF-PE,DEL05-PE,UOP02-DEL05-PE
231756,2019-08-26,segunda-feira,16:20:00,PE,423,121,SALOA,Falta de Atenção à Condução,Colisão traseira,Com Vítimas Feridas,Pleno dia,Crescente,Céu Claro,Simples,Reta,Sim,2,0,1,0,1,0,1,2,"-8,9156581","-36,70400598",SPRF-PE,DEL03-PE,UOP01-DEL03-PE
231807,2019-08-26,segunda-feira,16:30:00,PE,232,10,JABOATAO DOS GUARARAPES,Não guardar distância de segurança,Colisão traseira,Sem Vítimas,Pleno dia,Decrescente,Céu Claro,Dupla,Reta,Sim,3,0,0,0,3,0,0,2,"-8,07917241","-34,98718609",SPRF-PE,DEL01-PE,UOP01-DEL01-PE
231810,2019-08-26,segunda-feira,09:15:00,PE,408,"86,7",PAUDALHO,Pista Escorregadia,Saída de leito carroçável,Com Vítimas Feridas,Pleno dia,Crescente,Chuva,Dupla,Declive,Sim,1,0,1,0,0,0,1,1,"-7,96519955","-35,09266385",SPRF-PE,DEL01-PE,UOP01-DEL01-PE
231909,2019-08-30,sexta-feira,10:25:00,PE,232,"5,1",RECIFE,Falta de Atenção à Condução,Colisão transversal,Com Vítimas Feridas,Pleno dia,Crescente,Sol,Dupla,Reta,Sim,2,0,1,0,1,0,1,2,"-8,06795766","-34,94535414",SPRF-PE,DEL01-PE,UOP01-DEL01-PE
231949,2019-08-30,sexta-feira,13:10:00,PE,408,"97,1",SAO LOURENCO DA MATA,Defeito Mecânico no Veículo,Tombamento,Com Vítimas Feridas,Pleno dia,Decrescente,Sol,Dupla,Reta,Não,2,0,2,0,0,0,2,1,"-8,02843077","-35,03684556",SPRF-PE,DEL01-PE,UOP01-DEL01-PE
231959,2019-08-30,sexta-feira,14:00:00,PE,101,50,ABREU E LIMA,Falta de Atenção à Condução,Colisão transversal,Com Vítimas Feridas,Pleno dia,Decrescente,Sol,Múltipla,Reta,Sim,2,0,1,0,1,0,1,2,"-7,90938602","-34,90123228",SPRF-PE,DEL01-PE,UOP02-DEL01-PE
231966,2019-08-30,sexta-feira,14:00:00,PE,101,171,AGUA PRETA,Falta de Atenção à Condução,Saída de leito carroçável,Com Vítimas Feridas,Pleno dia,Crescente,Céu Claro,Dupla,Reta,Não,1,0,1,0,0,0,1,1,"-8,58724811","-35,50380996",SPRF-PE,DEL01-PE,UOP03-DEL01-PE
232087,2019-08-30,sexta-feira,20:55:00,PE,232,416,SERRA TALHADA,Ingestão de Álcool,Tombamento,Com Vítimas Feridas,Plena Noite,Decrescente,Céu Claro,Simples,Reta,Não,1,0,0,1,0,0,1,1,"-7,99977297","-38,35316401",SPRF-PE,DEL04-PE,UOP01-DEL04-PE
232088,2019-08-26,segunda-feira,11:30:00,PE,408,51,NAZARE DA MATA,Defeito Mecânico no Veículo,Colisão frontal,Com Vítimas Feridas,Pleno dia,Crescente,Chuva,Simples,Reta,Não,3,0,2,1,0,0,3,2,"-7,73723901","-35,23503603",SPRF-PE,DEL01-PE,UOP01-DEL01-PE
232095,2019-08-30,sexta-feira,20:45:00,PE,101,"62,5",RECIFE,Animais na Pista,Atropelamento de Animal,Sem Vítimas,Plena Noite,Crescente,Céu Claro,Dupla,Reta,Sim,1,0,0,0,1,0,0,1,"-7,99905898","-34,93899295",SPRF-PE,DEL01-PE,UOP02-DEL01-PE
232159,2019-08-31,sábado,06:00:00,PE,101,60,RECIFE,Falta de Atenção à Condução,Capotamento,Com Vítimas Feridas,Amanhecer,Crescente,Nublado,Múltipla,Curva,Sim,1,0,1,0,0,0,1,1,"-7,98344307","-34,93176727",SPRF-PE,DEL01-PE,UOP02-DEL01-PE
232190,2019-08-26,segunda-feira,07:35:00,PE,101,98,CABO DE SANTO AGOSTINHO,Defeito Mecânico no Veículo,Incêndio,Com Vítimas Feridas,Pleno dia,Decrescente,Céu Claro,Dupla,Reta,Não,1,0,1,0,0,0,1,1,"-8,25653422","-35,03811793",SPRF-PE,DEL01-PE,UOP03-DEL01-PE
232282,2019-08-26,segunda-feira,08:00:00,PE,101,"102,1",CABO DE SANTO AGOSTINHO,Ultrapassagem Indevida,Colisão transversal,Sem Vítimas,Pleno dia,Decrescente,Céu Claro,Simples,Interseção de Vias,Sim,2,0,0,0,1,1,0,2,"-8,28756523","-35,03960073",SPRF-PE,DEL01-PE,UOP03-DEL01-PE
232319,2019-08-31,sábado,20:15:00,PE,104,66,CARUARU,Desobediência às normas de trânsito pelo pedestre,Atropelamento de Pedestre,Com Vítimas Feridas,Plena Noite,Decrescente,Céu Claro,Dupla,Reta,Sim,2,0,0,1,1,0,1,2,"-8,2937","-35,9864",SPRF-PE,DEL02-PE,UOP01-DEL02-PE
232338,2019-08-31,sábado,19:54:00,PE,408,102,JABOATAO DOS GUARARAPES,Desobediência às normas de trânsito pelo condutor,Colisão frontal,Sem Vítimas,Plena Noite,Decrescente,Nublado,Múltipla,Reta,Não,3,0,0,0,2,1,0,2,"-8,05323195","-35,00247996",SPRF-PE,DEL01-PE,UOP01-DEL01-PE
232363,2019-08-31,sábado,21:30:00,PE,316,"77,6",OURICURI,Animais na Pista,Colisão traseira,Com Vítimas Feridas,Plena Noite,Crescente,Ignorado,Simples,Reta,Sim,2,0,1,0,1,0,1,2,"-7,84472319","-40,12960214",SPRF-PE,DEL05-PE,UOP02-DEL05-PE
232409,2019-08-06,terça-feira,18:06:00,PE,104,54,CARUARU,Falta de Atenção à Condução,Queda de ocupante de veículo,Com Vítimas Feridas,Plena Noite,Decrescente,Garoa/Chuvisco,Dupla,Retorno Regulamentado,Não,1,0,1,0,0,0,1,1,"-8,1928","-35,9662",SPRF-PE,DEL02-PE,UOP01-DEL02-PE
232421,2019-09-01,domingo,05:00:00,PE,232,"392,6",SERRA TALHADA,Condutor Dormindo,Colisão lateral,Com Vítimas Fatais,Amanhecer,Decrescente,Céu Claro,Simples,Reta,Não,1,1,0,0,0,0,0,1,"-8,02959891","-38,15663598",SPRF-PE,DEL04-PE,UOP01-DEL04-PE
232467,2019-09-01,domingo,11:10:00,PE,116,"79,1",CABROBO,Ingestão de Álcool,Saída de leito carroçável,Com Vítimas Feridas,Pleno dia,Decrescente,Céu Claro,Simples,Reta,Não,1,0,0,1,0,0,1,1,"-8,516788","-39,2155",SPRF-PE,DEL05-PE,UOP03-DEL05-PE
232492,2019-09-01,domingo,13:20:00,PE,232,"72,8",GRAVATA,Falta de Atenção à Condução,Colisão traseira,Com Vítimas Feridas,Pleno dia,Crescente,Nublado,Dupla,Declive;Reta                  ,Sim,5,0,2,0,3,0,2,2,"-8,18714215","-35,50102523",SPRF-PE,DEL01-PE,UOP02-DEL02PE
232554,2019-09-01,domingo,16:30:00,PE,424,"87,6",GARANHUNS,Animais na Pista,Atropelamento de Animal,Com Vítimas Feridas,Pleno dia,Crescente,Céu Claro,Simples,Curva;Declive;Interseção de Vi,Sim,3,0,1,1,1,0,2,2,"-8,87981398","-36,50709629",SPRF-PE,DEL03-PE,UOP01-DEL03-PE
232556,2019-09-01,domingo,18:20:00,PE,423,68,JUPI,Defeito na Via,Colisão transversal,Com Vítimas Feridas,Plena Noite,Crescente,Céu Claro,Simples,Reta;Declive                  ,Não,2,0,0,1,1,0,1,2,"-8,67263685","-36,39346504",SPRF-PE,DEL03-PE,UOP01-DEL03-PE
232586,2019-09-01,domingo,20:05:00,PE,232,"196,1",SANHARO,Desobediência às normas de trânsito pelo condutor,Colisão frontal,Com Vítimas Fatais,Plena Noite,Decrescente,Céu Claro,Simples,Reta,Sim,3,1,0,1,1,0,1,2,"-8,3683578","-36,56974196",SPRF-PE,DEL02-PE,UOP03-DEL02-PE
232589,2019-09-01,domingo,20:00:00,PE,101,50,ABREU E LIMA,Não guardar distância de segurança,Colisão traseira,Sem Vítimas,Plena Noite,Crescente,Céu Claro,Múltipla,Reta,Sim,2,0,0,0,2,0,0,2,"-7,90938602","-34,90123228",SPRF-PE,DEL01-PE,UOP02-DEL01-PE
232613,2019-09-01,domingo,21:30:00,PE,101,"73,4",RECIFE,Velocidade Incompatível,Colisão traseira,Com Vítimas Feridas,Plena Noite,Decrescente,Chuva,Múltipla,Curva,Não,2,0,1,0,1,0,1,2,"-8,093369","-34,947464",SPRF-PE,DEL01-PE,UOP01-DEL01-PE
232634,2019-08-08,quinta-feira,20:00:00,PE,408,91,SAO LOURENCO DA MATA,Defeito Mecânico no Veículo,Incêndio,Sem Vítimas,Plena Noite,Decrescente,Nublado,Dupla,Reta,Não,1,0,0,0,1,0,0,1,"-7,99473192","-35,07007592",SPRF-PE,DEL01-PE,UOP01-DEL01-PE
232657,2019-09-02,segunda-feira,06:30:00,PE,101,85,JABOATAO DOS GUARARAPES,Falta de Atenção à Condução,Tombamento,Com Vítimas Feridas,Pleno dia,Crescente,Chuva,Múltipla,Reta,Sim,2,0,0,1,1,0,1,2,"-8,18065563","-34,95965322",SPRF-PE,DEL01-PE,UOP03-DEL01-PE
232660,2019-09-01,domingo,19:00:00,PE,316,"21,7",ARARIPINA,Ingestão de Álcool,Colisão frontal,Com Vítimas Feridas,Plena Noite,Decrescente,Ignorado,Simples,Reta,Sim,3,0,0,2,1,0,2,2,"-7,56839315","-40,52717307",SPRF-PE,DEL05-PE,UOP02-DEL05-PE
232740,2019-09-02,segunda-feira,10:20:00,PE,101,132,ESCADA,Mal Súbito,Capotamento,Com Vítimas Feridas,Pleno dia,Decrescente,Chuva,Dupla,Curva,Não,1,0,1,0,0,0,1,1,"-8,40468469","-35,27017723",SPRF-PE,DEL01-PE,UOP03-DEL01-PE
232823,2019-09-02,segunda-feira,18:00:00,PE,232,"58,5",POMBOS,Restrição de Visibilidade,Atropelamento de Pedestre,Com Vítimas Fatais,Plena Noite,Decrescente,Nublado,Dupla,Declive,Sim,2,1,0,0,1,0,0,2,"-8,14462866","-35,39034714",SPRF-PE,DEL01-PE,UOP02-DEL02PE
232839,2019-09-02,segunda-feira,18:30:00,PE,232,"4,5",RECIFE,Não guardar distância de segurança,Engavetamento,Com Vítimas Feridas,Plena Noite,Crescente,Céu Claro,Dupla,Viaduto,Não,4,0,1,0,3,0,1,3,"-8,064473","-34,936928",SPRF-PE,DEL01-PE,UOP01-DEL01-PE
232852,2019-09-02,segunda-feira,18:40:00,PE,423,"71,2",JUPI,Ingestão de Álcool,Colisão traseira,Com Vítimas Feridas,Plena Noite,Decrescente,Nublado,Simples,Aclive;Reta                   ,Não,3,0,0,1,1,1,1,2,"-8,69250589","-36,41166726",SPRF-PE,DEL03-PE,UOP01-DEL03-PE
232855,2019-09-02,segunda-feira,21:25:00,PE,428,"191,8",PETROLINA,Desobediência às normas de trânsito pelo condutor,Colisão traseira,Sem Vítimas,Plena Noite,Crescente,Céu Claro,Simples,Reta,Não,2,0,0,0,2,0,0,2,"-9,37766429","-40,50269795",SPRF-PE,DEL06-PE,UOP01-DEL06-PE
232917,2019-08-02,sexta-feira,21:25:00,PE,101,"45,3",IGARASSU,Falta de Atenção do Pedestre,Atropelamento de Pedestre,Com Vítimas Fatais,Plena Noite,Decrescente,Nublado,Múltipla,Reta,Sim,2,1,0,0,1,0,0,2,"-7,86521297","-34,90715176",SPRF-PE,DEL01-PE,UOP02-DEL01-PE
232918,2019-08-26,segunda-feira,19:05:00,PE,101,"41,5",IGARASSU,Falta de Atenção à Condução,Colisão traseira,Com Vítimas Feridas,Plena Noite,Decrescente,Nublado,Dupla,Declive;Curva                 ,Sim,4,0,3,0,1,0,3,3,"-7,83038346","-34,91426785",SPRF-PE,DEL01-PE,UOP02-DEL01-PE
232949,2019-09-03,terça-feira,12:20:00,PE,232,13,JABOATAO DOS GUARARAPES,Desobediência às normas de trânsito pelo condutor,Saída de leito carroçável,Com Vítimas Feridas,Pleno dia,Decrescente,Céu Claro,Dupla,Reta,Sim,1,0,1,0,0,0,1,1,"-8,08831567","-35,01203806",SPRF-PE,DEL01-PE,UOP01-DEL01-PE
232952,2019-09-03,terça-feira,12:25:00,PE,101,61,RECIFE,Falta de Atenção do Pedestre,Atropelamento de Pedestre,Com Vítimas Feridas,Pleno dia,Decrescente,Nublado,Dupla,Reta,Sim,2,0,0,1,1,0,1,2,"-7,99097103","-34,93598295",SPRF-PE,DEL01-PE,UOP02-DEL01-PE
232962,2019-08-17,sábado,09:10:00,PE,408,"61,8",CARPINA,Desobediência às normas de trânsito pelo condutor,Colisão transversal,Com Vítimas Feridas,Pleno dia,Decrescente,Sol,Simples,Curva,Não,3,0,2,0,1,0,2,2,"-7,834247","-35,244434",SPRF-PE,DEL01-PE,UOP01-DEL01-PE