id,data_inversa,dia_semana,horario,uf,br,km,municipio,causa_acidente,tipo_acidente,classificacao_acidente,fase_dia,sentido_via,condicao_metereologica,tipo_pista,tracado_via,uso_solo,pessoas,mortos,feridos_leves,feridos_graves,ilesos,ignorados,feridos,veiculos,latitude,longitude,regional,delegacia,uop
232966,2019-09-03,terça-feira,15:00:00,PE,101,51,ABREU E LIMA,Falta de Atenção à Condução,Colisão traseira,Com Vítimas Feridas,Pleno dia,Decrescente,Céu Claro,Múltipla,Reta,Sim,3,0,1,0,2,0,1,3,"-7,9169968","-34,89689272",SPRF-PE,DEL01-PE,UOP02-DEL01-PE
233034,2019-09-03,terça-feira,21:00:00,PE,232,"32,1",MORENO,Falta de Atenção à Condução,Saída de leito carroçável,Com Vítimas Feridas,Plena Noite,Crescente,Céu Claro,Dupla,Curva,Não,1,0,0,1,0,0,1,1,"-8,1051975","-35,16744554",SPRF-PE,DEL01-PE,UOP02-DEL02PE
233060,2019-09-04,quarta-feira,05:00:00,PE,232,"174,8",BELO JARDIM,Falta de Atenção à Condução,Colisão frontal,Com Vítimas Fatais,Amanhecer,Decrescente,Chuva,Simples,Reta,Não,2,1,0,1,0,0,1,2,"-8,3397857","-36,37821402",SPRF-PE,DEL02-PE,UOP03-DEL02-PE
233083,2019-09-04,quarta-feira,08:00:00,PE,101,46,IGARASSU,Desobediência às normas de trânsito pelo condutor,Colisão lateral,Com Vítimas Feridas,Pleno dia,Crescente,Chuva,Dupla,Retorno Regulamentado,Sim,2,0,1,0,1,0,1,2,"-7,87406004","-34,90588126",SPRF-PE,DEL01-PE,UOP02-DEL01-PE
233165,2019-09-04,quarta-feira,17:40:00,PE,408,"99,4",SAO LOURENCO DA MATA,Velocidade Incompatível,Capotamento,Com Vítimas Feridas,Anoitecer,Crescente,Chuva,Dupla,Reta;Aclive                   ,Não,1,0,1,0,0,0,1,1,"-8,03598572","-35,03218461",SPRF-PE,DEL01-PE,UOP01-DEL01-PE
233190,2019-09-04,quarta-feira,20:10:00,PE,116,24,SALGUEIRO,Falta de Atenção à Condução,Atropelamento de Pedestre,Com Vítimas Feridas,Plena Noite,Crescente,Céu Claro,Simples,Reta,Sim,2,0,1,0,0,1,1,2,"-8,052562","-39,13718",SPRF-PE,DEL05-PE,UOP01-DEL05-PE
233232,2019-09-05,quinta-feira,02:40:00,PE,424,"36,2",VENTUROSA,Falta de Atenção do Pedestre,Atropelamento de Pedestre,Com Vítimas Fatais,Plena Noite,Crescente,Céu Claro,Simples,Reta,Não,2,1,0,1,0,0,1,2,"-8,62431422","-36,84576141",SPRF-PE,DEL03-PE,UOP02-DEL03-PE
233377,2019-09-05,quinta-feira,18:10:00,PE,316,"82,6",OURICURI,Desobediência às normas de trânsito pelo condutor,Colisão com objeto em movimento,Com Vítimas Feridas,Plena Noite,Decrescente,Ignorado,Simples,Reta,Sim,5,0,2,2,1,0,4,4,"-7,8712915","-40,09366321",SPRF-PE,DEL05-PE,UOP02-DEL05-PE
233424,2019-09-05,quinta-feira,22:30:00,PE,232,"79,1",GRAVATA,Defeito Mecânico no Veículo,Colisão com objeto estático,Sem Vítimas,Plena Noite,Crescente,Chuva,Simples,Aclive;Curva                  ,Sim,1,0,0,0,1,0,0,1,"-8,19460572","-35,56074803",SPRF-PE,DEL01-PE,UOP02-DEL02PE
233436,2019-09-06,sexta-feira,00:00:00,PE,101,"192,5",PALMARES,Ingestão de Álcool,Atropelamento de Pedestre,Com Vítimas Feridas,Plena Noite,Crescente,Chuva,Dupla,Reta,Não,2,0,0,1,0,1,1,2,"-8,71282291","-35,60955915",SPRF-PE,DEL01-PE,UOP03-DEL01-PE
233526,2019-09-06,sexta-feira,13:00:00,PE,232,54,POMBOS,Defeito Mecânico no Veículo,Incêndio,Sem Vítimas,Pleno dia,Crescente,Céu Claro,Dupla,Reta,Não,1,0,0,0,0,1,0,1,"-8,12919504","-35,35716398",SPRF-PE,DEL01-PE,UOP02-DEL02PE
233579,2019-09-06,sexta-feira,12:00:00,PE,110,"125,7",IBIMIRIM,Ultrapassagem Indevida,Colisão frontal,Com Vítimas Fatais,Pleno dia,Crescente,Céu Claro,Simples,Reta,Não,3,1,1,1,0,0,2,2,"-8,47164298","-37,50712901",SPRF-PE,DEL03-PE,UOP02-DEL03-PE
233723,2019-09-07,sábado,02:00:00,PE,232,103,BEZERROS,Animais na Pista,Colisão com objeto estático,Com Vítimas Feridas,Plena Noite,Crescente,Céu Claro,Dupla,Reta,Sim,4,0,4,0,0,0,4,1,"-8,25219029","-35,76584983",SPRF-PE,DEL02-PE,UOP03-DEL02-PE
233736,2019-09-07,sábado,03:10:00,PE,232,"410,7",SERRA TALHADA,Desobediência às normas de trânsito pelo condutor,Colisão traseira,Com Vítimas Feridas,Plena Noite,Crescente,Céu Claro,Simples,Reta,Sim,2,0,0,2,0,0,2,2,"-7,98261841","-38,30039606",SPRF-PE,DEL04-PE,UOP01-DEL04-PE
233813,2019-09-06,sexta-feira,20:30:00,PE,232,"91,1",SAIRE,Falta de Atenção à Condução,Colisão com objeto estático,Sem Vítimas,Pleno dia,Decrescente,Céu Claro,Dupla,Reta,Sim,1,0,0,0,0,1,0,1,"-8,21834835","-35,66463196",SPRF-PE,DEL01-PE,UOP02-DEL02PE
233828,2019-09-07,sábado,11:30:00,PE,232,9,JABOATAO DOS GUARARAPES,Não guardar distância de segurança,Colisão traseira,Sem Vítimas,Pleno dia,Crescente,Céu Claro,Simples,Reta,Sim,3,0,0,0,3,0,0,3,"-8,07764447","-34,97863609",SPRF-PE,DEL01-PE,UOP01-DEL01-PE
233930,2019-09-07,sábado,22:00:00,PE,101,129,ESCADA,Animais na Pista,Atropelamento de Animal,Sem Vítimas,Plena Noite,Decrescente,Nublado,Múltipla,Reta,Não,1,0,0,0,0,1,0,1,"-8,38595","-35,250695",SPRF-PE,DEL01-PE,UOP03-DEL01-PE
233941,2019-09-07,sábado,23:20:00,PE,232,"253,8",ARCOVERDE,Falta de Atenção à Condução,Atropelamento de Pedestre,Com Vítimas Fatais,Plena Noite,Decrescente,Céu Claro,Simples,Reta,Não,2,1,0,0,1,0,0,2,"-8,42522112","-37,07235809",SPRF-PE,DEL03-PE,UOP02-DEL03-PE
233948,2019-09-07,sábado,22:30:00,PE,101,167,AGUA PRETA,Defeito Mecânico no Veículo,Incêndio,Sem Vítimas,Plena Noite,Decrescente,Céu Claro,Dupla,Reta,Não,1,0,0,0,0,1,0,1,"-8,56679186","-35,47528312",SPRF-PE,DEL01-PE,UOP03-DEL01-PE
233954,2019-09-08,domingo,00:20:00,PE,101,"125,5",ESCADA,Falta de Atenção à Condução,Colisão com objeto estático,Com Vítimas Feridas,Plena Noite,Crescente,Chuva,Dupla,Reta,Não,1,0,1,0,0,0,1,1,"-8,36501587","-35,22142966",SPRF-PE,DEL01-PE,UOP03-DEL01-PE
233969,2019-09-08,domingo,00:30:00,PE,316,"10,9",ARARIPINA,Falta de Atenção do Pedestre,Atropelamento de Pedestre,Com Vítimas Fatais,Plena Noite,Decrescente,Céu Claro,Simples,Reta,Sim,2,1,0,0,0,1,0,2,"-7,495974","-40,584752",SPRF-PE,DEL05-PE,UOP02-DEL05-PE
233978,2019-09-08,domingo,00:05:00,PE,424,92,GARANHUNS,Ingestão de Álcool,Saída de leito carroçável,Sem Vítimas,Plena Noite,Crescente,Nublado,Simples,Rotatória,Sim,1,0,0,0,1,0,0,1,"-8,9114249","-36,49444397",SPRF-PE,DEL03-PE,UOP01-DEL03-PE
234030,2019-09-08,domingo,08:15:00,PE,232,68,GRAVATA,Restrição de Visibilidade,Queda de ocupante de veículo,Com Vítimas Feridas,Pleno dia,Crescente,Chuva,Dupla,Aclive,Não,1,0,1,0,0,0,1,1,"-8,16728938","-35,47308397",SPRF-PE,DEL01-PE,UOP02-DEL02PE
234038,2019-09-08,domingo,09:00:00,PE,104,"72,1",CARUARU,Falta de Atenção à Condução,Saída de leito carroçável,Com Vítimas Feridas,Pleno dia,Decrescente,Nublado,Simples,Curva,Não,1,0,0,1,0,0,1,1,"-8,332917","-35,981609",SPRF-PE,DEL02-PE,UOP01-DEL02-PE
234073,2019-09-08,domingo,12:00:00,PE,232,"163,7",TACAIMBO,Falta de Atenção à Condução,Colisão frontal,Com Vítimas Feridas,Pleno dia,Decrescente,Nublado,Simples,Reta,Sim,2,0,0,2,0,0,2,2,"-8,334708","-36,283802",SPRF-PE,DEL02-PE,UOP03-DEL02-PE
234081,2019-09-08,domingo,12:00:00,PE,232,29,MORENO,Falta de Atenção do Pedestre,Atropelamento de Pedestre,Com Vítimas Feridas,Pleno dia,Decrescente,Céu Claro,Dupla,Aclive,Não,3,0,1,0,1,1,1,2,"-8,111269","-35,143135",SPRF-PE,DEL01-PE,UOP02-DEL02PE
234101,2019-09-08,domingo,15:30:00,PE,101,141,RIBEIRAO,Falta de Atenção à Condução,Saída de leito carroçável,Com Vítimas Feridas,Pleno dia,Decrescente,Nublado,Dupla,Curva,Não,3,0,2,0,1,0,2,1,"-8,44013935","-35,33528377",SPRF-PE,DEL01-PE,UOP03-DEL01-PE
234217,2019-09-08,domingo,17:00:00,PE,423,94,GARANHUNS,Ingestão de Álcool,Colisão transversal,Sem Vítimas,Pleno dia,Crescente,Céu Claro,Simples,Reta,Sim,2,0,0,0,2,0,0,2,"-8,874732","-36,46946",SPRF-PE,DEL03-PE,UOP01-DEL03-PE
234228,2019-09-09,segunda-feira,00:10:00,PE,316,"303,7",FLORESTA,Desobediência às normas de trânsito pelo condutor,Colisão frontal,Com Vítimas Feridas,Plena Noite,Decrescente,Céu Claro,Simples,Ponte,Sim,3,0,1,1,0,1,2,2,"-8,60774626","-38,57879405",SPRF-PE,DEL04-PE,UOP03-DEL04-PE
234280,2019-09-09,segunda-feira,08:15:00,PE,101,121,ESCADA,Falta de Atenção à Condução,Saída de leito carroçável,Com Vítimas Feridas,Pleno dia,Crescente,Nublado,Dupla,Curva,Não,1,0,1,0,0,0,1,1,"-8,35685707","-35,18628296",SPRF-PE,DEL01-PE,UOP03-DEL01-PE
234299,2019-09-09,segunda-feira,06:15:00,PE,232,"56,8",POMBOS,Falta de Atenção à Condução,Colisão lateral,Com Vítimas Feridas,Pleno dia,Crescente,Céu Claro,Dupla,Reta,Sim,5,0,1,0,3,1,1,2,"-8,13762681","-35,37336212",SPRF-PE,DEL01-PE,UOP02-DEL02PE
234336,2019-09-09,segunda-feira,12:49:00,PE,428,190,PETROLINA,Desobediência às normas de trânsito pelo condutor,Colisão transversal,Sem Vítimas,Pleno dia,Decrescente,Céu Claro,Múltipla,Interseção de Vias,Sim,2,0,0,0,2,0,0,2,"-9,37631537","-40,49476862",SPRF-PE,DEL06-PE,UOP01-DEL06-PE
234411,2019-09-09,segunda-feira,18:30:00,PE,116,26,SALGUEIRO,Animais na Pista,Atropelamento de Animal,Com Vítimas Feridas,Plena Noite,Crescente,Céu Claro,Simples,Reta,Sim,1,0,1,0,0,0,1,1,"-8,069921","-39,13364",SPRF-PE,DEL05-PE,UOP01-DEL05-PE
234436,2019-09-09,segunda-feira,18:15:00,PE,101,"69,9",RECIFE,Falta de Atenção à Condução,Colisão traseira,Com Vítimas Feridas,Plena Noite,Crescente,Céu Claro,Dupla,Reta,Não,2,0,1,0,0,1,1,2,"-8,05951606","-34,94581024",SPRF-PE,DEL01-PE,UOP01-DEL01-PE
234445,2019-08-08,quinta-feira,09:40:00,PE,101,69,RECIFE,Falta de Atenção do Pedestre,Atropelamento de Pedestre,Com Vítimas Feridas,Pleno dia,Decrescente,Nublado,Simples,Curva;Viaduto                 ,Sim,2,0,1,0,0,1,1,2,"-8,06506254","-34,94270694",SPRF-PE,DEL01-PE,UOP01-DEL01-PE
234457,2019-09-10,terça-feira,04:30:00,PE,408,"89,5",SAO LOURENCO DA MATA,Animais na Pista,Atropelamento de Animal,Sem Vítimas,Amanhecer,Crescente,Céu Claro,Dupla,Retorno Regulamentado,Não,1,0,0,0,1,0,0,1,"-7,98149086","-35,08112279",SPRF-PE,DEL01-PE,UOP01-DEL01-PE
234472,2019-09-10,terça-feira,07:10:00,PE,101,"58,1",RECIFE,Não guardar distância de segurança,Engavetamento,Com Vítimas Feridas,Pleno dia,Crescente,Céu Claro,Dupla,Reta,Sim,4,0,1,0,3,0,1,4,"-7,97063209","-34,92064675",SPRF-PE,DEL01-PE,UOP02-DEL01-PE
234494,2019-09-10,terça-feira,09:30:00,PE,232,"408,3",SERRA TALHADA,Desobediência às normas de trânsito pelo condutor,Colisão lateral,Com Vítimas Feridas,Pleno dia,Decrescente,Céu Claro,Simples,Reta,Não,2,0,1,0,1,0,1,2,"-7,98371447","-38,28047709",SPRF-PE,DEL04-PE,UOP01-DEL04-PE
234514,2019-09-10,terça-feira,12:40:00,PE,101,"45,9",IGARASSU,Falta de Atenção à Condução,Colisão traseira,Com Vítimas Feridas,Pleno dia,Crescente,Céu Claro,Múltipla,Reta,Sim,4,0,1,0,3,0,1,3,"-7,86521297","-34,90715176",SPRF-PE,DEL01-PE,UOP02-DEL01-PE
234560,2019-09-10,terça-feira,18:00:00,PE,101,"70,2",RECIFE,Falta de Atenção à Condução,Colisão lateral,Com Vítimas Feridas,Plena Noite,Decrescente,Céu Claro,Dupla,Reta,Sim,2,0,1,0,1,0,1,2,"-8,06776119","-34,94265074",SPRF-PE,DEL01-PE,UOP01-DEL01-PE
234567,2019-09-10,terça-feira,18:50:00,PE,232,"510,4",SALGUEIRO,Falta de Atenção do Pedestre,Atropelamento de Pedestre,Com Vítimas Feridas,Plena Noite,Decrescente,Céu Claro,Simples,Reta,Sim,2,0,0,2,0,0,2,2,"-8,067472","-39,13817",SPRF-PE,DEL05-PE,UOP01-DEL05-PE
234587,2019-09-10,terça-feira,18:00:00,PE,232,"258,1",ARCOVERDE,Animais na Pista,Atropelamento de Animal,Com Vítimas Feridas,Plena Noite,Crescente,Céu Claro,Simples,Reta,Não,1,0,0,1,0,0,1,1,"-8,40763741","-37,11127205",SPRF-PE,DEL03-PE,UOP02-DEL03-PE
234655,2019-09-11,quarta-feira,06:30:00,PE,408,"59,2",TRACUNHAEM,Desobediência às normas de trânsito pelo condutor,Colisão lateral,Com Vítimas Feridas,Pleno dia,Decrescente,Sol,Simples,Reta,Sim,2,0,0,1,0,1,1,2,"-7,80575494","-35,24395484",SPRF-PE,DEL01-PE,UOP01-DEL01-PE
234660,2019-09-11,quarta-feira,08:00:00,PE,101,82,JABOATAO DOS GUARARAPES,Pista Escorregadia,Engavetamento,Sem Vítimas,Pleno dia,Crescente,Céu Claro,Dupla,Ponte,Sim,3,0,0,0,3,0,0,3,"-8,168383","-34,9376",SPRF-PE,DEL01-PE,UOP03-DEL01-PE
234697,2019-09-11,quarta-feira,08:00:00,PE,428,"191,9",PETROLINA,Ingestão de Substâncias Psicoativas,Colisão com objeto estático,Sem Vítimas,Pleno dia,Crescente,Sol,Dupla,Reta,Sim,1,0,0,0,1,0,0,1,"-9,38551983","-40,52209681",SPRF-PE,DEL06-PE,UOP01-DEL06-PE
234759,2019-09-11,quarta-feira,18:00:00,PE,101,"57,9",RECIFE,Falta de Atenção à Condução,Colisão traseira,Com Vítimas Feridas,Plena Noite,Decrescente,Nublado,Dupla,Reta,Não,3,0,1,0,2,0,1,3,"-7,96346213","-34,91513486",SPRF-PE,DEL01-PE,UOP02-DEL01-PE
234847,2019-07-22,segunda-feira,01:10:00,PE,232,"164,7",TACAIMBO,Falta de Atenção à Condução,Colisão frontal,Com Vítimas Fatais,Plena Noite,Crescente,Nublado,Simples,Reta,Não,2,1,1,0,0,0,1,2,"-8,33555885","-36,28935202",SPRF-PE,DEL02-PE,UOP03-DEL02-PE
234851,2019-09-12,quinta-feira,08:45:00,PE,408,105,RECIFE,Falta de Atenção à Condução,Colisão traseira,Com Vítimas Feridas,Pleno dia,Decrescente,Céu Claro,Dupla,Curva,Sim,4,0,2,0,2,0,2,2,"-8,08083116","-34,99090439",SPRF-PE,DEL01-PE,UOP01-DEL01-PE
234932,2019-09-12,quinta-feira,15:40:00,PE,104,"91,8",AGRESTINA,Ultrapassagem Indevida,Colisão com objeto estático,Com Vítimas Feridas,Pleno dia,Crescente,Céu Claro,Simples,Ponte,Não,1,0,0,1,0,0,1,1,"-8,49410454","-35,94760895",SPRF-PE,DEL02-PE,UOP01-DEL02-PE
234970,2019-09-12,quinta-feira,18:40:00,PE,104,"77,9",CARUARU,Ingestão de Álcool,Colisão frontal,Sem Vítimas,Plena Noite,Decrescente,Nublado,Simples,Curva;Aclive                  ,Não,2,0,0,0,2,0,0,2,"-8,38568575","-35,98191977",SPRF-PE,DEL02-PE,UOP01-DEL02-PE
235043,2019-09-13,sexta-feira,06:25:00,PE,101,78,JABOATAO DOS GUARARAPES,Falta de Atenção à Condução,Colisão frontal,Com Vítimas Feridas,Pleno dia,Crescente,Céu Claro,Dupla,Reta,Sim,2,0,1,0,1,0,1,2,"-8,13496499","-34,94738614",SPRF-PE,DEL01-PE,UOP01-DEL01-PE
235059,2019-09-13,sexta-feira,07:10:00,PE,424,"89,6",GARANHUNS,Velocidade Incompatível,Colisão lateral,Com Vítimas Fatais,Pleno dia,Crescente,Céu Claro,Simples,Aclive,Sim,2,1,1,0,0,0,1,2,"-8,89138375","-36,50571483",SPRF-PE,DEL03-PE,UOP01-DEL03-PE
235060,2019-09-13,sexta-feira,08:00:00,PE,101,"64,8",RECIFE,Não guardar distância de segurança,Colisão traseira,Com Vítimas Feridas,Pleno dia,Crescente,Céu Claro,Dupla,Reta,Sim,2,0,0,1,1,0,1,2,"-8,0162921","-34,94045886",SPRF-PE,DEL01-PE,UOP01-DEL01-PE
235099,2019-09-09,segunda-feira,21:07:00,PE,232,72,GRAVATA,Agressão Externa,Saída de leito carroçável,Com Vítimas Feridas,Plena Noite,Crescente,Céu Claro,Dupla,Reta,Sim,1,0,1,0,0,0,1,1,"-8,18747509","-35,50179899",SPRF-PE,DEL01-PE,UOP02-DEL02PE
235129,2019-09-13,sexta-feira,13:30:00,PE,232,"9,6",JABOATAO DOS GUARARAPES,Ultrapassagem Indevida,Colisão lateral,Com Vítimas Feridas,Pleno dia,Decrescente,Céu Claro,Dupla,Reta,Sim,4,0,1,0,3,0,1,3,"-8,07764447","-34,97863609",SPRF-PE,DEL01-PE,UOP01-DEL01-PE
235189,2019-09-13,sexta-feira,19:30:00,PE,408,"103,3",RECIFE,Falta de Atenção à Condução,Colisão traseira,Com Vítimas Feridas,Plena Noite,Crescente,Céu Claro,Dupla,Reta,Não,3,0,1,0,1,1,1,2,"-8,05746154","-34,99468175",SPRF-PE,DEL01-PE,UOP01-DEL01-PE
235221,2019-09-13,sexta-feira,21:30:00,PE,101,56,RECIFE,Falta de Atenção à Condução,Colisão transversal,Sem Vítimas,Plena Noite,Decrescente,Céu Claro,Dupla,Retorno Regulamentado;Reta    ,Sim,2,0,0,0,2,0,0,2,"-7,96401627","-34,91572022",SPRF-PE,DEL01-PE,UOP02-DEL01-PE
235225,2019-07-23,terça-feira,13:30:00,PE,408,"99,3",SAO LOURENCO DA MATA,Pista Escorregadia,Saída de leito carroçável,Com Vítimas Fatais,Pleno dia,Crescente,Chuva,Dupla,Reta,Não,3,1,1,0,1,0,1,1,"-8,04133634","-35,02531212",SPRF-PE,DEL01-PE,UOP01-DEL01-PE
235229,2019-09-13,sexta-feira,23:05:00,PE,104,"65,7",CARUARU,Falta de Atenção à Condução,Colisão transversal,Com Vítimas Feridas,Plena Noite,Crescente,Nublado,Dupla,Viaduto,Sim,2,0,1,0,1,0,1,2,"-8,2823","-35,98164",SPRF-PE,DEL02-PE,UOP01-DEL02-PE
235233,2019-09-13,sexta-feira,22:40:00,PE,101,85,JABOATAO DOS GUARARAPES,Desobediência às normas de trânsito pelo condutor,Colisão transversal,Sem Vítimas,Plena Noite,Crescente,Nublado,Simples,Reta,Sim,3,0,0,0,3,0,0,2,"-8,18906978","-34,95432258",SPRF-PE,DEL01-PE,UOP03-DEL01-PE
235249,2019-09-14,sábado,00:30:00,PE,232,"68,3",GRAVATA,Condutor Dormindo,Colisão com objeto estático,Com Vítimas Feridas,Plena Noite,Crescente,Nublado,Dupla,Reta,Não,2,0,1,0,1,0,1,1,"-8,16728938","-35,47308397",SPRF-PE,DEL01-PE,UOP02-DEL02PE
235271,2019-09-14,sábado,06:35:00,PE,101,"48,5",ABREU E LIMA,Falta de Atenção à Condução,Colisão transversal,Com Vítimas Feridas,Pleno dia,Decrescente,Céu Claro,Múltipla,Reta,Sim,2,0,1,0,1,0,1,2,"-7,9005152","-34,90180641",SPRF-PE,DEL01-PE,UOP02-DEL01-PE
235331,2019-09-14,sábado,12:25:00,PE,423,"91,8",GARANHUNS,Objeto estático sobre o leito carroçável,Colisão com objeto estático,Com Vítimas Feridas,Pleno dia,Decrescente,Céu Claro,Simples,Reta,Sim,2,0,1,0,1,0,1,2,"-8,860162","-36,46437",SPRF-PE,DEL03-PE,UOP01-DEL03-PE
235359,2019-09-14,sábado,15:27:00,PE,101,65,RECIFE,Falta de Atenção à Condução,Colisão traseira,Com Vítimas Feridas,Pleno dia,Decrescente,Céu Claro,Dupla,Reta,Sim,5,0,4,0,1,0,4,2,"-8,02478597","-34,94276635",SPRF-PE,DEL01-PE,UOP01-DEL01-PE
235361,2019-09-14,sábado,16:00:00,PE,232,"113,9",BEZERROS,Velocidade Incompatível,Saída de leito carroçável,Com Vítimas Feridas,Pleno dia,Crescente,Sol,Dupla,Reta,Sim,3,0,1,0,2,0,1,1,"-8,29906533","-35,8402169",SPRF-PE,DEL02-PE,UOP03-DEL02-PE
235377,2019-09-14,sábado,15:30:00,PE,232,335,CUSTODIA,Falta de Atenção à Condução,Colisão transversal,Com Vítimas Feridas,Pleno dia,Crescente,Céu Claro,Simples,Reta,Não,3,0,0,2,0,1,2,2,"-8,0843408","-37,64570494",SPRF-PE,DEL03-PE,UOP02-DEL03-PE
235378,2019-09-14,sábado,16:30:00,PE,423,"69,3",JUPI,Falta de Atenção à Condução,Colisão frontal,Com Vítimas Feridas,Pleno dia,Crescente,Céu Claro,Simples,Reta,Não,2,0,0,1,1,0,1,2,"-8,67648714","-36,40182687",SPRF-PE,DEL03-PE,UOP01-DEL03-PE
235390,2019-09-14,sábado,18:15:00,PE,316,"33,7",ARARIPINA,Ingestão de Álcool,Colisão lateral,Com Vítimas Feridas,Anoitecer,Crescente,Céu Claro,Simples,Reta,Não,5,0,2,0,2,1,2,2,"-7,63446174","-40,44091289",SPRF-PE,DEL05-PE,UOP02-DEL05-PE
235394,2019-09-14,sábado,19:10:00,PE,232,"51,4",VITORIA DE SANTO ANTAO,Ultrapassagem Indevida,Capotamento,Sem Vítimas,Plena Noite,Crescente,Céu Claro,Dupla,Reta,Sim,3,0,0,0,2,1,0,2,"-8,13823439","-35,33196918",SPRF-PE,DEL01-PE,UOP02-DEL02PE
235409,2019-09-14,sábado,19:20:00,PE,428,"185,8",PETROLINA,Falta de Atenção à Condução,Colisão transversal,Sem Vítimas,Plena Noite,Decrescente,Céu Claro,Simples,Interseção de Vias,Sim,2,0,0,0,2,0,0,2,"-9,35763147","-40,47927618",SPRF-PE,DEL06-PE,UOP01-DEL06-PE
235416,2019-09-14,sábado,20:30:00,PE,232,212,PESQUEIRA,Falta de Atenção à Condução,Colisão frontal,Com Vítimas Fatais,Plena Noite,Crescente,Céu Claro,Simples,Reta,Sim,3,1,0,2,0,0,2,2,"-8,37328104","-36,71376998",SPRF-PE,DEL02-PE,UOP03-DEL02-PE
235418,2019-09-14,sábado,19:00:00,PE,232,"409,3",SERRA TALHADA,Falta de Atenção do Pedestre,Atropelamento de Pedestre,Com Vítimas Feridas,Plena Noite,Crescente,Céu Claro,Simples,Reta,Sim,2,0,0,1,1,0,1,2,"-7,981944","-38,289467",SPRF-PE,DEL04-PE,UOP01-DEL04-PE
235421,2019-09-14,sábado,21:00:00,PE,232,18,JABOATAO DOS GUARARAPES,Animais na Pista,Atropelamento de Animal,Com Vítimas Feridas,Plena Noite,Decrescente,Nublado,Dupla,Reta,Não,1,0,1,0,0,0,1,1,"-8,09696393","-35,054484",SPRF-PE,DEL01-PE,UOP01-DEL01-PE
235441,2019-09-14,sábado,21:25:00,PE,424,"70,8",CAETES,Ingestão de Álcool,Colisão frontal,Com Vítimas Fatais,Plena Noite,Crescente,Céu Claro,Simples,Reta;Aclive                   ,Não,4,1,0,1,2,0,1,3,"-8,77912908","-36,62060205",SPRF-PE,DEL03-PE,UOP01-DEL03-PE
235469,2019-09-15,domingo,01:40:00,PE,408,85,PAUDALHO,Defeito Mecânico no Veículo,Incêndio,Sem Vítimas,Plena Noite,Crescente,Céu Claro,Dupla,Reta,Não,1,0,0,0,1,0,0,1,"-7,95430093","-35,10252793",SPRF-PE,DEL01-PE,UOP01-DEL01-PE
235499,2019-09-14,sábado,15:40:00,PE,101,53,ABREU E LIMA,Defeito Mecânico no Veículo,Saída de leito carroçável,Com Vítimas Feridas,Pleno dia,Decrescente,Céu Claro,Dupla,Curva,Sim,2,0,2,0,0,0,2,1,"-7,93124094","-34,90068606",SPRF-PE,DEL01-PE,UOP02-DEL01-PE
235539,2019-09-15,domingo,08:30:00,PE,407,"12,1",AFRANIO,Ingestão de Álcool,Colisão com objeto estático,Com Vítimas Fatais,Pleno dia,Crescente,Sol,Simples,Reta,Não,1,1,0,0,0,0,0,1,"-8,52683813","-41,00467437",SPRF-PE,DEL06-PE,UOP02-DEL06-PE
235572,2019-09-15,domingo,13:45:00,PE,408,77,PAUDALHO,Falta de Atenção à Condução,Saída de leito carroçável,Sem Vítimas,Pleno dia,Decrescente,Sol,Dupla,Reta,Sim,1,0,0,0,0,1,0,1,"-7,919003","-35,162964",SPRF-PE,DEL01-PE,UOP01-DEL01-PE
235591,2019-09-15,domingo,15:30:00,PE,101,69,RECIFE,Falta de Atenção à Condução,Colisão traseira,Com Vítimas Feridas,Pleno dia,Crescente,Céu Claro,Simples,Reta,Não,3,0,1,0,1,1,1,2,"-8,05951606","-34,94581024",SPRF-PE,DEL01-PE,UOP01-DEL01-PE
235607,2019-09-15,domingo,16:30:00,PE,424,70,CAETES,Falta de Atenção à Condução,Colisão traseira,Com Vítimas Feridas,Pleno dia,Crescente,Céu Claro,Simples,Reta,Sim,7,0,1,0,6,0,1,2,"-8,77912908","-36,62060205",SPRF-PE,DEL03-PE,UOP01-DEL03-PE
235630,2019-09-15,domingo,17:40:00,PE,232,"79,8",GRAVATA,Ingestão de Álcool,Queda de ocupante de veículo,Com Vítimas Feridas,Anoitecer,Decrescente,Céu Claro,Simples,Reta,Sim,1,0,1,0,0,0,1,1,"-8,19460572","-35,56074803",SPRF-PE,DEL01-PE,UOP02-DEL02PE
235640,2019-09-15,domingo,18:15:00,PE,101,55,PAULISTA,Ingestão de Álcool,Colisão traseira,Com Vítimas Feridas,Plena Noite,Crescente,Chuva,Dupla,Curva,Não,2,0,1,0,1,0,1,2,"-7,94806621","-34,9062148",SPRF-PE,DEL01-PE,UOP02-DEL01-PE
235731,2019-09-16,segunda-feira,02:10:00,PE,101,94,CABO DE SANTO AGOSTINHO,Velocidade Incompatível,Saída de leito carroçável,Com Vítimas Feridas,Plena Noite,Crescente,Céu Claro,Dupla,Reta,Sim,1,0,1,0,0,0,1,1,"-8,25099","-35,01426",SPRF-PE,DEL01-PE,UOP03-DEL01-PE
235845,2019-09-16,segunda-feira,08:30:00,PE,232,101,BEZERROS,Falta de Atenção à Condução,Colisão traseira,Sem Vítimas,Pleno dia,Decrescente,Céu Claro,Simples,Reta,Sim,2,0,0,0,2,0,0,2,"-8,24194679","-35,75097313",SPRF-PE,DEL01-PE,UOP02-DEL02PE
235885,2019-09-16,segunda-feira,10:30:00,PE,408,"92,4",SAO LOURENCO DA MATA,Velocidade Incompatível,Colisão com objeto estático,Com Vítimas Feridas,Pleno dia,Crescente,Céu Claro,Dupla,Reta,Não,1,0,1,0,0,0,1,1,"-8,001214","-35,05847",SPRF-PE,DEL01-PE,UOP01-DEL01-PE