id,data_inversa,dia_semana,horario,uf,br,km,municipio,causa_acidente,tipo_acidente,classificacao_acidente,fase_dia,sentido_via,condicao_metereologica,tipo_pista,tracado_via,uso_solo,pessoas,mortos,feridos_leves,feridos_graves,ilesos,ignorados,feridos,veiculos,latitude,longitude,regional,delegacia,uop
235912,2019-09-16,segunda-feira,13:25:00,PE,101,"61,9",RECIFE,Falta de Atenção à Condução,Colisão transversal,Com Vítimas Feridas,Pleno dia,Decrescente,Céu Claro,Dupla,Reta,Sim,2,0,0,1,1,0,1,2,"-7,99097103","-34,93598295",SPRF-PE,DEL01-PE,UOP02-DEL01-PE
235920,2019-09-16,segunda-feira,12:00:00,PE,116,"25,5",SALGUEIRO,Falta de Atenção à Condução,Colisão transversal,Com Vítimas Feridas,Pleno dia,Crescente,Sol,Simples,Reta,Não,3,0,2,0,1,0,2,2,"-8,061417","-39,135975",SPRF-PE,DEL05-PE,UOP01-DEL05-PE
235928,2019-09-16,segunda-feira,14:35:00,PE,101,"74,8",RECIFE,Mal Súbito,Queda de ocupante de veículo,Com Vítimas Feridas,Pleno dia,Crescente,Sol,Dupla,Reta,Sim,1,0,1,0,0,0,1,1,"-8,10146485","-34,94901577",SPRF-PE,DEL01-PE,UOP01-DEL01-PE
235966,2019-09-16,segunda-feira,18:40:00,PE,101,45,IGARASSU,Desobediência às normas de trânsito pelo condutor,Colisão transversal,Com Vítimas Feridas,Plena Noite,Crescente,Vento,Múltipla,Reta,Sim,2,0,1,0,1,0,1,2,"-7,86521297","-34,90715176",SPRF-PE,DEL01-PE,UOP02-DEL01-PE
235991,2019-09-16,segunda-feira,20:05:00,PE,232,"508,2",SALGUEIRO,Falta de Atenção à Condução,Colisão transversal,Com Vítimas Feridas,Plena Noite,Decrescente,Céu Claro,Simples,Reta,Sim,2,0,2,0,0,0,2,2,"-8,06223271","-39,12095006",SPRF-PE,DEL05-PE,UOP01-DEL05-PE
236026,2019-09-17,terça-feira,06:00:00,PE,101,"70,9",RECIFE,Velocidade Incompatível,Queda de ocupante de veículo,Com Vítimas Feridas,Pleno dia,Decrescente,Céu Claro,Dupla,Reta,Sim,1,0,1,0,0,0,1,1,"-8,06776119","-34,94265074",SPRF-PE,DEL01-PE,UOP01-DEL01-PE
236034,2019-09-17,terça-feira,06:00:00,PE,232,"496,8",VERDEJANTE,Ingestão de Álcool,Saída de leito carroçável,Com Vítimas Feridas,Pleno dia,Crescente,Céu Claro,Simples,Reta,Não,1,0,1,0,0,0,1,1,"-8,01694468","-39,02484408",SPRF-PE,DEL05-PE,UOP01-DEL05-PE
236049,2019-09-17,terça-feira,07:30:00,PE,101,"65,9",RECIFE,Falta de Atenção à Condução,Colisão lateral,Com Vítimas Feridas,Pleno dia,Crescente,Céu Claro,Múltipla,Reta,Sim,2,0,1,0,1,0,1,2,"-8,02478597","-34,94276635",SPRF-PE,DEL01-PE,UOP01-DEL01-PE
236098,2019-09-17,terça-feira,11:59:00,PE,232,79,GRAVATA,Desobediência às normas de trânsito pelo condutor,Colisão transversal,Sem Vítimas,Pleno dia,Crescente,Nublado,Simples,Rotatória,Sim,2,0,0,0,2,0,0,2,"-8,19464849","-35,56197703",SPRF-PE,DEL01-PE,UOP02-DEL02PE
236108,2019-09-17,terça-feira,13:55:00,PE,101,"40,5",IGARASSU,Falta de Atenção à Condução,Colisão transversal,Com Vítimas Feridas,Pleno dia,Decrescente,Nublado,Dupla,Reta,Sim,2,0,1,0,0,1,1,2,"-7,821475","-34,916545",SPRF-PE,DEL01-PE,UOP02-DEL01-PE
236129,2019-09-17,terça-feira,15:15:00,PE,101,70,RECIFE,Falta de Atenção à Condução,Capotamento,Com Vítimas Feridas,Pleno dia,Decrescente,Garoa/Chuvisco,Dupla,Curva,Sim,3,0,1,0,1,1,1,2,"-8,06776119","-34,94265074",SPRF-PE,DEL01-PE,UOP01-DEL01-PE
236257,2019-09-18,quarta-feira,08:15:00,PE,104,"65,6",CARUARU,Mal Súbito,Engavetamento,Com Vítimas Feridas,Pleno dia,Crescente,Nublado,Simples,Viaduto,Sim,4,0,1,0,3,0,1,4,"-8,2867","-35,9838",SPRF-PE,DEL02-PE,UOP01-DEL02-PE
236315,2019-09-18,quarta-feira,14:15:00,PE,408,93,SAO LOURENCO DA MATA,Ingestão de Álcool,Colisão traseira,Com Vítimas Feridas,Pleno dia,Crescente,Nublado,Dupla,Declive,Não,3,0,1,0,2,0,1,2,"-8,00201425","-35,05473707",SPRF-PE,DEL01-PE,UOP01-DEL01-PE
236318,2019-09-18,quarta-feira,14:30:00,PE,232,47,VITORIA DE SANTO ANTAO,Animais na Pista,Engavetamento,Sem Vítimas,Pleno dia,Decrescente,Céu Claro,Dupla,Reta,Não,4,0,0,0,4,0,0,4,"-8,13769724","-35,29733789",SPRF-PE,DEL01-PE,UOP02-DEL02PE
236343,2019-09-18,quarta-feira,17:35:00,PE,232,6,RECIFE,Falta de Atenção do Pedestre,Atropelamento de Pedestre,Com Vítimas Feridas,Anoitecer,Decrescente,Céu Claro,Dupla,Reta,Sim,3,0,2,0,1,0,2,3,"-8,07079525","-34,9535389",SPRF-PE,DEL01-PE,UOP01-DEL01-PE
236519,2019-09-04,quarta-feira,06:20:00,PE,101,55,PAULISTA,Pista Escorregadia,Saída de leito carroçável,Com Vítimas Feridas,Pleno dia,Decrescente,Garoa/Chuvisco,Dupla,Curva,Não,1,0,1,0,0,0,1,1,"-7,94806621","-34,9062148",SPRF-PE,DEL01-PE,UOP02-DEL01-PE
236520,2019-09-19,quinta-feira,16:00:00,PE,104,"65,6",CARUARU,Falta de Atenção do Pedestre,Atropelamento de Pedestre,Com Vítimas Feridas,Pleno dia,Crescente,Céu Claro,Simples,Interseção de Vias,Sim,3,0,3,0,0,0,3,2,"-8,28472169","-35,98384023",SPRF-PE,DEL02-PE,UOP01-DEL02-PE
236560,2019-09-19,quinta-feira,19:00:00,PE,424,88,GARANHUNS,Falta de Atenção à Condução,Atropelamento de Pedestre,Com Vítimas Feridas,Plena Noite,Crescente,Céu Claro,Simples,Curva,Não,2,0,0,1,1,0,1,2,"-8,88289772","-36,50848532",SPRF-PE,DEL03-PE,UOP01-DEL03-PE
236626,2019-09-20,sexta-feira,00:05:00,PE,232,"9,7",JABOATAO DOS GUARARAPES,Falta de Atenção à Condução,Colisão lateral,Sem Vítimas,Plena Noite,Crescente,Céu Claro,Dupla,Reta,Sim,2,0,0,0,2,0,0,2,"-8,07764447","-34,97863609",SPRF-PE,DEL01-PE,UOP01-DEL01-PE
236637,2019-09-20,sexta-feira,02:40:00,PE,428,"180,1",PETROLINA,Condutor Dormindo,Colisão frontal,Com Vítimas Feridas,Plena Noite,Decrescente,Céu Claro,Simples,Reta,Não,2,0,0,1,1,0,1,2,"-9,31270387","-40,45622628",SPRF-PE,DEL06-PE,UOP01-DEL06-PE
236684,2019-09-20,sexta-feira,09:00:00,PE,116,16,SALGUEIRO,Defeito Mecânico no Veículo,Tombamento,Com Vítimas Feridas,Pleno dia,Crescente,Céu Claro,Simples,Reta,Não,2,0,2,0,0,0,2,1,"-7,984905","-39,137447",SPRF-PE,DEL05-PE,UOP01-DEL05-PE
236724,2019-09-20,sexta-feira,12:15:00,PE,232,"127,1",CARUARU,Desobediência às normas de trânsito pelo condutor,Colisão traseira,Com Vítimas Feridas,Pleno dia,Crescente,Céu Claro,Simples,Reta,Sim,2,0,1,0,1,0,1,2,"-8,30610303","-35,96342301",SPRF-PE,DEL02-PE,UOP03-DEL02-PE
236763,2019-09-16,segunda-feira,04:45:00,PE,101,"110,7",CABO DE SANTO AGOSTINHO,Ingestão de Álcool,Saída de leito carroçável,Com Vítimas Feridas,Amanhecer,Crescente,Chuva,Dupla,Curva,Não,2,0,1,0,0,1,1,1,"-8,31648181","-35,10571612",SPRF-PE,DEL01-PE,UOP03-DEL01-PE
236804,2019-09-20,sexta-feira,18:40:00,PE,232,62,POMBOS,Falta de Atenção à Condução,Colisão lateral,Sem Vítimas,Plena Noite,Crescente,Nublado,Simples,Reta,Não,2,0,0,0,2,0,0,2,"-8,15598579","-35,42308007",SPRF-PE,DEL01-PE,UOP02-DEL02PE
236829,2019-09-20,sexta-feira,20:35:00,PE,101,"67,3",RECIFE,Não guardar distância de segurança,Engavetamento,Sem Vítimas,Plena Noite,Crescente,Garoa/Chuvisco,Dupla,Reta,Sim,3,0,0,0,3,0,0,3,"-8,042334","-34,943096",SPRF-PE,DEL01-PE,UOP01-DEL01-PE
236831,2019-09-20,sexta-feira,20:20:00,PE,423,"93,9",GARANHUNS,Falta de Atenção à Condução,Colisão lateral,Com Vítimas Feridas,Plena Noite,Crescente,Nublado,Simples,Reta,Sim,2,0,0,1,1,0,1,2,"-8,86972012","-36,46323792",SPRF-PE,DEL03-PE,UOP01-DEL03-PE
236850,2019-09-20,sexta-feira,18:20:00,PE,428,"190,8",PETROLINA,Ingestão de Álcool,Colisão traseira,Sem Vítimas,Plena Noite,Crescente,Céu Claro,Dupla,Retorno Regulamentado,Sim,6,0,0,0,6,0,0,3,"-9,37766429","-40,50269795",SPRF-PE,DEL06-PE,UOP01-DEL06-PE
236943,2019-07-03,quarta-feira,11:00:00,PE,232,79,GRAVATA,Falta de Atenção à Condução,Queda de ocupante de veículo,Com Vítimas Feridas,Pleno dia,Decrescente,Nublado,Simples,Rotatória,Sim,1,0,1,0,0,0,1,1,"-8,19460572","-35,56074803",SPRF-PE,DEL01-PE,UOP02-DEL02PE
236949,2019-09-21,sábado,11:15:00,PE,232,75,GRAVATA,Desobediência às normas de trânsito pelo condutor,Saída de leito carroçável,Com Vítimas Feridas,Pleno dia,Crescente,Céu Claro,Dupla,Reta,Sim,2,0,1,0,0,1,1,2,"-8,19737799","-35,525476",SPRF-PE,DEL01-PE,UOP02-DEL02PE
236976,2019-09-21,sábado,14:30:00,PE,408,63,CARPINA,Falta de Atenção à Condução,Colisão lateral,Com Vítimas Feridas,Pleno dia,Decrescente,Céu Claro,Simples,Interseção de Vias,Sim,3,0,3,0,0,0,3,2,"-7,83982046","-35,24072239",SPRF-PE,DEL01-PE,UOP01-DEL01-PE
237084,2019-09-22,domingo,01:30:00,PE,316,"81,9",OURICURI,Ingestão de Álcool,Colisão transversal,Com Vítimas Feridas,Plena Noite,Crescente,Céu Claro,Simples,Reta,Não,4,0,1,0,0,3,1,3,"-7,86751496","-40,10182598",SPRF-PE,DEL05-PE,UOP02-DEL05-PE
237113,2019-09-22,domingo,04:30:00,PE,428,"189,8",PETROLINA,Falta de Atenção à Condução,Saída de leito carroçável,Com Vítimas Fatais,Amanhecer,Decrescente,Céu Claro,Múltipla,Reta,Sim,1,1,0,0,0,0,0,1,"-9,378514","-40,506077",SPRF-PE,DEL06-PE,UOP01-DEL06-PE
237129,2019-09-22,domingo,06:20:00,PE,423,"97,2",GARANHUNS,Não guardar distância de segurança,Colisão traseira,Com Vítimas Feridas,Pleno dia,Crescente,Céu Claro,Simples,Declive,Sim,2,0,1,0,1,0,1,2,"-8,8796227","-36,49484286",SPRF-PE,DEL03-PE,UOP01-DEL03-PE
237131,2019-01-01,terça-feira,15:00:00,PE,101,"71,2",RECIFE,Não guardar distância de segurança,Colisão traseira,Com Vítimas Feridas,Pleno dia,Crescente,Nublado,Dupla,Reta,Sim,3,0,1,0,2,0,1,2,"-8,0857","-34,9457",SPRF-PE,DEL01-PE,UOP01-DEL01-PE
237173,2019-09-22,domingo,11:55:00,PE,232,8,RECIFE,Falta de Atenção à Condução,Queda de ocupante de veículo,Com Vítimas Feridas,Pleno dia,Decrescente,Céu Claro,Dupla,Reta,Sim,2,0,1,0,1,0,1,2,"-8,07303913","-34,96098518",SPRF-PE,DEL01-PE,UOP01-DEL01-PE
237180,2019-09-22,domingo,09:50:00,PE,232,"84,6",GRAVATA,Defeito Mecânico no Veículo,Incêndio,Sem Vítimas,Pleno dia,Crescente,Céu Claro,Dupla,Reta,Sim,1,0,0,0,1,0,0,1,"-8,2059894","-35,60359683",SPRF-PE,DEL01-PE,UOP02-DEL02PE
237314,2019-09-22,domingo,19:20:00,PE,101,77,RECIFE,Ingestão de Álcool,Colisão lateral,Com Vítimas Feridas,Plena Noite,Decrescente,Nublado,Dupla,Reta,Sim,4,0,0,1,1,2,1,3,"-8,126982","-34,94386",SPRF-PE,DEL01-PE,UOP01-DEL01-PE
237322,2019-09-22,domingo,19:30:00,PE,101,"42,5",IGARASSU,Falta de Atenção à Condução,Colisão traseira,Com Vítimas Feridas,Plena Noite,Decrescente,Céu Claro,Múltipla,Reta,Sim,2,0,1,0,1,0,1,2,"-7,83887431","-34,91196739",SPRF-PE,DEL01-PE,UOP02-DEL01-PE
237335,2019-09-22,domingo,19:40:00,PE,101,41,IGARASSU,Desobediência às normas de trânsito pelo condutor,Colisão transversal,Sem Vítimas,Plena Noite,Decrescente,Garoa/Chuvisco,Dupla,Reta,Sim,3,0,0,0,1,2,0,2,"-7,83038346","-34,91426785",SPRF-PE,DEL01-PE,UOP02-DEL01-PE
237405,2019-09-22,domingo,18:40:00,PE,104,"35,7",CARUARU,Ingestão de Álcool,Colisão traseira,Com Vítimas Feridas,Plena Noite,Decrescente,Céu Claro,Dupla,Reta,Não,2,0,2,0,0,0,2,2,"-8,05441744","-36,04855657",SPRF-PE,DEL02-PE,UOP01-DEL02-PE
237427,2019-09-22,domingo,21:00:00,PE,232,70,GRAVATA,Condutor Dormindo,Queda de ocupante de veículo,Com Vítimas Feridas,Plena Noite,Crescente,Céu Claro,Dupla,Retorno Regulamentado,Não,1,0,1,0,0,0,1,1,"-8,17698676","-35,48742522",SPRF-PE,DEL01-PE,UOP02-DEL02PE
237430,2019-09-22,domingo,21:30:00,PE,423,"98,2",GARANHUNS,Ingestão de Álcool,Saída de leito carroçável,Com Vítimas Feridas,Plena Noite,Decrescente,Céu Claro,Simples,Curva,Sim,1,0,0,1,0,0,1,1,"-8,87617488","-36,50363499",SPRF-PE,DEL03-PE,UOP01-DEL03-PE
237502,2019-09-23,segunda-feira,08:15:00,PE,232,"125,7",CARUARU,Condutor Dormindo,Colisão com objeto estático,Com Vítimas Feridas,Pleno dia,Crescente,Sol,Dupla,Reta,Não,1,0,1,0,0,0,1,1,"-8,30807114","-35,94580097",SPRF-PE,DEL02-PE,UOP03-DEL02-PE
237527,2019-09-23,segunda-feira,10:55:00,PE,407,129,PETROLINA,Desobediência às normas de trânsito pelo condutor,Colisão traseira,Com Vítimas Feridas,Pleno dia,Crescente,Céu Claro,Dupla,Viaduto,Sim,2,0,1,0,1,0,1,2,"-9,39958299","-40,50459298",SPRF-PE,DEL06-PE,UOP01-DEL06-PE
237653,2019-09-23,segunda-feira,21:40:00,PE,232,"175,4",BELO JARDIM,Defeito Mecânico no Veículo,Incêndio,Sem Vítimas,Plena Noite,Crescente,Céu Claro,Simples,Reta,Não,1,0,0,0,1,0,0,1,"-8,34100926","-36,38709684",SPRF-PE,DEL02-PE,UOP03-DEL02-PE
237661,2019-09-24,terça-feira,00:20:00,PE,423,88,SAO JOAO,Falta de Atenção do Pedestre,Atropelamento de Pedestre,Com Vítimas Feridas,Plena Noite,Crescente,Céu Claro,Simples,Reta,Não,2,0,0,1,1,0,1,2,"-8,82983618","-36,45245561",SPRF-PE,DEL03-PE,UOP01-DEL03-PE
237692,2019-09-24,terça-feira,08:00:00,PE,101,"48,1",ABREU E LIMA,Falta de Atenção à Condução,Colisão transversal,Com Vítimas Feridas,Pleno dia,Decrescente,Céu Claro,Múltipla,Reta,Sim,2,0,1,0,1,0,1,2,"-7,89174705","-34,9033493",SPRF-PE,DEL01-PE,UOP02-DEL01-PE
237751,2019-09-24,terça-feira,15:30:00,PE,101,48,ABREU E LIMA,Falta de Atenção à Condução,Colisão traseira,Sem Vítimas,Pleno dia,Crescente,Sol,Múltipla,Reta,Sim,3,0,0,0,2,1,0,2,"-7,89174705","-34,9033493",SPRF-PE,DEL01-PE,UOP02-DEL01-PE
237753,2019-09-24,terça-feira,16:30:00,PE,232,"32,5",MORENO,Falta de Atenção à Condução,Capotamento,Com Vítimas Feridas,Pleno dia,Decrescente,Céu Claro,Dupla,Curva,Não,2,0,2,0,0,0,2,1,"-8,10541732","-35,1665671",SPRF-PE,DEL01-PE,UOP02-DEL02PE
237845,2019-09-25,quarta-feira,06:50:00,PE,101,44,IGARASSU,Falta de Atenção à Condução,Colisão transversal,Com Vítimas Feridas,Pleno dia,Crescente,Céu Claro,Múltipla,Reta,Sim,2,0,0,1,1,0,1,2,"-7,85637001","-34,90842109",SPRF-PE,DEL01-PE,UOP02-DEL01-PE
237846,2019-09-25,quarta-feira,07:06:00,PE,408,90,SAO LOURENCO DA MATA,Não guardar distância de segurança,Colisão traseira,Com Vítimas Feridas,Pleno dia,Crescente,Céu Claro,Dupla,Reta,Não,2,0,1,0,1,0,1,2,"-7,9886528","-35,07625976",SPRF-PE,DEL01-PE,UOP01-DEL01-PE
237910,2019-08-21,quarta-feira,17:40:00,PE,407,120,PETROLINA,Desobediência às normas de trânsito pelo condutor,Colisão transversal,Com Vítimas Feridas,Plena Noite,Decrescente,Céu Claro,Simples,Reta,Sim,2,0,0,1,1,0,1,2,"-9,33807091","-40,55965785",SPRF-PE,DEL06-PE,UOP01-DEL06-PE
237981,2019-09-25,quarta-feira,19:00:00,PE,407,124,PETROLINA,Falta de Atenção à Condução,Colisão transversal,Com Vítimas Feridas,Plena Noite,Decrescente,Céu Claro,Dupla,Reta,Sim,2,0,0,1,1,0,1,2,"-9,36929881","-40,54137139",SPRF-PE,DEL06-PE,UOP01-DEL06-PE
238125,2019-09-26,quinta-feira,05:30:00,PE,101,71,RECIFE,Restrição de Visibilidade,Colisão traseira,Com Vítimas Feridas,Amanhecer,Crescente,Sol,Simples,Viaduto,Sim,2,0,1,0,1,0,1,2,"-8,07663102","-34,94277871",SPRF-PE,DEL01-PE,UOP01-DEL01-PE
238142,2019-09-26,quinta-feira,08:26:00,PE,232,"4,3",RECIFE,Condutor Dormindo,Colisão traseira,Sem Vítimas,Pleno dia,Decrescente,Sol,Dupla,Curva,Sim,2,0,0,0,2,0,0,2,"-8,064473","-34,936928",SPRF-PE,DEL01-PE,UOP01-DEL01-PE
238176,2019-09-26,quinta-feira,09:00:00,PE,101,"68,4",RECIFE,Não guardar distância de segurança,Colisão traseira,Sem Vítimas,Pleno dia,Decrescente,Sol,Múltipla,Reta,Sim,2,0,0,0,2,0,0,2,"-8,05074296","-34,94580619",SPRF-PE,DEL01-PE,UOP01-DEL01-PE
238179,2019-09-26,quinta-feira,08:30:00,PE,101,105,CABO DE SANTO AGOSTINHO,Animais na Pista,Colisão traseira,Com Vítimas Feridas,Pleno dia,Decrescente,Céu Claro,Dupla,Curva,Não,2,0,1,0,1,0,1,2,"-8,30242751","-35,06989924",SPRF-PE,DEL01-PE,UOP03-DEL01-PE
238195,2019-09-26,quinta-feira,09:50:00,PE,101,"70,7",RECIFE,Defeito Mecânico no Veículo,Incêndio,Sem Vítimas,Pleno dia,Crescente,Céu Claro,Simples,Reta,Sim,1,0,0,0,1,0,0,1,"-8,06776119","-34,94265074",SPRF-PE,DEL01-PE,UOP01-DEL01-PE
238196,2019-09-26,quinta-feira,09:50:00,PE,101,"70,7",RECIFE,Desobediência às normas de trânsito pelo condutor,Colisão transversal,Com Vítimas Feridas,Pleno dia,Crescente,Sol,Dupla,Reta,Sim,2,0,1,0,1,0,1,2,"-8,07533358","-34,93989229",SPRF-PE,DEL01-PE,UOP01-DEL01-PE
238222,2019-09-26,quinta-feira,12:30:00,PE,104,"85,6",AGRESTINA,Falta de Atenção à Condução,Colisão frontal,Com Vítimas Feridas,Pleno dia,Crescente,Céu Claro,Simples,Interseção de Vias,Sim,2,0,1,0,1,0,1,2,"-8,44344646","-35,95285627",SPRF-PE,DEL02-PE,UOP01-DEL02-PE
238293,2019-09-26,quinta-feira,18:10:00,PE,232,"408,9",SERRA TALHADA,Falta de Atenção à Condução,Atropelamento de Pedestre,Com Vítimas Feridas,Plena Noite,Decrescente,Vento,Simples,Reta,Sim,2,0,1,0,1,0,1,2,"-7,98371447","-38,28047709",SPRF-PE,DEL04-PE,UOP01-DEL04-PE
238380,2019-09-27,sexta-feira,06:20:00,PE,232,"9,2",RECIFE,Falta de Atenção à Condução,Colisão lateral,Com Vítimas Feridas,Pleno dia,Decrescente,Céu Claro,Múltipla,Reta,Sim,2,0,2,0,0,0,2,2,"-8,07764447","-34,97863609",SPRF-PE,DEL01-PE,UOP01-DEL01-PE
238396,2019-09-27,sexta-feira,08:00:00,PE,101,127,ESCADA,Falta de Atenção à Condução,Colisão transversal,Sem Vítimas,Pleno dia,Decrescente,Céu Claro,Dupla,Reta,Sim,4,0,0,0,2,2,0,2,"-8,37472564","-35,23663257",SPRF-PE,DEL01-PE,UOP03-DEL01-PE
238401,2019-09-27,sexta-feira,08:15:00,PE,232,"71,5",GRAVATA,Falta de Atenção do Pedestre,Atropelamento de Pedestre,Com Vítimas Feridas,Pleno dia,Decrescente,Céu Claro,Dupla,Reta,Sim,3,0,2,1,0,0,3,2,"-8,18344403","-35,49296599",SPRF-PE,DEL01-PE,UOP02-DEL02PE
238459,2019-09-27,sexta-feira,14:10:00,PE,101,67,RECIFE,Falta de Atenção à Condução,Colisão lateral,Com Vítimas Feridas,Pleno dia,Crescente,Céu Claro,Dupla,Rotatória,Sim,2,0,1,0,1,0,1,2,"-8,042334","-34,943096",SPRF-PE,DEL01-PE,UOP01-DEL01-PE
238511,2019-09-27,sexta-feira,17:08:00,PE,423,85,SAO JOAO,Desobediência às normas de trânsito pelo condutor,Colisão transversal,Com Vítimas Feridas,Pleno dia,Decrescente,Céu Claro,Simples,Reta,Não,2,0,0,1,1,0,1,2,"-8,80610593","-36,44168015",SPRF-PE,DEL03-PE,UOP01-DEL03-PE
238523,2019-09-27,sexta-feira,19:00:00,PE,423,98,GARANHUNS,Falta de Atenção do Pedestre,Atropelamento de Pedestre,Com Vítimas Fatais,Plena Noite,Decrescente,Céu Claro,Simples,Curva,Sim,2,1,0,0,1,0,0,2,"-8,87617488","-36,50363499",SPRF-PE,DEL03-PE,UOP01-DEL03-PE
238559,2019-09-27,sexta-feira,21:25:00,PE,232,"410,6",SERRA TALHADA,Desobediência às normas de trânsito pelo condutor,Queda de ocupante de veículo,Com Vítimas Feridas,Plena Noite,Crescente,Céu Claro,Simples,Aclive,Sim,2,0,1,1,0,0,2,1,"-7,984733","-38,275255",SPRF-PE,DEL04-PE,UOP01-DEL04-PE
238565,2019-09-27,sexta-feira,22:30:00,PE,101,"50,5",ABREU E LIMA,Ingestão de Álcool,Colisão com objeto estático,Sem Vítimas,Plena Noite,Crescente,Céu Claro,Múltipla,Reta,Sim,1,0,0,0,0,1,0,1,"-7,90938602","-34,90123228",SPRF-PE,DEL01-PE,UOP02-DEL01-PE
238620,2019-09-27,sexta-feira,17:50:00,PE,423,85,SAO JOAO,Velocidade Incompatível,Colisão lateral,Sem Vítimas,Anoitecer,Crescente,Céu Claro,Simples,Reta,Não,2,0,0,0,2,0,0,2,"-8,80610593","-36,44168015",SPRF-PE,DEL03-PE,UOP01-DEL03-PE
238654,2019-09-28,sábado,10:55:00,PE,101,70,RECIFE,Velocidade Incompatível,Saída de leito carroçável,Com Vítimas Feridas,Pleno dia,Crescente,Céu Claro,Simples,Curva,Sim,2,0,0,2,0,0,2,1,"-8,06776119","-34,94265074",SPRF-PE,DEL01-PE,UOP01-DEL01-PE
238698,2019-09-28,sábado,14:45:00,PE,423,176,AGUAS BELAS,Ingestão de Álcool,Colisão frontal,Com Vítimas Feridas,Pleno dia,Crescente,Céu Claro,Simples,Reta,Sim,2,0,2,0,0,0,2,2,"-9,13034052","-37,12054968",SPRF-AL,DEL03-AL,UOP02-DEL03-AL
238774,2019-09-28,sábado,21:10:00,PE,407,126,PETROLINA,Desobediência às normas de trânsito pelo pedestre,Colisão transversal,Com Vítimas Feridas,Plena Noite,Decrescente,Céu Claro,Dupla,Reta,Sim,3,0,1,1,0,1,2,2,"-9,38491309","-40,52809509",SPRF-PE,DEL06-PE,UOP01-DEL06-PE
238929,2019-09-29,domingo,11:00:00,PE,424,"95,1",GARANHUNS,Velocidade Incompatível,Colisão transversal,Com Vítimas Feridas,Pleno dia,Crescente,Céu Claro,Simples,Declive;Curva                 ,Não,3,0,0,1,2,0,1,2,"-8,92487901","-36,48949333",SPRF-PE,DEL03-PE,UOP01-DEL03-PE
238953,2019-09-29,domingo,16:00:00,PE,408,"96,3",SAO LOURENCO DA MATA,Avarias e/ou desgaste excessivo no pneu,Capotamento,Com Vítimas Feridas,Pleno dia,Decrescente,Céu Claro,Dupla,Reta,Não,1,0,1,0,0,0,1,1,"-8,02062","-35,041045",SPRF-PE,DEL01-PE,UOP01-DEL01-PE
238954,2019-09-29,domingo,16:00:00,PE,408,"96,3",SAO LOURENCO DA MATA,Não guardar distância de segurança,Queda de ocupante de veículo,Sem Vítimas,Pleno dia,Decrescente,Céu Claro,Dupla,Reta,Sim,1,0,0,0,1,0,0,1,"-8,02062","-35,041045",SPRF-PE,DEL01-PE,UOP01-DEL01-PE
238967,2019-09-29,domingo,16:15:00,PE,428,42,OROCO,Falta de Atenção à Condução,Colisão transversal,Com Vítimas Feridas,Pleno dia,Crescente,Sol,Simples,Interseção de Vias,Não,3,0,2,0,0,1,2,2,"-8,56625357","-39,57202435",SPRF-PE,DEL05-PE,UOP03-DEL05-PE
238991,2019-09-29,domingo,17:45:00,PE,232,76,GRAVATA,Defeito Mecânico no Veículo,Colisão com objeto em movimento,Sem Vítimas,Plena Noite,Decrescente,Céu Claro,Dupla,Reta,Não,3,0,0,0,3,0,0,2,"-8,1955352","-35,53456485",SPRF-PE,DEL01-PE,UOP02-DEL02PE
239009,2019-09-29,domingo,20:00:00,PE,424,"71,7",CAETES,Velocidade Incompatível,Colisão traseira,Com Vítimas Fatais,Plena Noite,Crescente,Céu Claro,Simples,Aclive,Não,2,1,0,0,0,1,0,2,"-8,78427532","-36,61322121",SPRF-PE,DEL03-PE,UOP01-DEL03-PE
239065,2019-09-29,domingo,22:20:00,PE,316,"82,6",OURICURI,Animais na Pista,Atropelamento de Animal,Com Vítimas Feridas,Plena Noite,Crescente,Ignorado,Simples,Reta,Não,1,0,1,0,0,0,1,1,"-7,8712915","-40,09366321",SPRF-PE,DEL05-PE,UOP02-DEL05-PE
239096,2019-09-30,segunda-feira,05:45:00,PE,104,63,CARUARU,Falta de Atenção à Condução,Colisão com objeto estático,Com Vítimas Feridas,Pleno dia,Decrescente,Céu Claro,Dupla,Reta,Sim,5,0,5,0,0,0,5,1,"-8,2698","-35,9803",SPRF-PE,DEL02-PE,UOP01-DEL02-PE
239106,2019-09-30,segunda-feira,07:05:00,PE,428,191,PETROLINA,Falta de Atenção à Condução,Colisão traseira,Com Vítimas Feridas,Pleno dia,Decrescente,Céu Claro,Dupla,Interseção de Vias,Sim,2,0,1,0,1,0,1,2,"-9,37766429","-40,50269795",SPRF-PE,DEL06-PE,UOP01-DEL06-PE
239142,2019-09-30,segunda-feira,10:00:00,PE,232,"125,9",CARUARU,Desobediência às normas de trânsito pelo pedestre,Atropelamento de Pedestre,Com Vítimas Fatais,Pleno dia,Decrescente,Sol,Dupla,Reta,Não,2,1,0,0,0,1,0,2,"-8,30807114","-35,94580097",SPRF-PE,DEL02-PE,UOP03-DEL02-PE
239151,2019-09-30,segunda-feira,11:30:00,PE,428,"191,9",PETROLINA,Falta de Atenção à Condução,Colisão traseira,Sem Vítimas,Pleno dia,Crescente,Céu Claro,Simples,Reta,Sim,2,0,0,0,2,0,0,2,"-9,37766429","-40,50269795",SPRF-PE,DEL06-PE,UOP01-DEL06-PE
239171,2019-09-30,segunda-feira,11:15:00,PE,232,152,SAO CAITANO,Condutor Dormindo,Colisão frontal,Com Vítimas Feridas,Pleno dia,Decrescente,Céu Claro,Simples,Reta,Não,3,0,0,1,2,0,1,2,"-8,32701495","-36,18101",SPRF-PE,DEL02-PE,UOP03-DEL02-PE