id,data_inversa,dia_semana,horario,uf,br,km,municipio,causa_acidente,tipo_acidente,classificacao_acidente,fase_dia,sentido_via,condicao_metereologica,tipo_pista,tracado_via,uso_solo,pessoas,mortos,feridos_leves,feridos_graves,ilesos,ignorados,feridos,veiculos,latitude,longitude,regional,delegacia,uop
242427,2019-10-14,segunda-feira,16:50:00,PE,232,"13,1",JABOATAO DOS GUARARAPES,Falta de Atenção à Condução,Tombamento,Com Vítimas Feridas,Pleno dia,Crescente,Chuva,Dupla,Reta,Não,1,0,1,0,0,0,1,1,"-8,08831567","-35,01203806",SPRF-PE,DEL01-PE,UOP01-DEL01-PE
242457,2019-10-14,segunda-feira,18:00:00,PE,232,11,JABOATAO DOS GUARARAPES,Falta de Atenção à Condução,Colisão com objeto estático,Sem Vítimas,Plena Noite,Decrescente,Chuva,Dupla,Reta,Sim,1,0,0,0,0,1,0,1,"-8,08195464","-34,99545022",SPRF-PE,DEL01-PE,UOP01-DEL01-PE
242471,2019-10-14,segunda-feira,20:40:00,PE,101,67,RECIFE,Defeito na Via,Queda de ocupante de veículo,Com Vítimas Feridas,Plena Noite,Decrescente,Chuva,Dupla,Reta,Sim,1,0,1,0,0,0,1,1,"-8,042334","-34,943096",SPRF-PE,DEL01-PE,UOP01-DEL01-PE
242474,2019-10-14,segunda-feira,20:50:00,PE,101,67,RECIFE,Defeito na Via,Queda de ocupante de veículo,Com Vítimas Feridas,Plena Noite,Decrescente,Chuva,Dupla,Reta,Não,1,0,1,0,0,0,1,1,"-8,042334","-34,943096",SPRF-PE,DEL01-PE,UOP01-DEL01-PE
242503,2019-10-14,segunda-feira,23:50:00,PE,232,"99,7",BEZERROS,Falta de Atenção do Pedestre,Atropelamento de Pedestre,Com Vítimas Feridas,Plena Noite,Crescente,Céu Claro,Simples,Reta,Sim,2,0,2,0,0,0,2,2,"-8,2367277","-35,73401605",SPRF-PE,DEL01-PE,UOP02-DEL02PE
242507,2019-10-15,terça-feira,00:40:00,PE,232,"21,5",MORENO,Falta de Atenção à Condução,Saída de leito carroçável,Sem Vítimas,Plena Noite,Decrescente,Chuva,Dupla,Reta,Não,1,0,0,0,0,1,0,1,"-8,09580234","-35,08012588",SPRF-PE,DEL01-PE,UOP02-DEL02PE
242530,2019-10-06,domingo,19:05:00,PE,101,"48,8",ABREU E LIMA,Ingestão de Álcool,Colisão traseira,Sem Vítimas,Plena Noite,Crescente,Céu Claro,Múltipla,Reta,Sim,6,0,0,0,6,0,0,2,"-7,89174705","-34,9033493",SPRF-PE,DEL01-PE,UOP02-DEL01-PE
242564,2019-10-15,terça-feira,09:20:00,PE,101,48,ABREU E LIMA,Falta de Atenção à Condução,Colisão transversal,Com Vítimas Feridas,Pleno dia,Crescente,Céu Claro,Múltipla,Reta,Sim,2,0,1,0,0,1,1,2,"-7,89174705","-34,9033493",SPRF-PE,DEL01-PE,UOP02-DEL01-PE
242625,2019-10-15,terça-feira,15:15:00,PE,101,"48,8",ABREU E LIMA,Falta de Atenção do Pedestre,Atropelamento de Pedestre,Com Vítimas Feridas,Pleno dia,Decrescente,Céu Claro,Múltipla,Reta,Sim,2,0,1,0,1,0,1,2,"-7,89174705","-34,9033493",SPRF-PE,DEL01-PE,UOP02-DEL01-PE
242637,2019-10-15,terça-feira,18:00:00,PE,101,"47,5",IGARASSU,Falta de Atenção à Condução,Colisão lateral,Com Vítimas Feridas,Plena Noite,Crescente,Céu Claro,Múltipla,Reta,Sim,3,0,3,0,0,0,3,2,"-7,88290701","-34,90461208",SPRF-PE,DEL01-PE,UOP02-DEL01-PE
242651,2019-10-15,terça-feira,17:40:00,PE,,,PETROLINA,Falta de Atenção à Condução,Colisão transversal,Com Vítimas Feridas,Anoitecer,Não Informado,Céu Claro,Simples,Reta,Sim,3,0,2,0,1,0,2,2,"-9,36400596","-40,48266808",SPRF-PE,DEL06-PE,UOP01-DEL06-PE
242811,2019-10-16,quarta-feira,15:40:00,PE,101,"48,2",ABREU E LIMA,Falta de Atenção à Condução,Colisão traseira,Com Vítimas Feridas,Pleno dia,Decrescente,Céu Claro,Múltipla,Reta,Sim,2,0,1,0,1,0,1,2,"-7,89174705","-34,9033493",SPRF-PE,DEL01-PE,UOP02-DEL01-PE
242818,2019-10-16,quarta-feira,16:40:00,PE,407,123,PETROLINA,Velocidade Incompatível,Colisão frontal,Com Vítimas Fatais,Pleno dia,Decrescente,Sol,Simples,Reta,Sim,2,1,0,0,1,0,0,2,"-9,36149178","-40,54594462",SPRF-PE,DEL06-PE,UOP01-DEL06-PE
242820,2019-10-16,quarta-feira,16:44:00,PE,101,"76,7",RECIFE,Falta de Atenção à Condução,Colisão traseira,Com Vítimas Feridas,Plena Noite,Decrescente,Nublado,Dupla,Reta,Sim,2,0,1,0,1,0,1,2,"-8,11813811","-34,94329214",SPRF-PE,DEL01-PE,UOP01-DEL01-PE
242836,2019-10-16,quarta-feira,16:35:00,PE,101,"45,6",IGARASSU,Falta de Atenção à Condução,Colisão traseira,Sem Vítimas,Pleno dia,Crescente,Céu Claro,Múltipla,Reta,Sim,2,0,0,0,2,0,0,2,"-7,86521297","-34,90715176",SPRF-PE,DEL01-PE,UOP02-DEL01-PE
242842,2019-10-16,quarta-feira,18:30:00,PE,232,331,CUSTODIA,Animais na Pista,Atropelamento de Animal,Com Vítimas Feridas,Plena Noite,Crescente,Céu Claro,Simples,Reta,Sim,1,0,0,1,0,0,1,1,"-8,08961867","-37,61486098",SPRF-PE,DEL03-PE,UOP02-DEL03-PE
242957,2019-10-17,quinta-feira,11:15:00,PE,101,100,CABO DE SANTO AGOSTINHO,Não guardar distância de segurança,Colisão traseira,Sem Vítimas,Pleno dia,Decrescente,Céu Claro,Dupla,Reta,Sim,2,0,0,0,2,0,0,2,"-8,26699309","-35,05234386",SPRF-PE,DEL01-PE,UOP03-DEL01-PE
243008,2019-10-17,quinta-feira,16:40:00,PE,232,"6,9",RECIFE,Restrição de Visibilidade,Tombamento,Com Vítimas Feridas,Anoitecer,Decrescente,Céu Claro,Dupla,Reta,Sim,2,0,1,0,1,0,1,2,"-8,07079525","-34,9535389",SPRF-PE,DEL01-PE,UOP01-DEL01-PE
243044,2019-10-17,quinta-feira,20:30:00,PE,232,47,VITORIA DE SANTO ANTAO,Falta de Atenção à Condução,Capotamento,Com Vítimas Feridas,Plena Noite,Crescente,Céu Claro,Dupla,Reta,Sim,2,0,1,0,1,0,1,2,"-8,13769724","-35,29733789",SPRF-PE,DEL01-PE,UOP02-DEL02PE
243101,2019-10-18,sexta-feira,06:30:00,PE,101,"46,9",IGARASSU,Falta de Atenção à Condução,Colisão lateral,Com Vítimas Feridas,Pleno dia,Crescente,Céu Claro,Múltipla,Reta,Sim,2,0,1,0,1,0,1,2,"-7,87406004","-34,90588126",SPRF-PE,DEL01-PE,UOP02-DEL01-PE
243140,2019-10-18,sexta-feira,09:30:00,PE,101,93,CABO DE SANTO AGOSTINHO,Falta de Atenção à Condução,Saída de leito carroçável,Com Vítimas Feridas,Pleno dia,Decrescente,Chuva,Dupla,Reta,Não,1,0,1,0,0,0,1,1,"-8,2396419","-35,00335418",SPRF-PE,DEL01-PE,UOP03-DEL01-PE
243151,2019-10-18,sexta-feira,10:20:00,PE,101,"104,1",CABO DE SANTO AGOSTINHO,Não guardar distância de segurança,Colisão traseira,Com Vítimas Feridas,Pleno dia,Decrescente,Chuva,Dupla,Reta,Sim,4,0,1,0,3,0,1,3,"-8,29739778","-35,06293971",SPRF-PE,DEL01-PE,UOP03-DEL01-PE
243157,2019-10-18,sexta-feira,09:00:00,PE,232,405,SERRA TALHADA,Restrição de Visibilidade,Colisão traseira,Sem Vítimas,Pleno dia,Decrescente,Sol,Simples,Reta,Sim,1,0,0,0,1,0,0,1,"-7,98895584","-38,25355016",SPRF-PE,DEL04-PE,UOP01-DEL04-PE
243231,2019-10-18,sexta-feira,16:20:00,PE,408,"53,6",NAZARE DA MATA,Avarias e/ou desgaste excessivo no pneu,Colisão frontal,Com Vítimas Feridas,Pleno dia,Decrescente,Chuva,Simples,Reta,Não,3,0,2,0,0,1,2,2,"-7,761161","-35,23412",SPRF-PE,DEL01-PE,UOP01-DEL01-PE
243269,2019-10-18,sexta-feira,19:50:00,PE,101,41,IGARASSU,Falta de Atenção à Condução,Colisão transversal,Com Vítimas Fatais,Plena Noite,Decrescente,Céu Claro,Simples,Reta,Sim,4,1,0,0,3,0,0,2,"-7,83038346","-34,91426785",SPRF-PE,DEL01-PE,UOP02-DEL01-PE
243275,2019-10-18,sexta-feira,20:00:00,PE,101,69,RECIFE,Falta de Atenção à Condução,Colisão traseira,Com Vítimas Feridas,Plena Noite,Decrescente,Chuva,Múltipla,Reta,Sim,2,0,1,1,0,0,2,2,"-8,05951606","-34,94581024",SPRF-PE,DEL01-PE,UOP01-DEL01-PE
243285,2019-10-18,sexta-feira,17:40:00,PE,423,"55,7",LAJEDO,Ingestão de álcool e/ou substâncias psicoativas pelo pedestre,Colisão frontal,Com Vítimas Feridas,Anoitecer,Decrescente,Nublado,Simples,Reta,Não,4,0,0,1,1,2,1,3,"-8,61537298","-36,29867707",SPRF-PE,DEL03-PE,UOP01-DEL03-PE
243348,2019-10-18,sexta-feira,23:15:00,PE,101,"49,2",ABREU E LIMA,Falta de Atenção à Condução,Colisão transversal,Com Vítimas Feridas,Plena Noite,Decrescente,Céu Claro,Simples,Reta,Sim,2,0,1,0,1,0,1,2,"-7,9005152","-34,90180641",SPRF-PE,DEL01-PE,UOP02-DEL01-PE
243394,2019-10-19,sábado,03:20:00,PE,408,97,SAO LOURENCO DA MATA,Falta de Atenção à Condução,Colisão traseira,Com Vítimas Feridas,Plena Noite,Crescente,Nublado,Dupla,Reta,Sim,2,0,1,0,0,1,1,2,"-8,02843077","-35,03684556",SPRF-PE,DEL01-PE,UOP01-DEL01-PE
243395,2019-10-19,sábado,05:30:00,PE,101,"93,3",CABO DE SANTO AGOSTINHO,Falta de Atenção à Condução,Colisão com objeto estático,Sem Vítimas,Pleno dia,Crescente,Nublado,Dupla,Reta,Não,3,0,0,0,3,0,0,3,"-8,2396419","-35,00335418",SPRF-PE,DEL01-PE,UOP03-DEL01-PE
243439,2019-10-18,sexta-feira,09:30:00,PE,232,"409,6",SERRA TALHADA,Desobediência às normas de trânsito pelo condutor,Colisão transversal,Com Vítimas Feridas,Pleno dia,Crescente,Sol,Simples,Retorno Regulamentado,Sim,3,0,0,1,2,0,1,2,"-7,981944","-38,289467",SPRF-PE,DEL04-PE,UOP01-DEL04-PE
243446,2019-10-19,sábado,09:30:00,PE,232,508,SALGUEIRO,Falta de Atenção à Condução,Colisão lateral,Com Vítimas Feridas,Pleno dia,Crescente,Céu Claro,Simples,Reta,Sim,2,0,1,0,1,0,1,2,"-8,06507217","-39,13085461",SPRF-PE,DEL05-PE,UOP01-DEL05-PE
243477,2019-10-19,sábado,13:30:00,PE,407,"115,6",PETROLINA,Desobediência às normas de trânsito pelo condutor,Colisão transversal,Com Vítimas Fatais,Pleno dia,Crescente,Céu Claro,Simples,Reta,Não,4,1,0,0,1,2,0,4,"-9,2990308","-40,58250065",SPRF-PE,DEL06-PE,UOP02-DEL06-PE
243480,2019-10-19,sábado,14:15:00,PE,408,80,PAUDALHO,Defeito Mecânico no Veículo,Colisão com objeto estático,Com Vítimas Feridas,Pleno dia,Decrescente,Céu Claro,Dupla,Reta,Sim,4,0,3,1,0,0,4,1,"-7,9310439","-35,13844295",SPRF-PE,DEL01-PE,UOP01-DEL01-PE
243501,2019-10-19,sábado,16:00:00,PE,104,"13,5",TAQUARITINGA DO NORTE,Ultrapassagem Indevida,Colisão frontal,Com Vítimas Fatais,Pleno dia,Decrescente,Céu Claro,Simples,Curva,Não,6,1,0,4,0,1,4,3,"-7,897198","-36,113335",SPRF-PE,DEL02-PE,UOP01-DEL02-PE
243511,2019-10-19,sábado,16:50:00,PE,101,54,PAULISTA,Velocidade Incompatível,Saída de leito carroçável,Com Vítimas Feridas,Anoitecer,Decrescente,Céu Claro,Múltipla,Reta,Sim,2,0,1,0,1,0,1,1,"-7,93961103","-34,90356584",SPRF-PE,DEL01-PE,UOP02-DEL01-PE
243517,2019-10-19,sábado,18:10:00,PE,428,191,PETROLINA,Desobediência às normas de trânsito pelo condutor,Colisão transversal,Com Vítimas Feridas,Plena Noite,Decrescente,Céu Claro,Dupla,Retorno Regulamentado,Sim,2,0,2,0,0,0,2,2,"-9,38191505","-40,51341534",SPRF-PE,DEL06-PE,UOP01-DEL06-PE
243566,2019-10-19,sábado,18:20:00,PE,423,"91,6",GARANHUNS,Ingestão de Álcool,Atropelamento de Pedestre,Com Vítimas Feridas,Plena Noite,Decrescente,Céu Claro,Simples,Curva,Sim,2,0,1,0,0,1,1,2,"-8,85375408","-36,46278381",SPRF-PE,DEL03-PE,UOP01-DEL03-PE
243802,2019-10-19,sábado,21:40:00,PE,104,"58,5",CARUARU,Não guardar distância de segurança,Colisão lateral,Com Vítimas Feridas,Plena Noite,Decrescente,Céu Claro,Dupla,Reta,Sim,3,0,2,0,1,0,2,2,"-8,2265","-35,9779",SPRF-PE,DEL02-PE,UOP01-DEL02-PE
243949,2019-10-20,domingo,06:15:00,PE,101,"31,8",IGARASSU,Falta de Atenção à Condução,Saída de leito carroçável,Com Vítimas Feridas,Pleno dia,Crescente,Céu Claro,Dupla,Curva,Sim,2,0,1,0,1,0,1,2,"-7,74443874","-34,93872764",SPRF-PE,DEL01-PE,UOP02-DEL01-PE
243968,2019-10-20,domingo,07:10:00,PE,104,63,CARUARU,Ingestão de Álcool,Colisão traseira,Sem Vítimas,Pleno dia,Crescente,Sol,Dupla,Reta,Sim,2,0,0,0,2,0,0,2,"-8,2698","-35,9803",SPRF-PE,DEL02-PE,UOP01-DEL02-PE
244046,2019-10-20,domingo,10:30:00,PE,428,"183,5",PETROLINA,Falta de Atenção à Condução,Colisão transversal,Com Vítimas Feridas,Pleno dia,Crescente,Céu Claro,Simples,Reta,Não,2,0,2,0,0,0,2,2,"-9,32412987","-40,46211325",SPRF-PE,DEL06-PE,UOP01-DEL06-PE
244048,2019-10-20,domingo,14:30:00,PE,232,"14,2",JABOATAO DOS GUARARAPES,Falta de Atenção à Condução,Colisão traseira,Com Vítimas Feridas,Pleno dia,Decrescente,Céu Claro,Dupla,Curva,Sim,7,0,5,1,1,0,6,2,"-8,09025488","-35,02052302",SPRF-PE,DEL01-PE,UOP01-DEL01-PE
244059,2019-10-20,domingo,15:00:00,PE,232,"24,3",MORENO,Desobediência às normas de trânsito pelo pedestre,Atropelamento de Pedestre,Com Vítimas Feridas,Pleno dia,Decrescente,Céu Claro,Dupla,Reta,Sim,3,0,0,1,1,1,1,2,"-8,10482918","-35,10351264",SPRF-PE,DEL01-PE,UOP02-DEL02PE
244083,2019-09-30,segunda-feira,07:00:00,PE,104,"14,1",TAQUARITINGA DO NORTE,Condutor Dormindo,Colisão frontal,Com Vítimas Fatais,Pleno dia,Crescente,Céu Claro,Simples,Curva,Não,7,4,1,2,0,0,3,2,"-7,90575","-36,116207",SPRF-PE,DEL02-PE,UOP01-DEL02-PE
244091,2019-10-20,domingo,17:15:00,PE,316,"62,7",TRINDADE,Falta de Atenção à Condução,Capotamento,Com Vítimas Feridas,Pleno dia,Decrescente,Céu Claro,Simples,Reta,Não,1,0,1,0,0,0,1,1,"-7,77941812","-40,24368806",SPRF-PE,DEL05-PE,UOP02-DEL05-PE
244099,2019-10-20,domingo,18:10:00,PE,424,"104,9",BREJAO,Ingestão de Álcool,Queda de ocupante de veículo,Com Vítimas Fatais,Plena Noite,Crescente,Céu Claro,Simples,Declive,Não,4,1,2,0,0,1,2,3,"-8,98516988","-36,50939867",SPRF-PE,DEL03-PE,UOP01-DEL03-PE
244101,2019-10-20,domingo,17:50:00,PE,232,"411,2",SERRA TALHADA,Falta de Atenção do Pedestre,Atropelamento de Pedestre,Com Vítimas Feridas,Anoitecer,Crescente,Chuva,Simples,Reta,Sim,2,0,0,2,0,0,2,2,"-7,97976163","-38,31087404",SPRF-PE,DEL04-PE,UOP01-DEL04-PE
244128,2019-10-20,domingo,20:00:00,PE,101,"153,3",RIBEIRAO,Velocidade Incompatível,Colisão com objeto estático,Com Vítimas Feridas,Plena Noite,Crescente,Céu Claro,Dupla,Reta,Não,2,0,0,1,1,0,1,1,"-8,51960799","-35,38997595",SPRF-PE,DEL01-PE,UOP03-DEL01-PE
244167,2019-10-20,domingo,23:30:00,PE,316,83,OURICURI,Falta de Atenção à Condução,Saída de leito carroçável,Com Vítimas Feridas,Plena Noite,Crescente,Céu Claro,Simples,Interseção de Vias,Sim,2,0,2,0,0,0,2,1,"-7,87902586","-40,07966995",SPRF-PE,DEL05-PE,UOP02-DEL05-PE
244197,2019-10-21,segunda-feira,07:20:00,PE,101,"49,5",ABREU E LIMA,Falta de Atenção à Condução,Colisão lateral,Com Vítimas Feridas,Pleno dia,Crescente,Céu Claro,Múltipla,Reta,Sim,3,0,1,0,2,0,1,2,"-7,9005152","-34,90180641",SPRF-PE,DEL01-PE,UOP02-DEL01-PE
244222,2019-09-19,quinta-feira,08:45:00,PE,407,127,PETROLINA,Desobediência às normas de trânsito pelo condutor,Colisão lateral,Com Vítimas Feridas,Pleno dia,Crescente,Céu Claro,Simples,Reta,Sim,2,0,0,1,1,0,1,2,"-9,3908678","-40,52038627",SPRF-PE,DEL06-PE,UOP01-DEL06-PE
244280,2019-10-21,segunda-feira,14:20:00,PE,101,"50,8",ABREU E LIMA,Defeito Mecânico no Veículo,Incêndio,Sem Vítimas,Pleno dia,Crescente,Céu Claro,Múltipla,Reta,Sim,1,0,0,0,1,0,0,1,"-7,90938602","-34,90123228",SPRF-PE,DEL01-PE,UOP02-DEL01-PE
244282,2019-10-21,segunda-feira,13:40:00,PE,428,"188,6",PETROLINA,Falta de Atenção à Condução,Colisão transversal,Com Vítimas Feridas,Pleno dia,Decrescente,Céu Claro,Dupla,Interseção de Vias,Sim,3,0,1,0,2,0,1,2,"-9,36400596","-40,48266808",SPRF-PE,DEL06-PE,UOP01-DEL06-PE
244286,2019-10-21,segunda-feira,13:40:00,PE,407,126,PETROLINA,Desobediência às normas de trânsito pelo condutor,Colisão transversal,Com Vítimas Feridas,Pleno dia,Decrescente,Sol,Simples,Rotatória,Sim,3,0,2,0,1,0,2,2,"-9,38727118","-40,52538872",SPRF-PE,DEL06-PE,UOP01-DEL06-PE
244288,2019-10-21,segunda-feira,14:45:00,PE,101,"55,5",PAULISTA,Não guardar distância de segurança,Queda de ocupante de veículo,Com Vítimas Feridas,Pleno dia,Crescente,Céu Claro,Dupla,Reta,Não,1,0,1,0,0,0,1,1,"-7,94806621","-34,9062148",SPRF-PE,DEL01-PE,UOP02-DEL01-PE
244300,2019-10-21,segunda-feira,15:50:00,PE,101,"91,9",CABO DE SANTO AGOSTINHO,Falta de Atenção à Condução,Colisão transversal,Com Vítimas Feridas,Pleno dia,Crescente,Céu Claro,Simples,Interseção de Vias,Sim,3,0,1,0,2,0,1,2,"-8,22399812","-34,99290474",SPRF-PE,DEL01-PE,UOP03-DEL01-PE
244412,2019-10-22,terça-feira,07:53:00,PE,232,"167,2",TACAIMBO,Defeito Mecânico no Veículo,Danos eventuais,Com Vítimas Feridas,Pleno dia,Decrescente,Céu Claro,Simples,Reta,Não,1,0,1,0,0,0,1,1,"-8,33783366","-36,30733704",SPRF-PE,DEL02-PE,UOP03-DEL02-PE
244438,2019-10-22,terça-feira,10:00:00,PE,101,83,JABOATAO DOS GUARARAPES,Falta de Atenção à Condução,Colisão transversal,Com Vítimas Feridas,Pleno dia,Crescente,Céu Claro,Múltipla,Viaduto;Reta                  ,Sim,2,0,0,1,1,0,1,2,"-8,175172","-34,942642",SPRF-PE,DEL01-PE,UOP03-DEL01-PE
244506,2019-10-22,terça-feira,18:00:00,PE,232,"408,8",SERRA TALHADA,Restrição de Visibilidade,Atropelamento de Pedestre,Com Vítimas Feridas,Plena Noite,Decrescente,Céu Claro,Simples,Reta,Sim,2,0,1,0,0,1,1,2,"-7,98263148","-38,28621626",SPRF-PE,DEL04-PE,UOP01-DEL04-PE
244548,2019-10-22,terça-feira,21:30:00,PE,407,"63,3",PETROLINA,Não guardar distância de segurança,Capotamento,Com Vítimas Feridas,Plena Noite,Decrescente,Nublado,Simples,Aclive,Não,5,0,1,0,4,0,1,1,"-8,87273095","-40,7625599",SPRF-PE,DEL06-PE,UOP02-DEL06-PE
244571,2019-10-23,quarta-feira,07:35:00,PE,428,"187,1",PETROLINA,Falta de Atenção à Condução,Colisão traseira,Com Vítimas Feridas,Pleno dia,Decrescente,Céu Claro,Simples,Reta,Sim,2,0,1,0,1,0,1,2,"-9,36861483","-40,48496431",SPRF-PE,DEL06-PE,UOP01-DEL06-PE
244583,2019-10-23,quarta-feira,07:10:00,PE,316,42,ARARIPINA,Defeito Mecânico no Veículo,Incêndio,Sem Vítimas,Pleno dia,Crescente,Céu Claro,Simples,Reta,Não,2,0,0,0,2,0,0,1,"-7,6744711","-40,37676105",SPRF-PE,DEL05-PE,UOP02-DEL05-PE
244585,2019-08-26,segunda-feira,07:00:00,PE,232,43,VITORIA DE SANTO ANTAO,Desobediência às normas de trânsito pelo condutor,Colisão traseira,Com Vítimas Feridas,Pleno dia,Decrescente,Céu Claro,Dupla,Curva,Não,3,0,1,0,2,0,1,2,"-8,11729755","-35,26097515",SPRF-PE,DEL01-PE,UOP02-DEL02PE
244669,2019-10-23,quarta-feira,17:00:00,PE,232,"139,5",SAO CAITANO,Mal Súbito,Queda de ocupante de veículo,Com Vítimas Feridas,Pleno dia,Crescente,Céu Claro,Dupla,Reta,Não,1,0,0,1,0,0,1,1,"-8,31947086","-36,06799801",SPRF-PE,DEL02-PE,UOP03-DEL02-PE
244692,2019-10-23,quarta-feira,19:30:00,PE,408,"96,7",SAO LOURENCO DA MATA,Desobediência às normas de trânsito pelo condutor,Colisão lateral,Com Vítimas Feridas,Plena Noite,Decrescente,Céu Claro,Dupla,Reta;Retorno Regulamentado    ,Não,2,0,1,0,1,0,1,2,"-8,02062","-35,041045",SPRF-PE,DEL01-PE,UOP01-DEL01-PE
244718,2019-10-23,quarta-feira,21:30:00,PE,101,45,IGARASSU,Falta de Atenção do Pedestre,Atropelamento de Pedestre,Com Vítimas Fatais,Plena Noite,Decrescente,Céu Claro,Múltipla,Reta,Sim,2,1,0,0,0,1,0,2,"-7,86521297","-34,90715176",SPRF-PE,DEL01-PE,UOP02-DEL01-PE
244720,2019-10-23,quarta-feira,22:40:00,PE,101,74,JABOATAO DOS GUARARAPES,Não guardar distância de segurança,Colisão traseira,Com Vítimas Feridas,Plena Noite,Crescente,Céu Claro,Dupla,Curva,Sim,2,0,1,0,1,0,1,2,"-8,10146485","-34,94901577",SPRF-PE,DEL01-PE,UOP01-DEL01-PE
244789,2019-10-24,quinta-feira,09:50:00,PE,101,"42,5",IGARASSU,Falta de Atenção à Condução,Colisão traseira,Sem Vítimas,Pleno dia,Crescente,Sol,Múltipla,Retorno Regulamentado,Sim,2,0,0,0,2,0,0,2,"-7,83887431","-34,91196739",SPRF-PE,DEL01-PE,UOP02-DEL01-PE
244808,2019-09-29,domingo,19:15:00,PE,101,205,XEXEU,Falta de Atenção à Condução,Colisão com objeto estático,Com Vítimas Feridas,Plena Noite,Crescente,Ignorado,Dupla,Em Obras,Não,1,0,1,0,0,0,1,1,"-8,813152","-35,63283",SPRF-PE,DEL01-PE,UOP03-DEL01-PE
244810,2019-10-24,quinta-feira,13:00:00,PE,232,"9,3",JABOATAO DOS GUARARAPES,Falta de Atenção à Condução,Colisão lateral,Com Vítimas Feridas,Pleno dia,Decrescente,Céu Claro,Dupla,Reta,Sim,2,0,1,0,1,0,1,2,"-8,07764447","-34,97863609",SPRF-PE,DEL01-PE,UOP01-DEL01-PE
244863,2019-10-24,quinta-feira,18:10:00,PE,424,"91,9",GARANHUNS,Animais na Pista,Atropelamento de Animal,Com Vítimas Feridas,Plena Noite,Crescente,Céu Claro,Simples,Curva,Sim,1,0,1,0,0,0,1,1,"-8,91152854","-36,49366379",SPRF-PE,DEL03-PE,UOP01-DEL03-PE
244902,2019-10-25,sexta-feira,00:15:00,PE,408,"68,3",PAUDALHO,Animais na Pista,Atropelamento de Animal,Com Vítimas Feridas,Plena Noite,Decrescente,Céu Claro,Dupla,Reta,Não,1,0,0,1,0,0,1,1,"-7,866015","-35,205597",SPRF-PE,DEL01-PE,UOP01-DEL01-PE
244951,2019-10-25,sexta-feira,08:00:00,PE,232,"97,1",SAIRE,Falta de Atenção à Condução,Colisão transversal,Com Vítimas Feridas,Pleno dia,Decrescente,Céu Claro,Dupla,Reta,Não,3,0,2,0,0,1,2,3,"-8,23488294","-35,71891308",SPRF-PE,DEL01-PE,UOP02-DEL02PE
244953,2019-10-25,sexta-feira,08:05:00,PE,232,"223,1",PESQUEIRA,Falta de Atenção à Condução,Colisão lateral,Com Vítimas Feridas,Pleno dia,Crescente,Céu Claro,Simples,Reta,Não,2,0,0,1,1,0,1,2,"-8,40436455","-36,81023008",SPRF-PE,DEL03-PE,UOP02-DEL03-PE
244991,2019-10-25,sexta-feira,12:10:00,PE,428,190,PETROLINA,Falta de Atenção à Condução,Colisão lateral,Com Vítimas Feridas,Pleno dia,Decrescente,Céu Claro,Dupla,Reta,Sim,3,0,1,0,1,1,1,3,"-9,37605965","-40,49382106",SPRF-PE,DEL06-PE,UOP01-DEL06-PE
244997,2019-10-25,sexta-feira,11:10:00,PE,232,262,ARCOVERDE,Animais na Pista,Atropelamento de Animal,Sem Vítimas,Pleno dia,Decrescente,Sol,Simples,Reta,Não,1,0,0,0,1,0,0,1,"-8,40982756","-37,146866",SPRF-PE,DEL03-PE,UOP02-DEL03-PE
245001,2019-10-25,sexta-feira,13:10:00,PE,101,"62,8",RECIFE,Falta de Atenção à Condução,Colisão lateral,Com Vítimas Feridas,Pleno dia,Decrescente,Sol,Dupla,Reta,Sim,2,0,2,0,0,0,2,2,"-7,99905898","-34,93899295",SPRF-PE,DEL01-PE,UOP02-DEL01-PE
245018,2019-10-25,sexta-feira,15:00:00,PE,232,"100,2",BEZERROS,Desobediência às normas de trânsito pelo condutor,Colisão transversal,Sem Vítimas,Pleno dia,Decrescente,Céu Claro,Simples,Declive,Sim,2,0,0,0,2,0,0,2,"-8,23791176","-35,74297705",SPRF-PE,DEL01-PE,UOP02-DEL02PE
245055,2019-08-26,segunda-feira,06:40:00,PE,232,"8,3",RECIFE,Pista Escorregadia,Queda de ocupante de veículo,Com Vítimas Feridas,Pleno dia,Decrescente,Chuva,Dupla,Reta,Sim,1,0,1,0,0,0,1,1,"-8,07583727","-34,97015791",SPRF-PE,DEL01-PE,UOP01-DEL01-PE
245132,2019-10-25,sexta-feira,22:20:00,PE,232,"507,8",SALGUEIRO,Desobediência às normas de trânsito pelo condutor,Colisão lateral,Com Vítimas Feridas,Plena Noite,Decrescente,Céu Claro,Simples,Reta,Sim,2,0,0,1,0,1,1,2,"-8,06038759","-39,11191706",SPRF-PE,DEL05-PE,UOP01-DEL05-PE
245156,2019-10-26,sábado,03:50:00,PE,232,45,VITORIA DE SANTO ANTAO,Condutor Dormindo,Capotamento,Com Vítimas Feridas,Plena Noite,Crescente,Chuva,Dupla,Reta,Sim,3,0,2,0,1,0,2,1,"-8,128181","-35,281677",SPRF-PE,DEL01-PE,UOP02-DEL02PE
245229,2019-10-11,sexta-feira,19:15:00,PE,232,380,SERRA TALHADA,Ultrapassagem Indevida,Saída de leito carroçável,Com Vítimas Feridas,Plena Noite,Decrescente,Céu Claro,Simples,Reta,Não,3,0,0,2,0,1,2,2,"-8,04030787","-38,05014604",SPRF-PE,DEL04-PE,UOP01-DEL04-PE
245231,2019-10-26,sábado,11:15:00,PE,101,48,ABREU E LIMA,Desobediência às normas de trânsito pelo condutor,Colisão transversal,Com Vítimas Feridas,Pleno dia,Decrescente,Céu Claro,Dupla,Retorno Regulamentado,Sim,2,0,1,0,1,0,1,2,"-7,89174705","-34,9033493",SPRF-PE,DEL01-PE,UOP02-DEL01-PE