id,data_inversa,dia_semana,horario,uf,br,km,municipio,causa_acidente,tipo_acidente,classificacao_acidente,fase_dia,sentido_via,condicao_metereologica,tipo_pista,tracado_via,uso_solo,pessoas,mortos,feridos_leves,feridos_graves,ilesos,ignorados,feridos,veiculos,latitude,longitude,regional,delegacia,uop
245238,2019-10-26,sábado,11:50:00,PE,101,"41,1",IGARASSU,Desobediência às normas de trânsito pelo condutor,Colisão transversal,Com Vítimas Feridas,Pleno dia,Crescente,Céu Claro,Dupla,Reta,Não,2,0,1,0,1,0,1,2,"-7,8290629","-34,9145811",SPRF-PE,DEL01-PE,UOP02-DEL01-PE
245257,2019-10-26,sábado,14:00:00,PE,232,"6,3",RECIFE,Falta de Atenção à Condução,Colisão traseira,Com Vítimas Feridas,Pleno dia,Decrescente,Sol,Dupla,Reta,Sim,2,0,0,1,1,0,1,2,"-8,07079525","-34,9535389",SPRF-PE,DEL01-PE,UOP01-DEL01-PE
245323,2019-10-26,sábado,19:15:00,PE,232,413,SERRA TALHADA,Ingestão de Álcool,Colisão lateral,Com Vítimas Feridas,Plena Noite,Crescente,Céu Claro,Simples,Reta,Sim,5,0,3,1,1,0,4,2,"-7,98857087","-38,32972307",SPRF-PE,DEL04-PE,UOP01-DEL04-PE
245326,2019-10-26,sábado,18:10:00,PE,423,95,GARANHUNS,Ingestão de Álcool,Colisão lateral,Sem Vítimas,Plena Noite,Crescente,Céu Claro,Simples,Curva,Sim,3,0,0,0,3,0,0,2,"-8,87891989","-36,47796305",SPRF-PE,DEL03-PE,UOP01-DEL03-PE
245339,2019-10-26,sábado,20:00:00,PE,101,71,RECIFE,Ingestão de Álcool,Colisão com objeto estático,Sem Vítimas,Plena Noite,Crescente,Céu Claro,Dupla,Em Obras,Sim,1,0,0,0,1,0,0,1,"-8,07663102","-34,94277871",SPRF-PE,DEL01-PE,UOP01-DEL01-PE
245383,2019-10-26,sábado,23:22:00,PE,232,168,TACAIMBO,Condutor Dormindo,Capotamento,Com Vítimas Feridas,Plena Noite,Crescente,Céu Claro,Simples,Reta,Não,2,0,1,0,0,1,1,1,"-8,33986354","-36,32534101",SPRF-PE,DEL02-PE,UOP03-DEL02-PE
245384,2019-10-26,sábado,22:30:00,PE,428,"184,2",PETROLINA,Desobediência às normas de trânsito pelo condutor,Queda de ocupante de veículo,Com Vítimas Feridas,Plena Noite,Decrescente,Céu Claro,Simples,Interseção de Vias,Sim,2,0,2,0,0,0,2,2,"-9,34668531","-40,47363281",SPRF-PE,DEL06-PE,UOP01-DEL06-PE
245386,2019-10-26,sábado,22:50:00,PE,428,"184,3",PETROLINA,Objeto estático sobre o leito carroçável,Colisão lateral,Sem Vítimas,Plena Noite,Decrescente,Céu Claro,Simples,Interseção de Vias,Sim,2,0,0,0,2,0,0,2,"-9,33211208","-40,46621385",SPRF-PE,DEL06-PE,UOP01-DEL06-PE
245400,2019-10-26,sábado,22:40:00,PE,428,188,PETROLINA,Ingestão de Álcool,Colisão traseira,Sem Vítimas,Plena Noite,Decrescente,Céu Claro,Múltipla,Reta,Sim,3,0,0,0,2,1,0,3,"-9,36400596","-40,48266808",SPRF-PE,DEL06-PE,UOP01-DEL06-PE
245459,2019-10-27,domingo,07:00:00,PE,101,73,RECIFE,Ingestão de Álcool,Colisão traseira,Sem Vítimas,Pleno dia,Decrescente,Céu Claro,Dupla,Curva;Retorno Regulamentado   ,Sim,2,0,0,0,1,1,0,2,"-8,093369","-34,947464",SPRF-PE,DEL01-PE,UOP01-DEL01-PE
245475,2019-10-27,domingo,08:00:00,PE,232,"470,3",MIRANDIBA,Falta de Atenção à Condução,Colisão transversal,Com Vítimas Feridas,Pleno dia,Crescente,Céu Claro,Simples,Reta,Sim,2,0,1,0,1,0,1,2,"-8,01983329","-38,80194613",SPRF-PE,DEL05-PE,UOP01-DEL05-PE
245479,2019-10-27,domingo,08:20:00,PE,428,"190,7",PETROLINA,Falta de Atenção à Condução,Colisão traseira,Sem Vítimas,Pleno dia,Crescente,Nublado,Simples,Reta,Sim,2,0,0,0,1,1,0,2,"-9,38013192","-40,50998395",SPRF-PE,DEL06-PE,UOP01-DEL06-PE
245493,2019-10-27,domingo,11:20:00,PE,101,98,CABO DE SANTO AGOSTINHO,Falta de Atenção à Condução,Colisão traseira,Com Vítimas Feridas,Pleno dia,Crescente,Céu Claro,Múltipla,Reta,Sim,2,0,0,1,1,0,1,2,"-8,25653422","-35,03811793",SPRF-PE,DEL01-PE,UOP03-DEL01-PE
245562,2019-10-27,domingo,18:20:00,PE,232,"174,6",BELO JARDIM,Animais na Pista,Atropelamento de Animal,Com Vítimas Feridas,Plena Noite,Crescente,Céu Claro,Simples,Reta,Não,1,0,1,0,0,0,1,1,"-8,3397857","-36,37821402",SPRF-PE,DEL02-PE,UOP03-DEL02-PE
245571,2019-10-27,domingo,19:00:00,PE,428,"27,5",CABROBO,Ultrapassagem Indevida,Colisão frontal,Com Vítimas Feridas,Plena Noite,Crescente,Céu Claro,Simples,Reta,Não,2,0,1,1,0,0,2,2,"-8,50053191","-39,45543905",SPRF-PE,DEL05-PE,UOP03-DEL05-PE
245586,2019-10-27,domingo,20:10:00,PE,101,"60,3",RECIFE,Desobediência às normas de trânsito pelo condutor,Colisão traseira,Com Vítimas Feridas,Plena Noite,Crescente,Céu Claro,Dupla,Reta,Sim,4,0,1,0,2,1,1,2,"-7,98628642","-34,93269324",SPRF-PE,DEL01-PE,UOP02-DEL01-PE
245601,2019-10-27,domingo,20:35:00,PE,232,156,TACAIMBO,Ultrapassagem Indevida,Colisão frontal,Com Vítimas Feridas,Plena Noite,Crescente,Céu Claro,Simples,Reta,Não,15,0,10,5,0,0,15,2,"-8,32936019","-36,21722099",SPRF-PE,DEL02-PE,UOP03-DEL02-PE
245668,2019-10-28,segunda-feira,07:15:00,PE,101,90,CABO DE SANTO AGOSTINHO,Velocidade Incompatível,Capotamento,Com Vítimas Feridas,Pleno dia,Decrescente,Céu Claro,Dupla,Reta,Sim,1,0,1,0,0,0,1,1,"-8,21612792","-34,98772817",SPRF-PE,DEL01-PE,UOP03-DEL01-PE
245765,2019-10-28,segunda-feira,18:00:00,PE,232,"24,3",MORENO,Falta de Atenção do Pedestre,Atropelamento de Pedestre,Com Vítimas Fatais,Plena Noite,Crescente,Céu Claro,Dupla,Reta,Sim,2,1,0,0,1,0,0,2,"-8,107569","-35,104812",SPRF-PE,DEL01-PE,UOP02-DEL02PE
245786,2019-10-28,segunda-feira,20:00:00,PE,101,"56,5",PAULISTA,Desobediência às normas de trânsito pelo condutor,Colisão frontal,Com Vítimas Feridas,Plena Noite,Crescente,Céu Claro,Dupla,Reta,Não,3,0,1,1,1,0,2,2,"-7,9554509","-34,91140727",SPRF-PE,DEL01-PE,UOP02-DEL01-PE
245804,2019-10-28,segunda-feira,23:00:00,PE,104,"97,3",CUPIRA,Animais na Pista,Atropelamento de Animal,Com Vítimas Feridas,Plena Noite,Crescente,Nublado,Simples,Reta,Não,3,0,2,0,1,0,2,2,"-8,539489","-35,936028",SPRF-PE,DEL02-PE,UOP01-DEL02-PE
245828,2019-10-29,terça-feira,05:50:00,PE,408,89,SAO LOURENCO DA MATA,Falta de Atenção à Condução,Colisão traseira,Com Vítimas Feridas,Amanhecer,Crescente,Céu Claro,Dupla,Reta,Não,2,0,1,0,1,0,1,2,"-7,98149086","-35,08112279",SPRF-PE,DEL01-PE,UOP01-DEL01-PE
245912,2019-10-29,terça-feira,14:30:00,PE,101,51,ABREU E LIMA,Falta de Atenção à Condução,Colisão traseira,Com Vítimas Feridas,Pleno dia,Crescente,Céu Claro,Múltipla,Reta,Sim,3,0,1,1,1,0,2,2,"-7,9169968","-34,89689272",SPRF-PE,DEL01-PE,UOP02-DEL01-PE
245978,2019-10-29,terça-feira,18:40:00,PE,101,100,CABO DE SANTO AGOSTINHO,Desobediência às normas de trânsito pelo condutor,Colisão frontal,Com Vítimas Feridas,Plena Noite,Crescente,Céu Claro,Simples,Reta,Sim,2,0,2,0,0,0,2,2,"-8,26699309","-35,05234386",SPRF-PE,DEL01-PE,UOP03-DEL01-PE
246231,2019-10-31,quinta-feira,07:20:00,PE,232,"50,8",VITORIA DE SANTO ANTAO,Falta de Atenção à Condução,Colisão traseira,Com Vítimas Feridas,Amanhecer,Crescente,Céu Claro,Dupla,Reta,Não,2,0,0,1,1,0,1,2,"-8,14106223","-35,32322707",SPRF-PE,DEL01-PE,UOP02-DEL02PE
246281,2019-10-31,quinta-feira,11:20:00,PE,101,"66,8",RECIFE,Falta de Atenção à Condução,Colisão transversal,Sem Vítimas,Pleno dia,Crescente,Céu Claro,Dupla,Reta,Sim,2,0,0,0,2,0,0,2,"-8,03368534","-34,94184125",SPRF-PE,DEL01-PE,UOP01-DEL01-PE
246289,2019-10-31,quinta-feira,12:40:00,PE,408,"97,4",SAO LOURENCO DA MATA,Falta de Atenção à Condução,Capotamento,Com Vítimas Feridas,Pleno dia,Decrescente,Sol,Dupla,Declive,Não,3,0,3,0,0,0,3,1,"-8,02843077","-35,03684556",SPRF-PE,DEL01-PE,UOP01-DEL01-PE
246368,2019-10-31,quinta-feira,19:30:00,PE,101,90,CABO DE SANTO AGOSTINHO,Mal Súbito,Saída de leito carroçável,Com Vítimas Feridas,Plena Noite,Crescente,Céu Claro,Dupla,Reta,Não,1,0,0,1,0,0,1,1,"-8,21612792","-34,98772817",SPRF-PE,DEL01-PE,UOP03-DEL01-PE
246371,2019-10-31,quinta-feira,20:30:00,PE,232,10,JABOATAO DOS GUARARAPES,Objeto estático sobre o leito carroçável,Queda de ocupante de veículo,Com Vítimas Feridas,Plena Noite,Crescente,Céu Claro,Dupla,Reta,Sim,2,0,1,1,0,0,2,1,"-8,07917241","-34,98718609",SPRF-PE,DEL01-PE,UOP01-DEL01-PE
246378,2019-10-31,quinta-feira,20:30:00,PE,101,"83,6",JABOATAO DOS GUARARAPES,Defeito Mecânico no Veículo,Incêndio,Sem Vítimas,Plena Noite,Crescente,Céu Claro,Dupla,Reta,Sim,2,0,0,0,2,0,0,1,"-8,175172","-34,942642",SPRF-PE,DEL01-PE,UOP03-DEL01-PE
246424,2019-10-30,quarta-feira,04:30:00,PE,232,78,GRAVATA,Animais na Pista,Atropelamento de Animal,Sem Vítimas,Amanhecer,Crescente,Céu Claro,Dupla,Reta,Não,1,0,0,0,1,0,0,1,"-8,19343658","-35,55186505",SPRF-PE,DEL01-PE,UOP02-DEL02PE
246481,2019-11-01,sexta-feira,11:50:00,PE,101,"67,4",RECIFE,Falta de Atenção à Condução,Colisão transversal,Sem Vítimas,Pleno dia,Crescente,Sol,Múltipla,Reta,Sim,2,0,0,0,2,0,0,2,"-8,042334","-34,943096",SPRF-PE,DEL01-PE,UOP01-DEL01-PE
246494,2019-11-01,sexta-feira,11:40:00,PE,104,"58,3",CARUARU,Desobediência às normas de trânsito pelo condutor,Colisão traseira,Sem Vítimas,Pleno dia,Crescente,Céu Claro,Dupla,Reta,Sim,2,0,0,0,2,0,0,2,"-8,2265","-35,9779",SPRF-PE,DEL02-PE,UOP01-DEL02-PE
246524,2019-11-01,sexta-feira,14:50:00,PE,101,40,IGARASSU,Falta de Atenção à Condução,Colisão lateral,Com Vítimas Feridas,Pleno dia,Crescente,Sol,Dupla,Reta,Sim,3,0,2,0,1,0,2,2,"-7,821475","-34,916545",SPRF-PE,DEL01-PE,UOP02-DEL01-PE
246561,2019-11-01,sexta-feira,18:00:00,PE,232,319,CUSTODIA,Falta de Atenção à Condução,Colisão transversal,Com Vítimas Feridas,Plena Noite,Decrescente,Céu Claro,Simples,Reta,Não,2,0,1,0,1,0,1,2,"-8,1236144","-37,53328221",SPRF-PE,DEL03-PE,UOP02-DEL03-PE
246567,2019-11-01,sexta-feira,18:10:00,PE,232,"124,5",CARUARU,Falta de Atenção à Condução,Colisão com objeto estático,Com Vítimas Feridas,Plena Noite,Crescente,Céu Claro,Dupla,Declive,Não,1,0,1,0,0,0,1,1,"-8,3061041","-35,93702498",SPRF-PE,DEL02-PE,UOP03-DEL02-PE
246597,2019-11-01,sexta-feira,20:15:00,PE,101,60,RECIFE,Falta de Atenção à Condução,Colisão traseira,Com Vítimas Feridas,Plena Noite,Decrescente,Céu Claro,Múltipla,Reta,Não,3,0,1,0,2,0,1,2,"-7,98344307","-34,93176727",SPRF-PE,DEL01-PE,UOP02-DEL01-PE
246640,2019-11-01,sexta-feira,22:15:00,PE,423,"94,9",GARANHUNS,Ingestão de Álcool,Colisão lateral,Sem Vítimas,Plena Noite,Crescente,Céu Claro,Simples,Reta,Sim,2,0,0,0,2,0,0,2,"-8,874732","-36,46946",SPRF-PE,DEL03-PE,UOP01-DEL03-PE
246644,2019-11-01,sexta-feira,23:30:00,PE,101,"61,3",RECIFE,Falta de Atenção à Condução,Colisão lateral,Sem Vítimas,Plena Noite,Crescente,Céu Claro,Dupla,Reta,Não,2,0,0,0,0,2,0,2,"-7,99097103","-34,93598295",SPRF-PE,DEL01-PE,UOP02-DEL01-PE
246722,2019-11-02,sábado,02:15:00,PE,407,"124,6",PETROLINA,Falta de Atenção à Condução,Colisão traseira,Sem Vítimas,Plena Noite,Crescente,Céu Claro,Dupla,Reta,Sim,2,0,0,0,1,1,0,2,"-9,36929881","-40,54137139",SPRF-PE,DEL06-PE,UOP01-DEL06-PE
246756,2019-11-02,sábado,10:30:00,PE,423,"73,3",JUPI,Desobediência às normas de trânsito pelo condutor,Colisão lateral,Com Vítimas Feridas,Pleno dia,Crescente,Céu Claro,Simples,Reta,Sim,2,0,0,1,1,0,1,2,"-8,71781039","-36,42290446",SPRF-PE,DEL03-PE,UOP01-DEL03-PE
246785,2019-11-02,sábado,15:30:00,PE,101,"51,5",PAULISTA,Não guardar distância de segurança,Colisão lateral,Com Vítimas Feridas,Pleno dia,Decrescente,Céu Claro,Múltipla,Reta,Sim,3,0,1,0,2,0,1,3,"-7,9169968","-34,89689272",SPRF-PE,DEL01-PE,UOP02-DEL01-PE
246814,2019-11-02,sábado,18:20:00,PE,116,24,SALGUEIRO,Deficiência ou não Acionamento do Sistema de Iluminação/Sinalização do Veículo,Saída de leito carroçável,Com Vítimas Feridas,Plena Noite,Crescente,Céu Claro,Simples,Reta,Sim,5,0,2,0,2,1,2,2,"-8,04988139","-39,13789272",SPRF-PE,DEL05-PE,UOP01-DEL05-PE
246851,2019-11-02,sábado,21:15:00,PE,407,"96,9",PETROLINA,Ingestão de Álcool,Colisão traseira,Com Vítimas Feridas,Plena Noite,Crescente,Céu Claro,Simples,Reta,Não,3,0,1,0,2,0,1,2,"-9,14088793","-40,63665252",SPRF-PE,DEL06-PE,UOP02-DEL06-PE
246897,2019-11-03,domingo,07:10:00,PE,232,105,BEZERROS,Falta de Atenção à Condução,Saída de leito carroçável,Com Vítimas Feridas,Pleno dia,Crescente,Céu Claro,Dupla,Curva,Não,1,0,1,0,0,0,1,1,"-8,25830415","-35,78275595",SPRF-PE,DEL02-PE,UOP03-DEL02-PE
246925,2019-11-03,domingo,12:35:00,PE,101,"60,2",RECIFE,Defeito Mecânico no Veículo,Capotamento,Com Vítimas Feridas,Pleno dia,Crescente,Céu Claro,Dupla,Curva,Sim,2,0,1,1,0,0,2,1,"-7,98344307","-34,93176727",SPRF-PE,DEL01-PE,UOP02-DEL01-PE
246929,2019-11-03,domingo,03:50:00,PE,104,"25,2",TAQUARITINGA DO NORTE,Ingestão de Álcool,Colisão frontal,Com Vítimas Feridas,Plena Noite,Decrescente,Ignorado,Simples,Reta,Não,4,0,0,3,1,0,3,2,"-7,985154","-36,099102",SPRF-PE,DEL02-PE,UOP01-DEL02-PE
246958,2019-11-03,domingo,17:00:00,PE,232,"508,3",SALGUEIRO,Falta de Atenção à Condução,Colisão transversal,Com Vítimas Feridas,Pleno dia,Decrescente,Céu Claro,Simples,Reta,Sim,2,0,1,0,1,0,1,2,"-8,06285782","-39,12391489",SPRF-PE,DEL05-PE,UOP01-DEL05-PE
246960,2019-11-03,domingo,16:30:00,PE,101,"66,9",RECIFE,Falta de Atenção à Condução,Colisão lateral,Com Vítimas Feridas,Pleno dia,Decrescente,Nublado,Múltipla,Interseção de Vias,Sim,3,0,1,0,1,1,1,2,"-8,035212","-34,941266",SPRF-PE,DEL01-PE,UOP01-DEL01-PE
246963,2019-11-03,domingo,17:20:00,PE,101,"92,7",CABO DE SANTO AGOSTINHO,Falta de Atenção à Condução,Colisão traseira,Com Vítimas Feridas,Pleno dia,Decrescente,Céu Claro,Dupla,Reta,Não,2,0,1,0,1,0,1,2,"-8,23201792","-34,99778611",SPRF-PE,DEL01-PE,UOP03-DEL01-PE
246996,2019-11-03,domingo,19:40:00,PE,101,"44,1",IGARASSU,Ingestão de Álcool,Colisão traseira,Com Vítimas Feridas,Plena Noite,Crescente,Nublado,Múltipla,Retorno Regulamentado;Reta    ,Sim,4,0,1,0,3,0,1,2,"-7,85637001","-34,90842109",SPRF-PE,DEL01-PE,UOP02-DEL01-PE
247096,2019-11-04,segunda-feira,07:30:00,PE,232,"78,2",GRAVATA,Falta de Atenção à Condução,Colisão transversal,Com Vítimas Feridas,Pleno dia,Decrescente,Céu Claro,Simples,Aclive,Sim,2,0,1,0,1,0,1,2,"-8,19343658","-35,55186505",SPRF-PE,DEL01-PE,UOP02-DEL02PE
247108,2019-11-04,segunda-feira,08:00:00,PE,232,"53,8",POMBOS,Pista Escorregadia,Capotamento,Com Vítimas Feridas,Pleno dia,Decrescente,Céu Claro,Simples,Curva,Não,1,0,1,0,0,0,1,1,"-8,13014263","-35,3484723",SPRF-PE,DEL01-PE,UOP02-DEL02PE
247207,2019-11-04,segunda-feira,18:25:00,PE,407,"128,8",PETROLINA,Falta de Atenção à Condução,Colisão transversal,Com Vítimas Feridas,Plena Noite,Decrescente,Céu Claro,Simples,Curva,Sim,2,0,1,0,1,0,1,2,"-9,39387565","-40,51133888",SPRF-PE,DEL06-PE,UOP01-DEL06-PE
247238,2019-11-04,segunda-feira,21:20:00,PE,232,"223,9",PESQUEIRA,Falta de Atenção à Condução,Saída de leito carroçável,Com Vítimas Fatais,Plena Noite,Decrescente,Céu Claro,Simples,Reta,Não,1,1,0,0,0,0,0,1,"-8,40436455","-36,81023008",SPRF-PE,DEL03-PE,UOP02-DEL03-PE
247249,2019-11-04,segunda-feira,22:10:00,PE,101,"71,1",RECIFE,Falta de Atenção à Condução,Colisão com objeto estático,Com Vítimas Feridas,Plena Noite,Crescente,Céu Claro,Simples,Reta;Em Obras;Desvio Temporári,Sim,1,0,1,0,0,0,1,1,"-8,077763","-34,943049",SPRF-PE,DEL01-PE,UOP01-DEL01-PE
247288,2019-11-05,terça-feira,07:10:00,PE,104,"58,1",CARUARU,Falta de Atenção do Pedestre,Atropelamento de Pedestre,Com Vítimas Feridas,Pleno dia,Decrescente,Céu Claro,Dupla,Reta,Sim,2,0,1,0,1,0,1,2,"-8,2265","-35,9779",SPRF-PE,DEL02-PE,UOP01-DEL02-PE
247290,2019-10-19,sábado,16:30:00,PE,408,"52,5",NAZARE DA MATA,Não guardar distância de segurança,Colisão traseira,Com Vítimas Feridas,Anoitecer,Decrescente,Céu Claro,Dupla,Reta,Sim,3,0,1,0,2,0,1,2,"-7,74599502","-35,2344547",SPRF-PE,DEL01-PE,UOP01-DEL01-PE
247366,2019-11-05,terça-feira,13:20:00,PE,101,"89,2",CABO DE SANTO AGOSTINHO,Desobediência às normas de trânsito pelo condutor,Colisão transversal,Com Vítimas Feridas,Pleno dia,Crescente,Céu Claro,Múltipla,Reta;Interseção de Vias       ,Sim,2,0,1,0,1,0,1,2,"-8,22305407","-34,96638179",SPRF-PE,DEL01-PE,UOP03-DEL01-PE
247369,2019-11-05,terça-feira,16:40:00,PE,428,190,PETROLINA,Falta de Atenção à Condução,Colisão traseira,Com Vítimas Feridas,Pleno dia,Decrescente,Céu Claro,Dupla,Reta,Não,3,0,1,0,1,1,1,3,"-9,37605965","-40,49382106",SPRF-PE,DEL06-PE,UOP01-DEL06-PE
247392,2019-11-05,terça-feira,17:55:00,PE,232,"255,8",ARCOVERDE,Falta de Atenção do Pedestre,Atropelamento de Pedestre,Com Vítimas Feridas,Plena Noite,Crescente,Ignorado,Simples,Reta,Sim,2,0,0,1,1,0,1,2,"-8,4124021","-37,08493608",SPRF-PE,DEL03-PE,UOP02-DEL03-PE
247406,2019-11-05,terça-feira,19:45:00,PE,316,"49,2",TRINDADE,Animais na Pista,Atropelamento de Animal,Com Vítimas Fatais,Plena Noite,Decrescente,Céu Claro,Simples,Reta,Não,1,1,0,0,0,0,0,1,"-7,71339203","-40,32790395",SPRF-PE,DEL05-PE,UOP02-DEL05-PE
247435,2019-11-05,terça-feira,23:25:00,PE,101,"45,6",IGARASSU,Desobediência às normas de trânsito pelo condutor,Colisão transversal,Sem Vítimas,Plena Noite,Decrescente,Céu Claro,Múltipla,Reta,Sim,2,0,0,0,1,1,0,2,"-7,86521297","-34,90715176",SPRF-PE,DEL01-PE,UOP02-DEL01-PE
247447,2019-11-05,terça-feira,22:10:00,PE,232,409,SERRA TALHADA,Falta de Atenção à Condução,Colisão transversal,Com Vítimas Feridas,Plena Noite,Crescente,Céu Claro,Simples,Interseção de Vias,Sim,2,0,1,0,1,0,1,2,"-7,981944","-38,289467",SPRF-PE,DEL04-PE,UOP01-DEL04-PE
247471,2019-11-06,quarta-feira,06:30:00,PE,101,"47,7",IGARASSU,Falta de Atenção à Condução,Colisão traseira,Com Vítimas Feridas,Pleno dia,Crescente,Céu Claro,Dupla,Reta,Sim,2,0,1,0,1,0,1,2,"-7,88290701","-34,90461208",SPRF-PE,DEL01-PE,UOP02-DEL01-PE
247477,2019-11-06,quarta-feira,08:00:00,PE,101,"2,5",GOIANA,Falta de Atenção à Condução,Capotamento,Com Vítimas Feridas,Pleno dia,Crescente,Sol,Dupla,Curva,Não,2,0,0,2,0,0,2,1,"-7,51675334","-34,99198357",SPRF-PE,DEL01-PE,UOP02-DEL01-PE
247520,2019-11-06,quarta-feira,12:30:00,PE,101,176,JOAQUIM NABUCO,Avarias e/ou desgaste excessivo no pneu,Capotamento,Com Vítimas Feridas,Pleno dia,Crescente,Céu Claro,Dupla,Reta,Não,2,0,2,0,0,0,2,1,"-8,60776887","-35,5426471",SPRF-PE,DEL01-PE,UOP03-DEL01-PE
247540,2019-11-06,quarta-feira,15:15:00,PE,232,6,RECIFE,Falta de Atenção à Condução,Engavetamento,Sem Vítimas,Pleno dia,Decrescente,Céu Claro,Dupla,Reta,Não,4,0,0,0,4,0,0,4,"-8,07079525","-34,9535389",SPRF-PE,DEL01-PE,UOP01-DEL01-PE
247570,2019-11-06,quarta-feira,18:00:00,PE,104,"91,9",AGRESTINA,Falta de Atenção à Condução,Colisão traseira,Com Vítimas Fatais,Plena Noite,Crescente,Céu Claro,Simples,Ponte,Não,3,1,0,1,1,0,1,2,"-8,487702","-35,946243",SPRF-PE,DEL02-PE,UOP01-DEL02-PE
247640,2019-11-07,quinta-feira,00:30:00,PE,101,"48,5",ABREU E LIMA,Falta de Atenção à Condução,Colisão transversal,Com Vítimas Feridas,Plena Noite,Crescente,Céu Claro,Múltipla,Reta,Sim,2,0,0,1,1,0,1,2,"-7,89174705","-34,9033493",SPRF-PE,DEL01-PE,UOP02-DEL01-PE
247653,2019-11-07,quinta-feira,03:40:00,PE,232,"133,1",CARUARU,Falta de Atenção à Condução,Colisão traseira,Com Vítimas Feridas,Plena Noite,Decrescente,Vento,Dupla,Reta,Não,6,0,2,0,4,0,2,2,"-8,30607988","-36,01576003",SPRF-PE,DEL02-PE,UOP03-DEL02-PE
247735,2019-11-07,quinta-feira,12:40:00,PE,101,"65,9",RECIFE,Não guardar distância de segurança,Colisão traseira,Com Vítimas Feridas,Pleno dia,Decrescente,Céu Claro,Múltipla,Reta,Sim,2,0,1,0,1,0,1,2,"-8,033992","-34,941718",SPRF-PE,DEL01-PE,UOP01-DEL01-PE
247739,2019-11-07,quinta-feira,12:15:00,PE,104,67,CARUARU,Não guardar distância de segurança,Colisão traseira,Com Vítimas Feridas,Pleno dia,Crescente,Nublado,Dupla,Reta,Sim,3,0,1,0,2,0,1,3,"-8,3016","-35,9882",SPRF-PE,DEL02-PE,UOP01-DEL02-PE
247873,2019-11-08,sexta-feira,05:20:00,PE,232,"144,3",SAO CAITANO,Falta de Atenção à Condução,Atropelamento de Pedestre,Com Vítimas Fatais,Amanhecer,Crescente,Nublado,Dupla,Reta,Não,2,1,0,0,0,1,0,2,"-8,32522249","-36,11250878",SPRF-PE,DEL02-PE,UOP03-DEL02-PE
247902,2019-11-08,sexta-feira,07:45:00,PE,104,"62,8",CARUARU,Não guardar distância de segurança,Colisão traseira,Com Vítimas Feridas,Pleno dia,Crescente,Céu Claro,Dupla,Reta,Sim,2,0,1,0,1,0,1,2,"-8,2618","-35,976",SPRF-PE,DEL02-PE,UOP01-DEL02-PE
247915,2019-11-08,sexta-feira,10:20:00,PE,101,57,RECIFE,Avarias e/ou desgaste excessivo no pneu,Tombamento,Com Vítimas Feridas,Pleno dia,Crescente,Céu Claro,Dupla,Retorno Regulamentado,Sim,2,0,2,0,0,0,2,1,"-7,96346213","-34,91513486",SPRF-PE,DEL01-PE,UOP02-DEL01-PE
247978,2019-11-08,sexta-feira,15:30:00,PE,101,"69,3",RECIFE,Desobediência às normas de trânsito pelo condutor,Colisão lateral,Com Vítimas Feridas,Pleno dia,Decrescente,Céu Claro,Dupla,Reta,Sim,2,0,2,0,0,0,2,2,"-8,05951606","-34,94581024",SPRF-PE,DEL01-PE,UOP01-DEL01-PE
248004,2019-11-08,sexta-feira,18:15:00,PE,232,"46,2",VITORIA DE SANTO ANTAO,Falta de Atenção do Pedestre,Atropelamento de Pedestre,Com Vítimas Fatais,Plena Noite,Decrescente,Céu Claro,Dupla,Reta,Não,3,1,1,0,1,0,1,2,"-8,13346726","-35,28918683",SPRF-PE,DEL01-PE,UOP02-DEL02PE
248010,2019-11-08,sexta-feira,18:40:00,PE,408,97,SAO LOURENCO DA MATA,Falta de Atenção à Condução,Colisão lateral,Com Vítimas Feridas,Plena Noite,Decrescente,Nublado,Dupla,Reta,Não,3,0,2,1,0,0,3,2,"-8,028453","-35,036764",SPRF-PE,DEL01-PE,UOP01-DEL01-PE
248071,2019-11-08,sexta-feira,13:00:00,PE,232,18,JABOATAO DOS GUARARAPES,Restrição de Visibilidade,Colisão traseira,Com Vítimas Feridas,Pleno dia,Decrescente,Céu Claro,Dupla,Reta,Não,1,0,1,0,0,0,1,1,"-8,09696393","-35,054484",SPRF-PE,DEL01-PE,UOP01-DEL01-PE
248125,2019-11-09,sábado,05:20:00,PE,316,"38,2",ARARIPINA,Falta de Atenção do Pedestre,Atropelamento de Pedestre,Com Vítimas Fatais,Amanhecer,Decrescente,Céu Claro,Simples,Declive;Reta                  ,Não,2,1,0,0,0,1,0,2,"-7,65888686","-40,40729678",SPRF-PE,DEL05-PE,UOP02-DEL05-PE
248147,2019-10-16,quarta-feira,11:00:00,PE,116,40,SALGUEIRO,Objeto estático sobre o leito carroçável,Danos eventuais,Sem Vítimas,Pleno dia,Decrescente,Céu Claro,Simples,Reta,Não,2,0,0,0,2,0,0,1,"-8,188874","-39,10149",SPRF-PE,DEL05-PE,UOP01-DEL05-PE
248165,2019-11-09,sábado,08:50:00,PE,104,"46,3",CARUARU,Defeito Mecânico no Veículo,Tombamento,Com Vítimas Feridas,Pleno dia,Decrescente,Céu Claro,Dupla,Reta,Não,1,0,0,1,0,0,1,1,"-8,1272","-35,9943",SPRF-PE,DEL02-PE,UOP01-DEL02-PE
248170,2019-11-09,sábado,09:30:00,PE,101,105,CABO DE SANTO AGOSTINHO,Falta de Atenção à Condução,Saída de leito carroçável,Com Vítimas Feridas,Pleno dia,Decrescente,Céu Claro,Dupla,Reta,Não,1,0,0,1,0,0,1,1,"-8,30242751","-35,06989924",SPRF-PE,DEL01-PE,UOP03-DEL01-PE