id,data_inversa,dia_semana,horario,uf,br,km,municipio,causa_acidente,tipo_acidente,classificacao_acidente,fase_dia,sentido_via,condicao_metereologica,tipo_pista,tracado_via,uso_solo,pessoas,mortos,feridos_leves,feridos_graves,ilesos,ignorados,feridos,veiculos,latitude,longitude,regional,delegacia,uop
248192,2019-11-09,sábado,12:05:00,PE,101,"42,9",IGARASSU,Falta de Atenção à Condução,Saída de leito carroçável,Com Vítimas Feridas,Pleno dia,Decrescente,Sol,Múltipla,Reta,Sim,3,0,1,0,1,1,1,3,"-7,83887431","-34,91196739",SPRF-PE,DEL01-PE,UOP02-DEL01-PE
248200,2019-11-09,sábado,13:10:00,PE,101,"41,1",IGARASSU,Falta de Atenção à Condução,Colisão lateral,Com Vítimas Feridas,Pleno dia,Decrescente,Céu Claro,Múltipla,Reta,Sim,2,0,1,0,1,0,1,2,"-7,83038346","-34,91426785",SPRF-PE,DEL01-PE,UOP02-DEL01-PE
248208,2019-11-09,sábado,13:10:00,PE,407,"124,1",PETROLINA,Desobediência às normas de trânsito pelo condutor,Colisão transversal,Com Vítimas Feridas,Pleno dia,Decrescente,Sol,Dupla,Rotatória,Sim,3,0,2,0,0,1,2,2,"-9,36929881","-40,54137139",SPRF-PE,DEL06-PE,UOP01-DEL06-PE
248243,2019-11-09,sábado,17:10:00,PE,101,"46,4",IGARASSU,Falta de Atenção do Pedestre,Atropelamento de Pedestre,Com Vítimas Fatais,Pleno dia,Crescente,Céu Claro,Múltipla,Reta,Sim,2,1,0,0,1,0,0,2,"-7,87406004","-34,90588126",SPRF-PE,DEL01-PE,UOP02-DEL01-PE
248255,2019-11-09,sábado,18:30:00,PE,232,30,MORENO,Falta de Atenção à Condução,Capotamento,Sem Vítimas,Plena Noite,Decrescente,Céu Claro,Dupla,Reta,Sim,1,0,0,0,1,0,0,1,"-8,110788","-35,1514788",SPRF-PE,DEL01-PE,UOP02-DEL02PE
248284,2019-11-09,sábado,20:20:00,PE,232,76,GRAVATA,Ingestão de Álcool,Colisão frontal,Com Vítimas Feridas,Plena Noite,Decrescente,Céu Claro,Simples,Reta,Não,6,0,0,1,5,0,1,5,"-8,19541469","-35,53424693",SPRF-PE,DEL01-PE,UOP02-DEL02PE
248309,2019-11-09,sábado,22:50:00,PE,101,58,PAULISTA,Não guardar distância de segurança,Colisão traseira,Com Vítimas Feridas,Plena Noite,Decrescente,Nublado,Dupla,Curva,Não,3,0,2,0,0,1,2,2,"-7,97063209","-34,92064675",SPRF-PE,DEL01-PE,UOP02-DEL01-PE
248337,2019-11-10,domingo,00:40:00,PE,116,"25,8",SALGUEIRO,Ingestão de Álcool,Atropelamento de Pedestre,Com Vítimas Feridas,Plena Noite,Decrescente,Céu Claro,Simples,Interseção de Vias,Sim,2,0,1,0,1,0,1,2,"-8,068032","-39,134608",SPRF-PE,DEL05-PE,UOP01-DEL05-PE
248364,2019-11-10,domingo,03:30:00,PE,428,192,PETROLINA,Ingestão de Álcool,Saída de leito carroçável,Sem Vítimas,Amanhecer,Crescente,Céu Claro,Simples,Reta,Sim,2,0,0,0,0,2,0,2,"-9,38067769","-40,51113714",SPRF-PE,DEL06-PE,UOP01-DEL06-PE
248406,2019-11-10,domingo,08:25:00,PE,232,4,RECIFE,Falta de Atenção à Condução,Colisão com objeto estático,Sem Vítimas,Pleno dia,Crescente,Céu Claro,Simples,Curva,Sim,1,0,0,0,1,0,0,1,"-8,064473","-34,936928",SPRF-PE,DEL01-PE,UOP01-DEL01-PE
248435,2019-11-10,domingo,12:10:00,PE,101,"51,9",PAULISTA,Desobediência às normas de trânsito pelo condutor,Colisão lateral,Sem Vítimas,Pleno dia,Decrescente,Céu Claro,Dupla,Reta,Sim,3,0,0,0,3,0,0,3,"-7,92358799","-34,89607201",SPRF-PE,DEL01-PE,UOP02-DEL01-PE
248443,2019-11-10,domingo,06:00:00,PE,232,232,PESQUEIRA,Ingestão de Álcool,Capotamento,Com Vítimas Fatais,Amanhecer,Crescente,Céu Claro,Simples,Reta,Não,1,1,0,0,0,0,0,1,"-8,40328003","-36,89253299",SPRF-PE,DEL03-PE,UOP02-DEL03-PE
248446,2019-11-10,domingo,13:30:00,PE,101,95,CABO DE SANTO AGOSTINHO,Velocidade Incompatível,Capotamento,Com Vítimas Feridas,Pleno dia,Decrescente,Céu Claro,Dupla,Reta,Não,1,0,0,1,0,0,1,1,"-8,25099","-35,01426",SPRF-PE,DEL01-PE,UOP03-DEL01-PE
248447,2019-11-10,domingo,12:46:00,PE,424,68,CAETES,Velocidade Incompatível,Colisão traseira,Com Vítimas Feridas,Pleno dia,Decrescente,Céu Claro,Simples,Reta,Sim,2,0,0,1,1,0,1,2,"-8,76884574","-36,63537082",SPRF-PE,DEL03-PE,UOP01-DEL03-PE
248660,2019-11-10,domingo,22:00:00,PE,232,"509,4",SALGUEIRO,Ingestão de Substâncias Psicoativas,Colisão traseira,Sem Vítimas,Plena Noite,Decrescente,Céu Claro,Simples,Reta,Sim,2,0,0,0,2,0,0,2,"-8,06449154","-39,1298447",SPRF-PE,DEL05-PE,UOP01-DEL05-PE
248802,2019-11-11,segunda-feira,13:45:00,PE,232,"8,6",RECIFE,Não guardar distância de segurança,Colisão traseira,Sem Vítimas,Pleno dia,Decrescente,Sol,Múltipla,Desvio Temporário,Sim,2,0,0,0,2,0,0,2,"-8,07583727","-34,97015791",SPRF-PE,DEL01-PE,UOP01-DEL01-PE
248871,2019-11-11,segunda-feira,20:35:00,PE,101,"50,1",ABREU E LIMA,Não guardar distância de segurança,Colisão traseira,Com Vítimas Feridas,Plena Noite,Crescente,Céu Claro,Múltipla,Curva,Sim,2,0,1,0,1,0,1,2,"-7,90938602","-34,90123228",SPRF-PE,DEL01-PE,UOP02-DEL01-PE
248873,2019-11-11,segunda-feira,20:20:00,PE,101,108,CABO DE SANTO AGOSTINHO,Falta de Atenção à Condução,Queda de ocupante de veículo,Com Vítimas Feridas,Plena Noite,Decrescente,Céu Claro,Dupla,Reta,Não,1,0,1,0,0,0,1,1,"-8,30670238","-35,09303416",SPRF-PE,DEL01-PE,UOP03-DEL01-PE
248967,2019-11-12,terça-feira,09:55:00,PE,101,50,ABREU E LIMA,Falta de Atenção do Pedestre,Atropelamento de Pedestre,Com Vítimas Feridas,Pleno dia,Crescente,Céu Claro,Simples,Reta,Sim,2,0,2,0,0,0,2,2,"-7,90938602","-34,90123228",SPRF-PE,DEL01-PE,UOP02-DEL01-PE
248972,2019-11-12,terça-feira,11:45:00,PE,101,"94,6",CABO DE SANTO AGOSTINHO,Falta de Atenção à Condução,Saída de leito carroçável,Com Vítimas Feridas,Pleno dia,Crescente,Céu Claro,Dupla,Reta,Não,3,0,0,3,0,0,3,1,"-8,26543905","-35,01841829",SPRF-PE,DEL01-PE,UOP03-DEL01-PE
249001,2019-11-12,terça-feira,11:40:00,PE,232,"226,2",PESQUEIRA,Não guardar distância de segurança,Capotamento,Com Vítimas Feridas,Pleno dia,Decrescente,Sol,Simples,Reta,Não,2,0,2,0,0,0,2,1,"-8,40179982","-36,83761697",SPRF-PE,DEL03-PE,UOP02-DEL03-PE
249012,2019-11-12,terça-feira,15:00:00,PE,232,"8,6",RECIFE,Falta de Atenção à Condução,Colisão lateral,Com Vítimas Feridas,Pleno dia,Crescente,Céu Claro,Dupla,Curva,Sim,2,0,1,0,1,0,1,2,"-8,07583727","-34,97015791",SPRF-PE,DEL01-PE,UOP01-DEL01-PE
249064,2019-11-12,terça-feira,19:10:00,PE,101,"64,8",RECIFE,Falta de Atenção à Condução,Tombamento,Sem Vítimas,Plena Noite,Crescente,Céu Claro,Múltipla,Ponte,Não,3,0,0,0,3,0,0,3,"-8,0162921","-34,94045886",SPRF-PE,DEL01-PE,UOP01-DEL01-PE
249097,2019-11-12,terça-feira,19:10:00,PE,101,"64,8",RECIFE,Falta de Atenção à Condução,Tombamento,Com Vítimas Feridas,Plena Noite,Crescente,Céu Claro,Múltipla,Ponte,Não,1,0,1,0,0,0,1,1,"-8,0162921","-34,94045886",SPRF-PE,DEL01-PE,UOP01-DEL01-PE
249098,2019-10-20,domingo,16:10:00,PE,232,185,BELO JARDIM,Falta de Atenção à Condução,Saída de leito carroçável,Com Vítimas Feridas,Pleno dia,Crescente,Céu Claro,Simples,Reta,Não,3,0,0,1,1,1,1,1,"-8,33885919","-36,36556333",SPRF-PE,DEL02-PE,UOP03-DEL02-PE
249140,2019-11-13,quarta-feira,07:30:00,PE,101,"40,1",IGARASSU,Falta de Atenção à Condução,Colisão transversal,Com Vítimas Feridas,Pleno dia,Crescente,Céu Claro,Dupla,Reta,Não,2,0,0,1,1,0,1,2,"-7,821475","-34,916545",SPRF-PE,DEL01-PE,UOP02-DEL01-PE
249406,2019-11-04,segunda-feira,17:47:00,PE,101,78,JABOATAO DOS GUARARAPES,Não guardar distância de segurança,Colisão traseira,Com Vítimas Feridas,Amanhecer,Crescente,Ignorado,Dupla,Reta,Sim,2,0,1,0,1,0,1,2,"-8,13954699","-34,94712537",SPRF-PE,DEL01-PE,UOP01-DEL01-PE
249490,2019-11-14,quinta-feira,18:50:00,PE,232,"21,1",MORENO,Desobediência às normas de trânsito pelo condutor,Colisão transversal,Com Vítimas Feridas,Plena Noite,Decrescente,Céu Claro,Dupla,Curva,Não,2,0,1,0,1,0,1,2,"-8,09675","-35,080962",SPRF-PE,DEL01-PE,UOP02-DEL02PE
249651,2019-11-15,sexta-feira,10:40:00,PE,101,92,CABO DE SANTO AGOSTINHO,Velocidade Incompatível,Colisão traseira,Com Vítimas Feridas,Pleno dia,Crescente,Céu Claro,Dupla,Reta,Não,5,0,1,1,3,0,2,2,"-8,230889","-34,997231",SPRF-PE,DEL01-PE,UOP03-DEL01-PE
249710,2019-11-15,sexta-feira,14:50:00,PE,101,"63,3",RECIFE,Falta de Atenção à Condução,Colisão lateral,Com Vítimas Feridas,Pleno dia,Crescente,Céu Claro,Dupla,Interseção de Vias,Sim,3,0,2,0,1,0,2,2,"-8,00800604","-34,93756535",SPRF-PE,DEL01-PE,UOP01-DEL01-PE
249807,2019-11-15,sexta-feira,23:00:00,PE,101,101,CABO DE SANTO AGOSTINHO,Desobediência às normas de trânsito pelo condutor,Tombamento,Com Vítimas Fatais,Plena Noite,Crescente,Céu Claro,Dupla,Reta,Não,1,1,0,0,0,0,0,1,"-8,2757433","-35,05378122",SPRF-PE,DEL01-PE,UOP03-DEL01-PE
249812,2019-11-15,sexta-feira,23:10:00,PE,104,"63,5",CARUARU,Ingestão de Álcool,Colisão traseira,Com Vítimas Feridas,Plena Noite,Crescente,Céu Claro,Simples,Reta,Sim,3,0,1,0,2,0,1,2,"-8,26549406","-35,97801447",SPRF-PE,DEL02-PE,UOP01-DEL02-PE
249816,2019-11-15,sexta-feira,23:40:00,PE,232,"414,1",SERRA TALHADA,Ingestão de Álcool,Queda de ocupante de veículo,Com Vítimas Feridas,Plena Noite,Decrescente,Céu Claro,Simples,Reta,Não,1,0,0,1,0,0,1,1,"-7,99236282","-38,33750809",SPRF-PE,DEL04-PE,UOP01-DEL04-PE
249947,2019-11-16,sábado,17:10:00,PE,408,63,CARPINA,Falta de Atenção à Condução,Colisão frontal,Com Vítimas Feridas,Pleno dia,Crescente,Céu Claro,Simples,Reta,Sim,2,0,1,0,1,0,1,2,"-7,83982046","-35,24072239",SPRF-PE,DEL01-PE,UOP01-DEL01-PE
249961,2019-11-16,sábado,18:00:00,PE,424,"18,2",PEDRA,Ingestão de Álcool,Colisão lateral,Com Vítimas Feridas,Plena Noite,Crescente,Céu Claro,Simples,Curva,Sim,3,0,0,2,1,0,2,2,"-8,49676628","-36,93934222",SPRF-PE,DEL03-PE,UOP02-DEL03-PE
249982,2019-11-16,sábado,19:15:00,PE,104,61,CARUARU,Desobediência às normas de trânsito pelo condutor,Colisão traseira,Com Vítimas Feridas,Plena Noite,Crescente,Céu Claro,Dupla,Reta,Sim,2,0,0,1,1,0,1,2,"-8,2529","-35,9751",SPRF-PE,DEL02-PE,UOP01-DEL02-PE
250015,2019-11-17,domingo,00:05:00,PE,232,211,PESQUEIRA,Falta de Atenção à Condução,Colisão transversal,Sem Vítimas,Plena Noite,Crescente,Céu Claro,Simples,Reta,Sim,2,0,0,0,1,1,0,2,"-8,36899532","-36,70578682",SPRF-PE,DEL02-PE,UOP03-DEL02-PE
250058,2019-11-17,domingo,04:40:00,PE,232,"94,3",SAIRE,Agressão Externa,Colisão lateral,Com Vítimas Fatais,Amanhecer,Crescente,Céu Claro,Dupla,Reta,Não,9,3,2,2,0,2,4,3,"-8,22473335","-35,69081624",SPRF-PE,DEL01-PE,UOP02-DEL02PE
250061,2019-11-17,domingo,07:20:00,PE,101,"65,1",RECIFE,Desobediência às normas de trânsito pelo condutor,Colisão traseira,Com Vítimas Feridas,Pleno dia,Crescente,Céu Claro,Dupla,Reta,Não,2,0,1,0,1,0,1,2,"-8,02478597","-34,94276635",SPRF-PE,DEL01-PE,UOP01-DEL01-PE
250091,2019-11-17,domingo,10:40:00,PE,232,"9,7",JABOATAO DOS GUARARAPES,Não guardar distância de segurança,Colisão traseira,Com Vítimas Feridas,Pleno dia,Decrescente,Céu Claro,Múltipla,Reta,Sim,2,0,1,0,1,0,1,2,"-8,07764447","-34,97863609",SPRF-PE,DEL01-PE,UOP01-DEL01-PE
250122,2019-11-17,domingo,14:15:00,PE,101,52,PAULISTA,Falta de Atenção à Condução,Queda de ocupante de veículo,Com Vítimas Feridas,Pleno dia,Decrescente,Céu Claro,Dupla,Curva,Sim,2,0,2,0,0,0,2,1,"-7,92390358","-34,89640832",SPRF-PE,DEL01-PE,UOP02-DEL01-PE
250167,2019-11-17,domingo,16:00:00,PE,316,"6,2",ARARIPINA,Condutor Dormindo,Capotamento,Com Vítimas Feridas,Pleno dia,Crescente,Nublado,Simples,Reta,Não,2,0,2,0,0,0,2,1,"-7,47423236","-40,61678038",SPRF-PE,DEL05-PE,UOP02-DEL05-PE
250177,2019-11-17,domingo,16:40:00,PE,232,85,GRAVATA,Ingestão de Álcool,Colisão transversal,Com Vítimas Feridas,Anoitecer,Decrescente,Céu Claro,Simples,Interseção de Vias,Sim,2,0,1,0,1,0,1,2,"-8,20951081","-35,61182408",SPRF-PE,DEL01-PE,UOP02-DEL02PE
250199,2019-11-17,domingo,18:30:00,PE,232,"12,2",JABOATAO DOS GUARARAPES,Ingestão de Álcool,Colisão traseira,Sem Vítimas,Plena Noite,Decrescente,Nublado,Dupla,Declive,Não,4,0,0,0,3,1,0,4,"-8,08577691","-35,00345603",SPRF-PE,DEL01-PE,UOP01-DEL01-PE
250204,2019-11-17,domingo,19:45:00,PE,101,27,IGARASSU,Falta de Atenção à Condução,Colisão com objeto estático,Com Vítimas Feridas,Plena Noite,Crescente,Céu Claro,Dupla,Reta,Não,1,0,0,1,0,0,1,1,"-7,71433379","-34,93478417",SPRF-PE,DEL01-PE,UOP02-DEL01-PE
250360,2019-11-18,segunda-feira,10:38:00,PE,407,117,PETROLINA,Defeito Mecânico no Veículo,Queda de ocupante de veículo,Com Vítimas Feridas,Pleno dia,Crescente,Céu Claro,Simples,Reta,Não,2,0,2,0,0,0,2,1,"-9,314647","-40,57336",SPRF-PE,DEL06-PE,UOP02-DEL06-PE
250429,2019-11-18,segunda-feira,18:00:00,PE,232,22,MORENO,Falta de Atenção do Pedestre,Atropelamento de Pedestre,Com Vítimas Fatais,Plena Noite,Decrescente,Céu Claro,Dupla,Reta,Sim,3,1,0,0,1,1,0,3,"-8,097424","-35,087325",SPRF-PE,DEL01-PE,UOP02-DEL02PE
250573,2019-11-19,terça-feira,14:15:00,PE,423,"95,9",GARANHUNS,Falta de Atenção à Condução,Tombamento,Com Vítimas Feridas,Pleno dia,Decrescente,Céu Claro,Simples,Interseção de Vias,Sim,1,0,1,0,0,0,1,1,"-8,87945117","-36,48572001",SPRF-PE,DEL03-PE,UOP01-DEL03-PE
250597,2019-11-19,terça-feira,16:15:00,PE,424,"4,9",ARCOVERDE,Defeito Mecânico no Veículo,Saída de leito carroçável,Com Vítimas Feridas,Pleno dia,Crescente,Céu Claro,Simples,Reta,Não,2,0,1,0,1,0,1,2,"-8,46099318","-37,04336835",SPRF-PE,DEL03-PE,UOP02-DEL03-PE
250599,2019-11-19,terça-feira,15:50:00,PE,232,"111,2",BEZERROS,Falta de Atenção à Condução,Colisão lateral,Sem Vítimas,Pleno dia,Crescente,Sol,Dupla,Reta,Não,2,0,0,0,2,0,0,2,"-8,2922971","-35,82419791",SPRF-PE,DEL02-PE,UOP03-DEL02-PE
250754,2019-11-20,quarta-feira,14:35:00,PE,104,"92,9",AGRESTINA,Desobediência às normas de trânsito pelo condutor,Saída de leito carroçável,Com Vítimas Feridas,Pleno dia,Crescente,Sol,Simples,Reta,Não,4,0,2,0,2,0,2,2,"-8,496525","-35,948009",SPRF-PE,DEL02-PE,UOP01-DEL02-PE
250870,2019-11-21,quinta-feira,05:50:00,PE,101,"50,7",ABREU E LIMA,Carga excessiva e/ou mal acondicionada,Atropelamento de Pedestre,Com Vítimas Fatais,Pleno dia,Decrescente,Céu Claro,Simples,Reta,Sim,2,1,0,0,0,1,0,2,"-7,90938602","-34,90123228",SPRF-PE,DEL01-PE,UOP02-DEL01-PE
250872,2019-11-21,quinta-feira,06:30:00,PE,104,"26,3",TORITAMA,Animais na Pista,Atropelamento de Animal,Sem Vítimas,Amanhecer,Crescente,Céu Claro,Simples,Reta,Não,2,0,0,0,2,0,0,2,"-7,993323","-36,095291",SPRF-PE,DEL02-PE,UOP01-DEL02-PE
250883,2019-11-21,quinta-feira,07:20:00,PE,101,"43,2",IGARASSU,Desobediência às normas de trânsito pelo condutor,Colisão transversal,Com Vítimas Feridas,Pleno dia,Crescente,Céu Claro,Dupla,Reta,Sim,3,0,0,1,2,0,1,3,"-7,84753808","-34,90977038",SPRF-PE,DEL01-PE,UOP02-DEL01-PE
250888,2019-11-21,quinta-feira,07:50:00,PE,101,50,ABREU E LIMA,Falta de Atenção à Condução,Colisão traseira,Com Vítimas Feridas,Pleno dia,Crescente,Céu Claro,Múltipla,Reta,Sim,3,0,2,0,1,0,2,2,"-7,90938602","-34,90123228",SPRF-PE,DEL01-PE,UOP02-DEL01-PE
250889,2019-11-21,quinta-feira,07:15:00,PE,101,59,RECIFE,Falta de Atenção à Condução,Colisão traseira,Com Vítimas Feridas,Pleno dia,Crescente,Sol,Dupla,Aclive,Sim,2,0,0,1,1,0,1,2,"-7,97708575","-34,92607318",SPRF-PE,DEL01-PE,UOP02-DEL01-PE
250956,2019-11-21,quinta-feira,14:25:00,PE,408,"100,7",SAO LOURENCO DA MATA,Defeito Mecânico no Veículo,Incêndio,Sem Vítimas,Pleno dia,Decrescente,Sol,Múltipla,Aclive,Sim,1,0,0,0,1,0,0,1,"-8,04364056","-35,01674995",SPRF-PE,DEL01-PE,UOP01-DEL01-PE
250957,2019-11-09,sábado,19:00:00,PE,232,"176,9",BELO JARDIM,Desobediência às normas de trânsito pelo condutor,Colisão transversal,Com Vítimas Feridas,Plena Noite,Crescente,Céu Claro,Simples,Interseção de Vias,Sim,3,0,0,1,0,2,1,3,"-8,34573608","-36,39481995",SPRF-PE,DEL02-PE,UOP03-DEL02-PE
250983,2019-11-21,quinta-feira,16:30:00,PE,101,57,RECIFE,Falta de Atenção à Condução,Colisão traseira,Sem Vítimas,Pleno dia,Decrescente,Céu Claro,Dupla,Reta,Não,3,0,0,0,3,0,0,3,"-7,96346213","-34,91513486",SPRF-PE,DEL01-PE,UOP02-DEL01-PE
250984,2019-11-21,quinta-feira,16:00:00,PE,424,90,GARANHUNS,Desobediência às normas de trânsito pelo condutor,Colisão traseira,Com Vítimas Feridas,Pleno dia,Crescente,Céu Claro,Simples,Reta,Sim,2,0,1,0,1,0,1,2,"-8,89635706","-36,50157593",SPRF-PE,DEL03-PE,UOP01-DEL03-PE
250997,2019-11-21,quinta-feira,17:20:00,PE,101,72,RECIFE,Desobediência às normas de trânsito pelo condutor,Colisão transversal,Com Vítimas Feridas,Anoitecer,Decrescente,Céu Claro,Simples,Reta,Sim,2,0,1,0,1,0,1,2,"-8,08493106","-34,9450639",SPRF-PE,DEL01-PE,UOP01-DEL01-PE
251009,2019-11-21,quinta-feira,21:00:00,PE,101,"103,3",CABO DE SANTO AGOSTINHO,Desobediência às normas de trânsito pelo condutor,Colisão frontal,Com Vítimas Feridas,Plena Noite,Decrescente,Céu Claro,Simples,Interseção de Vias,Sim,2,0,0,2,0,0,2,2,"-8,29241321","-35,05598304",SPRF-PE,DEL01-PE,UOP03-DEL01-PE
251014,2019-11-21,quinta-feira,18:25:00,PE,232,"508,3",SALGUEIRO,Falta de Atenção à Condução,Colisão transversal,Com Vítimas Feridas,Plena Noite,Decrescente,Céu Claro,Simples,Interseção de Vias,Sim,2,0,1,0,1,0,1,2,"-8,06223271","-39,12095006",SPRF-PE,DEL05-PE,UOP01-DEL05-PE
251052,2019-11-21,quinta-feira,22:00:00,PE,101,"72,6",RECIFE,Falta de Atenção à Condução,Tombamento,Com Vítimas Fatais,Plena Noite,Crescente,Céu Claro,Dupla,Curva,Sim,1,1,0,0,0,0,0,1,"-8,08493106","-34,9450639",SPRF-PE,DEL01-PE,UOP01-DEL01-PE
251127,2019-11-22,sexta-feira,11:50:00,PE,101,"75,2",RECIFE,Falta de Atenção do Pedestre,Atropelamento de Pedestre,Sem Vítimas,Pleno dia,Crescente,Sol,Dupla,Reta,Sim,4,0,0,0,1,3,0,2,"-8,10973523","-34,94660151",SPRF-PE,DEL01-PE,UOP01-DEL01-PE
251132,2019-11-22,sexta-feira,12:30:00,PE,232,124,CARUARU,Mal Súbito,Colisão traseira,Com Vítimas Feridas,Pleno dia,Crescente,Sol,Dupla,Reta,Não,3,0,1,1,1,0,2,2,"-8,3061041","-35,93702498",SPRF-PE,DEL02-PE,UOP03-DEL02-PE
251160,2019-11-22,sexta-feira,13:30:00,PE,232,122,CARUARU,Desobediência às normas de trânsito pelo condutor,Colisão traseira,Sem Vítimas,Pleno dia,Crescente,Sol,Dupla,Reta,Não,5,0,0,0,5,0,0,2,"-8,30217741","-35,91946793",SPRF-PE,DEL02-PE,UOP03-DEL02-PE
251163,2019-11-22,sexta-feira,14:20:00,PE,101,"50,9",ABREU E LIMA,Desobediência às normas de trânsito pelo condutor,Colisão traseira,Com Vítimas Feridas,Pleno dia,Crescente,Céu Claro,Dupla,Reta,Sim,4,0,1,0,3,0,1,3,"-7,90938602","-34,90123228",SPRF-PE,DEL01-PE,UOP02-DEL01-PE
251170,2019-11-22,sexta-feira,15:01:00,PE,428,"185,8",PETROLINA,Desobediência às normas de trânsito pelo condutor,Colisão transversal,Com Vítimas Feridas,Pleno dia,Crescente,Céu Claro,Simples,Interseção de Vias,Sim,2,0,1,0,1,0,1,2,"-9,34744753","-40,47363281",SPRF-PE,DEL06-PE,UOP01-DEL06-PE
251262,2019-11-22,sexta-feira,22:00:00,PE,428,155,PETROLINA,Ingestão de Álcool,Colisão lateral,Com Vítimas Feridas,Plena Noite,Crescente,Céu Claro,Simples,Reta,Não,2,0,1,0,1,0,1,2,"-9,10010511","-40,32915831",SPRF-PE,DEL06-PE,UOP01-DEL06-PE
251375,2019-11-23,sábado,12:20:00,PE,232,"408,4",SERRA TALHADA,Falta de Atenção à Condução,Colisão transversal,Com Vítimas Feridas,Pleno dia,Decrescente,Céu Claro,Simples,Reta,Sim,3,0,0,2,0,1,2,2,"-7,98371447","-38,28047709",SPRF-PE,DEL04-PE,UOP01-DEL04-PE
251418,2019-11-23,sábado,17:15:00,PE,101,"45,9",IGARASSU,Desobediência às normas de trânsito pelo condutor,Atropelamento de Pedestre,Com Vítimas Feridas,Pleno dia,Crescente,Céu Claro,Múltipla,Reta,Sim,5,0,0,4,1,0,4,2,"-7,86521297","-34,90715176",SPRF-PE,DEL01-PE,UOP02-DEL01-PE
251424,2019-11-23,sábado,18:00:00,PE,101,"43,2",IGARASSU,Falta de Atenção à Condução,Colisão frontal,Com Vítimas Feridas,Plena Noite,Crescente,Céu Claro,Simples,Reta,Sim,3,0,0,1,2,0,1,2,"-7,85012","-34,909462",SPRF-PE,DEL01-PE,UOP02-DEL01-PE
251445,2019-11-23,sábado,18:50:00,PE,232,409,SERRA TALHADA,Ingestão de Álcool,Colisão traseira,Sem Vítimas,Plena Noite,Decrescente,Céu Claro,Simples,Reta,Sim,2,0,0,0,1,1,0,2,"-7,981944","-38,289467",SPRF-PE,DEL04-PE,UOP01-DEL04-PE
251494,2019-11-23,sábado,23:30:00,PE,232,"334,2",CUSTODIA,Ingestão de Álcool,Colisão traseira,Com Vítimas Feridas,Plena Noite,Crescente,Céu Claro,Simples,Reta,Sim,2,0,1,0,1,0,1,2,"-8,08713014","-37,63719862",SPRF-PE,DEL03-PE,UOP02-DEL03-PE
251542,2019-11-24,domingo,05:30:00,PE,408,105,JABOATAO DOS GUARARAPES,Velocidade Incompatível,Capotamento,Sem Vítimas,Amanhecer,Crescente,Céu Claro,Simples,Curva,Sim,1,0,0,0,0,1,0,1,"-8,0730937","-34,99190714",SPRF-PE,DEL01-PE,UOP01-DEL01-PE
251596,2019-11-24,domingo,11:30:00,PE,104,"21,1",TAQUARITINGA DO NORTE,Ultrapassagem Indevida,Saída de leito carroçável,Com Vítimas Feridas,Pleno dia,Crescente,Céu Claro,Simples,Reta,Não,11,0,8,0,1,2,8,2,"-7,964189","-36,124378",SPRF-PE,DEL02-PE,UOP01-DEL02-PE
251612,2019-11-24,domingo,14:50:00,PE,232,11,JABOATAO DOS GUARARAPES,Sinalização da via insuficiente ou inadequada,Colisão frontal,Com Vítimas Feridas,Pleno dia,Crescente,Céu Claro,Simples,Curva,Não,2,0,0,1,1,0,1,2,"-8,08195464","-34,99545022",SPRF-PE,DEL01-PE,UOP01-DEL01-PE
251615,2019-11-24,domingo,15:05:00,PE,232,134,CARUARU,Ingestão de Álcool,Colisão traseira,Com Vítimas Feridas,Pleno dia,Decrescente,Sol,Dupla,Reta,Não,2,0,1,0,1,0,1,2,"-8,30853497","-36,02442101",SPRF-PE,DEL02-PE,UOP03-DEL02-PE
251700,2019-11-24,domingo,16:20:00,PE,423,94,GARANHUNS,Desobediência às normas de trânsito pelo condutor,Colisão traseira,Sem Vítimas,Pleno dia,Crescente,Céu Claro,Simples,Reta,Sim,3,0,0,0,2,1,0,3,"-8,874732","-36,46946",SPRF-PE,DEL03-PE,UOP01-DEL03-PE
251709,2019-11-24,domingo,21:30:00,PE,232,"158,2",TACAIMBO,Desobediência às normas de trânsito pelo condutor,Colisão frontal,Com Vítimas Fatais,Plena Noite,Crescente,Céu Claro,Simples,Reta,Não,2,1,0,0,1,0,0,2,"-8,33051268","-36,23532702",SPRF-PE,DEL02-PE,UOP03-DEL02-PE
251762,2019-11-25,segunda-feira,05:50:00,PE,104,"60,2",CARUARU,Desobediência às normas de trânsito pelo condutor,Colisão frontal,Com Vítimas Feridas,Pleno dia,Decrescente,Céu Claro,Dupla,Reta,Sim,2,0,1,0,1,0,1,2,"-8,2438","-35,9752",SPRF-PE,DEL02-PE,UOP01-DEL02-PE
251812,2019-11-25,segunda-feira,08:35:00,PE,232,"5,6",RECIFE,Falta de Atenção à Condução,Colisão lateral,Sem Vítimas,Pleno dia,Decrescente,Céu Claro,Dupla,Reta,Sim,2,0,0,0,1,1,0,2,"-8,06795766","-34,94535414",SPRF-PE,DEL01-PE,UOP01-DEL01-PE
251813,2019-11-25,segunda-feira,05:50:00,PE,232,"94,7",SAIRE,Falta de Atenção à Condução,Saída de leito carroçável,Sem Vítimas,Pleno dia,Crescente,Céu Claro,Dupla,Curva,Não,1,0,0,0,1,0,0,1,"-8,22473335","-35,69081624",SPRF-PE,DEL01-PE,UOP02-DEL02PE
251827,2019-11-25,segunda-feira,13:00:00,PE,101,"81,1",JABOATAO DOS GUARARAPES,Falta de Atenção à Condução,Colisão lateral,Com Vítimas Feridas,Pleno dia,Crescente,Céu Claro,Simples,Curva,Sim,2,0,1,0,1,0,1,2,"-8,17054197","-34,93875504",SPRF-PE,DEL01-PE,UOP03-DEL01-PE