id,data_inversa,dia_semana,horario,uf,br,km,municipio,causa_acidente,tipo_acidente,classificacao_acidente,fase_dia,sentido_via,condicao_metereologica,tipo_pista,tracado_via,uso_solo,pessoas,mortos,feridos_leves,feridos_graves,ilesos,ignorados,feridos,veiculos,latitude,longitude,regional,delegacia,uop
288812,2020-06-08,segunda-feira,02:40:00,PE,232,157,TACAIMBO,Ingestão de Álcool,Colisão traseira,Com Vítimas Feridas,Plena Noite,Crescente,Nublado,Simples,Reta,Não,3,0,2,0,1,0,2,2,"-8,32994251","-36,22627296",SPRF-PE,DEL02-PE,UOP03-DEL02-PE
288824,2020-06-08,segunda-feira,07:00:00,PE,101,61,RECIFE,Falta de Atenção à Condução,Colisão traseira,Com Vítimas Feridas,Pleno dia,Crescente,Nublado,Dupla,Reta,Sim,2,0,1,0,1,0,1,2,"-7,99097103","-34,93598295",SPRF-PE,DEL01-PE,UOP02-DEL01-PE
288945,2020-06-08,segunda-feira,16:50:00,PE,101,67,RECIFE,Velocidade Incompatível,Saída de leito carroçável,Sem Vítimas,Pleno dia,Crescente,Céu Claro,Dupla,Reta,Sim,1,0,0,0,1,0,0,1,"-8,043755","-34,9438",SPRF-PE,DEL01-PE,UOP01-DEL01-PE
289049,2020-05-12,terça-feira,07:50:00,PE,101,128,ESCADA,Sinalização da via insuficiente ou inadequada,Colisão traseira,Sem Vítimas,Pleno dia,Decrescente,Chuva,Dupla,Reta,Sim,2,0,0,0,2,0,0,2,"-8,37986492","-35,24406405",SPRF-PE,DEL01-PE,UOP03-DEL01-PE
289217,2020-05-10,domingo,12:45:00,PE,232,114,CARUARU,Falta de Atenção à Condução,Saída de leito carroçável,Com Vítimas Fatais,Pleno dia,Crescente,Céu Claro,Dupla,Reta,Não,1,1,0,0,0,0,0,1,"-8,29906533","-35,8402169",SPRF-PE,DEL02-PE,UOP03-DEL02-PE
289272,2020-06-10,quarta-feira,14:25:00,PE,101,"51,5",PAULISTA,Velocidade Incompatível,Derramamento de carga,Sem Vítimas,Pleno dia,Decrescente,Nublado,Dupla,Declive;Curva;Viaduto         ,Sim,1,0,0,0,1,0,0,1,"-7,92100863","-34,89219189",SPRF-PE,DEL01-PE,UOP02-DEL01-PE
289337,2020-06-10,quarta-feira,20:30:00,PE,232,"179,1",BELO JARDIM,Desobediência às normas de trânsito pelo condutor,Colisão transversal,Com Vítimas Feridas,Plena Noite,Decrescente,Chuva,Simples,Reta,Sim,3,0,1,1,1,0,2,2,"-8,34353242","-36,4199731",SPRF-PE,DEL02-PE,UOP03-DEL02-PE
289392,2020-06-11,quinta-feira,04:15:00,PE,232,"49,5",POMBOS,Desobediência às normas de trânsito pelo condutor,Colisão transversal,Sem Vítimas,Amanhecer,Crescente,Nublado,Dupla,Reta,Não,2,0,0,0,1,1,0,2,"-8,143676","-35,314419",SPRF-PE,DEL02-PE,UOP02-DEL02PE
289398,2020-06-11,quinta-feira,04:40:00,PE,428,"122,9",SANTA MARIA DA BOA VISTA,Animais na Pista,Atropelamento de Animal,Com Vítimas Feridas,Amanhecer,Decrescente,Céu Claro,Simples,Reta,Não,2,0,1,0,1,0,1,2,"-8,93294831","-40,12337189",SPRF-PE,DEL06-PE,UOP03-DEL06-PE
289408,2020-06-11,quinta-feira,07:55:00,PE,101,37,IGARASSU,Desobediência às normas de trânsito pelo condutor,Saída de leito carroçável,Sem Vítimas,Pleno dia,Decrescente,Céu Claro,Dupla,Curva,Sim,2,0,0,0,1,1,0,2,"-7,79726705","-34,9274932",SPRF-PE,DEL01-PE,UOP02-DEL01-PE
289446,2020-06-11,quinta-feira,11:40:00,PE,232,39,VITORIA DE SANTO ANTAO,Falta de Atenção à Condução,Tombamento,Sem Vítimas,Pleno dia,Decrescente,Céu Claro,Dupla,Reta,Sim,1,0,0,0,1,0,0,1,"-8,11725249","-35,2270359",SPRF-PE,DEL02-PE,UOP02-DEL02PE
289551,2020-06-11,quinta-feira,22:50:00,PE,232,"227,1",PESQUEIRA,Ingestão de Álcool,Colisão frontal,Com Vítimas Feridas,Plena Noite,Decrescente,Céu Claro,Simples,Reta,Não,2,0,1,0,0,1,1,2,"-8,40012724","-36,84674304",SPRF-PE,DEL03-PE,UOP02-DEL03-PE
289853,2020-06-13,sábado,19:40:00,PE,101,194,PALMARES,Velocidade Incompatível,Saída de leito carroçável,Com Vítimas Feridas,Plena Noite,Crescente,Céu Claro,Dupla,Curva,Não,2,0,0,1,1,0,1,2,"-8,728161","-35,609124",SPRF-PE,DEL01-PE,UOP03-DEL01-PE
290232,2020-06-16,terça-feira,02:40:00,PE,423,"66,5",JUPI,Restrição de Visibilidade,Colisão traseira,Com Vítimas Feridas,Plena Noite,Decrescente,Chuva,Simples,Reta,Não,2,0,1,0,0,1,1,2,"-8,66844631","-36,37491793",SPRF-PE,DEL03-PE,UOP01-DEL03-PE
290315,2020-06-16,terça-feira,15:15:00,PE,232,172,BELO JARDIM,Ultrapassagem Indevida,Colisão lateral,Sem Vítimas,Pleno dia,Decrescente,Nublado,Simples,Ponte,Não,2,0,0,0,2,0,0,2,"-8,33854887","-36,360134",SPRF-PE,DEL02-PE,UOP03-DEL02-PE
290433,2020-06-17,quarta-feira,03:00:00,PE,316,146,PARNAMIRIM,Velocidade Incompatível,Saída de leito carroçável,Com Vítimas Feridas,Plena Noite,Decrescente,Chuva,Simples,Declive,Sim,1,0,1,0,0,0,1,1,"-8,09596482","-39,58485004",SPRF-PE,DEL05-PE,UOP02-DEL05-PE
290527,2020-06-17,quarta-feira,20:05:00,PE,428,183,PETROLINA,Desobediência às normas de trânsito pelo condutor,Colisão lateral,Com Vítimas Fatais,Plena Noite,Decrescente,Céu Claro,Simples,Reta,Sim,2,1,0,0,1,0,0,2,"-9,32412987","-40,46211325",SPRF-PE,DEL06-PE,UOP01-DEL06-PE
290588,2020-06-18,quinta-feira,08:15:00,PE,101,"41,9",IGARASSU,Falta de Atenção à Condução,Colisão transversal,Com Vítimas Feridas,Pleno dia,Crescente,Céu Claro,Múltipla,Reta,Sim,4,0,1,0,2,1,1,3,"-7,83038346","-34,91426785",SPRF-PE,DEL01-PE,UOP02-DEL01-PE
290770,2020-06-19,sexta-feira,07:30:00,PE,101,50,ABREU E LIMA,Ingestão de Álcool,Colisão lateral,Sem Vítimas,Pleno dia,Crescente,Nublado,Múltipla,Reta,Sim,3,0,0,0,2,1,0,3,"-7,90938602","-34,90123228",SPRF-PE,DEL01-PE,UOP02-DEL01-PE
290814,2020-06-19,sexta-feira,14:30:00,PE,407,"60,4",PETROLINA,Animais na Pista,Tombamento,Sem Vítimas,Pleno dia,Decrescente,Céu Claro,Simples,Reta,Não,1,0,0,0,1,0,0,1,"-8,85616179","-40,78347886",SPRF-PE,DEL06-PE,UOP02-DEL06-PE
290818,2020-06-19,sexta-feira,08:30:00,PE,101,198,PALMARES,Pista Escorregadia,Saída de leito carroçável,Sem Vítimas,Pleno dia,Crescente,Chuva,Dupla,Reta,Não,1,0,0,0,1,0,0,1,"-8,76149626","-35,60542345",SPRF-PE,DEL01-PE,UOP03-DEL01-PE
290843,2020-06-19,sexta-feira,17:30:00,PE,104,"83,9",AGRESTINA,Falta de Atenção à Condução,Colisão frontal,Com Vítimas Feridas,Anoitecer,Crescente,Nublado,Simples,Reta,Não,4,0,2,1,1,0,3,2,"-8,43066","-35,95916",SPRF-PE,DEL02-PE,UOP01-DEL02-PE
290901,2020-06-19,sexta-feira,18:30:00,PE,316,"21,7",ARARIPINA,Ingestão de Álcool,Colisão frontal,Com Vítimas Feridas,Plena Noite,Crescente,Nublado,Simples,Aclive;Reta                   ,Sim,2,0,0,1,1,0,1,2,"-7,56839315","-40,52717307",SPRF-PE,DEL05-PE,UOP02-DEL05-PE
290914,2020-06-19,sexta-feira,13:40:00,PE,116,"48,3",SALGUEIRO,Objeto estático sobre o leito carroçável,Engavetamento,Com Vítimas Feridas,Pleno dia,Decrescente,Garoa/Chuvisco,Simples,Reta,Não,3,0,2,0,1,0,2,3,"-8,257788","-39,11515",SPRF-PE,DEL05-PE,UOP01-DEL05-PE
290951,2020-06-20,sábado,06:20:00,PE,104,"56,6",CARUARU,Mal Súbito,Queda de ocupante de veículo,Com Vítimas Feridas,Pleno dia,Decrescente,Nublado,Dupla,Reta,Não,2,0,1,0,1,0,1,1,"-8,2098","-35,9712",SPRF-PE,DEL02-PE,UOP01-DEL02-PE
290980,2020-06-20,sábado,11:00:00,PE,428,141,PETROLINA,Ingestão de Álcool,Colisão transversal,Com Vítimas Feridas,Pleno dia,Crescente,Céu Claro,Simples,Declive,Sim,2,0,1,0,1,0,1,2,"-8,99987394","-40,2721263",SPRF-PE,DEL06-PE,UOP01-DEL06-PE
291108,2020-06-20,sábado,21:30:00,PE,423,"155,7",AGUAS BELAS,Defeito Mecânico no Veículo,Colisão lateral,Com Vítimas Feridas,Plena Noite,Decrescente,Garoa/Chuvisco,Simples,Reta,Não,3,0,2,0,1,0,2,2,"-9,061903","-36,944395",SPRF-PE,DEL03-PE,UOP01-DEL03-PE
291435,2020-06-13,sábado,18:10:00,PE,423,77,JUCATI,Desobediência às normas de trânsito pelo condutor,Colisão traseira,Sem Vítimas,Plena Noite,Decrescente,Chuva,Simples,Curva,Não,2,0,0,0,2,0,0,2,"-8,740482","-36,43069893",SPRF-PE,DEL03-PE,UOP01-DEL03-PE
291484,2020-06-22,segunda-feira,20:00:00,PE,116,"35,8",SALGUEIRO,Sinalização da via insuficiente ou inadequada,Colisão com objeto estático,Sem Vítimas,Plena Noite,Crescente,Céu Claro,Simples,Ponte,Não,2,0,0,0,2,0,0,1,"-8,144699","-39,111214",SPRF-PE,DEL05-PE,UOP01-DEL05-PE
291495,2020-06-16,terça-feira,14:15:00,PE,424,"94,6",GARANHUNS,Velocidade Incompatível,Colisão transversal,Com Vítimas Feridas,Pleno dia,Crescente,Nublado,Simples,Aclive,Não,4,0,0,2,2,0,2,2,"-8,92489","-36,489456",SPRF-PE,DEL03-PE,UOP01-DEL03-PE
291651,2020-06-23,terça-feira,23:50:00,PE,116,45,SALGUEIRO,Desobediência às normas de trânsito pelo condutor,Colisão transversal,Com Vítimas Feridas,Plena Noite,Crescente,Céu Claro,Simples,Reta,Não,2,0,1,0,1,0,1,2,"-8,231612","-39,108917",SPRF-PE,DEL05-PE,UOP01-DEL05-PE
291654,2020-06-24,quarta-feira,01:50:00,PE,232,"445,5",SAO JOSE DO BELMONTE,Ingestão de Álcool,Colisão lateral,Sem Vítimas,Plena Noite,Decrescente,Céu Claro,Simples,Reta,Não,2,0,0,0,1,1,0,2,"-8,00623102","-38,601546",SPRF-PE,DEL04-PE,UOP01-DEL04-PE
291674,2020-06-24,quarta-feira,08:25:00,PE,316,18,ARARIPINA,Falta de Atenção à Condução,Colisão transversal,Com Vítimas Feridas,Pleno dia,Decrescente,Céu Claro,Simples,Reta,Não,2,0,1,0,1,0,1,2,"-7,54597815","-40,54538619",SPRF-PE,DEL05-PE,UOP02-DEL05-PE
291798,2020-06-24,quarta-feira,23:00:00,PE,232,"281,5",SERTANIA,Animais na Pista,Atropelamento de Animal,Sem Vítimas,Plena Noite,Decrescente,Vento,Simples,Reta,Não,1,0,0,0,1,0,0,1,"-8,34770731","-37,29960517",SPRF-PE,DEL03-PE,UOP02-DEL03-PE
291828,2020-06-25,quinta-feira,06:40:00,PE,101,137,RIBEIRAO,Falta de Atenção à Condução,Colisão com objeto estático,Com Vítimas Feridas,Pleno dia,Decrescente,Céu Claro,Dupla,Curva,Não,2,0,1,0,1,0,1,2,"-8,41675194","-35,31126636",SPRF-PE,DEL01-PE,UOP03-DEL01-PE
292178,2020-06-26,sexta-feira,21:45:00,PE,116,7,SALGUEIRO,Condutor Dormindo,Colisão frontal,Com Vítimas Feridas,Plena Noite,Decrescente,Céu Claro,Simples,Declive,Não,2,0,1,0,1,0,1,2,"-7,911549","-39,11797",SPRF-PE,DEL05-PE,UOP01-DEL05-PE
292226,2020-06-27,sábado,09:30:00,PE,101,83,JABOATAO DOS GUARARAPES,Desobediência às normas de trânsito pelo condutor,Colisão transversal,Com Vítimas Feridas,Pleno dia,Crescente,Ignorado,Dupla,Retorno Regulamentado,Sim,2,0,0,1,1,0,1,2,"-8,17779355","-34,94868457",SPRF-PE,DEL01-PE,UOP03-DEL01-PE
292237,2020-06-27,sábado,10:30:00,PE,428,"130,2",LAGOA GRANDE,Condutor Dormindo,Colisão com objeto estático,Com Vítimas Feridas,Pleno dia,Decrescente,Sol,Simples,Declive,Não,2,0,0,2,0,0,2,1,"-8,95601699","-40,190167",SPRF-PE,DEL06-PE,UOP03-DEL06-PE
292350,2020-06-27,sábado,22:30:00,PE,423,"27,4",SAO CAITANO,Falta de Atenção à Condução,Colisão lateral,Com Vítimas Fatais,Plena Noite,Crescente,Nublado,Simples,Reta,Não,2,1,1,0,0,0,1,2,"-8,39548998","-36,18077804",SPRF-PE,DEL02-PE,UOP03-DEL02-PE
292441,2020-06-28,domingo,05:30:00,PE,232,"436,5",SERRA TALHADA,Condutor Dormindo,Saída de leito carroçável,Sem Vítimas,Pleno dia,Crescente,Céu Claro,Simples,Reta,Não,1,0,0,0,0,1,0,1,"-8,00917074","-38,52468505",SPRF-PE,DEL04-PE,UOP01-DEL04-PE
292544,2020-06-28,domingo,23:00:00,PE,407,"24,2",AFRANIO,Velocidade Incompatível,Capotamento,Com Vítimas Fatais,Plena Noite,Crescente,Céu Claro,Simples,Curva,Não,1,1,0,0,0,0,0,1,"-8,63036725","-40,99247219",SPRF-PE,DEL06-PE,UOP02-DEL06-PE
292847,2020-06-30,terça-feira,19:00:00,PE,104,"43,2",CARUARU,Defeito na Via,Colisão lateral,Com Vítimas Feridas,Plena Noite,Crescente,Céu Claro,Dupla,Interseção de Vias,Sim,3,0,1,0,2,0,1,3,"-8,1133","-36,0155",SPRF-PE,DEL02-PE,UOP01-DEL02-PE
292862,2020-07-01,quarta-feira,00:10:00,PE,101,"52,6",ABREU E LIMA,Condutor Dormindo,Tombamento,Sem Vítimas,Plena Noite,Crescente,Chuva,Múltipla,Reta,Não,1,0,0,0,1,0,0,1,"-7,92358799","-34,89607201",SPRF-PE,DEL01-PE,UOP02-DEL01-PE
292875,2020-07-01,quarta-feira,06:00:00,PE,110,97,SERTANIA,Falta de Atenção à Condução,Atropelamento de Pedestre,Com Vítimas Feridas,Pleno dia,Decrescente,Céu Claro,Simples,Reta,Não,4,0,1,0,2,1,1,3,"-8,37247412","-37,29327894",SPRF-PE,DEL03-PE,UOP02-DEL03-PE
292988,2020-07-01,quarta-feira,19:00:00,PE,232,212,PESQUEIRA,Ultrapassagem Indevida,Colisão frontal,Com Vítimas Feridas,Plena Noite,Decrescente,Céu Claro,Simples,Reta,Sim,2,0,0,1,1,0,1,2,"-8,37328104","-36,71376998",SPRF-PE,DEL02-PE,UOP03-DEL02-PE
293017,2020-07-02,quinta-feira,05:45:00,PE,101,"69,2",RECIFE,Falta de Atenção à Condução,Colisão lateral,Com Vítimas Feridas,Pleno dia,Crescente,Céu Claro,Dupla,Reta,Sim,3,0,2,0,1,0,2,2,"-8,05951606","-34,94581024",SPRF-PE,DEL01-PE,UOP01-DEL01-PE
293100,2020-07-02,quinta-feira,17:25:00,PE,101,"42,8",IGARASSU,Falta de Atenção à Condução,Colisão traseira,Sem Vítimas,Anoitecer,Decrescente,Céu Claro,Múltipla,Curva;Declive                 ,Sim,2,0,0,0,2,0,0,2,"-7,84753808","-34,90977038",SPRF-PE,DEL01-PE,UOP02-DEL01-PE
293434,2020-07-04,sábado,11:10:00,PE,232,333,CUSTODIA,Falta de Atenção à Condução,Colisão frontal,Com Vítimas Feridas,Pleno dia,Crescente,Céu Claro,Simples,Reta,Sim,2,0,0,1,1,0,1,2,"-8,0886886","-37,62796997",SPRF-PE,DEL03-PE,UOP02-DEL03-PE
293450,2020-07-04,sábado,09:50:00,PE,232,"410,8",SERRA TALHADA,Não guardar distância de segurança,Colisão traseira,Com Vítimas Feridas,Pleno dia,Crescente,Céu Claro,Simples,Curva,Sim,2,0,0,1,1,0,1,2,"-7,98261841","-38,30039606",SPRF-PE,DEL04-PE,UOP01-DEL04-PE
293464,2020-07-04,sábado,14:30:00,PE,423,76,JUPI,Falta de Atenção à Condução,Tombamento,Com Vítimas Fatais,Pleno dia,Crescente,Céu Claro,Simples,Curva,Não,1,1,0,0,0,0,0,1,"-8,73183901","-36,43146015",SPRF-PE,DEL03-PE,UOP01-DEL03-PE
293614,2020-07-05,domingo,01:30:00,PE,101,"84,6",JABOATAO DOS GUARARAPES,Animais na Pista,Atropelamento de Animal,Sem Vítimas,Plena Noite,Decrescente,Céu Claro,Dupla,Ponte,Não,1,0,0,0,1,0,0,1,"-8,179835","-34,95847",SPRF-PE,DEL01-PE,UOP03-DEL01-PE
293669,2020-07-05,domingo,13:35:00,PE,232,"156,2",SAO CAITANO,Ultrapassagem Indevida,Saída de leito carroçável,Com Vítimas Feridas,Pleno dia,Crescente,Céu Claro,Simples,Reta,Não,3,0,1,0,2,0,1,1,"-8,32936019","-36,21722099",SPRF-PE,DEL02-PE,UOP03-DEL02-PE
293874,2020-07-06,segunda-feira,11:20:00,PE,101,"35,8",ITAPISSUMA,Pista Escorregadia,Saída de leito carroçável,Sem Vítimas,Pleno dia,Decrescente,Chuva,Dupla,Declive,Não,2,0,0,0,1,1,0,2,"-7,77952193","-34,93231384",SPRF-PE,DEL01-PE,UOP02-DEL01-PE
294010,2020-07-07,terça-feira,07:20:00,PE,101,"67,5",RECIFE,Falta de Atenção à Condução,Colisão lateral,Com Vítimas Feridas,Pleno dia,Decrescente,Céu Claro,Múltipla,Reta,Sim,3,0,1,0,1,1,1,3,"-8,047066","-34,944876",SPRF-PE,DEL01-PE,UOP01-DEL01-PE
294025,2020-07-07,terça-feira,07:00:00,PE,424,"86,7",GARANHUNS,Falta de Atenção à Condução,Capotamento,Com Vítimas Feridas,Pleno dia,Crescente,Nublado,Simples,Reta,Não,1,0,1,0,0,0,1,1,"-8,87582827","-36,50737524",SPRF-PE,DEL03-PE,UOP01-DEL03-PE
294228,2020-07-08,quarta-feira,13:10:00,PE,101,47,IGARASSU,Não guardar distância de segurança,Colisão traseira,Sem Vítimas,Pleno dia,Decrescente,Céu Claro,Múltipla,Reta,Sim,2,0,0,0,1,1,0,2,"-7,88290701","-34,90461208",SPRF-PE,DEL01-PE,UOP02-DEL01-PE
294572,2020-07-10,sexta-feira,13:50:00,PE,232,84,GRAVATA,Falta de Atenção à Condução,Saída de leito carroçável,Com Vítimas Feridas,Pleno dia,Decrescente,Nublado,Dupla,Aclive,Não,1,0,1,0,0,0,1,1,"-8,2059894","-35,60359683",SPRF-PE,DEL02-PE,UOP02-DEL02PE
294581,2020-07-10,sexta-feira,09:30:00,PE,424,"111,9",GARANHUNS,Falta de Atenção à Condução,Saída de leito carroçável,Com Vítimas Fatais,Pleno dia,Crescente,Chuva,Simples,Curva,Não,1,1,0,0,0,0,0,1,"-9,01211003","-36,46413203",SPRF-PE,DEL03-PE,UOP01-DEL03-PE
294715,2020-07-11,sábado,04:50:00,PE,116,"30,9",SALGUEIRO,Ultrapassagem Indevida,Colisão frontal,Com Vítimas Fatais,Amanhecer,Decrescente,Nublado,Simples,Reta,Não,2,1,0,0,1,0,0,2,"-8,103991","-39,12421",SPRF-PE,DEL05-PE,UOP01-DEL05-PE
294889,2020-07-11,sábado,21:50:00,PE,232,"410,2",SERRA TALHADA,Ingestão de Álcool,Colisão lateral,Sem Vítimas,Plena Noite,Crescente,Céu Claro,Simples,Reta,Não,3,0,0,0,3,0,0,2,"-7,98261841","-38,30039606",SPRF-PE,DEL04-PE,UOP01-DEL04-PE
294909,2020-07-11,sábado,23:20:00,PE,104,127,PANELAS,Condutor Dormindo,Colisão com objeto estático,Com Vítimas Feridas,Plena Noite,Crescente,Chuva,Simples,Curva,Não,1,0,1,0,0,0,1,1,"-8,75797","-36,02649",SPRF-PE,DEL02-PE,UOP01-DEL02-PE
294997,2020-07-12,domingo,11:10:00,PE,232,10,JABOATAO DOS GUARARAPES,Defeito Mecânico no Veículo,Colisão com objeto em movimento,Com Vítimas Feridas,Pleno dia,Decrescente,Sol,Dupla,Reta,Sim,2,0,1,0,1,0,1,2,"-8,07917241","-34,98718609",SPRF-PE,DEL01-PE,UOP01-DEL01-PE
295012,2020-07-12,domingo,11:50:00,PE,423,79,JUCATI,Restrição de Visibilidade,Colisão transversal,Sem Vítimas,Pleno dia,Crescente,Céu Claro,Simples,Reta,Sim,3,0,0,0,2,1,0,3,"-8,75775101","-36,43052006",SPRF-PE,DEL03-PE,UOP01-DEL03-PE
295144,2020-06-15,segunda-feira,12:40:00,PE,424,"83,4",GARANHUNS,Velocidade Incompatível,Saída de leito carroçável,Com Vítimas Feridas,Pleno dia,Decrescente,Chuva,Simples,Curva,Não,2,0,0,2,0,0,2,1,"-8,84593423","-36,52457016",SPRF-PE,DEL03-PE,UOP01-DEL03-PE
295290,2020-07-13,segunda-feira,19:15:00,PE,101,84,JABOATAO DOS GUARARAPES,Não guardar distância de segurança,Tombamento,Com Vítimas Feridas,Plena Noite,Crescente,Céu Claro,Dupla,Curva,Sim,3,0,2,0,1,0,2,1,"-8,177631","-34,952876",SPRF-PE,DEL01-PE,UOP03-DEL01-PE
295452,2020-07-14,terça-feira,20:00:00,PE,232,"223,8",PESQUEIRA,Velocidade Incompatível,Saída de leito carroçável,Com Vítimas Feridas,Plena Noite,Crescente,Céu Claro,Simples,Curva,Não,1,0,0,1,0,0,1,1,"-8,40436455","-36,81023008",SPRF-PE,DEL03-PE,UOP02-DEL03-PE
295470,2020-07-14,terça-feira,20:50:00,PE,232,"260,6",ARCOVERDE,Animais na Pista,Atropelamento de Animal,Sem Vítimas,Plena Noite,Decrescente,Céu Claro,Simples,Reta,Não,1,0,0,0,1,0,0,1,"-8,40717481","-37,12911505",SPRF-PE,DEL03-PE,UOP02-DEL03-PE
295480,2020-07-14,terça-feira,23:45:00,PE,101,"205,7",XEXEU,Ingestão de Álcool,Saída de leito carroçável,Sem Vítimas,Plena Noite,Crescente,Céu Claro,Dupla,Reta,Não,1,0,0,0,1,0,0,1,"-8,81243","-35,628826",SPRF-PE,DEL01-PE,UOP03-DEL01-PE
295672,2020-07-16,quinta-feira,09:00:00,PE,101,"46,8",IGARASSU,Não guardar distância de segurança,Colisão traseira,Sem Vítimas,Pleno dia,Crescente,Chuva,Múltipla,Reta,Sim,2,0,0,0,2,0,0,2,"-7,87406004","-34,90588126",SPRF-PE,DEL01-PE,UOP02-DEL01-PE
295744,2020-07-16,quinta-feira,19:10:00,PE,101,"67,4",RECIFE,Velocidade Incompatível,Colisão traseira,Sem Vítimas,Plena Noite,Crescente,Céu Claro,Múltipla,Reta,Sim,3,0,0,0,3,0,0,3,"-8,042334","-34,943096",SPRF-PE,DEL01-PE,UOP01-DEL01-PE
295815,2020-07-17,sexta-feira,08:00:00,PE,101,"79,1",JABOATAO DOS GUARARAPES,Falta de Atenção à Condução,Colisão transversal,Com Vítimas Feridas,Pleno dia,Decrescente,Chuva,Dupla,Reta,Sim,2,0,1,0,0,1,1,2,"-8,15112589","-34,9428866",SPRF-PE,DEL01-PE,UOP01-DEL01-PE
295856,2020-07-17,sexta-feira,12:35:00,PE,232,"65,9",GRAVATA,Falta de Atenção à Condução,Colisão traseira,Com Vítimas Feridas,Pleno dia,Crescente,Chuva,Simples,Reta,Não,2,0,0,1,1,0,1,2,"-8,16454496","-35,44785302",SPRF-PE,DEL02-PE,UOP02-DEL02PE
295866,2020-07-17,sexta-feira,13:20:00,PE,101,73,RECIFE,Defeito Mecânico no Veículo,Colisão com objeto estático,Com Vítimas Feridas,Pleno dia,Crescente,Nublado,Dupla,Reta,Sim,1,0,1,0,0,0,1,1,"-8,093369","-34,947464",SPRF-PE,DEL01-PE,UOP01-DEL01-PE
295889,2020-07-17,sexta-feira,15:30:00,PE,428,189,PETROLINA,Falta de Atenção à Condução,Colisão lateral,Com Vítimas Feridas,Pleno dia,Decrescente,Sol,Dupla,Reta,Sim,2,0,1,0,1,0,1,2,"-9,37197508","-40,48679585",SPRF-PE,DEL06-PE,UOP01-DEL06-PE
295899,2020-07-17,sexta-feira,14:50:00,PE,101,"42,9",IGARASSU,Falta de Atenção à Condução,Colisão com objeto estático,Com Vítimas Feridas,Pleno dia,Decrescente,Chuva,Múltipla,Reta;Declive                  ,Sim,3,0,0,1,2,0,1,1,"-7,83887431","-34,91196739",SPRF-PE,DEL01-PE,UOP02-DEL01-PE
296012,2020-07-17,sexta-feira,19:30:00,PE,104,87,AGRESTINA,Ingestão de Álcool,Colisão frontal,Com Vítimas Feridas,Plena Noite,Crescente,Chuva,Simples,Reta,Sim,2,0,1,0,1,0,1,2,"-8,454104","-35,945515",SPRF-PE,DEL02-PE,UOP01-DEL02-PE
296040,2020-07-18,sábado,01:40:00,PE,232,"88,2",GRAVATA,Condutor Dormindo,Saída de leito carroçável,Sem Vítimas,Plena Noite,Decrescente,Nublado,Dupla,Reta,Não,3,0,0,0,3,0,0,3,"-8,215178","-35,637814",SPRF-PE,DEL02-PE,UOP02-DEL02PE
296071,2020-07-18,sábado,09:00:00,PE,101,124,ESCADA,Defeito Mecânico no Veículo,Derramamento de carga,Sem Vítimas,Pleno dia,Decrescente,Nublado,Dupla,Reta,Sim,1,0,0,0,1,0,0,1,"-8,36713688","-35,22564391",SPRF-PE,DEL01-PE,UOP03-DEL01-PE
296073,2020-04-09,quinta-feira,13:00:00,PE,101,44,IGARASSU,Falta de Atenção à Condução,Colisão lateral,Com Vítimas Feridas,Pleno dia,Crescente,Céu Claro,Múltipla,Reta,Não,3,0,1,0,1,1,1,3,"-7,86521297","-34,90715176",SPRF-PE,DEL01-PE,UOP02-DEL01-PE
296085,2020-03-20,sexta-feira,11:22:00,PE,101,66,RECIFE,Falta de Atenção do Pedestre,Atropelamento de Pedestre,Com Vítimas Feridas,Pleno dia,Crescente,Céu Claro,Dupla,Reta,Sim,2,0,0,1,0,1,1,2,"-8,037363","-34,941649",SPRF-PE,DEL01-PE,UOP01-DEL01-PE
296167,2020-07-18,sábado,19:15:00,PE,101,45,IGARASSU,Desobediência às normas de trânsito pelo condutor,Colisão traseira,Com Vítimas Feridas,Plena Noite,Decrescente,Céu Claro,Dupla,Reta,Sim,2,0,0,1,1,0,1,2,"-7,86521297","-34,90715176",SPRF-PE,DEL01-PE,UOP02-DEL01-PE
296168,2020-07-18,sábado,18:50:00,PE,423,"94,3",GARANHUNS,Falta de Atenção à Condução,Colisão lateral,Com Vítimas Feridas,Plena Noite,Crescente,Garoa/Chuvisco,Múltipla,Reta,Sim,2,0,1,0,1,0,1,2,"-8,874732","-36,46946",SPRF-PE,DEL03-PE,UOP01-DEL03-PE
296219,2020-07-18,sábado,22:00:00,PE,101,43,IGARASSU,Velocidade Incompatível,Atropelamento de Pedestre,Com Vítimas Fatais,Plena Noite,Decrescente,Vento,Múltipla,Declive,Sim,3,1,0,0,0,2,0,3,"-7,84753808","-34,90977038",SPRF-PE,DEL01-PE,UOP02-DEL01-PE
296239,2020-07-19,domingo,01:00:00,PE,232,"256,8",ARCOVERDE,Animais na Pista,Tombamento,Com Vítimas Feridas,Plena Noite,Crescente,Céu Claro,Simples,Reta,Não,2,0,1,1,0,0,2,1,"-8,40988226","-37,09335003",SPRF-PE,DEL03-PE,UOP02-DEL03-PE
296499,2020-04-03,sexta-feira,14:00:00,PE,232,"62,7",POMBOS,Defeito Mecânico no Veículo,Colisão com objeto estático,Com Vítimas Feridas,Pleno dia,Decrescente,Céu Claro,Dupla,Declive,Não,1,0,0,1,0,0,1,1,"-8,15598579","-35,42308007",SPRF-PE,DEL02-PE,UOP02-DEL02PE
296537,2020-07-20,segunda-feira,10:00:00,PE,232,"418,1",SERRA TALHADA,Não guardar distância de segurança,Colisão frontal,Sem Vítimas,Pleno dia,Decrescente,Garoa/Chuvisco,Simples,Declive,Não,2,0,0,0,2,0,0,2,"-8,0002425","-38,370411",SPRF-PE,DEL04-PE,UOP01-DEL04-PE