id,data_inversa,dia_semana,horario,uf,br,km,municipio,causa_acidente,tipo_acidente,classificacao_acidente,fase_dia,sentido_via,condicao_metereologica,tipo_pista,tracado_via,uso_solo,pessoas,mortos,feridos_leves,feridos_graves,ilesos,ignorados,feridos,veiculos,latitude,longitude,regional,delegacia,uop
304976,2020-09-01,terça-feira,09:50:00,PE,101,79,JABOATAO DOS GUARARAPES,Falta de Atenção à Condução,Colisão transversal,Com Vítimas Feridas,Pleno dia,Crescente,Céu Claro,Dupla,Reta;Declive                  ,Não,3,0,1,2,0,0,3,2,"-8,14366112","-34,94723453",SPRF-PE,DEL01-PE,UOP01-DEL01-PE
305067,2020-09-01,terça-feira,16:20:00,PE,423,"88,1",SAO JOAO,Desobediência às normas de trânsito pelo condutor,Colisão lateral,Sem Vítimas,Pleno dia,Decrescente,Chuva,Simples,Reta,Não,3,0,0,0,2,1,0,3,"-8,83194016","-36,45328045",SPRF-PE,DEL03-PE,UOP01-DEL03-PE
305095,2020-09-01,terça-feira,22:05:00,PE,101,49,ABREU E LIMA,Falta de Atenção à Condução,Colisão traseira,Sem Vítimas,Plena Noite,Crescente,Chuva,Múltipla,Retorno Regulamentado,Sim,2,0,0,0,2,0,0,2,"-7,9005152","-34,90180641",SPRF-PE,DEL01-PE,UOP02-DEL01-PE
305121,2020-09-02,quarta-feira,04:48:00,PE,101,"67,5",RECIFE,Agressão Externa,Colisão traseira,Com Vítimas Feridas,Amanhecer,Decrescente,Nublado,Dupla,Reta,Sim,3,0,0,1,1,1,1,3,"-8,046434","-34,944871",SPRF-PE,DEL01-PE,UOP01-DEL01-PE
305242,2020-09-02,quarta-feira,07:40:00,PE,101,"196,7",PALMARES,Condutor Dormindo,Saída de leito carroçável,Sem Vítimas,Pleno dia,Crescente,Céu Claro,Dupla,Reta,Não,1,0,0,0,1,0,0,1,"-8,74654591","-35,60396781",SPRF-PE,DEL01-PE,UOP03-DEL01-PE
305255,2020-08-08,sábado,18:15:00,PE,428,"164,1",PETROLINA,Ultrapassagem Indevida,Colisão lateral,Com Vítimas Fatais,Plena Noite,Decrescente,Nublado,Simples,Reta,Não,4,1,1,0,2,0,1,3,"-9,17815896","-40,37523706",SPRF-PE,DEL06-PE,UOP01-DEL06-PE
305315,2020-01-08,quarta-feira,23:35:00,PE,428,"188,3",PETROLINA,Ingestão de álcool e/ou substâncias psicoativas pelo pedestre,Atropelamento de Pedestre,Com Vítimas Feridas,Pleno dia,Decrescente,Céu Claro,Dupla,Reta,Sim,2,0,0,1,0,1,1,2,"-9,36400596","-40,48266808",SPRF-PE,DEL06-PE,UOP01-DEL06-PE
305598,2020-09-04,sexta-feira,14:00:00,PE,101,"35,4",ITAPISSUMA,Desobediência às normas de trânsito pelo condutor,Colisão traseira,Com Vítimas Feridas,Pleno dia,Crescente,Sol,Dupla,Reta;Aclive                   ,Não,5,0,4,0,1,0,4,2,"-7,77952193","-34,93231384",SPRF-PE,DEL01-PE,UOP02-DEL01-PE
306052,2020-09-06,domingo,00:05:00,PE,423,"74,3",JUPI,Ingestão de Álcool,Colisão lateral,Sem Vítimas,Plena Noite,Decrescente,Nublado,Simples,Reta,Não,2,0,0,0,1,1,0,2,"-8,71781039","-36,42290446",SPRF-PE,DEL03-PE,UOP01-DEL03-PE
306078,2020-09-06,domingo,04:30:00,PE,407,"96,3",PETROLINA,Falta de Atenção à Condução,Colisão lateral,Com Vítimas Fatais,Plena Noite,Crescente,Céu Claro,Simples,Reta,Não,2,1,0,0,1,0,0,2,"-9,14088793","-40,63665252",SPRF-PE,DEL06-PE,UOP02-DEL06-PE
306091,2020-09-06,domingo,06:00:00,PE,232,141,SAO CAITANO,Falta de Atenção à Condução,Queda de ocupante de veículo,Com Vítimas Fatais,Pleno dia,Decrescente,Céu Claro,Dupla,Reta,Não,3,1,0,0,1,1,0,2,"-8,32220808","-36,09161139",SPRF-PE,DEL02-PE,UOP03-DEL02-PE
306580,2020-09-08,terça-feira,06:40:00,PE,408,"29,8",ALIANCA,Ultrapassagem Indevida,Colisão frontal,Com Vítimas Fatais,Pleno dia,Crescente,Céu Claro,Simples,Declive;Reta                  ,Não,2,1,1,0,0,0,1,2,"-7,5940327","-35,24470263",SPRF-PE,DEL01-PE,UOP01-DEL01-PE
306692,2020-09-08,terça-feira,18:30:00,PE,423,"101,5",GARANHUNS,Defeito Mecânico no Veículo,Colisão lateral,Com Vítimas Feridas,Plena Noite,Crescente,Céu Claro,Simples,Reta,Não,2,0,1,0,1,0,1,2,"-8,874693","-36,529876",SPRF-PE,DEL03-PE,UOP01-DEL03-PE
306773,2020-09-09,quarta-feira,10:00:00,PE,101,67,RECIFE,Não guardar distância de segurança,Colisão traseira,Sem Vítimas,Pleno dia,Crescente,Sol,Múltipla,Reta,Sim,2,0,0,0,2,0,0,2,"-8,042334","-34,943096",SPRF-PE,DEL01-PE,UOP01-DEL01-PE
306917,2020-09-09,quarta-feira,21:50:00,PE,101,"46,3",IGARASSU,Falta de Atenção à Condução,Colisão lateral,Com Vítimas Feridas,Plena Noite,Decrescente,Chuva,Múltipla,Reta,Sim,2,0,0,1,1,0,1,2,"-7,87406004","-34,90588126",SPRF-PE,DEL01-PE,UOP02-DEL01-PE
306941,2020-09-10,quinta-feira,05:15:00,PE,101,"38,8",ITAPISSUMA,Falta de Atenção à Condução,Colisão com objeto estático,Com Vítimas Feridas,Pleno dia,Decrescente,Céu Claro,Dupla,Reta,Não,2,0,1,0,0,1,1,2,"-7,80600806","-34,92522908",SPRF-PE,DEL01-PE,UOP02-DEL01-PE
306964,2020-09-10,quinta-feira,07:00:00,PE,101,"45,7",ABREU E LIMA,Falta de Atenção à Condução,Colisão lateral,Sem Vítimas,Pleno dia,Decrescente,Céu Claro,Múltipla,Reta,Sim,2,0,0,0,2,0,0,2,"-7,86521297","-34,90715176",SPRF-PE,DEL01-PE,UOP02-DEL01-PE
307108,2020-09-10,quinta-feira,23:30:00,PE,232,"133,1",CARUARU,Não guardar distância de segurança,Colisão traseira,Com Vítimas Feridas,Plena Noite,Crescente,Nublado,Dupla,Reta,Não,3,0,1,0,1,1,1,2,"-8,30607988","-36,01576003",SPRF-PE,DEL02-PE,UOP03-DEL02-PE
307175,2020-09-11,sexta-feira,11:17:00,PE,423,"34,5",SAO CAITANO,Falta de Atenção à Condução,Colisão traseira,Com Vítimas Feridas,Pleno dia,Decrescente,Céu Claro,Simples,Reta,Não,4,0,2,0,2,0,2,2,"-8,45069903","-36,21115394",SPRF-PE,DEL02-PE,UOP03-DEL02-PE
307308,2020-09-11,sexta-feira,21:20:00,PE,,,CARUARU,Agressão Externa,Colisão lateral,Sem Vítimas,Plena Noite,Não Informado,Céu Claro,Simples,Aclive,Não,5,0,0,0,3,2,0,2,"-8,32386415","-35,92632294",SPRF-PE,DEL02-PE,UOP03-DEL02-PE
307602,2020-09-13,domingo,06:00:00,PE,116,6,SALGUEIRO,Velocidade Incompatível,Tombamento,Com Vítimas Feridas,Pleno dia,Decrescente,Céu Claro,Simples,Curva;Declive                 ,Não,1,0,1,0,0,0,1,1,"-7,903998","-39,114899",SPRF-PE,DEL05-PE,UOP01-DEL05-PE
307717,2020-09-13,domingo,14:40:00,PE,232,102,BEZERROS,Velocidade Incompatível,Saída de leito carroçável,Com Vítimas Fatais,Pleno dia,Decrescente,Sol,Dupla,Reta,Sim,3,2,0,0,1,0,0,2,"-8,24710671","-35,75844018",SPRF-PE,DEL02-PE,UOP02-DEL02PE
307742,2020-09-13,domingo,18:00:00,PE,232,"152,1",SAO CAITANO,Desobediência às normas de trânsito pelo condutor,Colisão frontal,Com Vítimas Fatais,Plena Noite,Decrescente,Céu Claro,Simples,Aclive;Reta                   ,Não,2,1,0,0,1,0,0,2,"-8,32701495","-36,18101",SPRF-PE,DEL02-PE,UOP03-DEL02-PE
307784,2020-09-13,domingo,14:55:00,PE,423,"123,5",PARANATAMA,Defeito Mecânico no Veículo,Incêndio,Sem Vítimas,Pleno dia,Decrescente,Céu Claro,Simples,Curva,Não,1,0,0,0,1,0,0,1,"-8,92914419","-36,71970963",SPRF-PE,DEL03-PE,UOP01-DEL03-PE
307792,2020-09-13,domingo,21:10:00,PE,101,101,CABO DE SANTO AGOSTINHO,Defeito Mecânico no Veículo,Colisão com objeto estático,Com Vítimas Feridas,Plena Noite,Crescente,Nublado,Dupla,Curva,Não,1,0,1,0,0,0,1,1,"-8,2757433","-35,05378122",SPRF-PE,DEL01-PE,UOP03-DEL01-PE
307795,2020-09-13,domingo,18:25:00,PE,408,22,TIMBAUBA,Desobediência às normas de trânsito pelo condutor,Tombamento,Sem Vítimas,Plena Noite,Decrescente,Ignorado,Simples,Declive,Não,3,0,0,0,3,0,0,2,"-7,526465","-35,290311",SPRF-PE,DEL01-PE,UOP01-DEL01-PE
307834,2020-05-27,quarta-feira,18:45:00,PE,104,"131,2",PANELAS,Defeito Mecânico no Veículo,Saída de leito carroçável,Com Vítimas Feridas,Anoitecer,Decrescente,Céu Claro,Simples,Curva,Não,4,0,2,1,0,1,3,2,"-8,784293","-36,016506",SPRF-PE,DEL02-PE,UOP01-DEL02-PE
307971,2020-09-14,segunda-feira,20:40:00,PE,101,3,GOIANA,Objeto estático sobre o leito carroçável,Colisão transversal,Sem Vítimas,Plena Noite,Decrescente,Vento,Dupla,Aclive,Não,2,0,0,0,1,1,0,2,"-7,52387351","-34,99333161",SPRF-PE,DEL01-PE,UOP02-DEL01-PE
308238,2020-09-07,segunda-feira,18:00:00,PE,428,30,CABROBO,Desobediência às normas de trânsito pelo condutor,Colisão frontal,Com Vítimas Feridas,Plena Noite,Decrescente,Céu Claro,Simples,Reta,Não,3,0,2,0,1,0,2,2,"-8,514043","-39,479463",SPRF-PE,DEL05-PE,UOP03-DEL05-PE
308296,2020-09-08,terça-feira,11:30:00,PE,407,129,PETROLINA,Falta de Atenção à Condução,Colisão lateral,Sem Vítimas,Pleno dia,Decrescente,Céu Claro,Dupla,Reta,Sim,2,0,0,0,2,0,0,2,"-9,40576875","-40,50441921",SPRF-PE,DEL06-PE,UOP01-DEL06-PE
308327,2020-09-16,quarta-feira,19:30:00,PE,428,"43,2",OROCO,Desobediência às normas de trânsito pelo condutor,Colisão frontal,Com Vítimas Feridas,Plena Noite,Crescente,Céu Claro,Simples,Reta,Não,2,0,0,1,1,0,1,2,"-8,58333522","-39,58547861",SPRF-PE,DEL05-PE,UOP03-DEL05-PE
308405,2020-09-17,quinta-feira,08:35:00,PE,408,21,TIMBAUBA,Não guardar distância de segurança,Colisão traseira,Sem Vítimas,Pleno dia,Decrescente,Sol,Simples,Aclive,Não,3,0,0,0,3,0,0,3,"-7,52257159","-35,29948406",SPRF-PE,DEL01-PE,UOP01-DEL01-PE
308455,2020-09-17,quinta-feira,06:30:00,PE,232,"10,5",RECIFE,Condutor Dormindo,Saída de leito carroçável,Com Vítimas Feridas,Amanhecer,Decrescente,Céu Claro,Múltipla,Reta,Sim,1,0,0,1,0,0,1,1,"-8,07917241","-34,98718609",SPRF-PE,DEL01-PE,UOP01-DEL01-PE
308602,2020-09-18,sexta-feira,08:00:00,PE,232,"75,6",GRAVATA,Falta de Atenção à Condução,Colisão traseira,Com Vítimas Feridas,Pleno dia,Decrescente,Céu Claro,Dupla,Reta,Não,3,0,1,0,1,1,1,3,"-8,19737799","-35,525476",SPRF-PE,DEL02-PE,UOP02-DEL02PE
308607,2020-09-18,sexta-feira,08:25:00,PE,232,125,CARUARU,Defeito Mecânico no Veículo,Colisão com objeto estático,Com Vítimas Feridas,Pleno dia,Decrescente,Céu Claro,Dupla,Aclive,Não,1,0,1,0,0,0,1,1,"-8,31322","-36,040708",SPRF-PE,DEL02-PE,UOP03-DEL02-PE
308609,2020-09-18,sexta-feira,09:00:00,PE,232,"135,1",CARUARU,Falta de Atenção à Condução,Colisão lateral,Sem Vítimas,Pleno dia,Crescente,Sol,Dupla,Reta,Sim,2,0,0,0,2,0,0,2,"-8,31096592","-36,03308802",SPRF-PE,DEL02-PE,UOP03-DEL02-PE
308648,2020-09-18,sexta-feira,13:30:00,PE,101,184,PALMARES,Falta de Atenção à Condução,Colisão lateral,Com Vítimas Feridas,Pleno dia,Crescente,Céu Claro,Dupla,Reta,Não,2,0,1,0,1,0,1,2,"-8,66602702","-35,57292197",SPRF-PE,DEL01-PE,UOP03-DEL01-PE
308792,2020-09-19,sábado,02:30:00,PE,232,"65,4",POMBOS,Condutor Dormindo,Colisão com objeto estático,Com Vítimas Feridas,Plena Noite,Decrescente,Céu Claro,Dupla,Reta,Não,1,0,1,0,0,0,1,1,"-8,16454496","-35,44785302",SPRF-PE,DEL02-PE,UOP02-DEL02PE
309149,2020-09-20,domingo,18:10:00,PE,232,179,BELO JARDIM,Ingestão de Álcool,Colisão lateral,Sem Vítimas,Plena Noite,Decrescente,Céu Claro,Dupla,Reta,Sim,2,0,0,0,1,1,0,2,"-8,34353242","-36,4199731",SPRF-PE,DEL02-PE,UOP03-DEL02-PE
309382,2020-09-21,segunda-feira,15:40:00,PE,101,30,IGARASSU,Falta de Atenção à Condução,Colisão lateral,Com Vítimas Feridas,Pleno dia,Decrescente,Céu Claro,Dupla,Curva,Não,3,0,1,0,1,1,1,2,"-7,73816862","-34,94218918",SPRF-PE,DEL01-PE,UOP02-DEL01-PE
309556,2020-09-22,terça-feira,12:20:00,PE,104,"63,7",CARUARU,Falta de Atenção à Condução,Colisão transversal,Com Vítimas Feridas,Pleno dia,Crescente,Sol,Múltipla,Viaduto,Sim,2,0,1,0,1,0,1,2,"-8,2671079","-35,97902298",SPRF-PE,DEL02-PE,UOP01-DEL02-PE
309644,2020-09-22,terça-feira,17:40:00,PE,424,"14,5",PEDRA,Animais na Pista,Colisão com objeto em movimento,Com Vítimas Feridas,Anoitecer,Crescente,Nublado,Simples,Declive,Não,3,0,0,2,1,0,2,2,"-8,49873612","-36,97444401",SPRF-PE,DEL03-PE,UOP02-DEL03-PE
309715,2020-09-23,quarta-feira,06:00:00,PE,232,459,SAO JOSE DO BELMONTE,Falta de Atenção à Condução,Colisão transversal,Com Vítimas Feridas,Pleno dia,Crescente,Céu Claro,Simples,Interseção de Vias,Sim,2,0,1,0,1,0,1,2,"-8,021466","-38,710763",SPRF-PE,DEL05-PE,UOP01-DEL05-PE
309844,2020-09-23,quarta-feira,22:00:00,PE,423,97,GARANHUNS,Ingestão de Álcool,Colisão frontal,Com Vítimas Feridas,Plena Noite,Decrescente,Céu Claro,Simples,Reta,Sim,2,0,1,0,1,0,1,2,"-8,8796227","-36,49484286",SPRF-PE,DEL03-PE,UOP01-DEL03-PE
310070,2020-09-25,sexta-feira,06:30:00,PE,232,69,GRAVATA,Condutor Dormindo,Colisão traseira,Com Vítimas Feridas,Pleno dia,Crescente,Céu Claro,Dupla,Reta,Não,2,0,0,1,1,0,1,2,"-8,17240309","-35,47993595",SPRF-PE,DEL02-PE,UOP02-DEL02PE
310141,2020-09-25,sexta-feira,14:30:00,PE,101,82,JABOATAO DOS GUARARAPES,Falta de Atenção à Condução,Colisão traseira,Sem Vítimas,Pleno dia,Crescente,Céu Claro,Dupla,Reta,Sim,2,0,0,0,1,1,0,2,"-8,168383","-34,9376",SPRF-PE,DEL01-PE,UOP03-DEL01-PE
310259,2020-09-25,sexta-feira,23:00:00,PE,101,119,IPOJUCA,Desobediência às normas de trânsito pelo condutor,Colisão transversal,Sem Vítimas,Plena Noite,Crescente,Céu Claro,Dupla,Reta,Não,3,0,0,0,3,0,0,2,"-8,35685707","-35,18628296",SPRF-PE,DEL01-PE,UOP03-DEL01-PE
310262,2020-09-25,sexta-feira,21:30:00,PE,232,81,GRAVATA,Falta de Atenção à Condução,Colisão frontal,Com Vítimas Feridas,Plena Noite,Decrescente,Céu Claro,Dupla,Reta,Sim,3,0,1,0,2,0,1,3,"-8,19697746","-35,57850408",SPRF-PE,DEL02-PE,UOP02-DEL02PE
310300,2020-09-26,sábado,02:55:00,PE,101,72,RECIFE,Desobediência às normas de trânsito pelo condutor,Saída de leito carroçável,Com Vítimas Feridas,Plena Noite,Decrescente,Céu Claro,Dupla,Curva,Sim,2,0,1,0,0,1,1,2,"-8,08493106","-34,9450639",SPRF-PE,DEL01-PE,UOP01-DEL01-PE
310406,2020-09-26,sábado,15:50:00,PE,232,"90,5",SAIRE,Condutor Dormindo,Colisão traseira,Com Vítimas Feridas,Pleno dia,Crescente,Sol,Dupla,Curva,Sim,3,0,1,0,2,0,1,2,"-8,2172915","-35,65572305",SPRF-PE,DEL02-PE,UOP02-DEL02PE
310817,2020-09-28,segunda-feira,07:25:00,PE,232,"10,9",JABOATAO DOS GUARARAPES,Falta de Atenção à Condução,Colisão traseira,Sem Vítimas,Pleno dia,Decrescente,Chuva,Dupla,Reta,Sim,2,0,0,0,2,0,0,2,"-8,079846","-34,990246",SPRF-PE,DEL01-PE,UOP01-DEL01-PE
310945,2020-09-28,segunda-feira,19:30:00,PE,423,"60,3",LAJEDO,Falta de Atenção à Condução,Colisão frontal,Com Vítimas Feridas,Plena Noite,Crescente,Vento,Simples,Reta,Sim,2,0,0,1,1,0,1,2,"-8,65394006","-36,32109791",SPRF-PE,DEL03-PE,UOP01-DEL03-PE
310985,2020-09-28,segunda-feira,22:30:00,PE,423,177,AGUAS BELAS,Não guardar distância de segurança,Colisão traseira,Com Vítimas Feridas,Plena Noite,Crescente,Céu Claro,Simples,Reta,Sim,4,0,0,3,1,0,3,2,"-9,13016345","-37,11460498",SPRF-AL,DEL03-AL,UOP02-DEL03-AL
310992,2020-09-29,terça-feira,05:45:00,PE,101,79,JABOATAO DOS GUARARAPES,Agressão Externa,Colisão transversal,Com Vítimas Fatais,Pleno dia,Crescente,Céu Claro,Dupla,Reta,Sim,3,1,0,0,0,2,0,3,"-8,14577","-34,946774",SPRF-PE,DEL01-PE,UOP01-DEL01-PE
311053,2020-09-29,terça-feira,13:30:00,PE,101,"3,4",GOIANA,Defeito Mecânico no Veículo,Colisão com objeto estático,Sem Vítimas,Pleno dia,Crescente,Céu Claro,Dupla,Retorno Regulamentado,Não,1,0,0,0,1,0,0,1,"-7,52387351","-34,99333161",SPRF-PE,DEL01-PE,UOP02-DEL01-PE
311120,2020-09-29,terça-feira,15:45:00,PE,232,"65,5",GRAVATA,Mal Súbito,Atropelamento de Pedestre,Com Vítimas Fatais,Pleno dia,Crescente,Céu Claro,Simples,Reta;Aclive                   ,Não,2,1,0,0,0,1,0,2,"-8,167087","-35,452052",SPRF-PE,DEL02-PE,UOP02-DEL02PE
311219,2020-09-30,quarta-feira,11:05:00,PE,428,"188,6",PETROLINA,Falta de Atenção à Condução,Colisão transversal,Sem Vítimas,Pleno dia,Crescente,Sol,Dupla,Reta,Sim,2,0,0,0,2,0,0,2,"-9,37579327","-40,4936883",SPRF-PE,DEL06-PE,UOP01-DEL06-PE
311276,2020-09-30,quarta-feira,18:00:00,PE,407,"124,8",PETROLINA,Falta de Atenção à Condução,Colisão lateral,Sem Vítimas,Plena Noite,Decrescente,Céu Claro,Dupla,Reta,Sim,3,0,0,0,2,1,0,3,"-9,37879336","-40,53440463",SPRF-PE,DEL06-PE,UOP01-DEL06-PE
311339,2020-09-30,quarta-feira,23:53:00,PE,104,"27,4",TORITAMA,Falta de Atenção à Condução,Colisão frontal,Com Vítimas Fatais,Plena Noite,Crescente,Céu Claro,Simples,Reta,Sim,2,1,0,0,0,1,0,2,"-8,00492107","-36,07980813",SPRF-PE,DEL02-PE,UOP01-DEL02-PE
311529,2020-10-02,sexta-feira,03:00:00,PE,423,41,CACHOEIRINHA,Falta de Atenção do Pedestre,Atropelamento de Pedestre,Com Vítimas Fatais,Plena Noite,Decrescente,Céu Claro,Simples,Reta,Não,2,1,0,0,0,1,0,2,"-8,51176109","-36,25247955",SPRF-PE,DEL03-PE,UOP01-DEL03-PE
311543,2020-10-02,sexta-feira,04:30:00,PE,101,64,RECIFE,Falta de Atenção à Condução,Colisão lateral,Sem Vítimas,Amanhecer,Decrescente,Garoa/Chuvisco,Dupla,Viaduto,Sim,2,0,0,0,2,0,0,2,"-8,0162921","-34,94045886",SPRF-PE,DEL01-PE,UOP01-DEL01-PE
311593,2020-10-02,sexta-feira,11:15:00,PE,423,22,SAO CAITANO,Velocidade Incompatível,Saída de leito carroçável,Com Vítimas Feridas,Pleno dia,Decrescente,Céu Claro,Simples,Curva,Não,3,0,3,0,0,0,3,1,"-8,35258392","-36,17123712",SPRF-PE,DEL02-PE,UOP03-DEL02-PE
311609,2020-10-02,sexta-feira,10:25:00,PE,101,"29,2",IGARASSU,Falta de Atenção à Condução,Colisão lateral,Sem Vítimas,Pleno dia,Crescente,Sol,Dupla,Reta,Não,2,0,0,0,2,0,0,2,"-7,72939697","-34,94185854",SPRF-PE,DEL01-PE,UOP02-DEL01-PE
311833,2020-10-03,sábado,08:30:00,PE,101,"46,2",IGARASSU,Falta de Atenção à Condução,Colisão transversal,Com Vítimas Feridas,Pleno dia,Decrescente,Céu Claro,Múltipla,Reta,Sim,3,0,1,0,1,1,1,3,"-7,87406004","-34,90588126",SPRF-PE,DEL01-PE,UOP02-DEL01-PE
312271,2020-10-05,segunda-feira,00:30:00,PE,101,"5,6",GOIANA,Falta de Atenção à Condução,Colisão lateral,Com Vítimas Feridas,Plena Noite,Crescente,Céu Claro,Dupla,Reta,Não,2,0,0,1,0,1,1,2,"-7,541764","-34,991394",SPRF-PE,DEL01-PE,UOP02-DEL01-PE
312441,2020-10-05,segunda-feira,17:40:00,PE,232,"23,6",MORENO,Objeto estático sobre o leito carroçável,Capotamento,Sem Vítimas,Anoitecer,Decrescente,Céu Claro,Dupla,Curva,Não,1,0,0,0,1,0,0,1,"-8,0992185","-35,09713887",SPRF-PE,DEL02-PE,UOP02-DEL02PE
312478,2020-10-06,terça-feira,01:50:00,PE,110,"103,9",SERTANIA,Falta de Atenção à Condução,Capotamento,Com Vítimas Feridas,Plena Noite,Decrescente,Céu Claro,Simples,Curva,Não,2,0,0,1,1,0,1,1,"-8,39912263","-37,33957136",SPRF-PE,DEL03-PE,UOP02-DEL03-PE
312481,2020-10-06,terça-feira,01:30:00,PE,101,109,CABO DE SANTO AGOSTINHO,Velocidade Incompatível,Saída de leito carroçável,Com Vítimas Fatais,Plena Noite,Crescente,Nublado,Dupla,Declive;Curva                 ,Não,1,1,0,0,0,0,0,1,"-8,31012798","-35,09967817",SPRF-PE,DEL01-PE,UOP03-DEL01-PE
312928,2020-10-08,quinta-feira,12:30:00,PE,101,"68,7",RECIFE,Falta de Atenção à Condução,Colisão traseira,Com Vítimas Feridas,Pleno dia,Crescente,Sol,Simples,Reta,Sim,2,0,1,0,1,0,1,2,"-8,056597","-34,946521",SPRF-PE,DEL01-PE,UOP01-DEL01-PE
313944,2020-10-11,domingo,07:30:00,PE,408,105,JABOATAO DOS GUARARAPES,Falta de Atenção do Pedestre,Atropelamento de Pedestre,Com Vítimas Fatais,Pleno dia,Decrescente,Céu Claro,Dupla,Reta,Sim,2,1,0,0,0,1,0,2,"-8,079701","-34,99057",SPRF-PE,DEL01-PE,UOP01-DEL01-PE
313966,2020-10-11,domingo,07:00:00,PE,316,9,ARARIPINA,Ultrapassagem Indevida,Saída de leito carroçável,Com Vítimas Feridas,Pleno dia,Decrescente,Sol,Simples,Curva;Declive                 ,Não,1,0,1,0,0,0,1,1,"-7,49328223","-40,59803905",SPRF-PE,DEL05-PE,UOP02-DEL05-PE
314353,2020-10-12,segunda-feira,18:34:00,PE,407,129,PETROLINA,Falta de Atenção à Condução,Colisão lateral,Sem Vítimas,Anoitecer,Decrescente,Céu Claro,Simples,Ponte,Sim,2,0,0,0,2,0,0,2,"-9,39958299","-40,50459298",SPRF-PE,DEL06-PE,UOP01-DEL06-PE
314537,2020-10-13,terça-feira,12:25:00,PE,232,137,CARUARU,Falta de Atenção à Condução,Colisão traseira,Com Vítimas Feridas,Pleno dia,Crescente,Céu Claro,Dupla,Aclive,Não,3,0,0,1,2,0,1,2,"-8,31589863","-36,05040211",SPRF-PE,DEL02-PE,UOP03-DEL02-PE
314663,2020-10-14,quarta-feira,00:50:00,PE,101,2,GOIANA,Condutor Dormindo,Colisão traseira,Com Vítimas Feridas,Plena Noite,Decrescente,Céu Claro,Dupla,Reta;Aclive                   ,Não,2,0,1,0,1,0,1,2,"-7,51675334","-34,99198357",SPRF-PE,DEL01-PE,UOP02-DEL01-PE
314704,2020-10-14,quarta-feira,09:50:00,PE,232,"10,6",JABOATAO DOS GUARARAPES,Falta de Atenção à Condução,Colisão traseira,Sem Vítimas,Pleno dia,Decrescente,Chuva,Dupla,Declive,Sim,3,0,0,0,3,0,0,3,"-8,07917241","-34,98718609",SPRF-PE,DEL01-PE,UOP01-DEL01-PE
314713,2020-10-14,quarta-feira,11:30:00,PE,101,"42,2",IGARASSU,Não guardar distância de segurança,Colisão com objeto estático,Sem Vítimas,Pleno dia,Decrescente,Nublado,Múltipla,Reta;Declive                  ,Sim,1,0,0,0,1,0,0,1,"-7,83887431","-34,91196739",SPRF-PE,DEL01-PE,UOP02-DEL01-PE
314835,2020-10-15,quinta-feira,04:30:00,PE,101,207,XEXEU,Falta de Atenção à Condução,Capotamento,Com Vítimas Feridas,Amanhecer,Crescente,Nublado,Dupla,Curva;Declive                 ,Não,1,0,1,0,0,0,1,1,"-8,82545377","-35,64542552",SPRF-PE,DEL01-PE,UOP03-DEL01-PE
315018,2020-10-15,quinta-feira,23:35:00,PE,428,189,PETROLINA,Ingestão de Álcool,Danos eventuais,Sem Vítimas,Plena Noite,Decrescente,Céu Claro,Múltipla,Reta,Sim,2,0,0,0,2,0,0,2,"-9,3777502","-40,5020302",SPRF-PE,DEL06-PE,UOP01-DEL06-PE
315439,2020-10-17,sábado,22:50:00,PE,232,147,SAO CAITANO,Condutor Dormindo,Colisão com objeto estático,Com Vítimas Feridas,Anoitecer,Crescente,Céu Claro,Dupla,Aclive,Não,1,0,1,0,0,0,1,1,"-8,33373137","-36,13751116",SPRF-PE,DEL02-PE,UOP03-DEL02-PE
315573,2020-10-18,domingo,16:15:00,PE,316,"70,7",OURICURI,Falta de Atenção à Condução,Colisão frontal,Com Vítimas Feridas,Pleno dia,Decrescente,Céu Claro,Simples,Reta,Sim,3,0,1,0,2,0,1,3,"-7,80713076","-40,17990793",SPRF-PE,DEL05-PE,UOP02-DEL05-PE
315645,2020-10-18,domingo,22:50:00,PE,423,"43,8",CACHOEIRINHA,Desobediência às normas de trânsito pelo condutor,Colisão lateral,Com Vítimas Feridas,Plena Noite,Crescente,Céu Claro,Simples,Reta,Não,2,0,1,0,1,0,1,2,"-8,51683426","-36,25551854",SPRF-PE,DEL03-PE,UOP01-DEL03-PE
315778,2020-10-19,segunda-feira,17:20:00,PE,101,"50,2",ABREU E LIMA,Falta de Atenção à Condução,Colisão lateral,Com Vítimas Feridas,Anoitecer,Crescente,Céu Claro,Múltipla,Declive,Sim,3,0,0,1,1,1,1,3,"-7,90938602","-34,90123228",SPRF-PE,DEL01-PE,UOP02-DEL01-PE
315846,2020-10-20,terça-feira,02:45:00,PE,232,379,FLORES,Condutor Dormindo,Saída de leito carroçável,Com Vítimas Feridas,Plena Noite,Crescente,Céu Claro,Simples,Declive,Não,2,0,2,0,0,0,2,1,"-8,03878246","-38,04134108",SPRF-PE,DEL04-PE,UOP01-DEL04-PE
315989,2020-07-21,terça-feira,03:50:00,PE,104,"76,5",CARUARU,Condutor Dormindo,Tombamento,Com Vítimas Feridas,Plena Noite,Crescente,Garoa/Chuvisco,Simples,Curva,Não,1,0,1,0,0,0,1,1,"-8,367286","-35,985153",SPRF-PE,DEL02-PE,UOP01-DEL02-PE
316057,2020-10-21,quarta-feira,05:15:00,PE,101,21,GOIANA,Falta de Atenção à Condução,Colisão com objeto estático,Com Vítimas Feridas,Amanhecer,Crescente,Nublado,Dupla,Reta,Não,1,0,1,0,0,0,1,1,"-7,667766","-34,93266",SPRF-PE,DEL01-PE,UOP02-DEL01-PE