id,data_inversa,dia_semana,horario,uf,br,km,municipio,causa_acidente,tipo_acidente,classificacao_acidente,fase_dia,sentido_via,condicao_metereologica,tipo_pista,tracado_via,uso_solo,pessoas,mortos,feridos_leves,feridos_graves,ilesos,ignorados,feridos,veiculos,latitude,longitude,regional,delegacia,uop
261074,2020-01-05,domingo,19:20:00,PE,101,"51,4",PAULISTA,Falta de Atenção do Pedestre,Atropelamento de Pedestre,Com Vítimas Fatais,Plena Noite,Crescente,Céu Claro,Múltipla,Reta,Sim,2,1,0,0,1,0,0,2,"-7,9169968","-34,89689272",SPRF-PE,DEL01-PE,UOP02-DEL01-PE
261096,2020-01-05,domingo,21:40:00,PE,101,"51,8",PAULISTA,Objeto estático sobre o leito carroçável,Tombamento,Com Vítimas Feridas,Plena Noite,Decrescente,Vento,Múltipla,Curva,Sim,1,0,1,0,0,0,1,1,"-7,9169968","-34,89689272",SPRF-PE,DEL01-PE,UOP02-DEL01-PE
261122,2020-01-06,segunda-feira,06:20:00,PE,408,"94,4",SAO LOURENCO DA MATA,Velocidade Incompatível,Colisão traseira,Com Vítimas Feridas,Pleno dia,Crescente,Céu Claro,Dupla,Curva,Sim,2,0,1,0,1,0,1,2,"-8,009474","-35,04284",SPRF-PE,DEL01-PE,UOP01-DEL01-PE
261142,2020-01-06,segunda-feira,08:45:00,PE,101,"15,2",GOIANA,Condutor Dormindo,Saída de leito carroçável,Com Vítimas Feridas,Pleno dia,Decrescente,Céu Claro,Múltipla,Reta,Não,2,0,2,0,0,0,2,1,"-7,62621106","-34,96669711",SPRF-PE,DEL01-PE,UOP02-DEL01-PE
261160,2020-01-06,segunda-feira,11:15:00,PE,101,"47,5",IGARASSU,Não guardar distância de segurança,Colisão traseira,Sem Vítimas,Pleno dia,Crescente,Sol,Múltipla,Reta,Sim,3,0,0,0,2,1,0,3,"-7,88290701","-34,90461208",SPRF-PE,DEL01-PE,UOP02-DEL01-PE
261234,2020-01-06,segunda-feira,18:30:00,PE,232,"10,8",JABOATAO DOS GUARARAPES,Não guardar distância de segurança,Colisão traseira,Com Vítimas Feridas,Plena Noite,Crescente,Céu Claro,Dupla,Reta,Sim,2,0,1,0,1,0,1,2,"-8,07917241","-34,98718609",SPRF-PE,DEL01-PE,UOP01-DEL01-PE
261250,2020-01-06,segunda-feira,19:50:00,PE,232,"107,4",BEZERROS,Objeto estático sobre o leito carroçável,Colisão com objeto estático,Com Vítimas Feridas,Plena Noite,Decrescente,Céu Claro,Dupla,Reta,Não,4,0,2,0,2,0,2,1,"-8,26839017","-35,79746685",SPRF-PE,DEL02-PE,UOP03-DEL02-PE
261260,2020-01-06,segunda-feira,21:00:00,PE,101,"67,8",RECIFE,Ingestão de Álcool,Colisão traseira,Sem Vítimas,Plena Noite,Decrescente,Céu Claro,Múltipla,Reta,Sim,2,0,0,0,2,0,0,2,"-8,042334","-34,943096",SPRF-PE,DEL01-PE,UOP01-DEL01-PE
261306,2020-01-07,terça-feira,07:40:00,PE,232,"8,8",RECIFE,Falta de Atenção à Condução,Colisão traseira,Sem Vítimas,Pleno dia,Decrescente,Céu Claro,Dupla,Reta,Não,2,0,0,0,2,0,0,2,"-8,07583727","-34,97015791",SPRF-PE,DEL01-PE,UOP01-DEL01-PE
261346,2020-01-07,terça-feira,13:20:00,PE,232,"14,8",JABOATAO DOS GUARARAPES,Falta de Atenção do Pedestre,Atropelamento de Pedestre,Com Vítimas Fatais,Pleno dia,Crescente,Céu Claro,Dupla,Reta,Sim,2,1,0,0,1,0,0,2,"-8,09025488","-35,02052302",SPRF-PE,DEL01-PE,UOP01-DEL01-PE
261350,2020-01-07,terça-feira,13:15:00,PE,101,91,CABO DE SANTO AGOSTINHO,Defeito Mecânico no Veículo,Colisão com objeto em movimento,Com Vítimas Feridas,Pleno dia,Crescente,Sol,Dupla,Reta,Não,2,0,0,1,1,0,1,2,"-8,22399812","-34,99290474",SPRF-PE,DEL01-PE,UOP03-DEL01-PE
261357,2020-01-07,terça-feira,08:49:00,PE,232,"32,1",MORENO,Pista Escorregadia,Capotamento,Com Vítimas Feridas,Pleno dia,Decrescente,Sol,Dupla,Reta,Não,2,0,2,0,0,0,2,1,"-8,10541732","-35,1665671",SPRF-PE,DEL01-PE,UOP02-DEL02PE
261396,2020-01-07,terça-feira,18:40:00,PE,101,"42,7",IGARASSU,Agressão Externa,Saída de leito carroçável,Com Vítimas Feridas,Plena Noite,Decrescente,Céu Claro,Múltipla,Reta,Sim,4,0,4,0,0,0,4,1,"-7,83887431","-34,91196739",SPRF-PE,DEL01-PE,UOP02-DEL01-PE
261459,2020-01-08,quarta-feira,08:00:00,PE,104,"66,8",CARUARU,Não guardar distância de segurança,Colisão traseira,Com Vítimas Feridas,Pleno dia,Crescente,Céu Claro,Dupla,Reta,Sim,2,0,1,0,1,0,1,2,"-8,29384148","-35,98637223",SPRF-PE,DEL02-PE,UOP01-DEL02-PE
261561,2020-01-08,quarta-feira,18:30:00,PE,101,"85,9",JABOATAO DOS GUARARAPES,Animais na Pista,Atropelamento de Animal,Com Vítimas Feridas,Plena Noite,Crescente,Céu Claro,Dupla,Reta,Não,1,0,1,0,0,0,1,1,"-8,18065563","-34,95965322",SPRF-PE,DEL01-PE,UOP03-DEL01-PE
261592,2020-01-08,quarta-feira,21:30:00,PE,101,"64,1",RECIFE,Mal Súbito,Colisão com objeto estático,Com Vítimas Feridas,Plena Noite,Decrescente,Céu Claro,Dupla,Reta,Não,1,0,1,0,0,0,1,1,"-8,0162921","-34,94045886",SPRF-PE,DEL01-PE,UOP01-DEL01-PE
261595,2020-01-08,quarta-feira,22:00:00,PE,101,"74,2",RECIFE,Mal Súbito,Saída de leito carroçável,Com Vítimas Feridas,Plena Noite,Decrescente,Céu Claro,Dupla,Curva,Sim,1,0,1,0,0,0,1,1,"-8,10146485","-34,94901577",SPRF-PE,DEL01-PE,UOP01-DEL01-PE
261650,2020-01-09,quinta-feira,09:20:00,PE,101,"83,8",JABOATAO DOS GUARARAPES,Falta de Atenção à Condução,Colisão lateral,Com Vítimas Feridas,Pleno dia,Decrescente,Céu Claro,Simples,Reta,Sim,2,0,1,0,1,0,1,2,"-8,175172","-34,942642",SPRF-PE,DEL01-PE,UOP03-DEL01-PE
261682,2020-01-09,quinta-feira,12:39:00,PE,232,84,GRAVATA,Falta de Atenção à Condução,Saída de leito carroçável,Sem Vítimas,Pleno dia,Decrescente,Sol,Dupla,Reta,Não,6,0,0,0,5,1,0,2,"-8,20652068","-35,60312748",SPRF-PE,DEL01-PE,UOP02-DEL02PE
261701,2020-01-09,quinta-feira,14:00:00,PE,428,187,PETROLINA,Desobediência às normas de trânsito pelo condutor,Colisão transversal,Sem Vítimas,Pleno dia,Crescente,Nublado,Simples,Reta,Sim,3,0,0,0,1,2,0,2,"-9,37092731","-40,48620701",SPRF-PE,DEL06-PE,UOP01-DEL06-PE
261703,2020-01-09,quinta-feira,15:00:00,PE,232,"7,7",RECIFE,Falta de Atenção à Condução,Engavetamento,Sem Vítimas,Pleno dia,Crescente,Sol,Dupla,Reta,Sim,3,0,0,0,3,0,0,3,"-8,07333497","-34,96184301",SPRF-PE,DEL01-PE,UOP01-DEL01-PE
261740,2020-01-09,quinta-feira,18:30:00,PE,101,"71,7",RECIFE,Ingestão de Álcool,Atropelamento de Pedestre,Com Vítimas Feridas,Plena Noite,Decrescente,Nublado,Dupla,Reta,Sim,3,0,0,1,2,0,1,2,"-8,07663102","-34,94277871",SPRF-PE,DEL01-PE,UOP01-DEL01-PE
261748,2020-01-09,quinta-feira,17:40:00,PE,423,"39,5",CACHOEIRINHA,Desobediência às normas de trânsito pelo condutor,Colisão frontal,Com Vítimas Feridas,Anoitecer,Crescente,Céu Claro,Simples,Reta,Sim,5,0,1,1,3,0,2,2,"-8,4897115","-36,23275995",SPRF-PE,DEL03-PE,UOP01-DEL03-PE
261763,2020-01-09,quinta-feira,19:00:00,PE,232,"27,5",MORENO,Objeto estático sobre o leito carroçável,Colisão com objeto estático,Com Vítimas Feridas,Plena Noite,Crescente,Céu Claro,Dupla,Reta,Não,2,0,0,2,0,0,2,2,"-8,11418416","-35,12568999",SPRF-PE,DEL01-PE,UOP02-DEL02PE
261806,2020-01-10,sexta-feira,01:00:00,PE,101,"48,7",ABREU E LIMA,Animais na Pista,Atropelamento de Animal,Sem Vítimas,Plena Noite,Crescente,Céu Claro,Múltipla,Reta;Aclive                   ,Sim,2,0,0,0,2,0,0,1,"-7,89174705","-34,9033493",SPRF-PE,DEL01-PE,UOP02-DEL01-PE
261865,2020-01-10,sexta-feira,09:40:00,PE,104,"39,9",CARUARU,Desobediência às normas de trânsito pelo condutor,Saída de leito carroçável,Com Vítimas Feridas,Pleno dia,Crescente,Nublado,Dupla,Reta,Não,1,0,1,0,0,0,1,1,"-8,0861","-36,0377",SPRF-PE,DEL02-PE,UOP01-DEL02-PE
261880,2020-01-10,sexta-feira,10:40:00,PE,101,151,RIBEIRAO,Velocidade Incompatível,Capotamento,Com Vítimas Feridas,Pleno dia,Crescente,Céu Claro,Múltipla,Reta,Não,2,0,1,1,0,0,2,1,"-8,50224498","-35,38851271",SPRF-PE,DEL01-PE,UOP03-DEL01-PE
261921,2020-01-10,sexta-feira,16:00:00,PE,101,72,RECIFE,Mal Súbito,Tombamento,Com Vítimas Feridas,Pleno dia,Decrescente,Céu Claro,Dupla,Reta,Sim,1,0,0,1,0,0,1,1,"-8,08493106","-34,9450639",SPRF-PE,DEL01-PE,UOP01-DEL01-PE
261981,2020-01-10,sexta-feira,18:10:00,PE,424,"101,8",GARANHUNS,Falta de Atenção à Condução,Colisão traseira,Com Vítimas Feridas,Plena Noite,Crescente,Céu Claro,Simples,Reta;Interseção de Vias       ,Não,3,0,0,1,1,1,1,3,"-8,96537965","-36,51714353",SPRF-PE,DEL03-PE,UOP01-DEL03-PE
262046,2020-01-11,sábado,04:50:00,PE,104,"85,9",AGRESTINA,Ingestão de Álcool,Colisão lateral,Sem Vítimas,Amanhecer,Crescente,Céu Claro,Simples,Curva,Não,6,0,0,0,6,0,0,2,"-8,438719","-35,955177",SPRF-PE,DEL02-PE,UOP01-DEL02-PE
262073,2020-01-11,sábado,09:00:00,PE,101,5,GOIANA,Falta de Atenção à Condução,Capotamento,Com Vítimas Feridas,Pleno dia,Decrescente,Céu Claro,Simples,Reta,Não,1,0,1,0,0,0,1,1,"-7,541764","-34,991394",SPRF-PE,DEL01-PE,UOP02-DEL01-PE
262173,2020-01-11,sábado,15:30:00,PE,428,"61,5",SANTA MARIA DA BOA VISTA,Condutor Dormindo,Saída de leito carroçável,Com Vítimas Feridas,Pleno dia,Crescente,Céu Claro,Simples,Reta,Não,3,0,3,0,0,0,3,1,"-8,63437585","-39,71140213",SPRF-PE,DEL06-PE,UOP03-DEL06-PE
262298,2020-01-12,domingo,10:30:00,PE,232,"508,3",SALGUEIRO,Desobediência às normas de trânsito pelo condutor,Colisão transversal,Com Vítimas Feridas,Pleno dia,Crescente,Céu Claro,Simples,Reta,Sim,2,0,0,1,1,0,1,2,"-8,06275641","-39,12330151",SPRF-PE,DEL05-PE,UOP01-DEL05-PE
262313,2020-01-12,domingo,09:05:00,PE,423,"173,3",AGUAS BELAS,Falta de Atenção à Condução,Colisão traseira,Com Vítimas Feridas,Pleno dia,Decrescente,Céu Claro,Simples,Declive,Não,2,0,1,0,1,0,1,2,"-9,1288795","-37,07829703",SPRF-AL,DEL03-AL,UOP02-DEL03-AL
262315,2020-01-12,domingo,12:25:00,PE,232,"126,9",CARUARU,Falta de Atenção à Condução,Saída de leito carroçável,Com Vítimas Feridas,Pleno dia,Decrescente,Céu Claro,Dupla,Curva,Sim,2,0,1,0,1,0,1,2,"-8,30539219","-35,96744657",SPRF-PE,DEL02-PE,UOP03-DEL02-PE
262317,2020-01-12,domingo,13:20:00,PE,232,"468,6",MIRANDIBA,Desobediência às normas de trânsito pelo condutor,Colisão frontal,Com Vítimas Fatais,Pleno dia,Crescente,Céu Claro,Simples,Reta,Não,2,1,0,1,0,0,1,2,"-8,022357","-38,78991",SPRF-PE,DEL05-PE,UOP01-DEL05-PE
262354,2020-01-12,domingo,15:42:00,PE,428,"189,9",PETROLINA,Desobediência às normas de trânsito pelo condutor,Colisão traseira,Com Vítimas Feridas,Pleno dia,Crescente,Céu Claro,Dupla,Reta,Sim,3,0,1,1,1,0,2,2,"-9,37197508","-40,48679585",SPRF-PE,DEL06-PE,UOP01-DEL06-PE
262365,2020-01-12,domingo,17:10:00,PE,101,72,RECIFE,Falta de Atenção à Condução,Colisão com objeto estático,Com Vítimas Feridas,Anoitecer,Crescente,Céu Claro,Dupla,Reta,Sim,1,0,1,0,0,0,1,1,"-8,08493106","-34,9450639",SPRF-PE,DEL01-PE,UOP01-DEL01-PE
262371,2020-01-12,domingo,15:10:00,PE,408,"68,2",PAUDALHO,Falta de Atenção à Condução,Saída de leito carroçável,Com Vítimas Fatais,Pleno dia,Crescente,Ignorado,Dupla,Declive,Não,1,1,0,0,0,0,0,1,"-7,864082","-35,206954",SPRF-PE,DEL01-PE,UOP01-DEL01-PE
262402,2020-01-12,domingo,18:00:00,PE,423,"88,4",SAO JOAO,Falta de Atenção à Condução,Capotamento,Sem Vítimas,Anoitecer,Decrescente,Céu Claro,Simples,Declive,Não,1,0,0,0,0,1,0,1,"-8,82983618","-36,45245561",SPRF-PE,DEL03-PE,UOP01-DEL03-PE
262488,2020-01-13,segunda-feira,06:30:00,PE,101,63,RECIFE,Falta de Atenção à Condução,Colisão lateral,Com Vítimas Feridas,Pleno dia,Crescente,Sol,Dupla,Reta,Sim,3,0,2,0,1,0,2,2,"-8,00800604","-34,93756535",SPRF-PE,DEL01-PE,UOP01-DEL01-PE
262532,2020-01-13,segunda-feira,08:35:00,PE,101,49,ABREU E LIMA,Falta de Atenção à Condução,Colisão traseira,Com Vítimas Feridas,Pleno dia,Decrescente,Sol,Múltipla,Reta,Sim,2,0,1,0,1,0,1,2,"-7,9005152","-34,90180641",SPRF-PE,DEL01-PE,UOP02-DEL01-PE
262558,2020-01-13,segunda-feira,10:32:00,PE,232,"234,7",PESQUEIRA,Falta de Atenção à Condução,Capotamento,Sem Vítimas,Pleno dia,Crescente,Céu Claro,Simples,Reta,Não,3,0,0,0,2,1,0,3,"-8,40708897","-36,910579",SPRF-PE,DEL03-PE,UOP02-DEL03-PE
262564,2020-01-13,segunda-feira,10:00:00,PE,423,"95,1",GARANHUNS,Desobediência às normas de trânsito pelo condutor,Colisão lateral,Com Vítimas Feridas,Pleno dia,Decrescente,Céu Claro,Simples,Reta,Sim,3,0,2,0,1,0,2,2,"-8,87891989","-36,47796305",SPRF-PE,DEL03-PE,UOP01-DEL03-PE
262565,2020-01-13,segunda-feira,11:05:00,PE,101,"69,9",RECIFE,Falta de Atenção à Condução,Colisão lateral,Com Vítimas Feridas,Pleno dia,Crescente,Sol,Múltipla,Reta,Não,2,0,1,0,0,1,1,2,"-8,05074296","-34,94580619",SPRF-PE,DEL01-PE,UOP01-DEL01-PE
262592,2020-01-13,segunda-feira,11:15:00,PE,232,"21,6",MORENO,Defeito Mecânico no Veículo,Capotamento,Com Vítimas Feridas,Pleno dia,Crescente,Sol,Dupla,Curva,Não,2,0,2,0,0,0,2,1,"-8,09580234","-35,08012588",SPRF-PE,DEL01-PE,UOP02-DEL02PE
262594,2020-01-13,segunda-feira,14:00:00,PE,408,"96,5",SAO LOURENCO DA MATA,Velocidade Incompatível,Saída de leito carroçável,Com Vítimas Fatais,Pleno dia,Decrescente,Céu Claro,Simples,Reta,Não,2,1,0,1,0,0,1,1,"-8,02062","-35,041045",SPRF-PE,DEL01-PE,UOP01-DEL01-PE
262638,2020-01-13,segunda-feira,17:30:00,PE,101,100,CABO DE SANTO AGOSTINHO,Sinalização da via insuficiente ou inadequada,Colisão traseira,Com Vítimas Feridas,Plena Noite,Crescente,Ignorado,Simples,Reta,Não,3,0,3,0,0,0,3,1,"-8,26699309","-35,05234386",SPRF-PE,DEL01-PE,UOP03-DEL01-PE
262658,2020-01-13,segunda-feira,18:50:00,PE,428,121,SANTA MARIA DA BOA VISTA,Animais na Pista,Atropelamento de Animal,Com Vítimas Feridas,Plena Noite,Crescente,Céu Claro,Simples,Reta,Não,2,0,1,0,1,0,1,1,"-8,93005884","-40,11502506",SPRF-PE,DEL06-PE,UOP03-DEL06-PE
262771,2020-01-14,terça-feira,10:00:00,PE,101,51,PAULISTA,Falta de Atenção à Condução,Colisão transversal,Com Vítimas Feridas,Pleno dia,Decrescente,Sol,Múltipla,Reta,Sim,4,0,2,0,2,0,2,2,"-7,9169968","-34,89689272",SPRF-PE,DEL01-PE,UOP02-DEL01-PE
262772,2020-01-14,terça-feira,10:50:00,PE,232,"20,1",MORENO,Falta de Atenção à Condução,Saída de leito carroçável,Com Vítimas Feridas,Pleno dia,Crescente,Sol,Dupla,Reta;Declive                  ,Não,3,0,1,1,1,0,2,1,"-8,095462","-35,07223",SPRF-PE,DEL01-PE,UOP01-DEL01-PE
262779,2020-01-14,terça-feira,12:40:00,PE,232,"7,1",RECIFE,Não guardar distância de segurança,Colisão traseira,Com Vítimas Feridas,Pleno dia,Decrescente,Sol,Dupla,Reta,Sim,7,0,1,0,6,0,1,3,"-8,07333497","-34,96184301",SPRF-PE,DEL01-PE,UOP01-DEL01-PE
262804,2020-01-14,terça-feira,16:00:00,PE,407,"126,2",PETROLINA,Desobediência às normas de trânsito pelo condutor,Colisão transversal,Com Vítimas Feridas,Pleno dia,Decrescente,Céu Claro,Dupla,Interseção de Vias,Sim,2,0,1,0,1,0,1,2,"-9,38741938","-40,52598953",SPRF-PE,DEL06-PE,UOP01-DEL06-PE
262809,2020-01-14,terça-feira,17:20:00,PE,101,"90,7",CABO DE SANTO AGOSTINHO,Falta de Atenção à Condução,Colisão traseira,Com Vítimas Feridas,Anoitecer,Decrescente,Céu Claro,Dupla,Reta,Não,2,0,1,0,1,0,1,2,"-8,21612792","-34,98772817",SPRF-PE,DEL01-PE,UOP03-DEL01-PE
262875,2020-01-14,terça-feira,18:30:00,PE,423,106,GARANHUNS,Falta de Atenção à Condução,Colisão lateral,Com Vítimas Feridas,Plena Noite,Decrescente,Céu Claro,Simples,Reta,Não,3,0,1,0,2,0,1,2,"-8,88171776","-36,57279606",SPRF-PE,DEL03-PE,UOP01-DEL03-PE
262910,2020-01-15,quarta-feira,08:30:00,PE,101,107,CABO DE SANTO AGOSTINHO,Condutor Dormindo,Saída de leito carroçável,Com Vítimas Feridas,Pleno dia,Decrescente,Céu Claro,Dupla,Curva,Não,1,0,1,0,0,0,1,1,"-8,30976839","-35,08440011",SPRF-PE,DEL01-PE,UOP03-DEL01-PE
262925,2020-01-15,quarta-feira,10:00:00,PE,101,"70,8",RECIFE,Mal Súbito,Capotamento,Com Vítimas Feridas,Pleno dia,Decrescente,Céu Claro,Dupla,Reta,Sim,2,0,2,0,0,0,2,1,"-8,06776119","-34,94265074",SPRF-PE,DEL01-PE,UOP01-DEL01-PE
262974,2020-01-15,quarta-feira,15:15:00,PE,101,41,IGARASSU,Falta de Atenção do Pedestre,Saída de leito carroçável,Com Vítimas Feridas,Pleno dia,Decrescente,Céu Claro,Simples,Reta,Sim,2,0,1,0,1,0,1,1,"-7,83038346","-34,91426785",SPRF-PE,DEL01-PE,UOP02-DEL01-PE
263011,2020-01-15,quarta-feira,16:30:00,PE,232,120,CARUARU,Velocidade Incompatível,Capotamento,Com Vítimas Feridas,Pleno dia,Crescente,Céu Claro,Dupla,Declive,Não,1,0,1,0,0,0,1,1,"-8,29826697","-35,90192301",SPRF-PE,DEL02-PE,UOP03-DEL02-PE
263025,2020-01-15,quarta-feira,18:20:00,PE,232,"100,3",BEZERROS,Falta de Atenção do Pedestre,Atropelamento de Pedestre,Com Vítimas Fatais,Plena Noite,Decrescente,Céu Claro,Dupla,Reta,Sim,3,1,0,0,0,2,0,2,"-8,23791176","-35,74297705",SPRF-PE,DEL01-PE,UOP02-DEL02PE
263165,2020-01-16,quinta-feira,15:30:00,PE,101,40,IGARASSU,Falta de Atenção à Condução,Colisão lateral,Com Vítimas Feridas,Pleno dia,Crescente,Sol,Dupla,Reta,Sim,2,0,1,0,1,0,1,2,"-7,821475","-34,916545",SPRF-PE,DEL01-PE,UOP02-DEL01-PE
263170,2020-01-16,quinta-feira,16:02:00,PE,424,77,GARANHUNS,Desobediência às normas de trânsito pelo condutor,Colisão lateral,Com Vítimas Feridas,Pleno dia,Crescente,Céu Claro,Simples,Reta,Não,2,0,0,1,1,0,1,2,"-8,8151088","-36,56890186",SPRF-PE,DEL03-PE,UOP01-DEL03-PE
263231,2020-01-16,quinta-feira,22:30:00,PE,101,84,JABOATAO DOS GUARARAPES,Não guardar distância de segurança,Colisão traseira,Sem Vítimas,Plena Noite,Decrescente,Céu Claro,Simples,Reta,Sim,2,0,0,0,2,0,0,2,"-8,17778559","-34,95087297",SPRF-PE,DEL01-PE,UOP03-DEL01-PE
263236,2020-01-16,quinta-feira,22:50:00,PE,101,103,CABO DE SANTO AGOSTINHO,Desobediência às normas de trânsito pelo condutor,Colisão frontal,Com Vítimas Feridas,Plena Noite,Decrescente,Céu Claro,Simples,Curva,Sim,2,0,2,0,0,0,2,2,"-8,29241321","-35,05598304",SPRF-PE,DEL01-PE,UOP03-DEL01-PE
263273,2020-01-17,sexta-feira,07:15:00,PE,101,"81,8",JABOATAO DOS GUARARAPES,Desobediência às normas de trânsito pelo condutor,Colisão lateral,Com Vítimas Feridas,Pleno dia,Crescente,Sol,Dupla,Reta,Sim,2,0,2,0,0,0,2,2,"-8,1597489","-34,94024569",SPRF-PE,DEL01-PE,UOP03-DEL01-PE
263306,2020-01-17,sexta-feira,09:20:00,PE,232,"7,2",RECIFE,Falta de Atenção à Condução,Colisão traseira,Com Vítimas Feridas,Pleno dia,Decrescente,Céu Claro,Dupla,Reta,Sim,2,0,1,0,1,0,1,2,"-8,09492091","-34,93824005",SPRF-PE,DEL01-PE,UOP01-DEL01-PE
263345,2020-01-17,sexta-feira,12:20:00,PE,424,"25,2",PEDRA,Desobediência às normas de trânsito pelo condutor,Colisão frontal,Com Vítimas Fatais,Pleno dia,Crescente,Céu Claro,Simples,Reta,Não,4,1,0,3,0,0,3,2,"-8,54767496","-36,90487195",SPRF-PE,DEL03-PE,UOP02-DEL03-PE
263369,2020-01-17,sexta-feira,15:00:00,PE,101,53,ABREU E LIMA,Defeito Mecânico no Veículo,Colisão transversal,Com Vítimas Feridas,Pleno dia,Decrescente,Sol,Múltipla,Reta,Sim,3,0,1,2,0,0,3,2,"-7,93124094","-34,90068606",SPRF-PE,DEL01-PE,UOP02-DEL01-PE
263382,2020-01-17,sexta-feira,16:00:00,PE,232,"178,2",BELO JARDIM,Falta de Atenção do Pedestre,Atropelamento de Pedestre,Com Vítimas Feridas,Pleno dia,Decrescente,Céu Claro,Simples,Reta,Sim,3,0,0,1,2,0,1,2,"-8,347448","-36,411818",SPRF-PE,DEL02-PE,UOP03-DEL02-PE
263388,2020-01-17,sexta-feira,16:40:00,PE,104,"64,9",CARUARU,Falta de Atenção à Condução,Colisão traseira,Sem Vítimas,Pleno dia,Crescente,Céu Claro,Simples,Interseção de Vias,Sim,2,0,0,0,2,0,0,2,"-8,2783","-35,9815",SPRF-PE,DEL02-PE,UOP01-DEL02-PE
263455,2020-01-17,sexta-feira,20:00:00,PE,101,42,IGARASSU,Falta de Atenção à Condução,Colisão traseira,Com Vítimas Feridas,Plena Noite,Crescente,Vento,Múltipla,Reta,Não,2,0,1,0,1,0,1,2,"-7,83887431","-34,91196739",SPRF-PE,DEL01-PE,UOP02-DEL01-PE
263530,2020-01-18,sábado,08:15:00,PE,428,"150,9",PETROLINA,Ingestão de Álcool,Colisão lateral,Com Vítimas Feridas,Pleno dia,Decrescente,Céu Claro,Simples,Reta,Não,3,0,1,0,2,0,1,2,"-9,06996896","-40,31132806",SPRF-PE,DEL06-PE,UOP01-DEL06-PE
263564,2020-01-18,sábado,11:50:00,PE,407,"125,5",PETROLINA,Falta de Atenção à Condução,Colisão traseira,Com Vítimas Feridas,Pleno dia,Decrescente,Céu Claro,Dupla,Reta,Sim,2,0,0,1,1,0,1,2,"-9,38410621","-40,52875942",SPRF-PE,DEL06-PE,UOP01-DEL06-PE
263565,2020-01-18,sábado,12:00:00,PE,232,"410,7",SERRA TALHADA,Falta de Atenção à Condução,Colisão transversal,Com Vítimas Feridas,Pleno dia,Crescente,Sol,Simples,Reta,Sim,2,0,0,1,1,0,1,2,"-7,98261841","-38,30039606",SPRF-PE,DEL04-PE,UOP01-DEL04-PE
263566,2020-01-18,sábado,12:10:00,PE,408,"96,5",SAO LOURENCO DA MATA,Falta de Atenção à Condução,Colisão traseira,Com Vítimas Feridas,Pleno dia,Crescente,Céu Claro,Dupla,Aclive;Reta                   ,Não,2,0,1,0,0,1,1,2,"-8,02062","-35,041045",SPRF-PE,DEL01-PE,UOP01-DEL01-PE
263577,2020-01-18,sábado,13:15:00,PE,232,"107,1",BEZERROS,Defeito Mecânico no Veículo,Colisão com objeto estático,Com Vítimas Feridas,Pleno dia,Decrescente,Sol,Dupla,Reta,Não,4,0,3,0,1,0,3,1,"-8,26839017","-35,79746685",SPRF-PE,DEL02-PE,UOP03-DEL02-PE
263608,2020-01-18,sábado,16:15:00,PE,232,"410,7",SERRA TALHADA,Restrição de Visibilidade,Colisão transversal,Com Vítimas Feridas,Pleno dia,Crescente,Nublado,Simples,Curva,Sim,2,0,2,0,0,0,2,2,"-7,98273772","-38,30123663",SPRF-PE,DEL04-PE,UOP01-DEL04-PE
263615,2020-01-18,sábado,17:25:00,PE,407,129,PETROLINA,Falta de Atenção à Condução,Colisão lateral,Com Vítimas Feridas,Pleno dia,Crescente,Céu Claro,Dupla,Curva,Sim,3,0,2,0,1,0,2,2,"-9,39958299","-40,50459298",SPRF-PE,DEL06-PE,UOP01-DEL06-PE
263622,2020-01-18,sábado,17:55:00,PE,232,"186,2",BELO JARDIM,Desobediência às normas de trânsito pelo condutor,Colisão transversal,Com Vítimas Feridas,Plena Noite,Decrescente,Céu Claro,Simples,Reta,Não,4,0,1,0,2,1,1,2,"-8,35289635","-36,48256297",SPRF-PE,DEL02-PE,UOP03-DEL02-PE
263626,2020-01-18,sábado,18:00:00,PE,232,133,CARUARU,Ingestão de Álcool,Saída de leito carroçável,Com Vítimas Feridas,Anoitecer,Crescente,Céu Claro,Dupla,Reta,Sim,1,0,1,0,0,0,1,1,"-8,30607988","-36,01576003",SPRF-PE,DEL02-PE,UOP03-DEL02-PE
263690,2020-01-19,domingo,00:25:00,PE,101,"61,2",RECIFE,Ingestão de Álcool,Atropelamento de Pedestre,Com Vítimas Fatais,Plena Noite,Crescente,Nublado,Dupla,Reta,Sim,2,1,0,0,1,0,0,2,"-7,99097103","-34,93598295",SPRF-PE,DEL01-PE,UOP02-DEL01-PE
263706,2020-01-19,domingo,00:10:00,PE,232,"251,5",ARCOVERDE,Ingestão de Álcool,Colisão lateral,Sem Vítimas,Plena Noite,Decrescente,Vento,Simples,Reta,Sim,2,0,0,0,2,0,0,2,"-8,429241","-37,060127",SPRF-PE,DEL03-PE,UOP02-DEL03-PE
263724,2020-01-19,domingo,03:00:00,PE,423,"111,5",PARANATAMA,Ingestão de Álcool,Colisão transversal,Com Vítimas Feridas,Plena Noite,Crescente,Céu Claro,Simples,Aclive,Não,2,0,1,0,1,0,1,2,"-8,89303549","-36,61653287",SPRF-PE,DEL03-PE,UOP01-DEL03-PE
263784,2020-01-19,domingo,11:50:00,PE,424,"97,3",GARANHUNS,Defeito Mecânico no Veículo,Incêndio,Sem Vítimas,Pleno dia,Decrescente,Céu Claro,Simples,Reta,Não,1,0,0,0,1,0,0,1,"-8,93478014","-36,50438092",SPRF-PE,DEL03-PE,UOP01-DEL03-PE