id,data_inversa,dia_semana,horario,uf,br,km,municipio,causa_acidente,tipo_acidente,classificacao_acidente,fase_dia,sentido_via,condicao_metereologica,tipo_pista,tracado_via,uso_solo,pessoas,mortos,feridos_leves,feridos_graves,ilesos,ignorados,feridos,veiculos,latitude,longitude,regional,delegacia,uop
266836,2020-02-03,segunda-feira,09:05:00,PE,101,"72,9",RECIFE,Velocidade Incompatível,Saída de leito carroçável,Com Vítimas Feridas,Pleno dia,Crescente,Chuva,Dupla,Curva,Sim,3,0,3,0,0,0,3,1,"-8,08493106","-34,9450639",SPRF-PE,DEL01-PE,UOP01-DEL01-PE
266843,2020-02-03,segunda-feira,09:30:00,PE,101,"82,5",JABOATAO DOS GUARARAPES,Desobediência às normas de trânsito pelo condutor,Colisão transversal,Com Vítimas Feridas,Pleno dia,Crescente,Céu Claro,Dupla,Interseção de Vias,Não,2,0,1,0,1,0,1,2,"-8,168383","-34,9376",SPRF-PE,DEL01-PE,UOP03-DEL01-PE
266852,2020-02-03,segunda-feira,10:40:00,PE,408,"78,2",PAUDALHO,Mal Súbito,Saída de leito carroçável,Com Vítimas Feridas,Pleno dia,Crescente,Sol,Dupla,Reta,Não,1,0,0,1,0,0,1,1,"-7,92365927","-35,15513418",SPRF-PE,DEL01-PE,UOP01-DEL01-PE
266917,2020-02-03,segunda-feira,14:20:00,PE,232,105,BEZERROS,Pista Escorregadia,Saída de leito carroçável,Com Vítimas Feridas,Pleno dia,Crescente,Chuva,Dupla,Curva,Não,10,0,8,0,2,0,8,1,"-8,25830415","-35,78275595",SPRF-PE,DEL02-PE,UOP03-DEL02-PE
266944,2020-02-03,segunda-feira,19:35:00,PE,101,63,RECIFE,Falta de Atenção do Pedestre,Atropelamento de Pedestre,Com Vítimas Feridas,Plena Noite,Decrescente,Céu Claro,Dupla,Reta,Sim,2,0,0,2,0,0,2,2,"-8,00800604","-34,93756535",SPRF-PE,DEL01-PE,UOP01-DEL01-PE
266992,2020-02-04,terça-feira,06:40:00,PE,408,105,RECIFE,Falta de Atenção à Condução,Colisão lateral,Com Vítimas Feridas,Pleno dia,Crescente,Céu Claro,Dupla,Reta,Não,3,0,2,0,1,0,2,2,"-8,0730937","-34,99190714",SPRF-PE,DEL01-PE,UOP01-DEL01-PE
266994,2020-02-04,terça-feira,06:10:00,PE,104,"65,1",CARUARU,Animais na Pista,Colisão traseira,Com Vítimas Feridas,Amanhecer,Decrescente,Nublado,Dupla,Reta,Não,2,0,1,0,1,0,1,2,"-8,2867","-35,9838",SPRF-PE,DEL02-PE,UOP01-DEL02-PE
267039,2020-02-04,terça-feira,12:50:00,PE,101,"44,9",IGARASSU,Falta de Atenção à Condução,Colisão traseira,Com Vítimas Feridas,Pleno dia,Decrescente,Sol,Múltipla,Reta,Sim,3,0,2,0,1,0,2,3,"-7,85637001","-34,90842109",SPRF-PE,DEL01-PE,UOP02-DEL01-PE
267088,2020-02-04,terça-feira,17:48:00,PE,101,"69,5",RECIFE,Falta de Atenção à Condução,Colisão traseira,Com Vítimas Feridas,Anoitecer,Crescente,Céu Claro,Dupla,Reta,Sim,2,0,0,1,1,0,1,2,"-8,05951606","-34,94581024",SPRF-PE,DEL01-PE,UOP01-DEL01-PE
267139,2020-02-04,terça-feira,20:30:00,PE,101,"77,5",RECIFE,Falta de Atenção do Pedestre,Atropelamento de Pedestre,Com Vítimas Feridas,Plena Noite,Crescente,Céu Claro,Dupla,Reta,Sim,4,0,1,0,3,0,1,2,"-8,126982","-34,94386",SPRF-PE,DEL01-PE,UOP01-DEL01-PE
267261,2020-02-05,quarta-feira,11:20:00,PE,232,"34,1",MORENO,Agressão Externa,Colisão com objeto estático,Com Vítimas Feridas,Pleno dia,Crescente,Céu Claro,Simples,Reta,Sim,5,0,0,2,1,2,2,3,"-8,107881","-35,187841",SPRF-PE,DEL01-PE,UOP02-DEL02PE
267276,2020-02-05,quarta-feira,12:00:00,PE,101,"35,8",ITAPISSUMA,Falta de Atenção à Condução,Colisão transversal,Com Vítimas Feridas,Pleno dia,Decrescente,Sol,Dupla,Aclive,Não,3,0,2,0,1,0,2,2,"-7,77952193","-34,93231384",SPRF-PE,DEL01-PE,UOP02-DEL01-PE
267348,2020-02-05,quarta-feira,18:35:00,PE,232,"406,9",SERRA TALHADA,Falta de Atenção à Condução,Tombamento,Com Vítimas Feridas,Plena Noite,Crescente,Nublado,Simples,Reta,Sim,1,0,1,0,0,0,1,1,"-7,98720861","-38,26249294",SPRF-PE,DEL04-PE,UOP01-DEL04-PE
267373,2020-02-05,quarta-feira,21:00:00,PE,232,"408,5",SERRA TALHADA,Falta de Atenção à Condução,Danos eventuais,Com Vítimas Feridas,Plena Noite,Crescente,Céu Claro,Simples,Reta,Sim,3,0,2,0,0,1,2,2,"-7,98371447","-38,28047709",SPRF-PE,DEL04-PE,UOP01-DEL04-PE
267443,2020-02-06,quinta-feira,08:10:00,PE,101,"84,5",JABOATAO DOS GUARARAPES,Não guardar distância de segurança,Colisão traseira,Com Vítimas Feridas,Pleno dia,Crescente,Céu Claro,Simples,Reta,Sim,3,0,2,0,1,0,2,2,"-8,2396419","-35,00335418",SPRF-PE,DEL01-PE,UOP03-DEL01-PE
267463,2020-02-06,quinta-feira,07:30:00,PE,101,"200,4",PALMARES,Falta de Atenção à Condução,Saída de leito carroçável,Com Vítimas Feridas,Pleno dia,Crescente,Céu Claro,Dupla,Curva,Não,1,0,0,1,0,0,1,1,"-8,77234132","-35,6185606",SPRF-PE,DEL01-PE,UOP03-DEL01-PE
267542,2020-02-06,quinta-feira,16:30:00,PE,101,"79,9",JABOATAO DOS GUARARAPES,Falta de Atenção à Condução,Colisão transversal,Com Vítimas Feridas,Pleno dia,Decrescente,Céu Claro,Dupla,Reta,Sim,5,0,3,0,2,0,3,2,"-8,14366112","-34,94723453",SPRF-PE,DEL01-PE,UOP01-DEL01-PE
267565,2020-02-06,quinta-feira,18:20:00,PE,232,"175,8",BELO JARDIM,Animais na Pista,Atropelamento de Animal,Com Vítimas Feridas,Plena Noite,Crescente,Vento,Simples,Reta,Não,1,0,0,1,0,0,1,1,"-8,34100926","-36,38709684",SPRF-PE,DEL02-PE,UOP03-DEL02-PE
267669,2020-02-06,quinta-feira,21:10:00,PE,316,266,BELEM DE SAO FRANCISCO,Animais na Pista,Atropelamento de Animal,Sem Vítimas,Plena Noite,Decrescente,Nublado,Simples,Reta,Não,3,0,0,0,3,0,0,1,"-8,71630699","-38,89423601",SPRF-PE,DEL05-PE,UOP03-DEL05-PE
267685,2020-02-07,sexta-feira,07:30:00,PE,232,128,CARUARU,Desobediência às normas de trânsito pelo condutor,Colisão transversal,Com Vítimas Feridas,Pleno dia,Crescente,Sol,Simples,Reta,Sim,2,0,1,0,1,0,1,2,"-8,30399306","-35,97216301",SPRF-PE,DEL02-PE,UOP03-DEL02-PE
267701,2020-02-07,sexta-feira,06:30:00,PE,232,"124,2",CARUARU,Defeito na Via,Colisão com objeto estático,Com Vítimas Feridas,Pleno dia,Crescente,Céu Claro,Dupla,Reta,Não,1,0,1,0,0,0,1,1,"-8,3061041","-35,93702498",SPRF-PE,DEL02-PE,UOP03-DEL02-PE
267726,2020-02-07,sexta-feira,11:15:00,PE,104,43,CARUARU,Mal Súbito,Saída de leito carroçável,Com Vítimas Feridas,Pleno dia,Crescente,Céu Claro,Dupla,Interseção de Vias,Não,2,0,1,1,0,0,2,2,"-8,107149","-36,021708",SPRF-PE,DEL02-PE,UOP01-DEL02-PE
267742,2020-02-07,sexta-feira,12:15:00,PE,101,"69,1",RECIFE,Não guardar distância de segurança,Colisão traseira,Com Vítimas Feridas,Pleno dia,Crescente,Nublado,Múltipla,Reta,Sim,3,0,2,0,1,0,2,2,"-8,060326","-34,945863",SPRF-PE,DEL01-PE,UOP01-DEL01-PE
267807,2020-02-07,sexta-feira,16:50:00,PE,101,"29,9",ITAPISSUMA,Animais na Pista,Atropelamento de Animal,Com Vítimas Feridas,Pleno dia,Decrescente,Céu Claro,Dupla,Reta,Sim,2,0,2,0,0,0,2,1,"-7,72939697","-34,94185854",SPRF-PE,DEL01-PE,UOP02-DEL01-PE
267850,2020-02-07,sexta-feira,20:10:00,PE,101,"65,8",RECIFE,Falta de Atenção à Condução,Tombamento,Com Vítimas Feridas,Plena Noite,Crescente,Céu Claro,Múltipla,Interseção de Vias,Sim,2,0,1,0,1,0,1,2,"-8,02478597","-34,94276635",SPRF-PE,DEL01-PE,UOP01-DEL01-PE
267911,2020-02-08,sábado,02:45:00,PE,104,"82,5",AGRESTINA,Condutor Dormindo,Colisão frontal,Com Vítimas Fatais,Plena Noite,Crescente,Nublado,Dupla,Reta,Não,5,3,0,2,0,0,2,2,"-8,414513","-35,967102",SPRF-PE,DEL02-PE,UOP01-DEL02-PE
267950,2020-02-08,sábado,06:45:00,PE,232,8,RECIFE,Falta de Atenção à Condução,Colisão traseira,Sem Vítimas,Pleno dia,Decrescente,Céu Claro,Dupla,Reta,Não,2,0,0,0,2,0,0,2,"-8,07583727","-34,97015791",SPRF-PE,DEL01-PE,UOP01-DEL01-PE
268052,2020-02-08,sábado,17:25:00,PE,428,"184,9",PETROLINA,Falta de Atenção à Condução,Colisão transversal,Com Vítimas Feridas,Anoitecer,Crescente,Nublado,Simples,Reta,Sim,2,0,2,0,0,0,2,2,"-9,33211208","-40,46621385",SPRF-PE,DEL06-PE,UOP01-DEL06-PE
268114,2020-02-08,sábado,21:50:00,PE,423,"100,9",GARANHUNS,Ingestão de Álcool,Colisão frontal,Com Vítimas Fatais,Plena Noite,Crescente,Céu Claro,Simples,Reta,Não,4,2,0,1,0,1,1,2,"-8,87477127","-36,52085205",SPRF-PE,DEL03-PE,UOP01-DEL03-PE
268127,2020-02-09,domingo,00:40:00,PE,232,"122,2",CARUARU,Ingestão de Álcool,Colisão lateral,Com Vítimas Feridas,Plena Noite,Crescente,Céu Claro,Dupla,Reta,Não,2,0,1,0,1,0,1,2,"-8,30217741","-35,91946793",SPRF-PE,DEL02-PE,UOP03-DEL02-PE
268261,2020-02-09,domingo,18:15:00,PE,232,"59,1",POMBOS,Desobediência às normas de trânsito pelo pedestre,Atropelamento de Pedestre,Sem Vítimas,Plena Noite,Decrescente,Céu Claro,Dupla,Reta,Sim,2,0,0,0,1,1,0,2,"-8,147105","-35,395936",SPRF-PE,DEL01-PE,UOP02-DEL02PE
268269,2020-02-09,domingo,17:48:00,PE,423,99,GARANHUNS,Ingestão de Álcool,Colisão com objeto em movimento,Com Vítimas Feridas,Anoitecer,Crescente,Céu Claro,Simples,Reta,Não,2,0,0,1,0,1,1,2,"-8,87808191","-36,51252399",SPRF-PE,DEL03-PE,UOP01-DEL03-PE
268309,2020-02-09,domingo,20:30:00,PE,232,"124,1",CARUARU,Ingestão de Álcool,Queda de ocupante de veículo,Com Vítimas Feridas,Plena Noite,Decrescente,Céu Claro,Dupla,Curva,Não,1,0,0,1,0,0,1,1,"-8,3061041","-35,93702498",SPRF-PE,DEL02-PE,UOP03-DEL02-PE
268327,2020-02-09,domingo,23:15:00,PE,101,123,ESCADA,Desobediência às normas de trânsito pelo condutor,Colisão frontal,Com Vítimas Fatais,Plena Noite,Crescente,Nublado,Dupla,Reta,Não,3,2,0,0,1,0,0,2,"-8,35963442","-35,20419694",SPRF-PE,DEL01-PE,UOP03-DEL01-PE
268328,2020-02-09,domingo,22:40:00,PE,101,"76,1",RECIFE,Falta de Atenção do Pedestre,Atropelamento de Pedestre,Com Vítimas Feridas,Plena Noite,Decrescente,Nublado,Dupla,Curva,Sim,2,0,1,0,1,0,1,2,"-8,11813811","-34,94329214",SPRF-PE,DEL01-PE,UOP01-DEL01-PE
268354,2020-02-10,segunda-feira,05:30:00,PE,101,"163,7",AGUA PRETA,Avarias e/ou desgaste excessivo no pneu,Saída de leito carroçável,Com Vítimas Feridas,Amanhecer,Decrescente,Céu Claro,Dupla,Curva,Não,3,0,3,0,0,0,3,1,"-8,55039544","-35,44619699",SPRF-PE,DEL01-PE,UOP03-DEL01-PE
268383,2020-02-05,quarta-feira,08:25:00,PE,232,544,PARNAMIRIM,Agressão Externa,Danos eventuais,Sem Vítimas,Pleno dia,Crescente,Nublado,Simples,Reta,Não,1,0,0,0,1,0,0,1,"-8,0868952","-39,43951012",SPRF-PE,DEL05-PE,UOP01-DEL05-PE
268404,2020-02-10,segunda-feira,10:35:00,PE,101,"48,6",ABREU E LIMA,Falta de Atenção do Pedestre,Atropelamento de Pedestre,Com Vítimas Feridas,Pleno dia,Decrescente,Sol,Múltipla,Reta,Sim,2,0,1,0,1,0,1,2,"-7,89174705","-34,9033493",SPRF-PE,DEL01-PE,UOP02-DEL01-PE
268452,2020-02-10,segunda-feira,16:05:00,PE,232,"182,4",BELO JARDIM,Falta de Atenção à Condução,Colisão frontal,Com Vítimas Feridas,Pleno dia,Crescente,Céu Claro,Simples,Reta,Não,3,0,2,1,0,0,3,2,"-8,34876275","-36,45026565",SPRF-PE,DEL02-PE,UOP03-DEL02-PE
268501,2020-02-10,segunda-feira,19:45:00,PE,423,"96,9",GARANHUNS,Não guardar distância de segurança,Colisão transversal,Com Vítimas Feridas,Plena Noite,Decrescente,Céu Claro,Simples,Reta,Sim,2,0,1,0,1,0,1,2,"-8,88021822","-36,48651678",SPRF-PE,DEL03-PE,UOP01-DEL03-PE
268536,2020-02-10,segunda-feira,22:30:00,PE,232,"110,1",BEZERROS,Condutor Dormindo,Capotamento,Com Vítimas Feridas,Plena Noite,Crescente,Vento,Dupla,Curva,Não,1,0,1,0,0,0,1,1,"-8,28634529","-35,81755579",SPRF-PE,DEL02-PE,UOP03-DEL02-PE
268549,2020-02-11,terça-feira,07:30:00,PE,101,"60,7",RECIFE,Falta de Atenção à Condução,Colisão traseira,Com Vítimas Feridas,Pleno dia,Decrescente,Sol,Múltipla,Reta,Sim,2,0,1,0,1,0,1,2,"-7,98344307","-34,93176727",SPRF-PE,DEL01-PE,UOP02-DEL01-PE
268667,2020-02-11,terça-feira,18:30:00,PE,428,"187,8",PETROLINA,Mal Súbito,Queda de ocupante de veículo,Com Vítimas Feridas,Plena Noite,Crescente,Céu Claro,Simples,Reta,Sim,1,0,1,0,0,0,1,1,"-9,35604301","-40,47854198",SPRF-PE,DEL06-PE,UOP01-DEL06-PE
268720,2020-02-11,terça-feira,22:40:00,PE,423,143,IATI,Animais na Pista,Atropelamento de Animal,Com Vítimas Feridas,Plena Noite,Crescente,Céu Claro,Simples,Reta,Não,1,0,1,0,0,0,1,1,"-8,99930627","-36,85266279",SPRF-PE,DEL03-PE,UOP01-DEL03-PE
268763,2020-02-12,quarta-feira,09:00:00,PE,101,18,GOIANA,Defeito na Via,Saída de leito carroçável,Com Vítimas Feridas,Pleno dia,Crescente,Chuva,Simples,Curva,Sim,2,0,2,0,0,0,2,1,"-7,62621106","-34,96669711",SPRF-PE,DEL01-PE,UOP02-DEL01-PE
268780,2020-02-12,quarta-feira,10:25:00,PE,101,71,RECIFE,Falta de Atenção à Condução,Colisão traseira,Sem Vítimas,Pleno dia,Crescente,Céu Claro,Dupla,Reta,Sim,5,0,0,0,5,0,0,5,"-8,07663102","-34,94277871",SPRF-PE,DEL01-PE,UOP01-DEL01-PE
268819,2020-02-12,quarta-feira,14:25:00,PE,101,"68,2",RECIFE,Velocidade Incompatível,Colisão traseira,Sem Vítimas,Pleno dia,Decrescente,Céu Claro,Dupla,Aclive,Sim,5,0,0,0,5,0,0,2,"-8,05074296","-34,94580619",SPRF-PE,DEL01-PE,UOP01-DEL01-PE
268883,2020-02-12,quarta-feira,19:10:00,PE,232,488,VERDEJANTE,Animais na Pista,Atropelamento de Animal,Sem Vítimas,Plena Noite,Crescente,Céu Claro,Simples,Reta,Não,1,0,0,0,1,0,0,1,"-8,01034685","-38,95649882",SPRF-PE,DEL05-PE,UOP01-DEL05-PE
269042,2020-02-13,quinta-feira,17:40:00,PE,101,80,JABOATAO DOS GUARARAPES,Falta de Atenção do Pedestre,Atropelamento de Pedestre,Com Vítimas Feridas,Anoitecer,Decrescente,Nublado,Dupla,Reta,Sim,2,0,1,0,1,0,1,2,"-8,15112589","-34,9428866",SPRF-PE,DEL01-PE,UOP03-DEL01-PE
269044,2020-02-13,quinta-feira,18:25:00,PE,101,"55,6",PAULISTA,Falta de Atenção à Condução,Colisão traseira,Com Vítimas Feridas,Plena Noite,Decrescente,Céu Claro,Dupla,Reta,Não,2,0,0,1,1,0,1,2,"-7,94806621","-34,9062148",SPRF-PE,DEL01-PE,UOP02-DEL01-PE
269063,2020-02-13,quinta-feira,20:00:00,PE,101,"98,1",CABO DE SANTO AGOSTINHO,Falta de Atenção do Pedestre,Atropelamento de Pedestre,Com Vítimas Feridas,Plena Noite,Crescente,Nublado,Dupla,Reta,Sim,2,0,0,2,0,0,2,2,"-8,25653422","-35,03811793",SPRF-PE,DEL01-PE,UOP03-DEL01-PE
269078,2020-02-13,quinta-feira,22:40:00,PE,104,118,PANELAS,Agressão Externa,Colisão lateral,Com Vítimas Feridas,Plena Noite,Decrescente,Céu Claro,Simples,Curva,Não,2,0,1,0,1,0,1,2,"-8,687511","-36,017384",SPRF-PE,DEL02-PE,UOP01-DEL02-PE
269086,2020-02-14,sexta-feira,00:25:00,PE,232,"424,5",SERRA TALHADA,Animais na Pista,Atropelamento de Animal,Sem Vítimas,Plena Noite,Decrescente,Nublado,Simples,Reta,Não,5,0,0,0,5,0,0,1,"-8,0003594","-38,42095706",SPRF-PE,DEL04-PE,UOP01-DEL04-PE
269153,2020-02-14,sexta-feira,06:50:00,PE,101,"83,7",JABOATAO DOS GUARARAPES,Falta de Atenção à Condução,Queda de ocupante de veículo,Com Vítimas Feridas,Pleno dia,Decrescente,Céu Claro,Dupla,Reta,Sim,2,0,1,0,1,0,1,2,"-8,175172","-34,942642",SPRF-PE,DEL01-PE,UOP03-DEL01-PE
269239,2020-02-14,sexta-feira,19:44:00,PE,101,"66,3",RECIFE,Falta de Atenção à Condução,Colisão traseira,Com Vítimas Feridas,Plena Noite,Crescente,Céu Claro,Múltipla,Reta,Sim,3,0,1,1,1,0,2,2,"-8,03368534","-34,94184125",SPRF-PE,DEL01-PE,UOP01-DEL01-PE
269287,2020-02-14,sexta-feira,21:30:00,PE,423,38,CACHOEIRINHA,Animais na Pista,Atropelamento de Animal,Com Vítimas Feridas,Plena Noite,Crescente,Céu Claro,Simples,Reta,Não,1,0,1,0,0,0,1,1,"-8,48361315","-36,22574878",SPRF-PE,DEL02-PE,UOP03-DEL02-PE
269319,2020-02-15,sábado,03:30:00,PE,232,"90,2",SAIRE,Animais na Pista,Saída de leito carroçável,Com Vítimas Feridas,Plena Noite,Crescente,Céu Claro,Dupla,Curva,Não,1,0,0,1,0,0,1,1,"-8,2172915","-35,65572305",SPRF-PE,DEL02-PE,UOP02-DEL02PE
269331,2020-02-15,sábado,04:00:00,PE,232,182,BELO JARDIM,Animais na Pista,Atropelamento de Animal,Com Vítimas Feridas,Amanhecer,Decrescente,Céu Claro,Simples,Reta,Não,1,0,1,0,0,0,1,1,"-8,34804728","-36,44664994",SPRF-PE,DEL02-PE,UOP03-DEL02-PE
269335,2020-02-15,sábado,06:40:00,PE,232,44,VITORIA DE SANTO ANTAO,Defeito na Via,Queda de ocupante de veículo,Com Vítimas Feridas,Pleno dia,Crescente,Sol,Dupla,Reta,Não,1,0,1,0,0,0,1,1,"-8,13679239","-35,33542894",SPRF-PE,DEL02-PE,UOP02-DEL02PE
269387,2020-02-15,sábado,11:30:00,PE,428,"191,8",PETROLINA,Ultrapassagem Indevida,Colisão lateral,Com Vítimas Feridas,Pleno dia,Decrescente,Céu Claro,Simples,Reta,Sim,2,0,1,0,1,0,1,2,"-9,37766429","-40,50269795",SPRF-PE,DEL06-PE,UOP01-DEL06-PE
269404,2020-02-15,sábado,13:50:00,PE,101,"35,4",IGARASSU,Falta de Atenção à Condução,Saída de leito carroçável,Com Vítimas Feridas,Pleno dia,Crescente,Céu Claro,Dupla,Reta,Não,5,0,5,0,0,0,5,1,"-7,77952193","-34,93231384",SPRF-PE,DEL01-PE,UOP02-DEL01-PE
269413,2020-02-15,sábado,15:03:00,PE,101,"35,4",IGARASSU,Falta de Atenção à Condução,Colisão traseira,Com Vítimas Feridas,Pleno dia,Crescente,Céu Claro,Dupla,Reta,Não,3,0,1,0,2,0,1,2,"-7,77952193","-34,93231384",SPRF-PE,DEL01-PE,UOP02-DEL01-PE
269435,2020-02-15,sábado,17:10:00,PE,101,"69,9",RECIFE,Desobediência às normas de trânsito pelo condutor,Colisão lateral,Sem Vítimas,Pleno dia,Decrescente,Céu Claro,Múltipla,Curva,Sim,2,0,0,0,2,0,0,2,"-8,059832","-34,945646",SPRF-PE,DEL01-PE,UOP01-DEL01-PE
269458,2020-02-15,sábado,18:40:00,PE,101,101,CABO DE SANTO AGOSTINHO,Desobediência às normas de trânsito pelo condutor,Colisão traseira,Sem Vítimas,Plena Noite,Crescente,Nublado,Simples,Reta,Sim,3,0,0,0,2,1,0,2,"-8,2757433","-35,05378122",SPRF-PE,DEL01-PE,UOP03-DEL01-PE
269483,2020-02-15,sábado,21:00:00,PE,423,"62,3",LAJEDO,Ingestão de Álcool,Colisão frontal,Com Vítimas Fatais,Plena Noite,Crescente,Céu Claro,Simples,Declive,Não,6,1,0,1,4,0,1,2,"-8,66219547","-36,34708912",SPRF-PE,DEL03-PE,UOP01-DEL03-PE
269485,2020-02-15,sábado,22:10:00,PE,104,"111,2",PANELAS,Falta de Atenção à Condução,Colisão com objeto estático,Com Vítimas Fatais,Plena Noite,Decrescente,Céu Claro,Simples,Ponte,Não,1,1,0,0,0,0,0,1,"-8,628445","-36,008938",SPRF-PE,DEL02-PE,UOP01-DEL02-PE
269510,2020-02-15,sábado,21:05:00,PE,316,"54,5",TRINDADE,Desobediência às normas de trânsito pelo condutor,Colisão frontal,Com Vítimas Fatais,Plena Noite,Decrescente,Ignorado,Simples,Reta,Não,2,1,0,0,0,1,0,2,"-7,73669808","-40,29450303",SPRF-PE,DEL05-PE,UOP02-DEL05-PE
269519,2020-02-16,domingo,00:05:00,PE,232,"415,7",SERRA TALHADA,Ingestão de Álcool,Atropelamento de Pedestre,Com Vítimas Feridas,Plena Noite,Crescente,Céu Claro,Simples,Reta,Não,2,0,0,1,0,1,1,2,"-7,99605739","-38,34533981",SPRF-PE,DEL04-PE,UOP01-DEL04-PE
269535,2020-02-16,domingo,02:25:00,PE,101,"73,7",RECIFE,Animais na Pista,Tombamento,Com Vítimas Fatais,Plena Noite,Decrescente,Céu Claro,Dupla,Reta,Sim,1,1,0,0,0,0,0,1,"-8,093369","-34,947464",SPRF-PE,DEL01-PE,UOP01-DEL01-PE
269552,2020-02-16,domingo,02:00:00,PE,101,84,JABOATAO DOS GUARARAPES,Desobediência às normas de trânsito pelo condutor,Capotamento,Sem Vítimas,Plena Noite,Decrescente,Nublado,Dupla,Reta,Não,1,0,0,0,0,1,0,1,"-8,17778559","-34,95087297",SPRF-PE,DEL01-PE,UOP03-DEL01-PE
269597,2020-02-16,domingo,10:00:00,PE,101,46,IGARASSU,Falta de Atenção à Condução,Colisão lateral,Sem Vítimas,Pleno dia,Crescente,Céu Claro,Dupla,Retorno Regulamentado,Sim,2,0,0,0,2,0,0,2,"-7,87406004","-34,90588126",SPRF-PE,DEL01-PE,UOP02-DEL01-PE
269608,2020-02-16,domingo,12:00:00,PE,101,"50,3",ABREU E LIMA,Desobediência às normas de trânsito pelo condutor,Colisão traseira,Sem Vítimas,Pleno dia,Decrescente,Céu Claro,Múltipla,Reta,Sim,2,0,0,0,2,0,0,2,"-7,90938602","-34,90123228",SPRF-PE,DEL01-PE,UOP02-DEL01-PE
269731,2020-02-16,domingo,22:30:00,PE,232,"16,9",JABOATAO DOS GUARARAPES,Não guardar distância de segurança,Colisão traseira,Sem Vítimas,Plena Noite,Decrescente,Céu Claro,Dupla,Reta,Não,5,0,0,0,5,0,0,2,"-8,09414193","-35,03716601",SPRF-PE,DEL01-PE,UOP01-DEL01-PE
269760,2020-02-17,segunda-feira,02:30:00,PE,101,107,CABO DE SANTO AGOSTINHO,Falta de Atenção à Condução,Colisão com objeto estático,Com Vítimas Feridas,Plena Noite,Decrescente,Céu Claro,Dupla,Curva,Não,1,0,0,1,0,0,1,1,"-8,30976839","-35,08440011",SPRF-PE,DEL01-PE,UOP03-DEL01-PE
269833,2020-02-17,segunda-feira,09:30:00,PE,101,70,RECIFE,Falta de Atenção à Condução,Colisão transversal,Com Vítimas Feridas,Pleno dia,Decrescente,Nublado,Dupla,Curva,Sim,2,0,1,0,1,0,1,2,"-8,06776119","-34,94265074",SPRF-PE,DEL01-PE,UOP01-DEL01-PE
269842,2020-02-17,segunda-feira,10:15:00,PE,407,"126,4",PETROLINA,Desobediência às normas de trânsito pelo condutor,Colisão transversal,Com Vítimas Feridas,Pleno dia,Decrescente,Céu Claro,Simples,Reta,Sim,3,0,1,1,1,0,2,2,"-9,38491309","-40,52809509",SPRF-PE,DEL06-PE,UOP01-DEL06-PE
269847,2020-02-17,segunda-feira,11:00:00,PE,101,90,CABO DE SANTO AGOSTINHO,Falta de Atenção à Condução,Colisão traseira,Sem Vítimas,Pleno dia,Decrescente,Céu Claro,Simples,Reta,Sim,2,0,0,0,2,0,0,2,"-8,22712095","-34,96982574",SPRF-PE,DEL01-PE,UOP03-DEL01-PE
269908,2020-02-17,segunda-feira,16:30:00,PE,407,"63,1",PETROLINA,Defeito Mecânico no Veículo,Capotamento,Com Vítimas Fatais,Pleno dia,Decrescente,Céu Claro,Simples,Ponte,Não,2,1,1,0,0,0,1,2,"-8,8737","-40,762181",SPRF-PE,DEL06-PE,UOP02-DEL06-PE
269956,2020-02-02,domingo,20:40:00,PE,232,"101,2",BEZERROS,Falta de Atenção do Pedestre,Atropelamento de Pedestre,Com Vítimas Feridas,Plena Noite,Decrescente,Céu Claro,Dupla,Reta,Sim,2,0,0,1,0,1,1,2,"-8,24194679","-35,75097313",SPRF-PE,DEL01-PE,UOP02-DEL02PE
269961,2020-02-17,segunda-feira,20:45:00,PE,232,"70,5",GRAVATA,Desobediência às normas de trânsito pelo condutor,Atropelamento de Pedestre,Com Vítimas Feridas,Plena Noite,Decrescente,Céu Claro,Dupla,Reta,Sim,3,0,2,0,0,1,2,2,"-8,182808","-35,491051",SPRF-PE,DEL02-PE,UOP02-DEL02PE
269966,2020-02-17,segunda-feira,22:05:00,PE,101,"42,9",IGARASSU,Falta de Atenção à Condução,Colisão traseira,Com Vítimas Feridas,Plena Noite,Crescente,Nublado,Múltipla,Reta,Sim,2,0,1,0,1,0,1,2,"-7,83887431","-34,91196739",SPRF-PE,DEL01-PE,UOP02-DEL01-PE
270031,2020-02-18,terça-feira,08:00:00,PE,423,"97,3",GARANHUNS,Desobediência às normas de trânsito pelo condutor,Colisão transversal,Com Vítimas Feridas,Pleno dia,Decrescente,Céu Claro,Simples,Reta,Sim,2,0,1,0,1,0,1,2,"-8,878521","-36,49728",SPRF-PE,DEL03-PE,UOP01-DEL03-PE
270033,2020-02-18,terça-feira,09:30:00,PE,232,"153,8",SAO CAITANO,Condutor Dormindo,Colisão frontal,Com Vítimas Feridas,Pleno dia,Decrescente,Céu Claro,Simples,Reta,Não,2,0,2,0,0,0,2,2,"-8,32760396","-36,190063",SPRF-PE,DEL02-PE,UOP03-DEL02-PE
270069,2020-02-18,terça-feira,13:00:00,PE,101,49,ABREU E LIMA,Falta de Atenção à Condução,Colisão lateral,Com Vítimas Feridas,Pleno dia,Crescente,Sol,Múltipla,Reta,Sim,2,0,1,0,1,0,1,2,"-7,9005152","-34,90180641",SPRF-PE,DEL01-PE,UOP02-DEL01-PE
270089,2020-02-18,terça-feira,14:20:00,PE,232,409,SERRA TALHADA,Falta de Atenção à Condução,Tombamento,Com Vítimas Feridas,Pleno dia,Decrescente,Sol,Simples,Reta,Sim,1,0,0,1,0,0,1,1,"-7,981944","-38,289467",SPRF-PE,DEL04-PE,UOP01-DEL04-PE