id,data_inversa,dia_semana,horario,uf,br,km,municipio,causa_acidente,tipo_acidente,classificacao_acidente,fase_dia,sentido_via,condicao_metereologica,tipo_pista,tracado_via,uso_solo,pessoas,mortos,feridos_leves,feridos_graves,ilesos,ignorados,feridos,veiculos,latitude,longitude,regional,delegacia,uop
270091,2020-02-18,terça-feira,13:20:00,PE,232,"127,5",CARUARU,Falta de Atenção à Condução,Colisão traseira,Com Vítimas Feridas,Pleno dia,Crescente,Sol,Dupla,Reta,Não,2,0,2,0,0,0,2,2,"-8,30610303","-35,96342301",SPRF-PE,DEL02-PE,UOP03-DEL02-PE
270238,2020-01-06,segunda-feira,18:30:00,PE,424,91,GARANHUNS,Deficiência ou não Acionamento do Sistema de Iluminação/Sinalização do Veículo,Colisão transversal,Com Vítimas Feridas,Plena Noite,Crescente,Céu Claro,Simples,Reta,Sim,2,0,0,1,0,1,1,2,"-8,90409633","-36,49974647",SPRF-PE,DEL03-PE,UOP01-DEL03-PE
270248,2020-02-19,quarta-feira,15:40:00,PE,101,"50,5",ABREU E LIMA,Desobediência às normas de trânsito pelo condutor,Colisão lateral,Com Vítimas Feridas,Pleno dia,Decrescente,Nublado,Múltipla,Em Obras;Reta;Retorno Regulame,Não,2,0,1,0,1,0,1,2,"-7,90938602","-34,90123228",SPRF-PE,DEL01-PE,UOP02-DEL01-PE
270249,2020-01-26,domingo,17:50:00,PE,232,79,GRAVATA,Velocidade Incompatível,Colisão lateral,Com Vítimas Feridas,Anoitecer,Decrescente,Céu Claro,Dupla,Reta,Sim,2,0,0,1,1,0,1,2,"-8,19460572","-35,56074803",SPRF-PE,DEL01-PE,UOP02-DEL02PE
270272,2020-02-19,quarta-feira,17:45:00,PE,101,"50,9",ABREU E LIMA,Desobediência às normas de trânsito pelo condutor,Colisão lateral,Com Vítimas Feridas,Plena Noite,Crescente,Céu Claro,Simples,Reta,Sim,2,0,0,1,1,0,1,2,"-7,90938602","-34,90123228",SPRF-PE,DEL01-PE,UOP02-DEL01-PE
270334,2020-02-19,quarta-feira,21:30:00,PE,428,124,LAGOA GRANDE,Falta de Atenção do Pedestre,Atropelamento de Pedestre,Com Vítimas Fatais,Plena Noite,Crescente,Céu Claro,Simples,Reta,Não,2,1,0,0,0,1,0,2,"-8,93872072","-40,1400681",SPRF-PE,DEL06-PE,UOP03-DEL06-PE
270373,2020-02-20,quinta-feira,06:27:00,PE,408,78,PAUDALHO,Desobediência às normas de trânsito pelo condutor,Colisão frontal,Sem Vítimas,Pleno dia,Crescente,Sol,Dupla,Reta,Não,2,0,0,0,0,2,0,2,"-7,92365927","-35,15513418",SPRF-PE,DEL01-PE,UOP01-DEL01-PE
270429,2020-02-20,quinta-feira,11:13:00,PE,428,"183,9",PETROLINA,Desobediência às normas de trânsito pelo condutor,Colisão traseira,Com Vítimas Feridas,Pleno dia,Decrescente,Sol,Simples,Reta,Sim,2,0,1,0,1,0,1,2,"-9,34429277","-40,47240973",SPRF-PE,DEL06-PE,UOP01-DEL06-PE
270438,2020-02-20,quinta-feira,10:50:00,PE,101,"74,1",RECIFE,Desobediência às normas de trânsito pelo condutor,Colisão lateral,Com Vítimas Feridas,Pleno dia,Crescente,Sol,Dupla,Reta,Sim,3,0,2,0,0,1,2,3,"-8,10146485","-34,94901577",SPRF-PE,DEL01-PE,UOP01-DEL01-PE
270530,2020-02-20,quinta-feira,19:20:00,PE,101,"58,2",PAULISTA,Falta de Atenção à Condução,Colisão com objeto estático,Com Vítimas Feridas,Plena Noite,Crescente,Chuva,Dupla,Reta,Não,1,0,1,0,0,0,1,1,"-7,93961103","-34,90356584",SPRF-PE,DEL01-PE,UOP02-DEL01-PE
270645,2020-02-21,sexta-feira,09:30:00,PE,232,"35,6",MORENO,Ingestão de Álcool,Colisão lateral,Sem Vítimas,Pleno dia,Decrescente,Céu Claro,Dupla,Reta,Sim,5,0,0,0,4,1,0,2,"-8,10907341","-35,19256991",SPRF-PE,DEL02-PE,UOP02-DEL02PE
270646,2020-02-21,sexta-feira,07:30:00,PE,232,"495,6",VERDEJANTE,Ingestão de Álcool,Saída de leito carroçável,Com Vítimas Feridas,Pleno dia,Crescente,Nublado,Simples,Declive,Não,2,0,2,0,0,0,2,1,"-8,01339923","-39,01636695",SPRF-PE,DEL05-PE,UOP01-DEL05-PE
270676,2020-02-21,sexta-feira,12:50:00,PE,232,"5,3",RECIFE,Falta de Atenção à Condução,Colisão lateral,Sem Vítimas,Pleno dia,Decrescente,Nublado,Dupla,Reta,Sim,2,0,0,0,2,0,0,2,"-8,06795766","-34,94535414",SPRF-PE,DEL01-PE,UOP01-DEL01-PE
270694,2020-02-21,sexta-feira,14:10:00,PE,101,"73,9",RECIFE,Falta de Atenção à Condução,Queda de ocupante de veículo,Com Vítimas Feridas,Pleno dia,Decrescente,Nublado,Dupla,Curva,Não,2,0,1,1,0,0,2,1,"-8,093369","-34,947464",SPRF-PE,DEL01-PE,UOP01-DEL01-PE
270709,2020-02-21,sexta-feira,14:00:00,PE,101,"62,9",RECIFE,Falta de Atenção do Pedestre,Atropelamento de Pedestre,Com Vítimas Feridas,Pleno dia,Decrescente,Nublado,Dupla,Reta,Sim,2,0,0,1,1,0,1,2,"-7,99905898","-34,93899295",SPRF-PE,DEL01-PE,UOP02-DEL01-PE
270836,2020-02-22,sábado,00:29:00,PE,101,"76,5",RECIFE,Agressão Externa,Colisão com objeto estático,Com Vítimas Feridas,Plena Noite,Crescente,Céu Claro,Dupla,Reta,Sim,1,0,1,0,0,0,1,1,"-8,11813811","-34,94329214",SPRF-PE,DEL01-PE,UOP01-DEL01-PE
270840,2020-02-22,sábado,01:20:00,PE,104,"66,5",CARUARU,Ingestão de Álcool,Colisão lateral,Sem Vítimas,Plena Noite,Decrescente,Chuva,Simples,Reta,Sim,2,0,0,0,2,0,0,2,"-8,2937","-35,9864",SPRF-PE,DEL02-PE,UOP01-DEL02-PE
270944,2020-02-22,sábado,09:00:00,PE,101,74,RECIFE,Falta de Atenção à Condução,Capotamento,Com Vítimas Feridas,Pleno dia,Crescente,Nublado,Dupla,Aclive,Sim,3,0,3,0,0,0,3,1,"-8,10371578","-34,94858265",SPRF-PE,DEL01-PE,UOP01-DEL01-PE
270965,2020-02-22,sábado,12:10:00,PE,232,79,GRAVATA,Falta de Atenção à Condução,Colisão traseira,Sem Vítimas,Pleno dia,Decrescente,Céu Claro,Simples,Declive,Sim,2,0,0,0,2,0,0,2,"-8,19460572","-35,56074803",SPRF-PE,DEL02-PE,UOP02-DEL02PE
270979,2020-02-22,sábado,02:05:00,PE,423,"93,6",GARANHUNS,Ingestão de Álcool,Queda de ocupante de veículo,Com Vítimas Feridas,Plena Noite,Decrescente,Nublado,Simples,Declive;Reta                  ,Sim,1,0,1,0,0,0,1,1,"-8,87201742","-36,4666754",SPRF-PE,DEL03-PE,UOP01-DEL03-PE
271042,2020-02-22,sábado,19:00:00,PE,232,"9,6",RECIFE,Falta de Atenção do Pedestre,Atropelamento de Pedestre,Com Vítimas Feridas,Plena Noite,Decrescente,Céu Claro,Dupla,Reta,Sim,3,0,1,1,0,1,2,2,"-8,07764447","-34,97863609",SPRF-PE,DEL01-PE,UOP01-DEL01-PE
271099,2020-02-22,sábado,21:05:00,PE,428,103,SANTA MARIA DA BOA VISTA,Animais na Pista,Capotamento,Com Vítimas Feridas,Plena Noite,Crescente,Céu Claro,Simples,Reta,Não,2,0,1,0,0,1,1,1,"-8,85088185","-39,98045209",SPRF-PE,DEL06-PE,UOP03-DEL06-PE
271105,2020-02-22,sábado,21:00:00,PE,101,"69,9",RECIFE,Falta de Atenção do Pedestre,Atropelamento de Pedestre,Com Vítimas Feridas,Plena Noite,Decrescente,Nublado,Dupla,Reta,Não,2,0,1,0,1,0,1,2,"-8,05951606","-34,94581024",SPRF-PE,DEL01-PE,UOP01-DEL01-PE
271109,2020-02-22,sábado,22:10:00,PE,423,"95,5",GARANHUNS,Desobediência às normas de trânsito pelo condutor,Colisão frontal,Com Vítimas Feridas,Plena Noite,Decrescente,Céu Claro,Simples,Curva,Sim,6,0,5,0,1,0,5,2,"-8,87891989","-36,47796305",SPRF-PE,DEL03-PE,UOP01-DEL03-PE
271132,2020-02-23,domingo,01:13:00,PE,232,"86,4",GRAVATA,Ingestão de Álcool,Saída de leito carroçável,Com Vítimas Feridas,Plena Noite,Crescente,Céu Claro,Dupla,Curva,Não,1,0,1,0,0,0,1,1,"-8,21286855","-35,62011813",SPRF-PE,DEL02-PE,UOP02-DEL02PE
271133,2020-02-23,domingo,02:07:00,PE,428,"126,2",LAGOA GRANDE,Animais na Pista,Atropelamento de Animal,Sem Vítimas,Plena Noite,Crescente,Céu Claro,Simples,Reta,Não,2,0,0,0,2,0,0,1,"-8,94448289","-40,15676804",SPRF-PE,DEL06-PE,UOP03-DEL06-PE
271153,2020-02-23,domingo,04:30:00,PE,408,"75,2",PAUDALHO,Ingestão de Álcool,Colisão traseira,Sem Vítimas,Amanhecer,Decrescente,Céu Claro,Dupla,Curva,Sim,2,0,0,0,2,0,0,2,"-7,90594592","-35,1732636",SPRF-PE,DEL01-PE,UOP01-DEL01-PE
271219,2020-02-23,domingo,13:20:00,PE,408,89,SAO LOURENCO DA MATA,Velocidade Incompatível,Colisão traseira,Com Vítimas Feridas,Pleno dia,Decrescente,Sol,Múltipla,Declive;Reta                  ,Não,5,0,1,1,3,0,2,2,"-7,98149086","-35,08112279",SPRF-PE,DEL01-PE,UOP01-DEL01-PE
271262,2020-02-23,domingo,17:03:00,PE,101,"60,2",RECIFE,Ingestão de Álcool,Tombamento,Com Vítimas Feridas,Pleno dia,Crescente,Céu Claro,Dupla,Curva,Sim,1,0,1,0,0,0,1,1,"-7,985269","-34,932005",SPRF-PE,DEL01-PE,UOP02-DEL01-PE
271268,2020-02-23,domingo,16:50:00,PE,424,"81,4",GARANHUNS,Velocidade Incompatível,Saída de leito carroçável,Com Vítimas Feridas,Anoitecer,Decrescente,Céu Claro,Simples,Reta,Não,2,0,1,1,0,0,2,1,"-8,83787","-36,53617",SPRF-PE,DEL03-PE,UOP01-DEL03-PE
271274,2020-02-23,domingo,18:20:00,PE,101,"51,5",ABREU E LIMA,Não guardar distância de segurança,Colisão traseira,Com Vítimas Feridas,Plena Noite,Crescente,Céu Claro,Dupla,Em Obras;Reta                 ,Sim,4,0,1,0,3,0,1,2,"-7,9169968","-34,89689272",SPRF-PE,DEL01-PE,UOP02-DEL01-PE
271287,2020-02-23,domingo,18:40:00,PE,232,"509,3",SALGUEIRO,Não guardar distância de segurança,Colisão traseira,Com Vítimas Feridas,Anoitecer,Decrescente,Céu Claro,Simples,Reta,Sim,4,0,3,0,1,0,3,2,"-8,06449154","-39,1298447",SPRF-PE,DEL05-PE,UOP01-DEL05-PE
271303,2020-02-23,domingo,20:05:00,PE,101,"69,2",RECIFE,Velocidade Incompatível,Atropelamento de Pedestre,Com Vítimas Feridas,Plena Noite,Decrescente,Nublado,Dupla,Curva,Sim,2,0,0,1,0,1,1,2,"-8,05951606","-34,94581024",SPRF-PE,DEL01-PE,UOP01-DEL01-PE
271317,2020-02-23,domingo,21:30:00,PE,101,"85,5",JABOATAO DOS GUARARAPES,Ingestão de Álcool,Atropelamento de Pedestre,Com Vítimas Feridas,Plena Noite,Crescente,Nublado,Simples,Reta,Sim,3,0,0,1,2,0,1,2,"-8,18065563","-34,95965322",SPRF-PE,DEL01-PE,UOP03-DEL01-PE
271345,2020-02-24,segunda-feira,00:20:00,PE,101,"81,7",JABOATAO DOS GUARARAPES,Animais na Pista,Atropelamento de Animal,Com Vítimas Fatais,Plena Noite,Crescente,Céu Claro,Dupla,Reta,Não,1,1,0,0,0,0,0,1,"-8,1597489","-34,94024569",SPRF-PE,DEL01-PE,UOP03-DEL01-PE
271396,2020-02-24,segunda-feira,09:40:00,PE,101,"78,3",RECIFE,Falta de Atenção do Pedestre,Atropelamento de Pedestre,Com Vítimas Feridas,Pleno dia,Crescente,Céu Claro,Dupla,Reta,Sim,3,0,0,1,1,1,1,2,"-8,13496499","-34,94738614",SPRF-PE,DEL01-PE,UOP01-DEL01-PE
271440,2020-02-24,segunda-feira,15:20:00,PE,101,"41,3",IGARASSU,Não guardar distância de segurança,Queda de ocupante de veículo,Com Vítimas Feridas,Pleno dia,Decrescente,Céu Claro,Dupla,Curva,Sim,2,0,1,0,0,1,1,2,"-7,83038346","-34,91426785",SPRF-PE,DEL01-PE,UOP02-DEL01-PE
271471,2020-02-24,segunda-feira,15:55:00,PE,423,77,JUCATI,Desobediência às normas de trânsito pelo condutor,Colisão frontal,Com Vítimas Feridas,Pleno dia,Decrescente,Céu Claro,Simples,Reta,Não,2,0,0,1,0,1,1,2,"-8,740482","-36,43069893",SPRF-PE,DEL03-PE,UOP01-DEL03-PE
271572,2020-02-25,terça-feira,10:00:00,PE,232,81,GRAVATA,Falta de Atenção à Condução,Colisão traseira,Com Vítimas Feridas,Pleno dia,Decrescente,Céu Claro,Dupla,Reta,Sim,2,0,0,1,1,0,1,2,"-8,19697746","-35,57850408",SPRF-PE,DEL02-PE,UOP02-DEL02PE
271625,2020-02-25,terça-feira,15:30:00,PE,101,"51,2",ABREU E LIMA,Falta de Atenção à Condução,Colisão transversal,Sem Vítimas,Pleno dia,Decrescente,Nublado,Múltipla,Retorno Regulamentado,Sim,3,0,0,0,2,1,0,2,"-7,9169968","-34,89689272",SPRF-PE,DEL01-PE,UOP02-DEL01-PE
271675,2020-02-25,terça-feira,19:30:00,PE,232,462,SAO JOSE DO BELMONTE,Animais na Pista,Atropelamento de Animal,Com Vítimas Feridas,Plena Noite,Crescente,Céu Claro,Simples,Reta,Não,2,0,1,0,1,0,1,1,"-8,02830183","-38,73139096",SPRF-PE,DEL05-PE,UOP01-DEL05-PE
271684,2020-02-25,terça-feira,19:10:00,PE,407,"126,5",PETROLINA,Falta de Atenção à Condução,Colisão transversal,Com Vítimas Feridas,Plena Noite,Crescente,Céu Claro,Simples,Reta,Sim,3,0,1,0,2,0,1,2,"-9,38930932","-40,52373832",SPRF-PE,DEL06-PE,UOP01-DEL06-PE
271698,2020-02-25,terça-feira,21:20:00,PE,101,2,GOIANA,Falta de Atenção à Condução,Capotamento,Com Vítimas Feridas,Plena Noite,Crescente,Nublado,Dupla,Declive;Curva                 ,Não,1,0,1,0,0,0,1,1,"-7,51675334","-34,99198357",SPRF-PE,DEL01-PE,UOP02-DEL01-PE
271704,2020-02-24,segunda-feira,12:00:00,PE,116,26,SALGUEIRO,Objeto estático sobre o leito carroçável,Colisão com objeto estático,Sem Vítimas,Pleno dia,Decrescente,Nublado,Simples,Reta,Sim,1,0,0,0,1,0,0,1,"-8,069921","-39,13364",SPRF-PE,DEL05-PE,UOP01-DEL05-PE
271795,2020-02-26,quarta-feira,11:15:00,PE,232,"34,2",MORENO,Objeto estático sobre o leito carroçável,Engavetamento,Sem Vítimas,Pleno dia,Decrescente,Sol,Dupla,Reta,Não,5,0,0,0,5,0,0,5,"-8,10702537","-35,18394691",SPRF-PE,DEL02-PE,UOP02-DEL02PE
271909,2020-02-26,quarta-feira,19:40:00,PE,428,"31,7",CABROBO,Animais na Pista,Atropelamento de Animal,Com Vítimas Fatais,Plena Noite,Crescente,Céu Claro,Simples,Reta,Não,1,1,0,0,0,0,0,1,"-8,521667","-39,493041",SPRF-PE,DEL05-PE,UOP03-DEL05-PE
271924,2020-02-26,quarta-feira,21:00:00,PE,101,"70,5",RECIFE,Animais na Pista,Atropelamento de Animal,Com Vítimas Feridas,Plena Noite,Crescente,Céu Claro,Dupla,Reta,Sim,4,0,2,0,2,0,2,1,"-8,06776119","-34,94265074",SPRF-PE,DEL01-PE,UOP01-DEL01-PE
271956,2020-02-27,quinta-feira,00:00:00,PE,232,"4,4",RECIFE,Falta de Atenção à Condução,Colisão com objeto estático,Sem Vítimas,Plena Noite,Crescente,Céu Claro,Dupla,Aclive,Não,1,0,0,0,1,0,0,1,"-8,0660707","-34,94098663",SPRF-PE,DEL01-PE,UOP01-DEL01-PE
271957,2020-01-29,quarta-feira,12:00:00,PE,407,"123,6",PETROLINA,Falta de Atenção à Condução,Colisão traseira,Com Vítimas Feridas,Pleno dia,Crescente,Céu Claro,Simples,Reta,Sim,3,0,1,0,1,1,1,3,"-9,370504","-40,540758",SPRF-PE,DEL06-PE,UOP01-DEL06-PE
271968,2020-02-27,quinta-feira,08:02:00,PE,101,83,JABOATAO DOS GUARARAPES,Não guardar distância de segurança,Engavetamento,Sem Vítimas,Pleno dia,Decrescente,Sol,Dupla,Declive,Sim,3,0,0,0,3,0,0,3,"-8,175172","-34,942642",SPRF-PE,DEL01-PE,UOP03-DEL01-PE
272031,2020-02-27,quinta-feira,15:25:00,PE,101,67,RECIFE,Falta de Atenção à Condução,Colisão traseira,Com Vítimas Feridas,Pleno dia,Crescente,Céu Claro,Múltipla,Reta,Sim,2,0,2,0,0,0,2,2,"-8,042334","-34,943096",SPRF-PE,DEL01-PE,UOP01-DEL01-PE
272190,2020-02-28,sexta-feira,14:00:00,PE,116,"26,1",SALGUEIRO,Desobediência às normas de trânsito pelo condutor,Colisão transversal,Com Vítimas Feridas,Pleno dia,Crescente,Céu Claro,Dupla,Reta,Sim,2,0,1,0,1,0,1,2,"-8,07118805","-39,1338237",SPRF-PE,DEL05-PE,UOP01-DEL05-PE
272217,2020-01-31,sexta-feira,22:40:00,PE,101,84,JABOATAO DOS GUARARAPES,Falta de Atenção à Condução,Colisão transversal,Com Vítimas Feridas,Plena Noite,Crescente,Céu Claro,Simples,Reta,Não,2,0,1,0,1,0,1,2,"-8,17778559","-34,95087297",SPRF-PE,DEL01-PE,UOP03-DEL01-PE
272259,2020-02-28,sexta-feira,21:15:00,PE,101,43,IGARASSU,Ingestão de Álcool,Atropelamento de Pedestre,Com Vítimas Feridas,Plena Noite,Crescente,Céu Claro,Dupla,Reta,Sim,8,0,5,0,3,0,5,4,"-7,90124177","-34,86690402",SPRF-PE,DEL01-PE,UOP02-DEL01-PE
272278,2020-02-28,sexta-feira,23:30:00,PE,101,"80,3",JABOATAO DOS GUARARAPES,Condutor Dormindo,Saída de leito carroçável,Com Vítimas Feridas,Plena Noite,Crescente,Céu Claro,Múltipla,Reta,Sim,3,0,0,1,2,0,1,1,"-8,15112589","-34,9428866",SPRF-PE,DEL01-PE,UOP03-DEL01-PE
272325,2020-02-29,sábado,08:25:00,PE,423,"20,4",SAO CAITANO,Agressão Externa,Colisão transversal,Com Vítimas Feridas,Pleno dia,Decrescente,Sol,Simples,Reta,Não,3,0,1,1,1,0,2,2,"-8,33932508","-36,15909991",SPRF-PE,DEL02-PE,UOP03-DEL02-PE
272385,2020-02-29,sábado,14:40:00,PE,408,85,PAUDALHO,Condutor Dormindo,Saída de leito carroçável,Com Vítimas Feridas,Pleno dia,Decrescente,Céu Claro,Dupla,Reta,Não,1,0,1,0,0,0,1,1,"-7,95430093","-35,10252793",SPRF-PE,DEL01-PE,UOP01-DEL01-PE
272492,2020-02-29,sábado,23:35:00,PE,428,183,PETROLINA,Falta de Atenção à Condução,Colisão traseira,Com Vítimas Feridas,Plena Noite,Decrescente,Céu Claro,Simples,Reta,Não,1,0,1,0,0,0,1,1,"-9,32412987","-40,46211325",SPRF-PE,DEL06-PE,UOP01-DEL06-PE
272502,2020-03-01,domingo,00:10:00,PE,232,377,FLORES,Ingestão de Álcool,Colisão traseira,Com Vítimas Feridas,Plena Noite,Crescente,Nublado,Simples,Reta,Não,4,0,1,0,2,1,1,2,"-8,02757621","-37,98850581",SPRF-PE,DEL04-PE,UOP01-DEL04-PE
272513,2020-03-01,domingo,05:15:00,PE,428,192,PETROLINA,Falta de Atenção à Condução,Colisão traseira,Com Vítimas Feridas,Amanhecer,Crescente,Céu Claro,Simples,Curva,Sim,2,0,1,0,1,0,1,2,"-9,38067769","-40,51113714",SPRF-PE,DEL06-PE,UOP01-DEL06-PE
272515,2020-03-01,domingo,05:20:00,PE,232,126,CARUARU,Condutor Dormindo,Saída de leito carroçável,Com Vítimas Fatais,Pleno dia,Crescente,Nublado,Dupla,Curva,Sim,1,1,0,0,0,0,0,1,"-8,30825859","-35,95443785",SPRF-PE,DEL02-PE,UOP03-DEL02-PE
272524,2020-03-01,domingo,06:20:00,PE,101,"65,5",RECIFE,Falta de Atenção à Condução,Colisão traseira,Com Vítimas Feridas,Pleno dia,Decrescente,Nublado,Dupla,Curva,Sim,2,0,1,0,1,0,1,2,"-8,02478597","-34,94276635",SPRF-PE,DEL01-PE,UOP01-DEL01-PE
272525,2020-03-01,domingo,06:30:00,PE,101,30,IGARASSU,Falta de Atenção à Condução,Queda de ocupante de veículo,Com Vítimas Feridas,Pleno dia,Decrescente,Céu Claro,Dupla,Reta,Sim,2,0,2,0,0,0,2,1,"-7,73816195","-34,94265811",SPRF-PE,DEL01-PE,UOP02-DEL01-PE
272570,2020-03-01,domingo,12:30:00,PE,101,50,ABREU E LIMA,Falta de Atenção à Condução,Colisão transversal,Com Vítimas Feridas,Pleno dia,Decrescente,Sol,Dupla,Reta,Sim,2,0,1,0,1,0,1,2,"-7,90938602","-34,90123228",SPRF-PE,DEL01-PE,UOP02-DEL01-PE
272648,2020-03-01,domingo,18:30:00,PE,408,"74,1",PAUDALHO,Falta de Atenção do Pedestre,Atropelamento de Pedestre,Com Vítimas Fatais,Plena Noite,Decrescente,Céu Claro,Múltipla,Declive,Sim,2,1,0,1,0,0,1,2,"-7,89701706","-35,17300548",SPRF-PE,DEL01-PE,UOP01-DEL01-PE
272652,2020-03-01,domingo,18:50:00,PE,101,40,IGARASSU,Ingestão de Álcool,Colisão traseira,Sem Vítimas,Plena Noite,Crescente,Céu Claro,Dupla,Reta,Sim,3,0,0,0,2,1,0,3,"-7,821475","-34,916545",SPRF-PE,DEL01-PE,UOP02-DEL01-PE
272656,2020-03-01,domingo,19:00:00,PE,408,"88,7",SAO LOURENCO DA MATA,Falta de Atenção do Pedestre,Saída de leito carroçável,Com Vítimas Feridas,Plena Noite,Decrescente,Nublado,Dupla,Reta,Não,4,0,3,0,1,0,3,2,"-7,97432974","-35,08598372",SPRF-PE,DEL01-PE,UOP01-DEL01-PE
272659,2020-03-01,domingo,19:15:00,PE,101,57,PAULISTA,Falta de Atenção à Condução,Colisão transversal,Com Vítimas Feridas,Plena Noite,Decrescente,Vento,Múltipla,Reta,Sim,2,0,2,0,0,0,2,2,"-7,96346213","-34,91513486",SPRF-PE,DEL01-PE,UOP02-DEL01-PE
272694,2020-03-01,domingo,19:43:00,PE,407,"125,5",PETROLINA,Não guardar distância de segurança,Colisão traseira,Sem Vítimas,Plena Noite,Crescente,Céu Claro,Dupla,Reta,Não,3,0,0,0,3,0,0,3,"-9,381404","-40,53194",SPRF-PE,DEL06-PE,UOP01-DEL06-PE
272710,2020-03-01,domingo,19:20:00,PE,428,184,PETROLINA,Deficiência ou não Acionamento do Sistema de Iluminação/Sinalização do Veículo,Colisão lateral,Sem Vítimas,Plena Noite,Decrescente,Céu Claro,Simples,Reta,Sim,2,0,0,0,1,1,0,2,"-9,34208598","-40,47129929",SPRF-PE,DEL06-PE,UOP01-DEL06-PE
272762,2020-03-02,segunda-feira,05:30:00,PE,424,"98,6",GARANHUNS,Agressão Externa,Saída de leito carroçável,Com Vítimas Feridas,Amanhecer,Decrescente,Céu Claro,Simples,Curva,Não,1,0,1,0,0,0,1,1,"-8,94248907","-36,50883182",SPRF-PE,DEL03-PE,UOP01-DEL03-PE
272806,2020-03-02,segunda-feira,08:25:00,PE,407,"125,6",PETROLINA,Ingestão de Álcool,Colisão lateral,Com Vítimas Feridas,Pleno dia,Crescente,Céu Claro,Dupla,Retorno Regulamentado,Sim,2,0,1,0,1,0,1,2,"-9,37739336","-40,53595733",SPRF-PE,DEL06-PE,UOP01-DEL06-PE
272810,2020-01-15,quarta-feira,12:50:00,PE,101,"60,2",RECIFE,Condutor Dormindo,Colisão com objeto estático,Sem Vítimas,Pleno dia,Crescente,Céu Claro,Dupla,Reta,Sim,1,0,0,0,0,1,0,1,"-7,98344307","-34,93176727",SPRF-PE,DEL01-PE,UOP02-DEL01-PE
272830,2020-03-02,segunda-feira,12:50:00,PE,101,44,IGARASSU,Falta de Atenção do Pedestre,Atropelamento de Pedestre,Com Vítimas Feridas,Pleno dia,Crescente,Sol,Múltipla,Reta,Sim,2,0,1,0,1,0,1,2,"-7,85637001","-34,90842109",SPRF-PE,DEL01-PE,UOP02-DEL01-PE
272858,2020-03-02,segunda-feira,10:50:00,PE,101,85,JABOATAO DOS GUARARAPES,Falta de Atenção à Condução,Colisão traseira,Com Vítimas Feridas,Pleno dia,Crescente,Sol,Simples,Reta,Sim,3,0,1,0,0,2,1,3,"-8,18065563","-34,95965322",SPRF-PE,DEL01-PE,UOP03-DEL01-PE
272880,2020-03-02,segunda-feira,16:30:00,PE,101,81,JABOATAO DOS GUARARAPES,Desobediência às normas de trânsito pelo condutor,Colisão traseira,Com Vítimas Feridas,Pleno dia,Crescente,Sol,Dupla,Reta,Sim,2,0,1,0,1,0,1,2,"-8,1597489","-34,94024569",SPRF-PE,DEL01-PE,UOP03-DEL01-PE
272954,2020-03-03,terça-feira,02:10:00,PE,232,"10,4",JABOATAO DOS GUARARAPES,Defeito Mecânico no Veículo,Incêndio,Sem Vítimas,Plena Noite,Decrescente,Céu Claro,Dupla,Reta;Aclive                   ,Não,1,0,0,0,1,0,0,1,"-8,07917241","-34,98718609",SPRF-PE,DEL01-PE,UOP01-DEL01-PE
272978,2020-03-03,terça-feira,08:00:00,PE,101,51,ABREU E LIMA,Não guardar distância de segurança,Colisão traseira,Com Vítimas Feridas,Pleno dia,Crescente,Céu Claro,Simples,Reta,Sim,3,0,1,1,1,0,2,2,"-7,9169968","-34,89689272",SPRF-PE,DEL01-PE,UOP02-DEL01-PE
272979,2020-03-03,terça-feira,08:00:00,PE,101,43,IGARASSU,Falta de Atenção à Condução,Colisão traseira,Com Vítimas Feridas,Pleno dia,Decrescente,Céu Claro,Dupla,Reta,Sim,2,0,1,0,1,0,1,2,"-7,84753808","-34,90977038",SPRF-PE,DEL01-PE,UOP02-DEL01-PE
272990,2020-03-03,terça-feira,08:40:00,PE,101,"50,7",ABREU E LIMA,Desobediência às normas de trânsito pelo condutor,Colisão transversal,Sem Vítimas,Pleno dia,Decrescente,Sol,Múltipla,Retorno Regulamentado,Sim,2,0,0,0,1,1,0,2,"-7,90938602","-34,90123228",SPRF-PE,DEL01-PE,UOP02-DEL01-PE
273084,2020-03-03,terça-feira,18:20:00,PE,232,"4,3",RECIFE,Desobediência às normas de trânsito pelo condutor,Colisão traseira,Com Vítimas Feridas,Plena Noite,Decrescente,Céu Claro,Múltipla,Reta,Sim,3,0,2,0,1,0,2,2,"-8,064473","-34,936928",SPRF-PE,DEL01-PE,UOP01-DEL01-PE
273096,2020-03-03,terça-feira,19:10:00,PE,101,"65,6",RECIFE,Falta de Atenção à Condução,Colisão traseira,Com Vítimas Feridas,Plena Noite,Decrescente,Nublado,Dupla,Reta,Sim,3,0,0,1,2,0,1,3,"-8,030293","-34,942836",SPRF-PE,DEL01-PE,UOP01-DEL01-PE
273111,2020-01-29,quarta-feira,13:30:00,PE,232,"409,8",SERRA TALHADA,Desobediência às normas de trânsito pelo condutor,Colisão transversal,Com Vítimas Feridas,Pleno dia,Crescente,Céu Claro,Simples,Reta,Sim,3,0,1,1,1,0,2,2,"-7,981944","-38,289467",SPRF-PE,DEL04-PE,UOP01-DEL04-PE
273122,2020-03-03,terça-feira,21:00:00,PE,101,"183,9",PALMARES,Desobediência às normas de trânsito pelo condutor,Tombamento,Com Vítimas Feridas,Plena Noite,Crescente,Céu Claro,Múltipla,Reta,Sim,1,0,1,0,0,0,1,1,"-8,6649058","-35,57250738",SPRF-PE,DEL01-PE,UOP03-DEL01-PE