id,data_inversa,dia_semana,horario,uf,br,km,municipio,causa_acidente,tipo_acidente,classificacao_acidente,fase_dia,sentido_via,condicao_metereologica,tipo_pista,tracado_via,uso_solo,pessoas,mortos,feridos_leves,feridos_graves,ilesos,ignorados,feridos,veiculos,latitude,longitude,regional,delegacia,uop
273216,2020-03-04,quarta-feira,14:20:00,PE,101,"56,1",PAULISTA,Mal Súbito,Colisão frontal,Com Vítimas Feridas,Pleno dia,Crescente,Sol,Simples,Reta,Sim,2,0,2,0,0,0,2,2,"-7,9554509","-34,91140727",SPRF-PE,DEL01-PE,UOP02-DEL01-PE
273235,2020-03-04,quarta-feira,15:30:00,PE,232,"19,8",MORENO,Falta de Atenção à Condução,Saída de leito carroçável,Com Vítimas Feridas,Pleno dia,Crescente,Céu Claro,Dupla,Reta,Não,2,0,2,0,0,0,2,1,"-8,09822484","-35,06316202",SPRF-PE,DEL01-PE,UOP01-DEL01-PE
273251,2020-03-04,quarta-feira,18:00:00,PE,316,"56,5",TRINDADE,Falta de Atenção à Condução,Colisão traseira,Com Vítimas Feridas,Anoitecer,Decrescente,Nublado,Simples,Reta,Sim,3,0,1,1,1,0,2,2,"-7,74380917","-40,27876107",SPRF-PE,DEL05-PE,UOP02-DEL05-PE
273279,2020-03-04,quarta-feira,20:30:00,PE,101,"77,4",RECIFE,Falta de Atenção à Condução,Colisão transversal,Sem Vítimas,Plena Noite,Crescente,Céu Claro,Dupla,Curva,Sim,2,0,0,0,2,0,0,2,"-8,131768","-34,945553",SPRF-PE,DEL01-PE,UOP01-DEL01-PE
273291,2020-03-04,quarta-feira,23:20:00,PE,101,60,RECIFE,Falta de Atenção à Condução,Capotamento,Com Vítimas Feridas,Plena Noite,Crescente,Céu Claro,Dupla,Curva,Não,1,0,1,0,0,0,1,1,"-7,98344307","-34,93176727",SPRF-PE,DEL01-PE,UOP02-DEL01-PE
273312,2020-03-05,quinta-feira,04:00:00,PE,101,69,RECIFE,Ingestão de Álcool,Capotamento,Sem Vítimas,Plena Noite,Decrescente,Nublado,Dupla,Reta,Sim,2,0,0,0,0,2,0,1,"-8,05951606","-34,94581024",SPRF-PE,DEL01-PE,UOP01-DEL01-PE
273324,2020-03-05,quinta-feira,05:40:00,PE,423,"96,5",GARANHUNS,Desobediência às normas de trânsito pelo condutor,Colisão transversal,Com Vítimas Feridas,Amanhecer,Decrescente,Céu Claro,Simples,Reta,Sim,2,0,0,1,1,0,1,2,"-8,88167962","-36,49023056",SPRF-PE,DEL03-PE,UOP01-DEL03-PE
273357,2020-03-05,quinta-feira,08:05:00,PE,408,"90,6",SAO LOURENCO DA MATA,Falta de Atenção à Condução,Saída de leito carroçável,Com Vítimas Feridas,Pleno dia,Decrescente,Sol,Dupla,Reta,Sim,1,0,1,0,0,0,1,1,"-7,9886528","-35,07625976",SPRF-PE,DEL01-PE,UOP01-DEL01-PE
273595,2020-03-06,sexta-feira,15:45:00,PE,232,"142,5",SAO CAITANO,Falta de Atenção à Condução,Colisão traseira,Com Vítimas Feridas,Pleno dia,Crescente,Céu Claro,Dupla,Reta,Não,2,0,0,1,0,1,1,2,"-8,32242118","-36,09480698",SPRF-PE,DEL02-PE,UOP03-DEL02-PE
273751,2020-03-07,sábado,06:00:00,PE,232,"29,2",MORENO,Pista Escorregadia,Saída de leito carroçável,Com Vítimas Feridas,Pleno dia,Decrescente,Céu Claro,Dupla,Reta,Sim,2,0,0,1,1,0,1,1,"-8,111269","-35,143135",SPRF-PE,DEL02-PE,UOP02-DEL02PE
273771,2020-03-07,sábado,09:15:00,PE,101,"11,4",GOIANA,Velocidade Incompatível,Saída de leito carroçável,Com Vítimas Feridas,Pleno dia,Decrescente,Chuva,Dupla,Reta,Não,3,0,2,0,1,0,2,1,"-7,59514001","-34,98460002",SPRF-PE,DEL01-PE,UOP02-DEL01-PE
273777,2020-03-07,sábado,09:50:00,PE,101,"78,5",JABOATAO DOS GUARARAPES,Velocidade Incompatível,Saída de leito carroçável,Com Vítimas Feridas,Pleno dia,Decrescente,Sol,Dupla,Curva,Não,1,0,1,0,0,0,1,1,"-8,13496499","-34,94738614",SPRF-PE,DEL01-PE,UOP01-DEL01-PE
273794,2020-03-07,sábado,10:45:00,PE,101,"43,8",IGARASSU,Falta de Atenção à Condução,Saída de leito carroçável,Com Vítimas Feridas,Pleno dia,Crescente,Céu Claro,Dupla,Reta,Sim,1,0,0,1,0,0,1,1,"-7,84753808","-34,90977038",SPRF-PE,DEL01-PE,UOP02-DEL01-PE
273826,2020-03-07,sábado,13:30:00,PE,104,66,CARUARU,Falta de Atenção à Condução,Colisão lateral,Sem Vítimas,Pleno dia,Decrescente,Céu Claro,Dupla,Curva,Sim,2,0,0,0,1,1,0,2,"-8,2937","-35,9864",SPRF-PE,DEL02-PE,UOP01-DEL02-PE
273837,2020-03-07,sábado,15:48:00,PE,428,"190,9",PETROLINA,Mal Súbito,Queda de ocupante de veículo,Com Vítimas Feridas,Pleno dia,Decrescente,Céu Claro,Múltipla,Reta,Sim,1,0,0,1,0,0,1,1,"-9,37605965","-40,49382106",SPRF-PE,DEL06-PE,UOP01-DEL06-PE
273917,2020-03-07,sábado,22:20:00,PE,116,"25,9",SALGUEIRO,Desobediência às normas de trânsito pelo condutor,Colisão lateral,Com Vítimas Feridas,Plena Noite,Decrescente,Céu Claro,Simples,Reta,Não,2,0,1,0,1,0,1,2,"-8,0694082","-39,13416646",SPRF-PE,DEL05-PE,UOP01-DEL05-PE
273927,2020-03-07,sábado,14:03:00,PE,104,66,CARUARU,Não guardar distância de segurança,Colisão traseira,Com Vítimas Feridas,Pleno dia,Decrescente,Céu Claro,Dupla,Reta,Sim,3,0,2,0,1,0,2,2,"-8,2937","-35,9864",SPRF-PE,DEL02-PE,UOP01-DEL02-PE
273928,2020-03-07,sábado,14:00:00,PE,104,"66,1",CARUARU,Não guardar distância de segurança,Colisão traseira,Com Vítimas Feridas,Pleno dia,Decrescente,Céu Claro,Dupla,Reta,Sim,2,0,1,0,0,1,1,2,"-8,2937","-35,9864",SPRF-PE,DEL02-PE,UOP01-DEL02-PE
273937,2020-03-08,domingo,01:10:00,PE,101,"71,2",RECIFE,Não guardar distância de segurança,Colisão traseira,Sem Vítimas,Plena Noite,Crescente,Nublado,Dupla,Reta,Sim,3,0,0,0,2,1,0,2,"-8,07663102","-34,94277871",SPRF-PE,DEL01-PE,UOP01-DEL01-PE
274011,2020-03-08,domingo,08:45:00,PE,101,"54,5",PAULISTA,Falta de Atenção à Condução,Colisão lateral,Com Vítimas Feridas,Pleno dia,Decrescente,Sol,Simples,Curva,Sim,2,0,1,0,1,0,1,2,"-7,93961103","-34,90356584",SPRF-PE,DEL01-PE,UOP02-DEL01-PE
274012,2020-03-08,domingo,08:40:00,PE,232,"508,3",SALGUEIRO,Falta de Atenção à Condução,Colisão com objeto estático,Sem Vítimas,Pleno dia,Crescente,Céu Claro,Simples,Interseção de Vias,Não,1,0,0,0,0,1,0,1,"-8,06223271","-39,12095006",SPRF-PE,DEL05-PE,UOP01-DEL05-PE
274044,2020-03-08,domingo,13:10:00,PE,408,"102,7",RECIFE,Defeito Mecânico no Veículo,Queda de ocupante de veículo,Com Vítimas Feridas,Pleno dia,Decrescente,Céu Claro,Dupla,Reta,Sim,1,0,1,0,0,0,1,1,"-8,05323195","-35,00247996",SPRF-PE,DEL01-PE,UOP01-DEL01-PE
274051,2020-03-08,domingo,14:00:00,PE,101,51,ABREU E LIMA,Falta de Atenção do Pedestre,Atropelamento de Pedestre,Com Vítimas Feridas,Pleno dia,Crescente,Nublado,Dupla,Reta,Sim,2,0,1,0,1,0,1,2,"-7,9169968","-34,89689272",SPRF-PE,DEL01-PE,UOP02-DEL01-PE
274064,2020-03-08,domingo,15:35:00,PE,407,126,PETROLINA,Desobediência às normas de trânsito pelo condutor,Colisão lateral,Com Vítimas Feridas,Pleno dia,Crescente,Céu Claro,Simples,Rotatória,Sim,2,0,1,0,1,0,1,2,"-9,38491309","-40,52809509",SPRF-PE,DEL06-PE,UOP01-DEL06-PE
274084,2020-03-08,domingo,15:30:00,PE,232,252,ARCOVERDE,Ultrapassagem Indevida,Colisão frontal,Com Vítimas Feridas,Pleno dia,Decrescente,Céu Claro,Simples,Curva,Sim,2,0,0,1,1,0,1,2,"-8,43086","-37,06536",SPRF-PE,DEL03-PE,UOP02-DEL03-PE
274086,2020-03-08,domingo,17:10:00,PE,408,"86,5",PAUDALHO,Velocidade Incompatível,Saída de leito carroçável,Com Vítimas Feridas,Anoitecer,Crescente,Céu Claro,Dupla,Interseção de Vias,Não,2,0,2,0,0,0,2,1,"-7,96010995","-35,09554697",SPRF-PE,DEL01-PE,UOP01-DEL01-PE
274103,2020-03-08,domingo,18:30:00,PE,110,"137,1",IBIMIRIM,Ingestão de Álcool,Colisão frontal,Com Vítimas Fatais,Plena Noite,Decrescente,Céu Claro,Simples,Reta,Não,2,1,1,0,0,0,1,2,"-8,50895","-37,6065",SPRF-PE,DEL03-PE,UOP02-DEL03-PE
274236,2020-03-09,segunda-feira,08:00:00,PE,101,94,CABO DE SANTO AGOSTINHO,Defeito Mecânico no Veículo,Colisão frontal,Com Vítimas Feridas,Pleno dia,Decrescente,Céu Claro,Simples,Reta,Sim,3,0,1,1,1,0,2,2,"-8,24829064","-35,00697936",SPRF-PE,DEL01-PE,UOP03-DEL01-PE
274239,2020-03-09,segunda-feira,08:15:00,PE,232,"5,8",RECIFE,Falta de Atenção à Condução,Colisão lateral,Com Vítimas Feridas,Pleno dia,Crescente,Sol,Dupla,Reta,Sim,2,0,1,0,1,0,1,2,"-8,06795766","-34,94535414",SPRF-PE,DEL01-PE,UOP01-DEL01-PE
274259,2020-03-09,segunda-feira,08:00:00,PE,232,"18,5",JABOATAO DOS GUARARAPES,Falta de Atenção à Condução,Saída de leito carroçável,Com Vítimas Feridas,Pleno dia,Decrescente,Sol,Dupla,Curva,Não,2,0,1,0,1,0,1,1,"-8,09565202","-35,04581599",SPRF-PE,DEL01-PE,UOP01-DEL01-PE
274278,2020-03-09,segunda-feira,11:00:00,PE,104,"65,6",CARUARU,Falta de Atenção à Condução,Colisão traseira,Com Vítimas Feridas,Pleno dia,Crescente,Sol,Dupla,Declive,Sim,2,0,1,0,1,0,1,2,"-8,2867","-35,9838",SPRF-PE,DEL02-PE,UOP01-DEL02-PE
274323,2020-03-09,segunda-feira,16:05:00,PE,423,"39,2",CACHOEIRINHA,Desobediência às normas de trânsito pelo condutor,Colisão transversal,Com Vítimas Feridas,Pleno dia,Crescente,Sol,Simples,Reta,Sim,2,0,0,1,1,0,1,2,"-8,48957335","-36,23249049",SPRF-PE,DEL03-PE,UOP01-DEL03-PE
274361,2020-03-09,segunda-feira,18:30:00,PE,101,"86,4",JABOATAO DOS GUARARAPES,Falta de Atenção à Condução,Saída de leito carroçável,Com Vítimas Fatais,Plena Noite,Crescente,Céu Claro,Dupla,Reta,Não,2,1,0,0,0,1,0,1,"-8,18470013","-34,96816895",SPRF-PE,DEL01-PE,UOP03-DEL01-PE
274421,2020-03-10,terça-feira,06:10:00,PE,232,"97,6",BEZERROS,Condutor Dormindo,Saída de leito carroçável,Com Vítimas Feridas,Amanhecer,Decrescente,Sol,Dupla,Reta,Não,2,0,1,0,1,0,1,1,"-8,23379718","-35,71628894",SPRF-PE,DEL02-PE,UOP02-DEL02PE
274444,2020-03-10,terça-feira,09:15:00,PE,101,"70,8",RECIFE,Desobediência às normas de trânsito pelo condutor,Colisão transversal,Com Vítimas Feridas,Pleno dia,Crescente,Céu Claro,Simples,Reta,Sim,2,0,1,0,1,0,1,2,"-8,074833","-34,945673",SPRF-PE,DEL01-PE,UOP01-DEL01-PE
274527,2020-03-10,terça-feira,12:10:00,PE,407,124,PETROLINA,Não guardar distância de segurança,Colisão transversal,Com Vítimas Feridas,Pleno dia,Decrescente,Céu Claro,Simples,Rotatória,Sim,2,0,1,0,1,0,1,2,"-9,36929881","-40,54137139",SPRF-PE,DEL06-PE,UOP01-DEL06-PE
274627,2020-03-11,quarta-feira,03:40:00,PE,101,"46,7",IGARASSU,Falta de Atenção do Pedestre,Atropelamento de Pedestre,Sem Vítimas,Plena Noite,Decrescente,Céu Claro,Múltipla,Reta,Sim,3,0,0,0,1,2,0,2,"-7,877291","-34,905495",SPRF-PE,DEL01-PE,UOP02-DEL01-PE
274696,2020-03-11,quarta-feira,12:00:00,PE,232,"410,4",SERRA TALHADA,Falta de Atenção à Condução,Colisão transversal,Com Vítimas Feridas,Pleno dia,Crescente,Sol,Simples,Reta,Sim,4,0,0,2,2,0,2,2,"-7,98261841","-38,30039606",SPRF-PE,DEL04-PE,UOP01-DEL04-PE
274717,2020-03-11,quarta-feira,13:35:00,PE,101,52,PAULISTA,Falta de Atenção à Condução,Colisão traseira,Com Vítimas Feridas,Pleno dia,Crescente,Céu Claro,Dupla,Reta,Sim,3,0,2,0,0,1,2,2,"-7,92358799","-34,89607201",SPRF-PE,DEL01-PE,UOP02-DEL01-PE
274720,2020-03-11,quarta-feira,14:45:00,PE,424,1,ARCOVERDE,Falta de Atenção à Condução,Colisão lateral,Com Vítimas Feridas,Pleno dia,Decrescente,Sol,Simples,Reta,Sim,2,0,1,0,1,0,1,2,"-8,43892793","-37,05827086",SPRF-PE,DEL03-PE,UOP02-DEL03-PE
274777,2020-03-11,quarta-feira,20:40:00,PE,408,99,SAO LOURENCO DA MATA,Desobediência às normas de trânsito pelo condutor,Colisão lateral,Sem Vítimas,Plena Noite,Decrescente,Nublado,Dupla,Reta,Não,1,0,0,0,0,1,0,1,"-8,04133634","-35,02531212",SPRF-PE,DEL01-PE,UOP01-DEL01-PE
274779,2020-03-11,quarta-feira,18:38:00,PE,232,"408,3",SERRA TALHADA,Falta de Atenção à Condução,Atropelamento de Pedestre,Com Vítimas Feridas,Plena Noite,Decrescente,Céu Claro,Simples,Declive,Sim,3,0,1,1,1,0,2,2,"-7,98343897","-38,28314781",SPRF-PE,DEL04-PE,UOP01-DEL04-PE
274784,2020-03-11,quarta-feira,22:00:00,PE,408,"85,8",SAO LOURENCO DA MATA,Falta de Atenção à Condução,Atropelamento de Animal,Sem Vítimas,Plena Noite,Crescente,Céu Claro,Dupla,Reta,Não,4,0,0,0,0,4,0,1,"-7,95430093","-35,10252793",SPRF-PE,DEL01-PE,UOP01-DEL01-PE
274808,2020-03-12,quinta-feira,01:10:00,PE,101,"41,6",IGARASSU,Pista Escorregadia,Colisão com objeto estático,Com Vítimas Feridas,Plena Noite,Decrescente,Chuva,Simples,Viaduto;Curva                 ,Sim,1,0,1,0,0,0,1,1,"-7,83038346","-34,91426785",SPRF-PE,DEL01-PE,UOP02-DEL01-PE
274832,2020-03-12,quinta-feira,06:30:00,PE,101,"135,8",ESCADA,Fenômenos da Natureza,Colisão com objeto estático,Com Vítimas Feridas,Pleno dia,Decrescente,Chuva,Dupla,Curva,Não,1,0,1,0,0,0,1,1,"-8,41147616","-35,29599797",SPRF-PE,DEL01-PE,UOP03-DEL01-PE
274847,2020-03-12,quinta-feira,08:30:00,PE,101,"5,8",GOIANA,Defeito na Via,Colisão com objeto estático,Com Vítimas Feridas,Pleno dia,Crescente,Nublado,Dupla,Reta,Não,1,0,1,0,0,0,1,1,"-7,541764","-34,991394",SPRF-PE,DEL01-PE,UOP02-DEL01-PE
274869,2020-03-12,quinta-feira,10:30:00,PE,232,"29,7",MORENO,Defeito Mecânico no Veículo,Saída de leito carroçável,Sem Vítimas,Pleno dia,Decrescente,Chuva,Dupla,Curva,Não,1,0,0,0,1,0,0,1,"-8,1119427","-35,14148176",SPRF-PE,DEL02-PE,UOP02-DEL02PE
274875,2020-03-12,quinta-feira,11:45:00,PE,101,"34,9",IGARASSU,Defeito Mecânico no Veículo,Capotamento,Sem Vítimas,Pleno dia,Decrescente,Sol,Dupla,Reta,Não,2,0,0,0,1,1,0,1,"-7,77092801","-34,93524623",SPRF-PE,DEL01-PE,UOP02-DEL01-PE
274879,2020-03-12,quinta-feira,13:00:00,PE,232,"50,8",VITORIA DE SANTO ANTAO,Defeito na Via,Colisão com objeto estático,Com Vítimas Feridas,Pleno dia,Decrescente,Chuva,Dupla,Reta,Não,3,0,1,0,2,0,1,1,"-8,14106223","-35,32322707",SPRF-PE,DEL02-PE,UOP02-DEL02PE
274888,2020-03-12,quinta-feira,13:30:00,PE,101,"86,6",JABOATAO DOS GUARARAPES,Falta de Atenção à Condução,Colisão lateral,Com Vítimas Feridas,Pleno dia,Crescente,Céu Claro,Simples,Reta,Sim,3,0,1,0,2,0,1,3,"-8,18470013","-34,96816895",SPRF-PE,DEL01-PE,UOP03-DEL01-PE
274916,2020-03-12,quinta-feira,16:30:00,PE,101,"70,1",RECIFE,Falta de Atenção do Pedestre,Atropelamento de Pedestre,Com Vítimas Feridas,Pleno dia,Decrescente,Céu Claro,Dupla,Reta,Sim,2,0,0,1,1,0,1,2,"-8,068526","-34,942507",SPRF-PE,DEL01-PE,UOP01-DEL01-PE
275012,2020-03-12,quinta-feira,17:30:00,PE,101,51,PAULISTA,Falta de Atenção à Condução,Saída de leito carroçável,Sem Vítimas,Plena Noite,Decrescente,Céu Claro,Simples,Curva,Sim,1,0,0,0,0,1,0,1,"-7,9169968","-34,89689272",SPRF-PE,DEL01-PE,UOP02-DEL01-PE
275040,2020-03-13,sexta-feira,07:40:00,PE,428,186,PETROLINA,Não guardar distância de segurança,Colisão traseira,Com Vítimas Feridas,Pleno dia,Crescente,Céu Claro,Simples,Reta,Sim,2,0,1,0,1,0,1,2,"-9,34807826","-40,47441248",SPRF-PE,DEL06-PE,UOP01-DEL06-PE
275042,2020-03-13,sexta-feira,08:50:00,PE,101,69,RECIFE,Não guardar distância de segurança,Colisão traseira,Com Vítimas Feridas,Pleno dia,Crescente,Céu Claro,Múltipla,Reta,Não,3,0,2,0,1,0,2,2,"-8,05951606","-34,94581024",SPRF-PE,DEL01-PE,UOP01-DEL01-PE
275084,2020-03-13,sexta-feira,08:50:00,PE,232,"78,8",GRAVATA,Falta de Atenção à Condução,Colisão lateral,Com Vítimas Feridas,Pleno dia,Crescente,Sol,Simples,Reta,Sim,2,0,1,0,1,0,1,2,"-8,19343658","-35,55186505",SPRF-PE,DEL02-PE,UOP02-DEL02PE
275097,2020-03-13,sexta-feira,14:05:00,PE,423,"96,4",GARANHUNS,Desobediência às normas de trânsito pelo condutor,Colisão frontal,Com Vítimas Feridas,Pleno dia,Decrescente,Céu Claro,Simples,Curva,Sim,2,0,1,1,0,0,2,2,"-8,88021822","-36,48651678",SPRF-PE,DEL03-PE,UOP01-DEL03-PE
275111,2020-03-13,sexta-feira,16:12:00,PE,101,"43,8",IGARASSU,Falta de Atenção à Condução,Capotamento,Com Vítimas Feridas,Pleno dia,Crescente,Chuva,Dupla,Interseção de Vias,Sim,1,0,1,0,0,0,1,1,"-7,84753808","-34,90977038",SPRF-PE,DEL01-PE,UOP02-DEL01-PE
275120,2020-03-13,sexta-feira,14:50:00,PE,101,"43,5",IGARASSU,Falta de Atenção à Condução,Colisão lateral,Com Vítimas Feridas,Pleno dia,Decrescente,Nublado,Múltipla,Reta,Sim,2,0,1,0,1,0,1,2,"-7,84753808","-34,90977038",SPRF-PE,DEL01-PE,UOP02-DEL01-PE
275173,2020-03-13,sexta-feira,18:15:00,PE,101,"173,8",JOAQUIM NABUCO,Velocidade Incompatível,Colisão com objeto estático,Sem Vítimas,Plena Noite,Decrescente,Céu Claro,Dupla,Reta,Não,1,0,0,0,0,1,0,1,"-8,59267042","-35,52108286",SPRF-PE,DEL01-PE,UOP03-DEL01-PE
275187,2020-03-13,sexta-feira,20:00:00,PE,101,97,CABO DE SANTO AGOSTINHO,Falta de Atenção do Pedestre,Atropelamento de Pedestre,Com Vítimas Fatais,Plena Noite,Crescente,Ignorado,Dupla,Reta,Sim,2,1,0,0,0,1,0,2,"-8,25331064","-35,0296397",SPRF-PE,DEL01-PE,UOP03-DEL01-PE
275305,2020-03-14,sábado,11:25:00,PE,101,"68,6",RECIFE,Agressão Externa,Danos eventuais,Sem Vítimas,Pleno dia,Crescente,Nublado,Múltipla,Reta,Sim,2,0,0,0,1,1,0,2,"-8,05074296","-34,94580619",SPRF-PE,DEL01-PE,UOP01-DEL01-PE
275325,2020-03-14,sábado,09:40:00,PE,424,"55,2",CAETES,Falta de Atenção à Condução,Colisão transversal,Com Vítimas Feridas,Pleno dia,Crescente,Céu Claro,Simples,Reta,Não,6,0,2,0,4,0,2,2,"-8,73184393","-36,74553398",SPRF-PE,DEL03-PE,UOP01-DEL03-PE
275351,2020-03-14,sábado,14:30:00,PE,232,"132,8",CARUARU,Falta de Atenção à Condução,Colisão com objeto estático,Com Vítimas Feridas,Pleno dia,Decrescente,Céu Claro,Múltipla,Reta,Sim,1,0,1,0,0,0,1,1,"-8,3036244","-36,00710089",SPRF-PE,DEL02-PE,UOP03-DEL02-PE
275375,2020-03-14,sábado,16:40:00,PE,101,70,RECIFE,Defeito na Via,Tombamento,Com Vítimas Feridas,Pleno dia,Decrescente,Céu Claro,Dupla,Retorno Regulamentado,Sim,2,0,1,1,0,0,2,1,"-8,06776119","-34,94265074",SPRF-PE,DEL01-PE,UOP01-DEL01-PE
275402,2020-03-14,sábado,18:30:00,PE,407,"126,2",PETROLINA,Falta de Atenção do Pedestre,Atropelamento de Pedestre,Com Vítimas Feridas,Plena Noite,Crescente,Nublado,Simples,Reta,Sim,3,0,1,0,1,1,1,3,"-9,38847354","-40,52470203",SPRF-PE,DEL06-PE,UOP01-DEL06-PE
275448,2020-03-14,sábado,22:10:00,PE,423,"61,7",LAJEDO,Ingestão de Álcool,Colisão traseira,Com Vítimas Feridas,Plena Noite,Crescente,Céu Claro,Simples,Reta,Sim,2,0,1,0,1,0,1,2,"-8,65805731","-36,32866993",SPRF-PE,DEL03-PE,UOP01-DEL03-PE
275486,2020-03-15,domingo,05:10:00,PE,428,184,PETROLINA,Velocidade Incompatível,Colisão transversal,Com Vítimas Feridas,Amanhecer,Crescente,Céu Claro,Simples,Interseção de Vias,Sim,3,0,0,2,0,1,2,2,"-9,34009199","-40,47032001",SPRF-PE,DEL06-PE,UOP01-DEL06-PE
275515,2020-03-15,domingo,13:00:00,PE,101,"178,9",JOAQUIM NABUCO,Animais na Pista,Saída de leito carroçável,Com Vítimas Feridas,Pleno dia,Crescente,Chuva,Dupla,Curva,Não,1,0,1,0,0,0,1,1,"-8,626228","-35,557475",SPRF-PE,DEL01-PE,UOP03-DEL01-PE
275516,2020-03-15,domingo,11:45:00,PE,101,"69,7",RECIFE,Falta de Atenção do Pedestre,Atropelamento de Pedestre,Com Vítimas Feridas,Pleno dia,Crescente,Céu Claro,Dupla,Reta,Não,3,0,1,0,1,1,1,2,"-8,05951606","-34,94581024",SPRF-PE,DEL01-PE,UOP01-DEL01-PE
275528,2020-03-15,domingo,15:00:00,PE,104,"67,8",CARUARU,Falta de Atenção à Condução,Colisão traseira,Com Vítimas Feridas,Pleno dia,Decrescente,Nublado,Dupla,Reta,Sim,2,0,1,0,1,0,1,2,"-8,29515793","-35,98731637",SPRF-PE,DEL02-PE,UOP01-DEL02-PE
275529,2020-03-15,domingo,12:00:00,PE,232,"21,5",MORENO,Mal Súbito,Saída de leito carroçável,Com Vítimas Feridas,Pleno dia,Crescente,Céu Claro,Dupla,Curva,Não,1,0,1,0,0,0,1,1,"-8,09580234","-35,08012588",SPRF-PE,DEL02-PE,UOP02-DEL02PE
275551,2020-01-28,terça-feira,13:50:00,PE,101,73,RECIFE,Falta de Atenção à Condução,Colisão lateral,Com Vítimas Feridas,Pleno dia,Crescente,Ignorado,Dupla,Curva,Sim,3,0,1,0,0,2,1,2,"-8,099072","-34,950009",SPRF-PE,DEL01-PE,UOP01-DEL01-PE
275561,2020-03-15,domingo,15:50:00,PE,424,18,PEDRA,Ingestão de Álcool,Saída de leito carroçável,Com Vítimas Feridas,Pleno dia,Decrescente,Céu Claro,Simples,Aclive,Sim,1,0,1,0,0,0,1,1,"-8,49676628","-36,93934222",SPRF-PE,DEL03-PE,UOP02-DEL03-PE
275585,2020-03-15,domingo,17:30:00,PE,232,"235,9",PESQUEIRA,Pista Escorregadia,Saída de leito carroçável,Com Vítimas Feridas,Anoitecer,Decrescente,Chuva,Simples,Reta,Não,2,0,1,1,0,0,2,1,"-8,40846848","-36,91974495",SPRF-PE,DEL03-PE,UOP02-DEL03-PE
275603,2020-03-15,domingo,19:20:00,PE,101,"85,1",JABOATAO DOS GUARARAPES,Fenômenos da Natureza,Capotamento,Sem Vítimas,Plena Noite,Decrescente,Chuva,Dupla,Reta,Não,2,0,0,0,1,1,0,1,"-8,18065563","-34,95965322",SPRF-PE,DEL01-PE,UOP03-DEL01-PE
275618,2020-03-15,domingo,20:45:00,PE,101,"49,9",ABREU E LIMA,Falta de Atenção à Condução,Colisão transversal,Com Vítimas Feridas,Plena Noite,Decrescente,Céu Claro,Dupla,Reta,Sim,3,0,1,0,2,0,1,2,"-7,9005152","-34,90180641",SPRF-PE,DEL01-PE,UOP02-DEL01-PE
275663,2020-03-15,domingo,23:45:00,PE,101,97,CABO DE SANTO AGOSTINHO,Falta de Atenção à Condução,Saída de leito carroçável,Sem Vítimas,Plena Noite,Crescente,Chuva,Dupla,Reta,Sim,1,0,0,0,0,1,0,1,"-8,264895","-35,01806",SPRF-PE,DEL01-PE,UOP03-DEL01-PE
275666,2020-03-16,segunda-feira,01:50:00,PE,232,100,BEZERROS,Ingestão de Álcool,Atropelamento de Pedestre,Com Vítimas Fatais,Plena Noite,Crescente,Chuva,Múltipla,Reta,Sim,3,1,0,0,1,1,0,2,"-8,23791176","-35,74297705",SPRF-PE,DEL02-PE,UOP02-DEL02PE
275749,2020-03-16,segunda-feira,10:15:00,PE,101,"94,5",CABO DE SANTO AGOSTINHO,Falta de Atenção à Condução,Atropelamento de Pedestre,Com Vítimas Feridas,Pleno dia,Decrescente,Céu Claro,Dupla,Interseção de Vias,Sim,2,0,0,1,0,1,1,2,"-8,24829064","-35,00697936",SPRF-PE,DEL01-PE,UOP03-DEL01-PE
275761,2020-03-16,segunda-feira,12:50:00,PE,101,"68,1",RECIFE,Falta de Atenção à Condução,Saída de leito carroçável,Com Vítimas Feridas,Pleno dia,Decrescente,Céu Claro,Dupla,Rotatória,Sim,1,0,1,0,0,0,1,1,"-8,051818","-34,945896",SPRF-PE,DEL01-PE,UOP01-DEL01-PE
275771,2020-03-16,segunda-feira,14:00:00,PE,104,74,CARUARU,Falta de Atenção à Condução,Colisão traseira,Sem Vítimas,Pleno dia,Decrescente,Céu Claro,Simples,Reta,Não,2,0,0,0,2,0,0,2,"-8,349874","-35,985184",SPRF-PE,DEL02-PE,UOP01-DEL02-PE
275841,2020-03-16,segunda-feira,15:50:00,PE,101,"95,6",CABO DE SANTO AGOSTINHO,Defeito Mecânico no Veículo,Saída de leito carroçável,Sem Vítimas,Pleno dia,Crescente,Céu Claro,Dupla,Reta,Não,1,0,0,0,0,1,0,1,"-8,25099","-35,01426",SPRF-PE,DEL01-PE,UOP03-DEL01-PE
275861,2020-03-16,segunda-feira,22:00:00,PE,101,"60,9",RECIFE,Animais na Pista,Atropelamento de Animal,Com Vítimas Feridas,Plena Noite,Crescente,Nublado,Dupla,Reta,Sim,1,0,1,0,0,0,1,1,"-7,98344307","-34,93176727",SPRF-PE,DEL01-PE,UOP02-DEL01-PE
275863,2020-03-16,segunda-feira,21:00:00,PE,232,"57,1",POMBOS,Falta de Atenção à Condução,Saída de leito carroçável,Sem Vítimas,Pleno dia,Decrescente,Céu Claro,Múltipla,Reta,Sim,1,0,0,0,0,1,0,1,"-8,1412132","-35,38181492",SPRF-PE,DEL02-PE,UOP02-DEL02PE
275947,2020-03-17,terça-feira,12:20:00,PE,101,"53,7",PAULISTA,Falta de Atenção à Condução,Colisão traseira,Com Vítimas Feridas,Pleno dia,Crescente,Céu Claro,Múltipla,Reta,Sim,3,0,2,0,1,0,2,2,"-7,95954031","-34,87114996",SPRF-PE,DEL01-PE,UOP02-DEL01-PE
275975,2020-03-17,terça-feira,14:30:00,PE,424,"91,9",GARANHUNS,Desobediência às normas de trânsito pelo condutor,Colisão transversal,Com Vítimas Feridas,Pleno dia,Crescente,Nublado,Simples,Curva,Sim,3,0,1,0,2,0,1,2,"-8,90409633","-36,49974647",SPRF-PE,DEL03-PE,UOP01-DEL03-PE