id,data_inversa,dia_semana,horario,uf,br,km,municipio,causa_acidente,tipo_acidente,classificacao_acidente,fase_dia,sentido_via,condicao_metereologica,tipo_pista,tracado_via,uso_solo,pessoas,mortos,feridos_leves,feridos_graves,ilesos,ignorados,feridos,veiculos,latitude,longitude,regional,delegacia,uop
275989,2020-03-17,terça-feira,13:40:00,PE,101,"108,4",CABO DE SANTO AGOSTINHO,Condutor Dormindo,Colisão com objeto estático,Com Vítimas Feridas,Pleno dia,Decrescente,Céu Claro,Simples,Curva,Não,2,0,1,0,0,1,1,1,"-8,30670238","-35,09303416",SPRF-PE,DEL01-PE,UOP03-DEL01-PE
275996,2020-03-17,terça-feira,16:45:00,PE,101,"68,7",RECIFE,Ultrapassagem Indevida,Colisão lateral,Com Vítimas Feridas,Pleno dia,Decrescente,Céu Claro,Simples,Reta,Sim,2,0,1,0,1,0,1,2,"-8,05074296","-34,94580619",SPRF-PE,DEL01-PE,UOP01-DEL01-PE
275997,2020-03-17,terça-feira,17:10:00,PE,101,36,ITAPISSUMA,Falta de Atenção à Condução,Colisão transversal,Sem Vítimas,Anoitecer,Decrescente,Vento,Múltipla,Reta,Sim,2,0,0,0,1,1,0,2,"-7,788367","-34,92981702",SPRF-PE,DEL01-PE,UOP02-DEL01-PE
276155,2020-03-18,quarta-feira,14:05:00,PE,232,"85,8",GRAVATA,Falta de Atenção à Condução,Saída de leito carroçável,Com Vítimas Fatais,Pleno dia,Crescente,Céu Claro,Dupla,Reta,Sim,2,1,0,0,1,0,0,2,"-8,20951081","-35,61182408",SPRF-PE,DEL02-PE,UOP02-DEL02PE
276165,2020-03-18,quarta-feira,15:30:00,PE,101,"78,7",JABOATAO DOS GUARARAPES,Não guardar distância de segurança,Colisão traseira,Com Vítimas Feridas,Pleno dia,Decrescente,Sol,Dupla,Curva,Sim,3,0,2,0,1,0,2,2,"-8,14125","-34,946407",SPRF-PE,DEL01-PE,UOP01-DEL01-PE
276174,2020-03-18,quarta-feira,15:40:00,PE,101,"192,8",PALMARES,Pista Escorregadia,Capotamento,Com Vítimas Feridas,Pleno dia,Crescente,Chuva,Dupla,Curva,Não,2,0,1,0,1,0,1,1,"-8,71282291","-35,60955915",SPRF-PE,DEL01-PE,UOP03-DEL01-PE
276176,2020-03-18,quarta-feira,16:15:00,PE,101,"74,4",RECIFE,Não guardar distância de segurança,Engavetamento,Sem Vítimas,Pleno dia,Decrescente,Nublado,Dupla,Curva,Sim,3,0,0,0,3,0,0,3,"-8,106338","-34,948574",SPRF-PE,DEL01-PE,UOP01-DEL01-PE
276178,2020-03-18,quarta-feira,16:30:00,PE,104,"47,3",CARUARU,Defeito na Via,Saída de leito carroçável,Com Vítimas Feridas,Pleno dia,Crescente,Chuva,Dupla,Reta,Não,1,0,1,0,0,0,1,1,"-8,12617233","-35,95447809",SPRF-PE,DEL02-PE,UOP01-DEL02-PE
276214,2020-03-18,quarta-feira,16:55:00,PE,423,"97,4",GARANHUNS,Pista Escorregadia,Tombamento,Com Vítimas Feridas,Anoitecer,Crescente,Chuva,Simples,Reta;Aclive                   ,Sim,2,0,0,1,1,0,1,1,"-8,876983","-36,500493",SPRF-PE,DEL03-PE,UOP01-DEL03-PE
276228,2020-03-18,quarta-feira,20:00:00,PE,101,"57,7",RECIFE,Defeito Mecânico no Veículo,Incêndio,Sem Vítimas,Plena Noite,Crescente,Céu Claro,Dupla,Reta,Não,1,0,0,0,1,0,0,1,"-7,9684","-34,919545",SPRF-PE,DEL01-PE,UOP02-DEL01-PE
276241,2020-03-18,quarta-feira,20:40:00,PE,104,63,CARUARU,Ingestão de Álcool,Colisão traseira,Sem Vítimas,Plena Noite,Decrescente,Chuva,Dupla,Reta,Sim,2,0,0,0,2,0,0,2,"-8,267406","-35,978625",SPRF-PE,DEL02-PE,UOP01-DEL02-PE
276313,2020-03-19,quinta-feira,07:30:00,PE,423,"20,5",SAO CAITANO,Ultrapassagem Indevida,Saída de leito carroçável,Com Vítimas Feridas,Pleno dia,Crescente,Nublado,Simples,Reta,Não,1,0,0,1,0,0,1,1,"-8,33932508","-36,15909991",SPRF-PE,DEL02-PE,UOP03-DEL02-PE
276372,2020-03-19,quinta-feira,14:30:00,PE,101,"70,2",RECIFE,Falta de Atenção do Pedestre,Atropelamento de Pedestre,Com Vítimas Feridas,Pleno dia,Decrescente,Céu Claro,Dupla,Reta,Sim,2,0,2,0,0,0,2,2,"-8,06776119","-34,94265074",SPRF-PE,DEL01-PE,UOP01-DEL01-PE
276389,2020-03-19,quinta-feira,16:40:00,PE,101,80,JABOATAO DOS GUARARAPES,Falta de Atenção à Condução,Colisão lateral,Com Vítimas Feridas,Plena Noite,Crescente,Céu Claro,Dupla,Reta,Não,2,0,1,0,1,0,1,2,"-8,15112589","-34,9428866",SPRF-PE,DEL01-PE,UOP03-DEL01-PE
276416,2020-03-19,quinta-feira,16:00:00,PE,232,19,JABOATAO DOS GUARARAPES,Defeito Mecânico no Veículo,Incêndio,Sem Vítimas,Pleno dia,Decrescente,Céu Claro,Dupla,Curva,Não,1,0,0,0,1,0,0,1,"-8,09822484","-35,06316202",SPRF-PE,DEL01-PE,UOP01-DEL01-PE
276520,2020-03-08,domingo,18:52:00,PE,232,56,POMBOS,Falta de Atenção do Pedestre,Atropelamento de Pedestre,Com Vítimas Fatais,Plena Noite,Decrescente,Céu Claro,Dupla,Reta,Não,3,1,2,0,0,0,2,2,"-8,13762681","-35,37336212",SPRF-PE,DEL02-PE,UOP02-DEL02PE
276535,2020-03-20,sexta-feira,11:35:00,PE,101,174,JOAQUIM NABUCO,Defeito Mecânico no Veículo,Queda de ocupante de veículo,Com Vítimas Feridas,Pleno dia,Crescente,Céu Claro,Múltipla,Curva,Não,2,0,2,0,0,0,2,1,"-8,59769309","-35,52838291",SPRF-PE,DEL01-PE,UOP03-DEL01-PE
276598,2020-03-20,sexta-feira,18:30:00,PE,316,"78,4",OURICURI,Ingestão de Álcool,Tombamento,Com Vítimas Feridas,Plena Noite,Decrescente,Nublado,Simples,Declive;Reta                  ,Não,2,0,0,2,0,0,2,1,"-7,85014392","-40,12241694",SPRF-PE,DEL05-PE,UOP02-DEL05-PE
276617,2020-03-20,sexta-feira,20:13:00,PE,232,"405,9",SERRA TALHADA,Ingestão de álcool e/ou substâncias psicoativas pelo pedestre,Atropelamento de Pedestre,Com Vítimas Feridas,Plena Noite,Crescente,Céu Claro,Simples,Reta,Não,2,0,1,0,1,0,1,2,"-7,98895584","-38,25355016",SPRF-PE,DEL04-PE,UOP01-DEL04-PE
276643,2020-03-20,sexta-feira,22:50:00,PE,101,"70,8",RECIFE,Falta de Atenção do Pedestre,Atropelamento de Pedestre,Com Vítimas Fatais,Plena Noite,Crescente,Céu Claro,Múltipla,Reta,Sim,2,1,0,0,0,1,0,2,"-8,06776119","-34,94265074",SPRF-PE,DEL01-PE,UOP01-DEL01-PE
276663,2020-03-21,sábado,03:44:00,PE,408,55,NAZARE DA MATA,Condutor Dormindo,Capotamento,Com Vítimas Feridas,Plena Noite,Crescente,Ignorado,Simples,Reta,Não,1,0,1,0,0,0,1,1,"-7,781061","-35,239631",SPRF-PE,DEL01-PE,UOP01-DEL01-PE
276691,2020-03-21,sábado,09:30:00,PE,423,"171,8",AGUAS BELAS,Falta de Atenção à Condução,Colisão transversal,Com Vítimas Feridas,Pleno dia,Decrescente,Céu Claro,Simples,Declive,Não,2,0,1,0,1,0,1,2,"-9,12738994","-37,060194",SPRF-AL,DEL03-AL,UOP02-DEL03-AL
276752,2020-03-21,sábado,19:25:00,PE,101,73,RECIFE,Desobediência às normas de trânsito pelo condutor,Colisão transversal,Com Vítimas Feridas,Plena Noite,Decrescente,Céu Claro,Simples,Aclive;Curva                  ,Sim,2,0,1,0,1,0,1,2,"-8,093963","-34,947806",SPRF-PE,DEL01-PE,UOP01-DEL01-PE
276781,2020-03-21,sábado,22:30:00,PE,428,"186,9",PETROLINA,Ingestão de Álcool,Colisão transversal,Com Vítimas Feridas,Plena Noite,Decrescente,Céu Claro,Simples,Reta,Sim,3,0,0,1,0,2,1,3,"-9,34807826","-40,47441248",SPRF-PE,DEL06-PE,UOP01-DEL06-PE
276813,2020-02-19,quarta-feira,19:20:00,PE,104,92,AGRESTINA,Desobediência às normas de trânsito pelo condutor,Colisão frontal,Com Vítimas Fatais,Plena Noite,Decrescente,Céu Claro,Simples,Reta,Sim,2,1,0,0,1,0,0,2,"-8,496525","-35,948009",SPRF-PE,DEL02-PE,UOP01-DEL02-PE
276814,2020-03-21,sábado,20:30:00,PE,408,"77,5",PAUDALHO,Defeito Mecânico no Veículo,Saída de leito carroçável,Com Vítimas Feridas,Plena Noite,Decrescente,Ignorado,Dupla,Reta,Não,1,0,1,0,0,0,1,1,"-7,921413","-35,158391",SPRF-PE,DEL01-PE,UOP01-DEL01-PE
276822,2020-03-22,domingo,11:40:00,PE,101,"74,1",RECIFE,Velocidade Incompatível,Tombamento,Com Vítimas Feridas,Pleno dia,Crescente,Sol,Dupla,Curva,Sim,2,0,2,0,0,0,2,1,"-8,104075","-34,948629",SPRF-PE,DEL01-PE,UOP01-DEL01-PE
276828,2020-03-22,domingo,13:38:00,PE,101,71,RECIFE,Falta de Atenção do Pedestre,Atropelamento de Pedestre,Sem Vítimas,Pleno dia,Crescente,Sol,Múltipla,Reta,Sim,2,0,0,0,1,1,0,2,"-8,07663102","-34,94277871",SPRF-PE,DEL01-PE,UOP01-DEL01-PE
276849,2020-03-22,domingo,14:22:00,PE,232,"238,6",ARCOVERDE,Desobediência às normas de trânsito pelo condutor,Colisão frontal,Com Vítimas Fatais,Pleno dia,Crescente,Nublado,Simples,Declive;Curva                 ,Não,4,1,0,0,3,0,0,2,"-8,41833345","-36,93869591",SPRF-PE,DEL03-PE,UOP02-DEL03-PE
276889,2020-03-22,domingo,19:50:00,PE,424,87,GARANHUNS,Falta de Atenção à Condução,Colisão com objeto em movimento,Com Vítimas Feridas,Plena Noite,Crescente,Nublado,Simples,Reta,Não,8,0,5,1,0,2,6,2,"-8,87830874","-36,50709629",SPRF-PE,DEL03-PE,UOP01-DEL03-PE
276909,2020-03-23,segunda-feira,00:15:00,PE,428,"36,5",OROCO,Ingestão de Álcool,Atropelamento de Animal,Com Vítimas Fatais,Plena Noite,Crescente,Céu Claro,Simples,Reta,Não,2,1,1,0,0,0,1,1,"-8,54105369","-39,52750718",SPRF-PE,DEL05-PE,UOP03-DEL05-PE
276940,2020-03-23,segunda-feira,06:55:00,PE,101,"69,1",RECIFE,Falta de Atenção à Condução,Colisão transversal,Sem Vítimas,Pleno dia,Crescente,Céu Claro,Dupla,Reta,Sim,2,0,0,0,2,0,0,2,"-8,05951606","-34,94581024",SPRF-PE,DEL01-PE,UOP01-DEL01-PE
276945,2020-03-23,segunda-feira,09:20:00,PE,408,"82,5",PAUDALHO,Falta de Atenção à Condução,Colisão transversal,Com Vítimas Feridas,Pleno dia,Crescente,Céu Claro,Dupla,Reta,Sim,2,0,1,0,1,0,1,2,"-7,94416","-35,119769",SPRF-PE,DEL01-PE,UOP01-DEL01-PE
276957,2020-03-23,segunda-feira,12:15:00,PE,101,"46,1",IGARASSU,Falta de Atenção à Condução,Colisão lateral,Com Vítimas Feridas,Pleno dia,Decrescente,Sol,Múltipla,Reta,Sim,2,0,0,1,1,0,1,2,"-7,87406004","-34,90588126",SPRF-PE,DEL01-PE,UOP02-DEL01-PE
276972,2020-01-27,segunda-feira,10:40:00,PE,101,"69,5",RECIFE,Desobediência às normas de trânsito pelo condutor,Colisão traseira,Com Vítimas Feridas,Pleno dia,Crescente,Sol,Múltipla,Reta,Sim,3,0,2,0,1,0,2,2,"-8,05951606","-34,94581024",SPRF-PE,DEL01-PE,UOP01-DEL01-PE
277000,2020-03-13,sexta-feira,23:20:00,PE,101,"69,4",RECIFE,Ingestão de Álcool,Colisão frontal,Com Vítimas Feridas,Plena Noite,Decrescente,Céu Claro,Dupla,Reta,Sim,2,0,1,1,0,0,2,2,"-8,05951606","-34,94581024",SPRF-PE,DEL01-PE,UOP01-DEL01-PE
277150,2020-03-25,quarta-feira,12:30:00,PE,101,"61,3",RECIFE,Não guardar distância de segurança,Engavetamento,Sem Vítimas,Pleno dia,Decrescente,Céu Claro,Dupla,Reta,Sim,5,0,0,0,5,0,0,3,"-7,99097103","-34,93598295",SPRF-PE,DEL01-PE,UOP02-DEL01-PE
277152,2020-03-25,quarta-feira,11:40:00,PE,104,"64,4",CARUARU,Ingestão de Álcool,Colisão traseira,Sem Vítimas,Pleno dia,Decrescente,Nublado,Simples,Reta,Sim,2,0,0,0,2,0,0,2,"-8,2783","-35,9815",SPRF-PE,DEL02-PE,UOP01-DEL02-PE
277153,2020-03-20,sexta-feira,18:45:00,PE,101,"124,6",ESCADA,Ingestão de Álcool,Colisão traseira,Com Vítimas Feridas,Plena Noite,Decrescente,Céu Claro,Dupla,Retorno Regulamentado,Sim,2,0,1,0,1,0,1,2,"-8,362883","-35,216189",SPRF-PE,DEL01-PE,UOP03-DEL01-PE
277221,2020-03-26,quinta-feira,07:15:00,PE,101,"70,5",RECIFE,Falta de Atenção à Condução,Tombamento,Com Vítimas Feridas,Pleno dia,Crescente,Céu Claro,Múltipla,Reta,Sim,1,0,1,0,0,0,1,1,"-8,072393","-34,942732",SPRF-PE,DEL01-PE,UOP01-DEL01-PE
277222,2020-03-26,quinta-feira,05:00:00,PE,407,"112,7",PETROLINA,Falta de Atenção à Condução,Colisão traseira,Sem Vítimas,Pleno dia,Decrescente,Chuva,Simples,Reta,Não,2,0,0,0,2,0,0,2,"-9,27560414","-40,59620723",SPRF-PE,DEL06-PE,UOP02-DEL06-PE
277240,2020-03-26,quinta-feira,11:40:00,PE,232,351,FLORES,Defeito na Via,Capotamento,Sem Vítimas,Pleno dia,Decrescente,Chuva,Simples,Reta,Não,2,0,0,0,2,0,0,1,"-8,07254498","-37,79794999",SPRF-PE,DEL03-PE,UOP02-DEL03-PE
277257,2020-03-26,quinta-feira,09:30:00,PE,232,"307,9",SERTANIA,Defeito Mecânico no Veículo,Saída de leito carroçável,Sem Vítimas,Pleno dia,Decrescente,Céu Claro,Simples,Reta,Não,1,0,0,0,1,0,0,1,"-8,17453504","-37,45688796",SPRF-PE,DEL03-PE,UOP02-DEL03-PE
277325,2020-03-27,sexta-feira,08:45:00,PE,101,67,RECIFE,Não guardar distância de segurança,Engavetamento,Com Vítimas Feridas,Pleno dia,Crescente,Nublado,Dupla,Reta,Sim,4,0,1,0,3,0,1,3,"-8,042334","-34,943096",SPRF-PE,DEL01-PE,UOP01-DEL01-PE
277370,2020-03-27,sexta-feira,18:30:00,PE,232,"128,8",CARUARU,Animais na Pista,Atropelamento de Animal,Com Vítimas Feridas,Plena Noite,Decrescente,Nublado,Dupla,Reta,Sim,2,0,1,0,1,0,1,2,"-8,30399306","-35,97216301",SPRF-PE,DEL02-PE,UOP03-DEL02-PE
277392,2020-03-27,sexta-feira,21:00:00,PE,101,"50,2",ABREU E LIMA,Desobediência às normas de trânsito pelo condutor,Colisão transversal,Com Vítimas Feridas,Plena Noite,Crescente,Céu Claro,Múltipla,Interseção de Vias,Sim,2,0,0,1,0,1,1,2,"-7,90938602","-34,90123228",SPRF-PE,DEL01-PE,UOP02-DEL01-PE
277398,2020-03-27,sexta-feira,22:00:00,PE,101,"79,9",JABOATAO DOS GUARARAPES,Velocidade Incompatível,Colisão traseira,Com Vítimas Feridas,Plena Noite,Crescente,Nublado,Dupla,Reta,Sim,2,0,0,1,1,0,1,2,"-8,14366112","-34,94723453",SPRF-PE,DEL01-PE,UOP01-DEL01-PE
277439,2020-03-28,sábado,09:00:00,PE,407,"128,9",PETROLINA,Desobediência às normas de trânsito pelo condutor,Colisão transversal,Com Vítimas Feridas,Pleno dia,Decrescente,Céu Claro,Simples,Interseção de Vias,Sim,3,0,1,1,1,0,2,2,"-9,39958299","-40,50459298",SPRF-PE,DEL06-PE,UOP01-DEL06-PE
277482,2020-03-28,sábado,17:00:00,PE,101,"70,6",RECIFE,Ingestão de Álcool,Colisão lateral,Sem Vítimas,Anoitecer,Crescente,Céu Claro,Múltipla,Reta,Sim,2,0,0,0,2,0,0,2,"-8,06776119","-34,94265074",SPRF-PE,DEL01-PE,UOP01-DEL01-PE
277525,2020-03-29,domingo,00:20:00,PE,232,510,SALGUEIRO,Ingestão de álcool e/ou substâncias psicoativas pelo pedestre,Atropelamento de Pedestre,Com Vítimas Feridas,Plena Noite,Crescente,Céu Claro,Simples,Reta,Sim,2,0,1,0,0,1,1,2,"-8,067472","-39,13817",SPRF-PE,DEL05-PE,UOP01-DEL05-PE
277630,2020-03-29,domingo,19:00:00,PE,101,"7,7",GOIANA,Falta de Atenção à Condução,Colisão transversal,Com Vítimas Fatais,Plena Noite,Decrescente,Nublado,Dupla,Reta,Não,2,1,0,0,1,0,0,2,"-7,55997111","-34,99072674",SPRF-PE,DEL01-PE,UOP02-DEL01-PE
277633,2020-03-29,domingo,19:00:00,PE,423,71,JUPI,Restrição de Visibilidade,Atropelamento de Pedestre,Com Vítimas Feridas,Plena Noite,Crescente,Garoa/Chuvisco,Simples,Reta,Não,5,0,0,2,3,0,2,4,"-8,69250589","-36,41166726",SPRF-PE,DEL03-PE,UOP01-DEL03-PE
277677,2020-03-30,segunda-feira,04:40:00,PE,101,"77,1",RECIFE,Animais na Pista,Atropelamento de Animal,Com Vítimas Feridas,Amanhecer,Crescente,Nublado,Dupla,Curva;Declive                 ,Sim,1,0,1,0,0,0,1,1,"-8,126982","-34,94386",SPRF-PE,DEL01-PE,UOP01-DEL01-PE
277747,2020-03-30,segunda-feira,17:10:00,PE,101,49,ABREU E LIMA,Falta de Atenção do Pedestre,Atropelamento de Pedestre,Com Vítimas Feridas,Anoitecer,Crescente,Nublado,Múltipla,Reta,Sim,3,0,3,0,0,0,3,2,"-7,898419","-34,902708",SPRF-PE,DEL01-PE,UOP02-DEL01-PE
277772,2020-03-30,segunda-feira,20:30:00,PE,407,127,PETROLINA,Falta de Atenção à Condução,Colisão transversal,Com Vítimas Feridas,Plena Noite,Decrescente,Céu Claro,Simples,Interseção de Vias,Sim,3,0,2,0,1,0,2,2,"-9,3908678","-40,52038627",SPRF-PE,DEL06-PE,UOP01-DEL06-PE
277842,2020-03-31,terça-feira,14:45:00,PE,101,"92,7",CABO DE SANTO AGOSTINHO,Desobediência às normas de trânsito pelo pedestre,Colisão transversal,Sem Vítimas,Pleno dia,Crescente,Céu Claro,Simples,Reta,Sim,2,0,0,0,1,1,0,2,"-8,23201792","-34,99778611",SPRF-PE,DEL01-PE,UOP03-DEL01-PE
277919,2020-04-01,quarta-feira,07:30:00,PE,101,"50,9",ABREU E LIMA,Falta de Atenção à Condução,Colisão lateral,Com Vítimas Feridas,Pleno dia,Decrescente,Céu Claro,Dupla,Reta,Sim,2,0,1,0,1,0,1,2,"-7,90938602","-34,90123228",SPRF-PE,DEL01-PE,UOP02-DEL01-PE
277937,2020-04-01,quarta-feira,09:50:00,PE,232,"49,8",VITORIA DE SANTO ANTAO,Falta de Atenção do Pedestre,Atropelamento de Pedestre,Sem Vítimas,Pleno dia,Crescente,Céu Claro,Dupla,Reta,Não,2,0,0,0,1,1,0,2,"-8,14240878","-35,31930685",SPRF-PE,DEL02-PE,UOP02-DEL02PE
277985,2020-04-01,quarta-feira,17:15:00,PE,407,"129,7",PETROLINA,Não guardar distância de segurança,Colisão traseira,Com Vítimas Feridas,Pleno dia,Crescente,Céu Claro,Dupla,Reta,Sim,2,0,1,0,1,0,1,2,"-9,39958299","-40,50459298",SPRF-PE,DEL06-PE,UOP01-DEL06-PE
277992,2020-04-01,quarta-feira,17:30:00,PE,101,"86,3",JABOATAO DOS GUARARAPES,Ultrapassagem Indevida,Colisão frontal,Com Vítimas Feridas,Anoitecer,Crescente,Nublado,Simples,Reta,Sim,2,0,2,0,0,0,2,2,"-8,213868","-34,964058",SPRF-PE,DEL01-PE,UOP03-DEL01-PE
278004,2020-04-01,quarta-feira,18:20:00,PE,104,86,AGRESTINA,Ingestão de Álcool,Saída de leito carroçável,Sem Vítimas,Plena Noite,Decrescente,Nublado,Simples,Reta,Sim,1,0,0,0,1,0,0,1,"-8,446782","-35,951046",SPRF-PE,DEL02-PE,UOP01-DEL02-PE
278036,2020-04-02,quinta-feira,01:10:00,PE,232,"48,1",VITORIA DE SANTO ANTAO,Animais na Pista,Atropelamento de Animal,Com Vítimas Feridas,Plena Noite,Decrescente,Céu Claro,Dupla,Reta,Não,2,0,2,0,0,0,2,1,"-8,141124","-35,303652",SPRF-PE,DEL02-PE,UOP02-DEL02PE
278071,2020-04-02,quinta-feira,12:10:00,PE,101,93,CABO DE SANTO AGOSTINHO,Falta de Atenção à Condução,Saída de leito carroçável,Com Vítimas Feridas,Pleno dia,Crescente,Nublado,Dupla,Curva,Não,1,0,1,0,0,0,1,1,"-8,239867","-35,003711",SPRF-PE,DEL01-PE,UOP03-DEL01-PE
278095,2020-04-02,quinta-feira,17:30:00,PE,232,80,GRAVATA,Falta de Atenção à Condução,Colisão transversal,Com Vítimas Feridas,Anoitecer,Decrescente,Céu Claro,Simples,Interseção de Vias,Sim,2,0,2,0,0,0,2,2,"-8,19579864","-35,56962305",SPRF-PE,DEL02-PE,UOP02-DEL02PE
278130,2020-04-02,quinta-feira,21:20:00,PE,232,"409,6",SERRA TALHADA,Desobediência às normas de trânsito pelo condutor,Colisão transversal,Com Vítimas Feridas,Plena Noite,Decrescente,Céu Claro,Simples,Reta,Sim,2,0,2,0,0,0,2,2,"-7,981944","-38,289467",SPRF-PE,DEL04-PE,UOP01-DEL04-PE
278132,2020-04-02,quinta-feira,21:15:00,PE,423,77,JUCATI,Velocidade Incompatível,Colisão com objeto estático,Sem Vítimas,Plena Noite,Decrescente,Nublado,Simples,Reta,Não,1,0,0,0,0,1,0,1,"-8,740482","-36,43069893",SPRF-PE,DEL03-PE,UOP01-DEL03-PE
278152,2020-04-03,sexta-feira,05:30:00,PE,316,78,OURICURI,Falta de Atenção à Condução,Atropelamento de Pedestre,Com Vítimas Feridas,Amanhecer,Crescente,Ignorado,Simples,Reta,Não,2,0,1,1,0,0,2,2,"-7,85014392","-40,12241694",SPRF-PE,DEL05-PE,UOP02-DEL05-PE
278186,2020-04-03,sexta-feira,10:50:00,PE,101,72,RECIFE,Falta de Atenção à Condução,Queda de ocupante de veículo,Com Vítimas Feridas,Pleno dia,Crescente,Céu Claro,Múltipla,Reta,Sim,1,0,1,0,0,0,1,1,"-8,08493106","-34,9450639",SPRF-PE,DEL01-PE,UOP01-DEL01-PE
278295,2020-04-04,sábado,04:15:00,PE,101,58,PAULISTA,Animais na Pista,Atropelamento de Animal,Sem Vítimas,Plena Noite,Decrescente,Nublado,Dupla,Reta,Sim,1,0,0,0,0,1,0,1,"-7,97063209","-34,92064675",SPRF-PE,DEL01-PE,UOP02-DEL01-PE
278298,2020-04-04,sábado,04:30:00,PE,232,"100,8",BEZERROS,Falta de Atenção à Condução,Colisão com objeto estático,Com Vítimas Feridas,Amanhecer,Crescente,Chuva,Simples,Reta,Sim,1,0,1,0,0,0,1,1,"-8,23791176","-35,74297705",SPRF-PE,DEL02-PE,UOP02-DEL02PE
278324,2020-04-04,sábado,09:38:00,PE,101,"42,3",IGARASSU,Falta de Atenção à Condução,Colisão lateral,Com Vítimas Feridas,Pleno dia,Decrescente,Garoa/Chuvisco,Dupla,Reta,Sim,4,0,3,0,1,0,3,2,"-7,83887431","-34,91196739",SPRF-PE,DEL01-PE,UOP02-DEL01-PE
278337,2020-04-04,sábado,10:50:00,PE,101,"87,2",JABOATAO DOS GUARARAPES,Falta de Atenção à Condução,Colisão transversal,Com Vítimas Feridas,Pleno dia,Decrescente,Céu Claro,Simples,Interseção de Vias,Sim,2,0,0,1,1,0,1,2,"-8,19120206","-34,97449985",SPRF-PE,DEL01-PE,UOP03-DEL01-PE
278367,2020-04-04,sábado,16:40:00,PE,101,44,IGARASSU,Não guardar distância de segurança,Colisão lateral,Com Vítimas Feridas,Pleno dia,Decrescente,Céu Claro,Múltipla,Reta,Sim,3,0,1,0,1,1,1,2,"-7,85637001","-34,90842109",SPRF-PE,DEL01-PE,UOP02-DEL01-PE
278373,2020-04-04,sábado,17:15:00,PE,101,51,ABREU E LIMA,Falta de Atenção do Pedestre,Atropelamento de Pedestre,Sem Vítimas,Plena Noite,Crescente,Céu Claro,Dupla,Reta,Sim,2,0,0,0,1,1,0,2,"-7,9169968","-34,89689272",SPRF-PE,DEL01-PE,UOP02-DEL01-PE
278377,2020-04-04,sábado,16:10:00,PE,116,40,SALGUEIRO,Falta de Atenção à Condução,Saída de leito carroçável,Com Vítimas Feridas,Pleno dia,Decrescente,Céu Claro,Simples,Reta,Não,4,0,2,0,2,0,2,1,"-8,188874","-39,10149",SPRF-PE,DEL05-PE,UOP01-DEL05-PE
278387,2020-04-04,sábado,17:45:00,PE,104,70,CARUARU,Ingestão de Álcool,Atropelamento de Animal,Com Vítimas Feridas,Anoitecer,Decrescente,Nublado,Dupla,Reta,Sim,3,0,2,0,1,0,2,2,"-8,31618884","-35,99107146",SPRF-PE,DEL02-PE,UOP01-DEL02-PE
278399,2020-04-04,sábado,20:00:00,PE,101,"53,5",PAULISTA,Falta de Atenção do Pedestre,Atropelamento de Pedestre,Com Vítimas Fatais,Plena Noite,Crescente,Céu Claro,Múltipla,Reta,Sim,2,1,0,0,0,1,0,2,"-7,93124094","-34,90068606",SPRF-PE,DEL01-PE,UOP02-DEL01-PE
278445,2020-04-05,domingo,01:00:00,PE,101,80,JABOATAO DOS GUARARAPES,Ingestão de álcool e/ou substâncias psicoativas pelo pedestre,Saída de leito carroçável,Com Vítimas Feridas,Plena Noite,Crescente,Garoa/Chuvisco,Dupla,Reta,Sim,3,0,1,0,2,0,1,2,"-8,15112589","-34,9428866",SPRF-PE,DEL01-PE,UOP03-DEL01-PE
278531,2020-04-05,domingo,17:45:00,PE,101,49,ABREU E LIMA,Falta de Atenção do Pedestre,Atropelamento de Pedestre,Com Vítimas Feridas,Plena Noite,Crescente,Céu Claro,Dupla,Reta,Sim,2,0,1,0,1,0,1,2,"-7,9005152","-34,90180641",SPRF-PE,DEL01-PE,UOP02-DEL01-PE
278535,2020-04-05,domingo,18:15:00,PE,232,80,GRAVATA,Desobediência às normas de trânsito pelo condutor,Colisão transversal,Com Vítimas Feridas,Plena Noite,Crescente,Céu Claro,Múltipla,Reta,Sim,3,0,1,1,1,0,2,2,"-8,19579864","-35,56962305",SPRF-PE,DEL02-PE,UOP02-DEL02PE
278574,2020-04-05,domingo,21:20:00,PE,423,"94,5",GARANHUNS,Ingestão de Álcool,Colisão frontal,Com Vítimas Feridas,Plena Noite,Crescente,Céu Claro,Simples,Reta,Sim,2,0,1,1,0,0,2,2,"-8,874732","-36,46946",SPRF-PE,DEL03-PE,UOP01-DEL03-PE
278622,2020-04-06,segunda-feira,09:10:00,PE,101,98,CABO DE SANTO AGOSTINHO,Avarias e/ou desgaste excessivo no pneu,Tombamento,Sem Vítimas,Pleno dia,Decrescente,Chuva,Dupla,Declive,Não,1,0,0,0,1,0,0,1,"-8,25653422","-35,03811793",SPRF-PE,DEL01-PE,UOP03-DEL01-PE
278648,2020-04-06,segunda-feira,15:00:00,PE,104,"21,1",TAQUARITINGA DO NORTE,Falta de Atenção à Condução,Colisão frontal,Com Vítimas Feridas,Pleno dia,Crescente,Nublado,Simples,Curva,Não,2,0,1,0,1,0,1,2,"-7,964189","-36,124378",SPRF-PE,DEL02-PE,UOP01-DEL02-PE
278674,2020-04-06,segunda-feira,17:10:00,PE,423,"61,9",LAJEDO,Ingestão de Álcool,Saída de leito carroçável,Com Vítimas Feridas,Anoitecer,Crescente,Céu Claro,Simples,Reta,Sim,5,0,3,2,0,0,5,1,"-8,65805731","-36,32866993",SPRF-PE,DEL03-PE,UOP01-DEL03-PE