id,data_inversa,dia_semana,horario,uf,br,km,municipio,causa_acidente,tipo_acidente,classificacao_acidente,fase_dia,sentido_via,condicao_metereologica,tipo_pista,tracado_via,uso_solo,pessoas,mortos,feridos_leves,feridos_graves,ilesos,ignorados,feridos,veiculos,latitude,longitude,regional,delegacia,uop
278695,2020-04-06,segunda-feira,18:30:00,PE,101,"189,2",PALMARES,Desobediência às normas de trânsito pelo condutor,Colisão lateral,Sem Vítimas,Plena Noite,Crescente,Céu Claro,Dupla,Curva,Sim,2,0,0,0,2,0,0,2,"-8,690587","-35,606534",SPRF-PE,DEL01-PE,UOP03-DEL01-PE
278696,2020-04-06,segunda-feira,19:10:00,PE,232,"425,9",SERRA TALHADA,Animais na Pista,Atropelamento de Animal,Com Vítimas Feridas,Plena Noite,Decrescente,Céu Claro,Simples,Reta,Não,1,0,1,0,0,0,1,1,"-8,00177705","-38,43429565",SPRF-PE,DEL04-PE,UOP01-DEL04-PE
278749,2020-04-07,terça-feira,07:20:00,PE,407,129,PETROLINA,Desobediência às normas de trânsito pelo condutor,Colisão transversal,Com Vítimas Feridas,Pleno dia,Decrescente,Céu Claro,Simples,Rotatória,Sim,2,0,1,0,1,0,1,2,"-9,39958299","-40,50459298",SPRF-PE,DEL06-PE,UOP01-DEL06-PE
278755,2020-04-07,terça-feira,08:10:00,PE,101,"53,2",PAULISTA,Pista Escorregadia,Saída de leito carroçável,Com Vítimas Feridas,Pleno dia,Crescente,Chuva,Dupla,Curva,Não,2,0,1,0,0,1,1,1,"-7,93124094","-34,90068606",SPRF-PE,DEL01-PE,UOP02-DEL01-PE
278777,2020-04-07,terça-feira,11:00:00,PE,101,83,JABOATAO DOS GUARARAPES,Defeito Mecânico no Veículo,Incêndio,Sem Vítimas,Pleno dia,Decrescente,Céu Claro,Simples,Reta,Sim,1,0,0,0,1,0,0,1,"-8,175172","-34,942642",SPRF-PE,DEL01-PE,UOP03-DEL01-PE
278859,2020-04-08,quarta-feira,00:40:00,PE,101,"48,7",ABREU E LIMA,Falta de Atenção à Condução,Saída de leito carroçável,Com Vítimas Feridas,Plena Noite,Decrescente,Nublado,Múltipla,Declive;Curva                 ,Sim,2,0,1,0,0,1,1,2,"-7,89174705","-34,9033493",SPRF-PE,DEL01-PE,UOP02-DEL01-PE
278902,2020-04-08,quarta-feira,11:30:00,PE,428,"189,8",PETROLINA,Falta de Atenção à Condução,Colisão traseira,Com Vítimas Feridas,Pleno dia,Decrescente,Sol,Dupla,Reta,Sim,3,0,2,0,1,0,2,2,"-9,40792703","-40,4643319",SPRF-PE,DEL06-PE,UOP01-DEL06-PE
278967,2020-04-08,quarta-feira,20:10:00,PE,101,"68,8",RECIFE,Falta de Atenção à Condução,Colisão traseira,Com Vítimas Feridas,Plena Noite,Decrescente,Céu Claro,Dupla,Reta,Sim,3,0,2,0,1,0,2,2,"-8,05074296","-34,94580619",SPRF-PE,DEL01-PE,UOP01-DEL01-PE
278989,2020-04-08,quarta-feira,16:30:00,PE,110,260,JATOBA,Velocidade Incompatível,Colisão transversal,Com Vítimas Fatais,Anoitecer,Crescente,Sol,Simples,Declive,Não,8,1,0,2,5,0,2,2,"-9,28989646","-38,20638918",SPRF-BA,DEL07-BA,UOP01-DEL07-BA
279048,2020-04-09,quinta-feira,13:35:00,PE,101,"49,1",ABREU E LIMA,Falta de Atenção à Condução,Colisão com objeto estático,Com Vítimas Feridas,Pleno dia,Decrescente,Céu Claro,Múltipla,Reta;Em Obras                 ,Sim,1,0,1,0,0,0,1,1,"-7,9005152","-34,90180641",SPRF-PE,DEL01-PE,UOP02-DEL01-PE
279073,2020-04-09,quinta-feira,15:30:00,PE,101,129,ESCADA,Desobediência às normas de trânsito pelo condutor,Saída de leito carroçável,Com Vítimas Feridas,Pleno dia,Crescente,Céu Claro,Múltipla,Reta,Sim,1,0,1,0,0,0,1,1,"-8,38595","-35,250695",SPRF-PE,DEL01-PE,UOP03-DEL01-PE
279116,2020-04-09,quinta-feira,18:00:00,PE,232,"253,9",ARCOVERDE,Falta de Atenção à Condução,Colisão lateral,Sem Vítimas,Plena Noite,Decrescente,Nublado,Simples,Reta,Sim,1,0,0,0,0,1,0,1,"-8,42522112","-37,07235809",SPRF-PE,DEL03-PE,UOP02-DEL03-PE
279137,2020-04-09,quinta-feira,21:20:00,PE,407,129,PETROLINA,Falta de Atenção à Condução,Colisão lateral,Com Vítimas Feridas,Plena Noite,Crescente,Céu Claro,Dupla,Reta,Não,4,0,3,0,1,0,3,4,"-9,39958299","-40,50459298",SPRF-PE,DEL06-PE,UOP01-DEL06-PE
279149,2020-04-09,quinta-feira,21:30:00,PE,407,"129,9",PETROLINA,Desobediência às normas de trânsito pelo condutor,Colisão com objeto estático,Com Vítimas Feridas,Plena Noite,Crescente,Céu Claro,Simples,Reta,Não,1,0,1,0,0,0,1,1,"-9,39958299","-40,50459298",SPRF-PE,DEL06-PE,UOP01-DEL06-PE
279209,2020-04-10,sexta-feira,11:25:00,PE,232,"210,9",PESQUEIRA,Desobediência às normas de trânsito pelo condutor,Colisão traseira,Sem Vítimas,Pleno dia,Crescente,Sol,Simples,Reta,Não,2,0,0,0,2,0,0,2,"-8,36537624","-36,69766903",SPRF-PE,DEL02-PE,UOP03-DEL02-PE
279287,2020-04-10,sexta-feira,23:30:00,PE,232,"421,9",SERRA TALHADA,Falta de Atenção à Condução,Colisão lateral,Com Vítimas Feridas,Plena Noite,Decrescente,Céu Claro,Simples,Reta,Não,3,0,2,0,0,1,2,2,"-7,99602355","-38,39535008",SPRF-PE,DEL04-PE,UOP01-DEL04-PE
279310,2020-04-11,sábado,08:20:00,PE,104,"76,3",CARUARU,Ingestão de Álcool,Capotamento,Com Vítimas Feridas,Pleno dia,Decrescente,Céu Claro,Simples,Reta,Não,4,0,2,2,0,0,4,1,"-8,367286","-35,985153",SPRF-PE,DEL02-PE,UOP01-DEL02-PE
279320,2020-04-11,sábado,09:15:00,PE,232,"409,5",SERRA TALHADA,Mal Súbito,Saída de leito carroçável,Com Vítimas Feridas,Pleno dia,Decrescente,Céu Claro,Simples,Reta,Sim,1,0,1,0,0,0,1,1,"-7,981944","-38,289467",SPRF-PE,DEL04-PE,UOP01-DEL04-PE
279359,2020-04-11,sábado,16:00:00,PE,101,95,CABO DE SANTO AGOSTINHO,Falta de Atenção do Pedestre,Atropelamento de Pedestre,Sem Vítimas,Pleno dia,Crescente,Céu Claro,Dupla,Reta,Não,2,0,0,0,1,1,0,2,"-8,25099","-35,01426",SPRF-PE,DEL01-PE,UOP03-DEL01-PE
279378,2020-04-11,sábado,19:00:00,PE,424,"86,7",GARANHUNS,Ingestão de Álcool,Colisão frontal,Com Vítimas Feridas,Plena Noite,Crescente,Céu Claro,Simples,Reta,Sim,2,0,0,1,1,0,1,2,"-8,86552886","-36,50934159",SPRF-PE,DEL03-PE,UOP01-DEL03-PE
279382,2020-04-11,sábado,18:15:00,PE,428,165,PETROLINA,Falta de Atenção à Condução,Colisão frontal,Com Vítimas Feridas,Plena Noite,Crescente,Nublado,Simples,Reta,Não,2,0,2,0,0,0,2,2,"-9,18589574","-40,37978842",SPRF-PE,DEL06-PE,UOP01-DEL06-PE
279396,2020-04-11,sábado,18:00:00,PE,101,"45,1",IGARASSU,Falta de Atenção à Condução,Colisão traseira,Sem Vítimas,Plena Noite,Decrescente,Céu Claro,Múltipla,Reta,Sim,2,0,0,0,2,0,0,2,"-7,86521297","-34,90715176",SPRF-PE,DEL01-PE,UOP02-DEL01-PE
279540,2020-04-12,domingo,16:20:00,PE,232,"62,1",POMBOS,Desobediência às normas de trânsito pelo condutor,Colisão transversal,Com Vítimas Feridas,Pleno dia,Decrescente,Céu Claro,Dupla,Declive,Sim,2,0,1,0,0,1,1,2,"-8,15598579","-35,42308007",SPRF-PE,DEL02-PE,UOP02-DEL02PE
279557,2020-04-12,domingo,19:00:00,PE,101,"52,5",PAULISTA,Ingestão de Álcool,Colisão com objeto estático,Com Vítimas Feridas,Plena Noite,Decrescente,Céu Claro,Simples,Ponte;Reta                    ,Sim,3,0,2,0,1,0,2,2,"-7,9291231","-34,8985789",SPRF-PE,DEL01-PE,UOP02-DEL01-PE
279583,2020-04-12,domingo,19:20:00,PE,316,"15,7",ARARIPINA,Falta de Atenção à Condução,Colisão traseira,Com Vítimas Fatais,Plena Noite,Crescente,Céu Claro,Simples,Reta,Não,4,1,1,1,0,1,2,2,"-7,524974","-40,562215",SPRF-PE,DEL05-PE,UOP02-DEL05-PE
279589,2020-04-12,domingo,21:35:00,PE,104,63,CARUARU,Não guardar distância de segurança,Colisão traseira,Com Vítimas Feridas,Plena Noite,Decrescente,Céu Claro,Dupla,Interseção de Vias,Sim,2,0,1,0,1,0,1,2,"-8,2698","-35,9803",SPRF-PE,DEL02-PE,UOP01-DEL02-PE
279598,2020-04-12,domingo,22:15:00,PE,101,70,RECIFE,Falta de Atenção à Condução,Colisão com objeto estático,Com Vítimas Feridas,Plena Noite,Crescente,Céu Claro,Dupla,Interseção de Vias,Sim,1,0,1,0,0,0,1,1,"-8,06776119","-34,94265074",SPRF-PE,DEL01-PE,UOP01-DEL01-PE
279613,2020-04-13,segunda-feira,06:15:00,PE,101,"69,1",RECIFE,Velocidade Incompatível,Colisão traseira,Com Vítimas Feridas,Pleno dia,Decrescente,Céu Claro,Múltipla,Reta,Sim,2,0,0,1,1,0,1,2,"-8,05951606","-34,94581024",SPRF-PE,DEL01-PE,UOP01-DEL01-PE
279627,2020-04-13,segunda-feira,07:40:00,PE,232,"5,9",RECIFE,Desobediência às normas de trânsito pelo condutor,Saída de leito carroçável,Com Vítimas Feridas,Pleno dia,Decrescente,Ignorado,Dupla,Reta,Sim,2,0,2,0,0,0,2,1,"-8,06795766","-34,94535414",SPRF-PE,DEL01-PE,UOP01-DEL01-PE
279690,2020-04-13,segunda-feira,17:00:00,PE,428,"162,5",PETROLINA,Falta de Atenção à Condução,Saída de leito carroçável,Sem Vítimas,Pleno dia,Crescente,Nublado,Simples,Reta,Não,1,0,0,0,0,1,0,1,"-9,17513741","-40,37342788",SPRF-PE,DEL06-PE,UOP01-DEL06-PE
279693,2020-04-13,segunda-feira,18:15:00,PE,101,"78,3",RECIFE,Falta de Atenção do Pedestre,Atropelamento de Pedestre,Com Vítimas Feridas,Plena Noite,Decrescente,Céu Claro,Dupla,Reta,Sim,2,0,1,1,0,0,2,2,"-8,13825","-34,947305",SPRF-PE,DEL01-PE,UOP01-DEL01-PE
279700,2020-04-13,segunda-feira,18:30:00,PE,101,"32,5",IGARASSU,Falta de Atenção à Condução,Saída de leito carroçável,Com Vítimas Feridas,Plena Noite,Decrescente,Céu Claro,Dupla,Reta,Não,2,0,2,0,0,0,2,1,"-7,75294197","-34,93621562",SPRF-PE,DEL01-PE,UOP02-DEL01-PE
279716,2020-04-13,segunda-feira,19:00:00,PE,101,134,ESCADA,Falta de Atenção à Condução,Colisão com objeto estático,Com Vítimas Feridas,Plena Noite,Decrescente,Vento,Dupla,Reta,Não,1,0,1,0,0,0,1,1,"-8,40994907","-35,28708799",SPRF-PE,DEL01-PE,UOP03-DEL01-PE
279728,2020-04-13,segunda-feira,20:50:00,PE,232,509,SALGUEIRO,Animais na Pista,Saída de leito carroçável,Com Vítimas Feridas,Plena Noite,Crescente,Chuva,Simples,Reta,Sim,1,0,1,0,0,0,1,1,"-8,06449154","-39,1298447",SPRF-PE,DEL05-PE,UOP01-DEL05-PE
279761,2020-04-12,domingo,07:00:00,PE,407,"59,3",PETROLINA,Condutor Dormindo,Saída de leito carroçável,Com Vítimas Fatais,Pleno dia,Decrescente,Ignorado,Simples,Reta,Não,1,1,0,0,0,0,0,1,"-8,85117877","-40,79105385",SPRF-PE,DEL06-PE,UOP02-DEL06-PE
279807,2020-04-14,terça-feira,13:00:00,PE,232,"106,1",BEZERROS,Condutor Dormindo,Capotamento,Com Vítimas Feridas,Pleno dia,Decrescente,Céu Claro,Dupla,Reta,Não,1,0,0,1,0,0,1,1,"-8,26300269","-35,79029821",SPRF-PE,DEL02-PE,UOP03-DEL02-PE
279933,2020-04-15,quarta-feira,14:45:00,PE,232,"407,3",SERRA TALHADA,Falta de Atenção à Condução,Colisão lateral,Com Vítimas Feridas,Pleno dia,Crescente,Sol,Simples,Ponte,Não,2,0,0,2,0,0,2,2,"-7,9854402","-38,27148304",SPRF-PE,DEL04-PE,UOP01-DEL04-PE
280100,2020-04-16,quinta-feira,18:30:00,PE,101,"58,2",RECIFE,Pista Escorregadia,Queda de ocupante de veículo,Com Vítimas Feridas,Plena Noite,Decrescente,Chuva,Dupla,Curva,Sim,2,0,1,0,1,0,1,2,"-7,97063209","-34,92064675",SPRF-PE,DEL01-PE,UOP02-DEL01-PE
280196,2020-04-17,sexta-feira,11:44:00,PE,101,69,RECIFE,Defeito Mecânico no Veículo,Tombamento,Com Vítimas Feridas,Pleno dia,Crescente,Céu Claro,Múltipla,Interseção de Vias,Sim,2,0,2,0,0,0,2,1,"-8,05951606","-34,94581024",SPRF-PE,DEL01-PE,UOP01-DEL01-PE
280218,2020-04-17,sexta-feira,14:35:00,PE,101,"79,7",JABOATAO DOS GUARARAPES,Falta de Atenção à Condução,Colisão frontal,Com Vítimas Feridas,Pleno dia,Decrescente,Nublado,Dupla,Curva,Não,5,0,1,2,2,0,3,3,"-8,14366112","-34,94723453",SPRF-PE,DEL01-PE,UOP01-DEL01-PE
280219,2020-04-17,sexta-feira,13:40:00,PE,408,104,JABOATAO DOS GUARARAPES,Sinalização da via insuficiente ou inadequada,Colisão lateral,Com Vítimas Feridas,Pleno dia,Decrescente,Céu Claro,Dupla,Aclive,Sim,1,0,1,0,0,0,1,1,"-8,064443","-34,99006",SPRF-PE,DEL01-PE,UOP01-DEL01-PE
280335,2020-04-18,sábado,09:20:00,PE,232,410,SERRA TALHADA,Desobediência às normas de trânsito pelo condutor,Colisão lateral,Com Vítimas Fatais,Pleno dia,Decrescente,Céu Claro,Simples,Reta,Sim,3,1,0,0,2,0,0,2,"-7,98261841","-38,30039606",SPRF-PE,DEL04-PE,UOP01-DEL04-PE
280339,2020-04-18,sábado,09:50:00,PE,101,74,RECIFE,Defeito Mecânico no Veículo,Incêndio,Sem Vítimas,Pleno dia,Crescente,Sol,Dupla,Reta,Sim,1,0,0,0,1,0,0,1,"-8,10146485","-34,94901577",SPRF-PE,DEL01-PE,UOP01-DEL01-PE
280368,2020-04-18,sábado,14:40:00,PE,232,"29,9",MORENO,Pista Escorregadia,Saída de leito carroçável,Sem Vítimas,Pleno dia,Decrescente,Chuva,Dupla,Declive,Sim,1,0,0,0,1,0,0,1,"-8,11083225","-35,15096068",SPRF-PE,DEL02-PE,UOP02-DEL02PE
280588,2020-04-19,domingo,09:10:00,PE,428,"179,6",PETROLINA,Desobediência às normas de trânsito pelo condutor,Capotamento,Sem Vítimas,Pleno dia,Decrescente,Céu Claro,Simples,Reta,Não,1,0,0,0,1,0,0,1,"-9,3001832","-40,44980961",SPRF-PE,DEL06-PE,UOP01-DEL06-PE
280603,2020-04-19,domingo,20:35:00,PE,316,12,ARARIPINA,Falta de Atenção do Pedestre,Atropelamento de Pedestre,Com Vítimas Fatais,Plena Noite,Decrescente,Nublado,Simples,Reta,Não,2,1,0,1,0,0,1,2,"-7,50393529","-40,57899638",SPRF-PE,DEL05-PE,UOP02-DEL05-PE
280607,2020-04-19,domingo,21:00:00,PE,232,553,PARNAMIRIM,Ultrapassagem Indevida,Colisão frontal,Com Vítimas Feridas,Plena Noite,Crescente,Céu Claro,Simples,Reta,Não,3,0,1,1,0,1,2,2,"-8,084808","-39,44781",SPRF-PE,DEL05-PE,UOP01-DEL05-PE
280642,2020-04-20,segunda-feira,05:00:00,PE,232,"14,7",JABOATAO DOS GUARARAPES,Falta de Atenção do Pedestre,Atropelamento de Pedestre,Com Vítimas Fatais,Amanhecer,Decrescente,Céu Claro,Dupla,Reta,Sim,2,1,0,0,1,0,0,2,"-8,09025488","-35,02052302",SPRF-PE,DEL01-PE,UOP01-DEL01-PE
280697,2020-04-20,segunda-feira,11:15:00,PE,104,"30,5",TORITAMA,Falta de Atenção do Pedestre,Atropelamento de Pedestre,Com Vítimas Feridas,Pleno dia,Crescente,Céu Claro,Simples,Interseção de Vias,Sim,2,0,2,0,0,0,2,2,"-8,00801883","-36,06059968",SPRF-PE,DEL02-PE,UOP01-DEL02-PE
280726,2020-04-20,segunda-feira,17:40:00,PE,101,"41,9",IGARASSU,Falta de Atenção à Condução,Saída de leito carroçável,Com Vítimas Feridas,Anoitecer,Crescente,Chuva,Múltipla,Reta,Sim,2,0,1,0,1,0,1,1,"-7,838442","-34,912431",SPRF-PE,DEL01-PE,UOP02-DEL01-PE
280787,2020-04-18,sábado,13:40:00,PE,101,62,RECIFE,Agressão Externa,Saída de leito carroçável,Sem Vítimas,Pleno dia,Decrescente,Céu Claro,Múltipla,Reta,Sim,1,0,0,0,1,0,0,1,"-7,99905898","-34,93899295",SPRF-PE,DEL01-PE,UOP02-DEL01-PE
280816,2020-04-21,terça-feira,15:00:00,PE,101,"61,3",RECIFE,Falta de Atenção à Condução,Atropelamento de Pedestre,Com Vítimas Feridas,Pleno dia,Decrescente,Céu Claro,Dupla,Reta,Sim,2,0,0,1,1,0,1,2,"-7,99097103","-34,93598295",SPRF-PE,DEL01-PE,UOP02-DEL01-PE
280832,2020-04-21,terça-feira,18:20:00,PE,101,"58,8",RECIFE,Animais na Pista,Atropelamento de Animal,Sem Vítimas,Plena Noite,Crescente,Nublado,Dupla,Reta,Não,1,0,0,0,1,0,0,1,"-7,97063209","-34,92064675",SPRF-PE,DEL01-PE,UOP02-DEL01-PE
280862,2020-04-21,terça-feira,20:40:00,PE,408,"80,3",PAUDALHO,Velocidade Incompatível,Colisão traseira,Com Vítimas Fatais,Plena Noite,Decrescente,Nublado,Dupla,Reta,Sim,3,2,0,0,0,1,0,3,"-7,932045","-35,136194",SPRF-PE,DEL01-PE,UOP01-DEL01-PE
280913,2020-04-22,quarta-feira,09:00:00,PE,101,"74,1",RECIFE,Defeito Mecânico no Veículo,Incêndio,Sem Vítimas,Pleno dia,Decrescente,Chuva,Dupla,Reta,Não,1,0,0,0,1,0,0,1,"-8,102321","-34,948472",SPRF-PE,DEL01-PE,UOP01-DEL01-PE
280941,2020-04-22,quarta-feira,14:30:00,PE,407,"123,9",PETROLINA,Falta de Atenção à Condução,Colisão traseira,Com Vítimas Feridas,Pleno dia,Decrescente,Céu Claro,Simples,Reta,Sim,2,0,1,0,1,0,1,2,"-9,36149178","-40,54594462",SPRF-PE,DEL06-PE,UOP01-DEL06-PE
280968,2020-04-22,quarta-feira,17:40:00,PE,101,"74,1",RECIFE,Defeito Mecânico no Veículo,Incêndio,Sem Vítimas,Anoitecer,Decrescente,Nublado,Dupla,Reta,Sim,1,0,0,0,1,0,0,1,"-8,10146485","-34,94901577",SPRF-PE,DEL01-PE,UOP01-DEL01-PE
281060,2020-04-23,quinta-feira,08:00:00,PE,116,1,SALGUEIRO,Defeito Mecânico no Veículo,Saída de leito carroçável,Com Vítimas Feridas,Pleno dia,Crescente,Nublado,Simples,Curva,Não,1,0,1,0,0,0,1,1,"-7,868017","-39,092056",SPRF-PE,DEL05-PE,UOP01-DEL05-PE
281156,2020-04-24,sexta-feira,03:00:00,PE,423,176,AGUAS BELAS,Ingestão de Álcool,Colisão traseira,Com Vítimas Feridas,Plena Noite,Crescente,Nevoeiro/Neblina,Simples,Reta,Sim,5,0,4,0,1,0,4,2,"-9,12985134","-37,10552899",SPRF-AL,DEL03-AL,UOP02-DEL03-AL
281211,2020-04-24,sexta-feira,13:25:00,PE,101,"68,2",RECIFE,Velocidade Incompatível,Tombamento,Com Vítimas Feridas,Pleno dia,Crescente,Chuva,Dupla,Viaduto;Aclive                ,Sim,1,0,1,0,0,0,1,1,"-8,052045","-34,946202",SPRF-PE,DEL01-PE,UOP01-DEL01-PE
281271,2020-04-24,sexta-feira,19:20:00,PE,101,"44,3",IGARASSU,Animais na Pista,Atropelamento de Animal,Com Vítimas Feridas,Plena Noite,Decrescente,Chuva,Dupla,Reta,Sim,2,0,2,0,0,0,2,1,"-7,85637001","-34,90842109",SPRF-PE,DEL01-PE,UOP02-DEL01-PE
281359,2020-04-25,sábado,10:10:00,PE,232,"65,7",GRAVATA,Avarias e/ou desgaste excessivo no pneu,Saída de leito carroçável,Com Vítimas Feridas,Pleno dia,Decrescente,Chuva,Simples,Curva,Não,1,0,1,0,0,0,1,1,"-8,16454496","-35,44785302",SPRF-PE,DEL02-PE,UOP02-DEL02PE
281391,2020-04-25,sábado,15:20:00,PE,101,"72,4",RECIFE,Falta de Atenção do Pedestre,Atropelamento de Pedestre,Com Vítimas Fatais,Pleno dia,Crescente,Nublado,Dupla,Declive;Curva                 ,Sim,2,1,0,0,1,0,0,2,"-8,090814","-34,946912",SPRF-PE,DEL01-PE,UOP01-DEL01-PE
281578,2020-04-26,domingo,18:00:00,PE,104,62,CARUARU,Falta de Atenção à Condução,Colisão traseira,Com Vítimas Feridas,Plena Noite,Crescente,Chuva,Dupla,Reta,Sim,2,0,1,0,1,0,1,2,"-8,25051","-35,9751",SPRF-PE,DEL02-PE,UOP01-DEL02-PE
281592,2020-04-26,domingo,19:00:00,PE,101,"174,8",JOAQUIM NABUCO,Falta de Atenção à Condução,Colisão com objeto estático,Com Vítimas Feridas,Plena Noite,Decrescente,Nublado,Dupla,Reta,Não,2,0,2,0,0,0,2,1,"-8,605416","-35,539263",SPRF-PE,DEL01-PE,UOP03-DEL01-PE
281642,2020-04-27,segunda-feira,01:00:00,PE,407,"109,3",PETROLINA,Animais na Pista,Colisão frontal,Com Vítimas Fatais,Plena Noite,Crescente,Céu Claro,Simples,Reta,Não,1,1,0,0,0,0,0,1,"-9,25217107","-40,60989511",SPRF-PE,DEL06-PE,UOP02-DEL06-PE
281650,2020-04-27,segunda-feira,02:50:00,PE,101,5,GOIANA,Defeito Mecânico no Veículo,Incêndio,Sem Vítimas,Plena Noite,Decrescente,Céu Claro,Dupla,Reta,Não,2,0,0,0,2,0,0,1,"-7,541764","-34,991394",SPRF-PE,DEL01-PE,UOP02-DEL01-PE
281663,2020-04-27,segunda-feira,01:30:00,PE,423,155,AGUAS BELAS,Ingestão de Álcool,Saída de leito carroçável,Com Vítimas Fatais,Plena Noite,Crescente,Céu Claro,Simples,Curva,Não,1,1,0,0,0,0,0,1,"-9,05838431","-36,94146395",SPRF-PE,DEL03-PE,UOP01-DEL03-PE
281667,2020-04-27,segunda-feira,07:19:00,PE,101,68,RECIFE,Falta de Atenção à Condução,Colisão lateral,Com Vítimas Feridas,Pleno dia,Crescente,Sol,Dupla,Viaduto,Sim,3,0,1,0,2,0,1,2,"-8,05074296","-34,94580619",SPRF-PE,DEL01-PE,UOP01-DEL01-PE
281714,2020-04-27,segunda-feira,12:25:00,PE,407,"128,5",PETROLINA,Não guardar distância de segurança,Colisão traseira,Com Vítimas Feridas,Pleno dia,Decrescente,Nublado,Simples,Viaduto,Sim,2,0,1,0,1,0,1,2,"-9,39387565","-40,51133888",SPRF-PE,DEL06-PE,UOP01-DEL06-PE
281728,2020-04-27,segunda-feira,14:05:00,PE,101,"46,5",IGARASSU,Ingestão de Álcool,Colisão traseira,Sem Vítimas,Pleno dia,Crescente,Nublado,Múltipla,Reta,Sim,2,0,0,0,2,0,0,2,"-7,87406004","-34,90588126",SPRF-PE,DEL01-PE,UOP02-DEL01-PE
281764,2020-04-27,segunda-feira,18:12:00,PE,101,"65,2",RECIFE,Falta de Atenção à Condução,Atropelamento de Pedestre,Com Vítimas Feridas,Anoitecer,Decrescente,Céu Claro,Dupla,Reta,Sim,2,0,0,1,1,0,1,2,"-8,02478597","-34,94276635",SPRF-PE,DEL01-PE,UOP01-DEL01-PE
281879,2020-04-28,terça-feira,10:00:00,PE,428,"128,4",LAGOA GRANDE,Defeito Mecânico no Veículo,Incêndio,Sem Vítimas,Pleno dia,Decrescente,Céu Claro,Simples,Reta,Não,1,0,0,0,1,0,0,1,"-8,95024968","-40,17346811",SPRF-PE,DEL06-PE,UOP03-DEL06-PE
281972,2020-04-28,terça-feira,17:30:00,PE,101,"80,7",JABOATAO DOS GUARARAPES,Falta de Atenção à Condução,Colisão lateral,Com Vítimas Feridas,Anoitecer,Decrescente,Nublado,Dupla,Reta,Sim,2,0,1,0,1,0,1,2,"-8,157919","-34,940802",SPRF-PE,DEL01-PE,UOP03-DEL01-PE
282027,2020-04-29,quarta-feira,14:19:00,PE,101,69,RECIFE,Falta de Atenção à Condução,Queda de ocupante de veículo,Com Vítimas Feridas,Pleno dia,Crescente,Céu Claro,Simples,Curva,Sim,2,0,2,0,0,0,2,1,"-8,05951606","-34,94581024",SPRF-PE,DEL01-PE,UOP01-DEL01-PE
282042,2020-04-29,quarta-feira,16:30:00,PE,316,24,ARARIPINA,Falta de Atenção à Condução,Colisão traseira,Com Vítimas Feridas,Pleno dia,Crescente,Céu Claro,Simples,Reta,Sim,2,0,1,0,1,0,1,2,"-7,588004","-40,49662",SPRF-PE,DEL05-PE,UOP02-DEL05-PE
282131,2020-04-30,quinta-feira,10:15:00,PE,101,"68,2",RECIFE,Não guardar distância de segurança,Colisão traseira,Com Vítimas Feridas,Pleno dia,Decrescente,Céu Claro,Dupla,Rotatória,Sim,2,0,1,0,1,0,1,2,"-8,05074296","-34,94580619",SPRF-PE,DEL01-PE,UOP01-DEL01-PE
282280,2020-05-01,sexta-feira,09:10:00,PE,101,53,PAULISTA,Agressão Externa,Capotamento,Com Vítimas Feridas,Pleno dia,Decrescente,Sol,Dupla,Reta,Sim,3,0,2,0,1,0,2,1,"-7,93124094","-34,90068606",SPRF-PE,DEL01-PE,UOP02-DEL01-PE
282291,2020-05-01,sexta-feira,10:30:00,PE,101,"49,1",ABREU E LIMA,Velocidade Incompatível,Saída de leito carroçável,Com Vítimas Feridas,Pleno dia,Crescente,Céu Claro,Múltipla,Curva,Não,1,0,1,0,0,0,1,1,"-7,9005152","-34,90180641",SPRF-PE,DEL01-PE,UOP02-DEL01-PE
282306,2020-05-01,sexta-feira,12:45:00,PE,428,"186,2",PETROLINA,Deficiência ou não Acionamento do Sistema de Iluminação/Sinalização do Veículo,Colisão traseira,Com Vítimas Feridas,Pleno dia,Decrescente,Céu Claro,Simples,Reta,Não,2,0,1,0,1,0,1,2,"-9,36218345","-40,48165798",SPRF-PE,DEL06-PE,UOP01-DEL06-PE
282307,2020-05-01,sexta-feira,11:38:00,PE,407,"125,7",PETROLINA,Falta de Atenção à Condução,Colisão transversal,Com Vítimas Feridas,Pleno dia,Crescente,Sol,Dupla,Reta,Sim,2,0,1,0,0,1,1,2,"-9,38422828","-40,529335",SPRF-PE,DEL06-PE,UOP01-DEL06-PE
282357,2020-05-01,sexta-feira,19:25:00,PE,104,"80,7",AGRESTINA,Ingestão de Álcool,Colisão lateral,Com Vítimas Feridas,Plena Noite,Crescente,Céu Claro,Simples,Reta,Não,2,0,1,0,1,0,1,2,"-8,397874","-35,973396",SPRF-PE,DEL02-PE,UOP01-DEL02-PE
282444,2020-05-02,sábado,10:30:00,PE,101,69,RECIFE,Agressão Externa,Tombamento,Com Vítimas Feridas,Pleno dia,Crescente,Céu Claro,Múltipla,Reta,Sim,1,0,1,0,0,0,1,1,"-8,062741","-34,944892",SPRF-PE,DEL01-PE,UOP01-DEL01-PE
282507,2020-05-02,sábado,19:30:00,PE,232,192,SANHARO,Falta de Atenção à Condução,Colisão frontal,Com Vítimas Fatais,Plena Noite,Crescente,Céu Claro,Simples,Reta,Não,5,1,1,3,0,0,4,2,"-8,35793154","-36,53676104",SPRF-PE,DEL02-PE,UOP03-DEL02-PE
282533,2020-05-02,sábado,20:30:00,PE,316,33,ARARIPINA,Desobediência às normas de trânsito pelo condutor,Colisão transversal,Com Vítimas Feridas,Plena Noite,Decrescente,Nublado,Simples,Reta,Não,3,0,0,3,0,0,3,2,"-7,6310272","-40,4488747",SPRF-PE,DEL05-PE,UOP02-DEL05-PE