id,data_inversa,dia_semana,horario,uf,br,km,municipio,causa_acidente,tipo_acidente,classificacao_acidente,fase_dia,sentido_via,condicao_metereologica,tipo_pista,tracado_via,uso_solo,pessoas,mortos,feridos_leves,feridos_graves,ilesos,ignorados,feridos,veiculos,latitude,longitude,regional,delegacia,uop
282549,2020-05-02,sábado,23:25:00,PE,424,"4,9",ARCOVERDE,Ingestão de Álcool,Capotamento,Com Vítimas Fatais,Plena Noite,Crescente,Céu Claro,Simples,Reta,Não,1,1,0,0,0,0,0,1,"-8,46099318","-37,04336835",SPRF-PE,DEL03-PE,UOP02-DEL03-PE
282571,2020-05-03,domingo,06:00:00,PE,408,80,PAUDALHO,Falta de Atenção à Condução,Colisão traseira,Com Vítimas Fatais,Pleno dia,Decrescente,Sol,Dupla,Reta,Sim,2,1,0,0,0,1,0,2,"-7,931279","-35,137952",SPRF-PE,DEL01-PE,UOP01-DEL01-PE
282634,2020-05-03,domingo,16:20:00,PE,408,"105,2",JABOATAO DOS GUARARAPES,Velocidade Incompatível,Tombamento,Com Vítimas Feridas,Pleno dia,Decrescente,Céu Claro,Múltipla,Curva,Sim,2,0,1,0,0,1,1,1,"-8,075598","-34,992199",SPRF-PE,DEL01-PE,UOP01-DEL01-PE
282649,2020-05-03,domingo,18:00:00,PE,428,"140,2",LAGOA GRANDE,Ingestão de Álcool,Colisão frontal,Com Vítimas Fatais,Plena Noite,Decrescente,Céu Claro,Simples,Reta,Sim,2,1,0,0,1,0,0,2,"-9,00136313","-40,27209699",SPRF-PE,DEL06-PE,UOP01-DEL06-PE
282682,2020-05-03,domingo,20:30:00,PE,232,"255,5",ARCOVERDE,Animais na Pista,Atropelamento de Animal,Com Vítimas Feridas,Plena Noite,Crescente,Nublado,Simples,Reta,Não,2,0,1,0,1,0,1,1,"-8,41005504","-37,09314823",SPRF-PE,DEL03-PE,UOP02-DEL03-PE
282714,2020-05-03,domingo,19:30:00,PE,232,422,SERRA TALHADA,Falta de Atenção à Condução,Colisão frontal,Com Vítimas Fatais,Plena Noite,Crescente,Céu Claro,Simples,Reta,Não,5,1,0,0,4,0,0,2,"-7,9977329","-38,40384502",SPRF-PE,DEL04-PE,UOP01-DEL04-PE
282759,2020-05-04,segunda-feira,08:00:00,PE,232,"28,8",MORENO,Falta de Atenção à Condução,Colisão com objeto estático,Sem Vítimas,Pleno dia,Decrescente,Céu Claro,Dupla,Reta,Não,1,0,0,0,0,1,0,1,"-8,111269","-35,143135",SPRF-PE,DEL02-PE,UOP02-DEL02PE
282791,2020-05-04,segunda-feira,13:40:00,PE,101,"77,3",RECIFE,Desobediência às normas de trânsito pelo condutor,Colisão transversal,Com Vítimas Feridas,Pleno dia,Decrescente,Nublado,Dupla,Reta,Sim,2,0,0,1,0,1,1,2,"-8,131285","-34,945183",SPRF-PE,DEL01-PE,UOP01-DEL01-PE
282839,2020-05-04,segunda-feira,22:00:00,PE,101,33,IGARASSU,Agressão Externa,Queda de ocupante de veículo,Com Vítimas Feridas,Plena Noite,Decrescente,Céu Claro,Dupla,Reta,Sim,1,0,1,0,0,0,1,1,"-7,761909","-34,935654",SPRF-PE,DEL01-PE,UOP02-DEL01-PE
282860,2020-05-05,terça-feira,04:00:00,PE,101,"8,2",GOIANA,Animais na Pista,Atropelamento de Animal,Com Vítimas Feridas,Amanhecer,Decrescente,Chuva,Dupla,Reta,Não,5,0,2,0,3,0,2,1,"-7,56898134","-34,98959891",SPRF-PE,DEL01-PE,UOP02-DEL01-PE
282871,2020-05-05,terça-feira,05:50:00,PE,101,102,CABO DE SANTO AGOSTINHO,Velocidade Incompatível,Capotamento,Com Vítimas Feridas,Amanhecer,Crescente,Nublado,Dupla,Curva,Sim,1,0,1,0,0,0,1,1,"-8,284771","-35,058338",SPRF-PE,DEL01-PE,UOP03-DEL01-PE
282903,2020-05-05,terça-feira,11:40:00,PE,232,127,CARUARU,Defeito Mecânico no Veículo,Incêndio,Sem Vítimas,Pleno dia,Crescente,Céu Claro,Dupla,Reta,Não,1,0,0,0,1,0,0,1,"-8,306021","-35,963843",SPRF-PE,DEL02-PE,UOP03-DEL02-PE
282962,2020-05-05,terça-feira,19:25:00,PE,101,"65,5",RECIFE,Falta de Atenção do Pedestre,Atropelamento de Pedestre,Com Vítimas Feridas,Plena Noite,Decrescente,Nublado,Múltipla,Interseção de Vias,Sim,2,0,1,1,0,0,2,2,"-8,02478597","-34,94276635",SPRF-PE,DEL01-PE,UOP01-DEL01-PE
283069,2020-05-06,quarta-feira,11:30:00,PE,232,9,RECIFE,Falta de Atenção à Condução,Colisão traseira,Com Vítimas Feridas,Pleno dia,Crescente,Céu Claro,Dupla,Reta,Sim,2,0,1,0,1,0,1,2,"-8,07583727","-34,97015791",SPRF-PE,DEL01-PE,UOP01-DEL01-PE
283098,2020-05-06,quarta-feira,14:50:00,PE,232,"9,5",JABOATAO DOS GUARARAPES,Falta de Atenção à Condução,Colisão traseira,Com Vítimas Feridas,Pleno dia,Crescente,Céu Claro,Dupla,Reta,Sim,2,0,1,0,1,0,1,2,"-8,07764447","-34,97863609",SPRF-PE,DEL01-PE,UOP01-DEL01-PE
283234,2020-05-07,quinta-feira,11:45:00,PE,407,127,PETROLINA,Falta de Atenção à Condução,Engavetamento,Sem Vítimas,Pleno dia,Decrescente,Céu Claro,Simples,Reta,Sim,3,0,0,0,3,0,0,3,"-9,3908678","-40,52038627",SPRF-PE,DEL06-PE,UOP01-DEL06-PE
283248,2020-05-06,quarta-feira,17:30:00,PE,423,"84,6",SAO JOAO,Defeito na Via,Danos eventuais,Sem Vítimas,Pleno dia,Decrescente,Nublado,Simples,Reta,Não,2,0,0,0,2,0,0,1,"-8,801504","-36,439573",SPRF-PE,DEL03-PE,UOP01-DEL03-PE
283290,2020-05-07,quinta-feira,16:20:00,PE,232,509,SALGUEIRO,Não guardar distância de segurança,Colisão lateral,Com Vítimas Feridas,Pleno dia,Decrescente,Céu Claro,Simples,Reta,Sim,3,0,2,0,1,0,2,2,"-8,06449154","-39,1298447",SPRF-PE,DEL05-PE,UOP01-DEL05-PE
283353,2020-05-08,sexta-feira,07:30:00,PE,428,"175,6",PETROLINA,Avarias e/ou desgaste excessivo no pneu,Colisão frontal,Com Vítimas Fatais,Pleno dia,Decrescente,Céu Claro,Simples,Reta,Não,5,1,0,4,0,0,4,2,"-9,26025696","-40,42934308",SPRF-PE,DEL06-PE,UOP01-DEL06-PE
283411,2020-05-08,sexta-feira,15:30:00,PE,101,"46,2",IGARASSU,Falta de Atenção do Pedestre,Atropelamento de Pedestre,Com Vítimas Feridas,Pleno dia,Decrescente,Céu Claro,Múltipla,Em Obras;Reta                 ,Sim,4,0,0,1,3,0,1,2,"-7,87406004","-34,90588126",SPRF-PE,DEL01-PE,UOP02-DEL01-PE
283424,2020-05-08,sexta-feira,09:59:00,PE,232,"83,2",GRAVATA,Velocidade Incompatível,Saída de leito carroçável,Sem Vítimas,Pleno dia,Decrescente,Céu Claro,Dupla,Curva,Não,1,0,0,0,0,1,0,1,"-8,2024868","-35,59542005",SPRF-PE,DEL02-PE,UOP02-DEL02PE
283474,2020-05-08,sexta-feira,19:30:00,PE,428,"129,4",PETROLINA,Não guardar distância de segurança,Colisão traseira,Com Vítimas Feridas,Plena Noite,Crescente,Céu Claro,Múltipla,Reta,Sim,2,0,1,0,1,0,1,2,"-9,40255151","-40,50378838",SPRF-PE,DEL06-PE,UOP03-DEL06-PE
283482,2020-05-08,sexta-feira,20:20:00,PE,407,"127,6",PETROLINA,Desobediência às normas de trânsito pelo condutor,Colisão frontal,Com Vítimas Feridas,Plena Noite,Crescente,Nublado,Simples,Interseção de Vias;Reta       ,Sim,2,0,2,0,0,0,2,2,"-9,39338935","-40,51315784",SPRF-PE,DEL06-PE,UOP01-DEL06-PE
283555,2020-05-09,sábado,11:30:00,PE,407,"117,6",PETROLINA,Não guardar distância de segurança,Colisão traseira,Com Vítimas Feridas,Pleno dia,Crescente,Céu Claro,Simples,Reta,Não,2,0,1,0,1,0,1,2,"-9,32395557","-40,56802511",SPRF-PE,DEL06-PE,UOP02-DEL06-PE
283586,2020-05-09,sábado,14:40:00,PE,423,78,JUCATI,Desobediência às normas de trânsito pelo condutor,Tombamento,Com Vítimas Feridas,Pleno dia,Crescente,Céu Claro,Simples,Reta,Não,2,0,1,0,0,1,1,1,"-8,74910298","-36,43120556",SPRF-PE,DEL03-PE,UOP01-DEL03-PE
283668,2020-05-09,sábado,22:00:00,PE,101,51,ABREU E LIMA,Velocidade Incompatível,Colisão com objeto estático,Com Vítimas Feridas,Plena Noite,Crescente,Céu Claro,Múltipla,Reta,Sim,2,0,0,2,0,0,2,1,"-7,9169968","-34,89689272",SPRF-PE,DEL01-PE,UOP02-DEL01-PE
283704,2020-05-10,domingo,03:30:00,PE,232,"275,1",SERTANIA,Falta de Atenção à Condução,Colisão com objeto estático,Com Vítimas Feridas,Plena Noite,Decrescente,Céu Claro,Simples,Reta,Não,3,0,3,0,0,0,3,1,"-8,38029374","-37,25382328",SPRF-PE,DEL03-PE,UOP02-DEL03-PE
283735,2020-05-10,domingo,11:10:00,PE,101,"61,2",RECIFE,Não guardar distância de segurança,Colisão traseira,Com Vítimas Feridas,Pleno dia,Crescente,Nublado,Dupla,Reta,Sim,3,0,1,0,2,0,1,3,"-7,99097103","-34,93598295",SPRF-PE,DEL01-PE,UOP02-DEL01-PE
283756,2020-05-10,domingo,13:15:00,PE,101,53,PAULISTA,Defeito Mecânico no Veículo,Colisão com objeto estático,Com Vítimas Feridas,Pleno dia,Crescente,Chuva,Dupla,Reta,Não,2,0,0,1,1,0,1,2,"-7,93124094","-34,90068606",SPRF-PE,DEL01-PE,UOP02-DEL01-PE
283778,2020-05-10,domingo,16:00:00,PE,101,61,RECIFE,Falta de Atenção do Pedestre,Atropelamento de Pedestre,Com Vítimas Feridas,Pleno dia,Crescente,Nublado,Dupla,Reta,Sim,3,0,2,0,1,0,2,2,"-7,99097103","-34,93598295",SPRF-PE,DEL01-PE,UOP02-DEL01-PE
283796,2020-05-10,domingo,17:30:00,PE,104,33,CARUARU,Desobediência às normas de trânsito pelo condutor,Colisão frontal,Com Vítimas Feridas,Anoitecer,Crescente,Chuva,Dupla,Reta,Não,2,0,0,1,1,0,1,2,"-8,026115","-36,053188",SPRF-PE,DEL02-PE,UOP01-DEL02-PE
283905,2020-05-11,segunda-feira,06:50:00,PE,232,"53,7",POMBOS,Animais na Pista,Capotamento,Com Vítimas Feridas,Amanhecer,Decrescente,Céu Claro,Dupla,Curva,Não,3,0,1,0,2,0,1,1,"-8,13014263","-35,3484723",SPRF-PE,DEL02-PE,UOP02-DEL02PE
283920,2020-05-11,segunda-feira,09:10:00,PE,104,54,CARUARU,Desobediência às normas de trânsito pelo condutor,Colisão frontal,Sem Vítimas,Pleno dia,Decrescente,Céu Claro,Dupla,Reta,Não,6,0,0,0,6,0,0,2,"-8,18433702","-35,96684575",SPRF-PE,DEL02-PE,UOP01-DEL02-PE
283931,2020-05-11,segunda-feira,10:10:00,PE,316,25,ARARIPINA,Falta de Atenção à Condução,Colisão transversal,Com Vítimas Feridas,Pleno dia,Decrescente,Céu Claro,Simples,Reta,Sim,3,0,0,2,0,1,2,2,"-7,59595686","-40,49329368",SPRF-PE,DEL05-PE,UOP02-DEL05-PE
283932,2020-05-11,segunda-feira,10:10:00,PE,408,"92,7",SAO LOURENCO DA MATA,Falta de Atenção à Condução,Colisão com objeto estático,Com Vítimas Feridas,Pleno dia,Crescente,Céu Claro,Dupla,Reta;Declive                  ,Não,2,0,1,0,1,0,1,1,"-8,001692","-35,056747",SPRF-PE,DEL01-PE,UOP01-DEL01-PE
284115,2020-05-12,terça-feira,17:10:00,PE,101,"66,1",RECIFE,Desobediência às normas de trânsito pelo condutor,Colisão traseira,Com Vítimas Feridas,Pleno dia,Decrescente,Chuva,Dupla,Reta,Sim,4,0,0,1,1,2,1,3,"-8,03368534","-34,94184125",SPRF-PE,DEL01-PE,UOP01-DEL01-PE
284124,2020-05-12,terça-feira,17:50:00,PE,116,26,SALGUEIRO,Falta de Atenção à Condução,Colisão traseira,Com Vítimas Feridas,Anoitecer,Decrescente,Céu Claro,Simples,Reta,Sim,2,0,1,0,1,0,1,2,"-8,069921","-39,13364",SPRF-PE,DEL05-PE,UOP01-DEL05-PE
284217,2020-05-13,quarta-feira,09:15:00,PE,101,"68,1",RECIFE,Pista Escorregadia,Tombamento,Com Vítimas Feridas,Pleno dia,Crescente,Nublado,Múltipla,Rotatória,Sim,1,0,1,0,0,0,1,1,"-8,052203","-34,946713",SPRF-PE,DEL01-PE,UOP01-DEL01-PE
284240,2020-05-13,quarta-feira,11:00:00,PE,101,140,RIBEIRAO,Condutor Dormindo,Saída de leito carroçável,Com Vítimas Feridas,Pleno dia,Decrescente,Nublado,Múltipla,Reta,Não,1,0,1,0,0,0,1,1,"-8,43501897","-35,32815204",SPRF-PE,DEL01-PE,UOP03-DEL01-PE
284426,2020-05-14,quinta-feira,17:45:00,PE,407,"121,9",PETROLINA,Ultrapassagem Indevida,Colisão lateral,Com Vítimas Feridas,Anoitecer,Decrescente,Céu Claro,Simples,Reta,Não,2,0,0,1,1,0,1,2,"-9,34588493","-40,55509788",SPRF-PE,DEL06-PE,UOP01-DEL06-PE
284585,2020-05-15,sexta-feira,18:00:00,PE,101,"49,8",ABREU E LIMA,Falta de Atenção do Pedestre,Atropelamento de Pedestre,Com Vítimas Feridas,Plena Noite,Crescente,Nublado,Dupla,Reta,Sim,2,0,1,0,1,0,1,2,"-7,9005152","-34,90180641",SPRF-PE,DEL01-PE,UOP02-DEL01-PE
284622,2020-05-15,sexta-feira,18:40:00,PE,316,300,FLORESTA,Ultrapassagem Indevida,Colisão traseira,Com Vítimas Feridas,Plena Noite,Decrescente,Céu Claro,Simples,Ponte,Sim,2,0,0,1,0,1,1,2,"-8,61246318","-38,60482494",SPRF-PE,DEL04-PE,UOP03-DEL04-PE
284658,2020-05-15,sexta-feira,20:15:00,PE,116,25,SALGUEIRO,Ingestão de Álcool,Colisão lateral,Com Vítimas Feridas,Plena Noite,Crescente,Céu Claro,Simples,Reta,Sim,2,0,1,0,1,0,1,2,"-8,061417","-39,135975",SPRF-PE,DEL05-PE,UOP01-DEL05-PE
284699,2020-05-15,sexta-feira,23:20:00,PE,232,87,GRAVATA,Velocidade Incompatível,Saída de leito carroçável,Com Vítimas Fatais,Plena Noite,Crescente,Nublado,Dupla,Reta,Não,1,1,0,0,0,0,0,1,"-8,21379064","-35,62898606",SPRF-PE,DEL02-PE,UOP02-DEL02PE
284743,2020-05-16,sábado,14:10:00,PE,104,55,CARUARU,Mal Súbito,Queda de ocupante de veículo,Com Vítimas Feridas,Pleno dia,Decrescente,Nublado,Dupla,Curva,Não,2,0,0,1,1,0,1,1,"-8,2018","-35,9671",SPRF-PE,DEL02-PE,UOP01-DEL02-PE
284845,2020-05-16,sábado,19:50:00,PE,232,"507,4",SALGUEIRO,Desobediência às normas de trânsito pelo condutor,Colisão transversal,Com Vítimas Feridas,Plena Noite,Crescente,Céu Claro,Simples,Reta,Sim,2,0,2,0,0,0,2,2,"-8,07019303","-39,14667499",SPRF-PE,DEL05-PE,UOP01-DEL05-PE
284891,2020-05-15,sexta-feira,14:00:00,PE,232,61,POMBOS,Falta de Atenção à Condução,Saída de leito carroçável,Sem Vítimas,Pleno dia,Crescente,Céu Claro,Simples,Curva,Não,1,0,0,0,0,1,0,1,"-8,1519066","-35,4153532",SPRF-PE,DEL02-PE,UOP02-DEL02PE
284946,2020-05-17,domingo,13:25:00,PE,101,"43,7",IGARASSU,Condutor Dormindo,Colisão com objeto estático,Com Vítimas Feridas,Pleno dia,Crescente,Sol,Múltipla,Reta,Sim,1,0,1,0,0,0,1,1,"-7,84753808","-34,90977038",SPRF-PE,DEL01-PE,UOP02-DEL01-PE
284961,2020-05-17,domingo,17:35:00,PE,424,32,VENTUROSA,Desobediência às normas de trânsito pelo condutor,Colisão frontal,Com Vítimas Feridas,Anoitecer,Decrescente,Céu Claro,Simples,Reta,Não,2,0,0,1,1,0,1,2,"-8,59261097","-36,86223494",SPRF-PE,DEL03-PE,UOP02-DEL03-PE
284990,2020-05-17,domingo,18:05:00,PE,232,21,MORENO,Falta de Atenção à Condução,Colisão com objeto estático,Sem Vítimas,Plena Noite,Decrescente,Céu Claro,Dupla,Reta,Não,2,0,0,0,1,1,0,1,"-8,096013","-35,079432",SPRF-PE,DEL02-PE,UOP02-DEL02PE
284995,2020-05-17,domingo,19:40:00,PE,316,"364,6",PETROLANDIA,Falta de Atenção à Condução,Colisão frontal,Com Vítimas Fatais,Plena Noite,Crescente,Céu Claro,Simples,Reta,Sim,2,1,0,0,0,1,0,2,"-8,95361595","-38,22353282",SPRF-PE,DEL04-PE,UOP03-DEL04-PE
285149,2020-05-18,segunda-feira,18:30:00,PE,101,86,CABO DE SANTO AGOSTINHO,Falta de Atenção do Pedestre,Atropelamento de Pedestre,Com Vítimas Fatais,Plena Noite,Crescente,Nublado,Dupla,Reta,Sim,2,1,0,0,0,1,0,2,"-8,18470013","-34,96816895",SPRF-PE,DEL01-PE,UOP03-DEL01-PE
285190,2020-05-18,segunda-feira,23:00:00,PE,101,89,JABOATAO DOS GUARARAPES,Desobediência às normas de trânsito pelo condutor,Colisão frontal,Com Vítimas Fatais,Plena Noite,Crescente,Nublado,Dupla,Reta,Não,3,1,2,0,0,0,2,2,"-8,20760697","-34,98372005",SPRF-PE,DEL01-PE,UOP03-DEL01-PE
285199,2020-05-19,terça-feira,02:30:00,PE,232,509,SALGUEIRO,Ingestão de Álcool,Queda de ocupante de veículo,Com Vítimas Feridas,Plena Noite,Crescente,Céu Claro,Simples,Interseção de Vias,Sim,1,0,1,0,0,0,1,1,"-8,06449154","-39,1298447",SPRF-PE,DEL05-PE,UOP01-DEL05-PE
285215,2020-05-19,terça-feira,07:00:00,PE,101,51,ABREU E LIMA,Falta de Atenção do Pedestre,Atropelamento de Pedestre,Sem Vítimas,Pleno dia,Crescente,Nublado,Múltipla,Reta,Sim,2,0,0,0,1,1,0,2,"-7,9169968","-34,89689272",SPRF-PE,DEL01-PE,UOP02-DEL01-PE
285261,2020-01-12,domingo,18:10:00,PE,101,"53,8",PAULISTA,Falta de Atenção do Pedestre,Atropelamento de Pedestre,Com Vítimas Fatais,Plena Noite,Crescente,Nublado,Dupla,Reta,Não,3,1,0,0,1,1,0,2,"-7,938911","-34,903562",SPRF-PE,DEL01-PE,UOP02-DEL01-PE
285327,2020-05-19,terça-feira,20:00:00,PE,316,"59,8",TRINDADE,Deficiência ou não Acionamento do Sistema de Iluminação/Sinalização do Veículo,Colisão traseira,Com Vítimas Feridas,Plena Noite,Crescente,Céu Claro,Simples,Reta,Não,2,0,1,1,0,0,2,2,"-7,76160912","-40,26138334",SPRF-PE,DEL05-PE,UOP02-DEL05-PE
285330,2020-05-19,terça-feira,20:45:00,PE,101,101,CABO DE SANTO AGOSTINHO,Falta de Atenção à Condução,Colisão frontal,Sem Vítimas,Plena Noite,Crescente,Nublado,Simples,Reta,Sim,2,0,0,0,2,0,0,2,"-8,2757433","-35,05378122",SPRF-PE,DEL01-PE,UOP03-DEL01-PE
285360,2020-05-20,quarta-feira,07:10:00,PE,101,85,JABOATAO DOS GUARARAPES,Defeito Mecânico no Veículo,Colisão traseira,Sem Vítimas,Pleno dia,Decrescente,Chuva,Dupla,Reta,Sim,2,0,0,0,2,0,0,2,"-8,175172","-34,942642",SPRF-PE,DEL01-PE,UOP03-DEL01-PE
285401,2020-05-20,quarta-feira,13:05:00,PE,423,94,GARANHUNS,Mal Súbito,Colisão frontal,Com Vítimas Feridas,Pleno dia,Crescente,Nublado,Simples,Reta,Sim,2,0,1,1,0,0,2,2,"-8,87607208","-36,47282839",SPRF-PE,DEL03-PE,UOP01-DEL03-PE
285497,2020-05-21,quinta-feira,05:30:00,PE,101,16,GOIANA,Defeito na Via,Saída de leito carroçável,Com Vítimas Feridas,Amanhecer,Decrescente,Chuva,Dupla,Reta,Não,1,0,0,1,0,0,1,1,"-7,63348482","-34,96143076",SPRF-PE,DEL01-PE,UOP02-DEL01-PE
285505,2020-05-21,quinta-feira,07:30:00,PE,101,92,CABO DE SANTO AGOSTINHO,Desobediência às normas de trânsito pelo condutor,Tombamento,Com Vítimas Feridas,Pleno dia,Crescente,Chuva,Dupla,Reta,Sim,2,0,2,0,0,0,2,2,"-8,23201792","-34,99778611",SPRF-PE,DEL01-PE,UOP03-DEL01-PE
285575,2020-05-21,quinta-feira,16:05:00,PE,232,144,SAO CAITANO,Defeito Mecânico no Veículo,Queda de ocupante de veículo,Com Vítimas Feridas,Pleno dia,Decrescente,Chuva,Dupla,Reta,Não,2,0,1,1,0,0,2,1,"-8,32522249","-36,11250878",SPRF-PE,DEL02-PE,UOP03-DEL02-PE
285605,2020-05-21,quinta-feira,18:50:00,PE,101,"45,6",IGARASSU,Falta de Atenção do Pedestre,Atropelamento de Pedestre,Com Vítimas Feridas,Plena Noite,Crescente,Nublado,Múltipla,Reta,Sim,2,0,1,0,1,0,1,2,"-7,86521297","-34,90715176",SPRF-PE,DEL01-PE,UOP02-DEL01-PE
285750,2020-05-22,sexta-feira,14:25:00,PE,101,45,IGARASSU,Falta de Atenção à Condução,Colisão lateral,Com Vítimas Feridas,Pleno dia,Crescente,Nublado,Múltipla,Reta,Sim,3,0,1,1,1,0,2,2,"-7,86521297","-34,90715176",SPRF-PE,DEL01-PE,UOP02-DEL01-PE
285755,2020-05-22,sexta-feira,14:30:00,PE,101,70,RECIFE,Velocidade Incompatível,Saída de leito carroçável,Com Vítimas Feridas,Pleno dia,Decrescente,Céu Claro,Dupla,Reta,Sim,1,0,1,0,0,0,1,1,"-8,067341","-34,941736",SPRF-PE,DEL01-PE,UOP01-DEL01-PE
285834,2020-05-22,sexta-feira,20:40:00,PE,101,"78,5",RECIFE,Não guardar distância de segurança,Colisão lateral,Com Vítimas Feridas,Plena Noite,Crescente,Nublado,Dupla,Reta,Sim,3,0,1,1,1,0,2,2,"-8,139802","-34,947032",SPRF-PE,DEL01-PE,UOP01-DEL01-PE
285880,2020-05-23,sábado,04:45:00,PE,101,"52,5",PAULISTA,Pista Escorregadia,Saída de leito carroçável,Com Vítimas Feridas,Plena Noite,Decrescente,Chuva,Dupla,Curva,Sim,1,0,1,0,0,0,1,1,"-7,92358799","-34,89607201",SPRF-PE,DEL01-PE,UOP02-DEL01-PE
285939,2020-05-23,sábado,15:15:00,PE,101,14,GOIANA,Ingestão de Álcool,Colisão traseira,Com Vítimas Feridas,Pleno dia,Decrescente,Chuva,Múltipla,Reta,Não,3,0,2,0,1,0,2,2,"-7,61832786","-34,97100773",SPRF-PE,DEL01-PE,UOP02-DEL01-PE
285981,2020-05-23,sábado,19:00:00,PE,101,47,IGARASSU,Falta de Atenção à Condução,Colisão lateral,Com Vítimas Feridas,Plena Noite,Crescente,Nublado,Dupla,Retorno Regulamentado,Sim,2,0,1,0,1,0,1,2,"-7,88290701","-34,90461208",SPRF-PE,DEL01-PE,UOP02-DEL01-PE
286125,2020-05-24,domingo,17:43:00,PE,423,"101,7",GARANHUNS,Desobediência às normas de trânsito pelo condutor,Saída de leito carroçável,Com Vítimas Fatais,Plena Noite,Decrescente,Garoa/Chuvisco,Simples,Curva,Não,5,1,2,0,0,2,2,1,"-8,874693","-36,529876",SPRF-PE,DEL03-PE,UOP01-DEL03-PE
286128,2020-05-24,domingo,17:50:00,PE,101,"68,6",RECIFE,Velocidade Incompatível,Colisão traseira,Com Vítimas Feridas,Anoitecer,Decrescente,Céu Claro,Múltipla,Reta,Sim,3,0,0,1,1,1,1,3,"-8,056423","-34,9462",SPRF-PE,DEL01-PE,UOP01-DEL01-PE
286205,2020-05-24,domingo,22:00:00,PE,232,228,PESQUEIRA,Falta de Atenção à Condução,Capotamento,Sem Vítimas,Plena Noite,Decrescente,Garoa/Chuvisco,Simples,Reta,Não,1,0,0,0,0,1,0,1,"-8,3993243","-36,85590196",SPRF-PE,DEL03-PE,UOP02-DEL03-PE
286334,2020-05-25,segunda-feira,21:00:00,PE,428,"191,2",PETROLINA,Falta de Atenção à Condução,Colisão frontal,Com Vítimas Feridas,Plena Noite,Decrescente,Céu Claro,Dupla,Reta,Sim,3,0,1,1,1,0,2,3,"-9,37766429","-40,50269795",SPRF-PE,DEL06-PE,UOP01-DEL06-PE
286367,2020-05-26,terça-feira,01:40:00,PE,101,"81,5",JABOATAO DOS GUARARAPES,Desobediência às normas de trânsito pelo condutor,Colisão lateral,Com Vítimas Fatais,Plena Noite,Crescente,Céu Claro,Dupla,Reta,Sim,2,1,1,0,0,0,1,2,"-8,1597489","-34,94024569",SPRF-PE,DEL01-PE,UOP03-DEL01-PE
286461,2020-05-26,terça-feira,14:55:00,PE,423,"94,7",GARANHUNS,Desobediência às normas de trânsito pelo condutor,Colisão transversal,Com Vítimas Feridas,Pleno dia,Crescente,Céu Claro,Simples,Reta,Não,2,0,1,0,1,0,1,2,"-8,87799073","-36,47602558",SPRF-PE,DEL03-PE,UOP01-DEL03-PE
286569,2020-05-26,terça-feira,19:30:00,PE,424,69,CAETES,Desobediência às normas de trânsito pelo condutor,Colisão traseira,Com Vítimas Feridas,Plena Noite,Decrescente,Ignorado,Simples,Reta;Aclive                   ,Não,2,0,2,0,0,0,2,2,"-8,782103","-36,616334",SPRF-PE,DEL03-PE,UOP01-DEL03-PE
286585,2020-05-27,quarta-feira,06:45:00,PE,101,"67,5",RECIFE,Falta de Atenção à Condução,Colisão traseira,Com Vítimas Feridas,Pleno dia,Crescente,Céu Claro,Dupla,Reta,Sim,2,0,0,1,0,1,1,2,"-8,042334","-34,943096",SPRF-PE,DEL01-PE,UOP01-DEL01-PE
286702,2020-05-27,quarta-feira,17:40:00,PE,104,92,AGRESTINA,Ingestão de Álcool,Colisão traseira,Sem Vítimas,Anoitecer,Decrescente,Nublado,Simples,Reta,Não,2,0,0,0,2,0,0,2,"-8,496525","-35,948009",SPRF-PE,DEL02-PE,UOP01-DEL02-PE
286713,2020-05-27,quarta-feira,20:20:00,PE,232,"96,3",SAIRE,Velocidade Incompatível,Colisão traseira,Com Vítimas Feridas,Plena Noite,Decrescente,Céu Claro,Dupla,Reta,Não,2,0,0,1,0,1,1,2,"-8,23076854","-35,70778281",SPRF-PE,DEL02-PE,UOP02-DEL02PE
286746,2020-05-28,quinta-feira,04:00:00,PE,104,107,CUPIRA,Falta de Atenção à Condução,Colisão traseira,Sem Vítimas,Amanhecer,Crescente,Nevoeiro/Neblina,Simples,Reta,Não,2,0,0,0,1,1,0,2,"-8,617709","-35,974754",SPRF-PE,DEL02-PE,UOP01-DEL02-PE
286850,2020-05-28,quinta-feira,18:00:00,PE,101,"55,3",PAULISTA,Falta de Atenção à Condução,Colisão transversal,Com Vítimas Feridas,Plena Noite,Decrescente,Nublado,Dupla,Reta,Sim,2,0,1,0,1,0,1,2,"-7,94806621","-34,9062148",SPRF-PE,DEL01-PE,UOP02-DEL01-PE
286856,2020-05-28,quinta-feira,18:30:00,PE,101,"44,6",IGARASSU,Falta de Atenção à Condução,Colisão frontal,Sem Vítimas,Plena Noite,Crescente,Vento,Múltipla,Reta,Sim,2,0,0,0,1,1,0,2,"-7,85637001","-34,90842109",SPRF-PE,DEL01-PE,UOP02-DEL01-PE
286904,2020-05-29,sexta-feira,01:38:00,PE,101,"45,9",IGARASSU,Falta de Atenção à Condução,Colisão transversal,Sem Vítimas,Plena Noite,Crescente,Nublado,Múltipla,Em Obras;Reta                 ,Sim,2,0,0,0,1,1,0,2,"-7,87406004","-34,90588126",SPRF-PE,DEL01-PE,UOP02-DEL01-PE
286933,2020-05-29,sexta-feira,08:30:00,PE,407,123,PETROLINA,Falta de Atenção à Condução,Colisão traseira,Sem Vítimas,Pleno dia,Decrescente,Céu Claro,Simples,Reta,Sim,2,0,0,0,2,0,0,2,"-9,36149178","-40,54594462",SPRF-PE,DEL06-PE,UOP01-DEL06-PE