id,data_inversa,dia_semana,horario,uf,br,km,municipio,causa_acidente,tipo_acidente,classificacao_acidente,fase_dia,sentido_via,condicao_metereologica,tipo_pista,tracado_via,uso_solo,pessoas,mortos,feridos_leves,feridos_graves,ilesos,ignorados,feridos,veiculos,latitude,longitude,regional,delegacia,uop
286952,2020-05-29,sexta-feira,09:30:00,PE,101,7,GOIANA,Velocidade Incompatível,Saída de leito carroçável,Com Vítimas Feridas,Pleno dia,Decrescente,Chuva,Dupla,Reta,Sim,1,0,1,0,0,0,1,1,"-7,55997111","-34,99072674",SPRF-PE,DEL01-PE,UOP02-DEL01-PE
286967,2020-05-29,sexta-feira,10:45:00,PE,232,507,SALGUEIRO,Falta de Atenção à Condução,Colisão transversal,Com Vítimas Feridas,Pleno dia,Decrescente,Céu Claro,Simples,Reta,Sim,2,0,1,0,1,0,1,2,"-8,06038759","-39,11191706",SPRF-PE,DEL05-PE,UOP01-DEL05-PE
287027,2020-05-29,sexta-feira,18:30:00,PE,428,183,PETROLINA,Ingestão de Álcool,Atropelamento de Pedestre,Com Vítimas Feridas,Plena Noite,Crescente,Céu Claro,Simples,Reta,Não,2,0,1,0,1,0,1,2,"-9,32412987","-40,46211325",SPRF-PE,DEL06-PE,UOP01-DEL06-PE
287038,2020-05-29,sexta-feira,19:30:00,PE,101,87,JABOATAO DOS GUARARAPES,Falta de Atenção à Condução,Saída de leito carroçável,Sem Vítimas,Plena Noite,Crescente,Nublado,Dupla,Reta,Não,1,0,0,0,1,0,0,1,"-8,19120206","-34,97449985",SPRF-PE,DEL01-PE,UOP03-DEL01-PE
287088,2020-05-30,sábado,03:30:00,PE,428,188,PETROLINA,Condutor Dormindo,Colisão com objeto estático,Sem Vítimas,Plena Noite,Crescente,Céu Claro,Dupla,Retorno Regulamentado,Sim,1,0,0,0,1,0,0,1,"-9,376617","-40,497143",SPRF-PE,DEL06-PE,UOP01-DEL06-PE
287118,2020-05-30,sábado,09:10:00,PE,428,"189,4",PETROLINA,Falta de Atenção à Condução,Colisão traseira,Com Vítimas Feridas,Pleno dia,Crescente,Sol,Dupla,Retorno Regulamentado,Sim,3,0,2,0,1,0,2,2,"-9,37783968","-40,50439775",SPRF-PE,DEL06-PE,UOP01-DEL06-PE
287179,2020-05-30,sábado,16:40:00,PE,101,"75,1",RECIFE,Não guardar distância de segurança,Colisão traseira,Com Vítimas Feridas,Anoitecer,Decrescente,Chuva,Dupla,Reta,Sim,3,0,1,0,2,0,1,2,"-8,10973523","-34,94660151",SPRF-PE,DEL01-PE,UOP01-DEL01-PE
287180,2020-05-30,sábado,16:45:00,PE,316,"142,6",PARNAMIRIM,Ingestão de Álcool,Saída de leito carroçável,Com Vítimas Feridas,Anoitecer,Crescente,Céu Claro,Simples,Reta,Não,1,0,1,0,0,0,1,1,"-8,08687166","-39,60015985",SPRF-PE,DEL05-PE,UOP02-DEL05-PE
287278,2020-05-30,sábado,21:15:00,PE,104,"48,8",CARUARU,Falta de Atenção à Condução,Colisão com objeto estático,Sem Vítimas,Plena Noite,Crescente,Chuva,Dupla,Reta,Não,1,0,0,0,0,1,0,1,"-8,1437","-35,9869",SPRF-PE,DEL02-PE,UOP01-DEL02-PE
287393,2020-05-31,domingo,17:50:00,PE,428,"172,6",PETROLINA,Desobediência às normas de trânsito pelo condutor,Colisão transversal,Com Vítimas Fatais,Anoitecer,Crescente,Céu Claro,Simples,Retorno Regulamentado,Não,3,1,0,0,2,0,0,3,"-9,250937","-40,424579",SPRF-PE,DEL06-PE,UOP01-DEL06-PE
287438,2020-05-31,domingo,20:05:00,PE,101,"69,3",RECIFE,Animais na Pista,Atropelamento de Animal,Sem Vítimas,Plena Noite,Decrescente,Céu Claro,Dupla,Reta,Sim,1,0,0,0,1,0,0,1,"-8,05951606","-34,94581024",SPRF-PE,DEL01-PE,UOP01-DEL01-PE
287459,2020-05-31,domingo,21:40:00,PE,232,"207,7",PESQUEIRA,Mal Súbito,Saída de leito carroçável,Com Vítimas Feridas,Plena Noite,Decrescente,Céu Claro,Simples,Aclive,Sim,1,0,0,1,0,0,1,1,"-8,369249","-36,670749",SPRF-PE,DEL02-PE,UOP03-DEL02-PE
287467,2020-05-31,domingo,21:00:00,PE,428,"86,5",SANTA MARIA DA BOA VISTA,Animais na Pista,Colisão traseira,Com Vítimas Feridas,Plena Noite,Decrescente,Céu Claro,Simples,Declive,Não,6,0,5,0,1,0,5,2,"-8,79150024","-39,84821709",SPRF-PE,DEL06-PE,UOP03-DEL06-PE
287512,2020-06-01,segunda-feira,02:35:00,PE,101,"47,9",ABREU E LIMA,Falta de Atenção à Condução,Colisão com objeto estático,Com Vítimas Feridas,Plena Noite,Decrescente,Garoa/Chuvisco,Múltipla,Reta,Sim,1,0,1,0,0,0,1,1,"-7,89174705","-34,9033493",SPRF-PE,DEL01-PE,UOP02-DEL01-PE
287520,2020-06-01,segunda-feira,06:20:00,PE,101,20,GOIANA,Falta de Atenção à Condução,Saída de leito carroçável,Com Vítimas Feridas,Pleno dia,Crescente,Céu Claro,Dupla,Reta,Não,1,0,0,1,0,0,1,1,"-7,66042701","-34,93780401",SPRF-PE,DEL01-PE,UOP02-DEL01-PE
287569,2020-06-01,segunda-feira,13:30:00,PE,101,"73,5",RECIFE,Desobediência às normas de trânsito pelo condutor,Colisão transversal,Com Vítimas Feridas,Pleno dia,Decrescente,Céu Claro,Dupla,Retorno Regulamentado,Sim,3,0,0,1,2,0,1,2,"-8,093369","-34,947464",SPRF-PE,DEL01-PE,UOP01-DEL01-PE
287587,2020-06-01,segunda-feira,15:00:00,PE,232,"112,5",BEZERROS,Ingestão de Álcool,Queda de ocupante de veículo,Com Vítimas Feridas,Pleno dia,Decrescente,Céu Claro,Dupla,Reta,Não,1,0,1,0,0,0,1,1,"-8,29729696","-35,83146101",SPRF-PE,DEL02-PE,UOP03-DEL02-PE
287599,2020-06-01,segunda-feira,16:30:00,PE,232,"119,8",CARUARU,Falta de Atenção à Condução,Colisão com objeto estático,Sem Vítimas,Pleno dia,Decrescente,Chuva,Dupla,Reta,Não,2,0,0,0,2,0,0,1,"-8,2962792","-35,89314995",SPRF-PE,DEL02-PE,UOP03-DEL02-PE
287613,2020-06-01,segunda-feira,15:15:00,PE,232,"408,5",SERRA TALHADA,Velocidade Incompatível,Colisão frontal,Com Vítimas Feridas,Pleno dia,Decrescente,Céu Claro,Simples,Reta,Não,5,0,1,4,0,0,5,3,"-7,98371447","-38,28047709",SPRF-PE,DEL04-PE,UOP01-DEL04-PE
287623,2020-06-01,segunda-feira,15:40:00,PE,101,82,JABOATAO DOS GUARARAPES,Falta de Atenção à Condução,Colisão lateral,Com Vítimas Feridas,Pleno dia,Crescente,Nublado,Múltipla,Reta,Sim,3,0,1,0,2,0,1,3,"-8,168383","-34,9376",SPRF-PE,DEL01-PE,UOP03-DEL01-PE
287633,2020-06-01,segunda-feira,17:20:00,PE,424,"88,8",GARANHUNS,Falta de Atenção à Condução,Atropelamento de Pedestre,Com Vítimas Feridas,Anoitecer,Crescente,Garoa/Chuvisco,Simples,Interseção de Vias,Sim,2,0,1,0,0,1,1,2,"-8,891798","-36,504934",SPRF-PE,DEL03-PE,UOP01-DEL03-PE
287714,2020-06-02,terça-feira,07:20:00,PE,101,91,CABO DE SANTO AGOSTINHO,Avarias e/ou desgaste excessivo no pneu,Queda de ocupante de veículo,Com Vítimas Feridas,Pleno dia,Decrescente,Céu Claro,Dupla,Reta,Não,2,0,2,0,0,0,2,1,"-8,22399812","-34,99290474",SPRF-PE,DEL01-PE,UOP03-DEL01-PE
287788,2020-06-02,terça-feira,16:15:00,PE,101,204,XEXEU,Velocidade Incompatível,Saída de leito carroçável,Com Vítimas Feridas,Anoitecer,Decrescente,Nublado,Múltipla,Curva,Não,2,0,1,0,1,0,1,1,"-8,80610905","-35,62758381",SPRF-PE,DEL01-PE,UOP03-DEL01-PE
287798,2020-06-02,terça-feira,18:00:00,PE,407,"127,3",PETROLINA,Desobediência às normas de trânsito pelo condutor,Colisão transversal,Com Vítimas Feridas,Anoitecer,Decrescente,Céu Claro,Simples,Reta,Sim,3,0,1,0,2,0,1,2,"-9,39192835","-40,51705765",SPRF-PE,DEL06-PE,UOP01-DEL06-PE
287812,2020-06-02,terça-feira,19:00:00,PE,101,85,JABOATAO DOS GUARARAPES,Falta de Atenção à Condução,Colisão frontal,Com Vítimas Feridas,Plena Noite,Crescente,Garoa/Chuvisco,Simples,Reta,Sim,3,0,1,0,0,2,1,2,"-8,20038","-34,959529",SPRF-PE,DEL01-PE,UOP03-DEL01-PE
287968,2020-06-03,quarta-feira,17:20:00,PE,101,"16,5",CABO DE SANTO AGOSTINHO,Falta de Atenção do Pedestre,Atropelamento de Pedestre,Com Vítimas Feridas,Pleno dia,Decrescente,Céu Claro,Simples,Reta,Sim,2,0,1,1,0,0,2,2,"-8,293258","-35,051128",SPRF-PE,DEL01-PE,UOP03-DEL01-PE
287981,2020-06-03,quarta-feira,18:20:00,PE,101,"45,5",IGARASSU,Falta de Atenção do Pedestre,Atropelamento de Pedestre,Com Vítimas Feridas,Plena Noite,Decrescente,Nublado,Múltipla,Reta,Sim,2,0,0,1,0,1,1,2,"-7,86521297","-34,90715176",SPRF-PE,DEL01-PE,UOP02-DEL01-PE
287994,2020-06-04,quinta-feira,01:25:00,PE,101,"53,9",PAULISTA,Animais na Pista,Atropelamento de Animal,Com Vítimas Feridas,Plena Noite,Decrescente,Céu Claro,Múltipla,Aclive;Reta                   ,Não,1,0,1,0,0,0,1,1,"-7,93961103","-34,90356584",SPRF-PE,DEL01-PE,UOP02-DEL01-PE
288072,2020-06-04,quinta-feira,11:40:00,PE,428,184,PETROLINA,Desobediência às normas de trânsito pelo condutor,Colisão transversal,Com Vítimas Feridas,Pleno dia,Decrescente,Sol,Simples,Reta,Sim,2,0,1,0,1,0,1,2,"-9,35222018","-40,47652423",SPRF-PE,DEL06-PE,UOP01-DEL06-PE
288075,2020-06-04,quinta-feira,12:30:00,PE,232,5,RECIFE,Falta de Atenção à Condução,Colisão traseira,Com Vítimas Feridas,Pleno dia,Crescente,Nublado,Dupla,Reta;Declive                  ,Sim,2,0,1,0,1,0,1,2,"-8,06795766","-34,94535414",SPRF-PE,DEL01-PE,UOP01-DEL01-PE
288092,2020-06-04,quinta-feira,15:00:00,PE,101,68,RECIFE,Ingestão de Álcool,Colisão traseira,Com Vítimas Feridas,Pleno dia,Crescente,Céu Claro,Simples,Viaduto,Sim,2,0,1,0,1,0,1,2,"-8,05074296","-34,94580619",SPRF-PE,DEL01-PE,UOP01-DEL01-PE
288219,2020-06-05,sexta-feira,08:00:00,PE,232,6,RECIFE,Não guardar distância de segurança,Engavetamento,Sem Vítimas,Pleno dia,Decrescente,Céu Claro,Dupla,Reta,Não,6,0,0,0,6,0,0,3,"-8,07079525","-34,9535389",SPRF-PE,DEL01-PE,UOP01-DEL01-PE
288284,2020-06-05,sexta-feira,16:00:00,PE,232,4,RECIFE,Não guardar distância de segurança,Colisão traseira,Com Vítimas Feridas,Pleno dia,Crescente,Nublado,Múltipla,Reta,Sim,2,0,1,0,1,0,1,2,"-8,064473","-34,936928",SPRF-PE,DEL01-PE,UOP01-DEL01-PE
288321,2020-06-05,sexta-feira,17:50:00,PE,101,75,RECIFE,Deficiência ou não Acionamento do Sistema de Iluminação/Sinalização do Veículo,Colisão traseira,Com Vítimas Feridas,Anoitecer,Crescente,Chuva,Dupla,Reta,Sim,2,0,0,1,1,0,1,2,"-8,10973523","-34,94660151",SPRF-PE,DEL01-PE,UOP01-DEL01-PE
288367,2020-06-05,sexta-feira,18:45:00,PE,428,0,BELEM DE SAO FRANCISCO,Falta de Atenção à Condução,Colisão com objeto estático,Com Vítimas Feridas,Plena Noite,Decrescente,Céu Claro,Simples,Reta,Não,1,0,1,0,0,0,1,1,"-8,54923611","-39,22640562",SPRF-PE,DEL05-PE,UOP03-DEL05-PE
288385,2020-06-06,sábado,00:20:00,PE,104,33,CARUARU,Ingestão de Álcool,Queda de ocupante de veículo,Com Vítimas Feridas,Plena Noite,Crescente,Céu Claro,Simples,Reta,Sim,1,0,0,1,0,0,1,1,-8,-36,SPRF-PE,DEL02-PE,UOP01-DEL02-PE
288472,2020-06-06,sábado,12:00:00,PE,101,"61,3",RECIFE,Condutor Dormindo,Colisão lateral,Com Vítimas Feridas,Pleno dia,Decrescente,Nublado,Dupla,Reta,Sim,2,0,2,0,0,0,2,2,"-7,99097103","-34,93598295",SPRF-PE,DEL01-PE,UOP02-DEL01-PE
288473,2020-06-06,sábado,08:00:00,PE,424,26,VENTUROSA,Defeito Mecânico no Veículo,Colisão com objeto estático,Com Vítimas Feridas,Pleno dia,Crescente,Céu Claro,Simples,Reta,Não,2,0,2,0,0,0,2,1,"-8,5542719","-36,89884489",SPRF-PE,DEL03-PE,UOP02-DEL03-PE
288669,2020-06-07,domingo,11:00:00,PE,101,69,RECIFE,Animais na Pista,Atropelamento de Animal,Com Vítimas Feridas,Pleno dia,Crescente,Chuva,Dupla,Reta,Sim,1,0,1,0,0,0,1,1,"-8,05951606","-34,94581024",SPRF-PE,DEL01-PE,UOP01-DEL01-PE
288734,2020-06-07,domingo,18:30:00,PE,101,87,JABOATAO DOS GUARARAPES,Falta de Atenção à Condução,Colisão transversal,Com Vítimas Feridas,Plena Noite,Crescente,Nublado,Simples,Interseção de Vias,Sim,2,0,1,0,1,0,1,2,"-8,207624","-34,962596",SPRF-PE,DEL01-PE,UOP03-DEL01-PE
288740,2020-06-07,domingo,17:20:00,PE,101,155,RIBEIRAO,Não guardar distância de segurança,Colisão com objeto estático,Com Vítimas Feridas,Pleno dia,Decrescente,Nublado,Dupla,Reta,Não,1,0,1,0,0,0,1,1,"-8,5370679","-35,3919616",SPRF-PE,DEL01-PE,UOP03-DEL01-PE
288785,2020-06-07,domingo,22:20:00,PE,407,"129,9",PETROLINA,Condutor Dormindo,Colisão com objeto estático,Com Vítimas Feridas,Plena Noite,Crescente,Garoa/Chuvisco,Dupla,Reta,Não,1,0,1,0,0,0,1,1,"-9,4103773","-40,505144",SPRF-PE,DEL06-PE,UOP01-DEL06-PE
288839,2020-06-08,segunda-feira,08:00:00,PE,101,44,IGARASSU,Falta de Atenção à Condução,Colisão lateral,Sem Vítimas,Pleno dia,Decrescente,Céu Claro,Múltipla,Reta,Sim,2,0,0,0,2,0,0,2,"-7,85637001","-34,90842109",SPRF-PE,DEL01-PE,UOP02-DEL01-PE
288846,2020-06-08,segunda-feira,08:00:00,PE,232,251,ARCOVERDE,Falta de Atenção à Condução,Colisão lateral,Com Vítimas Feridas,Pleno dia,Decrescente,Nublado,Simples,Reta,Sim,2,0,0,1,1,0,1,2,"-8,429241","-37,060127",SPRF-PE,DEL03-PE,UOP02-DEL03-PE
288900,2020-06-08,segunda-feira,13:40:00,PE,101,"77,4",RECIFE,Não guardar distância de segurança,Colisão traseira,Com Vítimas Feridas,Pleno dia,Crescente,Céu Claro,Dupla,Reta,Sim,2,0,1,0,1,0,1,2,"-8,126982","-34,94386",SPRF-PE,DEL01-PE,UOP01-DEL01-PE
289208,2020-06-10,quarta-feira,11:20:00,PE,101,70,RECIFE,Desobediência às normas de trânsito pelo condutor,Colisão frontal,Com Vítimas Feridas,Pleno dia,Crescente,Nublado,Dupla,Reta,Sim,2,0,0,1,0,1,1,2,"-8,07105696","-34,94266069",SPRF-PE,DEL01-PE,UOP01-DEL01-PE
289291,2020-06-10,quarta-feira,17:00:00,PE,408,40,ALIANCA,Desobediência às normas de trânsito pelo condutor,Colisão transversal,Sem Vítimas,Anoitecer,Crescente,Chuva,Simples,Reta,Não,2,0,0,0,1,1,0,2,"-7,64930515","-35,25214043",SPRF-PE,DEL01-PE,UOP01-DEL01-PE
289436,2020-06-11,quinta-feira,10:56:00,PE,101,103,CABO DE SANTO AGOSTINHO,Não guardar distância de segurança,Saída de leito carroçável,Com Vítimas Feridas,Pleno dia,Decrescente,Chuva,Dupla,Reta,Sim,3,0,1,1,1,0,2,2,"-8,29241321","-35,05598304",SPRF-PE,DEL01-PE,UOP03-DEL01-PE
289447,2020-06-11,quinta-feira,12:50:00,PE,104,31,TORITAMA,Desobediência às normas de trânsito pelo condutor,Colisão lateral,Com Vítimas Feridas,Pleno dia,Decrescente,Nublado,Simples,Curva,Não,2,0,1,0,0,1,1,2,"-8,0208","-36,0528",SPRF-PE,DEL02-PE,UOP01-DEL02-PE
289483,2020-06-11,quinta-feira,18:00:00,PE,232,"75,9",GRAVATA,Objeto estático sobre o leito carroçável,Colisão com objeto estático,Com Vítimas Feridas,Plena Noite,Crescente,Céu Claro,Dupla,Reta,Sim,8,0,1,1,6,0,2,5,"-8,19541469","-35,53424693",SPRF-PE,DEL02-PE,UOP02-DEL02PE
289491,2020-06-11,quinta-feira,18:05:00,PE,232,"405,4",SERRA TALHADA,Animais na Pista,Atropelamento de Animal,Com Vítimas Feridas,Plena Noite,Crescente,Céu Claro,Simples,Reta,Não,1,0,1,0,0,0,1,1,"-7,98895584","-38,25355016",SPRF-PE,DEL04-PE,UOP01-DEL04-PE
289493,2020-06-11,quinta-feira,18:30:00,PE,232,"10,9",JABOATAO DOS GUARARAPES,Não guardar distância de segurança,Colisão traseira,Com Vítimas Feridas,Plena Noite,Crescente,Céu Claro,Simples,Reta,Não,3,0,2,0,1,0,2,2,"-8,079049","-34,990254",SPRF-PE,DEL01-PE,UOP01-DEL01-PE
289597,2020-06-12,sexta-feira,10:30:00,PE,101,148,RIBEIRAO,Falta de Atenção à Condução,Saída de leito carroçável,Com Vítimas Feridas,Pleno dia,Decrescente,Nublado,Múltipla,Reta,Não,2,0,2,0,0,0,2,1,"-8,48336698","-35,37204035",SPRF-PE,DEL01-PE,UOP03-DEL01-PE
289613,2020-06-12,sexta-feira,13:10:00,PE,424,"69,4",CAETES,Não guardar distância de segurança,Colisão traseira,Com Vítimas Feridas,Pleno dia,Decrescente,Céu Claro,Simples,Reta,Sim,7,0,0,1,6,0,1,2,"-8,77398589","-36,62798492",SPRF-PE,DEL03-PE,UOP01-DEL03-PE
289629,2020-06-12,sexta-feira,14:30:00,PE,232,69,GRAVATA,Defeito Mecânico no Veículo,Incêndio,Sem Vítimas,Pleno dia,Crescente,Céu Claro,Dupla,Reta,Não,1,0,0,0,1,0,0,1,"-8,17240309","-35,47993595",SPRF-PE,DEL02-PE,UOP02-DEL02PE
289650,2020-06-12,sexta-feira,14:30:00,PE,101,94,CABO DE SANTO AGOSTINHO,Falta de Atenção à Condução,Saída de leito carroçável,Com Vítimas Feridas,Pleno dia,Decrescente,Céu Claro,Dupla,Rotatória,Sim,1,0,1,0,0,0,1,1,"-8,24829064","-35,00697936",SPRF-PE,DEL01-PE,UOP03-DEL01-PE
289818,2020-06-13,sábado,15:15:00,PE,101,68,RECIFE,Não guardar distância de segurança,Engavetamento,Com Vítimas Feridas,Pleno dia,Decrescente,Sol,Múltipla,Reta,Não,3,0,1,0,2,0,1,3,"-8,05074296","-34,94580619",SPRF-PE,DEL01-PE,UOP01-DEL01-PE
289834,2020-06-13,sábado,18:10:00,PE,101,70,RECIFE,Desobediência às normas de trânsito pelo pedestre,Atropelamento de Pedestre,Com Vítimas Feridas,Plena Noite,Decrescente,Chuva,Dupla,Reta,Sim,2,0,0,1,1,0,1,2,"-8,06776119","-34,94265074",SPRF-PE,DEL01-PE,UOP01-DEL01-PE
289900,2020-06-14,domingo,00:40:00,PE,101,54,PAULISTA,Ingestão de Álcool,Colisão traseira,Com Vítimas Feridas,Plena Noite,Crescente,Chuva,Múltipla,Reta,Não,5,0,1,0,1,3,1,2,"-7,93961103","-34,90356584",SPRF-PE,DEL01-PE,UOP02-DEL01-PE
289901,2020-06-13,sábado,21:30:00,PE,232,"81,5",GRAVATA,Falta de Atenção à Condução,Saída de leito carroçável,Com Vítimas Fatais,Plena Noite,Crescente,Chuva,Dupla,Declive,Não,1,1,0,0,0,0,0,1,"-8,19697746","-35,57850408",SPRF-PE,DEL02-PE,UOP02-DEL02PE
289906,2020-06-13,sábado,23:30:00,PE,101,84,JABOATAO DOS GUARARAPES,Falta de Atenção à Condução,Colisão traseira,Sem Vítimas,Plena Noite,Crescente,Chuva,Simples,Reta,Sim,2,0,0,0,2,0,0,2,"-8,17778559","-34,95087297",SPRF-PE,DEL01-PE,UOP03-DEL01-PE
289923,2020-06-14,domingo,01:25:00,PE,101,43,IGARASSU,Pista Escorregadia,Saída de leito carroçável,Com Vítimas Feridas,Plena Noite,Decrescente,Chuva,Múltipla,Reta;Declive                  ,Sim,1,0,1,0,0,0,1,1,"-7,84753808","-34,90977038",SPRF-PE,DEL01-PE,UOP02-DEL01-PE
290043,2020-06-14,domingo,22:00:00,PE,232,86,GRAVATA,Defeito Mecânico no Veículo,Incêndio,Sem Vítimas,Pleno dia,Crescente,Céu Claro,Dupla,Reta,Não,1,0,0,0,0,1,0,1,"-8,21286855","-35,62011813",SPRF-PE,DEL02-PE,UOP02-DEL02PE
290049,2020-06-14,domingo,11:00:00,PE,232,132,CARUARU,Objeto estático sobre o leito carroçável,Queda de ocupante de veículo,Com Vítimas Feridas,Pleno dia,Crescente,Chuva,Dupla,Reta,Sim,2,0,1,1,0,0,2,1,"-8,3036244","-36,00710089",SPRF-PE,DEL02-PE,UOP03-DEL02-PE
290051,2020-06-14,domingo,20:40:00,PE,232,127,CARUARU,Ultrapassagem Indevida,Colisão lateral,Com Vítimas Feridas,Plena Noite,Decrescente,Céu Claro,Dupla,Reta,Não,1,0,1,0,0,0,1,1,"-8,3052648","-35,96683502",SPRF-PE,DEL02-PE,UOP03-DEL02-PE
290066,2020-06-15,segunda-feira,04:30:00,PE,104,"91,7",AGRESTINA,Condutor Dormindo,Colisão com objeto estático,Com Vítimas Feridas,Plena Noite,Decrescente,Garoa/Chuvisco,Simples,Ponte,Sim,3,0,2,0,1,0,2,1,"-8,487702","-35,946243",SPRF-PE,DEL02-PE,UOP01-DEL02-PE
290072,2020-06-15,segunda-feira,06:15:00,PE,232,180,BELO JARDIM,Velocidade Incompatível,Colisão frontal,Com Vítimas Fatais,Pleno dia,Crescente,Chuva,Simples,Reta,Não,2,1,0,0,1,0,0,2,"-8,34575334","-36,43530965",SPRF-PE,DEL02-PE,UOP03-DEL02-PE
290073,2020-06-14,domingo,19:55:00,PE,232,"133,7",CARUARU,Falta de Atenção do Pedestre,Atropelamento de Pedestre,Com Vítimas Feridas,Plena Noite,Decrescente,Nublado,Dupla,Reta,Sim,2,0,1,1,0,0,2,2,"-8,30607988","-36,01576003",SPRF-PE,DEL02-PE,UOP03-DEL02-PE
290103,2020-06-15,segunda-feira,08:40:00,PE,101,"41,9",IGARASSU,Falta de Atenção à Condução,Colisão com objeto estático,Com Vítimas Feridas,Pleno dia,Crescente,Céu Claro,Múltipla,Aclive,Sim,2,0,1,0,1,0,1,1,"-7,83038346","-34,91426785",SPRF-PE,DEL01-PE,UOP02-DEL01-PE
290121,2020-06-15,segunda-feira,11:00:00,PE,232,"133,1",CARUARU,Falta de Atenção à Condução,Colisão traseira,Com Vítimas Feridas,Pleno dia,Decrescente,Chuva,Dupla,Reta,Não,2,0,1,0,1,0,1,2,"-8,30607988","-36,01576003",SPRF-PE,DEL02-PE,UOP03-DEL02-PE
290138,2020-06-15,segunda-feira,11:20:00,PE,104,"47,5",CARUARU,Defeito na Via,Colisão com objeto estático,Sem Vítimas,Pleno dia,Crescente,Chuva,Dupla,Declive,Não,1,0,0,0,1,0,0,1,"-8,1354","-35,9906",SPRF-PE,DEL02-PE,UOP01-DEL02-PE
290188,2020-06-15,segunda-feira,18:30:00,PE,428,"173,9",PETROLINA,Restrição de Visibilidade,Colisão traseira,Com Vítimas Fatais,Plena Noite,Crescente,Nublado,Simples,Interseção de Vias,Não,2,1,0,0,0,1,0,2,"-9,24429991","-40,42112617",SPRF-PE,DEL06-PE,UOP01-DEL06-PE
290194,2020-06-15,segunda-feira,19:00:00,PE,232,"412,9",SERRA TALHADA,Falta de Atenção do Pedestre,Atropelamento de Pedestre,Com Vítimas Fatais,Plena Noite,Crescente,Chuva,Simples,Reta,Sim,2,1,0,0,0,1,0,2,"-7,98377927","-38,3208774",SPRF-PE,DEL04-PE,UOP01-DEL04-PE
290234,2020-06-16,terça-feira,04:20:00,PE,101,"29,2",ITAPISSUMA,Restrição de Visibilidade,Colisão com objeto estático,Com Vítimas Feridas,Plena Noite,Decrescente,Chuva,Dupla,Reta;Retorno Regulamentado    ,Não,3,0,3,0,0,0,3,1,"-7,72939697","-34,94185854",SPRF-PE,DEL01-PE,UOP02-DEL01-PE
290237,2020-06-16,terça-feira,06:00:00,PE,101,91,CABO DE SANTO AGOSTINHO,Falta de Atenção à Condução,Colisão transversal,Sem Vítimas,Pleno dia,Decrescente,Chuva,Simples,Reta,Sim,2,0,0,0,1,1,0,2,"-8,24220819","-34,98859101",SPRF-PE,DEL01-PE,UOP03-DEL01-PE
290242,2020-06-16,terça-feira,07:00:00,PE,232,"8,7",RECIFE,Falta de Atenção à Condução,Colisão traseira,Sem Vítimas,Pleno dia,Decrescente,Chuva,Dupla,Reta,Não,2,0,0,0,1,1,0,2,"-8,07583727","-34,97015791",SPRF-PE,DEL01-PE,UOP01-DEL01-PE
290304,2020-06-16,terça-feira,15:00:00,PE,101,"50,9",ABREU E LIMA,Falta de Atenção à Condução,Colisão lateral,Com Vítimas Feridas,Pleno dia,Decrescente,Céu Claro,Múltipla,Reta,Sim,2,0,1,0,1,0,1,2,"-7,90938602","-34,90123228",SPRF-PE,DEL01-PE,UOP02-DEL01-PE
290457,2020-06-17,quarta-feira,14:00:00,PE,101,45,IGARASSU,Falta de Atenção à Condução,Capotamento,Com Vítimas Feridas,Pleno dia,Crescente,Nublado,Múltipla,Reta,Sim,1,0,1,0,0,0,1,1,"-7,86521297","-34,90715176",SPRF-PE,DEL01-PE,UOP02-DEL01-PE
290500,2020-06-17,quarta-feira,18:30:00,PE,232,"139,9",SAO CAITANO,Desobediência às normas de trânsito pelo condutor,Queda de ocupante de veículo,Com Vítimas Feridas,Plena Noite,Crescente,Céu Claro,Dupla,Reta,Não,1,0,0,1,0,0,1,1,"-8,320504","-36,0769",SPRF-PE,DEL02-PE,UOP03-DEL02-PE
290514,2020-06-17,quarta-feira,19:30:00,PE,232,130,CARUARU,Falta de Atenção do Pedestre,Atropelamento de Pedestre,Com Vítimas Fatais,Plena Noite,Crescente,Céu Claro,Dupla,Interseção de Vias,Sim,2,1,0,0,0,1,0,2,"-8,29983303","-35,989662",SPRF-PE,DEL02-PE,UOP03-DEL02-PE
290563,2020-06-17,quarta-feira,21:30:00,PE,101,74,RECIFE,Velocidade Incompatível,Saída de leito carroçável,Com Vítimas Feridas,Plena Noite,Decrescente,Chuva,Dupla,Curva,Sim,1,0,1,0,0,0,1,1,"-8,10146485","-34,94901577",SPRF-PE,DEL01-PE,UOP01-DEL01-PE
290697,2020-06-18,quinta-feira,19:30:00,PE,101,66,RECIFE,Falta de Atenção do Pedestre,Atropelamento de Pedestre,Com Vítimas Feridas,Plena Noite,Decrescente,Chuva,Dupla,Reta,Sim,2,0,0,1,1,0,1,2,"-8,034689","-34,941607",SPRF-PE,DEL01-PE,UOP01-DEL01-PE
290726,2020-06-18,quinta-feira,23:00:00,PE,101,"77,5",RECIFE,Restrição de Visibilidade,Atropelamento de Pedestre,Com Vítimas Fatais,Plena Noite,Decrescente,Chuva,Dupla,Reta,Sim,3,1,0,2,0,0,2,2,"-8,132699","-34,946332",SPRF-PE,DEL01-PE,UOP01-DEL01-PE
290739,2020-06-19,sexta-feira,02:30:00,PE,424,70,CAETES,Falta de Atenção à Condução,Saída de leito carroçável,Com Vítimas Fatais,Plena Noite,Decrescente,Garoa/Chuvisco,Simples,Reta,Não,1,1,0,0,0,0,0,1,"-8,77912908","-36,62060205",SPRF-PE,DEL03-PE,UOP01-DEL03-PE