id,data_inversa,dia_semana,horario,uf,br,km,municipio,causa_acidente,tipo_acidente,classificacao_acidente,fase_dia,sentido_via,condicao_metereologica,tipo_pista,tracado_via,uso_solo,pessoas,mortos,feridos_leves,feridos_graves,ilesos,ignorados,feridos,veiculos,latitude,longitude,regional,delegacia,uop
294167,2020-04-13,segunda-feira,18:10:00,PE,232,254,ARCOVERDE,Animais na Pista,Atropelamento de Animal,Com Vítimas Feridas,Plena Noite,Decrescente,Ignorado,Simples,Reta,Sim,1,0,1,0,0,0,1,1,"-8,41875994","-37,07859892",SPRF-PE,DEL03-PE,UOP02-DEL03-PE
294214,2020-07-08,quarta-feira,12:15:00,PE,232,"145,4",SAO CAITANO,Falta de Atenção à Condução,Colisão traseira,Com Vítimas Feridas,Pleno dia,Decrescente,Chuva,Dupla,Reta,Sim,3,0,1,0,2,0,1,3,"-8,33045651","-36,12432361",SPRF-PE,DEL02-PE,UOP03-DEL02-PE
294240,2020-07-08,quarta-feira,14:30:00,PE,424,68,CAETES,Desobediência às normas de trânsito pelo condutor,Queda de ocupante de veículo,Com Vítimas Feridas,Pleno dia,Crescente,Sol,Simples,Reta,Sim,1,0,0,1,0,0,1,1,"-8,76884574","-36,63537082",SPRF-PE,DEL03-PE,UOP01-DEL03-PE
294259,2020-07-08,quarta-feira,17:26:00,PE,101,64,RECIFE,Não guardar distância de segurança,Colisão traseira,Com Vítimas Feridas,Anoitecer,Crescente,Céu Claro,Dupla,Reta,Sim,2,0,1,0,1,0,1,2,"-8,0162921","-34,94045886",SPRF-PE,DEL01-PE,UOP01-DEL01-PE
294437,2020-07-09,quinta-feira,18:30:00,PE,423,"75,6",JUCATI,Falta de Atenção à Condução,Colisão frontal,Com Vítimas Feridas,Plena Noite,Decrescente,Garoa/Chuvisco,Simples,Aclive,Não,3,0,0,1,1,1,1,2,"-8,72421234","-36,42879161",SPRF-PE,DEL03-PE,UOP01-DEL03-PE
294452,2020-07-09,quinta-feira,18:45:00,PE,423,"75,6",JUCATI,Objeto estático sobre o leito carroçável,Colisão com objeto estático,Com Vítimas Feridas,Plena Noite,Crescente,Chuva,Simples,Declive,Não,1,0,1,0,0,0,1,1,"-8,72421234","-36,42879161",SPRF-PE,DEL03-PE,UOP01-DEL03-PE
294501,2020-07-10,sexta-feira,06:50:00,PE,232,508,SALGUEIRO,Falta de Atenção à Condução,Tombamento,Com Vítimas Feridas,Pleno dia,Crescente,Céu Claro,Simples,Curva,Sim,1,0,1,0,0,0,1,1,"-8,06223271","-39,12095006",SPRF-PE,DEL05-PE,UOP01-DEL05-PE
294522,2020-07-10,sexta-feira,09:00:00,PE,423,"96,4",GARANHUNS,Desobediência às normas de trânsito pelo condutor,Colisão transversal,Com Vítimas Feridas,Pleno dia,Decrescente,Garoa/Chuvisco,Simples,Reta,Sim,3,0,2,0,1,0,2,2,"-8,88021822","-36,48651678",SPRF-PE,DEL03-PE,UOP01-DEL03-PE
294545,2020-07-10,sexta-feira,08:55:00,PE,101,"51,6",PAULISTA,Falta de Atenção do Pedestre,Atropelamento de Pedestre,Com Vítimas Feridas,Pleno dia,Decrescente,Céu Claro,Simples,Reta,Sim,2,0,1,0,1,0,1,2,"-7,9169968","-34,89689272",SPRF-PE,DEL01-PE,UOP02-DEL01-PE
294664,2020-07-10,sexta-feira,17:40:00,PE,423,68,JUPI,Desobediência às normas de trânsito pelo condutor,Colisão lateral,Com Vítimas Feridas,Plena Noite,Crescente,Nublado,Simples,Curva,Não,3,0,0,1,1,1,1,3,"-8,67263685","-36,39346504",SPRF-PE,DEL03-PE,UOP01-DEL03-PE
294665,2020-07-10,sexta-feira,20:00:00,PE,101,91,CABO DE SANTO AGOSTINHO,Ingestão de Álcool,Colisão frontal,Com Vítimas Feridas,Plena Noite,Decrescente,Céu Claro,Simples,Reta,Sim,3,0,3,0,0,0,3,2,"-8,23277309","-34,9768467",SPRF-PE,DEL01-PE,UOP03-DEL01-PE
294684,2020-07-10,sexta-feira,22:00:00,PE,232,410,SERRA TALHADA,Falta de Atenção à Condução,Colisão com objeto estático,Com Vítimas Feridas,Plena Noite,Crescente,Céu Claro,Simples,Reta,Não,2,0,1,0,1,0,1,1,"-7,98235523","-38,29685926",SPRF-PE,DEL04-PE,UOP01-DEL04-PE
294725,2020-07-11,sábado,06:30:00,PE,104,"75,9",CARUARU,Falta de Atenção à Condução,Colisão traseira,Com Vítimas Feridas,Pleno dia,Decrescente,Céu Claro,Simples,Reta,Não,3,0,2,0,1,0,2,2,"-8,358562","-35,985699",SPRF-PE,DEL02-PE,UOP01-DEL02-PE
294731,2020-07-11,sábado,06:00:00,PE,101,"68,6",RECIFE,Desobediência às normas de trânsito pelo condutor,Colisão traseira,Com Vítimas Feridas,Pleno dia,Decrescente,Céu Claro,Múltipla,Reta,Sim,2,0,1,0,1,0,1,2,"-8,05647","-34,946186",SPRF-PE,DEL01-PE,UOP01-DEL01-PE
294741,2020-07-11,sábado,04:00:00,PE,104,76,CARUARU,Falta de Atenção à Condução,Colisão frontal,Com Vítimas Feridas,Amanhecer,Crescente,Céu Claro,Simples,Reta,Não,3,0,1,2,0,0,3,2,"-8,367286","-35,985153",SPRF-PE,DEL02-PE,UOP01-DEL02-PE
294772,2020-07-11,sábado,12:15:00,PE,101,"70,3",RECIFE,Desobediência às normas de trânsito pelo pedestre,Atropelamento de Pedestre,Com Vítimas Feridas,Pleno dia,Decrescente,Chuva,Dupla,Reta,Sim,4,0,0,1,2,1,1,3,"-8,06776119","-34,94265074",SPRF-PE,DEL01-PE,UOP01-DEL01-PE
294808,2020-07-11,sábado,16:00:00,PE,104,64,CARUARU,Falta de Atenção à Condução,Queda de ocupante de veículo,Com Vítimas Feridas,Pleno dia,Decrescente,Céu Claro,Múltipla,Reta,Sim,1,0,1,0,0,0,1,1,"-8,2783","-35,9815",SPRF-PE,DEL02-PE,UOP01-DEL02-PE
294848,2020-07-11,sábado,17:40:00,PE,232,"413,7",SERRA TALHADA,Falta de Atenção à Condução,Queda de ocupante de veículo,Com Vítimas Feridas,Plena Noite,Decrescente,Céu Claro,Simples,Reta,Não,1,0,0,1,0,0,1,1,"-7,98857087","-38,32972307",SPRF-PE,DEL04-PE,UOP01-DEL04-PE
294856,2020-07-11,sábado,19:10:00,PE,101,"80,2",JABOATAO DOS GUARARAPES,Ingestão de Álcool,Saída de leito carroçável,Sem Vítimas,Plena Noite,Crescente,Chuva,Múltipla,Reta,Não,1,0,0,0,1,0,0,1,"-8,155594","-34,941726",SPRF-PE,DEL01-PE,UOP03-DEL01-PE
294973,2020-07-12,domingo,07:50:00,PE,104,"83,9",AGRESTINA,Falta de Atenção à Condução,Colisão transversal,Com Vítimas Feridas,Pleno dia,Crescente,Chuva,Simples,Reta,Não,2,0,1,0,1,0,1,2,"-8,422589","-35,963135",SPRF-PE,DEL02-PE,UOP01-DEL02-PE
294974,2020-03-10,terça-feira,05:30:00,PE,428,"73,3",SANTA MARIA DA BOA VISTA,Falta de Atenção à Condução,Colisão com objeto estático,Com Vítimas Fatais,Amanhecer,Decrescente,Céu Claro,Simples,Ponte,Não,1,1,0,0,0,0,0,1,"-8,72018283","-39,77321719",SPRF-PE,DEL06-PE,UOP03-DEL06-PE
294983,2020-07-12,domingo,09:00:00,PE,428,"191,8",PETROLINA,Ingestão de Álcool,Colisão lateral,Sem Vítimas,Pleno dia,Crescente,Sol,Simples,Reta,Sim,2,0,0,0,2,0,0,2,"-9,38509063","-40,52167654",SPRF-PE,DEL06-PE,UOP01-DEL06-PE
295010,2020-07-12,domingo,10:00:00,PE,423,"90,6",GARANHUNS,Falta de Atenção à Condução,Tombamento,Com Vítimas Feridas,Pleno dia,Decrescente,Céu Claro,Simples,Aclive;Reta                   ,Não,1,0,1,0,0,0,1,1,"-8,84566879","-36,4596095",SPRF-PE,DEL03-PE,UOP01-DEL03-PE
295025,2020-07-12,domingo,14:30:00,PE,101,"63,6",RECIFE,Falta de Atenção à Condução,Colisão traseira,Com Vítimas Feridas,Pleno dia,Crescente,Sol,Dupla,Reta,Sim,3,0,2,0,1,0,2,2,"-8,00800604","-34,93756535",SPRF-PE,DEL01-PE,UOP01-DEL01-PE
295061,2020-07-12,domingo,17:45:00,PE,101,95,CABO DE SANTO AGOSTINHO,Não guardar distância de segurança,Colisão lateral,Com Vítimas Feridas,Plena Noite,Decrescente,Nublado,Dupla,Reta,Sim,3,0,3,0,0,0,3,2,"-8,25099","-35,01426",SPRF-PE,DEL01-PE,UOP03-DEL01-PE
295069,2020-07-12,domingo,17:30:00,PE,428,"171,1",PETROLINA,Falta de Atenção à Condução,Capotamento,Com Vítimas Feridas,Anoitecer,Crescente,Céu Claro,Simples,Reta,Não,4,0,2,2,0,0,4,1,"-9,22853421","-40,41255764",SPRF-PE,DEL06-PE,UOP01-DEL06-PE
295090,2020-07-12,domingo,20:05:00,PE,408,"74,3",PAUDALHO,Ingestão de Álcool,Saída de leito carroçável,Com Vítimas Fatais,Plena Noite,Crescente,Céu Claro,Simples,Reta,Sim,1,1,0,0,0,0,0,1,"-7,89701706","-35,17300548",SPRF-PE,DEL01-PE,UOP01-DEL01-PE
295145,2020-05-31,domingo,15:00:00,PE,423,99,GARANHUNS,Defeito Mecânico no Veículo,Incêndio,Sem Vítimas,Pleno dia,Crescente,Chuva,Simples,Curva,Não,1,0,0,0,1,0,0,1,"-8,87828754","-36,51306152",SPRF-PE,DEL03-PE,UOP01-DEL03-PE
295153,2020-07-13,segunda-feira,06:30:00,PE,232,"8,6",RECIFE,Falta de Atenção à Condução,Colisão traseira,Com Vítimas Feridas,Pleno dia,Decrescente,Céu Claro,Múltipla,Reta,Sim,2,0,2,0,0,0,2,2,"-8,07583727","-34,97015791",SPRF-PE,DEL01-PE,UOP01-DEL01-PE
295157,2020-07-13,segunda-feira,06:20:00,PE,104,60,CARUARU,Falta de Atenção à Condução,Colisão lateral,Com Vítimas Feridas,Pleno dia,Decrescente,Céu Claro,Dupla,Reta,Sim,7,0,1,0,6,0,1,3,"-8,2438","-35,9752",SPRF-PE,DEL02-PE,UOP01-DEL02-PE
295162,2020-07-13,segunda-feira,06:50:00,PE,101,105,CABO DE SANTO AGOSTINHO,Falta de Atenção à Condução,Colisão traseira,Com Vítimas Feridas,Pleno dia,Decrescente,Céu Claro,Múltipla,Reta,Sim,2,0,1,0,1,0,1,2,"-8,30242751","-35,06989924",SPRF-PE,DEL01-PE,UOP03-DEL01-PE
295197,2020-07-13,segunda-feira,09:40:00,PE,232,"79,4",GRAVATA,Falta de Atenção do Pedestre,Atropelamento de Pedestre,Com Vítimas Feridas,Pleno dia,Decrescente,Céu Claro,Simples,Reta,Sim,2,0,1,0,1,0,1,2,"-8,19460572","-35,56074803",SPRF-PE,DEL02-PE,UOP02-DEL02PE
295292,2020-07-13,segunda-feira,19:10:00,PE,101,83,JABOATAO DOS GUARARAPES,Falta de Atenção à Condução,Colisão traseira,Sem Vítimas,Plena Noite,Crescente,Céu Claro,Dupla,Viaduto,Não,3,0,0,0,2,1,0,3,"-8,175172","-34,942642",SPRF-PE,DEL01-PE,UOP03-DEL01-PE
295343,2020-07-14,terça-feira,07:15:00,PE,232,"139,1",SAO CAITANO,Falta de Atenção à Condução,Queda de ocupante de veículo,Com Vítimas Feridas,Pleno dia,Crescente,Céu Claro,Dupla,Reta,Não,1,0,0,1,0,0,1,1,"-8,31947086","-36,06799801",SPRF-PE,DEL02-PE,UOP03-DEL02-PE
295380,2020-07-14,terça-feira,10:20:00,PE,428,"191,6",PETROLINA,Desobediência às normas de trânsito pelo condutor,Colisão traseira,Com Vítimas Feridas,Pleno dia,Decrescente,Céu Claro,Múltipla,Reta,Sim,2,0,0,1,1,0,1,2,"-9,37766429","-40,50269795",SPRF-PE,DEL06-PE,UOP01-DEL06-PE
295384,2020-07-14,terça-feira,13:20:00,PE,232,31,MORENO,Falta de Atenção à Condução,Colisão traseira,Sem Vítimas,Pleno dia,Decrescente,Céu Claro,Dupla,Curva,Não,3,0,0,0,0,3,0,2,"-8,10554","-35,159993",SPRF-PE,DEL02-PE,UOP02-DEL02PE
295398,2020-07-14,terça-feira,13:20:00,PE,232,31,MORENO,Falta de Atenção à Condução,Colisão com objeto estático,Com Vítimas Feridas,Pleno dia,Decrescente,Céu Claro,Dupla,Curva,Sim,2,0,1,0,1,0,1,1,"-8,105438","-35,160411",SPRF-PE,DEL02-PE,UOP02-DEL02PE
295431,2020-07-14,terça-feira,18:55:00,PE,101,66,RECIFE,Falta de Atenção à Condução,Colisão lateral,Com Vítimas Feridas,Plena Noite,Decrescente,Céu Claro,Múltipla,Reta,Sim,2,0,1,0,1,0,1,2,"-8,03368534","-34,94184125",SPRF-PE,DEL01-PE,UOP01-DEL01-PE
295441,2020-07-14,terça-feira,18:40:00,PE,423,98,GARANHUNS,Desobediência às normas de trânsito pelo condutor,Colisão transversal,Com Vítimas Feridas,Plena Noite,Decrescente,Vento,Múltipla,Viaduto,Sim,2,0,1,0,0,1,1,2,"-8,87617488","-36,50363499",SPRF-PE,DEL03-PE,UOP01-DEL03-PE
295442,2020-07-14,terça-feira,19:50:00,PE,428,"166,2",PETROLINA,Animais na Pista,Atropelamento de Animal,Com Vítimas Feridas,Plena Noite,Decrescente,Céu Claro,Simples,Reta,Não,1,0,1,0,0,0,1,1,"-9,20351495","-40,39417773",SPRF-PE,DEL06-PE,UOP01-DEL06-PE
295458,2020-07-14,terça-feira,18:00:00,PE,232,"374,9",CALUMBI,Falta de Atenção à Condução,Saída de leito carroçável,Com Vítimas Feridas,Anoitecer,Crescente,Céu Claro,Simples,Curva,Não,1,0,0,1,0,0,1,1,"-8,02455076","-38,00112995",SPRF-PE,DEL04-PE,UOP01-DEL04-PE
295506,2020-05-20,quarta-feira,18:00:00,PE,316,"41,9",ARARIPINA,Desobediência às normas de trânsito pelo condutor,Colisão transversal,Com Vítimas Feridas,Plena Noite,Decrescente,Céu Claro,Simples,Reta,Não,3,0,0,1,1,1,1,2,"-7,67084567","-40,38459884",SPRF-PE,DEL05-PE,UOP02-DEL05-PE
295520,2020-07-15,quarta-feira,08:05:00,PE,424,86,GARANHUNS,Falta de Atenção à Condução,Colisão lateral,Com Vítimas Fatais,Pleno dia,Decrescente,Nublado,Simples,Aclive;Reta                   ,Sim,4,1,1,0,2,0,1,2,"-8,869644","-36,508275",SPRF-PE,DEL03-PE,UOP01-DEL03-PE
295558,2020-07-15,quarta-feira,13:50:00,PE,101,"67,9",RECIFE,Falta de Atenção à Condução,Tombamento,Com Vítimas Feridas,Pleno dia,Crescente,Nublado,Dupla,Reta,Sim,1,0,0,1,0,0,1,1,"-8,049897","-34,945767",SPRF-PE,DEL01-PE,UOP01-DEL01-PE
295565,2020-07-15,quarta-feira,14:50:00,PE,104,"67,9",CARUARU,Defeito Mecânico no Veículo,Colisão com objeto estático,Sem Vítimas,Pleno dia,Crescente,Céu Claro,Dupla,Reta,Não,1,0,0,0,1,0,0,1,"-8,3016","-35,9882",SPRF-PE,DEL02-PE,UOP01-DEL02-PE
295566,2020-07-15,quarta-feira,15:30:00,PE,232,79,GRAVATA,Ingestão de Álcool,Colisão frontal,Sem Vítimas,Pleno dia,Decrescente,Céu Claro,Simples,Reta,Sim,2,0,0,0,2,0,0,2,"-8,19460572","-35,56074803",SPRF-PE,DEL02-PE,UOP02-DEL02PE
295622,2020-07-15,quarta-feira,22:00:00,PE,232,10,JABOATAO DOS GUARARAPES,Falta de Atenção à Condução,Colisão com objeto estático,Sem Vítimas,Plena Noite,Decrescente,Nublado,Dupla,Curva,Sim,1,0,0,0,1,0,0,1,"-8,081992","-34,991873",SPRF-PE,DEL01-PE,UOP01-DEL01-PE
295675,2020-07-16,quinta-feira,08:20:00,PE,101,"9,8",GOIANA,Pista Escorregadia,Saída de leito carroçável,Com Vítimas Feridas,Pleno dia,Decrescente,Chuva,Dupla,Reta;Declive                  ,Não,3,0,2,1,0,0,3,1,"-7,57788903","-34,98847822",SPRF-PE,DEL01-PE,UOP02-DEL01-PE
295772,2020-07-16,quinta-feira,22:45:00,PE,232,146,SAO CAITANO,Ingestão de Álcool,Queda de ocupante de veículo,Com Vítimas Feridas,Plena Noite,Decrescente,Céu Claro,Dupla,Reta,Sim,1,0,1,0,0,0,1,1,"-8,33218974","-36,12904312",SPRF-PE,DEL02-PE,UOP03-DEL02-PE
295788,2020-07-17,sexta-feira,02:00:00,PE,101,"70,5",RECIFE,Falta de Atenção do Pedestre,Saída de leito carroçável,Com Vítimas Feridas,Plena Noite,Crescente,Chuva,Múltipla,Reta,Sim,1,0,1,0,0,0,1,1,"-8,072945","-34,942836",SPRF-PE,DEL01-PE,UOP01-DEL01-PE
295843,2020-07-17,sexta-feira,10:50:00,PE,232,133,CARUARU,Ingestão de Álcool,Colisão traseira,Sem Vítimas,Pleno dia,Crescente,Sol,Dupla,Reta,Sim,2,0,0,0,2,0,0,2,"-8,30607988","-36,01576003",SPRF-PE,DEL02-PE,UOP03-DEL02-PE
295961,2020-07-17,sexta-feira,18:30:00,PE,101,152,RIBEIRAO,Pista Escorregadia,Colisão com objeto estático,Com Vítimas Feridas,Plena Noite,Decrescente,Chuva,Dupla,Curva,Sim,1,0,1,0,0,0,1,1,"-8,51119897","-35,38696321",SPRF-PE,DEL01-PE,UOP03-DEL01-PE
296053,2020-07-17,sexta-feira,16:00:00,PE,104,19,TAQUARITINGA DO NORTE,Desobediência às normas de trânsito pelo condutor,Colisão frontal,Com Vítimas Feridas,Pleno dia,Decrescente,Nublado,Simples,Desvio Temporário,Sim,2,0,1,0,1,0,1,2,"-7,953853","-36,128091",SPRF-PE,DEL02-PE,UOP01-DEL02-PE
296084,2020-07-18,sábado,11:00:00,PE,232,137,CARUARU,Desobediência às normas de trânsito pelo condutor,Colisão traseira,Com Vítimas Feridas,Pleno dia,Crescente,Nublado,Dupla,Reta,Não,3,0,2,0,1,0,2,2,"-8,31589863","-36,05040211",SPRF-PE,DEL02-PE,UOP03-DEL02-PE
296086,2020-07-18,sábado,10:30:00,PE,101,68,RECIFE,Não guardar distância de segurança,Colisão traseira,Com Vítimas Feridas,Pleno dia,Crescente,Céu Claro,Dupla,Aclive,Sim,4,0,2,0,2,0,2,2,"-8,05074296","-34,94580619",SPRF-PE,DEL01-PE,UOP01-DEL01-PE
296152,2020-07-18,sábado,18:00:00,PE,104,"58,2",CARUARU,Falta de Atenção à Condução,Colisão traseira,Sem Vítimas,Plena Noite,Crescente,Céu Claro,Dupla,Curva,Sim,4,0,0,0,4,0,0,2,"-8,2265","-35,9779",SPRF-PE,DEL02-PE,UOP01-DEL02-PE
296222,2020-07-18,sábado,23:00:00,PE,104,"30,1",TORITAMA,Falta de Atenção à Condução,Colisão transversal,Com Vítimas Fatais,Plena Noite,Crescente,Céu Claro,Simples,Reta,Sim,3,1,0,2,0,0,2,2,"-8,0137","-36,0565",SPRF-PE,DEL02-PE,UOP01-DEL02-PE
296332,2020-07-19,domingo,14:50:00,PE,316,52,TRINDADE,Falta de Atenção à Condução,Colisão transversal,Sem Vítimas,Pleno dia,Decrescente,Sol,Simples,Reta,Não,2,0,0,0,2,0,0,2,"-7,72840081","-40,30952084",SPRF-PE,DEL05-PE,UOP02-DEL05-PE
296348,2020-07-19,domingo,16:30:00,PE,423,"117,5",PARANATAMA,Não guardar distância de segurança,Colisão traseira,Com Vítimas Feridas,Anoitecer,Decrescente,Chuva,Simples,Reta,Não,3,0,1,0,2,0,1,2,"-8,90662085","-36,66901104",SPRF-PE,DEL03-PE,UOP01-DEL03-PE
296369,2020-07-19,domingo,19:00:00,PE,423,79,JUCATI,Falta de Atenção do Pedestre,Atropelamento de Pedestre,Com Vítimas Fatais,Plena Noite,Crescente,Chuva,Simples,Reta,Sim,2,1,0,0,0,1,0,2,"-8,75775101","-36,43052006",SPRF-PE,DEL03-PE,UOP01-DEL03-PE
296376,2020-07-19,domingo,19:20:00,PE,232,168,TACAIMBO,Desobediência às normas de trânsito pelo condutor,Colisão frontal,Com Vítimas Fatais,Plena Noite,Crescente,Chuva,Simples,Reta,Não,3,1,0,1,1,0,1,2,"-8,33986354","-36,32534101",SPRF-PE,DEL02-PE,UOP03-DEL02-PE
296384,2020-07-19,domingo,19:15:00,PE,116,15,SALGUEIRO,Ingestão de Álcool,Saída de leito carroçável,Com Vítimas Feridas,Plena Noite,Crescente,Céu Claro,Simples,Curva,Não,2,0,0,2,0,0,2,1,"-7,96973","-39,134618",SPRF-PE,DEL05-PE,UOP01-DEL05-PE
296398,2020-07-19,domingo,20:40:00,PE,232,"15,3",JABOATAO DOS GUARARAPES,Velocidade Incompatível,Capotamento,Com Vítimas Feridas,Plena Noite,Decrescente,Garoa/Chuvisco,Dupla,Reta,Não,2,0,1,0,0,1,1,1,"-8,091813","-35,029435",SPRF-PE,DEL01-PE,UOP01-DEL01-PE
296430,2020-07-19,domingo,22:00:00,PE,232,"55,9",POMBOS,Condutor Dormindo,Saída de leito carroçável,Com Vítimas Fatais,Plena Noite,Crescente,Céu Claro,Dupla,Reta,Não,1,1,0,0,0,0,0,1,"-8,137389","-35,373027",SPRF-PE,DEL02-PE,UOP02-DEL02PE
296434,2020-07-19,domingo,20:30:00,PE,232,510,SALGUEIRO,Ingestão de Álcool,Colisão frontal,Com Vítimas Fatais,Plena Noite,Decrescente,Céu Claro,Simples,Reta,Sim,3,1,0,1,0,1,1,2,"-8,067472","-39,13817",SPRF-PE,DEL05-PE,UOP01-DEL05-PE
296435,2020-07-19,domingo,23:40:00,PE,408,"74,2",PAUDALHO,Desobediência às normas de trânsito pelo condutor,Colisão frontal,Com Vítimas Fatais,Plena Noite,Crescente,Nublado,Múltipla,Reta,Sim,3,1,2,0,0,0,2,2,"-7,900035","-35,173148",SPRF-PE,DEL01-PE,UOP01-DEL01-PE
296468,2020-07-20,segunda-feira,06:20:00,PE,232,"99,9",BEZERROS,Condutor Dormindo,Saída de leito carroçável,Com Vítimas Feridas,Pleno dia,Crescente,Céu Claro,Dupla,Reta,Sim,1,0,1,0,0,0,1,1,"-8,2367277","-35,73401605",SPRF-PE,DEL02-PE,UOP02-DEL02PE
296621,2020-07-20,segunda-feira,22:50:00,PE,428,189,PETROLINA,Falta de Atenção à Condução,Capotamento,Com Vítimas Feridas,Plena Noite,Crescente,Nublado,Simples,Curva,Não,1,0,1,0,0,0,1,1,"-9,37197508","-40,48679585",SPRF-PE,DEL06-PE,UOP01-DEL06-PE
296660,2020-07-02,quinta-feira,06:30:00,PE,232,"25,1",MORENO,Restrição de Visibilidade,Colisão traseira,Com Vítimas Feridas,Pleno dia,Decrescente,Céu Claro,Dupla,Aclive;Reta                   ,Sim,3,0,1,0,2,0,1,3,"-8,112466","-35,109078",SPRF-PE,DEL02-PE,UOP02-DEL02PE
296693,2020-07-21,terça-feira,12:30:00,PE,408,"58,8",TRACUNHAEM,Falta de Atenção à Condução,Colisão transversal,Sem Vítimas,Pleno dia,Decrescente,Céu Claro,Simples,Reta,Sim,2,0,0,0,2,0,0,2,"-7,805074","-35,244063",SPRF-PE,DEL01-PE,UOP01-DEL01-PE
296716,2020-06-03,quarta-feira,17:55:00,PE,423,107,GARANHUNS,Falta de Atenção à Condução,Colisão transversal,Com Vítimas Feridas,Plena Noite,Crescente,Céu Claro,Simples,Reta,Não,5,0,2,1,2,0,3,3,"-8,8839803","-36,58154392",SPRF-PE,DEL03-PE,UOP01-DEL03-PE
296775,2020-07-21,terça-feira,19:50:00,PE,232,"20,7",MORENO,Animais na Pista,Atropelamento de Animal,Com Vítimas Feridas,Plena Noite,Decrescente,Nublado,Dupla,Reta,Não,4,0,3,0,1,0,3,2,"-8,09543537","-35,07136107",SPRF-PE,DEL01-PE,UOP01-DEL01-PE
296823,2020-07-22,quarta-feira,08:15:00,PE,101,69,RECIFE,Falta de Atenção à Condução,Colisão lateral,Com Vítimas Feridas,Pleno dia,Crescente,Céu Claro,Dupla,Reta,Sim,3,0,1,0,2,0,1,3,"-8,05951606","-34,94581024",SPRF-PE,DEL01-PE,UOP01-DEL01-PE
296830,2020-07-22,quarta-feira,09:30:00,PE,101,"47,9",ABREU E LIMA,Falta de Atenção à Condução,Colisão traseira,Sem Vítimas,Pleno dia,Crescente,Céu Claro,Múltipla,Reta;Aclive                   ,Sim,2,0,0,0,2,0,0,2,"-7,88290701","-34,90461208",SPRF-PE,DEL01-PE,UOP02-DEL01-PE
296848,2020-03-14,sábado,23:15:00,PE,101,"46,8",IGARASSU,Falta de Atenção do Pedestre,Atropelamento de Pedestre,Com Vítimas Feridas,Plena Noite,Crescente,Céu Claro,Dupla,Reta,Sim,2,0,1,0,0,1,1,2,"-7,87831","-34,90552",SPRF-PE,DEL01-PE,UOP02-DEL01-PE
296871,2020-03-16,segunda-feira,16:30:00,PE,232,75,GRAVATA,Avarias e/ou desgaste excessivo no pneu,Saída de leito carroçável,Sem Vítimas,Pleno dia,Decrescente,Céu Claro,Dupla,Reta,Não,1,0,0,0,1,0,0,1,"-8,19737799","-35,525476",SPRF-PE,DEL02-PE,UOP02-DEL02PE
296877,2020-07-22,quarta-feira,15:50:00,PE,101,101,CABO DE SANTO AGOSTINHO,Ingestão de Álcool,Colisão lateral,Sem Vítimas,Pleno dia,Crescente,Céu Claro,Dupla,Reta,Sim,2,0,0,0,2,0,0,2,"-8,2757433","-35,05378122",SPRF-PE,DEL01-PE,UOP03-DEL01-PE
296885,2020-07-22,quarta-feira,17:20:00,PE,232,290,SERTANIA,Desobediência às normas de trânsito pelo condutor,Colisão transversal,Com Vítimas Feridas,Anoitecer,Decrescente,Céu Claro,Simples,Reta,Sim,2,0,1,1,0,0,2,2,"-8,307139","-37,367389",SPRF-PE,DEL03-PE,UOP02-DEL03-PE
296932,2020-07-22,quarta-feira,17:40:00,PE,424,"72,9",CAETES,Falta de Atenção à Condução,Saída de leito carroçável,Com Vítimas Fatais,Plena Noite,Crescente,Garoa/Chuvisco,Simples,Reta,Não,6,2,0,2,2,0,2,2,"-8,78940416","-36,60582811",SPRF-PE,DEL03-PE,UOP01-DEL03-PE
296976,2020-07-23,quinta-feira,01:00:00,PE,428,"126,5",LAGOA GRANDE,Pista Escorregadia,Saída de leito carroçável,Sem Vítimas,Plena Noite,Decrescente,Nublado,Simples,Reta,Não,1,0,0,0,0,1,0,1,"-8,94448289","-40,15676804",SPRF-PE,DEL06-PE,UOP03-DEL06-PE
297025,2020-07-23,quinta-feira,07:30:00,PE,232,180,BELO JARDIM,Desobediência às normas de trânsito pelo condutor,Colisão transversal,Com Vítimas Feridas,Pleno dia,Crescente,Céu Claro,Simples,Reta,Sim,3,0,2,0,1,0,2,2,"-8,34449745","-36,4288801",SPRF-PE,DEL02-PE,UOP03-DEL02-PE
297028,2020-07-23,quinta-feira,14:15:00,PE,101,47,ABREU E LIMA,Falta de Atenção do Pedestre,Atropelamento de Pedestre,Com Vítimas Feridas,Pleno dia,Crescente,Céu Claro,Dupla,Reta,Sim,2,0,1,0,1,0,1,2,"-7,88290701","-34,90461208",SPRF-PE,DEL01-PE,UOP02-DEL01-PE
297030,2020-06-05,sexta-feira,17:00:00,PE,316,"56,6",TRINDADE,Falta de Atenção à Condução,Colisão transversal,Com Vítimas Feridas,Anoitecer,Decrescente,Céu Claro,Simples,Reta,Não,2,0,0,1,1,0,1,2,"-7,74380917","-40,27876107",SPRF-PE,DEL05-PE,UOP02-DEL05-PE
297062,2020-07-23,quinta-feira,17:25:00,PE,101,71,RECIFE,Pista Escorregadia,Tombamento,Com Vítimas Feridas,Plena Noite,Crescente,Chuva,Dupla,Reta,Sim,1,0,1,0,0,0,1,1,"-8,07663102","-34,94277871",SPRF-PE,DEL01-PE,UOP01-DEL01-PE
297069,2020-07-15,quarta-feira,06:30:00,PE,428,192,PETROLINA,Falta de Atenção à Condução,Colisão traseira,Com Vítimas Feridas,Amanhecer,Crescente,Ignorado,Dupla,Reta,Sim,2,0,0,1,0,1,1,2,"-9,38599856","-40,52314371",SPRF-PE,DEL06-PE,UOP01-DEL06-PE