id,data_inversa,dia_semana,horario,uf,br,km,municipio,causa_acidente,tipo_acidente,classificacao_acidente,fase_dia,sentido_via,condicao_metereologica,tipo_pista,tracado_via,uso_solo,pessoas,mortos,feridos_leves,feridos_graves,ilesos,ignorados,feridos,veiculos,latitude,longitude,regional,delegacia,uop
297071,2020-07-23,quinta-feira,17:40:00,PE,104,"42,7",CARUARU,Desobediência às normas de trânsito pelo condutor,Colisão transversal,Com Vítimas Feridas,Plena Noite,Crescente,Céu Claro,Dupla,Retorno Regulamentado,Sim,4,0,2,0,2,0,2,2,"-8,1047","-36,02423",SPRF-PE,DEL02-PE,UOP01-DEL02-PE
297146,2020-07-24,sexta-feira,08:10:00,PE,232,6,RECIFE,Não guardar distância de segurança,Colisão traseira,Com Vítimas Feridas,Pleno dia,Crescente,Céu Claro,Dupla,Reta,Não,2,0,1,0,1,0,1,2,"-8,07079525","-34,9535389",SPRF-PE,DEL01-PE,UOP01-DEL01-PE
297256,2020-07-24,sexta-feira,18:40:00,PE,101,"76,8",RECIFE,Desobediência às normas de trânsito pelo condutor,Atropelamento de Pedestre,Com Vítimas Feridas,Plena Noite,Crescente,Céu Claro,Dupla,Reta,Sim,2,0,0,1,1,0,1,2,"-8,11813811","-34,94329214",SPRF-PE,DEL01-PE,UOP01-DEL01-PE
297348,2020-07-25,sábado,09:10:00,PE,232,"78,9",GRAVATA,Desobediência às normas de trânsito pelo condutor,Colisão frontal,Com Vítimas Feridas,Pleno dia,Crescente,Céu Claro,Simples,Reta,Sim,3,0,1,0,2,0,1,2,"-8,19343658","-35,55186505",SPRF-PE,DEL02-PE,UOP02-DEL02PE
297353,2020-07-25,sábado,09:25:00,PE,101,68,RECIFE,Não guardar distância de segurança,Colisão traseira,Com Vítimas Feridas,Pleno dia,Decrescente,Nublado,Simples,Reta,Sim,3,0,1,0,2,0,1,2,"-8,053811","-34,946109",SPRF-PE,DEL01-PE,UOP01-DEL01-PE
297375,2020-07-25,sábado,11:30:00,PE,232,128,CARUARU,Ingestão de Álcool,Colisão traseira,Sem Vítimas,Pleno dia,Decrescente,Garoa/Chuvisco,Múltipla,Declive,Sim,2,0,0,0,2,0,0,2,"-8,30399306","-35,97216301",SPRF-PE,DEL02-PE,UOP03-DEL02-PE
297412,2020-07-25,sábado,12:30:00,PE,104,"29,9",TORITAMA,Falta de Atenção do Pedestre,Atropelamento de Pedestre,Com Vítimas Feridas,Pleno dia,Crescente,Céu Claro,Simples,Reta,Não,2,0,1,1,0,0,2,2,"-8,0078","-36,0621",SPRF-PE,DEL02-PE,UOP01-DEL02-PE
297420,2020-07-25,sábado,15:00:00,PE,408,"59,1",TRACUNHAEM,Desobediência às normas de trânsito pelo condutor,Colisão lateral,Com Vítimas Feridas,Pleno dia,Crescente,Céu Claro,Simples,Curva,Sim,8,0,1,0,3,4,1,3,"-7,808571","-35,242986",SPRF-PE,DEL01-PE,UOP01-DEL01-PE
297465,2020-07-25,sábado,19:30:00,PE,232,121,CARUARU,Velocidade Incompatível,Saída de leito carroçável,Com Vítimas Feridas,Plena Noite,Decrescente,Nublado,Dupla,Reta,Não,5,0,4,0,1,0,4,1,"-8,30018257","-35,91071184",SPRF-PE,DEL02-PE,UOP03-DEL02-PE
297471,2020-07-25,sábado,18:30:00,PE,428,192,PETROLINA,Desobediência às normas de trânsito pelo condutor,Colisão transversal,Sem Vítimas,Plena Noite,Crescente,Céu Claro,Simples,Interseção de Vias,Sim,2,0,0,0,2,0,0,2,"-9,38586435","-40,5234468",SPRF-PE,DEL06-PE,UOP01-DEL06-PE
297477,2020-07-25,sábado,20:20:00,PE,232,"69,2",GRAVATA,Falta de Atenção do Pedestre,Atropelamento de Pedestre,Com Vítimas Fatais,Plena Noite,Crescente,Chuva,Dupla,Reta,Não,2,1,0,0,0,1,0,2,"-8,17240309","-35,47993595",SPRF-PE,DEL02-PE,UOP02-DEL02PE
297495,2020-07-25,sábado,18:40:00,PE,424,"68,8",CAETES,Desobediência às normas de trânsito pelo condutor,Colisão frontal,Com Vítimas Feridas,Plena Noite,Crescente,Garoa/Chuvisco,Simples,Reta,Sim,3,0,0,2,0,1,2,2,"-8,76884574","-36,63537082",SPRF-PE,DEL03-PE,UOP01-DEL03-PE
297496,2020-07-25,sábado,19:30:00,PE,424,66,CAETES,Defeito Mecânico no Veículo,Colisão frontal,Com Vítimas Feridas,Plena Noite,Crescente,Céu Claro,Simples,Reta,Não,4,0,0,1,3,0,1,2,"-8,75960275","-36,65067654",SPRF-PE,DEL03-PE,UOP01-DEL03-PE
297513,2020-07-25,sábado,21:30:00,PE,316,"21,5",ARARIPINA,Desobediência às normas de trânsito pelo condutor,Colisão frontal,Com Vítimas Fatais,Plena Noite,Decrescente,Vento,Simples,Reta,Não,2,1,0,0,0,1,0,2,"-7,56839315","-40,52717307",SPRF-PE,DEL05-PE,UOP02-DEL05-PE
297522,2020-07-26,domingo,00:30:00,PE,101,"29,9",IGARASSU,Condutor Dormindo,Saída de leito carroçável,Com Vítimas Feridas,Plena Noite,Crescente,Nublado,Dupla,Declive;Curva                 ,Não,1,0,1,0,0,0,1,1,"-7,72939697","-34,94185854",SPRF-PE,DEL01-PE,UOP02-DEL01-PE
297581,2020-07-26,domingo,08:00:00,PE,101,51,ABREU E LIMA,Desobediência às normas de trânsito pelo condutor,Colisão lateral,Com Vítimas Feridas,Pleno dia,Decrescente,Chuva,Dupla,Interseção de Vias,Sim,3,0,2,0,1,0,2,2,"-7,9169968","-34,89689272",SPRF-PE,DEL01-PE,UOP02-DEL01-PE
297592,2020-07-25,sábado,01:00:00,PE,101,93,CABO DE SANTO AGOSTINHO,Velocidade Incompatível,Capotamento,Sem Vítimas,Plena Noite,Decrescente,Nublado,Dupla,Reta,Não,1,0,0,0,0,1,0,1,"-8,2396419","-35,00335418",SPRF-PE,DEL01-PE,UOP03-DEL01-PE
297628,2020-07-26,domingo,00:30:00,PE,101,"89,5",CABO DE SANTO AGOSTINHO,Desobediência às normas de trânsito pelo condutor,Capotamento,Com Vítimas Feridas,Plena Noite,Crescente,Chuva,Dupla,Reta,Não,1,0,0,1,0,0,1,1,"-8,19120206","-34,97449985",SPRF-PE,DEL01-PE,UOP03-DEL01-PE
297652,2020-07-26,domingo,16:30:00,PE,101,82,JABOATAO DOS GUARARAPES,Desobediência às normas de trânsito pelo condutor,Colisão lateral,Com Vítimas Feridas,Pleno dia,Crescente,Nublado,Dupla,Reta,Sim,2,0,1,0,0,1,1,2,"-8,168383","-34,9376",SPRF-PE,DEL01-PE,UOP03-DEL01-PE
297699,2020-07-26,domingo,19:20:00,PE,101,80,JABOATAO DOS GUARARAPES,Falta de Atenção à Condução,Colisão lateral,Com Vítimas Feridas,Plena Noite,Crescente,Nublado,Dupla,Reta,Sim,1,0,0,1,0,0,1,1,"-8,15112589","-34,9428866",SPRF-PE,DEL01-PE,UOP03-DEL01-PE
297749,2020-07-27,segunda-feira,00:40:00,PE,101,49,ABREU E LIMA,Não guardar distância de segurança,Colisão lateral,Sem Vítimas,Plena Noite,Decrescente,Céu Claro,Dupla,Reta,Sim,2,0,0,0,2,0,0,2,"-7,9005152","-34,90180641",SPRF-PE,DEL01-PE,UOP02-DEL01-PE
297760,2020-07-26,domingo,19:00:00,PE,232,"304,9",SERTANIA,Animais na Pista,Atropelamento de Animal,Com Vítimas Fatais,Plena Noite,Crescente,Vento,Simples,Reta,Não,4,2,0,2,0,0,2,2,"-8,19782708","-37,43527912",SPRF-PE,DEL03-PE,UOP02-DEL03-PE
297797,2020-07-27,segunda-feira,06:45:00,PE,316,"260,1",BELEM DE SAO FRANCISCO,Não guardar distância de segurança,Colisão traseira,Com Vítimas Fatais,Pleno dia,Crescente,Céu Claro,Simples,Reta,Não,2,1,0,0,0,1,0,2,"-8,74126666","-38,94251118",SPRF-PE,DEL05-PE,UOP03-DEL05-PE
297803,2020-07-27,segunda-feira,08:50:00,PE,101,"57,7",PAULISTA,Desobediência às normas de trânsito pelo condutor,Colisão lateral,Com Vítimas Feridas,Pleno dia,Crescente,Sol,Dupla,Reta,Sim,2,0,1,0,0,1,1,2,"-7,96346213","-34,91513486",SPRF-PE,DEL01-PE,UOP02-DEL01-PE
297828,2020-07-27,segunda-feira,10:30:00,PE,104,19,TAQUARITINGA DO NORTE,Falta de Atenção à Condução,Colisão transversal,Com Vítimas Feridas,Pleno dia,Crescente,Sol,Simples,Reta,Sim,2,0,1,0,1,0,1,2,"-7,947535","-36,127937",SPRF-PE,DEL02-PE,UOP01-DEL02-PE
297846,2020-07-27,segunda-feira,11:30:00,PE,110,220,PETROLANDIA,Falta de Atenção à Condução,Colisão traseira,Com Vítimas Feridas,Pleno dia,Decrescente,Céu Claro,Simples,Reta,Não,2,0,1,0,1,0,1,2,"-9,00341169","-38,21749439",SPRF-BA,DEL07-BA,UOP01-DEL07-BA
297884,2020-07-27,segunda-feira,16:00:00,PE,407,125,PETROLINA,Defeito Mecânico no Veículo,Colisão traseira,Sem Vítimas,Pleno dia,Decrescente,Sol,Dupla,Reta,Sim,2,0,0,0,1,1,0,2,"-9,3797381","-40,53327031",SPRF-PE,DEL06-PE,UOP01-DEL06-PE
297918,2020-07-27,segunda-feira,18:15:00,PE,407,126,PETROLINA,Desobediência às normas de trânsito pelo condutor,Colisão transversal,Com Vítimas Feridas,Pleno dia,Decrescente,Sol,Simples,Rotatória,Sim,2,0,2,0,0,0,2,2,"-9,38491309","-40,52809509",SPRF-PE,DEL06-PE,UOP01-DEL06-PE
297959,2020-07-28,terça-feira,03:25:00,PE,232,509,SALGUEIRO,Ingestão de Álcool,Tombamento,Com Vítimas Feridas,Plena Noite,Decrescente,Céu Claro,Simples,Reta,Sim,1,0,1,0,0,0,1,1,"-8,06449154","-39,1298447",SPRF-PE,DEL05-PE,UOP01-DEL05-PE
297983,2020-07-28,terça-feira,08:10:00,PE,428,187,PETROLINA,Desobediência às normas de trânsito pelo condutor,Colisão transversal,Com Vítimas Feridas,Pleno dia,Crescente,Céu Claro,Simples,Reta,Sim,2,0,1,0,0,1,1,2,"-9,35604301","-40,47854198",SPRF-PE,DEL06-PE,UOP01-DEL06-PE
297987,2020-07-28,terça-feira,08:15:00,PE,232,"113,9",BEZERROS,Defeito na Via,Colisão com objeto estático,Com Vítimas Fatais,Pleno dia,Decrescente,Céu Claro,Dupla,Reta,Sim,2,1,0,0,1,0,0,2,"-8,29906533","-35,8402169",SPRF-PE,DEL02-PE,UOP03-DEL02-PE
297993,2020-07-28,terça-feira,08:40:00,PE,232,7,RECIFE,Falta de Atenção à Condução,Queda de ocupante de veículo,Com Vítimas Feridas,Pleno dia,Decrescente,Céu Claro,Dupla,Reta,Sim,1,0,0,1,0,0,1,1,"-8,07333497","-34,96184301",SPRF-PE,DEL01-PE,UOP01-DEL01-PE
298003,2020-07-28,terça-feira,10:35:00,PE,101,"41,7",IGARASSU,Não guardar distância de segurança,Colisão traseira,Com Vítimas Feridas,Pleno dia,Crescente,Céu Claro,Dupla,Reta,Sim,3,0,1,0,1,1,1,2,"-7,83038346","-34,91426785",SPRF-PE,DEL01-PE,UOP02-DEL01-PE
298036,2020-06-11,quinta-feira,19:00:00,PE,101,"51,3",ABREU E LIMA,Não guardar distância de segurança,Colisão transversal,Com Vítimas Feridas,Plena Noite,Decrescente,Céu Claro,Múltipla,Reta,Sim,2,0,1,0,1,0,1,2,"-7,9169968","-34,89689272",SPRF-PE,DEL01-PE,UOP02-DEL01-PE
298066,2020-07-28,terça-feira,18:45:00,PE,428,"185,8",PETROLINA,Desobediência às normas de trânsito pelo condutor,Colisão transversal,Com Vítimas Feridas,Plena Noite,Decrescente,Céu Claro,Simples,Retorno Regulamentado,Não,2,0,1,0,1,0,1,2,"-9,35083515","-40,47569275",SPRF-PE,DEL06-PE,UOP01-DEL06-PE
298103,2020-03-20,sexta-feira,21:20:00,PE,428,185,PETROLINA,Animais na Pista,Queda de ocupante de veículo,Com Vítimas Feridas,Plena Noite,Decrescente,Nublado,Simples,Reta,Sim,2,0,0,2,0,0,2,1,"-9,35482714","-40,47781337",SPRF-PE,DEL06-PE,UOP01-DEL06-PE
298173,2020-07-29,quarta-feira,12:00:00,PE,408,"102,8",RECIFE,Animais na Pista,Atropelamento de Animal,Com Vítimas Feridas,Pleno dia,Decrescente,Nublado,Dupla,Reta,Sim,1,0,1,0,0,0,1,1,"-8,058661","-34,992803",SPRF-PE,DEL01-PE,UOP01-DEL01-PE
298189,2020-07-29,quarta-feira,13:08:00,PE,428,"189,8",PETROLINA,Falta de Atenção à Condução,Colisão traseira,Com Vítimas Feridas,Pleno dia,Crescente,Céu Claro,Dupla,Retorno Regulamentado,Não,3,0,1,0,1,1,1,3,"-9,37779204","-40,50395787",SPRF-PE,DEL06-PE,UOP01-DEL06-PE
298267,2020-07-29,quarta-feira,21:00:00,PE,428,"44,9",OROCO,Animais na Pista,Atropelamento de Animal,Sem Vítimas,Plena Noite,Decrescente,Céu Claro,Simples,Reta,Não,1,0,0,0,1,0,0,1,"-8,58333522","-39,58547861",SPRF-PE,DEL05-PE,UOP03-DEL05-PE
298289,2020-07-30,quinta-feira,07:30:00,PE,101,"84,6",JABOATAO DOS GUARARAPES,Falta de Atenção à Condução,Colisão transversal,Com Vítimas Fatais,Pleno dia,Decrescente,Céu Claro,Dupla,Curva,Não,3,1,0,0,0,2,0,3,"-8,178674","-34,956426",SPRF-PE,DEL01-PE,UOP03-DEL01-PE
298303,2020-07-30,quinta-feira,08:25:00,PE,232,"113,4",BEZERROS,Falta de Atenção à Condução,Colisão traseira,Com Vítimas Feridas,Pleno dia,Crescente,Sol,Dupla,Curva,Sim,3,0,2,0,1,0,2,2,"-8,29729696","-35,83146101",SPRF-PE,DEL02-PE,UOP03-DEL02-PE
298327,2020-07-30,quinta-feira,11:50:00,PE,428,185,PETROLINA,Falta de Atenção à Condução,Capotamento,Com Vítimas Feridas,Pleno dia,Crescente,Céu Claro,Simples,Reta,Não,1,0,1,0,0,0,1,1,"-9,34009199","-40,47032001",SPRF-PE,DEL06-PE,UOP01-DEL06-PE
298369,2020-07-30,quinta-feira,16:20:00,PE,232,"9,4",JABOATAO DOS GUARARAPES,Ingestão de Álcool,Colisão traseira,Sem Vítimas,Pleno dia,Decrescente,Sol,Dupla,Reta,Sim,2,0,0,0,2,0,0,2,"-8,07764447","-34,97863609",SPRF-PE,DEL01-PE,UOP01-DEL01-PE
298380,2020-07-30,quinta-feira,15:30:00,PE,101,199,PALMARES,Condutor Dormindo,Colisão com objeto estático,Sem Vítimas,Pleno dia,Decrescente,Céu Claro,Dupla,Curva,Não,2,0,0,0,2,0,0,2,"-8,76435921","-35,61464773",SPRF-PE,DEL01-PE,UOP03-DEL01-PE
298454,2020-07-31,sexta-feira,01:30:00,PE,232,167,TACAIMBO,Defeito Mecânico no Veículo,Incêndio,Sem Vítimas,Plena Noite,Crescente,Nublado,Simples,Reta,Não,3,0,0,0,3,0,0,1,"-8,33895664","-36,31633104",SPRF-PE,DEL02-PE,UOP03-DEL02-PE
298465,2020-07-31,sexta-feira,06:30:00,PE,101,81,JABOATAO DOS GUARARAPES,Falta de Atenção à Condução,Colisão transversal,Com Vítimas Feridas,Pleno dia,Crescente,Nublado,Simples,Interseção de Vias,Sim,2,0,2,0,0,0,2,2,"-8,15984","-34,938669",SPRF-PE,DEL01-PE,UOP03-DEL01-PE
298477,2020-07-31,sexta-feira,07:20:00,PE,101,81,JABOATAO DOS GUARARAPES,Falta de Atenção à Condução,Atropelamento de Animal,Com Vítimas Feridas,Pleno dia,Decrescente,Nublado,Múltipla,Reta,Sim,1,0,1,0,0,0,1,1,"-8,1597489","-34,94024569",SPRF-PE,DEL01-PE,UOP03-DEL01-PE
298530,2020-07-31,sexta-feira,12:40:00,PE,101,86,JABOATAO DOS GUARARAPES,Defeito Mecânico no Veículo,Colisão com objeto em movimento,Com Vítimas Feridas,Pleno dia,Decrescente,Céu Claro,Dupla,Reta,Não,3,0,2,0,1,0,2,2,"-8,18470013","-34,96816895",SPRF-PE,DEL01-PE,UOP03-DEL01-PE
298604,2020-07-31,sexta-feira,15:30:00,PE,101,100,CABO DE SANTO AGOSTINHO,Falta de Atenção à Condução,Colisão transversal,Sem Vítimas,Pleno dia,Crescente,Nublado,Dupla,Reta,Sim,2,0,0,0,2,0,0,2,"-8,287053","-35,038865",SPRF-PE,DEL01-PE,UOP03-DEL01-PE
298622,2020-07-31,sexta-feira,19:40:00,PE,232,176,BELO JARDIM,Animais na Pista,Atropelamento de Animal,Com Vítimas Feridas,Plena Noite,Crescente,Céu Claro,Simples,Reta,Não,2,0,1,0,1,0,1,1,"-8,34573608","-36,39481995",SPRF-PE,DEL02-PE,UOP03-DEL02-PE
298631,2020-07-31,sexta-feira,19:20:00,PE,110,"257,8",JATOBA,Defeito na Via,Saída de leito carroçável,Com Vítimas Feridas,Plena Noite,Decrescente,Chuva,Simples,Reta,Não,6,0,1,0,5,0,1,1,"-9,26903701","-38,22364301",SPRF-BA,DEL07-BA,UOP01-DEL07-BA
298635,2020-07-31,sexta-feira,21:20:00,PE,232,414,SERRA TALHADA,Ingestão de álcool e/ou substâncias psicoativas pelo pedestre,Tombamento,Sem Vítimas,Plena Noite,Crescente,Céu Claro,Simples,Reta,Sim,1,0,0,0,1,0,0,1,"-7,98686015","-38,32662106",SPRF-PE,DEL04-PE,UOP01-DEL04-PE
298701,2020-08-01,sábado,07:20:00,PE,232,"76,8",GRAVATA,Falta de Atenção à Condução,Tombamento,Com Vítimas Feridas,Pleno dia,Decrescente,Chuva,Dupla,Reta,Não,1,0,1,0,0,0,1,1,"-8,193868","-35,542004",SPRF-PE,DEL02-PE,UOP02-DEL02PE
298708,2020-08-01,sábado,09:03:00,PE,232,"409,9",SERRA TALHADA,Desobediência às normas de trânsito pelo condutor,Colisão transversal,Com Vítimas Feridas,Pleno dia,Decrescente,Céu Claro,Simples,Retorno Regulamentado,Sim,3,0,1,0,2,0,1,2,"-7,981944","-38,289467",SPRF-PE,DEL04-PE,UOP01-DEL04-PE
298735,2020-08-01,sábado,12:15:00,PE,101,"46,8",IGARASSU,Falta de Atenção à Condução,Colisão transversal,Com Vítimas Feridas,Pleno dia,Crescente,Céu Claro,Múltipla,Reta;Declive                  ,Sim,2,0,0,1,1,0,1,2,"-7,87406004","-34,90588126",SPRF-PE,DEL01-PE,UOP02-DEL01-PE
298739,2020-08-01,sábado,12:30:00,PE,232,"83,4",GRAVATA,Desobediência às normas de trânsito pelo condutor,Colisão lateral,Com Vítimas Feridas,Pleno dia,Crescente,Céu Claro,Dupla,Curva,Não,3,0,1,0,1,1,1,2,"-8,2024868","-35,59542005",SPRF-PE,DEL02-PE,UOP02-DEL02PE
298831,2020-07-31,sexta-feira,15:30:00,PE,232,410,SERRA TALHADA,Desobediência às normas de trânsito pelo condutor,Colisão transversal,Com Vítimas Feridas,Pleno dia,Crescente,Céu Claro,Simples,Reta,Sim,2,0,0,1,1,0,1,2,"-7,98261841","-38,30039606",SPRF-PE,DEL04-PE,UOP01-DEL04-PE
298834,2020-08-01,sábado,20:50:00,PE,104,"71,1",CARUARU,Falta de Atenção à Condução,Saída de leito carroçável,Com Vítimas Feridas,Plena Noite,Decrescente,Chuva,Dupla,Reta,Não,4,0,2,0,2,0,2,1,"-8,3333","-35,9814",SPRF-PE,DEL02-PE,UOP01-DEL02-PE
298949,2020-08-02,domingo,09:30:00,PE,232,"377,6",FLORES,Falta de Atenção à Condução,Tombamento,Com Vítimas Feridas,Pleno dia,Decrescente,Céu Claro,Simples,Reta,Sim,2,0,2,0,0,0,2,1,"-8,03386107","-38,02501395",SPRF-PE,DEL04-PE,UOP01-DEL04-PE
299024,2020-08-02,domingo,18:00:00,PE,232,147,SAO CAITANO,Falta de Atenção à Condução,Colisão transversal,Com Vítimas Feridas,Plena Noite,Crescente,Céu Claro,Simples,Reta,Sim,3,0,1,0,2,0,1,2,"-8,33412469","-36,13437837",SPRF-PE,DEL02-PE,UOP03-DEL02-PE
299086,2020-08-02,domingo,20:45:00,PE,428,"188,5",PETROLINA,Desobediência às normas de trânsito pelo pedestre,Atropelamento de Pedestre,Com Vítimas Feridas,Plena Noite,Crescente,Céu Claro,Simples,Reta,Sim,3,0,3,0,0,0,3,2,"-9,37552561","-40,49262583",SPRF-PE,DEL06-PE,UOP01-DEL06-PE
299126,2020-08-03,segunda-feira,00:05:00,PE,104,"27,7",TORITAMA,Desobediência às normas de trânsito pelo condutor,Colisão frontal,Sem Vítimas,Plena Noite,Decrescente,Céu Claro,Simples,Reta,Não,2,0,0,0,1,1,0,2,"-8,0051","-36,0804",SPRF-PE,DEL02-PE,UOP01-DEL02-PE
299159,2020-08-03,segunda-feira,07:15:00,PE,101,47,IGARASSU,Falta de Atenção do Pedestre,Atropelamento de Pedestre,Com Vítimas Fatais,Pleno dia,Crescente,Céu Claro,Múltipla,Reta,Sim,2,1,0,0,1,0,0,2,"-7,88290701","-34,90461208",SPRF-PE,DEL01-PE,UOP02-DEL01-PE
299170,2020-08-03,segunda-feira,05:40:00,PE,232,"65,4",GRAVATA,Avarias e/ou desgaste excessivo no pneu,Saída de leito carroçável,Com Vítimas Feridas,Amanhecer,Crescente,Céu Claro,Simples,Reta,Não,2,0,2,0,0,0,2,1,"-8,16454496","-35,44785302",SPRF-PE,DEL02-PE,UOP02-DEL02PE
299201,2020-08-03,segunda-feira,10:04:00,PE,423,"95,9",GARANHUNS,Defeito Mecânico no Veículo,Saída de leito carroçável,Com Vítimas Feridas,Pleno dia,Decrescente,Céu Claro,Simples,Declive,Sim,2,0,2,0,0,0,2,1,"-8,881607","-36,48778",SPRF-PE,DEL03-PE,UOP01-DEL03-PE
299216,2020-08-03,segunda-feira,11:40:00,PE,101,"79,5",JABOATAO DOS GUARARAPES,Defeito Mecânico no Veículo,Queda de ocupante de veículo,Com Vítimas Feridas,Pleno dia,Decrescente,Céu Claro,Dupla,Reta,Sim,1,0,1,0,0,0,1,1,"-8,14366112","-34,94723453",SPRF-PE,DEL01-PE,UOP01-DEL01-PE
299218,2020-08-03,segunda-feira,12:55:00,PE,232,131,CARUARU,Defeito na Via,Colisão traseira,Sem Vítimas,Pleno dia,Decrescente,Céu Claro,Dupla,Reta,Não,3,0,0,0,3,0,0,2,"-8,30117613","-35,99843996",SPRF-PE,DEL02-PE,UOP03-DEL02-PE
299386,2020-08-04,terça-feira,10:45:00,PE,101,57,PAULISTA,Desobediência às normas de trânsito pelo condutor,Colisão transversal,Com Vítimas Feridas,Pleno dia,Crescente,Céu Claro,Dupla,Reta,Sim,2,0,1,0,1,0,1,2,"-7,96346213","-34,91513486",SPRF-PE,DEL01-PE,UOP02-DEL01-PE
299390,2020-08-04,terça-feira,11:05:00,PE,407,"124,1",PETROLINA,Desobediência às normas de trânsito pelo condutor,Colisão transversal,Sem Vítimas,Pleno dia,Decrescente,Céu Claro,Dupla,Rotatória,Sim,2,0,0,0,2,0,0,2,"-9,36929881","-40,54137139",SPRF-PE,DEL06-PE,UOP01-DEL06-PE
299392,2020-08-04,terça-feira,11:20:00,PE,232,"8,6",RECIFE,Defeito na Via,Colisão traseira,Com Vítimas Feridas,Pleno dia,Crescente,Sol,Dupla,Retorno Regulamentado,Sim,2,0,1,0,1,0,1,2,"-8,07583727","-34,97015791",SPRF-PE,DEL01-PE,UOP01-DEL01-PE
299464,2020-08-04,terça-feira,18:45:00,PE,101,"188,2",PALMARES,Falta de Atenção à Condução,Colisão transversal,Com Vítimas Feridas,Plena Noite,Crescente,Céu Claro,Dupla,Reta,Sim,3,0,2,0,1,0,2,2,"-8,6909807","-35,5954771",SPRF-PE,DEL01-PE,UOP03-DEL01-PE
299569,2020-08-05,quarta-feira,11:00:00,PE,101,"58,9",RECIFE,Animais na Pista,Engavetamento,Com Vítimas Feridas,Pleno dia,Crescente,Céu Claro,Dupla,Curva,Sim,4,0,1,1,1,1,2,3,"-7,97063209","-34,92064675",SPRF-PE,DEL01-PE,UOP02-DEL01-PE
299597,2020-08-05,quarta-feira,14:30:00,PE,104,"102,8",CUPIRA,Ingestão de Álcool,Atropelamento de Animal,Com Vítimas Feridas,Pleno dia,Decrescente,Céu Claro,Simples,Aclive,Não,2,0,1,0,1,0,1,2,"-8,581185","-35,950191",SPRF-PE,DEL02-PE,UOP01-DEL02-PE
299683,2020-08-05,quarta-feira,22:00:00,PE,232,"410,2",SERRA TALHADA,Ingestão de Álcool,Colisão traseira,Com Vítimas Feridas,Plena Noite,Decrescente,Céu Claro,Simples,Reta,Sim,3,0,1,0,1,1,1,3,"-7,98261841","-38,30039606",SPRF-PE,DEL04-PE,UOP01-DEL04-PE
299760,2020-08-06,quinta-feira,09:55:00,PE,101,"68,8",RECIFE,Avarias e/ou desgaste excessivo no pneu,Queda de ocupante de veículo,Com Vítimas Feridas,Pleno dia,Crescente,Céu Claro,Dupla,Reta,Sim,2,0,2,0,0,0,2,1,"-8,05074296","-34,94580619",SPRF-PE,DEL01-PE,UOP01-DEL01-PE
299767,2020-08-06,quinta-feira,13:25:00,PE,104,"87,8",AGRESTINA,Falta de Atenção à Condução,Colisão traseira,Sem Vítimas,Pleno dia,Decrescente,Céu Claro,Simples,Interseção de Vias,Sim,2,0,0,0,2,0,0,2,"-8,454104","-35,945515",SPRF-PE,DEL02-PE,UOP01-DEL02-PE
299873,2020-08-07,sexta-feira,04:45:00,PE,101,35,ITAPISSUMA,Objeto estático sobre o leito carroçável,Colisão com objeto estático,Com Vítimas Feridas,Amanhecer,Decrescente,Céu Claro,Dupla,Reta,Não,1,0,1,0,0,0,1,1,"-7,77952193","-34,93231384",SPRF-PE,DEL01-PE,UOP02-DEL01-PE
299897,2020-08-07,sexta-feira,08:01:00,PE,316,22,ARARIPINA,Desobediência às normas de trânsito pelo condutor,Colisão transversal,Com Vítimas Feridas,Pleno dia,Decrescente,Céu Claro,Simples,Interseção de Vias,Sim,3,0,0,1,2,0,1,2,"-7,57652042","-40,5155611",SPRF-PE,DEL05-PE,UOP02-DEL05-PE
299927,2020-08-07,sexta-feira,11:42:00,PE,232,"126,4",CARUARU,Falta de Atenção à Condução,Colisão frontal,Com Vítimas Feridas,Pleno dia,Decrescente,Céu Claro,Simples,Curva,Sim,3,0,1,1,1,0,2,2,"-8,306898","-35,964266",SPRF-PE,DEL02-PE,UOP03-DEL02-PE
299941,2020-08-07,sexta-feira,12:35:00,PE,101,"73,7",RECIFE,Falta de Atenção à Condução,Colisão transversal,Com Vítimas Feridas,Pleno dia,Decrescente,Sol,Dupla,Reta,Sim,3,0,1,0,1,1,1,2,"-8,093369","-34,947464",SPRF-PE,DEL01-PE,UOP01-DEL01-PE
299984,2020-08-07,sexta-feira,16:50:00,PE,101,46,IGARASSU,Desobediência às normas de trânsito pelo condutor,Colisão transversal,Com Vítimas Feridas,Anoitecer,Crescente,Céu Claro,Dupla,Reta,Sim,2,0,1,0,1,0,1,2,"-7,87406004","-34,90588126",SPRF-PE,DEL01-PE,UOP02-DEL01-PE
300010,2020-08-07,sexta-feira,17:45:00,PE,232,"9,2",JABOATAO DOS GUARARAPES,Ultrapassagem Indevida,Colisão lateral,Com Vítimas Feridas,Anoitecer,Decrescente,Nublado,Dupla,Reta,Sim,2,0,1,0,1,0,1,2,"-8,07866902","-34,98324752",SPRF-PE,DEL01-PE,UOP01-DEL01-PE
300062,2020-08-07,sexta-feira,21:15:00,PE,101,150,RIBEIRAO,Animais na Pista,Atropelamento de Animal,Sem Vítimas,Plena Noite,Decrescente,Nublado,Dupla,Reta,Não,1,0,0,0,1,0,0,1,"-8,49669957","-35,38211017",SPRF-PE,DEL01-PE,UOP03-DEL01-PE