id,data_inversa,dia_semana,horario,uf,br,km,municipio,causa_acidente,tipo_acidente,classificacao_acidente,fase_dia,sentido_via,condicao_metereologica,tipo_pista,tracado_via,uso_solo,pessoas,mortos,feridos_leves,feridos_graves,ilesos,ignorados,feridos,veiculos,latitude,longitude,regional,delegacia,uop
300099,2020-08-08,sábado,00:30:00,PE,408,"69,2",PAUDALHO,Desobediência às normas de trânsito pelo condutor,Colisão frontal,Com Vítimas Fatais,Plena Noite,Crescente,Chuva,Dupla,Reta,Não,2,1,0,0,0,1,0,2,"-7,87058","-35,201558",SPRF-PE,DEL01-PE,UOP01-DEL01-PE
300131,2020-08-08,sábado,05:30:00,PE,407,"129,7",PETROLINA,Ingestão de Álcool,Colisão traseira,Com Vítimas Feridas,Amanhecer,Crescente,Céu Claro,Dupla,Reta,Não,3,0,1,0,2,0,1,3,"-9,40395521","-40,50404353",SPRF-PE,DEL06-PE,UOP01-DEL06-PE
300229,2020-08-08,sábado,15:30:00,PE,423,"94,5",GARANHUNS,Desobediência às normas de trânsito pelo condutor,Colisão lateral,Com Vítimas Feridas,Pleno dia,Crescente,Nublado,Simples,Reta,Sim,2,0,0,1,1,0,1,2,"-8,87796953","-36,47601485",SPRF-PE,DEL03-PE,UOP01-DEL03-PE
300263,2020-08-08,sábado,18:19:00,PE,101,"46,3",ABREU E LIMA,Falta de Atenção do Pedestre,Atropelamento de Pedestre,Sem Vítimas,Plena Noite,Crescente,Céu Claro,Múltipla,Reta,Sim,2,0,0,0,1,1,0,2,"-7,87406004","-34,90588126",SPRF-PE,DEL01-PE,UOP02-DEL01-PE
300314,2020-08-08,sábado,22:40:00,PE,101,69,RECIFE,Pista Escorregadia,Saída de leito carroçável,Com Vítimas Feridas,Plena Noite,Crescente,Chuva,Simples,Curva,Sim,1,0,1,0,0,0,1,1,"-8,05951606","-34,94581024",SPRF-PE,DEL01-PE,UOP01-DEL01-PE
300348,2020-08-09,domingo,02:20:00,PE,101,"71,8",RECIFE,Avarias e/ou desgaste excessivo no pneu,Colisão com objeto estático,Com Vítimas Fatais,Plena Noite,Decrescente,Chuva,Dupla,Curva,Sim,1,1,0,0,0,0,0,1,"-8,08493106","-34,9450639",SPRF-PE,DEL01-PE,UOP01-DEL01-PE
300385,2020-08-09,domingo,09:45:00,PE,101,"52,8",PAULISTA,Falta de Atenção à Condução,Colisão traseira,Com Vítimas Feridas,Pleno dia,Decrescente,Chuva,Dupla,Reta,Sim,2,0,1,0,1,0,1,2,"-7,93016646","-34,89925817",SPRF-PE,DEL01-PE,UOP02-DEL01-PE
300391,2020-08-09,domingo,08:30:00,PE,101,"71,2",RECIFE,Não guardar distância de segurança,Colisão traseira,Com Vítimas Feridas,Pleno dia,Crescente,Céu Claro,Dupla,Reta,Sim,2,0,1,0,1,0,1,2,"-8,078827","-34,943202",SPRF-PE,DEL01-PE,UOP01-DEL01-PE
300394,2020-08-09,domingo,10:00:00,PE,424,"91,7",GARANHUNS,Falta de Atenção à Condução,Colisão lateral,Com Vítimas Feridas,Pleno dia,Crescente,Nublado,Simples,Curva,Sim,3,0,0,2,0,1,2,2,"-8,90409633","-36,49974647",SPRF-PE,DEL03-PE,UOP01-DEL03-PE
300465,2020-08-09,domingo,18:20:00,PE,408,"53,6",NAZARE DA MATA,Desobediência às normas de trânsito pelo condutor,Colisão frontal,Com Vítimas Feridas,Plena Noite,Crescente,Nublado,Simples,Reta,Não,2,0,0,1,1,0,1,2,"-7,7544279","-35,23291346",SPRF-PE,DEL01-PE,UOP01-DEL01-PE
300481,2020-08-09,domingo,18:30:00,PE,232,"197,8",SANHARO,Ingestão de Álcool,Colisão transversal,Sem Vítimas,Plena Noite,Crescente,Nublado,Simples,Reta,Não,2,0,0,0,1,1,0,2,"-8,36891793","-36,580362",SPRF-PE,DEL02-PE,UOP03-DEL02-PE
300487,2020-08-09,domingo,16:25:00,PE,101,"177,4",JOAQUIM NABUCO,Ingestão de Álcool,Saída de leito carroçável,Com Vítimas Feridas,Pleno dia,Crescente,Céu Claro,Dupla,Reta,Não,2,0,2,0,0,0,2,1,"-8,61465005","-35,5476602",SPRF-PE,DEL01-PE,UOP03-DEL01-PE
300572,2020-08-10,segunda-feira,01:00:00,PE,101,33,ITAPISSUMA,Velocidade Incompatível,Saída de leito carroçável,Com Vítimas Feridas,Plena Noite,Crescente,Chuva,Dupla,Reta,Não,2,0,2,0,0,0,2,1,"-7,75997061","-34,93579756",SPRF-PE,DEL01-PE,UOP02-DEL01-PE
300576,2020-08-10,segunda-feira,01:00:00,PE,428,"187,9",PETROLINA,Defeito Mecânico no Veículo,Saída de leito carroçável,Sem Vítimas,Plena Noite,Crescente,Céu Claro,Dupla,Reta,Sim,4,0,0,0,4,0,0,1,"-9,35604301","-40,47854198",SPRF-PE,DEL06-PE,UOP01-DEL06-PE
300599,2020-08-10,segunda-feira,06:50:00,PE,,,SALGUEIRO,Falta de Atenção à Condução,Colisão lateral,Com Vítimas Feridas,Pleno dia,Não Informado,Céu Claro,Simples,Reta,Não,2,0,1,0,1,0,1,2,"-8,070214","-39,146778",SPRF-PE,DEL05-PE,UOP01-DEL05-PE
300614,2020-08-10,segunda-feira,07:30:00,PE,101,79,JABOATAO DOS GUARARAPES,Falta de Atenção à Condução,Colisão traseira,Com Vítimas Feridas,Pleno dia,Decrescente,Céu Claro,Dupla,Reta,Sim,2,0,1,0,1,0,1,2,"-8,14366112","-34,94723453",SPRF-PE,DEL01-PE,UOP01-DEL01-PE
300623,2020-08-10,segunda-feira,09:20:00,PE,104,"29,2",TORITAMA,Falta de Atenção à Condução,Engavetamento,Sem Vítimas,Pleno dia,Decrescente,Céu Claro,Simples,Reta,Sim,3,0,0,0,3,0,0,3,"-8,0078","-36,0621",SPRF-PE,DEL02-PE,UOP01-DEL02-PE
300646,2020-08-10,segunda-feira,12:20:00,PE,232,"7,9",RECIFE,Falta de Atenção do Pedestre,Atropelamento de Pedestre,Com Vítimas Feridas,Pleno dia,Crescente,Céu Claro,Dupla,Reta,Sim,2,0,1,0,0,1,1,2,"-8,075825","-34,970552",SPRF-PE,DEL01-PE,UOP01-DEL01-PE
300654,2020-03-03,terça-feira,06:30:00,PE,408,"86,4",PAUDALHO,Desobediência às normas de trânsito pelo condutor,Colisão lateral,Com Vítimas Feridas,Pleno dia,Decrescente,Céu Claro,Dupla,Reta,Não,2,0,1,0,1,0,1,2,"-7,96010995","-35,09554697",SPRF-PE,DEL01-PE,UOP01-DEL01-PE
300657,2020-08-10,segunda-feira,12:14:00,PE,104,"15,6",TAQUARITINGA DO NORTE,Falta de Atenção à Condução,Capotamento,Com Vítimas Feridas,Pleno dia,Decrescente,Céu Claro,Simples,Reta,Não,1,0,1,0,0,0,1,1,"-7,914735","-36,116093",SPRF-PE,DEL02-PE,UOP01-DEL02-PE
300687,2020-08-10,segunda-feira,16:10:00,PE,101,68,RECIFE,Falta de Atenção à Condução,Colisão traseira,Com Vítimas Feridas,Pleno dia,Crescente,Sol,Dupla,Viaduto,Sim,2,0,0,1,0,1,1,2,"-8,05074296","-34,94580619",SPRF-PE,DEL01-PE,UOP01-DEL01-PE
300699,2020-08-10,segunda-feira,17:50:00,PE,408,80,PAUDALHO,Desobediência às normas de trânsito pelo condutor,Colisão lateral,Com Vítimas Feridas,Plena Noite,Crescente,Nublado,Dupla,Reta,Não,2,0,1,0,1,0,1,2,"-7,9310439","-35,13844295",SPRF-PE,DEL01-PE,UOP01-DEL01-PE
300791,2020-08-07,sexta-feira,17:00:00,PE,232,"243,6",ARCOVERDE,Animais na Pista,Capotamento,Com Vítimas Feridas,Anoitecer,Crescente,Nublado,Simples,Reta,Não,5,0,4,1,0,0,5,1,"-8,41700383","-36,9892481",SPRF-PE,DEL03-PE,UOP02-DEL03-PE
300802,2020-05-04,segunda-feira,13:24:00,PE,232,"214,1",PESQUEIRA,Falta de Atenção à Condução,Colisão lateral,Com Vítimas Feridas,Pleno dia,Crescente,Nublado,Simples,Reta,Não,3,0,0,1,0,2,1,3,"-8,3804455","-36,73076279",SPRF-PE,DEL03-PE,UOP02-DEL03-PE
300813,2020-08-11,terça-feira,10:20:00,PE,232,519,SALGUEIRO,Desobediência às normas de trânsito pelo condutor,Colisão transversal,Com Vítimas Feridas,Pleno dia,Decrescente,Céu Claro,Simples,Reta,Não,4,0,0,1,3,0,1,2,"-8,062831","-39,215103",SPRF-PE,DEL05-PE,UOP01-DEL05-PE
300912,2020-08-11,terça-feira,20:00:00,PE,232,"69,1",GRAVATA,Velocidade Incompatível,Colisão com objeto estático,Sem Vítimas,Plena Noite,Decrescente,Céu Claro,Dupla,Curva,Não,1,0,0,0,1,0,0,1,"-8,17240309","-35,47993595",SPRF-PE,DEL02-PE,UOP02-DEL02PE
301035,2020-08-12,quarta-feira,12:30:00,PE,101,35,IGARASSU,Condutor Dormindo,Capotamento,Com Vítimas Feridas,Pleno dia,Crescente,Céu Claro,Dupla,Reta,Não,1,0,0,1,0,0,1,1,"-7,77952193","-34,93231384",SPRF-PE,DEL01-PE,UOP02-DEL01-PE
301084,2020-08-12,quarta-feira,18:00:00,PE,232,128,CARUARU,Desobediência às normas de trânsito pelo pedestre,Atropelamento de Pedestre,Com Vítimas Feridas,Plena Noite,Decrescente,Céu Claro,Dupla,Reta,Sim,2,0,0,1,1,0,1,2,"-8,30399306","-35,97216301",SPRF-PE,DEL02-PE,UOP03-DEL02-PE
301140,2020-08-13,quinta-feira,00:00:00,PE,424,"86,1",GARANHUNS,Ingestão de Álcool,Tombamento,Com Vítimas Feridas,Plena Noite,Crescente,Céu Claro,Simples,Reta;Aclive                   ,Sim,1,0,0,1,0,0,1,1,"-8,86552886","-36,50934159",SPRF-PE,DEL03-PE,UOP01-DEL03-PE
301193,2020-08-13,quinta-feira,10:25:00,PE,101,54,PAULISTA,Falta de Atenção à Condução,Colisão frontal,Com Vítimas Feridas,Pleno dia,Crescente,Nublado,Múltipla,Reta,Sim,2,0,1,0,1,0,1,2,"-7,93961103","-34,90356584",SPRF-PE,DEL01-PE,UOP02-DEL01-PE
301197,2020-08-13,quinta-feira,10:55:00,PE,408,"78,8",PAUDALHO,Velocidade Incompatível,Colisão com objeto estático,Com Vítimas Fatais,Pleno dia,Decrescente,Chuva,Dupla,Reta,Não,3,1,1,0,0,1,1,2,"-7,926496","-35,148492",SPRF-PE,DEL01-PE,UOP01-DEL01-PE
301203,2020-08-13,quinta-feira,11:00:00,PE,232,212,PESQUEIRA,Desobediência às normas de trânsito pelo condutor,Colisão transversal,Com Vítimas Feridas,Pleno dia,Crescente,Céu Claro,Simples,Reta,Não,4,0,4,0,0,0,4,2,"-8,37328104","-36,71376998",SPRF-PE,DEL02-PE,UOP03-DEL02-PE
301208,2020-07-26,domingo,11:30:00,PE,101,12,GOIANA,Pista Escorregadia,Colisão com objeto estático,Com Vítimas Feridas,Pleno dia,Crescente,Chuva,Dupla,Curva,Não,2,0,1,0,1,0,1,1,"-7,60243605","-34,9793841",SPRF-PE,DEL01-PE,UOP02-DEL01-PE
301277,2020-08-13,quinta-feira,11:20:00,PE,116,38,SALGUEIRO,Ultrapassagem Indevida,Colisão frontal,Com Vítimas Fatais,Pleno dia,Decrescente,Céu Claro,Simples,Reta,Não,3,1,2,0,0,0,2,2,"-8,171147","-39,104897",SPRF-PE,DEL05-PE,UOP01-DEL05-PE
301282,2020-08-13,quinta-feira,20:50:00,PE,232,15,JABOATAO DOS GUARARAPES,Ingestão de Álcool,Tombamento,Com Vítimas Feridas,Plena Noite,Crescente,Chuva,Dupla,Curva,Não,1,0,1,0,0,0,1,1,"-8,090563","-35,02732",SPRF-PE,DEL01-PE,UOP01-DEL01-PE
301305,2020-08-13,quinta-feira,21:40:00,PE,101,42,IGARASSU,Falta de Atenção à Condução,Colisão com objeto estático,Sem Vítimas,Plena Noite,Crescente,Céu Claro,Múltipla,Reta;Aclive                   ,Sim,2,0,0,0,2,0,0,2,"-7,83887431","-34,91196739",SPRF-PE,DEL01-PE,UOP02-DEL01-PE
301306,2020-08-13,quinta-feira,21:00:00,PE,101,"70,8",RECIFE,Velocidade Incompatível,Colisão com objeto estático,Com Vítimas Feridas,Plena Noite,Decrescente,Céu Claro,Múltipla,Reta,Sim,1,0,1,0,0,0,1,1,"-8,06776119","-34,94265074",SPRF-PE,DEL01-PE,UOP01-DEL01-PE
301334,2020-08-14,sexta-feira,06:00:00,PE,232,"7,2",RECIFE,Falta de Atenção à Condução,Colisão lateral,Com Vítimas Feridas,Pleno dia,Decrescente,Nublado,Dupla,Reta,Sim,4,0,1,1,2,0,2,3,"-8,074119","-34,963689",SPRF-PE,DEL01-PE,UOP01-DEL01-PE
301356,2020-08-14,sexta-feira,08:10:00,PE,232,"4,5",RECIFE,Não guardar distância de segurança,Colisão traseira,Com Vítimas Feridas,Pleno dia,Crescente,Sol,Dupla,Viaduto,Sim,2,0,0,1,1,0,1,2,"-8,066617","-34,94207",SPRF-PE,DEL01-PE,UOP01-DEL01-PE
301391,2020-08-14,sexta-feira,11:00:00,PE,101,"89,9",CABO DE SANTO AGOSTINHO,Ingestão de Álcool,Colisão frontal,Com Vítimas Feridas,Pleno dia,Decrescente,Céu Claro,Simples,Reta,Sim,3,0,2,0,1,0,2,2,"-8,22898979","-34,97205734",SPRF-PE,DEL01-PE,UOP03-DEL01-PE
301405,2020-08-02,domingo,05:30:00,PE,424,63,CAETES,Defeito Mecânico no Veículo,Incêndio,Sem Vítimas,Amanhecer,Crescente,Garoa/Chuvisco,Simples,Reta,Não,1,0,0,0,1,0,0,1,"-8,745738","-36,68834",SPRF-PE,DEL03-PE,UOP01-DEL03-PE
301421,2020-08-14,sexta-feira,14:40:00,PE,101,"64,6",RECIFE,Mal Súbito,Queda de ocupante de veículo,Com Vítimas Feridas,Pleno dia,Decrescente,Céu Claro,Dupla,Ponte,Sim,2,0,0,1,1,0,1,2,"-8,0162921","-34,94045886",SPRF-PE,DEL01-PE,UOP01-DEL01-PE
301425,2020-08-14,sexta-feira,15:30:00,PE,101,"50,3",ABREU E LIMA,Falta de Atenção do Pedestre,Atropelamento de Pedestre,Com Vítimas Feridas,Pleno dia,Decrescente,Céu Claro,Múltipla,Reta,Sim,3,0,0,2,1,0,2,2,"-7,90938602","-34,90123228",SPRF-PE,DEL01-PE,UOP02-DEL01-PE
301517,2020-08-14,sexta-feira,19:00:00,PE,423,"125,5",PARANATAMA,Falta de Atenção do Pedestre,Atropelamento de Pedestre,Com Vítimas Fatais,Plena Noite,Decrescente,Céu Claro,Múltipla,Declive,Não,5,1,0,0,4,0,0,2,"-8,943312","-36,721176",SPRF-PE,DEL03-PE,UOP01-DEL03-PE
301533,2020-08-14,sexta-feira,23:05:00,PE,423,"102,7",GARANHUNS,Falta de Atenção à Condução,Colisão com objeto estático,Sem Vítimas,Plena Noite,Decrescente,Nevoeiro/Neblina,Simples,Aclive,Não,1,0,0,0,0,1,0,1,"-8,87197126","-36,53800093",SPRF-PE,DEL03-PE,UOP01-DEL03-PE
301668,2020-08-15,sábado,14:30:00,PE,101,165,JOAQUIM NABUCO,Defeito Mecânico no Veículo,Saída de leito carroçável,Com Vítimas Feridas,Pleno dia,Crescente,Céu Claro,Múltipla,Reta,Não,2,0,1,0,1,0,1,1,"-8,5731423","-35,4809214",SPRF-PE,DEL01-PE,UOP03-DEL01-PE
301669,2020-08-15,sábado,16:30:00,PE,428,"189,6",PETROLINA,Ingestão de Álcool,Colisão traseira,Com Vítimas Feridas,Pleno dia,Crescente,Sol,Simples,Reta,Sim,2,0,1,0,1,0,1,2,"-9,37776558","-40,50401688",SPRF-PE,DEL06-PE,UOP01-DEL06-PE
301687,2020-08-15,sábado,17:30:00,PE,424,"98,2",GARANHUNS,Falta de Atenção à Condução,Saída de leito carroçável,Com Vítimas Feridas,Plena Noite,Crescente,Nublado,Simples,Curva,Não,1,0,1,0,0,0,1,1,"-8,94248907","-36,50883182",SPRF-PE,DEL03-PE,UOP01-DEL03-PE
301731,2020-08-15,sábado,21:20:00,PE,423,"71,2",JUPI,Ingestão de Álcool,Colisão com objeto estático,Sem Vítimas,Plena Noite,Decrescente,Céu Claro,Simples,Reta,Não,1,0,0,0,0,1,0,1,"-8,69250589","-36,41166726",SPRF-PE,DEL03-PE,UOP01-DEL03-PE
301803,2020-08-16,domingo,07:45:00,PE,232,"70,5",GRAVATA,Falta de Atenção à Condução,Colisão traseira,Com Vítimas Feridas,Pleno dia,Decrescente,Garoa/Chuvisco,Dupla,Reta,Sim,2,0,0,1,1,0,1,2,"-8,181478","-35,489178",SPRF-PE,DEL02-PE,UOP02-DEL02PE
301812,2020-08-16,domingo,09:00:00,PE,101,69,RECIFE,Defeito Mecânico no Veículo,Tombamento,Com Vítimas Feridas,Pleno dia,Crescente,Céu Claro,Simples,Reta,Sim,2,0,0,1,1,0,1,1,"-8,05951606","-34,94581024",SPRF-PE,DEL01-PE,UOP01-DEL01-PE
301848,2020-08-16,domingo,10:55:00,PE,101,69,RECIFE,Falta de Atenção à Condução,Colisão transversal,Com Vítimas Feridas,Pleno dia,Crescente,Céu Claro,Múltipla,Reta,Sim,2,0,2,0,0,0,2,2,"-8,063667","-34,944619",SPRF-PE,DEL01-PE,UOP01-DEL01-PE
301861,2020-08-16,domingo,13:40:00,PE,101,"45,3",IGARASSU,Falta de Atenção do Pedestre,Atropelamento de Pedestre,Com Vítimas Feridas,Pleno dia,Crescente,Céu Claro,Múltipla,Reta,Sim,2,0,0,2,0,0,2,2,"-7,867178","-34,907143",SPRF-PE,DEL01-PE,UOP02-DEL01-PE
301879,2020-08-16,domingo,16:30:00,PE,101,"74,2",RECIFE,Ingestão de Álcool,Saída de leito carroçável,Com Vítimas Fatais,Pleno dia,Crescente,Céu Claro,Dupla,Curva,Sim,2,1,0,0,1,0,0,2,"-8,10146485","-34,94901577",SPRF-PE,DEL01-PE,UOP01-DEL01-PE
301896,2020-08-16,domingo,18:15:00,PE,232,"86,5",GRAVATA,Falta de Atenção à Condução,Colisão lateral,Com Vítimas Feridas,Plena Noite,Crescente,Nublado,Dupla,Curva,Não,2,0,0,1,1,0,1,2,"-8,21369904","-35,62703133",SPRF-PE,DEL02-PE,UOP02-DEL02PE
301905,2020-08-16,domingo,18:30:00,PE,101,102,CABO DE SANTO AGOSTINHO,Ingestão de Álcool,Colisão frontal,Com Vítimas Feridas,Plena Noite,Decrescente,Ignorado,Simples,Reta,Sim,2,0,2,0,0,0,2,2,"-8,28368856","-35,05795866",SPRF-PE,DEL01-PE,UOP03-DEL01-PE
301921,2020-08-16,domingo,19:40:00,PE,101,"126,6",ESCADA,Falta de Atenção do Pedestre,Atropelamento de Pedestre,Com Vítimas Fatais,Plena Noite,Decrescente,Céu Claro,Dupla,Reta,Sim,2,1,0,0,0,1,0,2,"-8,36958202","-35,22919699",SPRF-PE,DEL01-PE,UOP03-DEL01-PE
301925,2020-08-16,domingo,19:00:00,PE,101,"70,5",RECIFE,Falta de Atenção à Condução,Colisão transversal,Com Vítimas Feridas,Plena Noite,Decrescente,Céu Claro,Dupla,Reta,Não,4,0,1,0,1,2,1,3,"-8,072192","-34,94246",SPRF-PE,DEL01-PE,UOP01-DEL01-PE
301954,2020-08-16,domingo,23:30:00,PE,232,196,SANHARO,Ultrapassagem Indevida,Colisão lateral,Com Vítimas Feridas,Plena Noite,Crescente,Céu Claro,Simples,Reta,Não,4,0,1,1,1,1,2,3,"-8,36842483","-36,57130201",SPRF-PE,DEL02-PE,UOP03-DEL02-PE
302000,2020-08-17,segunda-feira,06:45:00,PE,232,160,TACAIMBO,Falta de Atenção à Condução,Colisão transversal,Com Vítimas Feridas,Pleno dia,Crescente,Garoa/Chuvisco,Simples,Reta,Não,2,0,0,1,1,0,1,2,"-8,33165566","-36,25343502",SPRF-PE,DEL02-PE,UOP03-DEL02-PE
302005,2020-08-17,segunda-feira,07:15:00,PE,101,"83,2",JABOATAO DOS GUARARAPES,Falta de Atenção à Condução,Colisão traseira,Sem Vítimas,Pleno dia,Crescente,Céu Claro,Dupla,Viaduto,Sim,2,0,0,0,1,1,0,2,"-8,175172","-34,942642",SPRF-PE,DEL01-PE,UOP03-DEL01-PE
302013,2020-08-17,segunda-feira,08:45:00,PE,232,"6,3",RECIFE,Não guardar distância de segurança,Colisão traseira,Com Vítimas Feridas,Pleno dia,Decrescente,Céu Claro,Dupla,Reta,Sim,4,0,0,2,2,0,2,2,"-8,07079525","-34,9535389",SPRF-PE,DEL01-PE,UOP01-DEL01-PE
302030,2020-08-17,segunda-feira,09:30:00,PE,101,"80,1",JABOATAO DOS GUARARAPES,Desobediência às normas de trânsito pelo condutor,Colisão transversal,Com Vítimas Feridas,Pleno dia,Crescente,Céu Claro,Dupla,Retorno Regulamentado;Reta    ,Sim,2,0,1,0,1,0,1,2,"-8,152484","-34,942786",SPRF-PE,DEL01-PE,UOP03-DEL01-PE
302092,2020-08-17,segunda-feira,18:05:00,PE,232,"201,3",PESQUEIRA,Falta de Atenção à Condução,Colisão lateral,Com Vítimas Feridas,Pleno dia,Crescente,Nublado,Simples,Reta,Não,2,0,0,1,1,0,1,2,"-8,371023","-36,619522",SPRF-PE,DEL02-PE,UOP03-DEL02-PE
302163,2020-08-18,terça-feira,08:40:00,PE,232,"102,2",BEZERROS,Falta de Atenção à Condução,Saída de leito carroçável,Com Vítimas Feridas,Pleno dia,Crescente,Céu Claro,Dupla,Reta,Sim,4,0,2,0,2,0,2,1,"-8,24710671","-35,75844018",SPRF-PE,DEL02-PE,UOP03-DEL02-PE
302173,2020-08-18,terça-feira,09:00:00,PE,101,"92,5",CABO DE SANTO AGOSTINHO,Falta de Atenção à Condução,Colisão transversal,Com Vítimas Feridas,Pleno dia,Decrescente,Céu Claro,Simples,Reta,Não,2,0,0,1,1,0,1,2,"-8,244419","-34,991888",SPRF-PE,DEL01-PE,UOP03-DEL01-PE
302214,2020-07-31,sexta-feira,06:50:00,PE,101,87,JABOATAO DOS GUARARAPES,Falta de Atenção à Condução,Colisão traseira,Com Vítimas Feridas,Pleno dia,Crescente,Céu Claro,Dupla,Reta,Sim,4,0,2,0,2,0,2,3,"-8,208043","-34,962724",SPRF-PE,DEL01-PE,UOP03-DEL01-PE
302271,2020-08-18,terça-feira,15:30:00,PE,,,JABOATAO DOS GUARARAPES,Falta de Atenção à Condução,Colisão traseira,Sem Vítimas,Pleno dia,Não Informado,Céu Claro,Simples,Reta,Sim,2,0,0,0,2,0,0,2,"-8,157597","-34,933125",SPRF-PE,DEL01-PE,UOP01-DEL01-PE
302299,2020-08-18,terça-feira,21:45:00,PE,232,410,SERRA TALHADA,Desobediência às normas de trânsito pelo condutor,Colisão transversal,Com Vítimas Feridas,Plena Noite,Crescente,Céu Claro,Simples,Reta,Sim,2,0,1,0,1,0,1,2,"-7,98261841","-38,30039606",SPRF-PE,DEL04-PE,UOP01-DEL04-PE
302301,2020-08-18,terça-feira,23:10:00,PE,232,"118,8",CARUARU,Falta de Atenção à Condução,Saída de leito carroçável,Com Vítimas Fatais,Plena Noite,Decrescente,Céu Claro,Dupla,Reta,Não,5,1,2,2,0,0,4,1,"-8,29431633","-35,88437194",SPRF-PE,DEL02-PE,UOP03-DEL02-PE
302346,2020-08-19,quarta-feira,08:50:00,PE,101,72,RECIFE,Não guardar distância de segurança,Colisão traseira,Com Vítimas Feridas,Pleno dia,Decrescente,Céu Claro,Dupla,Reta,Sim,2,0,1,0,0,1,1,2,"-8,08493106","-34,9450639",SPRF-PE,DEL01-PE,UOP01-DEL01-PE
302352,2020-08-19,quarta-feira,12:15:00,PE,232,"214,9",PESQUEIRA,Ultrapassagem Indevida,Saída de leito carroçável,Com Vítimas Feridas,Pleno dia,Crescente,Céu Claro,Simples,Reta,Não,5,0,3,1,1,0,4,1,"-8,3804455","-36,73076279",SPRF-PE,DEL03-PE,UOP02-DEL03-PE
302497,2020-07-27,segunda-feira,06:00:00,PE,104,104,CUPIRA,Desobediência às normas de trânsito pelo condutor,Colisão frontal,Com Vítimas Feridas,Pleno dia,Decrescente,Céu Claro,Simples,Interseção de Vias,Não,2,0,0,1,1,0,1,2,"-8,597464","-35,957893",SPRF-PE,DEL02-PE,UOP01-DEL02-PE
302520,2020-08-20,quinta-feira,12:50:00,PE,232,112,BEZERROS,Velocidade Incompatível,Colisão com objeto estático,Com Vítimas Feridas,Pleno dia,Crescente,Sol,Dupla,Reta,Sim,1,0,1,0,0,0,1,1,"-8,29729696","-35,83146101",SPRF-PE,DEL02-PE,UOP03-DEL02-PE
302521,2020-06-01,segunda-feira,15:37:00,PE,407,"123,9",PETROLINA,Ultrapassagem Indevida,Colisão traseira,Com Vítimas Feridas,Pleno dia,Crescente,Céu Claro,Simples,Reta,Sim,2,0,0,1,0,1,1,2,"-9,372924","-40,539255",SPRF-PE,DEL06-PE,UOP01-DEL06-PE
302639,2020-08-21,sexta-feira,06:00:00,PE,232,"86,7",GRAVATA,Falta de Atenção à Condução,Saída de leito carroçável,Com Vítimas Feridas,Pleno dia,Crescente,Céu Claro,Dupla,Curva,Não,1,0,0,1,0,0,1,1,"-8,21366718","-35,62707424",SPRF-PE,DEL02-PE,UOP02-DEL02PE
302677,2020-08-21,sexta-feira,10:00:00,PE,232,"198,1",SANHARO,Condutor Dormindo,Colisão frontal,Com Vítimas Fatais,Pleno dia,Crescente,Sol,Simples,Reta,Não,7,1,6,0,0,0,6,2,"-8,36941743","-36,58942097",SPRF-PE,DEL02-PE,UOP03-DEL02-PE
302688,2020-08-21,sexta-feira,10:45:00,PE,232,"5,5",RECIFE,Não guardar distância de segurança,Engavetamento,Com Vítimas Feridas,Pleno dia,Decrescente,Nublado,Dupla,Reta,Sim,5,0,1,0,4,0,1,5,"-8,070005","-34,951022",SPRF-PE,DEL01-PE,UOP01-DEL01-PE
302722,2020-08-21,sexta-feira,14:40:00,PE,101,"73,9",RECIFE,Não guardar distância de segurança,Colisão traseira,Com Vítimas Feridas,Pleno dia,Crescente,Céu Claro,Dupla,Reta,Sim,2,0,1,0,1,0,1,2,"-8,093369","-34,947464",SPRF-PE,DEL01-PE,UOP01-DEL01-PE
302737,2020-08-21,sexta-feira,16:00:00,PE,232,127,CARUARU,Falta de Atenção do Pedestre,Atropelamento de Pedestre,Com Vítimas Fatais,Pleno dia,Decrescente,Céu Claro,Dupla,Reta,Sim,2,1,0,0,1,0,0,2,"-8,30610303","-35,96342301",SPRF-PE,DEL02-PE,UOP03-DEL02-PE
302843,2020-08-22,sábado,00:20:00,PE,101,"51,7",PAULISTA,Animais na Pista,Atropelamento de Animal,Com Vítimas Feridas,Plena Noite,Crescente,Céu Claro,Múltipla,Reta,Sim,1,0,1,0,0,0,1,1,"-7,9169968","-34,89689272",SPRF-PE,DEL01-PE,UOP02-DEL01-PE
302885,2020-08-21,sexta-feira,17:00:00,PE,232,405,SERRA TALHADA,Defeito na Via,Danos eventuais,Sem Vítimas,Pleno dia,Decrescente,Céu Claro,Simples,Reta,Não,1,0,0,0,1,0,0,1,"-7,98895584","-38,25355016",SPRF-PE,DEL04-PE,UOP01-DEL04-PE
302989,2020-08-22,sábado,18:25:00,PE,101,"67,5",RECIFE,Desobediência às normas de trânsito pelo pedestre,Atropelamento de Pedestre,Com Vítimas Feridas,Plena Noite,Decrescente,Nublado,Dupla,Reta,Sim,3,0,3,0,0,0,3,2,"-8,046964","-34,944865",SPRF-PE,DEL01-PE,UOP01-DEL01-PE
303083,2020-08-22,sábado,23:55:00,PE,232,133,CARUARU,Velocidade Incompatível,Colisão com objeto estático,Com Vítimas Feridas,Plena Noite,Decrescente,Céu Claro,Dupla,Reta,Não,1,0,1,0,0,0,1,1,"-8,30607988","-36,01576003",SPRF-PE,DEL02-PE,UOP03-DEL02-PE
303144,2020-08-23,domingo,13:30:00,PE,408,102,SAO LOURENCO DA MATA,Defeito Mecânico no Veículo,Colisão com objeto estático,Com Vítimas Feridas,Pleno dia,Decrescente,Céu Claro,Dupla,Reta,Não,3,0,2,0,1,0,2,1,"-8,05323195","-35,00247996",SPRF-PE,DEL01-PE,UOP01-DEL01-PE