id,data_inversa,dia_semana,horario,uf,br,km,municipio,causa_acidente,tipo_acidente,classificacao_acidente,fase_dia,sentido_via,condicao_metereologica,tipo_pista,tracado_via,uso_solo,pessoas,mortos,feridos_leves,feridos_graves,ilesos,ignorados,feridos,veiculos,latitude,longitude,regional,delegacia,uop
303169,2020-08-23,domingo,16:50:00,PE,101,"44,6",IGARASSU,Falta de Atenção à Condução,Colisão traseira,Com Vítimas Feridas,Pleno dia,Decrescente,Céu Claro,Múltipla,Reta,Sim,3,0,0,1,2,0,1,2,"-7,85637001","-34,90842109",SPRF-PE,DEL01-PE,UOP02-DEL01-PE
303188,2020-08-23,domingo,18:20:00,PE,116,24,SALGUEIRO,Desobediência às normas de trânsito pelo condutor,Colisão frontal,Com Vítimas Feridas,Plena Noite,Decrescente,Céu Claro,Simples,Reta,Sim,2,0,0,1,0,1,1,2,"-8,052562","-39,13718",SPRF-PE,DEL05-PE,UOP01-DEL05-PE
303222,2020-08-23,domingo,19:20:00,PE,232,110,BEZERROS,Ingestão de Álcool,Saída de leito carroçável,Com Vítimas Feridas,Plena Noite,Crescente,Céu Claro,Dupla,Curva,Não,1,0,1,0,0,0,1,1,"-8,28634529","-35,81755579",SPRF-PE,DEL02-PE,UOP03-DEL02-PE
303291,2020-08-24,segunda-feira,03:10:00,PE,232,110,BEZERROS,Velocidade Incompatível,Saída de leito carroçável,Com Vítimas Feridas,Plena Noite,Crescente,Céu Claro,Dupla,Curva,Não,1,0,1,0,0,0,1,1,"-8,28634529","-35,81755579",SPRF-PE,DEL02-PE,UOP03-DEL02-PE
303303,2020-08-24,segunda-feira,03:30:00,PE,423,"154,6",AGUAS BELAS,Ingestão de Álcool,Colisão com objeto estático,Com Vítimas Fatais,Plena Noite,Decrescente,Ignorado,Simples,Ponte;Reta                    ,Não,5,1,0,4,0,0,4,1,"-9,0566026","-36,93412423",SPRF-PE,DEL03-PE,UOP01-DEL03-PE
303342,2020-08-24,segunda-feira,07:40:00,PE,232,483,VERDEJANTE,Velocidade Incompatível,Colisão com objeto estático,Com Vítimas Feridas,Pleno dia,Decrescente,Céu Claro,Simples,Reta,Não,2,0,2,0,0,0,2,1,"-8,007274","-38,917287",SPRF-PE,DEL05-PE,UOP01-DEL05-PE
303346,2020-08-24,segunda-feira,10:00:00,PE,104,"46,5",CARUARU,Condutor Dormindo,Tombamento,Com Vítimas Feridas,Pleno dia,Decrescente,Céu Claro,Dupla,Curva,Não,1,0,0,1,0,0,1,1,"-8,1272","-35,9943",SPRF-PE,DEL02-PE,UOP01-DEL02-PE
303387,2020-08-24,segunda-feira,13:00:00,PE,101,100,CABO DE SANTO AGOSTINHO,Velocidade Incompatível,Colisão traseira,Com Vítimas Feridas,Pleno dia,Decrescente,Céu Claro,Dupla,Reta,Sim,4,0,1,0,3,0,1,4,"-8,26699309","-35,05234386",SPRF-PE,DEL01-PE,UOP03-DEL01-PE
303433,2020-08-24,segunda-feira,18:40:00,PE,101,"90,8",CABO DE SANTO AGOSTINHO,Falta de Atenção do Pedestre,Atropelamento de Pedestre,Com Vítimas Feridas,Plena Noite,Decrescente,Céu Claro,Dupla,Interseção de Vias,Sim,2,0,1,0,1,0,1,2,"-8,23820576","-34,98336057",SPRF-PE,DEL01-PE,UOP03-DEL01-PE
303503,2020-08-25,terça-feira,06:40:00,PE,232,136,CARUARU,Velocidade Incompatível,Colisão traseira,Com Vítimas Feridas,Pleno dia,Crescente,Céu Claro,Dupla,Reta,Não,6,0,1,4,1,0,5,3,"-8,31339932","-36,04175591",SPRF-PE,DEL02-PE,UOP03-DEL02-PE
303512,2020-08-25,terça-feira,07:30:00,PE,101,44,IGARASSU,Falta de Atenção à Condução,Colisão transversal,Com Vítimas Feridas,Pleno dia,Crescente,Céu Claro,Múltipla,Reta,Sim,2,0,1,0,1,0,1,2,"-7,85637001","-34,90842109",SPRF-PE,DEL01-PE,UOP02-DEL01-PE
303549,2020-08-25,terça-feira,09:30:00,PE,232,"5,2",RECIFE,Não guardar distância de segurança,Colisão traseira,Com Vítimas Feridas,Pleno dia,Decrescente,Céu Claro,Simples,Curva,Sim,3,0,1,0,2,0,1,2,"-8,069222","-34,947712",SPRF-PE,DEL01-PE,UOP01-DEL01-PE
303577,2020-08-25,terça-feira,13:25:00,PE,101,178,JOAQUIM NABUCO,Defeito Mecânico no Veículo,Capotamento,Com Vítimas Feridas,Pleno dia,Crescente,Sol,Dupla,Curva,Não,3,0,2,0,1,0,2,1,"-8,62108477","-35,55116105",SPRF-PE,DEL01-PE,UOP03-DEL01-PE
303606,2020-08-25,terça-feira,17:30:00,PE,101,73,RECIFE,Desobediência às normas de trânsito pelo condutor,Tombamento,Com Vítimas Feridas,Anoitecer,Crescente,Nublado,Dupla,Reta,Sim,1,0,1,0,0,0,1,1,"-8,080456","-34,943345",SPRF-PE,DEL01-PE,UOP01-DEL01-PE
303628,2020-08-25,terça-feira,20:00:00,PE,101,"128,4",ESCADA,Ingestão de Álcool,Colisão traseira,Com Vítimas Feridas,Plena Noite,Decrescente,Céu Claro,Dupla,Reta,Sim,2,0,1,0,0,1,1,2,"-8,37986492","-35,24406405",SPRF-PE,DEL01-PE,UOP03-DEL01-PE
303635,2020-08-25,terça-feira,13:15:00,PE,232,"27,1",MORENO,Agressão Externa,Danos eventuais,Sem Vítimas,Pleno dia,Decrescente,Céu Claro,Dupla,Curva,Não,1,0,0,0,1,0,0,1,"-8,114378","-35,127624",SPRF-PE,DEL02-PE,UOP02-DEL02PE
303774,2020-08-26,quarta-feira,16:30:00,PE,101,49,ABREU E LIMA,Ingestão de Álcool,Colisão traseira,Sem Vítimas,Pleno dia,Decrescente,Vento,Múltipla,Declive,Sim,3,0,0,0,3,0,0,2,"-7,9005152","-34,90180641",SPRF-PE,DEL01-PE,UOP02-DEL01-PE
303783,2020-08-26,quarta-feira,18:20:00,PE,101,102,CABO DE SANTO AGOSTINHO,Ingestão de Álcool,Colisão frontal,Com Vítimas Fatais,Plena Noite,Decrescente,Céu Claro,Simples,Reta,Não,3,1,0,0,0,2,0,2,"-8,28368856","-35,05795866",SPRF-PE,DEL01-PE,UOP03-DEL01-PE
303846,2020-08-27,quinta-feira,07:00:00,PE,101,156,RIBEIRAO,Desobediência às normas de trânsito pelo condutor,Colisão traseira,Com Vítimas Feridas,Pleno dia,Decrescente,Céu Claro,Dupla,Reta;Interseção de Vias       ,Não,2,0,1,0,1,0,1,2,"-8,54597711","-35,39140871",SPRF-PE,DEL01-PE,UOP03-DEL01-PE
303879,2020-08-27,quinta-feira,11:00:00,PE,101,"87,1",JABOATAO DOS GUARARAPES,Desobediência às normas de trânsito pelo condutor,Colisão lateral,Com Vítimas Feridas,Pleno dia,Decrescente,Sol,Simples,Reta,Sim,3,0,0,1,2,0,1,3,"-8,19120206","-34,97449985",SPRF-PE,DEL01-PE,UOP03-DEL01-PE
303924,2020-08-27,quinta-feira,16:25:00,PE,101,"69,3",RECIFE,Falta de Atenção à Condução,Tombamento,Com Vítimas Feridas,Pleno dia,Decrescente,Céu Claro,Dupla,Reta,Sim,1,0,1,0,0,0,1,1,"-8,05951606","-34,94581024",SPRF-PE,DEL01-PE,UOP01-DEL01-PE
304051,2020-08-28,sexta-feira,08:15:00,PE,232,409,SERRA TALHADA,Falta de Atenção à Condução,Colisão traseira,Com Vítimas Feridas,Pleno dia,Crescente,Céu Claro,Simples,Declive,Sim,4,0,1,0,2,1,1,2,"-7,98371447","-38,28047709",SPRF-PE,DEL04-PE,UOP01-DEL04-PE
304082,2020-08-28,sexta-feira,12:00:00,PE,101,170,AGUA PRETA,Defeito Mecânico no Veículo,Incêndio,Sem Vítimas,Pleno dia,Crescente,Céu Claro,Dupla,Reta,Não,1,0,0,0,1,0,0,1,"-8,58185098","-35,49672702",SPRF-PE,DEL01-PE,UOP03-DEL01-PE
304119,2020-08-28,sexta-feira,17:40:00,PE,101,"69,3",RECIFE,Desobediência às normas de trânsito pelo condutor,Tombamento,Com Vítimas Feridas,Anoitecer,Crescente,Céu Claro,Múltipla,Curva,Sim,1,0,0,1,0,0,1,1,"-8,05951606","-34,94581024",SPRF-PE,DEL01-PE,UOP01-DEL01-PE
304148,2020-08-28,sexta-feira,19:35:00,PE,408,"55,9",NAZARE DA MATA,Falta de Atenção à Condução,Colisão transversal,Com Vítimas Feridas,Plena Noite,Decrescente,Céu Claro,Simples,Reta,Não,8,0,7,0,1,0,7,2,"-7,779118","-35,238811",SPRF-PE,DEL01-PE,UOP01-DEL01-PE
304161,2020-08-28,sexta-feira,20:15:00,PE,101,"68,5",RECIFE,Mal Súbito,Colisão traseira,Com Vítimas Feridas,Plena Noite,Crescente,Céu Claro,Dupla,Declive,Sim,2,0,1,0,1,0,1,2,"-8,05074296","-34,94580619",SPRF-PE,DEL01-PE,UOP01-DEL01-PE
304191,2020-08-28,sexta-feira,22:25:00,PE,101,66,RECIFE,Falta de Atenção à Condução,Colisão lateral,Com Vítimas Feridas,Plena Noite,Decrescente,Céu Claro,Dupla,Reta,Sim,3,0,1,0,1,1,1,3,"-8,03368534","-34,94184125",SPRF-PE,DEL01-PE,UOP01-DEL01-PE
304260,2020-08-29,sábado,07:00:00,PE,101,90,CABO DE SANTO AGOSTINHO,Desobediência às normas de trânsito pelo condutor,Colisão transversal,Com Vítimas Feridas,Pleno dia,Crescente,Céu Claro,Simples,Reta,Sim,2,0,1,0,0,1,1,2,"-8,21612792","-34,98772817",SPRF-PE,DEL01-PE,UOP03-DEL01-PE
304305,2020-08-29,sábado,09:30:00,PE,101,"149,9",RIBEIRAO,Desobediência às normas de trânsito pelo condutor,Colisão lateral,Com Vítimas Feridas,Pleno dia,Decrescente,Céu Claro,Simples,Reta,Sim,2,0,1,0,1,0,1,2,"-8,49165198","-35,37459703",SPRF-PE,DEL01-PE,UOP03-DEL01-PE
304491,2020-08-30,domingo,00:25:00,PE,101,"49,7",ABREU E LIMA,Desobediência às normas de trânsito pelo condutor,Colisão frontal,Sem Vítimas,Plena Noite,Decrescente,Nublado,Simples,Reta,Sim,2,0,0,0,1,1,0,2,"-7,9005152","-34,90180641",SPRF-PE,DEL01-PE,UOP02-DEL01-PE
304506,2020-08-30,domingo,04:10:00,PE,101,90,CABO DE SANTO AGOSTINHO,Falta de Atenção à Condução,Colisão lateral,Sem Vítimas,Plena Noite,Crescente,Céu Claro,Simples,Reta,Sim,2,0,0,0,1,1,0,2,"-8,23236509","-34,97653207",SPRF-PE,DEL01-PE,UOP03-DEL01-PE
304637,2020-08-30,domingo,17:10:00,PE,104,"43,7",CARUARU,Desobediência às normas de trânsito pelo condutor,Colisão transversal,Com Vítimas Feridas,Anoitecer,Crescente,Céu Claro,Dupla,Reta,Não,3,0,0,2,1,0,2,2,"-8,1133","-36,0155",SPRF-PE,DEL02-PE,UOP01-DEL02-PE
304703,2020-08-30,domingo,22:30:00,PE,101,"79,2",JABOATAO DOS GUARARAPES,Restrição de Visibilidade,Atropelamento de Animal,Com Vítimas Feridas,Plena Noite,Crescente,Nublado,Dupla,Reta;Declive                  ,Não,2,0,2,0,0,0,2,1,"-8,14366112","-34,94723453",SPRF-PE,DEL01-PE,UOP01-DEL01-PE
304720,2020-08-30,domingo,18:30:00,PE,101,"51,6",ABREU E LIMA,Falta de Atenção à Condução,Colisão transversal,Com Vítimas Feridas,Plena Noite,Crescente,Vento,Múltipla,Reta,Sim,4,0,0,2,2,0,2,2,"-7,9169968","-34,89689272",SPRF-PE,DEL01-PE,UOP02-DEL01-PE
304732,2020-08-31,segunda-feira,00:49:00,PE,232,500,VERDEJANTE,Velocidade Incompatível,Capotamento,Com Vítimas Feridas,Plena Noite,Crescente,Céu Claro,Simples,Curva,Não,1,0,0,1,0,0,1,1,"-8,03451981","-39,05420414",SPRF-PE,DEL05-PE,UOP01-DEL05-PE
304786,2020-08-31,segunda-feira,09:30:00,PE,101,"48,5",ABREU E LIMA,Desobediência às normas de trânsito pelo pedestre,Atropelamento de Pedestre,Sem Vítimas,Pleno dia,Decrescente,Céu Claro,Múltipla,Reta,Sim,2,0,0,0,1,1,0,2,"-7,89174705","-34,9033493",SPRF-PE,DEL01-PE,UOP02-DEL01-PE
304796,2020-08-31,segunda-feira,10:50:00,PE,232,"172,2",BELO JARDIM,Falta de Atenção à Condução,Colisão traseira,Com Vítimas Feridas,Pleno dia,Decrescente,Céu Claro,Simples,Reta,Não,5,0,3,0,2,0,3,4,"-8,33854887","-36,360134",SPRF-PE,DEL02-PE,UOP03-DEL02-PE
304799,2020-08-31,segunda-feira,10:50:00,PE,428,154,PETROLINA,Não guardar distância de segurança,Capotamento,Com Vítimas Feridas,Pleno dia,Crescente,Céu Claro,Simples,Reta,Não,1,0,0,1,0,0,1,1,"-9,10087122","-40,32960163",SPRF-PE,DEL06-PE,UOP01-DEL06-PE
304849,2020-08-31,segunda-feira,16:00:00,PE,232,146,SAO CAITANO,Velocidade Incompatível,Colisão traseira,Com Vítimas Feridas,Pleno dia,Crescente,Sol,Dupla,Reta,Sim,3,0,1,0,2,0,1,2,"-8,33218974","-36,12904312",SPRF-PE,DEL02-PE,UOP03-DEL02-PE
304863,2020-08-15,sábado,21:00:00,PE,424,"87,1",GARANHUNS,Ingestão de Álcool,Atropelamento de Pedestre,Com Vítimas Feridas,Plena Noite,Crescente,Vento,Simples,Interseção de Vias,Sim,2,0,0,1,1,0,1,2,"-8,874289","-36,507607",SPRF-PE,DEL03-PE,UOP01-DEL03-PE
304929,2020-09-01,terça-feira,02:40:00,PE,104,"109,1",PANELAS,Animais na Pista,Atropelamento de Animal,Sem Vítimas,Plena Noite,Decrescente,Nublado,Simples,Reta,Não,1,0,0,0,1,0,0,1,"-8,621404","-35,992279",SPRF-PE,DEL02-PE,UOP01-DEL02-PE
304937,2020-09-01,terça-feira,05:30:00,PE,232,"10,8",JABOATAO DOS GUARARAPES,Não guardar distância de segurança,Colisão traseira,Sem Vítimas,Amanhecer,Decrescente,Chuva,Dupla,Reta,Sim,2,0,0,0,2,0,0,2,"-8,07917241","-34,98718609",SPRF-PE,DEL01-PE,UOP01-DEL01-PE
305010,2020-09-01,terça-feira,14:10:00,PE,232,"177,9",BELO JARDIM,Não guardar distância de segurança,Colisão traseira,Com Vítimas Feridas,Pleno dia,Crescente,Nublado,Simples,Reta,Sim,2,0,1,0,0,1,1,2,"-8,34884045","-36,4032249",SPRF-PE,DEL02-PE,UOP03-DEL02-PE
305061,2020-09-01,terça-feira,17:00:00,PE,423,"108,6",PARANATAMA,Falta de Atenção à Condução,Colisão lateral,Com Vítimas Feridas,Pleno dia,Decrescente,Chuva,Simples,Reta,Não,4,0,0,1,3,0,1,2,"-8,88787008","-36,5960598",SPRF-PE,DEL03-PE,UOP01-DEL03-PE
305069,2020-09-01,terça-feira,19:40:00,PE,101,"68,9",RECIFE,Não guardar distância de segurança,Colisão traseira,Com Vítimas Feridas,Plena Noite,Decrescente,Chuva,Múltipla,Reta,Sim,4,0,1,0,2,1,1,2,"-8,058549","-34,946055",SPRF-PE,DEL01-PE,UOP01-DEL01-PE
305136,2020-09-02,quarta-feira,08:20:00,PE,101,70,RECIFE,Não guardar distância de segurança,Colisão traseira,Com Vítimas Feridas,Pleno dia,Decrescente,Nublado,Dupla,Reta,Sim,3,0,1,0,2,0,1,2,"-8,06776119","-34,94265074",SPRF-PE,DEL01-PE,UOP01-DEL01-PE
305146,2020-09-02,quarta-feira,09:00:00,PE,428,"186,2",PETROLINA,Desobediência às normas de trânsito pelo condutor,Colisão traseira,Sem Vítimas,Pleno dia,Crescente,Céu Claro,Simples,Reta,Sim,2,0,0,0,2,0,0,2,"-9,34807826","-40,47441248",SPRF-PE,DEL06-PE,UOP01-DEL06-PE
305202,2020-09-02,quarta-feira,15:40:00,PE,116,20,SALGUEIRO,Falta de Atenção à Condução,Colisão traseira,Com Vítimas Feridas,Pleno dia,Decrescente,Céu Claro,Simples,Reta,Não,3,0,2,0,1,0,2,2,"-8,017438","-39,143444",SPRF-PE,DEL05-PE,UOP01-DEL05-PE
305204,2020-09-02,quarta-feira,13:45:00,PE,104,"67,7",CARUARU,Não guardar distância de segurança,Capotamento,Sem Vítimas,Pleno dia,Crescente,Céu Claro,Dupla,Reta,Sim,2,0,0,0,2,0,0,1,"-8,3016","-35,9882",SPRF-PE,DEL02-PE,UOP01-DEL02-PE
305233,2020-09-02,quarta-feira,17:45:00,PE,101,"64,5",RECIFE,Falta de Atenção do Pedestre,Atropelamento de Pedestre,Com Vítimas Feridas,Plena Noite,Crescente,Céu Claro,Dupla,Reta,Sim,2,0,0,2,0,0,2,2,"-8,021664","-34,942676",SPRF-PE,DEL01-PE,UOP01-DEL01-PE
305308,2020-09-03,quinta-feira,05:40:00,PE,232,179,BELO JARDIM,Ultrapassagem Indevida,Colisão frontal,Com Vítimas Feridas,Amanhecer,Crescente,Garoa/Chuvisco,Simples,Reta,Sim,2,0,0,1,1,0,1,2,"-8,34352414","-36,42431259",SPRF-PE,DEL02-PE,UOP03-DEL02-PE
305310,2020-09-03,quinta-feira,07:30:00,PE,101,71,RECIFE,Desobediência às normas de trânsito pelo condutor,Colisão transversal,Com Vítimas Feridas,Pleno dia,Decrescente,Chuva,Dupla,Reta,Sim,3,0,1,0,2,0,1,2,"-8,07663102","-34,94277871",SPRF-PE,DEL01-PE,UOP01-DEL01-PE
305350,2020-09-03,quinta-feira,11:20:00,PE,428,"139,9",LAGOA GRANDE,Desobediência às normas de trânsito pelo condutor,Colisão transversal,Com Vítimas Feridas,Pleno dia,Decrescente,Céu Claro,Simples,Reta;Interseção de Vias       ,Sim,2,0,1,0,1,0,1,2,"-8,98787563","-40,26256422",SPRF-PE,DEL06-PE,UOP03-DEL06-PE
305363,2020-09-02,quarta-feira,14:45:00,PE,316,268,BELEM DE SAO FRANCISCO,Defeito na Via,Danos eventuais,Sem Vítimas,Pleno dia,Decrescente,Céu Claro,Simples,Reta,Não,2,0,0,0,2,0,0,1,"-8,70795366","-38,87816217",SPRF-PE,DEL04-PE,UOP03-DEL04-PE
305437,2020-09-03,quinta-feira,19:39:00,PE,101,58,RECIFE,Não guardar distância de segurança,Engavetamento,Com Vítimas Feridas,Plena Noite,Decrescente,Nublado,Dupla,Reta,Não,6,0,1,0,5,0,1,4,"-7,97063209","-34,92064675",SPRF-PE,DEL01-PE,UOP02-DEL01-PE
305439,2020-09-03,quinta-feira,19:15:00,PE,101,"70,6",RECIFE,Desobediência às normas de trânsito pelo pedestre,Atropelamento de Pedestre,Com Vítimas Feridas,Plena Noite,Crescente,Céu Claro,Múltipla,Reta,Sim,2,0,1,0,1,0,1,2,"-8,06776119","-34,94265074",SPRF-PE,DEL01-PE,UOP01-DEL01-PE
305444,2020-09-03,quinta-feira,19:00:00,PE,232,"197,8",SANHARO,Ingestão de Álcool,Colisão lateral,Com Vítimas Feridas,Plena Noite,Crescente,Céu Claro,Simples,Reta,Não,2,0,0,1,1,0,1,2,"-8,36891793","-36,580362",SPRF-PE,DEL02-PE,UOP03-DEL02-PE
305445,2020-09-03,quinta-feira,18:15:00,PE,232,"197,8",SANHARO,Ingestão de Álcool,Colisão traseira,Com Vítimas Feridas,Plena Noite,Crescente,Céu Claro,Simples,Reta,Não,2,0,0,1,1,0,1,2,"-8,36891793","-36,580362",SPRF-PE,DEL02-PE,UOP03-DEL02-PE
305498,2020-09-04,sexta-feira,05:55:00,PE,101,54,PAULISTA,Condutor Dormindo,Saída de leito carroçável,Com Vítimas Fatais,Amanhecer,Decrescente,Céu Claro,Dupla,Viaduto;Reta                  ,Não,2,1,0,1,0,0,1,1,"-7,93961103","-34,90356584",SPRF-PE,DEL01-PE,UOP02-DEL01-PE
305505,2020-09-04,sexta-feira,05:30:00,PE,104,109,PANELAS,Condutor Dormindo,Saída de leito carroçável,Com Vítimas Fatais,Amanhecer,Crescente,Garoa/Chuvisco,Simples,Reta,Não,1,1,0,0,0,0,0,1,"-8,621404","-35,992279",SPRF-PE,DEL02-PE,UOP01-DEL02-PE
305529,2020-08-31,segunda-feira,23:40:00,PE,,,GARANHUNS,Agressão Externa,Colisão traseira,Sem Vítimas,Plena Noite,Não Informado,Nublado,Simples,Reta,Sim,3,0,0,0,3,0,0,2,"-8,882718","-36,479316",SPRF-PE,DEL03-PE,UOP01-DEL03-PE
305533,2020-09-04,sexta-feira,08:40:00,PE,232,"159,3",TACAIMBO,Não guardar distância de segurança,Colisão lateral,Com Vítimas Feridas,Pleno dia,Decrescente,Céu Claro,Simples,Reta,Não,2,0,1,0,1,0,1,2,"-8,33108557","-36,24438103",SPRF-PE,DEL02-PE,UOP03-DEL02-PE
305556,2020-09-04,sexta-feira,10:45:00,PE,101,68,RECIFE,Falta de Atenção à Condução,Colisão lateral,Com Vítimas Feridas,Pleno dia,Decrescente,Sol,Múltipla,Reta;Declive                  ,Sim,3,0,0,1,1,1,1,3,"-8,05074296","-34,94580619",SPRF-PE,DEL01-PE,UOP01-DEL01-PE
305570,2020-09-04,sexta-feira,11:40:00,PE,232,"23,8",MORENO,Velocidade Incompatível,Saída de leito carroçável,Com Vítimas Feridas,Pleno dia,Decrescente,Nublado,Dupla,Reta,Não,6,0,2,1,1,2,3,3,"-8,0992185","-35,09713887",SPRF-PE,DEL02-PE,UOP02-DEL02PE
305572,2020-09-04,sexta-feira,11:20:00,PE,407,124,PETROLINA,Desobediência às normas de trânsito pelo condutor,Colisão traseira,Com Vítimas Feridas,Pleno dia,Decrescente,Céu Claro,Simples,Reta,Sim,3,0,2,0,1,0,2,2,"-9,36929881","-40,54137139",SPRF-PE,DEL06-PE,UOP01-DEL06-PE
305575,2020-09-04,sexta-feira,11:50:00,PE,232,"211,6",PESQUEIRA,Falta de Atenção à Condução,Colisão transversal,Com Vítimas Feridas,Pleno dia,Decrescente,Céu Claro,Simples,Reta,Sim,2,0,0,1,1,0,1,2,"-8,37220254","-36,71114649",SPRF-PE,DEL02-PE,UOP03-DEL02-PE
305592,2020-09-04,sexta-feira,09:20:00,PE,116,"25,3",SALGUEIRO,Falta de Atenção à Condução,Colisão transversal,Com Vítimas Feridas,Pleno dia,Crescente,Céu Claro,Simples,Reta,Sim,2,0,1,0,1,0,1,2,"-8,06812187","-39,13474213",SPRF-PE,DEL05-PE,UOP01-DEL05-PE
305602,2020-03-16,segunda-feira,14:20:00,PE,232,129,CARUARU,Falta de Atenção do Pedestre,Atropelamento de Pedestre,Com Vítimas Fatais,Pleno dia,Crescente,Céu Claro,Dupla,Reta,Sim,2,1,0,0,1,0,0,2,"-8,30193507","-35,98092002",SPRF-PE,DEL02-PE,UOP03-DEL02-PE
305619,2020-09-04,sexta-feira,15:45:00,PE,408,88,SAO LOURENCO DA MATA,Falta de Atenção à Condução,Saída de leito carroçável,Com Vítimas Feridas,Pleno dia,Crescente,Céu Claro,Dupla,Declive,Sim,1,0,1,0,0,0,1,1,"-7,973988","-35,086504",SPRF-PE,DEL01-PE,UOP01-DEL01-PE
305626,2020-09-04,sexta-feira,15:30:00,PE,407,"127,2",PETROLINA,Ingestão de Álcool,Colisão traseira,Sem Vítimas,Pleno dia,Decrescente,Céu Claro,Simples,Reta,Sim,2,0,0,0,2,0,0,2,"-9,3908678","-40,52038627",SPRF-PE,DEL06-PE,UOP01-DEL06-PE
305656,2020-09-04,sexta-feira,17:30:00,PE,232,"101,2",BEZERROS,Falta de Atenção à Condução,Colisão frontal,Com Vítimas Feridas,Anoitecer,Crescente,Céu Claro,Simples,Reta,Sim,6,0,1,1,4,0,2,2,"-8,24194679","-35,75097313",SPRF-PE,DEL02-PE,UOP02-DEL02PE
305703,2020-09-04,sexta-feira,15:35:00,PE,232,150,SAO CAITANO,Agressão Externa,Danos eventuais,Sem Vítimas,Pleno dia,Crescente,Céu Claro,Simples,Declive,Não,3,0,0,0,3,0,0,1,"-8,33534498","-36,16018474",SPRF-PE,DEL02-PE,UOP03-DEL02-PE
305805,2020-09-05,sábado,06:50:00,PE,101,"41,4",IGARASSU,Falta de Atenção à Condução,Saída de leito carroçável,Com Vítimas Feridas,Pleno dia,Decrescente,Céu Claro,Dupla,Curva,Sim,1,0,0,1,0,0,1,1,"-7,83038346","-34,91426785",SPRF-PE,DEL01-PE,UOP02-DEL01-PE
305891,2020-09-05,sábado,10:00:00,PE,232,"247,1",ARCOVERDE,Ingestão de Álcool,Saída de leito carroçável,Com Vítimas Feridas,Pleno dia,Decrescente,Nublado,Simples,Reta,Não,1,0,1,0,0,0,1,1,"-8,42267285","-37,02554205",SPRF-PE,DEL03-PE,UOP02-DEL03-PE
305940,2020-09-05,sábado,16:30:00,PE,101,101,CABO DE SANTO AGOSTINHO,Falta de Atenção à Condução,Colisão transversal,Com Vítimas Feridas,Pleno dia,Crescente,Céu Claro,Simples,Reta,Sim,2,0,1,0,0,1,1,2,"-8,2757433","-35,05378122",SPRF-PE,DEL01-PE,UOP03-DEL01-PE
305963,2020-09-05,sábado,18:30:00,PE,316,"9,1",ARARIPINA,Ultrapassagem Indevida,Colisão frontal,Com Vítimas Fatais,Plena Noite,Crescente,Céu Claro,Simples,Aclive;Curva                  ,Não,2,1,0,0,0,1,0,2,"-7,49328223","-40,59803905",SPRF-PE,DEL05-PE,UOP02-DEL05-PE
306042,2020-09-05,sábado,23:25:00,PE,101,"54,5",PAULISTA,Animais na Pista,Atropelamento de Animal,Com Vítimas Feridas,Plena Noite,Crescente,Nublado,Dupla,Reta,Não,3,0,3,0,0,0,3,1,"-7,93961103","-34,90356584",SPRF-PE,DEL01-PE,UOP02-DEL01-PE
306105,2020-09-06,domingo,06:15:00,PE,101,"28,3",IGARASSU,Falta de Atenção à Condução,Saída de leito carroçável,Sem Vítimas,Pleno dia,Crescente,Nublado,Dupla,Reta,Não,1,0,0,0,0,1,0,1,"-7,72056385","-34,94127124",SPRF-PE,DEL01-PE,UOP02-DEL01-PE
306124,2020-09-06,domingo,10:10:00,PE,423,82,GARANHUNS,Avarias e/ou desgaste excessivo no pneu,Saída de leito carroçável,Com Vítimas Feridas,Pleno dia,Decrescente,Céu Claro,Simples,Reta,Não,1,0,0,1,0,0,1,1,"-8,78236498","-36,43093004",SPRF-PE,DEL03-PE,UOP01-DEL03-PE
306131,2020-09-06,domingo,10:00:00,PE,101,"48,7",ABREU E LIMA,Falta de Atenção do Pedestre,Atropelamento de Pedestre,Com Vítimas Feridas,Pleno dia,Decrescente,Céu Claro,Múltipla,Reta,Sim,2,0,1,1,0,0,2,2,"-7,89174705","-34,9033493",SPRF-PE,DEL01-PE,UOP02-DEL01-PE
306164,2020-09-06,domingo,14:30:00,PE,423,"55,2",LAJEDO,Desobediência às normas de trânsito pelo condutor,Colisão lateral,Com Vítimas Feridas,Pleno dia,Decrescente,Sol,Simples,Reta,Sim,2,0,1,0,1,0,1,2,"-8,61537298","-36,29867707",SPRF-PE,DEL03-PE,UOP01-DEL03-PE
306217,2020-09-06,domingo,18:15:00,PE,424,"85,9",GARANHUNS,Falta de Atenção à Condução,Atropelamento de Pedestre,Com Vítimas Feridas,Plena Noite,Decrescente,Nublado,Simples,Reta,Sim,2,0,0,1,0,1,1,2,"-8,85702308","-36,51218326",SPRF-PE,DEL03-PE,UOP01-DEL03-PE
306231,2020-09-06,domingo,18:40:00,PE,232,"21,9",MORENO,Desobediência às normas de trânsito pelo condutor,Colisão frontal,Com Vítimas Feridas,Pleno dia,Decrescente,Nublado,Dupla,Reta,Não,2,0,1,0,1,0,1,2,"-8,09741","-35,086934",SPRF-PE,DEL02-PE,UOP02-DEL02PE
306241,2020-09-06,domingo,18:40:00,PE,232,"209,6",PESQUEIRA,Falta de Atenção à Condução,Colisão frontal,Com Vítimas Feridas,Plena Noite,Decrescente,Nublado,Simples,Reta,Sim,2,0,0,1,1,0,1,2,"-8,36666789","-36,68869898",SPRF-PE,DEL02-PE,UOP03-DEL02-PE