id,data_inversa,dia_semana,horario,uf,br,km,municipio,causa_acidente,tipo_acidente,classificacao_acidente,fase_dia,sentido_via,condicao_metereologica,tipo_pista,tracado_via,uso_solo,pessoas,mortos,feridos_leves,feridos_graves,ilesos,ignorados,feridos,veiculos,latitude,longitude,regional,delegacia,uop
306242,2020-09-06,domingo,19:20:00,PE,232,"153,4",SAO CAITANO,Desobediência às normas de trânsito pelo condutor,Colisão frontal,Com Vítimas Fatais,Plena Noite,Crescente,Céu Claro,Simples,Reta,Não,3,1,2,0,0,0,2,2,"-8,32760396","-36,190063",SPRF-PE,DEL02-PE,UOP03-DEL02-PE
306244,2020-09-06,domingo,19:00:00,PE,423,"62,4",LAJEDO,Velocidade Incompatível,Colisão traseira,Com Vítimas Fatais,Plena Noite,Crescente,Céu Claro,Simples,Reta,Sim,3,1,0,1,0,1,1,2,"-8,65805731","-36,32866993",SPRF-PE,DEL03-PE,UOP01-DEL03-PE
306310,2020-09-07,segunda-feira,00:30:00,PE,407,"127,6",PETROLINA,Ingestão de Álcool,Queda de ocupante de veículo,Com Vítimas Feridas,Plena Noite,Decrescente,Céu Claro,Simples,Reta,Sim,1,0,0,1,0,0,1,1,"-9,39287168","-40,51454186",SPRF-PE,DEL06-PE,UOP01-DEL06-PE
306320,2020-09-07,segunda-feira,02:40:00,PE,104,70,CARUARU,Ingestão de Álcool,Colisão traseira,Sem Vítimas,Plena Noite,Crescente,Nublado,Dupla,Reta,Não,2,0,0,0,2,0,0,2,"-8,3264","-35,9852",SPRF-PE,DEL02-PE,UOP01-DEL02-PE
306332,2020-09-07,segunda-feira,06:10:00,PE,232,13,JABOATAO DOS GUARARAPES,Não guardar distância de segurança,Saída de leito carroçável,Com Vítimas Feridas,Pleno dia,Crescente,Nublado,Dupla,Reta,Não,2,0,2,0,0,0,2,1,"-8,08831567","-35,01203806",SPRF-PE,DEL01-PE,UOP01-DEL01-PE
306380,2020-09-07,segunda-feira,13:20:00,PE,232,407,SERRA TALHADA,Desobediência às normas de trânsito pelo condutor,Colisão com objeto estático,Com Vítimas Fatais,Pleno dia,Crescente,Céu Claro,Simples,Curva,Sim,1,1,0,0,0,0,0,1,"-7,9854402","-38,27148304",SPRF-PE,DEL04-PE,UOP01-DEL04-PE
306416,2020-09-07,segunda-feira,16:24:00,PE,232,"10,4",JABOATAO DOS GUARARAPES,Não guardar distância de segurança,Colisão traseira,Com Vítimas Feridas,Pleno dia,Decrescente,Céu Claro,Dupla,Declive;Reta                  ,Sim,3,0,0,1,2,0,1,3,"-8,07917241","-34,98718609",SPRF-PE,DEL01-PE,UOP01-DEL01-PE
306468,2020-09-07,segunda-feira,19:20:00,PE,232,"17,4",JABOATAO DOS GUARARAPES,Desobediência às normas de trânsito pelo pedestre,Atropelamento de Pedestre,Com Vítimas Fatais,Plena Noite,Decrescente,Céu Claro,Dupla,Reta,Não,2,1,0,0,0,1,0,2,"-8,09565202","-35,04581599",SPRF-PE,DEL01-PE,UOP01-DEL01-PE
306552,2020-09-08,terça-feira,03:00:00,PE,232,"122,7",CARUARU,Velocidade Incompatível,Saída de leito carroçável,Com Vítimas Fatais,Plena Noite,Decrescente,Céu Claro,Dupla,Reta,Não,1,1,0,0,0,0,0,1,"-8,30217741","-35,91946793",SPRF-PE,DEL02-PE,UOP03-DEL02-PE
306561,2020-09-08,terça-feira,03:35:00,PE,116,"77,6",CABROBO,Desobediência às normas de trânsito pelo condutor,Colisão lateral,Com Vítimas Feridas,Amanhecer,Crescente,Céu Claro,Simples,Reta,Não,2,0,1,0,1,0,1,2,"-8,499682","-39,209816",SPRF-PE,DEL05-PE,UOP03-DEL05-PE
306577,2020-09-08,terça-feira,07:30:00,PE,101,"74,6",RECIFE,Falta de Atenção à Condução,Queda de ocupante de veículo,Com Vítimas Feridas,Pleno dia,Crescente,Sol,Dupla,Reta,Sim,1,0,0,1,0,0,1,1,"-8,10146485","-34,94901577",SPRF-PE,DEL01-PE,UOP01-DEL01-PE
306582,2020-09-08,terça-feira,07:40:00,PE,101,"50,8",ABREU E LIMA,Falta de Atenção à Condução,Colisão lateral,Com Vítimas Feridas,Pleno dia,Crescente,Sol,Múltipla,Reta,Sim,2,0,0,1,1,0,1,2,"-7,90938602","-34,90123228",SPRF-PE,DEL01-PE,UOP02-DEL01-PE
306682,2020-09-08,terça-feira,18:30:00,PE,232,210,PESQUEIRA,Falta de Atenção à Condução,Colisão lateral,Com Vítimas Feridas,Plena Noite,Decrescente,Céu Claro,Simples,Reta,Sim,2,0,0,2,0,0,2,2,"-8,36537624","-36,69766903",SPRF-PE,DEL02-PE,UOP03-DEL02-PE
306715,2020-09-08,terça-feira,22:20:00,PE,101,"42,5",IGARASSU,Condutor Dormindo,Capotamento,Com Vítimas Feridas,Plena Noite,Crescente,Garoa/Chuvisco,Dupla,Reta,Sim,3,0,1,2,0,0,3,1,"-7,83887431","-34,91196739",SPRF-PE,DEL01-PE,UOP02-DEL01-PE
306808,2020-09-09,quarta-feira,08:30:00,PE,232,"16,2",JABOATAO DOS GUARARAPES,Condutor Dormindo,Saída de leito carroçável,Com Vítimas Feridas,Pleno dia,Decrescente,Sol,Dupla,Reta,Não,4,0,2,0,2,0,2,1,"-8,094344","-35,039554",SPRF-PE,DEL01-PE,UOP01-DEL01-PE
306882,2020-09-09,quarta-feira,16:00:00,PE,316,"295,3",ITACURUBA,Falta de Atenção à Condução,Saída de leito carroçável,Com Vítimas Fatais,Pleno dia,Decrescente,Céu Claro,Simples,Reta,Não,1,1,0,0,0,0,0,1,"-8,62714803","-38,64754299",SPRF-PE,DEL04-PE,UOP03-DEL04-PE
306931,2020-09-09,quarta-feira,23:30:00,PE,428,185,PETROLINA,Ingestão de Álcool,Colisão traseira,Com Vítimas Feridas,Plena Noite,Decrescente,Céu Claro,Simples,Reta,Sim,4,0,1,0,3,0,1,2,"-9,34009199","-40,47032001",SPRF-PE,DEL06-PE,UOP01-DEL06-PE
307009,2020-09-10,quinta-feira,11:40:00,PE,232,516,SALGUEIRO,Avarias e/ou desgaste excessivo no pneu,Saída de leito carroçável,Com Vítimas Feridas,Pleno dia,Decrescente,Céu Claro,Simples,Reta,Não,1,0,1,0,0,0,1,1,"-8,06595076","-39,18871694",SPRF-PE,DEL05-PE,UOP01-DEL05-PE
307019,2020-09-10,quinta-feira,14:00:00,PE,101,51,PAULISTA,Falta de Atenção à Condução,Colisão lateral,Com Vítimas Feridas,Pleno dia,Decrescente,Sol,Simples,Curva,Sim,2,0,0,1,0,1,1,2,"-7,9169968","-34,89689272",SPRF-PE,DEL01-PE,UOP02-DEL01-PE
307022,2020-09-10,quinta-feira,08:00:00,PE,104,24,TAQUARITINGA DO NORTE,Desobediência às normas de trânsito pelo condutor,Colisão transversal,Sem Vítimas,Pleno dia,Crescente,Céu Claro,Simples,Curva,Sim,2,0,0,0,0,2,0,2,"-7,977156","-36,103249",SPRF-PE,DEL02-PE,UOP01-DEL02-PE
307023,2020-09-10,quinta-feira,15:00:00,PE,232,"108,8",BEZERROS,Falta de Atenção à Condução,Colisão traseira,Com Vítimas Feridas,Pleno dia,Decrescente,Céu Claro,Dupla,Reta,Não,4,0,2,0,2,0,2,2,"-8,27437583","-35,80416315",SPRF-PE,DEL02-PE,UOP03-DEL02-PE
307040,2020-09-10,quinta-feira,16:40:00,PE,101,"40,5",IGARASSU,Falta de Atenção do Pedestre,Atropelamento de Pedestre,Com Vítimas Feridas,Pleno dia,Crescente,Céu Claro,Dupla,Reta,Sim,2,0,2,0,0,0,2,2,"-7,82649154","-34,91530549",SPRF-PE,DEL01-PE,UOP02-DEL01-PE
307053,2020-09-10,quinta-feira,17:40:00,PE,232,"4,9",RECIFE,Desobediência às normas de trânsito pelo condutor,Colisão transversal,Com Vítimas Feridas,Anoitecer,Decrescente,Nublado,Dupla,Reta,Sim,2,0,0,1,1,0,1,2,"-8,064473","-34,936928",SPRF-PE,DEL01-PE,UOP01-DEL01-PE
307080,2020-09-10,quinta-feira,20:00:00,PE,101,82,JABOATAO DOS GUARARAPES,Não guardar distância de segurança,Colisão traseira,Sem Vítimas,Plena Noite,Crescente,Nublado,Dupla,Reta,Sim,2,0,0,0,1,1,0,2,"-8,168383","-34,9376",SPRF-PE,DEL01-PE,UOP03-DEL01-PE
307106,2020-09-11,sexta-feira,00:15:00,PE,101,"77,3",RECIFE,Sinalização da via insuficiente ou inadequada,Colisão com objeto estático,Com Vítimas Feridas,Plena Noite,Crescente,Nublado,Dupla,Em Obras,Sim,2,0,1,1,0,0,2,1,"-8,126982","-34,94386",SPRF-PE,DEL01-PE,UOP01-DEL01-PE
307119,2020-09-11,sexta-feira,03:30:00,PE,232,"356,1",FLORES,Falta de Atenção à Condução,Capotamento,Com Vítimas Feridas,Plena Noite,Decrescente,Céu Claro,Simples,Curva,Não,3,0,1,1,0,1,2,1,"-8,04849067","-37,84054579",SPRF-PE,DEL04-PE,UOP01-DEL04-PE
307187,2020-09-11,sexta-feira,13:30:00,PE,101,88,CABO DE SANTO AGOSTINHO,Desobediência às normas de trânsito pelo condutor,Colisão lateral,Com Vítimas Feridas,Pleno dia,Decrescente,Sol,Dupla,Reta,Não,2,0,1,0,1,0,1,2,"-8,19971387","-34,9785382",SPRF-PE,DEL01-PE,UOP03-DEL01-PE
307207,2020-09-11,sexta-feira,16:20:00,PE,408,105,JABOATAO DOS GUARARAPES,Objeto estático sobre o leito carroçável,Colisão com objeto estático,Sem Vítimas,Pleno dia,Decrescente,Céu Claro,Dupla,Retorno Regulamentado,Sim,2,0,0,0,2,0,0,2,"-8,0730937","-34,99190714",SPRF-PE,DEL01-PE,UOP01-DEL01-PE
307246,2020-09-11,sexta-feira,18:35:00,PE,428,"188,2",PETROLINA,Não guardar distância de segurança,Colisão traseira,Com Vítimas Feridas,Plena Noite,Crescente,Céu Claro,Dupla,Reta,Sim,3,0,1,0,2,0,1,2,"-9,37575963","-40,49261225",SPRF-PE,DEL06-PE,UOP01-DEL06-PE
307271,2020-09-11,sexta-feira,20:00:00,PE,232,"127,6",CARUARU,Velocidade Incompatível,Saída de leito carroçável,Com Vítimas Feridas,Plena Noite,Decrescente,Céu Claro,Dupla,Curva,Sim,1,0,1,0,0,0,1,1,"-8,30536134","-35,96780431",SPRF-PE,DEL02-PE,UOP03-DEL02-PE
307319,2020-09-11,sexta-feira,23:00:00,PE,232,"177,1",BELO JARDIM,Animais na Pista,Atropelamento de Animal,Com Vítimas Fatais,Plena Noite,Crescente,Céu Claro,Simples,Reta,Não,5,2,1,2,0,0,3,1,"-8,34884045","-36,4032249",SPRF-PE,DEL02-PE,UOP03-DEL02-PE
307433,2020-09-12,sábado,11:35:00,PE,101,"68,3",RECIFE,Falta de Atenção à Condução,Colisão transversal,Com Vítimas Feridas,Pleno dia,Decrescente,Céu Claro,Dupla,Reta,Sim,3,0,1,2,0,0,3,2,"-8,053674","-34,946183",SPRF-PE,DEL01-PE,UOP01-DEL01-PE
307489,2020-09-12,sábado,17:50:00,PE,101,"58,6",ABREU E LIMA,Não guardar distância de segurança,Colisão traseira,Com Vítimas Feridas,Anoitecer,Crescente,Céu Claro,Dupla,Reta,Não,5,0,1,0,3,1,1,5,"-7,97063209","-34,92064675",SPRF-PE,DEL01-PE,UOP02-DEL01-PE
307519,2020-09-12,sábado,19:00:00,PE,408,"70,9",PAUDALHO,Desobediência às normas de trânsito pelo condutor,Colisão frontal,Com Vítimas Fatais,Plena Noite,Crescente,Céu Claro,Dupla,Reta,Sim,3,1,2,0,0,0,2,2,"-7,87784","-35,184247",SPRF-PE,DEL01-PE,UOP01-DEL01-PE
307535,2020-08-25,terça-feira,14:20:00,PE,316,79,OURICURI,Falta de Atenção à Condução,Saída de leito carroçável,Com Vítimas Feridas,Pleno dia,Decrescente,Céu Claro,Simples,Reta,Não,1,0,1,0,0,0,1,1,"-7,85585332","-40,11547828",SPRF-PE,DEL05-PE,UOP02-DEL05-PE
307537,2020-09-12,sábado,21:00:00,PE,232,"110,1",BEZERROS,Velocidade Incompatível,Saída de leito carroçável,Com Vítimas Feridas,Plena Noite,Crescente,Céu Claro,Dupla,Retorno Regulamentado,Não,2,0,2,0,0,0,2,1,"-8,28634529","-35,81755579",SPRF-PE,DEL02-PE,UOP03-DEL02-PE
307584,2020-09-13,domingo,02:45:00,PE,232,181,BELO JARDIM,Velocidade Incompatível,Atropelamento de Animal,Com Vítimas Fatais,Plena Noite,Crescente,Céu Claro,Simples,Reta,Sim,1,1,0,0,0,0,0,1,"-8,34627974","-36,43776285",SPRF-PE,DEL02-PE,UOP03-DEL02-PE
307594,2020-09-13,domingo,04:30:00,PE,101,49,ABREU E LIMA,Ingestão de Álcool,Colisão com objeto estático,Sem Vítimas,Amanhecer,Decrescente,Céu Claro,Simples,Reta,Sim,1,0,0,0,1,0,0,1,"-7,9005152","-34,90180641",SPRF-PE,DEL01-PE,UOP02-DEL01-PE
307637,2020-09-13,domingo,08:50:00,PE,232,410,SERRA TALHADA,Desobediência às normas de trânsito pelo condutor,Colisão lateral,Com Vítimas Feridas,Pleno dia,Crescente,Céu Claro,Simples,Reta,Sim,3,0,2,0,1,0,2,2,"-7,98151586","-38,30451965",SPRF-PE,DEL04-PE,UOP01-DEL04-PE
307690,2020-09-06,domingo,06:00:00,PE,101,41,IGARASSU,Condutor Dormindo,Saída de leito carroçável,Com Vítimas Feridas,Pleno dia,Decrescente,Céu Claro,Dupla,Curva,Não,1,0,0,1,0,0,1,1,"-7,83038346","-34,91426785",SPRF-PE,DEL01-PE,UOP02-DEL01-PE
307702,2020-09-13,domingo,14:20:00,PE,316,66,OURICURI,Defeito Mecânico no Veículo,Incêndio,Sem Vítimas,Pleno dia,Crescente,Céu Claro,Simples,Reta,Não,1,0,0,0,0,1,0,1,"-7,78931549","-40,20951831",SPRF-PE,DEL05-PE,UOP02-DEL05-PE
307704,2020-09-13,domingo,15:45:00,PE,232,109,BEZERROS,Desobediência às normas de trânsito pelo condutor,Capotamento,Com Vítimas Fatais,Pleno dia,Crescente,Sol,Dupla,Reta,Não,2,1,0,0,1,0,0,1,"-8,28036785","-35,81085313",SPRF-PE,DEL02-PE,UOP03-DEL02-PE
307797,2020-09-13,domingo,22:25:00,PE,232,"81,1",GRAVATA,Desobediência às normas de trânsito pelo condutor,Colisão traseira,Com Vítimas Feridas,Plena Noite,Decrescente,Céu Claro,Dupla,Declive;Reta                  ,Sim,17,0,1,0,15,1,1,3,"-8,197275","-35,580144",SPRF-PE,DEL02-PE,UOP02-DEL02PE
307823,2020-09-14,segunda-feira,01:50:00,PE,101,99,CABO DE SANTO AGOSTINHO,Ingestão de Álcool,Saída de leito carroçável,Com Vítimas Feridas,Plena Noite,Decrescente,Chuva,Dupla,Curva,Não,1,0,1,0,0,0,1,1,"-8,26025316","-35,04629883",SPRF-PE,DEL01-PE,UOP03-DEL01-PE
307853,2020-09-14,segunda-feira,07:20:00,PE,101,136,ESCADA,Mal Súbito,Saída de leito carroçável,Com Vítimas Feridas,Pleno dia,Decrescente,Céu Claro,Múltipla,Curva;Declive;Retorno Regulame,Não,1,0,1,0,0,0,1,1,"-8,41439454","-35,3044618",SPRF-PE,DEL01-PE,UOP03-DEL01-PE
307910,2020-09-14,segunda-feira,13:30:00,PE,101,"90,8",CABO DE SANTO AGOSTINHO,Desobediência às normas de trânsito pelo condutor,Colisão transversal,Com Vítimas Feridas,Pleno dia,Crescente,Céu Claro,Dupla,Reta,Sim,2,0,0,1,1,0,1,2,"-8,21612792","-34,98772817",SPRF-PE,DEL01-PE,UOP03-DEL01-PE
307950,2020-09-14,segunda-feira,18:30:00,PE,316,"264,3",BELEM DE SAO FRANCISCO,Desobediência às normas de trânsito pelo condutor,Colisão frontal,Com Vítimas Fatais,Plena Noite,Crescente,Céu Claro,Simples,Reta,Não,5,2,3,0,0,0,3,2,"-8,7246186","-38,9103352",SPRF-PE,DEL05-PE,UOP03-DEL05-PE
307952,2020-09-14,segunda-feira,19:30:00,PE,407,122,PETROLINA,Animais na Pista,Colisão frontal,Com Vítimas Feridas,Plena Noite,Crescente,Céu Claro,Simples,Reta,Sim,2,0,1,0,1,0,1,2,"-9,35368726","-40,55051642",SPRF-PE,DEL06-PE,UOP01-DEL06-PE
307957,2020-09-14,segunda-feira,19:50:00,PE,232,"7,2",RECIFE,Velocidade Incompatível,Colisão traseira,Com Vítimas Feridas,Plena Noite,Crescente,Céu Claro,Dupla,Reta,Sim,2,0,0,1,1,0,1,2,"-8,07333497","-34,96184301",SPRF-PE,DEL01-PE,UOP01-DEL01-PE
307960,2020-07-27,segunda-feira,07:30:00,PE,116,2,SALGUEIRO,Não guardar distância de segurança,Queda de ocupante de veículo,Com Vítimas Feridas,Pleno dia,Decrescente,Céu Claro,Simples,Reta,Não,2,0,0,1,0,1,1,2,"-7,873192","-39,099377",SPRF-PE,DEL05-PE,UOP01-DEL05-PE
307990,2020-09-14,segunda-feira,23:25:00,PE,104,87,AGRESTINA,Deficiência ou não Acionamento do Sistema de Iluminação/Sinalização do Veículo,Colisão frontal,Com Vítimas Feridas,Plena Noite,Crescente,Céu Claro,Simples,Reta,Sim,3,0,1,0,1,1,1,2,"-8,454104","-35,945515",SPRF-PE,DEL02-PE,UOP01-DEL02-PE
308015,2020-09-15,terça-feira,06:40:00,PE,101,96,CABO DE SANTO AGOSTINHO,Falta de Atenção à Condução,Colisão lateral,Com Vítimas Feridas,Pleno dia,Decrescente,Céu Claro,Múltipla,Declive;Interseção de Vias    ,Sim,2,0,0,1,1,0,1,2,"-8,25146993","-35,021805",SPRF-PE,DEL01-PE,UOP03-DEL01-PE
308118,2020-09-15,terça-feira,17:40:00,PE,101,"52,5",PAULISTA,Falta de Atenção à Condução,Colisão transversal,Com Vítimas Feridas,Plena Noite,Decrescente,Céu Claro,Dupla,Reta,Sim,2,0,1,1,0,0,2,2,"-7,92358799","-34,89607201",SPRF-PE,DEL01-PE,UOP02-DEL01-PE
308151,2020-09-15,terça-feira,18:00:00,PE,104,71,CARUARU,Falta de Atenção à Condução,Capotamento,Sem Vítimas,Plena Noite,Decrescente,Céu Claro,Dupla,Reta,Não,1,0,0,0,0,1,0,1,"-8,3333","-35,9814",SPRF-PE,DEL02-PE,UOP01-DEL02-PE
308154,2020-09-15,terça-feira,20:10:00,PE,408,95,SAO LOURENCO DA MATA,Ingestão de Álcool,Atropelamento de Pedestre,Com Vítimas Feridas,Plena Noite,Crescente,Céu Claro,Dupla,Reta,Não,4,0,0,2,1,1,2,4,"-8,01186091","-35,04237616",SPRF-PE,DEL01-PE,UOP01-DEL01-PE
308207,2020-09-16,quarta-feira,06:45:00,PE,408,"99,4",SAO LOURENCO DA MATA,Pista Escorregadia,Saída de leito carroçável,Com Vítimas Feridas,Pleno dia,Crescente,Chuva,Dupla,Aclive,Sim,1,0,1,0,0,0,1,1,"-8,043228","-35,01982",SPRF-PE,DEL01-PE,UOP01-DEL01-PE
308265,2020-09-16,quarta-feira,11:45:00,PE,232,"291,4",SERTANIA,Defeito Mecânico no Veículo,Capotamento,Com Vítimas Feridas,Pleno dia,Decrescente,Céu Claro,Simples,Curva,Não,3,0,2,0,1,0,2,1,"-8,29907379","-37,3757158",SPRF-PE,DEL03-PE,UOP02-DEL03-PE
308287,2020-09-16,quarta-feira,16:00:00,PE,101,154,RIBEIRAO,Desobediência às normas de trânsito pelo condutor,Colisão transversal,Com Vítimas Fatais,Pleno dia,Decrescente,Sol,Dupla,Curva,Não,2,1,0,0,1,0,0,2,"-8,52860711","-35,38883966",SPRF-PE,DEL01-PE,UOP03-DEL01-PE
308297,2020-09-16,quarta-feira,17:15:00,PE,232,"5,9",RECIFE,Falta de Atenção à Condução,Queda de ocupante de veículo,Com Vítimas Feridas,Anoitecer,Crescente,Céu Claro,Dupla,Reta,Sim,1,0,1,0,0,0,1,1,"-8,06795766","-34,94535414",SPRF-PE,DEL01-PE,UOP01-DEL01-PE
308387,2020-09-17,quinta-feira,07:20:00,PE,232,"10,5",JABOATAO DOS GUARARAPES,Não guardar distância de segurança,Saída de leito carroçável,Com Vítimas Feridas,Pleno dia,Decrescente,Sol,Dupla,Declive,Sim,1,0,1,0,0,0,1,1,"-8,07917241","-34,98718609",SPRF-PE,DEL01-PE,UOP01-DEL01-PE
308400,2020-09-17,quinta-feira,06:30:00,PE,232,413,SERRA TALHADA,Falta de Atenção à Condução,Colisão transversal,Com Vítimas Feridas,Pleno dia,Decrescente,Céu Claro,Simples,Declive;Reta                  ,Sim,3,0,1,1,1,0,2,2,"-7,98857087","-38,32972307",SPRF-PE,DEL04-PE,UOP01-DEL04-PE
308416,2020-09-17,quinta-feira,08:20:00,PE,101,91,CABO DE SANTO AGOSTINHO,Desobediência às normas de trânsito pelo pedestre,Atropelamento de Pedestre,Com Vítimas Feridas,Pleno dia,Crescente,Ignorado,Simples,Viaduto,Sim,2,0,1,0,1,0,1,2,"-8,22399812","-34,99290474",SPRF-PE,DEL01-PE,UOP03-DEL01-PE
308530,2020-09-17,quinta-feira,21:00:00,PE,101,"68,5",RECIFE,Falta de Atenção à Condução,Colisão lateral,Com Vítimas Feridas,Plena Noite,Crescente,Céu Claro,Múltipla,Reta,Sim,2,0,1,0,1,0,1,2,"-8,055393","-34,946521",SPRF-PE,DEL01-PE,UOP01-DEL01-PE
308533,2020-09-17,quinta-feira,17:20:00,PE,101,"80,3",JABOATAO DOS GUARARAPES,Desobediência às normas de trânsito pelo condutor,Colisão frontal,Com Vítimas Feridas,Anoitecer,Decrescente,Céu Claro,Simples,Reta,Não,4,0,1,1,0,2,2,3,"-8,153801","-34,941875",SPRF-PE,DEL01-PE,UOP03-DEL01-PE
308534,2020-09-17,quinta-feira,19:55:00,PE,101,69,RECIFE,Falta de Atenção à Condução,Colisão transversal,Sem Vítimas,Plena Noite,Decrescente,Céu Claro,Múltipla,Reta,Sim,2,0,0,0,2,0,0,2,"-8,060279","-34,945595",SPRF-PE,DEL01-PE,UOP01-DEL01-PE
308576,2020-09-18,sexta-feira,04:20:00,PE,232,8,RECIFE,Não guardar distância de segurança,Colisão traseira,Com Vítimas Feridas,Amanhecer,Crescente,Céu Claro,Dupla,Reta,Sim,2,0,1,0,1,0,1,2,"-8,07583727","-34,97015791",SPRF-PE,DEL01-PE,UOP01-DEL01-PE
308619,2020-09-18,sexta-feira,10:10:00,PE,232,"60,5",POMBOS,Falta de Atenção à Condução,Colisão lateral,Com Vítimas Feridas,Pleno dia,Crescente,Sol,Dupla,Reta,Sim,2,0,0,1,1,0,1,2,"-8,14788448","-35,40768085",SPRF-PE,DEL02-PE,UOP02-DEL02PE
308633,2020-09-18,sexta-feira,12:30:00,PE,101,"67,4",RECIFE,Desobediência às normas de trânsito pelo condutor,Colisão lateral,Com Vítimas Feridas,Pleno dia,Decrescente,Céu Claro,Múltipla,Reta;Em Obras                 ,Sim,3,0,2,0,1,0,2,2,"-8,046238","-34,944631",SPRF-PE,DEL01-PE,UOP01-DEL01-PE
308665,2020-09-18,sexta-feira,07:45:00,PE,101,76,JABOATAO DOS GUARARAPES,Não guardar distância de segurança,Colisão lateral,Sem Vítimas,Pleno dia,Crescente,Céu Claro,Dupla,Reta,Sim,2,0,0,0,2,0,0,2,"-8,11813811","-34,94329214",SPRF-PE,DEL01-PE,UOP01-DEL01-PE
308692,2020-09-18,sexta-feira,18:05:00,PE,232,"144,2",SAO CAITANO,Animais na Pista,Atropelamento de Animal,Com Vítimas Feridas,Anoitecer,Crescente,Céu Claro,Dupla,Reta,Não,2,0,2,0,0,0,2,1,"-8,32597669","-36,11425996",SPRF-PE,DEL02-PE,UOP03-DEL02-PE
308789,2020-09-19,sábado,01:40:00,PE,408,"100,5",SAO LOURENCO DA MATA,Velocidade Incompatível,Saída de leito carroçável,Sem Vítimas,Plena Noite,Decrescente,Céu Claro,Múltipla,Reta,Não,1,0,0,0,0,1,0,1,"-8,04557","-35,010108",SPRF-PE,DEL01-PE,UOP01-DEL01-PE
308799,2020-09-19,sábado,04:00:00,PE,232,"57,3",POMBOS,Falta de Atenção à Condução,Saída de leito carroçável,Com Vítimas Feridas,Plena Noite,Decrescente,Céu Claro,Dupla,Reta,Não,2,0,1,0,1,0,1,2,"-8,1412132","-35,38181492",SPRF-PE,DEL02-PE,UOP02-DEL02PE
308809,2020-09-19,sábado,07:00:00,PE,101,69,RECIFE,Falta de Atenção à Condução,Colisão transversal,Com Vítimas Feridas,Pleno dia,Crescente,Céu Claro,Múltipla,Reta,Sim,2,0,2,0,0,0,2,2,"-8,05951606","-34,94581024",SPRF-PE,DEL01-PE,UOP01-DEL01-PE
308991,2020-09-19,sábado,23:00:00,PE,407,"125,4",PETROLINA,Ingestão de Álcool,Colisão lateral,Com Vítimas Feridas,Plena Noite,Decrescente,Céu Claro,Dupla,Reta,Sim,3,0,1,0,2,0,1,3,"-9,38308","-40,52996",SPRF-PE,DEL06-PE,UOP01-DEL06-PE
308999,2020-09-19,sábado,18:30:00,PE,428,"143,8",PETROLINA,Ultrapassagem Indevida,Colisão frontal,Com Vítimas Fatais,Plena Noite,Crescente,Céu Claro,Simples,Reta,Não,5,1,1,0,0,3,1,2,"-9,01587908","-40,27936587",SPRF-PE,DEL06-PE,UOP01-DEL06-PE
309016,2020-09-20,domingo,02:00:00,PE,232,"412,8",SERRA TALHADA,Desobediência às normas de trânsito pelo condutor,Colisão com objeto estático,Com Vítimas Feridas,Plena Noite,Crescente,Céu Claro,Simples,Ponte,Sim,1,0,0,1,0,0,1,1,"-7,98377927","-38,3208774",SPRF-PE,DEL04-PE,UOP01-DEL04-PE
309022,2020-09-20,domingo,03:50:00,PE,101,"55,5",PAULISTA,Condutor Dormindo,Saída de leito carroçável,Com Vítimas Feridas,Amanhecer,Decrescente,Céu Claro,Dupla,Curva,Não,2,0,2,0,0,0,2,1,"-7,9531917","-34,9101485",SPRF-PE,DEL01-PE,UOP02-DEL01-PE
309061,2020-09-20,domingo,09:30:00,PE,101,84,JABOATAO DOS GUARARAPES,Desobediência às normas de trânsito pelo condutor,Tombamento,Com Vítimas Feridas,Pleno dia,Crescente,Céu Claro,Dupla,Reta,Não,1,0,1,0,0,0,1,1,"-8,17778559","-34,95087297",SPRF-PE,DEL01-PE,UOP03-DEL01-PE
309086,2020-09-20,domingo,12:10:00,PE,104,71,CARUARU,Ultrapassagem Indevida,Saída de leito carroçável,Com Vítimas Feridas,Pleno dia,Crescente,Céu Claro,Simples,Curva,Não,2,0,2,0,0,0,2,1,"-8,3333","-35,9814",SPRF-PE,DEL02-PE,UOP01-DEL02-PE
309104,2020-09-20,domingo,14:35:00,PE,428,180,PETROLINA,Ultrapassagem Indevida,Colisão frontal,Com Vítimas Feridas,Pleno dia,Decrescente,Céu Claro,Simples,Reta,Não,2,0,1,0,1,0,1,2,"-9,3001832","-40,44980961",SPRF-PE,DEL06-PE,UOP01-DEL06-PE
309130,2020-09-20,domingo,16:50:00,PE,423,59,LAJEDO,Falta de Atenção à Condução,Colisão transversal,Com Vítimas Feridas,Plena Noite,Crescente,Céu Claro,Simples,Reta,Sim,2,0,0,1,1,0,1,2,"-8,64676387","-36,31558317",SPRF-PE,DEL03-PE,UOP01-DEL03-PE
309145,2020-09-20,domingo,17:45:00,PE,101,"53,7",PAULISTA,Restrição de Visibilidade,Atropelamento de Pedestre,Com Vítimas Feridas,Anoitecer,Crescente,Céu Claro,Múltipla,Reta,Não,3,0,0,1,1,1,1,3,"-7,93124094","-34,90068606",SPRF-PE,DEL01-PE,UOP02-DEL01-PE
309214,2020-09-20,domingo,21:20:00,PE,101,87,CABO DE SANTO AGOSTINHO,Falta de Atenção à Condução,Colisão frontal,Com Vítimas Feridas,Plena Noite,Decrescente,Céu Claro,Simples,Reta,Sim,2,0,1,0,1,0,1,2,"-8,19120206","-34,97449985",SPRF-PE,DEL01-PE,UOP03-DEL01-PE