id,data_inversa,dia_semana,horario,uf,br,km,municipio,causa_acidente,tipo_acidente,classificacao_acidente,fase_dia,sentido_via,condicao_metereologica,tipo_pista,tracado_via,uso_solo,pessoas,mortos,feridos_leves,feridos_graves,ilesos,ignorados,feridos,veiculos,latitude,longitude,regional,delegacia,uop
309235,2020-09-20,domingo,23:30:00,PE,101,90,CABO DE SANTO AGOSTINHO,Desobediência às normas de trânsito pelo condutor,Colisão lateral,Com Vítimas Feridas,Plena Noite,Crescente,Nublado,Dupla,Reta,Sim,2,0,1,0,0,1,1,2,"-8,21612792","-34,98772817",SPRF-PE,DEL01-PE,UOP03-DEL01-PE
309271,2020-09-20,domingo,18:10:00,PE,101,173,JOAQUIM NABUCO,Animais na Pista,Atropelamento de Animal,Com Vítimas Feridas,Plena Noite,Crescente,Nublado,Dupla,Reta,Não,1,0,1,0,0,0,1,1,"-8,59267042","-35,52108286",SPRF-PE,DEL01-PE,UOP03-DEL01-PE
309290,2020-09-21,segunda-feira,08:00:00,PE,232,"6,3",RECIFE,Falta de Atenção à Condução,Engavetamento,Com Vítimas Feridas,Pleno dia,Decrescente,Céu Claro,Dupla,Reta,Não,4,0,1,0,3,0,1,3,"-8,071718","-34,955788",SPRF-PE,DEL01-PE,UOP01-DEL01-PE
309359,2020-09-21,segunda-feira,13:00:00,PE,232,79,GRAVATA,Ultrapassagem Indevida,Colisão frontal,Com Vítimas Feridas,Pleno dia,Crescente,Céu Claro,Simples,Reta,Sim,3,0,1,0,1,1,1,3,"-8,19460572","-35,56074803",SPRF-PE,DEL02-PE,UOP02-DEL02PE
309367,2020-09-21,segunda-feira,14:15:00,PE,101,"68,5",RECIFE,Defeito na Via,Colisão lateral,Com Vítimas Feridas,Pleno dia,Crescente,Sol,Dupla,Reta,Sim,3,0,2,0,1,0,2,2,"-8,05074296","-34,94580619",SPRF-PE,DEL01-PE,UOP01-DEL01-PE
309397,2020-09-21,segunda-feira,15:40:00,PE,101,31,IGARASSU,Falta de Atenção à Condução,Colisão lateral,Com Vítimas Feridas,Pleno dia,Decrescente,Céu Claro,Múltipla,Curva,Não,2,0,1,0,1,0,1,2,"-7,74443874","-34,93872764",SPRF-PE,DEL01-PE,UOP02-DEL01-PE
309439,2020-09-21,segunda-feira,19:00:00,PE,428,"180,5",PETROLINA,Animais na Pista,Atropelamento de Animal,Com Vítimas Feridas,Plena Noite,Decrescente,Céu Claro,Simples,Reta,Não,1,0,0,1,0,0,1,1,"-9,30620057","-40,45277596",SPRF-PE,DEL06-PE,UOP01-DEL06-PE
309509,2020-09-22,terça-feira,07:40:00,PE,101,81,JABOATAO DOS GUARARAPES,Falta de Atenção à Condução,Atropelamento de Pedestre,Com Vítimas Feridas,Pleno dia,Crescente,Sol,Dupla,Reta,Sim,1,0,1,0,0,0,1,1,"-8,1597489","-34,94024569",SPRF-PE,DEL01-PE,UOP03-DEL01-PE
309546,2020-09-22,terça-feira,11:30:00,PE,101,"66,9",RECIFE,Não guardar distância de segurança,Colisão traseira,Com Vítimas Feridas,Pleno dia,Decrescente,Céu Claro,Dupla,Reta,Sim,3,0,1,1,1,0,2,2,"-8,042446","-34,943191",SPRF-PE,DEL01-PE,UOP01-DEL01-PE
309561,2020-09-22,terça-feira,13:00:00,PE,101,50,ABREU E LIMA,Falta de Atenção à Condução,Colisão traseira,Com Vítimas Feridas,Pleno dia,Decrescente,Sol,Múltipla,Reta,Sim,2,0,1,0,1,0,1,2,"-7,90938602","-34,90123228",SPRF-PE,DEL01-PE,UOP02-DEL01-PE
309564,2020-09-22,terça-feira,12:10:00,PE,232,408,SERRA TALHADA,Desobediência às normas de trânsito pelo condutor,Colisão lateral,Com Vítimas Feridas,Pleno dia,Decrescente,Sol,Simples,Reta,Sim,2,0,1,0,1,0,1,2,"-7,98371447","-38,28047709",SPRF-PE,DEL04-PE,UOP01-DEL04-PE
309674,2020-09-23,quarta-feira,01:30:00,PE,408,"49,9",NAZARE DA MATA,Animais na Pista,Atropelamento de Animal,Com Vítimas Feridas,Plena Noite,Decrescente,Nublado,Simples,Aclive,Não,3,0,1,2,0,0,3,1,"-7,72110607","-35,2389439",SPRF-PE,DEL01-PE,UOP01-DEL01-PE
309687,2020-09-23,quarta-feira,06:40:00,PE,101,76,RECIFE,Sinalização da via insuficiente ou inadequada,Colisão transversal,Com Vítimas Feridas,Pleno dia,Crescente,Céu Claro,Dupla,Reta,Sim,1,0,1,0,0,0,1,1,"-8,11813811","-34,94329214",SPRF-PE,DEL01-PE,UOP01-DEL01-PE
309737,2020-09-23,quarta-feira,09:45:00,PE,423,"112,7",PARANATAMA,Falta de Atenção à Condução,Colisão lateral,Sem Vítimas,Pleno dia,Decrescente,Céu Claro,Simples,Reta,Não,2,0,0,0,2,0,0,2,"-8,89529604","-36,62527899",SPRF-PE,DEL03-PE,UOP01-DEL03-PE
309745,2020-09-23,quarta-feira,13:15:00,PE,101,103,CABO DE SANTO AGOSTINHO,Desobediência às normas de trânsito pelo condutor,Colisão transversal,Sem Vítimas,Pleno dia,Decrescente,Céu Claro,Dupla,Reta,Sim,2,0,0,0,2,0,0,2,"-8,29749358","-35,06342411",SPRF-PE,DEL01-PE,UOP03-DEL01-PE
309757,2020-09-23,quarta-feira,14:00:00,PE,232,"86,7",GRAVATA,Defeito Mecânico no Veículo,Incêndio,Sem Vítimas,Pleno dia,Decrescente,Céu Claro,Dupla,Reta,Não,1,0,0,0,1,0,0,1,"-8,21286855","-35,62011813",SPRF-PE,DEL02-PE,UOP02-DEL02PE
309782,2020-09-23,quarta-feira,17:15:00,PE,428,188,PETROLINA,Falta de Atenção à Condução,Colisão traseira,Sem Vítimas,Pleno dia,Decrescente,Céu Claro,Simples,Reta,Sim,2,0,0,0,2,0,0,2,"-9,37577551","-40,49127102",SPRF-PE,DEL06-PE,UOP01-DEL06-PE
309783,2020-09-23,quarta-feira,17:30:00,PE,232,"4,8",RECIFE,Não guardar distância de segurança,Colisão lateral,Com Vítimas Feridas,Anoitecer,Crescente,Céu Claro,Dupla,Reta;Declive                  ,Não,2,0,1,0,1,0,1,2,"-8,06840769","-34,94510651",SPRF-PE,DEL01-PE,UOP01-DEL01-PE
309796,2020-09-23,quarta-feira,18:20:00,PE,232,"5,8",RECIFE,Falta de Atenção à Condução,Tombamento,Com Vítimas Feridas,Plena Noite,Decrescente,Céu Claro,Dupla,Reta,Sim,1,0,1,0,0,0,1,1,"-8,06795766","-34,94535414",SPRF-PE,DEL01-PE,UOP01-DEL01-PE
309810,2020-09-23,quarta-feira,19:30:00,PE,232,5,RECIFE,Não guardar distância de segurança,Colisão lateral,Com Vítimas Feridas,Plena Noite,Decrescente,Céu Claro,Múltipla,Declive,Sim,3,0,2,0,1,0,2,2,"-8,06795766","-34,94535414",SPRF-PE,DEL01-PE,UOP01-DEL01-PE
309818,2020-09-23,quarta-feira,20:00:00,PE,101,"82,4",JABOATAO DOS GUARARAPES,Falta de Atenção do Pedestre,Atropelamento de Pedestre,Com Vítimas Feridas,Plena Noite,Decrescente,Céu Claro,Dupla,Curva,Não,2,0,1,0,1,0,1,2,"-8,168383","-34,9376",SPRF-PE,DEL01-PE,UOP03-DEL01-PE
309929,2020-09-24,quinta-feira,12:50:00,PE,101,54,PAULISTA,Falta de Atenção à Condução,Colisão lateral,Com Vítimas Feridas,Pleno dia,Decrescente,Sol,Múltipla,Curva,Sim,2,0,1,0,1,0,1,2,"-7,94566586","-34,9044013",SPRF-PE,DEL01-PE,UOP02-DEL01-PE
309948,2020-09-24,quinta-feira,14:30:00,PE,408,104,RECIFE,Falta de Atenção à Condução,Colisão traseira,Com Vítimas Feridas,Pleno dia,Crescente,Céu Claro,Dupla,Reta,Sim,4,0,2,0,1,1,2,3,"-8,067693","-34,990675",SPRF-PE,DEL01-PE,UOP01-DEL01-PE
309998,2020-09-24,quinta-feira,19:05:00,PE,101,58,RECIFE,Velocidade Incompatível,Colisão traseira,Com Vítimas Feridas,Plena Noite,Decrescente,Céu Claro,Dupla,Reta,Não,6,0,3,0,2,1,3,4,"-7,97063209","-34,92064675",SPRF-PE,DEL01-PE,UOP02-DEL01-PE
310105,2020-09-25,sexta-feira,08:00:00,PE,101,90,CABO DE SANTO AGOSTINHO,Desobediência às normas de trânsito pelo condutor,Colisão transversal,Com Vítimas Feridas,Pleno dia,Crescente,Céu Claro,Simples,Interseção de Vias,Sim,2,0,1,0,1,0,1,2,"-8,23234518","-34,97662783",SPRF-PE,DEL01-PE,UOP03-DEL01-PE
310182,2020-09-25,sexta-feira,16:50:00,PE,232,509,SALGUEIRO,Falta de Atenção à Condução,Colisão transversal,Com Vítimas Feridas,Pleno dia,Decrescente,Céu Claro,Simples,Reta,Sim,2,0,1,0,1,0,1,2,"-8,06223271","-39,12095006",SPRF-PE,DEL05-PE,UOP01-DEL05-PE
310187,2020-09-25,sexta-feira,17:20:00,PE,232,"58,7",POMBOS,Mal Súbito,Saída de leito carroçável,Com Vítimas Feridas,Anoitecer,Crescente,Céu Claro,Dupla,Declive;Ponte;Curva           ,Sim,1,0,0,1,0,0,1,1,"-8,14712433","-35,3972733",SPRF-PE,DEL02-PE,UOP02-DEL02PE
310274,2020-09-25,sexta-feira,22:45:00,PE,232,"21,3",MORENO,Condutor Dormindo,Colisão com objeto estático,Com Vítimas Feridas,Plena Noite,Decrescente,Céu Claro,Dupla,Curva,Não,1,0,1,0,0,0,1,1,"-8,09580234","-35,08012588",SPRF-PE,DEL02-PE,UOP02-DEL02PE
310376,2020-09-26,sábado,08:10:00,PE,232,39,VITORIA DE SANTO ANTAO,Velocidade Incompatível,Colisão com objeto estático,Sem Vítimas,Pleno dia,Crescente,Céu Claro,Dupla,Curva,Não,1,0,0,0,0,1,0,1,"-8,11725249","-35,2270359",SPRF-PE,DEL02-PE,UOP02-DEL02PE
310378,2020-09-26,sábado,13:00:00,PE,104,"60,9",CARUARU,Velocidade Incompatível,Colisão com objeto estático,Com Vítimas Feridas,Pleno dia,Decrescente,Sol,Dupla,Retorno Regulamentado,Sim,2,0,1,1,0,0,2,1,"-8,2438","-35,9752",SPRF-PE,DEL02-PE,UOP01-DEL02-PE
310525,2020-09-27,domingo,02:45:00,PE,232,"117,3",CARUARU,Animais na Pista,Saída de leito carroçável,Com Vítimas Feridas,Plena Noite,Decrescente,Chuva,Dupla,Reta,Não,2,0,1,1,0,0,2,1,"-8,29529153","-35,8754959",SPRF-PE,DEL02-PE,UOP03-DEL02-PE
310568,2020-09-27,domingo,05:30:00,PE,232,"500,2",VERDEJANTE,Ingestão de álcool e/ou substâncias psicoativas pelo pedestre,Queda de ocupante de veículo,Com Vítimas Fatais,Pleno dia,Decrescente,Céu Claro,Simples,Curva,Não,1,1,0,0,0,0,0,1,"-8,037149","-39,060657",SPRF-PE,DEL05-PE,UOP01-DEL05-PE
310622,2020-09-27,domingo,13:20:00,PE,101,150,RIBEIRAO,Desobediência às normas de trânsito pelo condutor,Colisão transversal,Com Vítimas Feridas,Pleno dia,Crescente,Ignorado,Simples,Reta,Sim,3,0,3,0,0,0,3,2,"-8,50426405","-35,37479389",SPRF-PE,DEL01-PE,UOP03-DEL01-PE
310627,2020-09-27,domingo,15:00:00,PE,101,106,CABO DE SANTO AGOSTINHO,Falta de Atenção à Condução,Colisão lateral,Com Vítimas Feridas,Pleno dia,Crescente,Céu Claro,Dupla,Curva,Não,3,0,1,0,2,0,1,2,"-8,30807754","-35,07573296",SPRF-PE,DEL01-PE,UOP03-DEL01-PE
310640,2020-09-27,domingo,16:00:00,PE,232,"413,8",SERRA TALHADA,Ingestão de Álcool,Colisão traseira,Com Vítimas Fatais,Pleno dia,Crescente,Céu Claro,Simples,Reta,Não,4,2,2,0,0,0,2,3,"-7,98857087","-38,32972307",SPRF-PE,DEL04-PE,UOP01-DEL04-PE
310686,2020-09-27,domingo,18:00:00,PE,101,88,JABOATAO DOS GUARARAPES,Falta de Atenção do Pedestre,Atropelamento de Pedestre,Com Vítimas Feridas,Plena Noite,Crescente,Ignorado,Simples,Reta,Não,4,0,3,1,0,0,4,2,"-8,19971387","-34,9785382",SPRF-PE,DEL01-PE,UOP03-DEL01-PE
310715,2020-09-27,domingo,19:00:00,PE,101,122,IPOJUCA,Desobediência às normas de trânsito pelo condutor,Colisão transversal,Sem Vítimas,Plena Noite,Decrescente,Nublado,Dupla,Reta,Não,2,0,0,0,0,2,0,2,"-8,35939636","-35,19500398",SPRF-PE,DEL01-PE,UOP03-DEL01-PE
310776,2020-09-27,domingo,23:20:00,PE,428,"188,3",PETROLINA,Desobediência às normas de trânsito pelo condutor,Colisão traseira,Com Vítimas Feridas,Plena Noite,Crescente,Céu Claro,Múltipla,Reta,Sim,2,0,0,1,1,0,1,2,"-9,36400596","-40,48266808",SPRF-PE,DEL06-PE,UOP01-DEL06-PE
310800,2020-09-28,segunda-feira,00:30:00,PE,232,"172,5",BELO JARDIM,Ingestão de álcool e/ou substâncias psicoativas pelo pedestre,Saída de leito carroçável,Com Vítimas Feridas,Plena Noite,Crescente,Garoa/Chuvisco,Simples,Ponte,Não,3,0,2,1,0,0,3,1,"-8,33854887","-36,360134",SPRF-PE,DEL02-PE,UOP03-DEL02-PE
310804,2020-09-28,segunda-feira,05:30:00,PE,408,100,SAO LOURENCO DA MATA,Defeito Mecânico no Veículo,Colisão traseira,Com Vítimas Feridas,Pleno dia,Crescente,Chuva,Dupla,Reta,Não,3,0,1,1,1,0,2,2,"-8,04364056","-35,01674995",SPRF-PE,DEL01-PE,UOP01-DEL01-PE
310841,2020-09-28,segunda-feira,09:40:00,PE,101,80,JABOATAO DOS GUARARAPES,Carga excessiva e/ou mal acondicionada,Colisão com objeto em movimento,Com Vítimas Feridas,Pleno dia,Crescente,Céu Claro,Dupla,Retorno Regulamentado,Sim,3,0,2,0,1,0,2,2,"-8,15699071","-34,94121194",SPRF-PE,DEL01-PE,UOP03-DEL01-PE
310880,2020-09-28,segunda-feira,12:10:00,PE,428,187,PETROLINA,Falta de Atenção à Condução,Colisão transversal,Com Vítimas Feridas,Pleno dia,Decrescente,Sol,Simples,Reta,Sim,2,0,1,0,1,0,1,2,"-9,36751473","-40,48442342",SPRF-PE,DEL06-PE,UOP01-DEL06-PE
310903,2020-09-28,segunda-feira,16:00:00,PE,101,"74,4",RECIFE,Falta de Atenção à Condução,Colisão lateral,Com Vítimas Feridas,Pleno dia,Decrescente,Nublado,Dupla,Reta,Sim,3,0,1,0,2,0,1,3,"-8,105281","-34,948759",SPRF-PE,DEL01-PE,UOP01-DEL01-PE
310965,2020-09-26,sábado,13:50:00,PE,232,"122,3",CARUARU,Pista Escorregadia,Colisão com objeto estático,Com Vítimas Feridas,Pleno dia,Crescente,Céu Claro,Dupla,Reta,Não,1,0,1,0,0,0,1,1,"-8,30217741","-35,91946793",SPRF-PE,DEL02-PE,UOP03-DEL02-PE
310975,2020-09-29,terça-feira,02:25:00,PE,101,52,PAULISTA,Falta de Atenção à Condução,Colisão com objeto estático,Com Vítimas Fatais,Plena Noite,Decrescente,Céu Claro,Dupla,Curva,Sim,1,1,0,0,0,0,0,1,"-7,92358799","-34,89607201",SPRF-PE,DEL01-PE,UOP02-DEL01-PE
310982,2020-09-19,sábado,13:15:00,PE,232,"252,4",ARCOVERDE,Falta de Atenção à Condução,Colisão traseira,Com Vítimas Feridas,Pleno dia,Decrescente,Céu Claro,Simples,Reta,Sim,1,0,0,1,0,0,1,1,"-8,43086","-37,06536",SPRF-PE,DEL03-PE,UOP02-DEL03-PE
311046,2020-09-29,terça-feira,14:00:00,PE,101,40,IGARASSU,Falta de Atenção do Pedestre,Atropelamento de Pedestre,Com Vítimas Feridas,Pleno dia,Crescente,Céu Claro,Dupla,Reta,Sim,2,0,0,1,1,0,1,2,"-7,821475","-34,916545",SPRF-PE,DEL01-PE,UOP02-DEL01-PE
311096,2020-09-29,terça-feira,08:20:00,PE,428,188,PETROLINA,Falta de Atenção à Condução,Colisão lateral,Com Vítimas Feridas,Pleno dia,Decrescente,Céu Claro,Múltipla,Reta,Sim,2,0,1,0,1,0,1,2,"-9,36400596","-40,48266808",SPRF-PE,DEL06-PE,UOP01-DEL06-PE
311102,2020-09-29,terça-feira,18:00:00,PE,408,82,PAUDALHO,Desobediência às normas de trânsito pelo condutor,Colisão frontal,Sem Vítimas,Anoitecer,Crescente,Céu Claro,Múltipla,Reta,Sim,2,0,0,0,2,0,0,2,"-7,94114095","-35,12370495",SPRF-PE,DEL01-PE,UOP01-DEL01-PE
311131,2020-09-29,terça-feira,18:40:00,PE,116,21,SALGUEIRO,Desobediência às normas de trânsito pelo condutor,Capotamento,Com Vítimas Feridas,Plena Noite,Crescente,Céu Claro,Simples,Reta,Não,1,0,1,0,0,0,1,1,"-8,026307","-39,143612",SPRF-PE,DEL05-PE,UOP01-DEL05-PE
311197,2020-09-30,quarta-feira,09:30:00,PE,423,"96,4",GARANHUNS,Falta de Atenção à Condução,Colisão lateral,Com Vítimas Feridas,Pleno dia,Decrescente,Céu Claro,Simples,Declive,Sim,2,0,1,0,1,0,1,2,"-8,88021822","-36,48651678",SPRF-PE,DEL03-PE,UOP01-DEL03-PE
311279,2020-09-30,quarta-feira,18:00:00,PE,428,9,CABROBO,Ingestão de Álcool,Colisão traseira,Sem Vítimas,Plena Noite,Crescente,Céu Claro,Simples,Declive,Não,6,0,0,0,2,4,0,2,"-8,51196425","-39,29895907",SPRF-PE,DEL05-PE,UOP03-DEL05-PE
311305,2020-09-30,quarta-feira,21:05:00,PE,408,"95,1",SAO LOURENCO DA MATA,Falta de Atenção do Pedestre,Atropelamento de Pedestre,Com Vítimas Fatais,Plena Noite,Decrescente,Céu Claro,Dupla,Reta;Declive                  ,Não,6,1,1,0,0,4,1,2,"-8,014936","-35,041989",SPRF-PE,DEL01-PE,UOP01-DEL01-PE
311342,2020-09-30,quarta-feira,21:30:00,PE,101,4,GOIANA,Defeito Mecânico no Veículo,Capotamento,Sem Vítimas,Plena Noite,Decrescente,Vento,Dupla,Reta,Não,1,0,0,0,0,1,0,1,"-7,53264499","-34,99145786",SPRF-PE,DEL01-PE,UOP02-DEL01-PE
311349,2020-10-01,quinta-feira,03:40:00,PE,232,252,ARCOVERDE,Velocidade Incompatível,Colisão traseira,Com Vítimas Feridas,Plena Noite,Decrescente,Céu Claro,Simples,Reta,Sim,1,0,0,1,0,0,1,1,"-8,43086","-37,06536",SPRF-PE,DEL03-PE,UOP02-DEL03-PE
311381,2020-10-01,quinta-feira,09:00:00,PE,101,72,RECIFE,Falta de Atenção à Condução,Colisão traseira,Com Vítimas Feridas,Pleno dia,Decrescente,Céu Claro,Dupla,Reta,Sim,1,0,0,1,0,0,1,1,"-8,08493106","-34,9450639",SPRF-PE,DEL01-PE,UOP01-DEL01-PE
311565,2020-10-02,sexta-feira,08:50:00,PE,101,"68,3",RECIFE,Falta de Atenção à Condução,Colisão lateral,Sem Vítimas,Pleno dia,Decrescente,Céu Claro,Múltipla,Reta,Sim,2,0,0,0,2,0,0,2,"-8,05074296","-34,94580619",SPRF-PE,DEL01-PE,UOP01-DEL01-PE
311582,2020-10-02,sexta-feira,09:55:00,PE,116,"25,7",SALGUEIRO,Falta de Atenção à Condução,Colisão traseira,Com Vítimas Feridas,Pleno dia,Decrescente,Céu Claro,Simples,Reta,Não,2,0,1,0,1,0,1,2,"-8,061417","-39,135975",SPRF-PE,DEL05-PE,UOP01-DEL05-PE
311620,2020-10-02,sexta-feira,15:00:00,PE,428,189,PETROLINA,Falta de Atenção à Condução,Colisão traseira,Sem Vítimas,Pleno dia,Decrescente,Sol,Múltipla,Reta,Sim,2,0,0,0,2,0,0,2,"-9,377045","-40,500122",SPRF-PE,DEL06-PE,UOP01-DEL06-PE
311638,2020-10-02,sexta-feira,16:00:00,PE,423,"106,1",GARANHUNS,Falta de Atenção à Condução,Queda de ocupante de veículo,Com Vítimas Feridas,Pleno dia,Decrescente,Céu Claro,Simples,Aclive,Não,1,0,1,0,0,0,1,1,"-8,88171776","-36,57279606",SPRF-PE,DEL03-PE,UOP01-DEL03-PE
311664,2020-10-02,sexta-feira,15:30:00,PE,232,"410,6",SERRA TALHADA,Falta de Atenção à Condução,Colisão transversal,Com Vítimas Feridas,Pleno dia,Decrescente,Céu Claro,Simples,Curva,Sim,2,0,0,2,0,0,2,2,"-7,98261841","-38,30039606",SPRF-PE,DEL04-PE,UOP01-DEL04-PE
311721,2020-10-02,sexta-feira,19:50:00,PE,232,"508,7",SALGUEIRO,Ingestão de Álcool,Tombamento,Com Vítimas Feridas,Plena Noite,Crescente,Céu Claro,Simples,Curva,Sim,1,0,0,1,0,0,1,1,"-8,06223271","-39,12095006",SPRF-PE,DEL05-PE,UOP01-DEL05-PE
311774,2020-10-03,sábado,04:00:00,PE,232,"209,9",PESQUEIRA,Ingestão de Álcool,Atropelamento de Pedestre,Com Vítimas Feridas,Plena Noite,Crescente,Céu Claro,Simples,Declive,Sim,2,0,0,2,0,0,2,2,"-8,36666789","-36,68869898",SPRF-PE,DEL02-PE,UOP03-DEL02-PE
311824,2020-09-27,domingo,20:00:00,PE,423,103,GARANHUNS,Desobediência às normas de trânsito pelo condutor,Colisão frontal,Com Vítimas Feridas,Plena Noite,Crescente,Nevoeiro/Neblina,Simples,Reta,Não,3,0,2,0,1,0,2,2,"-8,87451577","-36,54667007",SPRF-PE,DEL03-PE,UOP01-DEL03-PE
311873,2020-10-03,sábado,12:00:00,PE,407,116,PETROLINA,Desobediência às normas de trânsito pelo condutor,Colisão traseira,Com Vítimas Feridas,Pleno dia,Crescente,Céu Claro,Simples,Reta,Não,2,0,1,0,1,0,1,2,"-9,30684002","-40,57793203",SPRF-PE,DEL06-PE,UOP02-DEL06-PE
311942,2020-10-03,sábado,18:05:00,PE,232,16,MORENO,Desobediência às normas de trânsito pelo condutor,Colisão transversal,Com Vítimas Feridas,Plena Noite,Crescente,Céu Claro,Dupla,Reta,Sim,4,0,3,0,0,1,3,3,"-8,09414193","-35,03716601",SPRF-PE,DEL01-PE,UOP01-DEL01-PE
311984,2020-10-03,sábado,20:45:00,PE,232,"80,6",GRAVATA,Falta de Atenção à Condução,Colisão com objeto estático,Com Vítimas Feridas,Plena Noite,Decrescente,Céu Claro,Simples,Reta,Sim,1,0,0,1,0,0,1,1,"-8,19579864","-35,56962305",SPRF-PE,DEL02-PE,UOP02-DEL02PE
312062,2020-10-04,domingo,05:30:00,PE,428,"178,8",PETROLINA,Desobediência às normas de trânsito pelo condutor,Colisão frontal,Com Vítimas Feridas,Pleno dia,Crescente,Céu Claro,Simples,Reta,Não,3,0,1,1,0,1,2,2,"-9,2842098","-40,4416324",SPRF-PE,DEL06-PE,UOP01-DEL06-PE
312090,2020-10-04,domingo,08:00:00,PE,101,50,ABREU E LIMA,Falta de Atenção do Pedestre,Queda de ocupante de veículo,Com Vítimas Feridas,Pleno dia,Crescente,Céu Claro,Múltipla,Reta,Sim,1,0,0,1,0,0,1,1,"-7,90938602","-34,90123228",SPRF-PE,DEL01-PE,UOP02-DEL01-PE
312154,2020-10-04,domingo,15:30:00,PE,101,51,ABREU E LIMA,Falta de Atenção à Condução,Colisão com objeto estático,Sem Vítimas,Pleno dia,Crescente,Nublado,Múltipla,Reta,Sim,2,0,0,0,0,2,0,1,"-7,9169968","-34,89689272",SPRF-PE,DEL01-PE,UOP02-DEL01-PE
312176,2020-10-04,domingo,17:55:00,PE,101,67,RECIFE,Falta de Atenção do Pedestre,Atropelamento de Pedestre,Com Vítimas Feridas,Anoitecer,Crescente,Céu Claro,Múltipla,Reta,Sim,2,0,1,0,0,1,1,2,"-8,043283","-34,94362",SPRF-PE,DEL01-PE,UOP01-DEL01-PE
312188,2020-10-04,domingo,18:00:00,PE,104,"36,7",CARUARU,Desobediência às normas de trânsito pelo condutor,Tombamento,Com Vítimas Feridas,Plena Noite,Decrescente,Céu Claro,Dupla,Declive,Não,3,0,3,0,0,0,3,1,"-8,052739","-36,049232",SPRF-PE,DEL02-PE,UOP01-DEL02-PE
312228,2020-10-04,domingo,20:35:00,PE,423,"95,9",GARANHUNS,Falta de Atenção à Condução,Capotamento,Com Vítimas Feridas,Plena Noite,Decrescente,Céu Claro,Simples,Reta,Sim,1,0,0,1,0,0,1,1,"-8,87891989","-36,47796305",SPRF-PE,DEL03-PE,UOP01-DEL03-PE
312248,2020-10-04,domingo,21:40:00,PE,116,"24,1",SALGUEIRO,Restrição de Visibilidade,Saída de leito carroçável,Com Vítimas Feridas,Plena Noite,Decrescente,Céu Claro,Simples,Reta,Não,1,0,1,0,0,0,1,1,"-8,052562","-39,13718",SPRF-PE,DEL05-PE,UOP01-DEL05-PE
312293,2020-10-05,segunda-feira,04:35:00,PE,232,"182,2",BELO JARDIM,Falta de Atenção à Condução,Queda de ocupante de veículo,Com Vítimas Feridas,Amanhecer,Decrescente,Nublado,Simples,Reta,Não,2,0,2,0,0,0,2,1,"-8,34804728","-36,44664994",SPRF-PE,DEL02-PE,UOP03-DEL02-PE
312294,2020-10-05,segunda-feira,04:30:00,PE,232,"182,2",BELO JARDIM,Animais na Pista,Atropelamento de Pedestre,Com Vítimas Feridas,Plena Noite,Decrescente,Nublado,Simples,Reta,Não,1,0,1,0,0,0,1,1,"-8,34804728","-36,44664994",SPRF-PE,DEL02-PE,UOP03-DEL02-PE
312317,2020-10-05,segunda-feira,07:30:00,PE,428,"187,7",PETROLINA,Falta de Atenção à Condução,Colisão transversal,Com Vítimas Feridas,Pleno dia,Crescente,Céu Claro,Simples,Reta,Sim,2,0,0,1,1,0,1,2,"-9,372531","-40,487074",SPRF-PE,DEL06-PE,UOP01-DEL06-PE
312338,2020-10-05,segunda-feira,09:00:00,PE,232,150,SAO CAITANO,Falta de Atenção à Condução,Colisão transversal,Sem Vítimas,Pleno dia,Decrescente,Céu Claro,Simples,Reta,Não,3,0,0,0,3,0,0,3,"-8,32712286","-36,16299497",SPRF-PE,DEL02-PE,UOP03-DEL02-PE
312354,2020-10-05,segunda-feira,10:10:00,PE,101,94,CABO DE SANTO AGOSTINHO,Desobediência às normas de trânsito pelo condutor,Colisão traseira,Com Vítimas Feridas,Pleno dia,Crescente,Nublado,Dupla,Reta,Não,3,0,2,0,1,0,2,2,"-8,24829064","-35,00697936",SPRF-PE,DEL01-PE,UOP03-DEL01-PE
312390,2020-10-05,segunda-feira,12:00:00,PE,104,62,CARUARU,Falta de Atenção à Condução,Colisão traseira,Com Vítimas Feridas,Pleno dia,Crescente,Céu Claro,Dupla,Retorno Regulamentado,Sim,2,0,1,0,1,0,1,2,"-8,24722111","-35,97520351",SPRF-PE,DEL02-PE,UOP01-DEL02-PE
312407,2020-10-05,segunda-feira,16:45:00,PE,232,56,POMBOS,Condutor Dormindo,Saída de leito carroçável,Com Vítimas Feridas,Pleno dia,Decrescente,Céu Claro,Dupla,Reta,Não,1,0,0,1,0,0,1,1,"-8,13770379","-35,37317634",SPRF-PE,DEL02-PE,UOP02-DEL02PE
312419,2020-10-05,segunda-feira,17:30:00,PE,428,183,PETROLINA,Velocidade Incompatível,Colisão frontal,Com Vítimas Feridas,Pleno dia,Decrescente,Céu Claro,Simples,Reta,Não,2,0,1,0,0,1,1,2,"-9,32412987","-40,46211325",SPRF-PE,DEL06-PE,UOP01-DEL06-PE
312420,2020-10-05,segunda-feira,17:30:00,PE,232,"232,8",PESQUEIRA,Desobediência às normas de trânsito pelo condutor,Colisão frontal,Com Vítimas Fatais,Anoitecer,Crescente,Céu Claro,Simples,Reta,Sim,3,1,1,1,0,0,2,2,"-8,40328003","-36,89253299",SPRF-PE,DEL03-PE,UOP02-DEL03-PE
312444,2020-10-05,segunda-feira,19:15:00,PE,232,"409,9",SERRA TALHADA,Falta de Atenção à Condução,Colisão transversal,Com Vítimas Feridas,Plena Noite,Decrescente,Céu Claro,Simples,Retorno Regulamentado,Sim,3,0,2,0,1,0,2,2,"-7,98220648","-38,29595804",SPRF-PE,DEL04-PE,UOP01-DEL04-PE