id,data_inversa,dia_semana,horario,uf,br,km,municipio,causa_acidente,tipo_acidente,classificacao_acidente,fase_dia,sentido_via,condicao_metereologica,tipo_pista,tracado_via,uso_solo,pessoas,mortos,feridos_leves,feridos_graves,ilesos,ignorados,feridos,veiculos,latitude,longitude,regional,delegacia,uop
318953,2020-11-03,terça-feira,12:00:00,PE,232,409,SERRA TALHADA,Desobediência às normas de trânsito pelo condutor,Colisão transversal,Com Vítimas Feridas,Pleno dia,Decrescente,Nublado,Múltipla,Interseção de Vias,Sim,2,0,1,0,1,0,1,2,"-7,981944","-38,289467",SPRF-PE,DEL04-PE,UOP01-DEL04-PE
319010,2020-11-03,terça-feira,17:10:00,PE,101,82,JABOATAO DOS GUARARAPES,Falta de Atenção do Pedestre,Atropelamento de Pedestre,Com Vítimas Feridas,Anoitecer,Crescente,Céu Claro,Múltipla,Reta,Sim,2,0,0,1,1,0,1,2,"-8,168383","-34,9376",SPRF-PE,DEL01-PE,UOP03-DEL01-PE
319120,2020-11-04,quarta-feira,14:35:00,PE,101,"42,8",IGARASSU,Falta de Atenção à Condução,Colisão traseira,Com Vítimas Feridas,Pleno dia,Decrescente,Céu Claro,Múltipla,Reta,Sim,2,0,1,0,1,0,1,2,"-7,83887431","-34,91196739",SPRF-PE,DEL01-PE,UOP02-DEL01-PE
319137,2020-11-04,quarta-feira,15:30:00,PE,232,"80,6",GRAVATA,Falta de Atenção à Condução,Tombamento,Com Vítimas Feridas,Pleno dia,Crescente,Sol,Simples,Reta,Sim,2,0,0,1,1,0,1,2,"-8,19579864","-35,56962305",SPRF-PE,DEL02-PE,UOP02-DEL02PE
319200,2020-11-04,quarta-feira,22:00:00,PE,101,43,IGARASSU,Falta de Atenção à Condução,Colisão traseira,Com Vítimas Feridas,Plena Noite,Decrescente,Vento,Múltipla,Reta,Sim,2,0,0,1,1,0,1,2,"-7,84753808","-34,90977038",SPRF-PE,DEL01-PE,UOP02-DEL01-PE
319208,2020-11-04,quarta-feira,20:10:00,PE,101,50,ABREU E LIMA,Falta de Atenção à Condução,Colisão traseira,Com Vítimas Feridas,Plena Noite,Crescente,Céu Claro,Dupla,Reta,Sim,2,0,1,0,0,1,1,2,"-7,90938602","-34,90123228",SPRF-PE,DEL01-PE,UOP02-DEL01-PE
319278,2020-11-05,quinta-feira,10:50:00,PE,232,"126,6",CARUARU,Falta de Atenção à Condução,Colisão com objeto estático,Sem Vítimas,Pleno dia,Decrescente,Céu Claro,Simples,Curva,Sim,1,0,0,0,1,0,0,1,"-8,304105","-35,965436",SPRF-PE,DEL02-PE,UOP03-DEL02-PE
319307,2020-11-05,quinta-feira,14:10:00,PE,232,"333,7",CUSTODIA,Falta de Atenção à Condução,Colisão frontal,Com Vítimas Feridas,Pleno dia,Crescente,Céu Claro,Simples,Reta,Sim,2,0,0,1,1,0,1,2,"-8,0886886","-37,62796997",SPRF-PE,DEL03-PE,UOP02-DEL03-PE
319361,2020-11-05,quinta-feira,18:20:00,PE,232,516,SALGUEIRO,Animais na Pista,Atropelamento de Animal,Com Vítimas Fatais,Plena Noite,Crescente,Céu Claro,Simples,Reta,Não,2,1,0,0,1,0,0,2,"-8,06595076","-39,18871694",SPRF-PE,DEL05-PE,UOP01-DEL05-PE
319438,2020-11-06,sexta-feira,06:40:00,PE,104,"61,7",CARUARU,Falta de Atenção à Condução,Colisão lateral,Com Vítimas Feridas,Pleno dia,Decrescente,Céu Claro,Dupla,Retorno Regulamentado,Sim,3,0,2,0,1,0,2,2,"-8,24591511","-35,97496748",SPRF-PE,DEL02-PE,UOP01-DEL02-PE
319557,2020-11-06,sexta-feira,20:00:00,PE,101,"113,8",IPOJUCA,Velocidade Incompatível,Colisão com objeto estático,Com Vítimas Feridas,Pleno dia,Crescente,Chuva,Dupla,Curva,Não,2,0,1,0,1,0,1,2,"-8,33107097","-35,12666499",SPRF-PE,DEL01-PE,UOP03-DEL01-PE
319610,2020-11-07,sábado,05:50:00,PE,232,"406,9",SERRA TALHADA,Falta de Atenção à Condução,Queda de ocupante de veículo,Com Vítimas Feridas,Pleno dia,Decrescente,Céu Claro,Simples,Reta,Sim,2,0,1,0,0,1,1,1,"-7,98720861","-38,26249294",SPRF-PE,DEL04-PE,UOP01-DEL04-PE
319624,2020-11-07,sábado,07:40:00,PE,101,82,JABOATAO DOS GUARARAPES,Desobediência às normas de trânsito pelo condutor,Colisão transversal,Com Vítimas Feridas,Pleno dia,Crescente,Céu Claro,Múltipla,Reta,Sim,2,0,1,0,1,0,1,2,"-8,168383","-34,9376",SPRF-PE,DEL01-PE,UOP03-DEL01-PE
319635,2020-11-07,sábado,08:23:00,PE,101,"7,3",GOIANA,Falta de Atenção à Condução,Colisão transversal,Com Vítimas Feridas,Pleno dia,Crescente,Céu Claro,Múltipla,Reta,Sim,2,0,1,0,0,1,1,2,"-7,55997111","-34,99072674",SPRF-PE,DEL01-PE,UOP02-DEL01-PE
319645,2020-11-07,sábado,10:30:00,PE,104,23,TAQUARITINGA DO NORTE,Velocidade Incompatível,Saída de leito carroçável,Com Vítimas Feridas,Pleno dia,Crescente,Céu Claro,Simples,Curva,Não,2,0,2,0,0,0,2,1,"-7,97610775","-36,10427141",SPRF-PE,DEL02-PE,UOP01-DEL02-PE
319710,2020-11-07,sábado,17:10:00,PE,428,"139,8",LAGOA GRANDE,Ingestão de Álcool,Colisão traseira,Com Vítimas Feridas,Anoitecer,Crescente,Céu Claro,Simples,Reta,Sim,2,0,1,0,1,0,1,2,"-8,99665237","-40,27201653",SPRF-PE,DEL06-PE,UOP03-DEL06-PE
319742,2020-11-07,sábado,17:00:00,PE,232,515,SALGUEIRO,Ingestão de Álcool,Colisão traseira,Com Vítimas Feridas,Anoitecer,Decrescente,Céu Claro,Simples,Declive,Não,2,0,2,0,0,0,2,2,"-8,067704","-39,181833",SPRF-PE,DEL05-PE,UOP01-DEL05-PE
319768,2020-11-07,sábado,20:30:00,PE,104,98,CUPIRA,Ingestão de Álcool,Colisão lateral,Sem Vítimas,Plena Noite,Decrescente,Céu Claro,Simples,Reta,Não,2,0,0,0,2,0,0,2,"-8,547956","-35,939072",SPRF-PE,DEL02-PE,UOP01-DEL02-PE
319772,2020-11-07,sábado,21:00:00,PE,428,"177,7",PETROLINA,Ingestão de Álcool,Colisão transversal,Com Vítimas Feridas,Plena Noite,Decrescente,Céu Claro,Simples,Interseção de Vias;Reta       ,Não,5,0,0,1,4,0,1,2,"-9,29292069","-40,4462393",SPRF-PE,DEL06-PE,UOP01-DEL06-PE
319774,2020-11-07,sábado,21:15:00,PE,101,"68,7",RECIFE,Falta de Atenção do Pedestre,Atropelamento de Pedestre,Com Vítimas Feridas,Plena Noite,Decrescente,Nublado,Dupla,Reta,Sim,4,0,1,0,3,0,1,2,"-8,057125","-34,946158",SPRF-PE,DEL01-PE,UOP01-DEL01-PE
319842,2020-11-08,domingo,01:40:00,PE,232,"106,2",BEZERROS,Ingestão de Álcool,Colisão com objeto estático,Com Vítimas Feridas,Plena Noite,Decrescente,Céu Claro,Dupla,Reta,Não,1,0,1,0,0,0,1,1,"-8,26300269","-35,79029821",SPRF-PE,DEL02-PE,UOP03-DEL02-PE
319953,2020-11-08,domingo,10:15:00,PE,232,"411,9",SERRA TALHADA,Velocidade Incompatível,Saída de leito carroçável,Com Vítimas Feridas,Pleno dia,Decrescente,Céu Claro,Simples,Reta,Sim,1,0,0,1,0,0,1,1,"-7,97976163","-38,31087404",SPRF-PE,DEL04-PE,UOP01-DEL04-PE
319962,2020-11-08,domingo,11:20:00,PE,423,188,ITAIBA,Defeito Mecânico no Veículo,Colisão transversal,Com Vítimas Fatais,Pleno dia,Crescente,Céu Claro,Simples,Reta;Declive                  ,Não,7,3,0,4,0,0,4,2,"-9,13359539","-37,21357599",SPRF-AL,DEL03-AL,UOP02-DEL03-AL
319976,2020-11-08,domingo,12:50:00,PE,101,43,IGARASSU,Falta de Atenção à Condução,Colisão traseira,Com Vítimas Feridas,Pleno dia,Decrescente,Céu Claro,Múltipla,Reta;Declive                  ,Sim,2,0,0,1,1,0,1,2,"-7,84753808","-34,90977038",SPRF-PE,DEL01-PE,UOP02-DEL01-PE
319977,2020-11-08,domingo,12:20:00,PE,232,15,JABOATAO DOS GUARARAPES,Defeito Mecânico no Veículo,Incêndio,Sem Vítimas,Pleno dia,Decrescente,Céu Claro,Dupla,Reta,Não,1,0,0,0,1,0,0,1,"-8,09137732","-35,02917918",SPRF-PE,DEL01-PE,UOP01-DEL01-PE
320066,2020-11-08,domingo,17:30:00,PE,423,161,AGUAS BELAS,Desobediência às normas de trânsito pelo condutor,Colisão frontal,Com Vítimas Fatais,Plena Noite,Crescente,Céu Claro,Simples,Reta,Não,2,1,0,0,0,1,0,2,"-9,09475044","-36,98347867",SPRF-PE,DEL03-PE,UOP01-DEL03-PE
320086,2020-11-08,domingo,12:10:00,PE,101,70,RECIFE,Pista Escorregadia,Tombamento,Com Vítimas Feridas,Pleno dia,Decrescente,Céu Claro,Dupla,Curva,Não,1,0,0,1,0,0,1,1,"-8,06776119","-34,94265074",SPRF-PE,DEL01-PE,UOP01-DEL01-PE
320087,2020-11-08,domingo,20:55:00,PE,316,51,TRINDADE,Falta de Atenção à Condução,Queda de ocupante de veículo,Com Vítimas Fatais,Plena Noite,Crescente,Céu Claro,Simples,Reta,Sim,1,1,0,0,0,0,0,1,"-7,72294032","-40,31620626",SPRF-PE,DEL05-PE,UOP02-DEL05-PE
320090,2020-11-08,domingo,20:10:00,PE,101,"46,6",IGARASSU,Não guardar distância de segurança,Colisão traseira,Com Vítimas Feridas,Plena Noite,Crescente,Garoa/Chuvisco,Múltipla,Reta,Sim,3,0,2,0,1,0,2,2,"-7,88027509","-34,90532583",SPRF-PE,DEL01-PE,UOP02-DEL01-PE
320091,2020-11-08,domingo,20:45:00,PE,232,"408,5",SERRA TALHADA,Desobediência às normas de trânsito pelo condutor,Colisão com objeto estático,Com Vítimas Feridas,Plena Noite,Crescente,Céu Claro,Simples,Reta,Sim,2,0,0,2,0,0,2,1,"-7,98371447","-38,28047709",SPRF-PE,DEL04-PE,UOP01-DEL04-PE
320095,2020-11-08,domingo,19:00:00,PE,232,514,SALGUEIRO,Falta de Atenção à Condução,Capotamento,Com Vítimas Feridas,Plena Noite,Decrescente,Céu Claro,Simples,Reta,Não,4,0,3,0,0,1,3,1,"-8,07047961","-39,17138084",SPRF-PE,DEL05-PE,UOP01-DEL05-PE
320106,2020-11-08,domingo,22:00:00,PE,101,51,ABREU E LIMA,Falta de Atenção à Condução,Capotamento,Sem Vítimas,Plena Noite,Decrescente,Chuva,Dupla,Curva,Sim,1,0,0,0,1,0,0,1,"-7,9169968","-34,89689272",SPRF-PE,DEL01-PE,UOP02-DEL01-PE
320282,2020-11-09,segunda-feira,17:40:00,PE,101,"72,5",RECIFE,Defeito na Via,Queda de ocupante de veículo,Com Vítimas Feridas,Anoitecer,Decrescente,Céu Claro,Dupla,Reta,Sim,3,0,0,1,1,1,1,3,"-8,090044","-34,946668",SPRF-PE,DEL01-PE,UOP01-DEL01-PE
320285,2020-11-09,segunda-feira,18:30:00,PE,101,57,PAULISTA,Falta de Atenção à Condução,Colisão frontal,Com Vítimas Feridas,Plena Noite,Crescente,Céu Claro,Dupla,Reta,Não,3,0,0,1,2,0,1,3,"-7,93056096","-34,86070812",SPRF-PE,DEL01-PE,UOP02-DEL01-PE
320317,2020-11-09,segunda-feira,20:20:00,PE,428,"184,2",PETROLINA,Desobediência às normas de trânsito pelo condutor,Colisão transversal,Com Vítimas Feridas,Plena Noite,Decrescente,Céu Claro,Simples,Interseção de Vias,Sim,2,0,2,0,0,0,2,2,"-9,34644182","-40,47356844",SPRF-PE,DEL06-PE,UOP01-DEL06-PE
320401,2020-11-10,terça-feira,10:15:00,PE,101,"50,4",ABREU E LIMA,Falta de Atenção à Condução,Colisão transversal,Com Vítimas Feridas,Pleno dia,Crescente,Nublado,Múltipla,Reta,Sim,3,0,1,0,2,0,1,2,"-7,90938602","-34,90123228",SPRF-PE,DEL01-PE,UOP02-DEL01-PE
320413,2020-11-10,terça-feira,10:40:00,PE,101,41,IGARASSU,Falta de Atenção à Condução,Colisão traseira,Sem Vítimas,Pleno dia,Decrescente,Céu Claro,Múltipla,Interseção de Vias,Sim,3,0,0,0,3,0,0,2,"-7,83823531","-34,91215825",SPRF-PE,DEL01-PE,UOP02-DEL01-PE
320417,2020-11-07,sábado,14:30:00,PE,116,46,SALGUEIRO,Agressão Externa,Danos eventuais,Sem Vítimas,Pleno dia,Crescente,Céu Claro,Simples,Reta,Não,1,0,0,0,1,0,0,1,"-8,240053","-39,112076",SPRF-PE,DEL05-PE,UOP01-DEL05-PE
320454,2020-11-10,terça-feira,15:10:00,PE,101,98,CABO DE SANTO AGOSTINHO,Falta de Atenção à Condução,Colisão traseira,Sem Vítimas,Pleno dia,Decrescente,Céu Claro,Dupla,Reta,Sim,3,0,0,0,3,0,0,3,"-8,25653422","-35,03811793",SPRF-PE,DEL01-PE,UOP03-DEL01-PE
320462,2020-11-10,terça-feira,16:00:00,PE,101,83,JABOATAO DOS GUARARAPES,Falta de Atenção à Condução,Colisão lateral,Com Vítimas Feridas,Pleno dia,Decrescente,Nublado,Dupla,Reta,Sim,2,0,1,0,1,0,1,2,"-8,175172","-34,942642",SPRF-PE,DEL01-PE,UOP03-DEL01-PE
320484,2020-11-10,terça-feira,18:00:00,PE,232,"410,9",SERRA TALHADA,Falta de Atenção à Condução,Queda de ocupante de veículo,Com Vítimas Feridas,Plena Noite,Crescente,Céu Claro,Simples,Reta,Sim,1,0,0,1,0,0,1,1,"-7,98261841","-38,30039606",SPRF-PE,DEL04-PE,UOP01-DEL04-PE
320503,2020-11-10,terça-feira,21:20:00,PE,428,"186,5",PETROLINA,Falta de Atenção à Condução,Colisão traseira,Com Vítimas Feridas,Plena Noite,Crescente,Céu Claro,Simples,Reta,Sim,3,0,1,0,2,0,1,2,"-9,34807826","-40,47441248",SPRF-PE,DEL06-PE,UOP01-DEL06-PE
320550,2020-11-10,terça-feira,20:00:00,PE,104,27,TORITAMA,Falta de Atenção à Condução,Colisão traseira,Sem Vítimas,Plena Noite,Decrescente,Céu Claro,Simples,Reta,Não,2,0,0,0,0,2,0,2,"-8,0051","-36,0804",SPRF-PE,DEL02-PE,UOP01-DEL02-PE
320647,2020-10-17,sábado,18:00:00,PE,232,82,GRAVATA,Defeito Mecânico no Veículo,Tombamento,Com Vítimas Feridas,Anoitecer,Crescente,Céu Claro,Dupla,Reta,Não,2,0,1,1,0,0,2,1,"-8,19905415","-35,58715194",SPRF-PE,DEL02-PE,UOP02-DEL02PE
320741,2020-11-12,quinta-feira,01:00:00,PE,101,55,PAULISTA,Condutor Dormindo,Colisão com objeto estático,Sem Vítimas,Plena Noite,Decrescente,Céu Claro,Dupla,Reta,Sim,1,0,0,0,1,0,0,1,"-7,9554509","-34,91140727",SPRF-PE,DEL01-PE,UOP02-DEL01-PE
320759,2020-11-12,quinta-feira,05:30:00,PE,408,"54,2",NAZARE DA MATA,Falta de Atenção à Condução,Colisão lateral,Com Vítimas Feridas,Pleno dia,Decrescente,Sol,Simples,Reta;Aclive                   ,Não,2,0,0,1,1,0,1,2,"-7,76320699","-35,23429891",SPRF-PE,DEL01-PE,UOP01-DEL01-PE
320774,2020-11-12,quinta-feira,07:35:00,PE,232,20,MORENO,Objeto estático sobre o leito carroçável,Tombamento,Com Vítimas Feridas,Pleno dia,Decrescente,Sol,Dupla,Reta,Sim,1,0,1,0,0,0,1,1,"-8,09543537","-35,07136107",SPRF-PE,DEL01-PE,UOP01-DEL01-PE
320786,2020-11-12,quinta-feira,08:10:00,PE,407,125,PETROLINA,Falta de Atenção à Condução,Colisão transversal,Sem Vítimas,Pleno dia,Crescente,Céu Claro,Dupla,Reta,Sim,3,0,0,0,3,0,0,2,"-9,37739336","-40,53595733",SPRF-PE,DEL06-PE,UOP01-DEL06-PE
320787,2020-11-12,quinta-feira,07:15:00,PE,232,"20,3",MORENO,Pista Escorregadia,Colisão traseira,Sem Vítimas,Pleno dia,Decrescente,Sol,Dupla,Retorno Regulamentado,Não,2,0,0,0,2,0,0,2,"-8,09543537","-35,07136107",SPRF-PE,DEL01-PE,UOP01-DEL01-PE
320859,2020-11-12,quinta-feira,16:00:00,PE,316,104,OURICURI,Ingestão de Álcool,Colisão lateral,Sem Vítimas,Pleno dia,Decrescente,Céu Claro,Simples,Reta,Não,2,0,0,0,1,1,0,2,"-7,95188563","-39,91377485",SPRF-PE,DEL05-PE,UOP02-DEL05-PE
320887,2020-11-12,quinta-feira,18:00:00,PE,428,183,PETROLINA,Falta de Atenção à Condução,Colisão lateral,Com Vítimas Feridas,Anoitecer,Decrescente,Céu Claro,Simples,Retorno Regulamentado,Sim,2,0,1,0,1,0,1,2,"-9,32412987","-40,46211325",SPRF-PE,DEL06-PE,UOP01-DEL06-PE
320888,2020-11-12,quinta-feira,18:20:00,PE,428,181,PETROLINA,Animais na Pista,Atropelamento de Animal,Com Vítimas Feridas,Plena Noite,Decrescente,Céu Claro,Simples,Reta,Não,1,0,1,0,0,0,1,1,"-9,30816981","-40,45390137",SPRF-PE,DEL06-PE,UOP01-DEL06-PE
320893,2020-11-12,quinta-feira,18:00:00,PE,232,512,SALGUEIRO,Animais na Pista,Atropelamento de Animal,Com Vítimas Feridas,Plena Noite,Crescente,Céu Claro,Simples,Reta,Não,1,0,1,0,0,0,1,1,"-8,07319601","-39,15511499",SPRF-PE,DEL05-PE,UOP01-DEL05-PE
320903,2020-11-12,quinta-feira,20:50:00,PE,408,95,SAO LOURENCO DA MATA,Falta de Atenção à Condução,Colisão traseira,Com Vítimas Feridas,Plena Noite,Crescente,Céu Claro,Dupla,Reta,Não,2,0,1,0,0,1,1,2,"-8,01186091","-35,04237616",SPRF-PE,DEL01-PE,UOP01-DEL01-PE
320923,2020-11-12,quinta-feira,20:00:00,PE,423,66,CALCADO,Ingestão de Álcool,Colisão frontal,Com Vítimas Fatais,Plena Noite,Decrescente,Céu Claro,Simples,Reta,Não,4,1,2,0,0,1,2,3,"-8,66828922","-36,37382269",SPRF-PE,DEL03-PE,UOP01-DEL03-PE
320983,2020-11-13,sexta-feira,08:05:00,PE,101,42,IGARASSU,Mal Súbito,Colisão lateral,Sem Vítimas,Pleno dia,Crescente,Nublado,Múltipla,Reta;Aclive                   ,Sim,3,0,0,0,3,0,0,2,"-7,83887431","-34,91196739",SPRF-PE,DEL01-PE,UOP02-DEL01-PE
321043,2020-11-13,sexta-feira,08:30:00,PE,232,"23,3",MORENO,Defeito Mecânico no Veículo,Incêndio,Sem Vítimas,Pleno dia,Decrescente,Sol,Dupla,Reta,Não,1,0,0,0,1,0,0,1,"-8,10001941","-35,09867907",SPRF-PE,DEL02-PE,UOP02-DEL02PE
321044,2020-11-13,sexta-feira,12:35:00,PE,101,208,XEXEU,Defeito Mecânico no Veículo,Incêndio,Sem Vítimas,Pleno dia,Decrescente,Céu Claro,Dupla,Reta,Não,1,0,0,0,1,0,0,1,"-8,8339084","-35,64489217",SPRF-PE,DEL01-PE,UOP03-DEL01-PE
321046,2020-11-13,sexta-feira,12:30:00,PE,232,133,CARUARU,Sinalização da via insuficiente ou inadequada,Colisão traseira,Sem Vítimas,Pleno dia,Decrescente,Céu Claro,Dupla,Reta,Sim,2,0,0,0,2,0,0,2,"-8,30853497","-36,02442101",SPRF-PE,DEL02-PE,UOP03-DEL02-PE
321049,2020-11-13,sexta-feira,13:00:00,PE,232,41,VITORIA DE SANTO ANTAO,Falta de Atenção à Condução,Colisão lateral,Com Vítimas Feridas,Pleno dia,Decrescente,Céu Claro,Dupla,Declive;Reta                  ,Não,2,0,1,0,1,0,1,2,"-8,11394893","-35,243303",SPRF-PE,DEL02-PE,UOP02-DEL02PE
321054,2020-11-13,sexta-feira,13:00:00,PE,101,"124,8",ESCADA,Desobediência às normas de trânsito pelo condutor,Colisão transversal,Com Vítimas Feridas,Pleno dia,Crescente,Céu Claro,Múltipla,Reta,Sim,2,0,1,0,0,1,1,2,"-8,361745","-35,213108",SPRF-PE,DEL01-PE,UOP03-DEL01-PE
321083,2020-11-13,sexta-feira,15:30:00,PE,232,63,POMBOS,Falta de Atenção à Condução,Colisão lateral,Com Vítimas Feridas,Pleno dia,Decrescente,Sol,Dupla,Reta,Não,2,0,1,0,1,0,1,2,"-8,15805273","-35,42936325",SPRF-PE,DEL02-PE,UOP02-DEL02PE
321196,2020-11-13,sexta-feira,22:20:00,PE,232,"252,3",ARCOVERDE,Falta de Atenção à Condução,Colisão lateral,Com Vítimas Feridas,Plena Noite,Crescente,Céu Claro,Dupla,Retorno Regulamentado,Sim,2,0,0,1,1,0,1,2,"-8,43049603","-37,06356883",SPRF-PE,DEL03-PE,UOP02-DEL03-PE
321320,2020-11-14,sábado,10:50:00,PE,101,69,RECIFE,Não guardar distância de segurança,Colisão traseira,Sem Vítimas,Pleno dia,Decrescente,Céu Claro,Dupla,Viaduto,Sim,2,0,0,0,2,0,0,2,"-8,05951606","-34,94581024",SPRF-PE,DEL01-PE,UOP01-DEL01-PE
321366,2020-11-13,sexta-feira,20:30:00,PE,407,79,PETROLINA,Ingestão de Álcool,Colisão com objeto estático,Com Vítimas Fatais,Plena Noite,Decrescente,Céu Claro,Simples,Reta,Não,1,1,0,0,0,0,0,1,"-9,01251285","-40,69424719",SPRF-PE,DEL06-PE,UOP02-DEL06-PE
321397,2020-11-14,sábado,18:20:00,PE,408,"79,7",PAUDALHO,Falta de Atenção à Condução,Colisão com objeto estático,Sem Vítimas,Plena Noite,Crescente,Céu Claro,Dupla,Reta,Sim,1,0,0,0,0,1,0,1,"-7,93058","-35,139948",SPRF-PE,DEL01-PE,UOP01-DEL01-PE
321400,2020-11-14,sábado,17:20:00,PE,232,"41,3",VITORIA DE SANTO ANTAO,Falta de Atenção à Condução,Saída de leito carroçável,Com Vítimas Feridas,Anoitecer,Crescente,Céu Claro,Dupla,Reta;Aclive                   ,Não,2,0,0,1,1,0,1,1,"-8,11394893","-35,243303",SPRF-PE,DEL02-PE,UOP02-DEL02PE
321434,2020-11-14,sábado,20:30:00,PE,116,"37,5",SALGUEIRO,Desobediência às normas de trânsito pelo condutor,Queda de ocupante de veículo,Com Vítimas Feridas,Plena Noite,Crescente,Nublado,Simples,Ponte,Não,1,0,1,0,0,0,1,1,"-8,162388","-39,107224",SPRF-PE,DEL05-PE,UOP01-DEL05-PE
321482,2020-11-14,sábado,23:15:00,PE,424,"93,9",GARANHUNS,Velocidade Incompatível,Saída de leito carroçável,Com Vítimas Feridas,Plena Noite,Crescente,Céu Claro,Simples,Declive,Não,3,0,2,1,0,0,3,1,"-8,91797287","-36,48937225",SPRF-PE,DEL03-PE,UOP01-DEL03-PE
321488,2020-11-14,sábado,21:00:00,PE,424,"90,7",GARANHUNS,Ingestão de Álcool,Colisão transversal,Sem Vítimas,Plena Noite,Decrescente,Céu Claro,Simples,Reta,Sim,2,0,0,0,2,0,0,2,"-8,89635706","-36,50157593",SPRF-PE,DEL03-PE,UOP01-DEL03-PE
321491,2020-11-15,domingo,00:30:00,PE,101,"55,2",PAULISTA,Falta de Atenção à Condução,Colisão lateral,Com Vítimas Feridas,Plena Noite,Decrescente,Nublado,Dupla,Reta,Não,3,0,1,0,2,0,1,3,"-7,94806621","-34,9062148",SPRF-PE,DEL01-PE,UOP02-DEL01-PE
321517,2020-11-15,domingo,06:00:00,PE,232,"152,7",SAO CAITANO,Falta de Atenção à Condução,Saída de leito carroçável,Com Vítimas Feridas,Pleno dia,Crescente,Céu Claro,Simples,Reta,Não,4,0,3,1,0,0,4,1,"-8,32701495","-36,18101",SPRF-PE,DEL02-PE,UOP03-DEL02-PE
321539,2020-11-15,domingo,08:30:00,PE,428,167,PETROLINA,Avarias e/ou desgaste excessivo no pneu,Saída de leito carroçável,Com Vítimas Feridas,Pleno dia,Crescente,Céu Claro,Simples,Reta,Não,2,0,2,0,0,0,2,1,"-9,19981284","-40,39111419",SPRF-PE,DEL06-PE,UOP01-DEL06-PE
321585,2020-11-15,domingo,13:40:00,PE,104,34,CARUARU,Defeito Mecânico no Veículo,Capotamento,Com Vítimas Feridas,Pleno dia,Decrescente,Céu Claro,Dupla,Reta,Não,1,0,0,1,0,0,1,1,"-8,035022","-36,052402",SPRF-PE,DEL02-PE,UOP01-DEL02-PE
321628,2020-11-15,domingo,15:15:00,PE,428,27,CABROBO,Desobediência às normas de trânsito pelo condutor,Colisão frontal,Com Vítimas Feridas,Pleno dia,Decrescente,Céu Claro,Simples,Reta,Não,2,0,1,0,1,0,1,2,"-8,50053191","-39,45543905",SPRF-PE,DEL05-PE,UOP03-DEL05-PE
321659,2020-11-15,domingo,16:30:00,PE,428,"41,8",OROCO,Falta de Atenção à Condução,Colisão transversal,Com Vítimas Feridas,Pleno dia,Crescente,Céu Claro,Simples,Reta,Não,5,0,2,0,3,0,2,2,"-8,5660525","-39,57182642",SPRF-PE,DEL05-PE,UOP03-DEL05-PE
321664,2020-11-15,domingo,19:30:00,PE,104,66,CARUARU,Falta de Atenção à Condução,Colisão traseira,Com Vítimas Feridas,Plena Noite,Decrescente,Céu Claro,Simples,Viaduto,Sim,3,0,2,0,1,0,2,2,"-8,2937","-35,9864",SPRF-PE,DEL02-PE,UOP01-DEL02-PE
321691,2020-11-15,domingo,21:30:00,PE,104,39,CARUARU,Agressão Externa,Queda de ocupante de veículo,Com Vítimas Fatais,Plena Noite,Crescente,Céu Claro,Dupla,Reta,Sim,1,1,0,0,0,0,0,1,"-8,0861","-36,0377",SPRF-PE,DEL02-PE,UOP01-DEL02-PE
321766,2020-11-16,segunda-feira,07:00:00,PE,101,"68,2",RECIFE,Falta de Atenção à Condução,Colisão lateral,Com Vítimas Feridas,Pleno dia,Decrescente,Céu Claro,Dupla,Aclive;Viaduto                ,Sim,2,0,1,0,1,0,1,2,"-8,053123","-34,946241",SPRF-PE,DEL01-PE,UOP01-DEL01-PE
321792,2020-11-16,segunda-feira,09:30:00,PE,101,46,IGARASSU,Defeito Mecânico no Veículo,Incêndio,Sem Vítimas,Pleno dia,Decrescente,Céu Claro,Múltipla,Reta,Sim,1,0,0,0,1,0,0,1,"-7,87406004","-34,90588126",SPRF-PE,DEL01-PE,UOP02-DEL01-PE
321820,2020-11-16,segunda-feira,12:40:00,PE,101,99,CABO DE SANTO AGOSTINHO,Falta de Atenção à Condução,Colisão transversal,Com Vítimas Feridas,Pleno dia,Crescente,Céu Claro,Dupla,Reta,Não,2,0,1,0,1,0,1,2,"-8,26025316","-35,04629883",SPRF-PE,DEL01-PE,UOP03-DEL01-PE
321841,2020-11-16,segunda-feira,15:30:00,PE,316,59,TRINDADE,Ingestão de Álcool,Atropelamento de Pedestre,Com Vítimas Fatais,Pleno dia,Crescente,Céu Claro,Simples,Reta,Não,2,1,0,0,0,1,0,2,"-7,76160912","-40,26138334",SPRF-PE,DEL05-PE,UOP02-DEL05-PE
321864,2020-11-16,segunda-feira,14:00:00,PE,101,92,CABO DE SANTO AGOSTINHO,Defeito Mecânico no Veículo,Capotamento,Com Vítimas Feridas,Pleno dia,Crescente,Céu Claro,Dupla,Reta,Sim,2,0,0,2,0,0,2,1,"-8,23201792","-34,99778611",SPRF-PE,DEL01-PE,UOP03-DEL01-PE
321874,2020-11-16,segunda-feira,17:50:00,PE,101,"45,3",IGARASSU,Falta de Atenção à Condução,Colisão traseira,Com Vítimas Feridas,Plena Noite,Decrescente,Nublado,Dupla,Reta,Sim,5,0,2,0,2,1,2,4,"-7,86521297","-34,90715176",SPRF-PE,DEL01-PE,UOP02-DEL01-PE
321901,2020-11-16,segunda-feira,16:15:00,PE,232,"352,4",FLORES,Falta de Atenção à Condução,Saída de leito carroçável,Com Vítimas Feridas,Pleno dia,Crescente,Céu Claro,Simples,Reta,Não,1,0,0,1,0,0,1,1,"-8,06560111","-37,80504513",SPRF-PE,DEL03-PE,UOP02-DEL03-PE