id,data_inversa,dia_semana,horario,uf,br,km,municipio,causa_acidente,tipo_acidente,classificacao_acidente,fase_dia,sentido_via,condicao_metereologica,tipo_pista,tracado_via,uso_solo,pessoas,mortos,feridos_leves,feridos_graves,ilesos,ignorados,feridos,veiculos,latitude,longitude,regional,delegacia,uop
321929,2020-11-16,segunda-feira,21:20:00,PE,116,70,CABROBO,Ingestão de Álcool,Colisão frontal,Com Vítimas Feridas,Plena Noite,Decrescente,Céu Claro,Simples,Reta,Não,2,0,0,1,1,0,1,2,"-8,446361","-39,186507",SPRF-PE,DEL05-PE,UOP03-DEL05-PE
321952,2020-11-17,terça-feira,06:45:00,PE,423,"132,5",SALOA,Falta de Atenção à Condução,Colisão lateral,Com Vítimas Feridas,Pleno dia,Decrescente,Céu Claro,Simples,Aclive,Não,3,0,1,1,1,0,2,2,"-8,95943517","-36,76461912",SPRF-PE,DEL03-PE,UOP01-DEL03-PE
322012,2020-11-17,terça-feira,12:30:00,PE,101,"67,7",RECIFE,Não guardar distância de segurança,Engavetamento,Sem Vítimas,Pleno dia,Crescente,Nublado,Simples,Reta,Sim,3,0,0,0,3,0,0,3,"-8,048936","-34,945339",SPRF-PE,DEL01-PE,UOP01-DEL01-PE
322094,2020-11-17,terça-feira,21:00:00,PE,101,79,JABOATAO DOS GUARARAPES,Agressão Externa,Incêndio,Sem Vítimas,Plena Noite,Crescente,Céu Claro,Dupla,Curva,Não,1,0,0,0,0,1,0,1,"-8,14366112","-34,94723453",SPRF-PE,DEL01-PE,UOP01-DEL01-PE
322122,2020-11-18,quarta-feira,04:05:00,PE,101,175,JOAQUIM NABUCO,Animais na Pista,Saída de leito carroçável,Com Vítimas Feridas,Amanhecer,Decrescente,Céu Claro,Dupla,Curva,Não,2,0,2,0,0,0,2,1,"-8,60296585","-35,535297",SPRF-PE,DEL01-PE,UOP03-DEL01-PE
322155,2020-11-17,terça-feira,17:40:00,PE,,,PAULISTA,Mal Súbito,Saída de leito carroçável,Sem Vítimas,Pleno dia,Não Informado,Céu Claro,Simples,Curva,Não,2,0,0,0,2,0,0,1,"-7,931371","-34,9409637",SPRF-PE,DEL01-PE,UOP02-DEL01-PE
322191,2020-11-18,quarta-feira,13:30:00,PE,101,66,RECIFE,Falta de Atenção à Condução,Tombamento,Com Vítimas Feridas,Pleno dia,Decrescente,Céu Claro,Dupla,Reta,Sim,3,0,2,0,1,0,2,2,"-8,03368534","-34,94184125",SPRF-PE,DEL01-PE,UOP01-DEL01-PE
322230,2020-11-18,quarta-feira,17:00:00,PE,104,"35,6",CARUARU,Animais na Pista,Atropelamento de Animal,Com Vítimas Feridas,Anoitecer,Crescente,Céu Claro,Dupla,Declive,Não,2,0,1,0,1,0,1,1,"-8,0567","-36,0485",SPRF-PE,DEL02-PE,UOP01-DEL02-PE
322247,2020-11-18,quarta-feira,15:50:00,PE,316,"80,7",OURICURI,Falta de Atenção à Condução,Saída de leito carroçável,Com Vítimas Feridas,Pleno dia,Decrescente,Nublado,Simples,Reta,Sim,4,0,4,0,0,0,4,1,"-7,86203027","-40,10893727",SPRF-PE,DEL05-PE,UOP02-DEL05-PE
322276,2020-11-18,quarta-feira,19:50:00,PE,101,"50,2",ABREU E LIMA,Falta de Atenção à Condução,Queda de ocupante de veículo,Sem Vítimas,Plena Noite,Crescente,Céu Claro,Múltipla,Reta,Sim,1,0,0,0,0,1,0,1,"-7,90938602","-34,90123228",SPRF-PE,DEL01-PE,UOP02-DEL01-PE
322404,2020-10-03,sábado,18:20:00,PE,407,107,PETROLINA,Animais na Pista,Atropelamento de Animal,Com Vítimas Feridas,Plena Noite,Crescente,Céu Claro,Simples,Reta,Não,1,0,0,1,0,0,1,1,"-9,24277694","-40,61551832",SPRF-PE,DEL06-PE,UOP02-DEL06-PE
322458,2020-11-19,quinta-feira,17:50:00,PE,101,"68,6",RECIFE,Falta de Atenção à Condução,Colisão traseira,Com Vítimas Feridas,Anoitecer,Decrescente,Céu Claro,Múltipla,Reta,Sim,3,0,1,1,1,0,2,2,"-8,05074296","-34,94580619",SPRF-PE,DEL01-PE,UOP01-DEL01-PE
322464,2020-11-19,quinta-feira,17:55:00,PE,428,189,PETROLINA,Falta de Atenção à Condução,Colisão traseira,Com Vítimas Feridas,Plena Noite,Decrescente,Céu Claro,Múltipla,Retorno Regulamentado,Sim,3,0,2,0,0,1,2,2,"-9,37808893","-40,50422257",SPRF-PE,DEL06-PE,UOP01-DEL06-PE
322474,2020-11-19,quinta-feira,18:30:00,PE,232,136,CARUARU,Animais na Pista,Atropelamento de Animal,Com Vítimas Fatais,Anoitecer,Crescente,Nublado,Dupla,Reta,Não,2,1,0,1,0,0,1,1,"-8,31275","-36,03952",SPRF-PE,DEL02-PE,UOP03-DEL02-PE
322513,2020-11-20,sexta-feira,01:30:00,PE,232,"411,9",SERRA TALHADA,Ingestão de Álcool,Colisão lateral,Sem Vítimas,Plena Noite,Crescente,Nublado,Simples,Curva,Não,2,0,0,0,2,0,0,2,"-7,97976163","-38,31087404",SPRF-PE,DEL04-PE,UOP01-DEL04-PE
322535,2020-11-20,sexta-feira,07:36:00,PE,101,69,RECIFE,Falta de Atenção à Condução,Colisão com objeto estático,Com Vítimas Feridas,Pleno dia,Decrescente,Céu Claro,Dupla,Viaduto;Reta                  ,Sim,1,0,1,0,0,0,1,1,"-8,06381387","-34,94387453",SPRF-PE,DEL01-PE,UOP01-DEL01-PE
322536,2020-11-20,sexta-feira,07:40:00,PE,101,82,JABOATAO DOS GUARARAPES,Falta de Atenção à Condução,Engavetamento,Com Vítimas Feridas,Pleno dia,Decrescente,Céu Claro,Dupla,Viaduto;Reta                  ,Sim,4,0,1,0,3,0,1,4,"-8,17580461","-34,94340247",SPRF-PE,DEL01-PE,UOP03-DEL01-PE
322555,2020-11-19,quinta-feira,10:40:00,PE,,,PAULISTA,Mal Súbito,Saída de leito carroçável,Sem Vítimas,Pleno dia,Não Informado,Céu Claro,Simples,Curva,Não,2,0,0,0,2,0,0,1,"-7,931371","-34,9409637",SPRF-PE,DEL01-PE,UOP02-DEL01-PE
322574,2020-11-20,sexta-feira,10:45:00,PE,101,51,ABREU E LIMA,Desobediência às normas de trânsito pelo condutor,Colisão frontal,Com Vítimas Feridas,Pleno dia,Decrescente,Sol,Múltipla,Reta,Sim,3,0,2,0,1,0,2,3,"-7,90598227","-34,90216082",SPRF-PE,DEL01-PE,UOP02-DEL01-PE
322617,2020-11-20,sexta-feira,14:55:00,PE,104,"29,2",TORITAMA,Falta de Atenção à Condução,Colisão lateral,Sem Vítimas,Pleno dia,Crescente,Sol,Simples,Reta,Sim,2,0,0,0,2,0,0,2,"-8,0078","-36,0621",SPRF-PE,DEL02-PE,UOP01-DEL02-PE
322686,2020-11-20,sexta-feira,19:10:00,PE,101,61,RECIFE,Falta de Atenção à Condução,Tombamento,Com Vítimas Feridas,Plena Noite,Decrescente,Céu Claro,Dupla,Reta,Sim,1,0,1,0,0,0,1,1,"-7,99097103","-34,93598295",SPRF-PE,DEL01-PE,UOP02-DEL01-PE
322771,2020-11-21,sábado,05:00:00,PE,408,"64,5",CARPINA,Falta de Atenção à Condução,Queda de ocupante de veículo,Com Vítimas Fatais,Amanhecer,Crescente,Céu Claro,Simples,Reta,Sim,1,1,0,0,0,0,0,1,"-7,849457","-35,234696",SPRF-PE,DEL01-PE,UOP01-DEL01-PE
322788,2020-11-21,sábado,06:40:00,PE,232,130,CARUARU,Animais na Pista,Atropelamento de Animal,Com Vítimas Feridas,Pleno dia,Decrescente,Sol,Dupla,Reta,Sim,1,0,1,0,0,0,1,1,"-8,29983303","-35,989662",SPRF-PE,DEL02-PE,UOP03-DEL02-PE
322792,2020-11-21,sábado,07:35:00,PE,424,"94,3",GARANHUNS,Falta de Atenção à Condução,Colisão traseira,Com Vítimas Feridas,Pleno dia,Decrescente,Céu Claro,Simples,Aclive,Não,2,0,1,0,1,0,1,2,"-8,91590392","-36,48883344",SPRF-PE,DEL03-PE,UOP01-DEL03-PE
322821,2020-11-21,sábado,10:00:00,PE,424,"93,7",GARANHUNS,Mal Súbito,Queda de ocupante de veículo,Com Vítimas Feridas,Pleno dia,Crescente,Céu Claro,Simples,Declive,Não,1,0,1,0,0,0,1,1,"-8,907125","-36,487206",SPRF-PE,DEL03-PE,UOP01-DEL03-PE
322845,2020-11-21,sábado,13:10:00,PE,101,"72,8",RECIFE,Não guardar distância de segurança,Colisão traseira,Com Vítimas Feridas,Pleno dia,Crescente,Céu Claro,Dupla,Reta,Não,4,0,1,0,3,0,1,2,"-8,093122","-34,947586",SPRF-PE,DEL01-PE,UOP01-DEL01-PE
322873,2020-11-21,sábado,17:05:00,PE,101,"45,4",IGARASSU,Falta de Atenção do Pedestre,Atropelamento de Pedestre,Com Vítimas Feridas,Plena Noite,Decrescente,Céu Claro,Múltipla,Reta,Sim,3,0,0,1,1,1,1,2,"-7,86521297","-34,90715176",SPRF-PE,DEL01-PE,UOP02-DEL01-PE
322900,2020-11-21,sábado,18:40:00,PE,428,140,LAGOA GRANDE,Desobediência às normas de trânsito pelo condutor,Colisão transversal,Com Vítimas Fatais,Plena Noite,Crescente,Céu Claro,Simples,Reta,Sim,4,1,0,2,1,0,2,2,"-8,998436","-40,271941",SPRF-PE,DEL06-PE,UOP03-DEL06-PE
323034,2020-11-22,domingo,08:40:00,PE,101,103,CABO DE SANTO AGOSTINHO,Falta de Atenção à Condução,Colisão com objeto estático,Sem Vítimas,Pleno dia,Crescente,Céu Claro,Simples,Curva,Sim,1,0,0,0,0,1,0,1,"-8,29241321","-35,05598304",SPRF-PE,DEL01-PE,UOP03-DEL01-PE
323080,2020-11-22,domingo,14:30:00,PE,232,"79,5",GRAVATA,Desobediência às normas de trânsito pelo condutor,Colisão transversal,Sem Vítimas,Pleno dia,Decrescente,Céu Claro,Simples,Reta;Declive                  ,Sim,2,0,0,0,1,1,0,2,"-8,19460572","-35,56074803",SPRF-PE,DEL02-PE,UOP02-DEL02PE
323133,2020-11-22,domingo,18:20:00,PE,232,"254,5",ARCOVERDE,Ingestão de Álcool,Colisão frontal,Com Vítimas Feridas,Plena Noite,Decrescente,Céu Claro,Simples,Reta,Sim,3,0,1,1,1,0,2,3,"-8,42517412","-37,07252925",SPRF-PE,DEL03-PE,UOP02-DEL03-PE
323182,2020-11-22,domingo,21:00:00,PE,316,"62,1",OURICURI,Ingestão de Álcool,Colisão lateral,Sem Vítimas,Plena Noite,Decrescente,Nublado,Simples,Reta,Não,2,0,0,0,2,0,0,2,"-7,77941812","-40,24368806",SPRF-PE,DEL05-PE,UOP02-DEL05-PE
323185,2020-11-22,domingo,20:30:00,PE,408,"54,7",NAZARE DA MATA,Falta de Atenção do Pedestre,Atropelamento de Pedestre,Com Vítimas Fatais,Plena Noite,Decrescente,Céu Claro,Simples,Aclive,Não,2,1,0,0,1,0,0,2,"-7,77176315","-35,23566726",SPRF-PE,DEL01-PE,UOP01-DEL01-PE
323192,2020-11-22,domingo,20:40:00,PE,110,"220,8",PETROLANDIA,Ingestão de Álcool,Tombamento,Com Vítimas Fatais,Plena Noite,Decrescente,Céu Claro,Simples,Reta,Não,1,1,0,0,0,0,0,1,"-9,00341169","-38,21749439",SPRF-BA,DEL07-BA,UOP01-DEL07-BA
323256,2020-11-23,segunda-feira,06:50:00,PE,104,"65,3",CARUARU,Desobediência às normas de trânsito pelo condutor,Colisão lateral,Com Vítimas Feridas,Amanhecer,Crescente,Céu Claro,Dupla,Reta,Sim,2,0,0,1,1,0,1,2,"-8,2867","-35,9838",SPRF-PE,DEL02-PE,UOP01-DEL02-PE
323336,2020-11-23,segunda-feira,15:30:00,PE,101,52,ABREU E LIMA,Falta de Atenção à Condução,Colisão lateral,Sem Vítimas,Pleno dia,Decrescente,Céu Claro,Dupla,Reta,Sim,1,0,0,0,0,1,0,1,"-7,92358799","-34,89607201",SPRF-PE,DEL01-PE,UOP02-DEL01-PE
323343,2020-11-23,segunda-feira,15:45:00,PE,101,"48,7",ABREU E LIMA,Falta de Atenção do Pedestre,Atropelamento de Pedestre,Com Vítimas Feridas,Pleno dia,Crescente,Céu Claro,Dupla,Reta,Sim,3,0,2,0,0,1,2,2,"-7,89174705","-34,9033493",SPRF-PE,DEL01-PE,UOP02-DEL01-PE
323396,2020-11-23,segunda-feira,20:25:00,PE,101,"41,7",IGARASSU,Desobediência às normas de trânsito pelo condutor,Colisão lateral,Com Vítimas Feridas,Plena Noite,Decrescente,Céu Claro,Dupla,Reta,Sim,3,0,3,0,0,0,3,2,"-7,83038346","-34,91426785",SPRF-PE,DEL01-PE,UOP02-DEL01-PE
323412,2020-11-23,segunda-feira,20:10:00,PE,232,"412,8",SERRA TALHADA,Ingestão de Álcool,Colisão com objeto estático,Sem Vítimas,Plena Noite,Crescente,Céu Claro,Simples,Reta,Sim,1,0,0,0,0,1,0,1,"-7,98377927","-38,3208774",SPRF-PE,DEL04-PE,UOP01-DEL04-PE
323457,2020-11-24,terça-feira,06:10:00,PE,101,"119,5",ESCADA,Falta de Atenção à Condução,Engavetamento,Sem Vítimas,Pleno dia,Crescente,Céu Claro,Dupla,Reta,Não,3,0,0,0,3,0,0,3,"-8,35291472","-35,16929901",SPRF-PE,DEL01-PE,UOP03-DEL01-PE
323459,2020-11-24,terça-feira,07:40:00,PE,232,"11,2",JABOATAO DOS GUARARAPES,Agressão Externa,Colisão com objeto estático,Com Vítimas Feridas,Pleno dia,Decrescente,Nublado,Dupla,Declive,Não,1,0,1,0,0,0,1,1,"-8,08328","-34,997077",SPRF-PE,DEL01-PE,UOP01-DEL01-PE
323465,2020-11-24,terça-feira,07:55:00,PE,232,409,SERRA TALHADA,Falta de Atenção à Condução,Atropelamento de Pedestre,Com Vítimas Feridas,Pleno dia,Crescente,Céu Claro,Simples,Reta,Não,3,0,2,1,0,0,3,2,"-7,98246729","-38,28695839",SPRF-PE,DEL04-PE,UOP01-DEL04-PE
323524,2020-11-24,terça-feira,13:30:00,PE,408,"99,7",SAO LOURENCO DA MATA,Desobediência às normas de trânsito pelo condutor,Colisão lateral,Com Vítimas Feridas,Pleno dia,Crescente,Sol,Dupla,Reta,Não,2,0,1,0,1,0,1,2,"-8,04364056","-35,01674995",SPRF-PE,DEL01-PE,UOP01-DEL01-PE
323553,2020-11-24,terça-feira,17:20:00,PE,232,"130,5",CARUARU,Falta de Atenção à Condução,Queda de ocupante de veículo,Com Vítimas Feridas,Anoitecer,Crescente,Céu Claro,Dupla,Declive,Sim,1,0,1,0,0,0,1,1,"-8,29983303","-35,989662",SPRF-PE,DEL02-PE,UOP03-DEL02-PE
323599,2020-11-24,terça-feira,19:15:00,PE,101,86,CABO DE SANTO AGOSTINHO,Desobediência às normas de trânsito pelo condutor,Colisão transversal,Sem Vítimas,Plena Noite,Crescente,Nublado,Simples,Reta,Sim,2,0,0,0,1,1,0,2,"-8,18470013","-34,96816895",SPRF-PE,DEL01-PE,UOP03-DEL01-PE
323641,2020-11-25,quarta-feira,07:45:00,PE,101,72,RECIFE,Falta de Atenção à Condução,Colisão lateral,Com Vítimas Feridas,Pleno dia,Decrescente,Céu Claro,Dupla,Reta,Sim,5,0,2,0,3,0,2,2,"-8,08487243","-34,9449563",SPRF-PE,DEL01-PE,UOP01-DEL01-PE
323657,2020-11-25,quarta-feira,06:40:00,PE,101,88,JABOATAO DOS GUARARAPES,Falta de Atenção à Condução,Colisão lateral,Sem Vítimas,Pleno dia,Decrescente,Céu Claro,Dupla,Reta,Não,2,0,0,0,2,0,0,2,"-8,19971387","-34,9785382",SPRF-PE,DEL01-PE,UOP03-DEL01-PE
323732,2020-11-25,quarta-feira,17:25:00,PE,232,"406,2",SERRA TALHADA,Mal Súbito,Atropelamento de Animal,Com Vítimas Feridas,Anoitecer,Decrescente,Céu Claro,Simples,Aclive,Sim,2,0,1,1,0,0,2,1,"-7,98720861","-38,26249294",SPRF-PE,DEL04-PE,UOP01-DEL04-PE
323757,2020-11-25,quarta-feira,19:00:00,PE,101,"71,7",RECIFE,Ingestão de álcool e/ou substâncias psicoativas pelo pedestre,Atropelamento de Pedestre,Com Vítimas Feridas,Plena Noite,Crescente,Céu Claro,Dupla,Reta,Sim,2,0,1,1,0,0,2,2,"-8,080328","-34,943243",SPRF-PE,DEL01-PE,UOP01-DEL01-PE
323759,2020-11-25,quarta-feira,18:20:00,PE,232,"269,8",SERTANIA,Animais na Pista,Atropelamento de Animal,Com Vítimas Feridas,Plena Noite,Crescente,Céu Claro,Simples,Reta,Não,1,0,1,0,0,0,1,1,"-8,39671683","-37,22547891",SPRF-PE,DEL03-PE,UOP02-DEL03-PE
323767,2020-11-25,quarta-feira,19:00:00,PE,423,"82,4",JUCATI,Animais na Pista,Atropelamento de Animal,Com Vítimas Feridas,Plena Noite,Decrescente,Céu Claro,Simples,Reta,Não,1,0,0,1,0,0,1,1,"-8,78236498","-36,43093004",SPRF-PE,DEL03-PE,UOP01-DEL03-PE
323863,2020-11-26,quinta-feira,09:45:00,PE,232,113,BEZERROS,Falta de Atenção à Condução,Colisão lateral,Com Vítimas Feridas,Pleno dia,Decrescente,Sol,Dupla,Reta,Sim,4,0,0,1,3,0,1,2,"-8,29906533","-35,8402169",SPRF-PE,DEL02-PE,UOP03-DEL02-PE
323895,2020-11-26,quinta-feira,15:10:00,PE,101,"40,9",IGARASSU,Desobediência às normas de trânsito pelo condutor,Colisão transversal,Com Vítimas Feridas,Pleno dia,Decrescente,Céu Claro,Dupla,Reta,Sim,2,0,0,1,1,0,1,2,"-7,821475","-34,916545",SPRF-PE,DEL01-PE,UOP02-DEL01-PE
323898,2020-11-26,quinta-feira,15:30:00,PE,101,66,RECIFE,Falta de Atenção à Condução,Colisão lateral,Sem Vítimas,Pleno dia,Crescente,Céu Claro,Dupla,Reta,Sim,2,0,0,0,2,0,0,2,"-8,03368534","-34,94184125",SPRF-PE,DEL01-PE,UOP01-DEL01-PE
323958,2020-11-26,quinta-feira,19:45:00,PE,232,525,SALGUEIRO,Animais na Pista,Atropelamento de Animal,Com Vítimas Feridas,Plena Noite,Decrescente,Céu Claro,Simples,Reta,Não,2,0,2,0,0,0,2,1,"-8,069604","-39,26831",SPRF-PE,DEL05-PE,UOP01-DEL05-PE
323965,2020-11-26,quinta-feira,17:50:00,PE,424,"89,7",GARANHUNS,Falta de Atenção do Pedestre,Atropelamento de Pedestre,Com Vítimas Feridas,Anoitecer,Crescente,Céu Claro,Simples,Reta,Sim,2,0,0,1,1,0,1,2,"-8,89138375","-36,50571483",SPRF-PE,DEL03-PE,UOP01-DEL03-PE
324025,2020-11-27,sexta-feira,08:50:00,PE,101,96,CABO DE SANTO AGOSTINHO,Falta de Atenção à Condução,Colisão traseira,Com Vítimas Feridas,Pleno dia,Decrescente,Céu Claro,Dupla,Reta,Sim,3,0,1,0,2,0,1,2,"-8,26862137","-35,02103632",SPRF-PE,DEL01-PE,UOP03-DEL01-PE
324123,2020-11-27,sexta-feira,17:15:00,PE,101,"42,6",IGARASSU,Desobediência às normas de trânsito pelo condutor,Colisão lateral,Com Vítimas Feridas,Anoitecer,Decrescente,Céu Claro,Múltipla,Retorno Regulamentado,Sim,3,0,1,0,2,0,1,2,"-7,83887431","-34,91196739",SPRF-PE,DEL01-PE,UOP02-DEL01-PE
324131,2020-11-27,sexta-feira,17:35:00,PE,232,"114,2",BEZERROS,Ingestão de Álcool,Colisão frontal,Sem Vítimas,Anoitecer,Crescente,Céu Claro,Dupla,Reta,Sim,3,0,0,0,3,0,0,2,"-8,30028529","-35,84905306",SPRF-PE,DEL02-PE,UOP03-DEL02-PE
324160,2020-11-27,sexta-feira,19:00:00,PE,428,"77,4",SANTA MARIA DA BOA VISTA,Desobediência às normas de trânsito pelo condutor,Saída de leito carroçável,Com Vítimas Feridas,Plena Noite,Decrescente,Céu Claro,Simples,Reta,Não,3,0,3,0,0,0,3,1,"-8,74794993","-39,79718807",SPRF-PE,DEL06-PE,UOP03-DEL06-PE
324175,2020-11-27,sexta-feira,20:20:00,PE,101,69,RECIFE,Falta de Atenção à Condução,Tombamento,Com Vítimas Feridas,Plena Noite,Decrescente,Céu Claro,Múltipla,Reta,Sim,1,0,1,0,0,0,1,1,"-8,05951606","-34,94581024",SPRF-PE,DEL01-PE,UOP01-DEL01-PE
324196,2020-11-27,sexta-feira,18:42:00,PE,424,"87,7",GARANHUNS,Velocidade Incompatível,Capotamento,Com Vítimas Feridas,Plena Noite,Crescente,Céu Claro,Simples,Curva,Não,2,0,0,1,0,1,1,1,"-8,883999","-36,508494",SPRF-PE,DEL03-PE,UOP01-DEL03-PE
324197,2020-11-27,sexta-feira,21:30:00,PE,408,"96,1",SAO LOURENCO DA MATA,Animais na Pista,Atropelamento de Animal,Com Vítimas Feridas,Plena Noite,Crescente,Céu Claro,Dupla,Reta,Não,2,0,1,0,1,0,1,1,"-8,023035","-35,040106",SPRF-PE,DEL01-PE,UOP01-DEL01-PE
324260,2020-11-28,sábado,04:45:00,PE,316,"55,6",TRINDADE,Falta de Atenção do Pedestre,Atropelamento de Pedestre,Com Vítimas Feridas,Amanhecer,Decrescente,Ignorado,Simples,Reta,Não,2,0,1,1,0,0,2,2,"-7,74026268","-40,28663631",SPRF-PE,DEL05-PE,UOP02-DEL05-PE
324291,2020-11-28,sábado,08:40:00,PE,101,66,RECIFE,Agressão Externa,Colisão lateral,Com Vítimas Feridas,Pleno dia,Decrescente,Céu Claro,Múltipla,Reta,Sim,4,0,1,0,2,1,1,2,"-8,034998","-34,941472",SPRF-PE,DEL01-PE,UOP01-DEL01-PE
324309,2020-11-28,sábado,11:00:00,PE,407,122,PETROLINA,Falta de Atenção à Condução,Colisão transversal,Com Vítimas Feridas,Pleno dia,Decrescente,Céu Claro,Simples,Reta,Sim,2,0,0,1,1,0,1,2,"-9,35368726","-40,55051642",SPRF-PE,DEL06-PE,UOP01-DEL06-PE
324320,2020-10-01,quinta-feira,10:30:00,PE,232,"96,3",SAIRE,Condutor Dormindo,Saída de leito carroçável,Com Vítimas Feridas,Pleno dia,Decrescente,Céu Claro,Dupla,Reta,Não,2,0,0,1,0,1,1,2,"-8,23076854","-35,70778281",SPRF-PE,DEL02-PE,UOP02-DEL02PE
324387,2020-11-28,sábado,17:30:00,PE,101,"77,8",RECIFE,Ingestão de Álcool,Atropelamento de Pedestre,Com Vítimas Feridas,Anoitecer,Decrescente,Céu Claro,Dupla,Reta,Sim,2,0,2,0,0,0,2,2,"-8,130041","-34,944329",SPRF-PE,DEL01-PE,UOP01-DEL01-PE
324394,2020-11-28,sábado,14:00:00,PE,316,"89,1",OURICURI,Condutor Dormindo,Saída de leito carroçável,Com Vítimas Feridas,Pleno dia,Decrescente,Céu Claro,Simples,Reta,Não,3,0,2,0,1,0,2,1,"-7,8999264","-40,03811616",SPRF-PE,DEL05-PE,UOP02-DEL05-PE
324413,2020-11-28,sábado,19:25:00,PE,232,251,ARCOVERDE,Ingestão de Álcool,Colisão transversal,Com Vítimas Feridas,Plena Noite,Crescente,Céu Claro,Simples,Reta,Sim,2,0,0,1,0,1,1,2,"-8,429241","-37,060127",SPRF-PE,DEL03-PE,UOP02-DEL03-PE
324509,2020-11-29,domingo,05:40:00,PE,428,"161,9",PETROLINA,Animais na Pista,Atropelamento de Animal,Com Vítimas Feridas,Amanhecer,Decrescente,Céu Claro,Simples,Reta,Não,2,0,2,0,0,0,2,1,"-9,15495406","-40,3615739",SPRF-PE,DEL06-PE,UOP01-DEL06-PE
324524,2020-11-29,domingo,06:30:00,PE,104,68,CARUARU,Falta de Atenção à Condução,Colisão traseira,Com Vítimas Feridas,Amanhecer,Decrescente,Nublado,Dupla,Reta,Sim,5,0,4,0,1,0,4,3,"-8,3107","-35,9904",SPRF-PE,DEL02-PE,UOP01-DEL02-PE
324530,2020-11-29,domingo,00:10:00,PE,316,"55,2",TRINDADE,Ingestão de Álcool,Colisão lateral,Com Vítimas Feridas,Plena Noite,Decrescente,Céu Claro,Simples,Reta,Não,3,0,0,2,0,1,2,2,"-7,74026268","-40,28663631",SPRF-PE,DEL05-PE,UOP02-DEL05-PE
324532,2020-11-29,domingo,03:50:00,PE,407,"128,3",PETROLINA,Ingestão de Álcool,Colisão com objeto estático,Com Vítimas Fatais,Plena Noite,Decrescente,Céu Claro,Dupla,Curva,Sim,1,1,0,0,0,0,0,1,"-9,39387565","-40,51133888",SPRF-PE,DEL06-PE,UOP01-DEL06-PE
324585,2020-11-29,domingo,12:30:00,PE,101,"54,8",PAULISTA,Defeito Mecânico no Veículo,Colisão com objeto estático,Sem Vítimas,Pleno dia,Decrescente,Céu Claro,Múltipla,Reta;Declive                  ,Não,1,0,0,0,1,0,0,1,"-7,93961103","-34,90356584",SPRF-PE,DEL01-PE,UOP02-DEL01-PE
324590,2020-10-30,sexta-feira,13:40:00,PE,101,87,JABOATAO DOS GUARARAPES,Ultrapassagem Indevida,Colisão transversal,Com Vítimas Feridas,Pleno dia,Crescente,Céu Claro,Simples,Reta,Não,2,0,0,1,1,0,1,2,"-8,19120206","-34,97449985",SPRF-PE,DEL01-PE,UOP03-DEL01-PE
324599,2020-11-29,domingo,14:00:00,PE,232,352,CUSTODIA,Ingestão de Álcool,Colisão transversal,Com Vítimas Feridas,Pleno dia,Decrescente,Céu Claro,Simples,Reta,Não,2,0,0,1,1,0,1,2,"-8,06560111","-37,80504513",SPRF-PE,DEL03-PE,UOP02-DEL03-PE
324614,2020-11-29,domingo,15:40:00,PE,408,96,SAO LOURENCO DA MATA,Falta de Atenção à Condução,Capotamento,Com Vítimas Feridas,Pleno dia,Crescente,Céu Claro,Dupla,Declive,Não,2,0,0,1,1,0,1,1,"-8,02062","-35,041045",SPRF-PE,DEL01-PE,UOP01-DEL01-PE
324634,2020-11-29,domingo,18:05:00,PE,423,"80,9",JUCATI,Ingestão de Álcool,Colisão transversal,Com Vítimas Feridas,Plena Noite,Crescente,Céu Claro,Simples,Reta,Não,7,0,4,0,2,1,4,3,"-8,76622817","-36,42895847",SPRF-PE,DEL03-PE,UOP01-DEL03-PE
324664,2020-11-29,domingo,18:15:00,PE,424,"97,2",GARANHUNS,Desobediência às normas de trânsito pelo condutor,Colisão frontal,Com Vítimas Feridas,Plena Noite,Decrescente,Céu Claro,Simples,Reta,Não,2,0,0,1,0,1,1,2,"-8,93478014","-36,50438092",SPRF-PE,DEL03-PE,UOP01-DEL03-PE
324674,2020-11-29,domingo,20:00:00,PE,101,83,JABOATAO DOS GUARARAPES,Ingestão de álcool e/ou substâncias psicoativas pelo pedestre,Colisão lateral,Com Vítimas Feridas,Plena Noite,Decrescente,Nublado,Dupla,Reta,Sim,3,0,1,0,1,1,1,3,"-8,175172","-34,942642",SPRF-PE,DEL01-PE,UOP03-DEL01-PE
324814,2020-11-30,segunda-feira,14:00:00,PE,316,"272,9",BELEM DE SAO FRANCISCO,Defeito Mecânico no Veículo,Saída de leito carroçável,Com Vítimas Feridas,Pleno dia,Decrescente,Céu Claro,Simples,Reta,Não,4,0,3,1,0,0,4,1,"-8,69563604","-38,84408298",SPRF-PE,DEL04-PE,UOP03-DEL04-PE
324846,2020-11-30,segunda-feira,17:30:00,PE,232,181,BELO JARDIM,Falta de Atenção à Condução,Colisão traseira,Sem Vítimas,Anoitecer,Decrescente,Céu Claro,Simples,Interseção de Vias,Não,2,0,0,0,1,1,0,2,"-8,34751945","-36,44312426",SPRF-PE,DEL02-PE,UOP03-DEL02-PE
324859,2020-11-30,segunda-feira,19:15:00,PE,408,96,SAO LOURENCO DA MATA,Falta de Atenção do Pedestre,Atropelamento de Pedestre,Com Vítimas Feridas,Plena Noite,Crescente,Céu Claro,Dupla,Reta,Sim,2,0,1,0,1,0,1,2,"-8,026845","-35,03802007",SPRF-PE,DEL01-PE,UOP01-DEL01-PE
324875,2020-11-30,segunda-feira,17:15:00,PE,232,142,SAO CAITANO,Ingestão de Álcool,Colisão lateral,Sem Vítimas,Pleno dia,Crescente,Céu Claro,Dupla,Reta,Não,2,0,0,0,2,0,0,2,"-8,32242118","-36,09480698",SPRF-PE,DEL02-PE,UOP03-DEL02-PE