id,data_inversa,dia_semana,horario,uf,br,km,municipio,causa_acidente,tipo_acidente,classificacao_acidente,fase_dia,sentido_via,condicao_metereologica,tipo_pista,tracado_via,uso_solo,pessoas,mortos,feridos_leves,feridos_graves,ilesos,ignorados,feridos,veiculos,latitude,longitude,regional,delegacia,uop
324925,2020-12-01,terça-feira,07:15:00,PE,408,83,PAUDALHO,Condutor Dormindo,Colisão traseira,Com Vítimas Feridas,Pleno dia,Decrescente,Nublado,Dupla,Reta,Sim,3,0,3,0,0,0,3,2,"-7,946073","-35,11444",SPRF-PE,DEL01-PE,UOP01-DEL01-PE
324947,2020-12-01,terça-feira,09:30:00,PE,101,"131,7",ESCADA,Falta de Atenção à Condução,Colisão com objeto estático,Com Vítimas Feridas,Pleno dia,Crescente,Céu Claro,Dupla,Reta,Não,5,0,0,2,3,0,2,1,"-8,39874498","-35,26341102",SPRF-PE,DEL01-PE,UOP03-DEL01-PE
324961,2020-12-01,terça-feira,11:10:00,PE,101,41,IGARASSU,Desobediência às normas de trânsito pelo condutor,Colisão transversal,Com Vítimas Feridas,Pleno dia,Crescente,Céu Claro,Dupla,Reta,Sim,2,0,0,1,1,0,1,2,"-7,83038346","-34,91426785",SPRF-PE,DEL01-PE,UOP02-DEL01-PE
324973,2020-12-01,terça-feira,12:14:00,PE,101,"79,8",JABOATAO DOS GUARARAPES,Falta de Atenção à Condução,Colisão traseira,Com Vítimas Feridas,Pleno dia,Decrescente,Céu Claro,Dupla,Interseção de Vias,Sim,2,0,1,0,0,1,1,2,"-8,154119","-34,941798",SPRF-PE,DEL01-PE,UOP01-DEL01-PE
324976,2020-12-01,terça-feira,12:35:00,PE,101,"2,1",GOIANA,Defeito Mecânico no Veículo,Colisão com objeto estático,Com Vítimas Feridas,Pleno dia,Crescente,Céu Claro,Múltipla,Reta,Não,2,0,1,0,1,0,1,1,"-7,51675334","-34,99198357",SPRF-PE,DEL01-PE,UOP02-DEL01-PE
325036,2020-12-01,terça-feira,19:00:00,PE,101,"70,1",RECIFE,Ingestão de Álcool,Atropelamento de Pedestre,Com Vítimas Feridas,Plena Noite,Decrescente,Céu Claro,Dupla,Reta,Sim,2,0,0,1,0,1,1,2,"-8,06776119","-34,94265074",SPRF-PE,DEL01-PE,UOP01-DEL01-PE
325056,2020-12-01,terça-feira,19:00:00,PE,232,"197,5",SANHARO,Desobediência às normas de trânsito pelo condutor,Colisão frontal,Com Vítimas Feridas,Plena Noite,Crescente,Céu Claro,Simples,Reta,Não,5,0,2,0,3,0,2,4,"-8,36891793","-36,580362",SPRF-PE,DEL02-PE,UOP03-DEL02-PE
325060,2020-12-01,terça-feira,20:40:00,PE,428,185,PETROLINA,Falta de Atenção à Condução,Colisão transversal,Com Vítimas Feridas,Plena Noite,Decrescente,Ignorado,Simples,Reta,Sim,2,0,1,0,1,0,1,2,"-9,34807826","-40,47441248",SPRF-PE,DEL06-PE,UOP01-DEL06-PE
325079,2020-12-01,terça-feira,18:15:00,PE,423,146,IATI,Falta de Atenção à Condução,Colisão traseira,Sem Vítimas,Plena Noite,Crescente,Céu Claro,Simples,Reta,Não,2,0,0,0,1,1,0,2,"-9,01452294","-36,87513904",SPRF-PE,DEL03-PE,UOP01-DEL03-PE
325137,2020-11-12,quinta-feira,10:30:00,PE,232,206,PESQUEIRA,Ultrapassagem Indevida,Colisão frontal,Com Vítimas Feridas,Pleno dia,Crescente,Sol,Simples,Aclive,Não,3,0,1,1,1,0,2,3,"-8,37056848","-36,66177606",SPRF-PE,DEL02-PE,UOP03-DEL02-PE
325274,2020-12-03,quinta-feira,04:30:00,PE,232,"33,2",MORENO,Velocidade Incompatível,Saída de leito carroçável,Sem Vítimas,Plena Noite,Crescente,Céu Claro,Dupla,Reta,Sim,1,0,0,0,0,1,0,1,"-8,105794","-35,17758",SPRF-PE,DEL02-PE,UOP02-DEL02PE
325277,2020-12-03,quinta-feira,05:45:00,PE,232,7,RECIFE,Defeito Mecânico no Veículo,Tombamento,Com Vítimas Feridas,Pleno dia,Crescente,Nublado,Dupla,Reta,Não,2,0,2,0,0,0,2,1,"-8,07333497","-34,96184301",SPRF-PE,DEL01-PE,UOP01-DEL01-PE
325342,2020-10-29,quinta-feira,16:00:00,PE,101,75,RECIFE,Falta de Atenção à Condução,Colisão transversal,Com Vítimas Feridas,Pleno dia,Crescente,Ignorado,Dupla,Reta,Sim,2,0,1,0,0,1,1,2,"-8,10973523","-34,94660151",SPRF-PE,DEL01-PE,UOP01-DEL01-PE
325384,2020-12-03,quinta-feira,17:30:00,PE,101,82,JABOATAO DOS GUARARAPES,Sinalização da via insuficiente ou inadequada,Colisão traseira,Com Vítimas Feridas,Anoitecer,Crescente,Céu Claro,Simples,Curva,Sim,2,0,1,0,1,0,1,2,"-8,168383","-34,9376",SPRF-PE,DEL01-PE,UOP03-DEL01-PE
325389,2020-12-03,quinta-feira,19:00:00,PE,104,66,CARUARU,Falta de Atenção à Condução,Colisão lateral,Sem Vítimas,Plena Noite,Decrescente,Nublado,Dupla,Reta,Não,2,0,0,0,2,0,0,2,"-8,2937","-35,9864",SPRF-PE,DEL02-PE,UOP01-DEL02-PE
325468,2020-12-04,sexta-feira,08:05:00,PE,423,97,GARANHUNS,Não guardar distância de segurança,Colisão traseira,Com Vítimas Feridas,Pleno dia,Crescente,Céu Claro,Simples,Reta,Não,2,0,1,0,1,0,1,2,"-8,8796227","-36,49484286",SPRF-PE,DEL03-PE,UOP01-DEL03-PE
325558,2020-12-04,sexta-feira,16:20:00,PE,316,78,OURICURI,Falta de Atenção à Condução,Colisão traseira,Com Vítimas Feridas,Pleno dia,Decrescente,Céu Claro,Simples,Reta,Não,2,0,2,0,0,0,2,2,"-7,85014392","-40,12241694",SPRF-PE,DEL05-PE,UOP02-DEL05-PE
325582,2020-12-04,sexta-feira,17:10:00,PE,232,"5,9",RECIFE,Desobediência às normas de trânsito pelo condutor,Tombamento,Com Vítimas Feridas,Anoitecer,Crescente,Céu Claro,Dupla,Reta,Não,1,0,1,0,0,0,1,1,"-8,06795766","-34,94535414",SPRF-PE,DEL01-PE,UOP01-DEL01-PE
325588,2020-12-04,sexta-feira,18:18:00,PE,428,10,CABROBO,Ingestão de Álcool,Colisão transversal,Com Vítimas Feridas,Plena Noite,Crescente,Céu Claro,Simples,Interseção de Vias,Sim,3,0,2,0,1,0,2,2,"-8,5091915","-39,30745984",SPRF-PE,DEL05-PE,UOP03-DEL05-PE
325593,2020-12-04,sexta-feira,19:15:00,PE,101,"54,5",PAULISTA,Falta de Atenção à Condução,Colisão frontal,Com Vítimas Feridas,Plena Noite,Decrescente,Céu Claro,Dupla,Interseção de Vias,Sim,2,0,0,1,1,0,1,2,"-7,930901","-34,85658824",SPRF-PE,DEL01-PE,UOP02-DEL01-PE
325607,2020-12-04,sexta-feira,20:34:00,PE,101,68,RECIFE,Não guardar distância de segurança,Colisão traseira,Com Vítimas Feridas,Plena Noite,Decrescente,Céu Claro,Dupla,Reta,Sim,2,0,1,0,0,1,1,2,"-8,05074296","-34,94580619",SPRF-PE,DEL01-PE,UOP01-DEL01-PE
325627,2020-12-04,sexta-feira,21:10:00,PE,407,"127,9",PETROLINA,Falta de Atenção à Condução,Colisão traseira,Com Vítimas Feridas,Plena Noite,Decrescente,Céu Claro,Simples,Reta,Não,3,0,1,0,2,0,1,2,"-9,3908678","-40,52038627",SPRF-PE,DEL06-PE,UOP01-DEL06-PE
325633,2020-12-04,sexta-feira,21:50:00,PE,101,"82,3",JABOATAO DOS GUARARAPES,Desobediência às normas de trânsito pelo condutor,Colisão transversal,Sem Vítimas,Plena Noite,Decrescente,Céu Claro,Dupla,Reta,Sim,2,0,0,0,1,1,0,2,"-8,168383","-34,9376",SPRF-PE,DEL01-PE,UOP03-DEL01-PE
325678,2020-12-05,sábado,03:00:00,PE,104,75,CARUARU,Desobediência às normas de trânsito pelo condutor,Colisão frontal,Com Vítimas Feridas,Plena Noite,Decrescente,Céu Claro,Simples,Curva,Não,3,0,1,0,2,0,1,2,"-8,358562","-35,985699",SPRF-PE,DEL02-PE,UOP01-DEL02-PE
325753,2020-11-22,domingo,11:35:00,PE,407,"61,8",PETROLINA,Desobediência às normas de trânsito pelo condutor,Colisão transversal,Com Vítimas Feridas,Pleno dia,Crescente,Céu Claro,Simples,Reta,Não,2,0,0,1,1,0,1,2,"-8,86114469","-40,7759038",SPRF-PE,DEL06-PE,UOP02-DEL06-PE
325761,2020-12-05,sábado,12:20:00,PE,232,194,SANHARO,Ingestão de Álcool,Colisão transversal,Sem Vítimas,Pleno dia,Crescente,Sol,Simples,Reta,Sim,3,0,0,0,3,0,0,2,"-8,36209062","-36,55441109",SPRF-PE,DEL02-PE,UOP03-DEL02-PE
325769,2020-11-25,quarta-feira,06:45:00,PE,407,"126,3",PETROLINA,Desobediência às normas de trânsito pelo condutor,Colisão lateral,Com Vítimas Feridas,Pleno dia,Decrescente,Céu Claro,Dupla,Interseção de Vias,Não,2,0,0,1,1,0,1,2,"-9,38491309","-40,52809509",SPRF-PE,DEL06-PE,UOP01-DEL06-PE
325772,2020-12-05,sábado,13:15:00,PE,101,68,RECIFE,Falta de Atenção à Condução,Colisão com objeto estático,Com Vítimas Feridas,Pleno dia,Crescente,Céu Claro,Dupla,Reta,Sim,2,0,2,0,0,0,2,1,"-8,053933","-34,946546",SPRF-PE,DEL01-PE,UOP01-DEL01-PE
325884,2020-12-05,sábado,19:30:00,PE,101,147,RIBEIRAO,Condutor Dormindo,Capotamento,Com Vítimas Feridas,Plena Noite,Crescente,Céu Claro,Dupla,Reta,Não,1,0,1,0,0,0,1,1,"-8,47458903","-35,37134167",SPRF-PE,DEL01-PE,UOP03-DEL01-PE
325965,2020-12-06,domingo,02:00:00,PE,101,135,ESCADA,Condutor Dormindo,Colisão com objeto estático,Com Vítimas Feridas,Plena Noite,Crescente,Céu Claro,Dupla,Reta,Não,1,0,1,0,0,0,1,1,"-8,41147616","-35,29599797",SPRF-PE,DEL01-PE,UOP03-DEL01-PE
325970,2020-12-06,domingo,03:30:00,PE,101,"3,5",GOIANA,Falta de Atenção à Condução,Tombamento,Com Vítimas Feridas,Plena Noite,Crescente,Céu Claro,Múltipla,Reta,Não,1,0,1,0,0,0,1,1,"-7,52387351","-34,99333161",SPRF-PE,DEL01-PE,UOP02-DEL01-PE
325977,2020-12-06,domingo,05:00:00,PE,232,"128,2",CARUARU,Ingestão de Álcool,Colisão frontal,Com Vítimas Feridas,Pleno dia,Decrescente,Céu Claro,Múltipla,Reta,Sim,3,0,0,1,2,0,1,2,"-8,30399306","-35,97216301",SPRF-PE,DEL02-PE,UOP03-DEL02-PE
325995,2020-12-06,domingo,06:30:00,PE,101,"72,2",RECIFE,Desobediência às normas de trânsito pelo condutor,Colisão transversal,Com Vítimas Feridas,Pleno dia,Crescente,Sol,Dupla,Interseção de Vias,Sim,2,0,0,1,1,0,1,2,"-8,10146485","-34,94901577",SPRF-PE,DEL01-PE,UOP01-DEL01-PE
326097,2020-12-06,domingo,15:35:00,PE,101,50,ABREU E LIMA,Falta de Atenção à Condução,Colisão traseira,Com Vítimas Feridas,Pleno dia,Decrescente,Sol,Múltipla,Reta,Sim,2,0,1,0,1,0,1,2,"-7,90938602","-34,90123228",SPRF-PE,DEL01-PE,UOP02-DEL01-PE
326098,2020-12-06,domingo,15:00:00,PE,104,35,CARUARU,Falta de Atenção à Condução,Colisão com objeto estático,Com Vítimas Feridas,Pleno dia,Crescente,Sol,Dupla,Reta,Não,3,0,2,0,1,0,2,1,"-8,0567","-36,0485",SPRF-PE,DEL02-PE,UOP01-DEL02-PE
326104,2020-12-06,domingo,17:15:00,PE,232,"9,5",RECIFE,Desobediência às normas de trânsito pelo condutor,Colisão traseira,Com Vítimas Feridas,Anoitecer,Decrescente,Sol,Dupla,Reta,Sim,4,0,1,0,3,0,1,3,"-8,07764447","-34,97863609",SPRF-PE,DEL01-PE,UOP01-DEL01-PE
326171,2020-11-21,sábado,20:00:00,PE,428,"53,9",OROCO,Condutor Dormindo,Queda de ocupante de veículo,Com Vítimas Fatais,Plena Noite,Decrescente,Nublado,Simples,Aclive,Não,1,1,0,0,0,0,0,1,"-8,61591731","-39,64558611",SPRF-PE,DEL06-PE,UOP03-DEL06-PE
326337,2020-12-07,segunda-feira,15:10:00,PE,101,"65,5",RECIFE,Falta de Atenção à Condução,Colisão traseira,Com Vítimas Feridas,Pleno dia,Crescente,Céu Claro,Dupla,Reta,Não,2,0,1,0,1,0,1,2,"-8,02478597","-34,94276635",SPRF-PE,DEL01-PE,UOP01-DEL01-PE
326351,2020-12-07,segunda-feira,16:20:00,PE,104,"119,5",PANELAS,Velocidade Incompatível,Saída de leito carroçável,Com Vítimas Fatais,Pleno dia,Decrescente,Céu Claro,Simples,Declive,Não,1,1,0,0,0,0,0,1,"-8,69612969","-36,02099419",SPRF-PE,DEL02-PE,UOP01-DEL02-PE
326398,2020-12-07,segunda-feira,18:40:00,PE,116,"39,5",SALGUEIRO,Desobediência às normas de trânsito pelo condutor,Saída de leito carroçável,Com Vítimas Feridas,Plena Noite,Decrescente,Céu Claro,Simples,Reta,Não,1,0,1,0,0,0,1,1,"-8,179874","-39,102428",SPRF-PE,DEL05-PE,UOP01-DEL05-PE
326434,2020-12-08,terça-feira,01:30:00,PE,232,"59,9",POMBOS,Falta de Atenção à Condução,Tombamento,Com Vítimas Feridas,Plena Noite,Decrescente,Céu Claro,Dupla,Reta;Declive                  ,Sim,1,0,0,1,0,0,1,1,"-8,1471233","-35,39890998",SPRF-PE,DEL02-PE,UOP02-DEL02PE
326485,2020-12-08,terça-feira,09:50:00,PE,232,69,GRAVATA,Defeito Mecânico no Veículo,Queda de ocupante de veículo,Com Vítimas Feridas,Pleno dia,Decrescente,Céu Claro,Múltipla,Curva,Não,2,0,2,0,0,0,2,1,"-8,17240309","-35,47993595",SPRF-PE,DEL02-PE,UOP02-DEL02PE
326496,2020-11-28,sábado,16:40:00,PE,101,96,CABO DE SANTO AGOSTINHO,Falta de Atenção à Condução,Colisão lateral,Com Vítimas Feridas,Pleno dia,Decrescente,Nublado,Dupla,Reta;Declive;Retorno Regulamen,Sim,3,0,2,0,1,0,2,2,"-8,25146993","-35,021805",SPRF-PE,DEL01-PE,UOP03-DEL01-PE
326673,2020-12-09,quarta-feira,06:44:00,PE,101,"43,7",IGARASSU,Falta de Atenção à Condução,Engavetamento,Sem Vítimas,Pleno dia,Decrescente,Garoa/Chuvisco,Múltipla,Reta,Sim,3,0,0,0,2,1,0,3,"-7,84753808","-34,90977038",SPRF-PE,DEL01-PE,UOP02-DEL01-PE
326703,2020-12-09,quarta-feira,12:00:00,PE,101,"45,2",IGARASSU,Não guardar distância de segurança,Colisão traseira,Com Vítimas Feridas,Pleno dia,Decrescente,Céu Claro,Múltipla,Reta,Sim,2,0,0,1,1,0,1,2,"-7,86521297","-34,90715176",SPRF-PE,DEL01-PE,UOP02-DEL01-PE
326721,2020-12-09,quarta-feira,14:00:00,PE,101,"153,2",RIBEIRAO,Defeito Mecânico no Veículo,Incêndio,Sem Vítimas,Pleno dia,Decrescente,Céu Claro,Dupla,Reta,Não,1,0,0,0,0,1,0,1,"-8,51960799","-35,38997595",SPRF-PE,DEL01-PE,UOP03-DEL01-PE
326735,2020-12-09,quarta-feira,15:00:00,PE,101,"70,3",RECIFE,Não guardar distância de segurança,Colisão traseira,Com Vítimas Feridas,Pleno dia,Crescente,Sol,Múltipla,Reta,Sim,2,0,1,0,0,1,1,2,"-8,06776119","-34,94265074",SPRF-PE,DEL01-PE,UOP01-DEL01-PE
326745,2020-12-09,quarta-feira,12:00:00,PE,316,353,PETROLANDIA,Defeito Mecânico no Veículo,Incêndio,Sem Vítimas,Pleno dia,Crescente,Sol,Simples,Reta,Não,1,0,0,0,1,0,0,1,"-8,88336709","-38,27402105",SPRF-PE,DEL04-PE,UOP03-DEL04-PE
326817,2020-12-09,quarta-feira,23:45:00,PE,407,"127,3",PETROLINA,Falta de Atenção à Condução,Colisão transversal,Com Vítimas Feridas,Plena Noite,Crescente,Céu Claro,Simples,Interseção de Vias,Sim,2,0,1,0,1,0,1,2,"-9,3908678","-40,52038627",SPRF-PE,DEL06-PE,UOP01-DEL06-PE
326847,2020-12-10,quinta-feira,06:40:00,PE,232,9,RECIFE,Falta de Atenção à Condução,Queda de ocupante de veículo,Com Vítimas Feridas,Pleno dia,Decrescente,Céu Claro,Dupla,Reta,Sim,1,0,0,1,0,0,1,1,"-8,07764447","-34,97863609",SPRF-PE,DEL01-PE,UOP01-DEL01-PE
327000,2020-12-10,quinta-feira,20:40:00,PE,407,"124,3",PETROLINA,Avarias e/ou desgaste excessivo no pneu,Queda de ocupante de veículo,Com Vítimas Feridas,Plena Noite,Decrescente,Céu Claro,Dupla,Reta,Sim,1,0,1,0,0,0,1,1,"-9,37555738","-40,5377309",SPRF-PE,DEL06-PE,UOP01-DEL06-PE
327016,2020-12-10,quinta-feira,23:20:00,PE,232,149,SAO CAITANO,Restrição de Visibilidade,Saída de leito carroçável,Sem Vítimas,Plena Noite,Decrescente,Céu Claro,Dupla,Reta,Não,1,0,0,0,1,0,0,1,"-8,32744699","-36,15405",SPRF-PE,DEL02-PE,UOP03-DEL02-PE
327018,2020-12-10,quinta-feira,22:50:00,PE,407,"128,5",PETROLINA,Desobediência às normas de trânsito pelo condutor,Colisão traseira,Com Vítimas Fatais,Plena Noite,Decrescente,Céu Claro,Simples,Viaduto,Sim,3,1,1,0,0,1,1,2,"-9,39656864","-40,50627201",SPRF-PE,DEL06-PE,UOP01-DEL06-PE
327069,2020-12-11,sexta-feira,07:40:00,PE,232,"8,7",RECIFE,Falta de Atenção à Condução,Colisão traseira,Com Vítimas Feridas,Pleno dia,Decrescente,Céu Claro,Dupla,Reta,Sim,2,0,1,0,1,0,1,2,"-8,07583727","-34,97015791",SPRF-PE,DEL01-PE,UOP01-DEL01-PE
327076,2020-12-11,sexta-feira,07:30:00,PE,408,"64,6",CARPINA,Ultrapassagem Indevida,Colisão frontal,Com Vítimas Feridas,Pleno dia,Decrescente,Céu Claro,Múltipla,Reta,Sim,2,0,2,0,0,0,2,2,"-7,848957","-35,235037",SPRF-PE,DEL01-PE,UOP01-DEL01-PE
327094,2020-12-11,sexta-feira,10:20:00,PE,101,"67,1",RECIFE,Falta de Atenção à Condução,Tombamento,Com Vítimas Feridas,Pleno dia,Decrescente,Céu Claro,Dupla,Reta,Sim,1,0,1,0,0,0,1,1,"-8,043769","-34,943602",SPRF-PE,DEL01-PE,UOP01-DEL01-PE
327096,2020-12-11,sexta-feira,03:00:00,PE,424,"88,5",GARANHUNS,Ingestão de Álcool,Capotamento,Sem Vítimas,Plena Noite,Crescente,Céu Claro,Simples,Reta,Sim,1,0,0,0,0,1,0,1,"-8,88827288","-36,50758982",SPRF-PE,DEL03-PE,UOP01-DEL03-PE
327136,2020-12-11,sexta-feira,14:20:00,PE,101,83,JABOATAO DOS GUARARAPES,Desobediência às normas de trânsito pelo condutor,Colisão lateral,Sem Vítimas,Pleno dia,Decrescente,Céu Claro,Dupla,Interseção de Vias,Não,2,0,0,0,2,0,0,2,"-8,175172","-34,942642",SPRF-PE,DEL01-PE,UOP03-DEL01-PE
327214,2020-12-11,sexta-feira,20:00:00,PE,101,83,JABOATAO DOS GUARARAPES,Falta de Atenção à Condução,Colisão traseira,Com Vítimas Feridas,Plena Noite,Crescente,Céu Claro,Simples,Reta,Sim,3,0,2,0,1,0,2,2,"-8,180698","-34,947988",SPRF-PE,DEL01-PE,UOP03-DEL01-PE
327222,2020-12-11,sexta-feira,21:10:00,PE,232,"45,1",VITORIA DE SANTO ANTAO,Falta de Atenção do Pedestre,Atropelamento de Pedestre,Com Vítimas Fatais,Plena Noite,Crescente,Céu Claro,Dupla,Reta,Sim,2,1,0,0,1,0,0,2,"-8,128181","-35,281677",SPRF-PE,DEL02-PE,UOP02-DEL02PE
327328,2020-12-12,sábado,10:00:00,PE,104,"80,7",AGRESTINA,Falta de Atenção à Condução,Colisão lateral,Com Vítimas Feridas,Pleno dia,Crescente,Sol,Simples,Reta,Não,2,0,1,0,0,1,1,2,"-8,397874","-35,973396",SPRF-PE,DEL02-PE,UOP01-DEL02-PE
327352,2020-12-12,sábado,11:37:00,PE,316,223,BELEM DE SAO FRANCISCO,Agressão Externa,Colisão com objeto em movimento,Sem Vítimas,Pleno dia,Crescente,Céu Claro,Simples,Reta,Não,1,0,0,0,1,0,0,1,"-8,56749083","-39,18827592",SPRF-PE,DEL05-PE,UOP03-DEL05-PE
327369,2020-12-12,sábado,14:50:00,PE,408,74,PAUDALHO,Ingestão de Álcool,Colisão lateral,Com Vítimas Feridas,Pleno dia,Decrescente,Céu Claro,Múltipla,Reta,Sim,5,0,2,0,3,0,2,2,"-7,89701706","-35,17300548",SPRF-PE,DEL01-PE,UOP01-DEL01-PE
327381,2020-12-12,sábado,16:00:00,PE,407,"114,2",PETROLINA,Falta de Atenção à Condução,Saída de leito carroçável,Com Vítimas Fatais,Pleno dia,Crescente,Céu Claro,Simples,Reta,Não,1,1,0,0,0,0,0,1,"-9,2984927","-40,58289528",SPRF-PE,DEL06-PE,UOP02-DEL06-PE
327489,2020-12-12,sábado,23:30:00,PE,407,"119,1",PETROLINA,Ingestão de Álcool,Colisão frontal,Com Vítimas Fatais,Plena Noite,Decrescente,Céu Claro,Simples,Reta,Não,2,1,0,0,0,1,0,2,"-9,314647","-40,57336",SPRF-PE,DEL06-PE,UOP02-DEL06-PE
327531,2020-12-13,domingo,00:15:00,PE,423,166,AGUAS BELAS,Defeito Mecânico no Veículo,Tombamento,Com Vítimas Feridas,Plena Noite,Crescente,Nublado,Simples,Reta,Não,45,0,16,1,28,0,17,1,"-9,12609311","-37,01493996",SPRF-AL,DEL03-AL,UOP02-DEL03-AL
327585,2020-12-13,domingo,07:30:00,PE,423,"42,4",CACHOEIRINHA,Falta de Atenção à Condução,Capotamento,Com Vítimas Feridas,Pleno dia,Crescente,Céu Claro,Simples,Reta,Não,14,0,2,3,0,9,5,1,"-8,51479","-36,254331",SPRF-PE,DEL03-PE,UOP01-DEL03-PE
327614,2020-12-13,domingo,09:00:00,PE,424,"91,9",GARANHUNS,Falta de Atenção à Condução,Capotamento,Com Vítimas Feridas,Pleno dia,Crescente,Nublado,Simples,Curva,Sim,2,0,1,0,1,0,1,1,"-8,91182532","-36,49327755",SPRF-PE,DEL03-PE,UOP01-DEL03-PE
327620,2020-12-13,domingo,13:00:00,PE,,,PETROLINA,Velocidade Incompatível,Colisão lateral,Com Vítimas Feridas,Pleno dia,Não Informado,Céu Claro,Simples,Reta,Sim,2,0,1,0,1,0,1,2,"-9,35896531","-40,48041344",SPRF-PE,DEL06-PE,UOP01-DEL06-PE
327627,2020-12-13,domingo,12:10:00,PE,423,"63,3",LAJEDO,Falta de Atenção à Condução,Capotamento,Com Vítimas Feridas,Pleno dia,Decrescente,Nublado,Simples,Reta,Não,4,0,3,0,1,0,3,1,"-8,66219547","-36,34708912",SPRF-PE,DEL03-PE,UOP01-DEL03-PE
327628,2020-12-13,domingo,13:30:00,PE,428,"54,9",SANTA MARIA DA BOA VISTA,Velocidade Incompatível,Saída de leito carroçável,Com Vítimas Fatais,Pleno dia,Decrescente,Sol,Simples,Curva,Não,1,1,0,0,0,0,0,1,"-8,61293109","-39,65428303",SPRF-PE,DEL06-PE,UOP03-DEL06-PE
327659,2020-12-13,domingo,15:10:00,PE,424,"96,1",GARANHUNS,Falta de Atenção à Condução,Colisão transversal,Com Vítimas Fatais,Pleno dia,Crescente,Céu Claro,Simples,Aclive,Não,2,1,0,0,0,1,0,2,"-8,93022089","-36,49644306",SPRF-PE,DEL03-PE,UOP01-DEL03-PE
327660,2020-12-13,domingo,14:30:00,PE,104,22,TAQUARITINGA DO NORTE,Ingestão de Álcool,Colisão traseira,Sem Vítimas,Pleno dia,Decrescente,Céu Claro,Simples,Reta,Não,2,0,0,0,1,1,0,2,"-7,967257","-36,116974",SPRF-PE,DEL02-PE,UOP01-DEL02-PE
327696,2020-12-13,domingo,18:20:00,PE,101,50,ABREU E LIMA,Falta de Atenção do Pedestre,Atropelamento de Pedestre,Sem Vítimas,Plena Noite,Crescente,Nublado,Dupla,Reta,Sim,1,0,0,0,1,0,0,1,"-7,90938602","-34,90123228",SPRF-PE,DEL01-PE,UOP02-DEL01-PE
327708,2020-12-13,domingo,19:30:00,PE,101,"0,4",GOIANA,Falta de Atenção à Condução,Saída de leito carroçável,Com Vítimas Feridas,Plena Noite,Decrescente,Nublado,Múltipla,Reta,Não,1,0,1,0,0,0,1,1,"-7,5001955","-34,985073",SPRF-PE,DEL01-PE,UOP02-DEL01-PE
327734,2020-12-13,domingo,21:10:00,PE,101,96,CABO DE SANTO AGOSTINHO,Ingestão de Álcool,Colisão lateral,Sem Vítimas,Plena Noite,Crescente,Nublado,Dupla,Reta;Declive                  ,Sim,2,0,0,0,2,0,0,2,"-8,25146993","-35,021805",SPRF-PE,DEL01-PE,UOP03-DEL01-PE
327757,2020-12-13,domingo,22:30:00,PE,101,51,ABREU E LIMA,Falta de Atenção à Condução,Colisão traseira,Com Vítimas Feridas,Plena Noite,Crescente,Chuva,Dupla,Reta,Sim,2,0,1,0,0,1,1,2,"-7,9169968","-34,89689272",SPRF-PE,DEL01-PE,UOP02-DEL01-PE
327781,2020-12-13,domingo,21:00:00,PE,428,"178,9",PETROLINA,Objeto estático sobre o leito carroçável,Tombamento,Com Vítimas Feridas,Plena Noite,Decrescente,Céu Claro,Simples,Reta,Não,1,0,0,1,0,0,1,1,"-9,30251606","-40,45091987",SPRF-PE,DEL06-PE,UOP01-DEL06-PE
327800,2020-12-14,segunda-feira,02:50:00,PE,232,"12,5",JABOATAO DOS GUARARAPES,Defeito Mecânico no Veículo,Incêndio,Sem Vítimas,Plena Noite,Crescente,Nublado,Dupla,Reta,Não,1,0,0,0,1,0,0,1,"-8,08577691","-35,00345603",SPRF-PE,DEL01-PE,UOP01-DEL01-PE
327925,2020-12-14,segunda-feira,17:10:00,PE,408,100,SAO LOURENCO DA MATA,Falta de Atenção à Condução,Saída de leito carroçável,Com Vítimas Feridas,Anoitecer,Decrescente,Céu Claro,Dupla,Reta,Sim,1,0,1,0,0,0,1,1,"-8,04364056","-35,01674995",SPRF-PE,DEL01-PE,UOP01-DEL01-PE
327928,2020-12-14,segunda-feira,16:54:00,PE,101,"47,8",IGARASSU,Falta de Atenção à Condução,Colisão traseira,Sem Vítimas,Anoitecer,Crescente,Nublado,Dupla,Reta,Sim,2,0,0,0,2,0,0,2,"-7,88290701","-34,90461208",SPRF-PE,DEL01-PE,UOP02-DEL01-PE
327943,2020-12-14,segunda-feira,19:30:00,PE,232,"12,7",JABOATAO DOS GUARARAPES,Defeito na Via,Saída de leito carroçável,Com Vítimas Feridas,Plena Noite,Crescente,Céu Claro,Dupla,Reta,Não,1,0,1,0,0,0,1,1,"-8,08577691","-35,00345603",SPRF-PE,DEL01-PE,UOP01-DEL01-PE
327948,2020-12-14,segunda-feira,18:50:00,PE,232,118,CARUARU,Animais na Pista,Atropelamento de Animal,Sem Vítimas,Plena Noite,Crescente,Céu Claro,Dupla,Reta,Não,1,0,0,0,1,0,0,1,"-8,29431633","-35,88437194",SPRF-PE,DEL02-PE,UOP03-DEL02-PE
328017,2020-12-15,terça-feira,07:00:00,PE,104,68,CARUARU,Desobediência às normas de trânsito pelo condutor,Colisão lateral,Com Vítimas Feridas,Pleno dia,Decrescente,Céu Claro,Dupla,Curva,Sim,4,0,0,1,2,1,1,2,"-8,3107","-35,9904",SPRF-PE,DEL02-PE,UOP01-DEL02-PE
328041,2020-12-15,terça-feira,11:10:00,PE,407,"128,9",PETROLINA,Desobediência às normas de trânsito pelo condutor,Colisão transversal,Com Vítimas Feridas,Pleno dia,Decrescente,Sol,Simples,Rotatória,Sim,2,0,1,0,1,0,1,2,"-9,39869168","-40,50486793",SPRF-PE,DEL06-PE,UOP01-DEL06-PE