id,data_inversa,dia_semana,horario,uf,br,km,municipio,causa_acidente,tipo_acidente,classificacao_acidente,fase_dia,sentido_via,condicao_metereologica,tipo_pista,tracado_via,uso_solo,pessoas,mortos,feridos_leves,feridos_graves,ilesos,ignorados,feridos,veiculos,latitude,longitude,regional,delegacia,uop
328123,2020-12-15,terça-feira,18:22:00,PE,104,"79,2",AGRESTINA,Falta de Atenção à Condução,Colisão transversal,Com Vítimas Feridas,Plena Noite,Crescente,Nublado,Simples,Reta,Não,2,0,1,0,1,0,1,2,"-8,389074","-35,974712",SPRF-PE,DEL02-PE,UOP01-DEL02-PE
328177,2020-12-16,quarta-feira,03:30:00,PE,104,"29,7",TORITAMA,Falta de Atenção à Condução,Saída de leito carroçável,Com Vítimas Feridas,Plena Noite,Decrescente,Céu Claro,Simples,Reta,Sim,5,0,3,0,2,0,3,2,"-8,00679173","-36,06897354",SPRF-PE,DEL02-PE,UOP01-DEL02-PE
328184,2020-12-16,quarta-feira,06:20:00,PE,101,"48,1",ABREU E LIMA,Falta de Atenção à Condução,Colisão traseira,Com Vítimas Feridas,Pleno dia,Crescente,Sol,Múltipla,Reta,Sim,2,0,1,0,1,0,1,2,"-7,89380952","-34,90337502",SPRF-PE,DEL01-PE,UOP02-DEL01-PE
328188,2020-12-16,quarta-feira,06:25:00,PE,232,8,RECIFE,Falta de Atenção à Condução,Colisão lateral,Sem Vítimas,Pleno dia,Crescente,Céu Claro,Dupla,Reta,Sim,3,0,0,0,0,3,0,2,"-8,07583727","-34,97015791",SPRF-PE,DEL01-PE,UOP01-DEL01-PE
328196,2020-12-16,quarta-feira,07:30:00,PE,428,184,PETROLINA,Desobediência às normas de trânsito pelo condutor,Colisão transversal,Com Vítimas Feridas,Pleno dia,Crescente,Céu Claro,Simples,Interseção de Vias,Sim,2,0,2,0,0,0,2,2,"-9,33211208","-40,46621385",SPRF-PE,DEL06-PE,UOP01-DEL06-PE
328218,2020-12-16,quarta-feira,09:15:00,PE,408,"99,7",SAO LOURENCO DA MATA,Defeito na Via,Saída de leito carroçável,Com Vítimas Feridas,Pleno dia,Crescente,Céu Claro,Dupla,Aclive,Não,1,0,1,0,0,0,1,1,"-8,04133634","-35,02531212",SPRF-PE,DEL01-PE,UOP01-DEL01-PE
328256,2020-12-13,domingo,07:00:00,PE,232,140,SAO CAITANO,Falta de Atenção à Condução,Colisão traseira,Com Vítimas Feridas,Pleno dia,Decrescente,Sol,Dupla,Reta,Não,3,0,1,0,2,0,1,2,"-8,32046632","-36,07694496",SPRF-PE,DEL02-PE,UOP03-DEL02-PE
328307,2020-12-16,quarta-feira,17:30:00,PE,101,"66,8",RECIFE,Falta de Atenção à Condução,Colisão traseira,Com Vítimas Feridas,Plena Noite,Crescente,Céu Claro,Dupla,Reta,Sim,2,0,1,0,1,0,1,2,"-8,03840344","-34,9418897",SPRF-PE,DEL01-PE,UOP01-DEL01-PE
328311,2020-12-16,quarta-feira,16:00:00,PE,407,120,PETROLINA,Desobediência às normas de trânsito pelo condutor,Colisão traseira,Com Vítimas Feridas,Pleno dia,Decrescente,Céu Claro,Simples,Reta,Não,2,0,1,0,1,0,1,2,"-9,33807091","-40,55965785",SPRF-PE,DEL06-PE,UOP01-DEL06-PE
328339,2020-12-16,quarta-feira,19:00:00,PE,408,"86,5",PAUDALHO,Animais na Pista,Atropelamento de Animal,Com Vítimas Feridas,Plena Noite,Crescente,Nublado,Dupla,Reta,Não,1,0,0,1,0,0,1,1,"-7,96010995","-35,09554697",SPRF-PE,DEL01-PE,UOP01-DEL01-PE
328368,2020-12-16,quarta-feira,20:00:00,PE,232,"342,8",CUSTODIA,Deficiência ou não Acionamento do Sistema de Iluminação/Sinalização do Veículo,Colisão traseira,Com Vítimas Fatais,Plena Noite,Crescente,Chuva,Simples,Reta,Não,2,1,0,0,0,1,0,2,"-8,08800862","-37,71457501",SPRF-PE,DEL03-PE,UOP02-DEL03-PE
328403,2020-12-17,quinta-feira,07:00:00,PE,232,"8,2",RECIFE,Falta de Atenção à Condução,Colisão lateral,Com Vítimas Feridas,Pleno dia,Decrescente,Céu Claro,Dupla,Reta,Sim,3,0,1,0,2,0,1,2,"-8,07583727","-34,97015791",SPRF-PE,DEL01-PE,UOP01-DEL01-PE
328405,2020-12-17,quinta-feira,07:30:00,PE,101,"43,4",IGARASSU,Não guardar distância de segurança,Colisão traseira,Com Vítimas Feridas,Pleno dia,Crescente,Céu Claro,Múltipla,Reta,Sim,2,0,1,0,1,0,1,2,"-7,84753808","-34,90977038",SPRF-PE,DEL01-PE,UOP02-DEL01-PE
328413,2020-12-17,quinta-feira,07:40:00,PE,101,"67,3",RECIFE,Falta de Atenção à Condução,Colisão lateral,Com Vítimas Feridas,Pleno dia,Crescente,Sol,Múltipla,Reta,Sim,3,0,2,0,0,1,2,2,"-8,042334","-34,943096",SPRF-PE,DEL01-PE,UOP01-DEL01-PE
328437,2020-12-17,quinta-feira,10:20:00,PE,232,132,CARUARU,Ingestão de Álcool,Colisão traseira,Com Vítimas Feridas,Pleno dia,Crescente,Sol,Múltipla,Aclive,Sim,2,0,1,0,1,0,1,2,"-8,3036244","-36,00710089",SPRF-PE,DEL02-PE,UOP03-DEL02-PE
328484,2020-12-17,quinta-feira,14:20:00,PE,101,70,RECIFE,Desobediência às normas de trânsito pelo condutor,Colisão transversal,Com Vítimas Feridas,Pleno dia,Crescente,Sol,Múltipla,Reta,Sim,2,0,1,0,1,0,1,2,"-8,06776119","-34,94265074",SPRF-PE,DEL01-PE,UOP01-DEL01-PE
328501,2020-12-17,quinta-feira,14:55:00,PE,101,54,PAULISTA,Falta de Atenção à Condução,Queda de ocupante de veículo,Com Vítimas Feridas,Pleno dia,Decrescente,Céu Claro,Dupla,Reta,Sim,1,0,1,0,0,0,1,1,"-7,93961103","-34,90356584",SPRF-PE,DEL01-PE,UOP02-DEL01-PE
328517,2020-12-17,quinta-feira,17:20:00,PE,232,5,RECIFE,Falta de Atenção à Condução,Colisão lateral,Com Vítimas Feridas,Anoitecer,Crescente,Céu Claro,Múltipla,Aclive,Sim,3,0,2,0,1,0,2,2,"-8,06795766","-34,94535414",SPRF-PE,DEL01-PE,UOP01-DEL01-PE
328521,2020-12-17,quinta-feira,16:40:00,PE,101,"50,8",ABREU E LIMA,Falta de Atenção à Condução,Colisão transversal,Com Vítimas Feridas,Pleno dia,Crescente,Céu Claro,Múltipla,Retorno Regulamentado,Sim,2,0,1,0,0,1,1,2,"-7,90938602","-34,90123228",SPRF-PE,DEL01-PE,UOP02-DEL01-PE
328567,2020-12-17,quinta-feira,22:30:00,PE,232,"71,6",GRAVATA,Falta de Atenção à Condução,Colisão com objeto estático,Com Vítimas Feridas,Plena Noite,Decrescente,Céu Claro,Dupla,Reta,Não,1,0,1,0,0,0,1,1,"-8,18601491","-35,49768448",SPRF-PE,DEL02-PE,UOP02-DEL02PE
328723,2020-12-18,sexta-feira,18:15:00,PE,232,"77,2",GRAVATA,Ingestão de Álcool,Colisão transversal,Com Vítimas Feridas,Plena Noite,Decrescente,Céu Claro,Simples,Reta,Sim,2,0,1,0,1,0,1,2,"-8,19343863","-35,54300692",SPRF-PE,DEL02-PE,UOP02-DEL02PE
328739,2020-12-18,sexta-feira,20:12:00,PE,101,"159,9",GAMELEIRA,Ingestão de Álcool,Saída de leito carroçável,Com Vítimas Feridas,Plena Noite,Decrescente,Céu Claro,Dupla,Curva,Não,4,0,4,0,0,0,4,1,"-8,55252537","-35,41389482",SPRF-PE,DEL01-PE,UOP03-DEL01-PE
328774,2020-12-19,sábado,00:00:00,PE,232,79,GRAVATA,Desobediência às normas de trânsito pelo condutor,Colisão frontal,Com Vítimas Fatais,Plena Noite,Decrescente,Céu Claro,Simples,Aclive,Sim,4,1,1,0,0,2,1,3,"-8,19460572","-35,56074803",SPRF-PE,DEL02-PE,UOP02-DEL02PE
328778,2020-12-18,sexta-feira,22:10:00,PE,232,150,SAO CAITANO,Desobediência às normas de trânsito pelo condutor,Colisão frontal,Com Vítimas Feridas,Plena Noite,Crescente,Céu Claro,Simples,Curva;Aclive                  ,Não,2,0,0,1,1,0,1,2,"-8,32712286","-36,16299497",SPRF-PE,DEL02-PE,UOP03-DEL02-PE
328811,2020-12-19,sábado,06:00:00,PE,101,43,IGARASSU,Falta de Atenção à Condução,Colisão traseira,Sem Vítimas,Pleno dia,Crescente,Sol,Múltipla,Reta,Sim,2,0,0,0,2,0,0,2,"-7,84753808","-34,90977038",SPRF-PE,DEL01-PE,UOP02-DEL01-PE
328830,2020-12-19,sábado,07:40:00,PE,101,"74,5",RECIFE,Falta de Atenção à Condução,Engavetamento,Com Vítimas Feridas,Pleno dia,Decrescente,Céu Claro,Dupla,Curva,Sim,6,0,1,0,5,0,1,4,"-8,105831","-34,948625",SPRF-PE,DEL01-PE,UOP01-DEL01-PE
328833,2020-12-19,sábado,08:09:00,PE,101,87,CABO DE SANTO AGOSTINHO,Falta de Atenção à Condução,Engavetamento,Sem Vítimas,Pleno dia,Crescente,Céu Claro,Múltipla,Reta,Sim,3,0,0,0,3,0,0,3,"-8,19120206","-34,97449985",SPRF-PE,DEL01-PE,UOP03-DEL01-PE
328877,2020-12-19,sábado,10:40:00,PE,101,46,IGARASSU,Falta de Atenção à Condução,Colisão lateral,Com Vítimas Feridas,Pleno dia,Crescente,Céu Claro,Múltipla,Reta,Não,3,0,1,0,1,1,1,2,"-7,87406004","-34,90588126",SPRF-PE,DEL01-PE,UOP02-DEL01-PE
328888,2020-12-19,sábado,11:35:00,PE,424,"98,8",GARANHUNS,Ingestão de Álcool,Colisão lateral,Com Vítimas Feridas,Pleno dia,Crescente,Céu Claro,Simples,Reta,Não,2,0,1,0,0,1,1,2,"-8,951714","-36,507836",SPRF-PE,DEL03-PE,UOP01-DEL03-PE
328902,2020-12-19,sábado,13:30:00,PE,101,"68,1",RECIFE,Falta de Atenção à Condução,Colisão traseira,Com Vítimas Feridas,Pleno dia,Decrescente,Sol,Simples,Rotatória,Sim,3,0,2,0,0,1,2,2,"-8,051976","-34,945903",SPRF-PE,DEL01-PE,UOP01-DEL01-PE
328904,2020-11-29,domingo,05:40:00,PE,101,25,IGARASSU,Velocidade Incompatível,Saída de leito carroçável,Com Vítimas Fatais,Pleno dia,Crescente,Sol,Dupla,Curva,Não,1,1,0,0,0,0,0,1,"-7,7009082","-34,9229207",SPRF-PE,DEL01-PE,UOP02-DEL01-PE
328915,2020-12-19,sábado,14:30:00,PE,101,"51,6",PAULISTA,Falta de Atenção à Condução,Colisão traseira,Com Vítimas Feridas,Pleno dia,Decrescente,Sol,Dupla,Reta,Sim,2,0,0,1,1,0,1,2,"-7,9169968","-34,89689272",SPRF-PE,DEL01-PE,UOP02-DEL01-PE
328936,2020-12-19,sábado,16:00:00,PE,232,173,BELO JARDIM,Falta de Atenção à Condução,Saída de leito carroçável,Com Vítimas Feridas,Pleno dia,Crescente,Céu Claro,Simples,Aclive,Não,1,0,1,0,0,0,1,1,"-8,33916255","-36,36917103",SPRF-PE,DEL02-PE,UOP03-DEL02-PE
328937,2020-12-19,sábado,14:30:00,PE,408,"65,1",CARPINA,Velocidade Incompatível,Saída de leito carroçável,Sem Vítimas,Pleno dia,Decrescente,Céu Claro,Múltipla,Reta,Sim,1,0,0,0,0,1,0,1,"-7,85059029","-35,23198016",SPRF-PE,DEL01-PE,UOP01-DEL01-PE
328940,2020-12-19,sábado,15:00:00,PE,232,149,SAO CAITANO,Ingestão de Álcool,Colisão com objeto estático,Com Vítimas Feridas,Pleno dia,Crescente,Céu Claro,Simples,Reta,Não,1,0,1,0,0,0,1,1,"-8,32744699","-36,15405",SPRF-PE,DEL02-PE,UOP03-DEL02-PE
329003,2020-12-19,sábado,19:25:00,PE,428,191,PETROLINA,Ingestão de Álcool,Colisão traseira,Sem Vítimas,Plena Noite,Crescente,Nublado,Dupla,Reta,Sim,2,0,0,0,1,1,0,2,"-9,37766429","-40,50269795",SPRF-PE,DEL06-PE,UOP01-DEL06-PE
329045,2020-12-19,sábado,21:00:00,PE,232,414,SERRA TALHADA,Ingestão de Álcool,Colisão traseira,Sem Vítimas,Plena Noite,Decrescente,Céu Claro,Simples,Reta,Sim,3,0,0,0,3,0,0,2,"-7,99236282","-38,33750809",SPRF-PE,DEL04-PE,UOP01-DEL04-PE
329050,2020-12-19,sábado,22:40:00,PE,101,45,IGARASSU,Ingestão de Álcool,Colisão frontal,Com Vítimas Feridas,Plena Noite,Decrescente,Vento,Múltipla,Declive,Sim,2,0,1,0,1,0,1,2,"-7,86521297","-34,90715176",SPRF-PE,DEL01-PE,UOP02-DEL01-PE
329061,2020-12-19,sábado,23:00:00,PE,101,"66,8",RECIFE,Velocidade Incompatível,Colisão traseira,Com Vítimas Feridas,Plena Noite,Decrescente,Garoa/Chuvisco,Dupla,Reta,Sim,3,0,2,0,1,0,2,2,"-8,041156","-34,942653",SPRF-PE,DEL01-PE,UOP01-DEL01-PE
329097,2020-12-20,domingo,01:10:00,PE,232,"23,5",MORENO,Defeito Mecânico no Veículo,Saída de leito carroçável,Com Vítimas Fatais,Plena Noite,Crescente,Chuva,Dupla,Reta,Não,7,2,2,3,0,0,5,1,"-8,0992185","-35,09713887",SPRF-PE,DEL02-PE,UOP02-DEL02PE
329119,2020-12-20,domingo,03:30:00,PE,232,110,BEZERROS,Velocidade Incompatível,Saída de leito carroçável,Com Vítimas Fatais,Plena Noite,Crescente,Chuva,Dupla,Curva,Não,3,1,0,2,0,0,2,1,"-8,28634529","-35,81755579",SPRF-PE,DEL02-PE,UOP03-DEL02-PE
329173,2020-12-20,domingo,09:00:00,PE,428,"191,5",PETROLINA,Falta de Atenção à Condução,Colisão frontal,Com Vítimas Feridas,Pleno dia,Decrescente,Sol,Simples,Interseção de Vias,Sim,2,0,1,0,1,0,1,2,"-9,38438721","-40,51911419",SPRF-PE,DEL06-PE,UOP01-DEL06-PE
329174,2020-12-20,domingo,09:00:00,PE,428,188,PETROLINA,Velocidade Incompatível,Colisão com objeto estático,Com Vítimas Feridas,Pleno dia,Decrescente,Sol,Simples,Rotatória,Sim,1,0,0,1,0,0,1,1,"-9,37505569","-40,4886961",SPRF-PE,DEL06-PE,UOP01-DEL06-PE
329176,2020-12-20,domingo,08:00:00,PE,101,"96,6",CABO DE SANTO AGOSTINHO,Defeito Mecânico no Veículo,Incêndio,Sem Vítimas,Pleno dia,Crescente,Céu Claro,Dupla,Reta,Não,1,0,0,0,1,0,0,1,"-8,25146993","-35,021805",SPRF-PE,DEL01-PE,UOP03-DEL01-PE
329182,2020-12-20,domingo,10:00:00,PE,232,"200,5",SANHARO,Ingestão de Álcool,Saída de leito carroçável,Com Vítimas Feridas,Pleno dia,Decrescente,Céu Claro,Simples,Aclive,Não,2,0,1,1,0,0,2,1,"-8,37040756","-36,60754002",SPRF-PE,DEL02-PE,UOP03-DEL02-PE
329204,2020-12-20,domingo,12:00:00,PE,101,"69,7",RECIFE,Falta de Atenção à Condução,Saída de leito carroçável,Com Vítimas Feridas,Pleno dia,Crescente,Céu Claro,Simples,Curva,Não,1,0,0,1,0,0,1,1,"-8,05951606","-34,94581024",SPRF-PE,DEL01-PE,UOP01-DEL01-PE
329228,2020-12-20,domingo,00:10:00,PE,101,81,JABOATAO DOS GUARARAPES,Animais na Pista,Atropelamento de Animal,Com Vítimas Feridas,Plena Noite,Decrescente,Céu Claro,Dupla,Reta,Sim,1,0,1,0,0,0,1,1,"-8,1597489","-34,94024569",SPRF-PE,DEL01-PE,UOP03-DEL01-PE
329256,2020-12-20,domingo,17:00:00,PE,104,67,CARUARU,Ingestão de Álcool,Colisão traseira,Sem Vítimas,Pleno dia,Decrescente,Céu Claro,Dupla,Reta,Sim,2,0,0,0,2,0,0,2,"-8,3016","-35,9882",SPRF-PE,DEL02-PE,UOP01-DEL02-PE
329309,2020-12-20,domingo,18:40:00,PE,101,"45,6",IGARASSU,Velocidade Incompatível,Atropelamento de Pedestre,Com Vítimas Fatais,Plena Noite,Crescente,Céu Claro,Múltipla,Reta,Sim,2,1,0,0,0,1,0,2,"-7,86521297","-34,90715176",SPRF-PE,DEL01-PE,UOP02-DEL01-PE
329354,2020-12-20,domingo,22:30:00,PE,428,"10,5",CABROBO,Ingestão de Álcool,Colisão com objeto estático,Com Vítimas Feridas,Plena Noite,Crescente,Céu Claro,Simples,Reta,Sim,1,0,0,1,0,0,1,1,"-8,5091915","-39,30745984",SPRF-PE,DEL05-PE,UOP03-DEL05-PE
329398,2020-12-20,domingo,23:00:00,PE,407,"92,4",PETROLINA,Falta de Atenção à Condução,Capotamento,Com Vítimas Fatais,Plena Noite,Decrescente,Céu Claro,Simples,Reta;Declive                  ,Não,1,1,0,0,0,0,0,1,"-9,11550286","-40,64329326",SPRF-PE,DEL06-PE,UOP02-DEL06-PE
329520,2020-12-21,segunda-feira,12:15:00,PE,116,29,SALGUEIRO,Desobediência às normas de trânsito pelo condutor,Colisão frontal,Com Vítimas Feridas,Pleno dia,Crescente,Céu Claro,Simples,Reta,Não,6,0,3,2,1,0,5,2,"-8,09494","-39,124596",SPRF-PE,DEL05-PE,UOP01-DEL05-PE
329596,2020-12-21,segunda-feira,22:00:00,PE,104,"68,7",CARUARU,Ingestão de Álcool,Saída de leito carroçável,Com Vítimas Fatais,Plena Noite,Decrescente,Céu Claro,Dupla,Reta,Não,1,1,0,0,0,0,0,1,"-8,3107","-35,9904",SPRF-PE,DEL02-PE,UOP01-DEL02-PE
329662,2020-12-22,terça-feira,09:00:00,PE,232,14,JABOATAO DOS GUARARAPES,Velocidade Incompatível,Colisão traseira,Com Vítimas Feridas,Pleno dia,Crescente,Sol,Dupla,Declive,Não,3,0,2,0,1,0,2,2,"-8,09025488","-35,02052302",SPRF-PE,DEL01-PE,UOP01-DEL01-PE
329875,2020-12-23,quarta-feira,08:20:00,PE,232,"5,4",RECIFE,Falta de Atenção à Condução,Colisão traseira,Com Vítimas Feridas,Pleno dia,Decrescente,Céu Claro,Dupla,Reta,Sim,2,0,1,0,1,0,1,2,"-8,06795766","-34,94535414",SPRF-PE,DEL01-PE,UOP01-DEL01-PE
329903,2020-12-23,quarta-feira,09:30:00,PE,101,101,CABO DE SANTO AGOSTINHO,Falta de Atenção do Pedestre,Atropelamento de Pedestre,Sem Vítimas,Pleno dia,Decrescente,Céu Claro,Simples,Reta,Sim,2,0,0,0,1,1,0,2,"-8,28825709","-35,04044294",SPRF-PE,DEL01-PE,UOP03-DEL01-PE
330037,2020-12-23,quarta-feira,20:00:00,PE,316,28,ARARIPINA,Não guardar distância de segurança,Colisão traseira,Com Vítimas Feridas,Plena Noite,Crescente,Nublado,Simples,Aclive,Não,4,0,1,0,2,1,1,2,"-7,61746864","-40,48060285",SPRF-PE,DEL05-PE,UOP02-DEL05-PE
330054,2020-12-23,quarta-feira,21:00:00,PE,101,87,JABOATAO DOS GUARARAPES,Desobediência às normas de trânsito pelo condutor,Colisão frontal,Sem Vítimas,Plena Noite,Decrescente,Céu Claro,Simples,Reta,Sim,2,0,0,0,1,1,0,2,"-8,20401459","-34,961586",SPRF-PE,DEL01-PE,UOP03-DEL01-PE
330077,2020-12-23,quarta-feira,22:40:00,PE,101,"52,2",ABREU E LIMA,Não guardar distância de segurança,Colisão traseira,Com Vítimas Feridas,Plena Noite,Crescente,Céu Claro,Dupla,Curva,Não,3,0,1,0,1,1,1,2,"-7,92358799","-34,89607201",SPRF-PE,DEL01-PE,UOP02-DEL01-PE
330129,2020-12-24,quinta-feira,06:40:00,PE,101,"65,2",RECIFE,Não guardar distância de segurança,Colisão traseira,Com Vítimas Feridas,Pleno dia,Crescente,Céu Claro,Múltipla,Reta,Sim,2,0,1,0,0,1,1,2,"-8,027441","-34,943047",SPRF-PE,DEL01-PE,UOP01-DEL01-PE
330136,2020-12-24,quinta-feira,07:25:00,PE,408,"101,4",SAO LOURENCO DA MATA,Pista Escorregadia,Colisão com objeto estático,Com Vítimas Feridas,Pleno dia,Crescente,Chuva,Dupla,Reta,Não,3,0,3,0,0,0,3,2,"-8,04133634","-35,02531212",SPRF-PE,DEL01-PE,UOP01-DEL01-PE
330262,2020-12-24,quinta-feira,15:50:00,PE,101,"32,3",ITAPISSUMA,Restrição de Visibilidade,Saída de leito carroçável,Com Vítimas Feridas,Pleno dia,Crescente,Céu Claro,Dupla,Reta,Não,3,0,2,0,1,0,2,1,"-7,75294197","-34,93621562",SPRF-PE,DEL01-PE,UOP02-DEL01-PE
330370,2020-12-25,sexta-feira,01:15:00,PE,428,"140,4",PETROLINA,Falta de Atenção à Condução,Colisão com objeto estático,Sem Vítimas,Plena Noite,Decrescente,Céu Claro,Simples,Ponte,Sim,1,0,0,0,1,0,0,1,"-8,992364","-40,270164",SPRF-PE,DEL06-PE,UOP01-DEL06-PE
330372,2020-12-25,sexta-feira,02:35:00,PE,423,"60,4",LAJEDO,Ingestão de Álcool,Colisão traseira,Com Vítimas Feridas,Plena Noite,Crescente,Céu Claro,Simples,Reta,Sim,4,0,2,1,1,0,3,2,"-8,65394006","-36,32109791",SPRF-PE,DEL03-PE,UOP01-DEL03-PE
330393,2020-12-25,sexta-feira,05:30:00,PE,408,"96,8",SAO LOURENCO DA MATA,Velocidade Incompatível,Saída de leito carroçável,Com Vítimas Feridas,Amanhecer,Crescente,Céu Claro,Dupla,Reta,Não,1,0,1,0,0,0,1,1,"-8,02062","-35,041045",SPRF-PE,DEL01-PE,UOP01-DEL01-PE
330394,2020-12-25,sexta-feira,05:15:00,PE,101,"69,2",RECIFE,Defeito Mecânico no Veículo,Saída de leito carroçável,Com Vítimas Feridas,Amanhecer,Crescente,Chuva,Dupla,Reta,Sim,2,0,2,0,0,0,2,1,"-8,05951606","-34,94581024",SPRF-PE,DEL01-PE,UOP01-DEL01-PE
330403,2020-12-25,sexta-feira,06:35:00,PE,232,"32,9",VITORIA DE SANTO ANTAO,Falta de Atenção à Condução,Saída de leito carroçável,Com Vítimas Feridas,Pleno dia,Decrescente,Nublado,Dupla,Reta,Não,1,0,1,0,0,0,1,1,"-8,105511","-35,17424",SPRF-PE,DEL02-PE,UOP02-DEL02PE
330414,2020-12-25,sexta-feira,07:00:00,PE,232,"30,9",MORENO,Falta de Atenção à Condução,Colisão lateral,Com Vítimas Feridas,Pleno dia,Crescente,Céu Claro,Dupla,Declive;Curva                 ,Não,3,0,2,0,0,1,2,2,"-8,11063325","-35,15197001",SPRF-PE,DEL02-PE,UOP02-DEL02PE
330427,2020-12-25,sexta-feira,09:10:00,PE,428,"188,7",PETROLINA,Velocidade Incompatível,Colisão com objeto estático,Sem Vítimas,Pleno dia,Crescente,Sol,Simples,Reta,Sim,1,0,0,0,0,1,0,1,"-9,37622716","-40,4940176",SPRF-PE,DEL06-PE,UOP01-DEL06-PE
330464,2020-12-25,sexta-feira,10:44:00,PE,316,50,TRINDADE,Defeito Mecânico no Veículo,Incêndio,Sem Vítimas,Pleno dia,Decrescente,Céu Claro,Simples,Declive,Não,1,0,0,0,0,1,0,1,"-7,71748397","-40,32289498",SPRF-PE,DEL05-PE,UOP02-DEL05-PE
330467,2020-12-25,sexta-feira,14:10:00,PE,232,"38,1",VITORIA DE SANTO ANTAO,Falta de Atenção à Condução,Saída de leito carroçável,Com Vítimas Feridas,Pleno dia,Crescente,Céu Claro,Dupla,Reta,Não,3,0,3,0,0,0,3,1,"-8,11486109","-35,21852698",SPRF-PE,DEL02-PE,UOP02-DEL02PE
330470,2020-12-25,sexta-feira,15:00:00,PE,232,8,RECIFE,Falta de Atenção à Condução,Colisão lateral,Com Vítimas Feridas,Pleno dia,Crescente,Céu Claro,Simples,Reta,Sim,3,0,1,1,1,0,2,2,"-8,075782","-34,970468",SPRF-PE,DEL01-PE,UOP01-DEL01-PE
330481,2020-12-25,sexta-feira,15:45:00,PE,428,191,PETROLINA,Objeto estático sobre o leito carroçável,Colisão com objeto estático,Com Vítimas Feridas,Pleno dia,Decrescente,Céu Claro,Dupla,Reta,Sim,1,0,1,0,0,0,1,1,"-9,38179961","-40,51382672",SPRF-PE,DEL06-PE,UOP01-DEL06-PE
330535,2020-12-25,sexta-feira,17:20:00,PE,232,99,BEZERROS,Velocidade Incompatível,Capotamento,Com Vítimas Feridas,Plena Noite,Decrescente,Céu Claro,Dupla,Reta,Sim,2,0,2,0,0,0,2,1,"-8,2367277","-35,73401605",SPRF-PE,DEL02-PE,UOP02-DEL02PE
330545,2020-12-25,sexta-feira,22:10:00,PE,232,78,GRAVATA,Condutor Dormindo,Colisão com objeto estático,Com Vítimas Feridas,Plena Noite,Decrescente,Céu Claro,Múltipla,Reta,Sim,6,0,4,2,0,0,6,1,"-8,19343658","-35,55186505",SPRF-PE,DEL02-PE,UOP02-DEL02PE
330553,2020-12-25,sexta-feira,21:40:00,PE,232,"5,4",RECIFE,Falta de Atenção à Condução,Saída de leito carroçável,Sem Vítimas,Plena Noite,Decrescente,Céu Claro,Dupla,Reta,Sim,1,0,0,0,0,1,0,1,"-8,06958","-34,949424",SPRF-PE,DEL01-PE,UOP01-DEL01-PE
330580,2020-12-26,sábado,03:10:00,PE,407,"124,3",PETROLINA,Desobediência às normas de trânsito pelo condutor,Colisão frontal,Com Vítimas Feridas,Plena Noite,Crescente,Céu Claro,Dupla,Interseção de Vias,Sim,3,0,0,2,0,1,2,2,"-9,36929881","-40,54137139",SPRF-PE,DEL06-PE,UOP01-DEL06-PE
330636,2020-12-26,sábado,11:30:00,PE,101,76,RECIFE,Falta de Atenção à Condução,Colisão traseira,Com Vítimas Feridas,Pleno dia,Crescente,Céu Claro,Dupla,Curva,Sim,3,0,0,1,2,0,1,3,"-8,11813811","-34,94329214",SPRF-PE,DEL01-PE,UOP01-DEL01-PE
330661,2020-12-26,sábado,16:10:00,PE,104,28,TORITAMA,Falta de Atenção à Condução,Saída de leito carroçável,Com Vítimas Feridas,Pleno dia,Crescente,Sol,Simples,Reta,Não,4,0,3,0,0,1,3,2,"-8,0065","-36,0709",SPRF-PE,DEL02-PE,UOP01-DEL02-PE
330679,2020-12-26,sábado,18:20:00,PE,232,"109,8",BEZERROS,Falta de Atenção à Condução,Saída de leito carroçável,Com Vítimas Feridas,Plena Noite,Crescente,Céu Claro,Dupla,Curva,Não,1,0,1,0,0,0,1,1,"-8,28036785","-35,81085313",SPRF-PE,DEL02-PE,UOP03-DEL02-PE
330692,2020-12-26,sábado,17:15:00,PE,232,"88,9",GRAVATA,Condutor Dormindo,Colisão traseira,Com Vítimas Feridas,Anoitecer,Crescente,Céu Claro,Dupla,Reta,Não,3,0,1,0,2,0,1,2,"-8,215178","-35,637814",SPRF-PE,DEL02-PE,UOP02-DEL02PE
330694,2020-12-26,sábado,18:50:00,PE,101,"98,1",CABO DE SANTO AGOSTINHO,Desobediência às normas de trânsito pelo condutor,Colisão transversal,Com Vítimas Feridas,Plena Noite,Decrescente,Céu Claro,Dupla,Reta,Sim,2,0,0,1,1,0,1,2,"-8,273522","-35,02576",SPRF-PE,DEL01-PE,UOP03-DEL01-PE
330750,2020-12-27,domingo,01:30:00,PE,316,"29,7",ARARIPINA,Falta de Atenção à Condução,Capotamento,Sem Vítimas,Plena Noite,Crescente,Ignorado,Simples,Reta,Não,1,0,0,0,0,1,0,1,"-7,62085439","-40,47266074",SPRF-PE,DEL05-PE,UOP02-DEL05-PE
330762,2020-12-27,domingo,05:00:00,PE,101,190,PALMARES,Defeito Mecânico no Veículo,Capotamento,Com Vítimas Feridas,Amanhecer,Crescente,Chuva,Dupla,Reta,Não,2,0,1,1,0,0,2,1,"-8,69573052","-35,6103118",SPRF-PE,DEL01-PE,UOP03-DEL01-PE
330834,2020-12-27,domingo,13:15:00,PE,232,"24,3",MORENO,Falta de Atenção à Condução,Colisão lateral,Com Vítimas Feridas,Pleno dia,Decrescente,Céu Claro,Dupla,Retorno Regulamentado;Reta    ,Não,4,0,0,1,1,2,1,3,"-8,10482918","-35,10351264",SPRF-PE,DEL02-PE,UOP02-DEL02PE