id,data_inversa,dia_semana,horario,uf,br,km,municipio,causa_acidente,tipo_acidente,classificacao_acidente,fase_dia,sentido_via,condicao_metereologica,tipo_pista,tracado_via,uso_solo,pessoas,mortos,feridos_leves,feridos_graves,ilesos,ignorados,feridos,veiculos,latitude,longitude,regional,delegacia,uop
330940,2020-12-27,domingo,22:45:00,PE,232,"69,9",GRAVATA,Condutor Dormindo,Saída de leito carroçável,Com Vítimas Feridas,Plena Noite,Decrescente,Chuva,Simples,Curva,Não,1,0,1,0,0,0,1,1,"-8,17710503","-35,48036814",SPRF-PE,DEL02-PE,UOP02-DEL02PE
330967,2020-12-28,segunda-feira,06:20:00,PE,232,"6,3",RECIFE,Não guardar distância de segurança,Colisão traseira,Sem Vítimas,Pleno dia,Decrescente,Céu Claro,Dupla,Reta,Sim,5,0,0,0,5,0,0,5,"-8,07079525","-34,9535389",SPRF-PE,DEL01-PE,UOP01-DEL01-PE
330970,2020-12-28,segunda-feira,07:55:00,PE,101,43,IGARASSU,Agressão Externa,Colisão com objeto estático,Sem Vítimas,Pleno dia,Decrescente,Céu Claro,Múltipla,Retorno Regulamentado,Sim,2,0,0,0,2,0,0,2,"-7,84753808","-34,90977038",SPRF-PE,DEL01-PE,UOP02-DEL01-PE
330996,2020-12-28,segunda-feira,09:20:00,PE,104,68,CARUARU,Desobediência às normas de trânsito pelo condutor,Colisão lateral,Com Vítimas Feridas,Pleno dia,Decrescente,Céu Claro,Dupla,Reta,Não,2,0,1,0,1,0,1,2,"-8,3107","-35,9904",SPRF-PE,DEL02-PE,UOP01-DEL02-PE
331009,2020-12-28,segunda-feira,07:20:00,PE,101,"70,5",RECIFE,Falta de Atenção à Condução,Colisão traseira,Com Vítimas Feridas,Pleno dia,Crescente,Céu Claro,Dupla,Reta,Sim,3,0,1,0,2,0,1,1,"-8,06776119","-34,94265074",SPRF-PE,DEL01-PE,UOP01-DEL01-PE
331061,2020-12-28,segunda-feira,17:45:00,PE,101,120,ESCADA,Falta de Atenção à Condução,Saída de leito carroçável,Com Vítimas Feridas,Anoitecer,Crescente,Céu Claro,Múltipla,Reta,Não,1,0,1,0,0,0,1,1,"-8,35341615","-35,17830299",SPRF-PE,DEL01-PE,UOP03-DEL01-PE
331089,2020-12-28,segunda-feira,19:10:00,PE,101,92,CABO DE SANTO AGOSTINHO,Defeito Mecânico no Veículo,Colisão com objeto estático,Com Vítimas Feridas,Plena Noite,Decrescente,Céu Claro,Múltipla,Curva,Sim,1,0,1,0,0,0,1,1,"-8,23201792","-34,99778611",SPRF-PE,DEL01-PE,UOP03-DEL01-PE
331106,2020-12-28,segunda-feira,17:10:00,PE,101,85,JABOATAO DOS GUARARAPES,Defeito Mecânico no Veículo,Saída de leito carroçável,Com Vítimas Feridas,Anoitecer,Decrescente,Céu Claro,Múltipla,Reta,Não,3,0,0,1,2,0,1,2,"-8,17971749","-34,95798111",SPRF-PE,DEL01-PE,UOP03-DEL01-PE
331127,2020-11-20,sexta-feira,10:30:00,PE,407,"99,7",PETROLINA,Defeito Mecânico no Veículo,Colisão com objeto estático,Com Vítimas Feridas,Pleno dia,Decrescente,Céu Claro,Simples,Reta,Não,1,0,0,1,0,0,1,1,"-9,16794101","-40,63520122",SPRF-PE,DEL06-PE,UOP02-DEL06-PE
331146,2020-12-29,terça-feira,07:00:00,PE,428,"183,7",PETROLINA,Falta de Atenção à Condução,Colisão traseira,Com Vítimas Feridas,Pleno dia,Crescente,Céu Claro,Simples,Reta,Sim,2,0,1,1,0,0,2,2,"-9,32412987","-40,46211325",SPRF-PE,DEL06-PE,UOP01-DEL06-PE
331165,2020-12-13,domingo,19:20:00,PE,424,"76,2",CAETES,Falta de Atenção à Condução,Colisão lateral,Com Vítimas Feridas,Plena Noite,Decrescente,Nublado,Simples,Declive,Não,3,0,1,0,2,0,1,2,"-8,80996529","-36,5762862",SPRF-PE,DEL03-PE,UOP01-DEL03-PE
331173,2020-12-29,terça-feira,05:20:00,PE,424,"8,3",ARCOVERDE,Ingestão de Álcool,Saída de leito carroçável,Sem Vítimas,Pleno dia,Crescente,Céu Claro,Simples,Reta,Não,1,0,0,0,1,0,0,1,"-8,49209998","-37,02686998",SPRF-PE,DEL03-PE,UOP02-DEL03-PE
331192,2020-12-29,terça-feira,11:38:00,PE,101,"69,5",RECIFE,Falta de Atenção à Condução,Colisão lateral,Com Vítimas Feridas,Pleno dia,Crescente,Sol,Múltipla,Reta,Sim,2,0,1,0,1,0,1,2,"-8,05951606","-34,94581024",SPRF-PE,DEL01-PE,UOP01-DEL01-PE
331277,2020-12-29,terça-feira,18:25:00,PE,101,203,XEXEU,Desobediência às normas de trânsito pelo condutor,Colisão frontal,Com Vítimas Feridas,Plena Noite,Decrescente,Céu Claro,Dupla,Reta;Aclive                   ,Não,3,0,0,2,1,0,2,2,"-8,79726501","-35,62641334",SPRF-PE,DEL01-PE,UOP03-DEL01-PE
331278,2020-12-29,terça-feira,19:30:00,PE,428,190,PETROLINA,Desobediência às normas de trânsito pelo condutor,Colisão transversal,Com Vítimas Feridas,Plena Noite,Crescente,Céu Claro,Dupla,Interseção de Vias,Sim,2,0,1,0,1,0,1,2,"-9,37605965","-40,49382106",SPRF-PE,DEL06-PE,UOP01-DEL06-PE
331319,2020-12-30,quarta-feira,05:40:00,PE,408,73,PAUDALHO,Animais na Pista,Atropelamento de Animal,Com Vítimas Feridas,Amanhecer,Crescente,Céu Claro,Dupla,Declive,Sim,1,0,1,0,0,0,1,1,"-7,892066","-35,176026",SPRF-PE,DEL01-PE,UOP01-DEL01-PE
331358,2020-12-30,quarta-feira,09:20:00,PE,101,"155,8",RIBEIRAO,Defeito Mecânico no Veículo,Incêndio,Sem Vítimas,Pleno dia,Decrescente,Céu Claro,Dupla,Reta,Não,1,0,0,0,1,0,0,1,"-8,5370679","-35,3919616",SPRF-PE,DEL01-PE,UOP03-DEL01-PE
331363,2020-12-30,quarta-feira,09:00:00,PE,104,45,CARUARU,Condutor Dormindo,Saída de leito carroçável,Com Vítimas Feridas,Pleno dia,Crescente,Sol,Dupla,Reta,Não,2,0,1,1,0,0,2,1,"-8,1203","-35,999",SPRF-PE,DEL02-PE,UOP01-DEL02-PE
331371,2020-12-30,quarta-feira,11:30:00,PE,101,52,PAULISTA,Falta de Atenção à Condução,Colisão lateral,Com Vítimas Feridas,Pleno dia,Decrescente,Nublado,Dupla,Reta,Sim,2,0,1,0,1,0,1,2,"-7,92358799","-34,89607201",SPRF-PE,DEL01-PE,UOP02-DEL01-PE
331423,2020-12-30,quarta-feira,16:40:00,PE,232,204,PESQUEIRA,Ultrapassagem Indevida,Colisão frontal,Com Vítimas Feridas,Pleno dia,Crescente,Sol,Simples,Aclive,Não,5,0,5,0,0,0,5,2,"-8,37237557","-36,64377902",SPRF-PE,DEL02-PE,UOP03-DEL02-PE
331476,2020-12-30,quarta-feira,19:30:00,PE,408,66,CARPINA,Falta de Atenção à Condução,Colisão traseira,Sem Vítimas,Plena Noite,Decrescente,Nublado,Dupla,Reta,Sim,2,0,0,0,2,0,0,2,"-7,85456416","-35,22363707",SPRF-PE,DEL01-PE,UOP01-DEL01-PE
331550,2020-12-31,quinta-feira,07:40:00,PE,101,12,GOIANA,Pista Escorregadia,Capotamento,Com Vítimas Feridas,Pleno dia,Crescente,Chuva,Dupla,Reta,Não,2,0,1,0,0,1,1,1,"-7,60243605","-34,9793841",SPRF-PE,DEL01-PE,UOP02-DEL01-PE
331554,2020-12-31,quinta-feira,09:40:00,PE,101,"5,2",GOIANA,Acessar a via sem observar a presença dos outros veículos,Colisão transversal,Com Vítimas Fatais,Pleno dia,Decrescente,Céu Claro,Dupla,Reta,Não,4,1,1,0,2,0,1,2,"-7,541764","-34,991394",SPRF-PE,DEL01-PE,UOP02-DEL01-PE
331559,2020-12-31,quinta-feira,10:10:00,PE,101,"70,3",RECIFE,Falta de Atenção à Condução,Colisão transversal,Com Vítimas Feridas,Pleno dia,Crescente,Nublado,Múltipla,Curva,Sim,4,0,1,0,3,0,1,2,"-8,070481","-34,942647",SPRF-PE,DEL01-PE,UOP01-DEL01-PE
331574,2020-12-31,quinta-feira,10:30:00,PE,232,"57,9",POMBOS,Falta de Atenção à Condução,Colisão traseira,Com Vítimas Feridas,Pleno dia,Crescente,Chuva,Dupla,Reta,Não,6,0,1,2,3,0,3,2,"-8,1418034","-35,38334727",SPRF-PE,DEL02-PE,UOP02-DEL02PE
331604,2020-12-31,quinta-feira,14:55:00,PE,101,"49,9",ABREU E LIMA,Falta de Atenção à Condução,Colisão lateral,Com Vítimas Feridas,Pleno dia,Crescente,Sol,Dupla,Reta,Sim,3,0,1,0,1,1,1,3,"-7,9005152","-34,90180641",SPRF-PE,DEL01-PE,UOP02-DEL01-PE
331620,2020-12-31,quinta-feira,15:20:00,PE,101,"90,4",CABO DE SANTO AGOSTINHO,Falta de Atenção à Condução,Colisão transversal,Com Vítimas Feridas,Pleno dia,Decrescente,Nublado,Simples,Reta,Sim,2,0,1,0,1,0,1,2,"-8,21726693","-34,96501923",SPRF-PE,DEL01-PE,UOP03-DEL01-PE
331684,2020-12-31,quinta-feira,21:30:00,PE,232,"179,3",BELO JARDIM,Falta de Atenção à Condução,Colisão frontal,Com Vítimas Feridas,Plena Noite,Crescente,Garoa/Chuvisco,Simples,Reta,Sim,3,0,0,1,0,2,1,2,"-8,34353242","-36,4199731",SPRF-PE,DEL02-PE,UOP03-DEL02-PE
331685,2020-12-31,quinta-feira,22:30:00,PE,232,408,SERRA TALHADA,Desobediência às normas de trânsito pelo condutor,Colisão transversal,Com Vítimas Feridas,Plena Noite,Decrescente,Céu Claro,Simples,Declive,Sim,3,0,1,1,0,1,2,2,"-7,98371447","-38,28047709",SPRF-PE,DEL04-PE,UOP01-DEL04-PE
332448,2020-09-08,terça-feira,04:50:00,PE,101,40,IGARASSU,Animais na Pista,Atropelamento de Animal,Sem Vítimas,Pleno dia,Crescente,Ignorado,Dupla,Reta,Sim,2,0,0,0,0,2,0,1,"-7,821475","-34,916545",SPRF-PE,DEL01-PE,UOP02-DEL01-PE
339403,2020-11-16,segunda-feira,01:15:00,PE,316,"105,2",BODOCO,Falta de Atenção à Condução,Tombamento,Com Vítimas Feridas,Plena Noite,Crescente,Nublado,Simples,Reta,Não,32,0,21,3,8,0,24,1,"-7,95538676","-39,9055009",SPRF-PE,DEL05-PE,UOP02-DEL05-PE
341214,2020-11-28,sábado,10:30:00,PE,232,70,GRAVATA,Condutor Dormindo,Capotamento,Com Vítimas Feridas,Pleno dia,Crescente,Céu Claro,Dupla,Reta,Sim,1,0,0,1,0,0,1,1,"-8,19483963","-35,55587769",SPRF-PE,DEL02-PE,UOP02-DEL02PE
342077,2020-12-24,quinta-feira,14:00:00,PE,101,50,ABREU E LIMA,Falta de Atenção do Pedestre,Atropelamento de Pedestre,Com Vítimas Feridas,Pleno dia,Crescente,Céu Claro,Múltipla,Reta,Sim,2,0,0,1,1,0,1,2,"-7,90629526","-34,90215898",SPRF-PE,DEL01-PE,UOP02-DEL01-PE
344276,2020-09-21,segunda-feira,18:30:00,PE,232,413,SERRA TALHADA,Iluminação deficiente,Queda de ocupante de veículo,Sem Vítimas,Plena Noite,Crescente,Ignorado,Simples,Reta,Sim,1,0,0,0,0,1,0,1,"-7,98595804","-38,32484376",SPRF-PE,DEL04-PE,UOP01-DEL04-PE
345785,2020-02-17,segunda-feira,08:30:00,PE,101,"62,8",RECIFE,Desobediência às normas de trânsito pelo condutor,Colisão traseira,Sem Vítimas,Pleno dia,Crescente,Sol,Dupla,Reta,Sim,2,0,0,0,1,1,0,2,"-8,00800604","-34,93756535",SPRF-PE,DEL01-PE,UOP02-DEL01-PE
350613,2020-12-05,sábado,20:20:00,PE,407,129,PETROLINA,Condutor deixou de manter distância do veículo da frente,Colisão traseira,Com Vítimas Feridas,Plena Noite,Crescente,Ignorado,Dupla,Reta,Sim,2,0,0,1,0,1,1,2,"-9,40500666","-40,50426548",SPRF-PE,DEL06-PE,UOP01-DEL06-PE
354482,2020-10-28,quarta-feira,13:30:00,PE,423,"95,3",GARANHUNS,Mal Súbito,Colisão frontal,Com Vítimas Feridas,Pleno dia,Crescente,Nublado,Simples,Curva,Sim,2,0,1,0,1,0,1,2,"-8,87891989","-36,47796305",SPRF-PE,DEL03-PE,UOP01-DEL03-PE
358876,2020-03-05,quinta-feira,10:50:00,PE,232,"408,7",SERRA TALHADA,Desobediência às normas de trânsito pelo condutor,Colisão transversal,Com Vítimas Feridas,Pleno dia,Decrescente,Sol,Simples,Interseção de Vias,Não,3,0,0,2,0,1,2,2,"-7,98335397","-38,28252554",SPRF-PE,DEL04-PE,UOP01-DEL04-PE
375943,2020-07-24,sexta-feira,07:40:00,PE,428,138,LAGOA GRANDE,Ausência de reação do condutor,Capotamento,Com Vítimas Feridas,Pleno dia,Crescente,Ignorado,Simples,Reta,Não,3,0,0,1,0,2,1,2,"-8,98338872","-40,25496316",SPRF-PE,DEL06-PE,UOP03-DEL06-PE
384831,2020-10-19,segunda-feira,17:30:00,PE,104,28,TORITAMA,Condutor Dormindo,Colisão frontal,Com Vítimas Feridas,Anoitecer,Crescente,Nublado,Simples,Reta,Sim,6,0,3,3,0,0,6,2,"-8,0065","-36,0709",SPRF-PE,DEL02-PE,UOP01-DEL02-PE
387892,2020-05-21,quinta-feira,10:14:00,PE,104,21,TAQUARITINGA DO NORTE,Pista Escorregadia,Saída de leito carroçável,Com Vítimas Feridas,Pleno dia,Crescente,Chuva,Simples,Reta,Não,1,0,1,0,0,0,1,1,"-7,964189","-36,124378",SPRF-PE,DEL02-PE,UOP01-DEL02-PE
388252,2020-10-04,domingo,05:30:00,PE,101,51,ABREU E LIMA,Não guardar distância de segurança,Colisão traseira,Com Vítimas Feridas,Pleno dia,Decrescente,Céu Claro,Múltipla,Reta,Sim,2,0,0,1,1,0,1,2,"-7,9169968","-34,89689272",SPRF-PE,DEL01-PE,UOP02-DEL01-PE
443858,2020-04-09,quinta-feira,23:30:00,PE,104,106,CUPIRA,Trafegar com motocicleta (ou similar) entre as faixas,Colisão frontal,Com Vítimas Fatais,Plena Noite,Crescente,Céu Claro,Simples,Reta,Não,2,1,0,0,1,0,0,2,"-8,612906","-35,967182",SPRF-PE,DEL02-PE,UOP01-DEL02-PE
448894,2020-02-03,segunda-feira,07:10:00,PE,232,"412,3",SERRA TALHADA,Conversão proibida,Tombamento,Com Vítimas Feridas,Pleno dia,Decrescente,Garoa/Chuvisco,Simples,Reta,Sim,3,0,0,2,1,0,2,2,"-7,98377927","-38,3208774",SPRF-PE,DEL04-PE,UOP01-DEL04-PE
563955,2020-03-13,sexta-feira,19:00:00,PE,232,109,BEZERROS,Falta de Atenção à Condução,Saída de leito carroçável,Com Vítimas Feridas,Plena Noite,Crescente,Céu Claro,Dupla,Curva,Não,3,0,3,0,0,0,3,1,"-8,28036785","-35,81085313",SPRF-PE,DEL02-PE,UOP03-DEL02-PE
331952,2021-01-02,sábado,05:00:00,PE,424,"3,1",ARCOVERDE,Transitar na contramão,Colisão lateral,Com Vítimas Feridas,Amanhecer,Crescente,Céu Claro,Simples,Reta,Não,2,0,0,1,1,0,1,2,"-8,45381694","-37,0485949",SPRF-PE,DEL03-PE,UOP02-DEL03-PE
332459,2021-01-04,segunda-feira,15:30:00,PE,232,"171,9",BELO JARDIM,Transitar na contramão,Colisão frontal,Com Vítimas Fatais,Pleno dia,Crescente,Nublado,Simples,Reta;Aclive                   ,Não,3,1,0,0,2,0,0,3,"-8,34239456","-36,35216713",SPRF-PE,DEL02-PE,UOP03-DEL02-PE
332471,2021-01-04,segunda-feira,15:10:00,PE,101,119,IPOJUCA,Acostamento em desnível,Tombamento,Sem Vítimas,Pleno dia,Decrescente,Nublado,Dupla,Reta,Não,1,0,0,0,1,0,0,1,"-8,35291472","-35,16929901",SPRF-PE,DEL01-PE,UOP03-DEL01-PE
332750,2021-01-06,quarta-feira,12:05:00,PE,101,"139,3",RIBEIRAO,Condutor deixou de manter distância do veículo da frente,Colisão traseira,Com Vítimas Feridas,Pleno dia,Decrescente,Céu Claro,Dupla,Reta,Não,4,0,2,0,2,0,2,2,"-8,42830525","-35,32242771",SPRF-PE,DEL01-PE,UOP03-DEL01-PE
332782,2021-01-06,quarta-feira,11:40:00,PE,407,"129,9",PETROLINA,Manobra de mudança de faixa,Colisão com objeto,Com Vítimas Fatais,Pleno dia,Crescente,Céu Claro,Dupla,Ponte;Reta                    ,Sim,2,1,0,0,1,0,0,2,"-9,4078306","-40,50459298",SPRF-PE,DEL06-PE,UOP01-DEL06-PE
333041,2021-01-08,sexta-feira,03:00:00,PE,232,330,CUSTODIA,Ingestão de álcool pelo condutor,Colisão traseira,Com Vítimas Fatais,Plena Noite,Decrescente,Céu Claro,Simples,Reta,Não,2,1,0,0,0,1,0,2,"-8,09001886","-37,61071801",SPRF-PE,DEL03-PE,UOP02-DEL03-PE
333144,2021-01-08,sexta-feira,16:15:00,PE,101,67,RECIFE,Acessar a via sem observar a presença dos outros veículos,Colisão lateral mesmo sentido,Sem Vítimas,Pleno dia,Crescente,Céu Claro,Dupla,Interseção de Vias,Sim,2,0,0,0,2,0,0,2,"-8,042334","-34,943096",SPRF-PE,DEL01-PE,UOP01-DEL01-PE
333264,2021-01-09,sábado,06:00:00,PE,101,189,PALMARES,Acessar a via sem observar a presença dos outros veículos,Colisão traseira,Com Vítimas Feridas,Pleno dia,Crescente,Céu Claro,Dupla,Reta,Não,2,0,1,0,1,0,1,2,"-8,69036647","-35,60430503",SPRF-PE,DEL01-PE,UOP03-DEL01-PE
333509,2021-01-10,domingo,08:00:00,PE,316,355,PETROLANDIA,Ultrapassagem Indevida,Colisão frontal,Com Vítimas Feridas,Pleno dia,Crescente,Céu Claro,Simples,Reta,Não,6,0,0,4,1,1,4,3,"-8,89140761","-38,25779483",SPRF-PE,DEL04-PE,UOP03-DEL04-PE
334103,2021-01-12,terça-feira,23:00:00,PE,104,"127,3",PANELAS,Velocidade Incompatível,Colisão frontal,Com Vítimas Fatais,Plena Noite,Decrescente,Nublado,Simples,Curva;Declive                 ,Não,4,1,0,1,2,0,1,2,"-8,754761","-36,024864",SPRF-PE,DEL02-PE,UOP01-DEL02-PE
334374,2021-01-14,quinta-feira,14:20:00,PE,232,"101,7",BEZERROS,Mal súbito do condutor,Colisão traseira,Com Vítimas Feridas,Pleno dia,Decrescente,Céu Claro,Dupla,Declive;Reta                  ,Sim,3,0,2,0,1,0,2,2,"-8,24194679","-35,75097313",SPRF-PE,DEL02-PE,UOP02-DEL02PE
334378,2021-01-14,quinta-feira,15:27:00,PE,101,"48,5",ABREU E LIMA,Manobra de mudança de faixa,Colisão lateral mesmo sentido,Com Vítimas Feridas,Pleno dia,Decrescente,Céu Claro,Múltipla,Reta,Sim,3,0,1,0,0,2,1,3,"-7,89174705","-34,9033493",SPRF-PE,DEL01-PE,UOP02-DEL01-PE
334446,2021-01-15,sexta-feira,01:30:00,PE,428,"61,9",SANTA MARIA DA BOA VISTA,Ingestão de álcool pelo condutor,Colisão lateral,Com Vítimas Feridas,Plena Noite,Crescente,Céu Claro,Simples,Reta,Não,2,0,1,0,1,0,1,2,"-8,63437585","-39,71140213",SPRF-PE,DEL06-PE,UOP03-DEL06-PE
334579,2021-01-15,sexta-feira,13:05:00,PE,101,"50,9",ABREU E LIMA,Pedestre cruzava a pista fora da faixa,Colisão traseira,Com Vítimas Feridas,Pleno dia,Crescente,Céu Claro,Múltipla,Reta,Sim,3,0,0,1,1,1,1,3,"-7,9169968","-34,89689272",SPRF-PE,DEL01-PE,UOP02-DEL01-PE
334592,2021-01-15,sexta-feira,11:00:00,PE,316,247,BELEM DE SAO FRANCISCO,Ultrapassagem Indevida,Colisão lateral sentido oposto,Com Vítimas Feridas,Pleno dia,Crescente,Céu Claro,Simples,Declive,Não,3,0,2,0,1,0,2,2,"-8,66553272","-38,99467286",SPRF-PE,DEL05-PE,UOP03-DEL05-PE
335034,2021-01-17,domingo,16:40:00,PE,428,"119,7",LAGOA GRANDE,Acessar a via sem observar a presença dos outros veículos,Capotamento,Com Vítimas Feridas,Pleno dia,Crescente,Céu Claro,Simples,Reta,Não,7,0,5,0,1,1,5,3,"-8,92429277","-40,09832608",SPRF-PE,DEL06-PE,UOP03-DEL06-PE
335139,2021-01-18,segunda-feira,06:15:00,PE,101,"166,5",RIBEIRAO,Ausência de reação do condutor,Colisão com objeto,Com Vítimas Feridas,Pleno dia,Decrescente,Céu Claro,Dupla,Curva,Não,2,0,1,0,0,1,1,1,"-8,56126018","-35,46857977",SPRF-PE,DEL01-PE,UOP03-DEL01-PE
335365,2021-01-19,terça-feira,11:30:00,PE,101,"83,4",JABOATAO DOS GUARARAPES,Manobra de mudança de faixa,Colisão lateral mesmo sentido,Com Vítimas Feridas,Pleno dia,Crescente,Sol,Dupla,Retorno Regulamentado,Não,2,0,1,0,1,0,1,2,"-8,175172","-34,942642",SPRF-PE,DEL01-PE,UOP03-DEL01-PE
335472,2021-01-19,terça-feira,23:30:00,PE,101,130,ESCADA,Condutor deixou de manter distância do veículo da frente,Colisão traseira,Com Vítimas Feridas,Plena Noite,Crescente,Nublado,Dupla,Reta,Não,2,0,1,0,1,0,1,2,"-8,392345","-35,257055",SPRF-PE,DEL01-PE,UOP03-DEL01-PE
335574,2021-01-20,quarta-feira,14:30:00,PE,101,"122,9",ESCADA,Condutor deixou de manter distância do veículo da frente,Colisão traseira,Com Vítimas Feridas,Pleno dia,Decrescente,Céu Claro,Dupla,Reta,Não,2,0,1,0,1,0,1,2,"-8,35939636","-35,19500398",SPRF-PE,DEL01-PE,UOP03-DEL01-PE
335596,2021-01-20,quarta-feira,17:05:00,PE,232,411,SERRA TALHADA,Acessar a via sem observar a presença dos outros veículos,Colisão transversal,Com Vítimas Feridas,Pleno dia,Decrescente,Céu Claro,Simples,Reta,Sim,2,0,1,0,1,0,1,2,"-7,97976163","-38,31087404",SPRF-PE,DEL04-PE,UOP01-DEL04-PE
335629,2021-01-20,quarta-feira,20:05:00,PE,101,77,RECIFE,Velocidade Incompatível,Atropelamento de Pedestre,Com Vítimas Feridas,Plena Noite,Decrescente,Céu Claro,Dupla,Reta,Sim,5,0,0,2,1,2,2,2,"-8,126982","-34,94386",SPRF-PE,DEL01-PE,UOP01-DEL01-PE
335846,2021-01-22,sexta-feira,03:55:00,PE,101,"77,7",RECIFE,Entrada inopinada do pedestre,Atropelamento de Pedestre,Com Vítimas Fatais,Plena Noite,Decrescente,Céu Claro,Dupla,Reta,Sim,2,1,0,0,0,1,0,2,"-8,130989","-34,944929",SPRF-PE,DEL01-PE,UOP01-DEL01-PE
335938,2021-01-22,sexta-feira,16:30:00,PE,116,82,BELEM DE SAO FRANCISCO,Carga excessiva e/ou mal acondicionada,Tombamento,Com Vítimas Feridas,Pleno dia,Decrescente,Céu Claro,Dupla,Rotatória,Não,2,0,1,0,1,0,1,1,"-8,54875802","-39,22532777",SPRF-PE,DEL05-PE,UOP03-DEL05-PE
336124,2021-01-23,sábado,09:35:00,PE,101,"193,7",PALMARES,Chuva,Saída de leito carroçável,Sem Vítimas,Pleno dia,Crescente,Chuva,Dupla,Curva,Não,1,0,0,0,1,0,0,1,"-8,72157295","-35,60951373",SPRF-PE,DEL01-PE,UOP03-DEL01-PE
336423,2021-01-24,domingo,22:50:00,PE,101,36,ITAPISSUMA,Condutor Dormindo,Colisão traseira,Com Vítimas Feridas,Plena Noite,Crescente,Nublado,Dupla,Aclive;Reta                   ,Não,2,0,0,1,0,1,1,2,"-7,788367","-34,92981702",SPRF-PE,DEL01-PE,UOP02-DEL01-PE
336504,2021-01-25,segunda-feira,09:00:00,PE,408,"68,6",CARPINA,Manobra de mudança de faixa,Colisão lateral mesmo sentido,Com Vítimas Feridas,Pleno dia,Crescente,Céu Claro,Dupla,Reta,Não,7,0,0,1,5,1,1,2,"-7,86263797","-35,20765997",SPRF-PE,DEL01-PE,UOP01-DEL01-PE
336819,2021-01-26,terça-feira,22:40:00,PE,110,256,JATOBA,Animais na Pista,Atropelamento de Animal,Com Vítimas Feridas,Plena Noite,Crescente,Céu Claro,Simples,Reta,Não,2,0,1,0,1,0,1,1,"-9,26271509","-38,23011208",SPRF-BA,DEL07-BA,UOP01-DEL07-BA
336981,2021-01-28,quinta-feira,02:00:00,PE,101,157,GAMELEIRA,Acessar a via sem observar a presença dos outros veículos,Colisão traseira,Sem Vítimas,Plena Noite,Crescente,Nublado,Dupla,Reta,Não,3,0,0,0,1,2,0,3,"-8,55352976","-35,3964161",SPRF-PE,DEL01-PE,UOP03-DEL01-PE
336985,2021-01-28,quinta-feira,02:05:00,PE,104,30,TORITAMA,Iluminação deficiente,Colisão frontal,Com Vítimas Fatais,Plena Noite,Crescente,Céu Claro,Simples,Reta,Sim,2,1,0,0,1,0,0,2,"-8,00798164","-36,06090546",SPRF-PE,DEL02-PE,UOP01-DEL02-PE
337090,2021-01-28,quinta-feira,15:30:00,PE,423,"109,8",PARANATAMA,Acessar a via sem observar a presença dos outros veículos,Colisão traseira,Com Vítimas Feridas,Pleno dia,Crescente,Chuva,Simples,Declive,Não,2,0,1,0,1,0,1,2,"-8,888511","-36,599037",SPRF-PE,DEL03-PE,UOP01-DEL03-PE
337128,2021-01-28,quinta-feira,20:30:00,PE,232,"222,1",PESQUEIRA,Pista esburacada,Saída de leito carroçável,Com Vítimas Feridas,Plena Noite,Crescente,Nublado,Simples,Reta,Não,1,0,0,1,0,0,1,1,"-8,402492","-36,800259",SPRF-PE,DEL03-PE,UOP02-DEL03-PE
337156,2021-01-28,quinta-feira,19:20:00,PE,423,162,AGUAS BELAS,Mal súbito do condutor,Saída de leito carroçável,Com Vítimas Feridas,Plena Noite,Crescente,Céu Claro,Simples,Reta,Não,1,0,0,1,0,0,1,1,"-9,10003012","-36,99084592",SPRF-PE,DEL03-PE,UOP01-DEL03-PE
337243,2021-01-29,sexta-feira,13:00:00,PE,316,58,TRINDADE,Acessar a via sem observar a presença dos outros veículos,Colisão frontal,Com Vítimas Fatais,Pleno dia,Decrescente,Chuva,Simples,Interseção de Vias,Não,2,1,0,0,1,0,0,2,"-7,75370631","-40,26496546",SPRF-PE,DEL05-PE,UOP02-DEL05-PE
337330,2021-01-29,sexta-feira,20:15:00,PE,101,"34,5",IGARASSU,Manobra de mudança de faixa,Colisão lateral mesmo sentido,Com Vítimas Feridas,Plena Noite,Decrescente,Céu Claro,Dupla,Reta,Não,2,0,1,0,0,1,1,2,"-7,77092801","-34,93524623",SPRF-PE,DEL01-PE,UOP02-DEL01-PE
337394,2021-01-30,sábado,05:15:00,PE,101,"140,9",RIBEIRAO,Animais na Pista,Saída de leito carroçável,Com Vítimas Feridas,Amanhecer,Decrescente,Céu Claro,Dupla,Reta,Não,1,0,1,0,0,0,1,1,"-8,43501897","-35,32815204",SPRF-PE,DEL01-PE,UOP03-DEL01-PE
337821,2021-01-31,domingo,20:40:00,PE,423,151,IATI,Transitar na contramão,Colisão lateral sentido oposto,Com Vítimas Feridas,Plena Noite,Crescente,Céu Claro,Simples,Declive,Não,4,0,2,0,1,1,2,2,"-9,0414635","-36,91156637",SPRF-PE,DEL03-PE,UOP01-DEL03-PE
338088,2021-02-02,terça-feira,06:40:00,PE,101,54,PAULISTA,Reação tardia ou ineficiente do condutor,Colisão lateral,Com Vítimas Feridas,Pleno dia,Crescente,Céu Claro,Dupla,Reta,Sim,3,0,1,0,1,1,1,3,"-7,93961103","-34,90356584",SPRF-PE,DEL01-PE,UOP02-DEL01-PE