id,data_inversa,dia_semana,horario,uf,br,km,municipio,causa_acidente,tipo_acidente,classificacao_acidente,fase_dia,sentido_via,condicao_metereologica,tipo_pista,tracado_via,uso_solo,pessoas,mortos,feridos_leves,feridos_graves,ilesos,ignorados,feridos,veiculos,latitude,longitude,regional,delegacia,uop
338157,2021-02-02,terça-feira,15:00:00,PE,101,80,JABOATAO DOS GUARARAPES,Área urbana sem a presença de local apropriado para a travessia de pedestres,Atropelamento de Pedestre,Com Vítimas Feridas,Pleno dia,Crescente,Céu Claro,Dupla,Declive;Reta                  ,Sim,2,0,1,0,0,1,1,2,"-8,15112589","-34,9428866",SPRF-PE,DEL01-PE,UOP03-DEL01-PE
338233,2021-02-02,terça-feira,21:00:00,PE,101,119,ESCADA,Pedestre andava na pista,Atropelamento de Pedestre,Com Vítimas Feridas,Plena Noite,Decrescente,Céu Claro,Dupla,Reta,Não,2,0,0,1,1,0,1,2,"-8,35291472","-35,16929901",SPRF-PE,DEL01-PE,UOP03-DEL01-PE
338294,2021-02-03,quarta-feira,10:10:00,PE,101,"42,4",IGARASSU,Avarias e/ou desgaste excessivo no pneu,Colisão lateral,Sem Vítimas,Pleno dia,Crescente,Céu Claro,Múltipla,Reta,Sim,2,0,0,0,2,0,0,2,"-7,83887431","-34,91196739",SPRF-PE,DEL01-PE,UOP02-DEL01-PE
338349,2021-02-03,quarta-feira,15:45:00,PE,232,"81,9",GRAVATA,Demais falhas mecânicas ou elétricas,Colisão com objeto,Sem Vítimas,Pleno dia,Crescente,Céu Claro,Dupla,Reta,Sim,1,0,0,0,1,0,0,1,"-8,19697746","-35,57850408",SPRF-PE,DEL02-PE,UOP02-DEL02PE
338395,2021-02-03,quarta-feira,20:00:00,PE,101,"43,9",IGARASSU,Manobra de mudança de faixa,Colisão com objeto,Sem Vítimas,Plena Noite,Decrescente,Céu Claro,Múltipla,Reta,Sim,2,0,0,0,1,1,0,2,"-7,84753808","-34,90977038",SPRF-PE,DEL01-PE,UOP02-DEL01-PE
338400,2021-02-03,quarta-feira,19:50:00,PE,232,6,RECIFE,Manobra de mudança de faixa,Colisão transversal,Com Vítimas Feridas,Plena Noite,Crescente,Nublado,Dupla,Reta,Sim,2,0,1,0,1,0,1,2,"-8,07079525","-34,9535389",SPRF-PE,DEL01-PE,UOP01-DEL01-PE
338688,2021-02-05,sexta-feira,10:58:00,PE,232,"9,4",RECIFE,Condutor deixou de manter distância do veículo da frente,Colisão traseira,Com Vítimas Feridas,Pleno dia,Decrescente,Sol,Dupla,Reta,Sim,2,0,1,0,1,0,1,2,"-8,07764447","-34,97863609",SPRF-PE,DEL01-PE,UOP01-DEL01-PE
338766,2021-02-05,sexta-feira,15:20:00,PE,116,83,BELEM DE SAO FRANCISCO,Curva acentuada,Tombamento,Com Vítimas Feridas,Pleno dia,Decrescente,Céu Claro,Simples,Rotatória,Não,1,0,1,0,0,0,1,1,"-8,550911","-39,226807",SPRF-PE,DEL05-PE,UOP03-DEL05-PE
338845,2021-02-06,sábado,03:50:00,PE,116,26,SALGUEIRO,Problema com o freio,Saída de leito carroçável,Com Vítimas Feridas,Plena Noite,Crescente,Céu Claro,Simples,Reta,Sim,1,0,0,1,0,0,1,1,"-8,069921","-39,13364",SPRF-PE,DEL05-PE,UOP01-DEL05-PE
338934,2021-02-06,sábado,13:40:00,PE,101,"59,6",RECIFE,Acesso irregular,Colisão traseira,Com Vítimas Feridas,Pleno dia,Decrescente,Céu Claro,Dupla,Curva,Sim,5,0,0,1,4,0,1,5,"-7,97708575","-34,92607318",SPRF-PE,DEL01-PE,UOP02-DEL01-PE
339294,2021-02-07,domingo,21:00:00,PE,232,"99,8",BEZERROS,Ingestão de álcool pelo condutor,Colisão frontal,Com Vítimas Feridas,Plena Noite,Crescente,Céu Claro,Simples,Reta,Sim,5,0,0,2,2,1,2,3,"-8,2367277","-35,73401605",SPRF-PE,DEL02-PE,UOP02-DEL02PE
339410,2021-02-08,segunda-feira,10:00:00,PE,101,"83,7",JABOATAO DOS GUARARAPES,Acessar a via sem observar a presença dos outros veículos,Colisão traseira,Com Vítimas Feridas,Pleno dia,Decrescente,Céu Claro,Dupla,Reta,Sim,4,0,1,0,3,0,1,3,"-8,175172","-34,942642",SPRF-PE,DEL01-PE,UOP03-DEL01-PE
339620,2021-02-09,terça-feira,14:25:00,PE,232,"73,8",GRAVATA,Condutor deixou de manter distância do veículo da frente,Colisão traseira,Com Vítimas Feridas,Pleno dia,Decrescente,Céu Claro,Dupla,Reta,Não,4,0,0,2,2,0,2,3,"-8,19060018","-35,50931093",SPRF-PE,DEL02-PE,UOP02-DEL02PE
339734,2021-02-10,quarta-feira,04:30:00,PE,101,35,IGARASSU,Pista Escorregadia,Saída de leito carroçável,Com Vítimas Feridas,Amanhecer,Decrescente,Nublado,Múltipla,Reta,Não,1,0,1,0,0,0,1,1,"-7,77952193","-34,93231384",SPRF-PE,DEL01-PE,UOP02-DEL01-PE
339864,2021-02-10,quarta-feira,17:30:00,PE,428,"20,2",CABROBO,Ingestão de álcool pelo condutor,Colisão transversal,Com Vítimas Fatais,Anoitecer,Decrescente,Céu Claro,Simples,Reta,Não,4,1,3,0,0,0,3,3,"-8,49337421","-39,39765603",SPRF-PE,DEL05-PE,UOP03-DEL05-PE
340067,2021-02-11,quinta-feira,16:40:00,PE,101,197,XEXEU,Velocidade Incompatível,Tombamento,Com Vítimas Feridas,Pleno dia,Decrescente,Céu Claro,Múltipla,Reta,Não,1,0,0,1,0,0,1,1,"-8,75523097","-35,60154384",SPRF-PE,DEL01-PE,UOP03-DEL01-PE
340214,2021-02-12,sexta-feira,14:20:00,PE,101,"41,1",IGARASSU,Acostamento em desnível,Tombamento,Com Vítimas Feridas,Pleno dia,Crescente,Nublado,Dupla,Reta,Sim,1,0,1,0,0,0,1,1,"-7,83038346","-34,91426785",SPRF-PE,DEL01-PE,UOP02-DEL01-PE
340221,2021-02-12,sexta-feira,15:05:00,PE,428,186,PETROLINA,Acessar a via sem observar a presença dos outros veículos,Colisão transversal,Sem Vítimas,Pleno dia,Decrescente,Céu Claro,Simples,Rotatória,Sim,3,0,0,0,2,1,0,3,"-9,34807826","-40,47441248",SPRF-PE,DEL06-PE,UOP01-DEL06-PE
340460,2021-02-13,sábado,13:00:00,PE,116,"29,5",SALGUEIRO,Ultrapassagem Indevida,Colisão lateral mesmo sentido,Com Vítimas Fatais,Pleno dia,Crescente,Céu Claro,Simples,Reta,Não,2,1,0,0,1,0,0,2,"-8,09500588","-39,12480354",SPRF-PE,DEL05-PE,UOP01-DEL05-PE
340775,2021-02-14,domingo,20:30:00,PE,232,202,PESQUEIRA,Acessar a via sem observar a presença dos outros veículos,Colisão traseira,Com Vítimas Fatais,Plena Noite,Crescente,Nublado,Simples,Reta,Não,4,1,0,0,2,1,0,3,"-8,37139106","-36,62566",SPRF-PE,DEL02-PE,UOP03-DEL02-PE
341079,2021-02-16,terça-feira,14:26:00,PE,428,"173,3",PETROLINA,Manobra de mudança de faixa,Saída de leito carroçável,Sem Vítimas,Pleno dia,Crescente,Chuva,Simples,Reta,Não,1,0,0,0,1,0,0,1,"-9,25846","-40,42842",SPRF-PE,DEL06-PE,UOP01-DEL06-PE
341129,2021-02-16,terça-feira,18:15:00,PE,408,"49,2",NAZARE DA MATA,Acessar a via sem observar a presença dos outros veículos,Colisão transversal,Sem Vítimas,Plena Noite,Decrescente,Céu Claro,Simples,Curva,Não,2,0,0,0,1,1,0,2,"-7,72110607","-35,2389439",SPRF-PE,DEL01-PE,UOP01-DEL01-PE
341241,2021-02-17,quarta-feira,12:30:00,PE,232,"6,2",RECIFE,Manobra de mudança de faixa,Colisão transversal,Sem Vítimas,Pleno dia,Crescente,Céu Claro,Dupla,Reta,Sim,2,0,0,0,0,2,0,2,"-8,071226","-34,95511",SPRF-PE,DEL01-PE,UOP01-DEL01-PE
341426,2021-02-18,quinta-feira,13:40:00,PE,428,"168,9",PETROLINA,Mal súbito do condutor,Saída de leito carroçável,Com Vítimas Fatais,Pleno dia,Decrescente,Nublado,Simples,Reta,Não,2,1,1,0,0,0,1,2,"-9,22277","-40,409147",SPRF-PE,DEL06-PE,UOP01-DEL06-PE
341448,2021-02-18,quinta-feira,16:30:00,PE,101,"54,6",PAULISTA,Objeto estático sobre o leito carroçável,Colisão lateral,Com Vítimas Feridas,Pleno dia,Crescente,Sol,Dupla,Reta,Não,2,0,1,0,0,1,1,2,"-7,93961103","-34,90356584",SPRF-PE,DEL01-PE,UOP02-DEL01-PE
341718,2021-02-19,sexta-feira,19:30:00,PE,232,5,RECIFE,Frear bruscamente,Colisão traseira,Com Vítimas Feridas,Plena Noite,Crescente,Céu Claro,Múltipla,Reta,Sim,3,0,1,0,2,0,1,2,"-8,06795766","-34,94535414",SPRF-PE,DEL01-PE,UOP01-DEL01-PE
341794,2021-02-20,sábado,07:05:00,PE,101,71,RECIFE,Manobra de mudança de faixa,Colisão lateral mesmo sentido,Com Vítimas Feridas,Pleno dia,Crescente,Sol,Dupla,Reta,Sim,2,0,1,0,0,1,1,2,"-8,06776119","-34,94265074",SPRF-PE,DEL01-PE,UOP01-DEL01-PE
341870,2021-02-20,sábado,15:30:00,PE,101,"72,2",RECIFE,Ingestão de álcool ou de substâncias psicoativas pelo pedestre,Atropelamento de Pedestre,Com Vítimas Fatais,Pleno dia,Decrescente,Céu Claro,Dupla,Curva,Sim,2,1,1,0,0,0,1,2,"-8,08493106","-34,9450639",SPRF-PE,DEL01-PE,UOP01-DEL01-PE
341897,2021-02-20,sábado,16:40:00,PE,101,"159,1",GAMELEIRA,Carga excessiva e/ou mal acondicionada,Tombamento,Sem Vítimas,Pleno dia,Decrescente,Céu Claro,Dupla,Curva,Não,1,0,0,0,1,0,0,1,"-8,55252537","-35,41389482",SPRF-PE,DEL01-PE,UOP03-DEL01-PE
342049,2021-02-21,domingo,09:00:00,PE,116,"34,4",SALGUEIRO,Ultrapassagem Indevida,Colisão lateral mesmo sentido,Com Vítimas Feridas,Pleno dia,Crescente,Céu Claro,Simples,Reta,Não,3,0,1,0,2,0,1,2,"-8,135853","-39,113209",SPRF-PE,DEL05-PE,UOP01-DEL05-PE
342056,2021-02-21,domingo,12:30:00,PE,116,14,SALGUEIRO,Avarias e/ou desgaste excessivo no pneu,Saída de leito carroçável,Com Vítimas Feridas,Pleno dia,Crescente,Céu Claro,Simples,Declive,Não,2,0,1,0,1,0,1,1,"-7,96237","-39,1346",SPRF-PE,DEL05-PE,UOP01-DEL05-PE
342197,2021-02-22,segunda-feira,02:00:00,PE,101,"154,2",RIBEIRAO,Reação tardia ou ineficiente do condutor,Tombamento,Sem Vítimas,Plena Noite,Decrescente,Céu Claro,Dupla,Curva,Não,1,0,0,0,1,0,0,1,"-8,52860711","-35,38883966",SPRF-PE,DEL01-PE,UOP03-DEL01-PE
342219,2021-02-18,quinta-feira,12:15:00,PE,232,"14,8",JABOATAO DOS GUARARAPES,Carga excessiva e/ou mal acondicionada,Colisão com objeto,Sem Vítimas,Pleno dia,Crescente,Céu Claro,Dupla,Reta,Não,2,0,0,0,2,0,0,2,"-8,09025488","-35,02052302",SPRF-PE,DEL01-PE,UOP01-DEL01-PE
342330,2021-02-12,sexta-feira,19:50:00,PE,428,"184,1",PETROLINA,Acessar a via sem observar a presença dos outros veículos,Colisão transversal,Com Vítimas Feridas,Plena Noite,Crescente,Céu Claro,Simples,Reta,Não,2,0,0,1,1,0,1,2,"-9,33211208","-40,46621385",SPRF-PE,DEL06-PE,UOP01-DEL06-PE
342360,2021-02-22,segunda-feira,19:00:00,PE,423,177,AGUAS BELAS,Acessar a via sem observar a presença dos outros veículos,Colisão transversal,Sem Vítimas,Plena Noite,Crescente,Céu Claro,Simples,Reta,Não,2,0,0,0,1,1,0,2,"-9,13016345","-37,11460498",SPRF-AL,DEL03-AL,UOP02-DEL03-AL
342438,2021-02-13,sábado,10:35:00,PE,232,"209,9",PESQUEIRA,Entrada inopinada do pedestre,Atropelamento de Pedestre,Com Vítimas Feridas,Pleno dia,Crescente,Nublado,Simples,Reta,Sim,2,0,0,1,1,0,1,2,"-8,36666789","-36,68869898",SPRF-PE,DEL02-PE,UOP03-DEL02-PE
342440,2021-02-23,terça-feira,11:25:00,PE,232,"39,4",VITORIA DE SANTO ANTAO,Reação tardia ou ineficiente do condutor,Colisão lateral mesmo sentido,Com Vítimas Feridas,Pleno dia,Crescente,Sol,Dupla,Reta,Sim,4,0,2,0,2,0,2,2,"-8,11725249","-35,2270359",SPRF-PE,DEL02-PE,UOP02-DEL02PE
342468,2021-02-23,terça-feira,14:35:00,PE,104,67,CARUARU,Velocidade Incompatível,Tombamento,Com Vítimas Feridas,Pleno dia,Decrescente,Céu Claro,Dupla,Rotatória,Sim,1,0,1,0,0,0,1,1,"-8,3016","-35,9882",SPRF-PE,DEL02-PE,UOP01-DEL02-PE
342471,2021-02-23,terça-feira,15:33:00,PE,424,"91,5",GARANHUNS,Acessar a via sem observar a presença dos outros veículos,Colisão transversal,Com Vítimas Feridas,Pleno dia,Decrescente,Céu Claro,Simples,Reta,Sim,4,0,0,1,3,0,1,2,"-8,90409633","-36,49974647",SPRF-PE,DEL03-PE,UOP01-DEL03-PE
342481,2021-02-23,terça-feira,16:40:00,PE,232,134,CARUARU,Condutor deixou de manter distância do veículo da frente,Colisão lateral,Sem Vítimas,Pleno dia,Crescente,Céu Claro,Simples,Reta,Não,2,0,0,0,2,0,0,2,"-8,30853497","-36,02442101",SPRF-PE,DEL02-PE,UOP03-DEL02-PE
342555,2021-02-24,quarta-feira,02:15:00,PE,101,29,IGARASSU,Ingestão de álcool pelo condutor,Colisão traseira,Sem Vítimas,Plena Noite,Crescente,Céu Claro,Dupla,Reta,Não,2,0,0,0,2,0,0,2,"-7,73151057","-34,94173765",SPRF-PE,DEL01-PE,UOP02-DEL01-PE
342600,2021-02-13,sábado,07:00:00,PE,101,88,CABO DE SANTO AGOSTINHO,Ingestão de álcool pelo condutor,Colisão transversal,Com Vítimas Feridas,Pleno dia,Decrescente,Nublado,Simples,Reta,Sim,3,0,1,1,1,0,2,2,"-8,19971387","-34,9785382",SPRF-PE,DEL01-PE,UOP03-DEL01-PE
342640,2021-02-24,quarta-feira,14:00:00,PE,101,"46,5",IGARASSU,Manobra de mudança de faixa,Colisão lateral,Sem Vítimas,Pleno dia,Crescente,Sol,Múltipla,Reta,Sim,2,0,0,0,2,0,0,2,"-7,87406004","-34,90588126",SPRF-PE,DEL01-PE,UOP02-DEL01-PE
342699,2021-02-24,quarta-feira,19:00:00,PE,101,83,JABOATAO DOS GUARARAPES,Acessar a via sem observar a presença dos outros veículos,Colisão lateral,Com Vítimas Feridas,Plena Noite,Decrescente,Nublado,Dupla,Reta,Sim,3,0,1,1,0,1,2,2,"-8,175172","-34,942642",SPRF-PE,DEL01-PE,UOP03-DEL01-PE
342892,2021-02-25,quinta-feira,18:45:00,PE,101,"39,2",IGARASSU,Pedestre cruzava a pista fora da faixa,Atropelamento de Pedestre,Com Vítimas Fatais,Plena Noite,Crescente,Céu Claro,Dupla,Declive,Não,2,1,0,0,1,0,0,2,"-7,81259899","-34,91890497",SPRF-PE,DEL01-PE,UOP02-DEL01-PE
342943,2021-02-26,sexta-feira,03:50:00,PE,101,28,IGARASSU,Chuva,Colisão com objeto,Sem Vítimas,Plena Noite,Decrescente,Chuva,Dupla,Reta,Não,1,0,0,0,1,0,0,1,"-7,72056385","-34,94127124",SPRF-PE,DEL01-PE,UOP02-DEL01-PE
342970,2021-02-26,sexta-feira,06:50:00,PE,101,"95,8",CABO DE SANTO AGOSTINHO,Condutor deixou de manter distância do veículo da frente,Colisão traseira,Com Vítimas Feridas,Pleno dia,Crescente,Chuva,Dupla,Reta,Não,4,0,2,0,2,0,2,2,"-8,25099","-35,01426",SPRF-PE,DEL01-PE,UOP03-DEL01-PE
343018,2021-02-26,sexta-feira,11:30:00,PE,232,33,MORENO,Reação tardia ou ineficiente do condutor,Saída de leito carroçável,Com Vítimas Feridas,Pleno dia,Crescente,Céu Claro,Dupla,Reta,Não,1,0,0,1,0,0,1,1,"-8,10539025","-35,17523495",SPRF-PE,DEL02-PE,UOP02-DEL02PE
343099,2021-02-26,sexta-feira,18:55:00,PE,232,"28,3",MORENO,Carga excessiva e/ou mal acondicionada,Colisão com objeto,Sem Vítimas,Plena Noite,Decrescente,Nublado,Dupla,Reta,Não,2,0,0,0,2,0,0,2,"-8,11290892","-35,13442099",SPRF-PE,DEL02-PE,UOP02-DEL02PE
343228,2021-02-11,quinta-feira,19:01:00,PE,101,73,RECIFE,Acessar a via sem observar a presença dos outros veículos,Colisão transversal,Com Vítimas Feridas,Plena Noite,Crescente,Céu Claro,Dupla,Retorno Regulamentado,Sim,2,0,1,0,0,1,1,2,"-8,099158","-34,950067",SPRF-PE,DEL01-PE,UOP01-DEL01-PE
343239,2021-02-27,sábado,12:30:00,PE,232,11,JABOATAO DOS GUARARAPES,Ultrapassagem Indevida,Colisão lateral mesmo sentido,Com Vítimas Feridas,Pleno dia,Crescente,Nublado,Dupla,Reta,Sim,2,0,0,1,1,0,1,2,"-8,08327","-34,997552",SPRF-PE,DEL01-PE,UOP01-DEL01-PE
343283,2021-02-27,sábado,16:10:00,PE,101,36,IGARASSU,Manobra de mudança de faixa,Queda de ocupante de veículo,Com Vítimas Feridas,Pleno dia,Decrescente,Nublado,Dupla,Declive,Não,2,0,1,0,0,1,1,2,"-7,78981924","-34,92927074",SPRF-PE,DEL01-PE,UOP02-DEL01-PE
343308,2021-02-27,sábado,14:00:00,PE,104,119,PANELAS,Demais falhas mecânicas ou elétricas,Saída de leito carroçável,Com Vítimas Feridas,Pleno dia,Decrescente,Céu Claro,Simples,Declive,Não,1,0,1,0,0,0,1,1,"-8,69214","-36,023621",SPRF-PE,DEL02-PE,UOP01-DEL02-PE
343396,2021-02-28,domingo,03:50:00,PE,116,80,CABROBO,Animais na Pista,Saída de leito carroçável,Com Vítimas Feridas,Plena Noite,Crescente,Nublado,Simples,Reta,Não,1,0,1,0,0,0,1,1,"-8,525343","-39,218342",SPRF-PE,DEL05-PE,UOP03-DEL05-PE
343637,2021-03-01,segunda-feira,09:15:00,PE,232,"75,1",GRAVATA,Demais falhas mecânicas ou elétricas,Tombamento,Com Vítimas Feridas,Pleno dia,Crescente,Chuva,Dupla,Reta;Declive                  ,Não,1,0,0,1,0,0,1,1,"-8,19737799","-35,525476",SPRF-PE,DEL02-PE,UOP02-DEL02PE
343691,2021-02-09,terça-feira,15:30:00,PE,104,"67,1",CARUARU,Reação tardia ou ineficiente do condutor,Colisão traseira,Com Vítimas Feridas,Pleno dia,Decrescente,Céu Claro,Dupla,Reta,Sim,3,0,2,0,1,0,2,2,"-8,3016","-35,9882",SPRF-PE,DEL02-PE,UOP01-DEL02-PE
343731,2021-03-01,segunda-feira,19:15:00,PE,101,"115,2",IPOJUCA,Ausência de sinalização,Colisão traseira,Com Vítimas Feridas,Plena Noite,Crescente,Chuva,Dupla,Reta,Não,2,0,1,0,1,0,1,2,"-8,33783596","-35,14164006",SPRF-PE,DEL01-PE,UOP03-DEL01-PE
343769,2021-03-02,terça-feira,04:00:00,PE,101,189,PALMARES,Acumulo de água sobre o pavimento,Tombamento,Sem Vítimas,Plena Noite,Crescente,Chuva,Dupla,Curva,Sim,1,0,0,0,1,0,0,1,"-8,69036647","-35,60430503",SPRF-PE,DEL01-PE,UOP03-DEL01-PE
343865,2021-03-02,terça-feira,16:55:00,PE,408,"99,5",SAO LOURENCO DA MATA,Condutor deixou de manter distância do veículo da frente,Colisão traseira,Com Vítimas Feridas,Pleno dia,Decrescente,Céu Claro,Dupla,Aclive,Não,2,0,1,0,1,0,1,2,"-8,04133634","-35,02531212",SPRF-PE,DEL01-PE,UOP01-DEL01-PE
343899,2021-03-02,terça-feira,18:45:00,PE,232,"161,9",TACAIMBO,Transitar na contramão,Colisão transversal,Com Vítimas Fatais,Plena Noite,Decrescente,Céu Claro,Simples,Reta,Não,3,1,0,1,0,1,1,2,"-8,33605","-36,267948",SPRF-PE,DEL02-PE,UOP03-DEL02-PE
344231,2021-03-04,quinta-feira,17:35:00,PE,232,76,GRAVATA,Acessar a via sem observar a presença dos outros veículos,Colisão lateral mesmo sentido,Com Vítimas Feridas,Anoitecer,Decrescente,Céu Claro,Dupla,Declive,Sim,2,0,1,0,1,0,1,2,"-8,19541469","-35,53424693",SPRF-PE,DEL02-PE,UOP02-DEL02PE
344239,2021-03-04,quinta-feira,16:35:00,PE,101,51,ABREU E LIMA,Reação tardia ou ineficiente do condutor,Colisão com objeto,Sem Vítimas,Pleno dia,Crescente,Céu Claro,Múltipla,Reta,Sim,2,0,0,0,0,2,0,2,"-7,9169968","-34,89689272",SPRF-PE,DEL01-PE,UOP02-DEL01-PE
344273,2021-03-04,quinta-feira,19:45:00,PE,104,"66,8",CARUARU,Acessar a via sem observar a presença dos outros veículos,Colisão transversal,Com Vítimas Feridas,Plena Noite,Decrescente,Céu Claro,Dupla,Declive,Sim,2,0,1,0,1,0,1,2,"-8,2937","-35,9864",SPRF-PE,DEL02-PE,UOP01-DEL02-PE
344346,2021-03-05,sexta-feira,07:25:00,PE,101,91,JABOATAO DOS GUARARAPES,Manobra de mudança de faixa,Colisão lateral mesmo sentido,Com Vítimas Feridas,Pleno dia,Decrescente,Céu Claro,Dupla,Ponte;Reta                    ,Sim,4,0,1,0,3,0,1,2,"-8,22399812","-34,99290474",SPRF-PE,DEL01-PE,UOP03-DEL01-PE
344375,2021-03-05,sexta-feira,10:00:00,PE,423,"173,6",AGUAS BELAS,Entrada inopinada do pedestre,Atropelamento de Pedestre,Com Vítimas Fatais,Pleno dia,Crescente,Céu Claro,Simples,Reta,Não,2,1,0,0,1,0,0,2,"-9,1288795","-37,07829703",SPRF-AL,DEL03-AL,UOP02-DEL03-AL
344475,2021-03-05,sexta-feira,19:30:00,PE,316,"57,2",TRINDADE,Acessar a via sem observar a presença dos outros veículos,Colisão lateral mesmo sentido,Com Vítimas Feridas,Plena Noite,Crescente,Ignorado,Simples,Reta,Sim,2,0,0,1,1,0,1,2,"-7,74765771","-40,2710428",SPRF-PE,DEL05-PE,UOP02-DEL05-PE
344676,2021-03-06,sábado,16:30:00,PE,232,224,PESQUEIRA,Reação tardia ou ineficiente do condutor,Capotamento,Sem Vítimas,Pleno dia,Decrescente,Céu Claro,Simples,Curva,Não,1,0,0,0,1,0,0,1,"-8,40514489","-36,81936399",SPRF-PE,DEL03-PE,UOP02-DEL03-PE
344818,2021-03-07,domingo,10:30:00,PE,316,218,BELEM DE SAO FRANCISCO,Velocidade Incompatível,Saída de leito carroçável,Com Vítimas Feridas,Pleno dia,Decrescente,Céu Claro,Simples,Rotatória,Não,1,0,1,0,0,0,1,1,"-8,5471118","-39,22861041",SPRF-PE,DEL05-PE,UOP03-DEL05-PE
345027,2021-03-08,segunda-feira,10:00:00,PE,101,"71,3",RECIFE,Acessar a via sem observar a presença dos outros veículos,Colisão traseira,Com Vítimas Feridas,Pleno dia,Decrescente,Céu Claro,Dupla,Reta,Sim,4,0,2,0,1,1,2,3,"-8,07663102","-34,94277871",SPRF-PE,DEL01-PE,UOP01-DEL01-PE
345278,2021-03-09,terça-feira,16:30:00,PE,101,"34,1",IGARASSU,Demais falhas mecânicas ou elétricas,Incêndio,Sem Vítimas,Pleno dia,Decrescente,Céu Claro,Dupla,Reta,Não,1,0,0,0,1,0,0,1,"-7,77092801","-34,93524623",SPRF-PE,DEL01-PE,UOP02-DEL01-PE
345451,2021-03-10,quarta-feira,11:15:00,PE,428,"138,9",LAGOA GRANDE,Ultrapassagem Indevida,Colisão frontal,Com Vítimas Fatais,Pleno dia,Decrescente,Sol,Simples,Reta,Sim,3,1,0,1,0,1,1,3,"-8,99202442","-40,2695784",SPRF-PE,DEL06-PE,UOP03-DEL06-PE
345505,2021-03-10,quarta-feira,15:30:00,PE,101,52,ABREU E LIMA,Carga excessiva e/ou mal acondicionada,Tombamento,Com Vítimas Feridas,Pleno dia,Decrescente,Céu Claro,Dupla,Curva,Sim,1,0,1,0,0,0,1,1,"-7,92358799","-34,89607201",SPRF-PE,DEL01-PE,UOP02-DEL01-PE
345583,2021-03-11,quinta-feira,08:10:00,PE,423,"76,1",JUCATI,Reação tardia ou ineficiente do condutor,Colisão lateral mesmo sentido,Com Vítimas Feridas,Pleno dia,Crescente,Céu Claro,Simples,Curva,Não,1,0,1,0,0,0,1,1,"-8,73183901","-36,43146015",SPRF-PE,DEL03-PE,UOP01-DEL03-PE
345992,2021-03-13,sábado,07:40:00,PE,232,384,CALUMBI,Acostamento em desnível,Tombamento,Sem Vítimas,Pleno dia,Crescente,Céu Claro,Simples,Declive,Não,1,0,0,0,1,0,0,1,"-8,03828375","-38,08568995",SPRF-PE,DEL04-PE,UOP01-DEL04-PE
346073,2021-03-13,sábado,18:50:00,PE,101,66,RECIFE,Condutor deixou de manter distância do veículo da frente,Colisão traseira,Sem Vítimas,Plena Noite,Decrescente,Céu Claro,Dupla,Viaduto,Sim,2,0,0,0,0,2,0,2,"-8,03368534","-34,94184125",SPRF-PE,DEL01-PE,UOP01-DEL01-PE
346291,2021-02-22,segunda-feira,16:30:00,PE,104,67,CARUARU,Carga excessiva e/ou mal acondicionada,Engavetamento,Sem Vítimas,Pleno dia,Decrescente,Nublado,Dupla,Reta,Sim,3,0,0,0,3,0,0,3,"-8,3016","-35,9882",SPRF-PE,DEL02-PE,UOP01-DEL02-PE
346355,2021-03-15,segunda-feira,07:30:00,PE,101,97,CABO DE SANTO AGOSTINHO,Manobra de mudança de faixa,Colisão lateral mesmo sentido,Com Vítimas Feridas,Pleno dia,Decrescente,Céu Claro,Múltipla,Reta,Sim,2,0,1,0,1,0,1,2,"-8,25331064","-35,0296397",SPRF-PE,DEL01-PE,UOP03-DEL01-PE
346400,2021-03-15,segunda-feira,13:50:00,PE,104,82,AGRESTINA,Condutor Dormindo,Colisão frontal,Com Vítimas Feridas,Pleno dia,Crescente,Céu Claro,Simples,Reta,Não,4,0,2,2,0,0,4,2,"-8,414513","-35,967102",SPRF-PE,DEL02-PE,UOP01-DEL02-PE
346499,2021-03-16,terça-feira,08:00:00,PE,101,"46,8",IGARASSU,Condutor deixou de manter distância do veículo da frente,Colisão traseira,Com Vítimas Feridas,Pleno dia,Crescente,Nublado,Múltipla,Reta,Sim,4,0,2,0,2,0,2,4,"-7,87406004","-34,90588126",SPRF-PE,DEL01-PE,UOP02-DEL01-PE
346564,2021-03-16,terça-feira,16:00:00,PE,232,132,CARUARU,Ingestão de álcool pelo condutor,Colisão lateral mesmo sentido,Com Vítimas Feridas,Pleno dia,Decrescente,Céu Claro,Dupla,Reta,Não,2,0,1,0,1,0,1,2,"-8,3036244","-36,00710089",SPRF-PE,DEL02-PE,UOP03-DEL02-PE
346843,2021-03-18,quinta-feira,08:25:00,PE,101,"70,6",RECIFE,Acessar a via sem observar a presença dos outros veículos,Atropelamento de Pedestre,Com Vítimas Fatais,Pleno dia,Crescente,Nublado,Múltipla,Reta,Sim,3,1,0,0,1,1,0,2,"-8,074387","-34,942798",SPRF-PE,DEL01-PE,UOP01-DEL01-PE
346952,2021-03-18,quinta-feira,23:55:00,PE,407,"116,9",PETROLINA,Condutor Dormindo,Colisão traseira,Com Vítimas Feridas,Plena Noite,Crescente,Nublado,Simples,Reta,Não,2,0,1,0,1,0,1,2,"-9,30684002","-40,57793203",SPRF-PE,DEL06-PE,UOP02-DEL06-PE
346963,2021-03-19,sexta-feira,01:30:00,PE,232,"95,3",SAIRE,Demais falhas mecânicas ou elétricas,Tombamento,Com Vítimas Feridas,Plena Noite,Decrescente,Céu Claro,Dupla,Declive,Não,2,0,2,0,0,0,2,2,"-8,22740988","-35,69941904",SPRF-PE,DEL02-PE,UOP02-DEL02PE