id,data_inversa,dia_semana,horario,uf,br,km,municipio,causa_acidente,tipo_acidente,classificacao_acidente,fase_dia,sentido_via,condicao_metereologica,tipo_pista,tracado_via,uso_solo,pessoas,mortos,feridos_leves,feridos_graves,ilesos,ignorados,feridos,veiculos,latitude,longitude,regional,delegacia,uop
346989,2021-03-19,sexta-feira,07:10:00,PE,423,"28,5",SAO CAITANO,Ultrapassagem Indevida,Colisão traseira,Sem Vítimas,Pleno dia,Crescente,Sol,Simples,Reta,Não,2,0,0,0,2,0,0,2,"-8,38567362","-36,13962446",SPRF-PE,DEL02-PE,UOP03-DEL02-PE
347043,2021-03-19,sexta-feira,14:00:00,PE,101,115,CABO DE SANTO AGOSTINHO,Demais falhas mecânicas ou elétricas,Capotamento,Com Vítimas Feridas,Pleno dia,Decrescente,Céu Claro,Múltipla,Reta,Não,1,0,1,0,0,0,1,1,"-8,33783596","-35,14164006",SPRF-PE,DEL01-PE,UOP03-DEL01-PE
347055,2021-03-15,segunda-feira,20:15:00,PE,101,"79,9",JABOATAO DOS GUARARAPES,Manobra de mudança de faixa,Queda de ocupante de veículo,Com Vítimas Feridas,Plena Noite,Decrescente,Céu Claro,Dupla,Reta,Não,4,0,2,0,1,1,2,3,"-8,150269","-34,943151",SPRF-PE,DEL01-PE,UOP01-DEL01-PE
347526,2021-03-22,segunda-feira,04:25:00,PE,101,"93,6",CABO DE SANTO AGOSTINHO,Demais falhas mecânicas ou elétricas,Incêndio,Sem Vítimas,Plena Noite,Decrescente,Céu Claro,Dupla,Reta,Não,1,0,0,0,1,0,0,1,"-8,2396419","-35,00335418",SPRF-PE,DEL01-PE,UOP03-DEL01-PE
347564,2021-03-22,segunda-feira,10:02:00,PE,101,"84,4",JABOATAO DOS GUARARAPES,Carga excessiva e/ou mal acondicionada,Colisão frontal,Com Vítimas Feridas,Pleno dia,Decrescente,Céu Claro,Dupla,Reta,Não,3,0,2,0,1,0,2,2,"-8,17778559","-34,95087297",SPRF-PE,DEL01-PE,UOP03-DEL01-PE
347684,2021-03-23,terça-feira,02:30:00,PE,232,"269,8",SERTANIA,Animais na Pista,Tombamento,Com Vítimas Feridas,Plena Noite,Crescente,Céu Claro,Simples,Reta,Não,1,0,1,0,0,0,1,1,"-8,40520693","-37,20955497",SPRF-PE,DEL03-PE,UOP02-DEL03-PE
347742,2021-02-11,quinta-feira,14:30:00,PE,232,190,BELO JARDIM,Reação tardia ou ineficiente do condutor,Colisão traseira,Com Vítimas Feridas,Pleno dia,Crescente,Céu Claro,Simples,Reta,Não,3,0,1,1,0,1,2,2,"-8,35015509","-36,45964862",SPRF-PE,DEL02-PE,UOP03-DEL02-PE
347772,2021-03-23,terça-feira,15:00:00,PE,101,30,IGARASSU,Entrada inopinada do pedestre,Queda de ocupante de veículo,Com Vítimas Fatais,Pleno dia,Decrescente,Céu Claro,Dupla,Curva,Sim,3,1,0,0,1,1,0,3,"-7,73816195","-34,94265811",SPRF-PE,DEL01-PE,UOP02-DEL01-PE
347847,2021-03-24,quarta-feira,00:30:00,PE,101,79,JABOATAO DOS GUARARAPES,Velocidade Incompatível,Tombamento,Com Vítimas Feridas,Plena Noite,Decrescente,Garoa/Chuvisco,Dupla,Curva,Não,1,0,1,0,0,0,1,1,"-8,144228","-34,947304",SPRF-PE,DEL01-PE,UOP01-DEL01-PE
347850,2021-03-23,terça-feira,21:30:00,PE,423,142,IATI,Ingestão de álcool pelo condutor,Colisão frontal,Com Vítimas Fatais,Plena Noite,Crescente,Céu Claro,Simples,Reta,Não,4,2,1,0,1,0,1,2,"-8,99343116","-36,84577286",SPRF-PE,DEL03-PE,UOP01-DEL03-PE
347866,2021-03-24,quarta-feira,06:20:00,PE,101,86,JABOATAO DOS GUARARAPES,Reação tardia ou ineficiente do condutor,Colisão traseira,Com Vítimas Feridas,Pleno dia,Crescente,Chuva,Dupla,Reta,Não,3,0,1,0,2,0,1,3,"-8,18470013","-34,96816895",SPRF-PE,DEL01-PE,UOP03-DEL01-PE
347884,2021-03-24,quarta-feira,09:00:00,PE,101,86,JABOATAO DOS GUARARAPES,Chuva,Eventos atípicos,Com Vítimas Feridas,Pleno dia,Crescente,Chuva,Dupla,Reta,Não,1,0,1,0,0,0,1,1,"-8,1847001339","-34,9681689505",SPRF-PE,DEL01-PE,UOP03-DEL01-PE
347894,2021-03-24,quarta-feira,09:50:00,PE,408,36,ALIANCA,Chuva,Colisão lateral sentido oposto,Com Vítimas Fatais,Pleno dia,Crescente,Chuva,Simples,Curva,Não,4,1,1,1,1,0,2,2,"-7,61947891","-35,24140725",SPRF-PE,DEL01-PE,UOP01-DEL01-PE
347937,2021-03-24,quarta-feira,15:40:00,PE,316,139,PARNAMIRIM,Mal súbito do condutor,Colisão frontal,Com Vítimas Fatais,Pleno dia,Crescente,Sol,Simples,Declive;Reta                  ,Não,3,1,0,0,1,1,0,3,"-8,0760505","-39,62486222",SPRF-PE,DEL05-PE,UOP02-DEL05-PE
348231,2021-03-26,sexta-feira,09:15:00,PE,232,"135,7",CARUARU,Velocidade Incompatível,Colisão traseira,Com Vítimas Feridas,Pleno dia,Decrescente,Céu Claro,Dupla,Reta,Não,4,0,3,0,1,0,3,3,"-8,31273862","-36,03901863",SPRF-PE,DEL02-PE,UOP03-DEL02-PE
348323,2021-03-26,sexta-feira,19:00:00,PE,101,67,RECIFE,Trafegar com motocicleta (ou similar) entre as faixas,Colisão lateral mesmo sentido,Com Vítimas Fatais,Plena Noite,Crescente,Nublado,Dupla,Reta,Sim,5,1,0,1,1,2,1,4,"-8,04514","-34,94441",SPRF-PE,DEL01-PE,UOP01-DEL01-PE
348501,2021-03-27,sábado,19:00:00,PE,423,"114,6",PARANATAMA,Condutor deixou de manter distância do veículo da frente,Colisão traseira,Com Vítimas Feridas,Plena Noite,Crescente,Chuva,Simples,Reta,Não,2,0,0,1,1,0,1,2,"-8,8998297","-36,64277108",SPRF-PE,DEL03-PE,UOP01-DEL03-PE
348767,2021-03-29,segunda-feira,04:35:00,PE,232,"292,8",SERTANIA,Animais na Pista,Saída de leito carroçável,Com Vítimas Feridas,Plena Noite,Crescente,Nublado,Simples,Reta,Não,2,0,1,0,1,0,1,1,"-8,2909552","-37,37963148",SPRF-PE,DEL03-PE,UOP02-DEL03-PE
348923,2021-03-30,terça-feira,05:30:00,PE,101,204,XEXEU,Declive acentuado,Saída de leito carroçável,Com Vítimas Feridas,Pleno dia,Decrescente,Céu Claro,Dupla,Curva;Declive                 ,Sim,1,0,0,1,0,0,1,1,"-8,80610905","-35,62758381",SPRF-PE,DEL01-PE,UOP03-DEL01-PE
348941,2021-03-30,terça-feira,07:45:00,PE,101,77,RECIFE,Manobra de mudança de faixa,Colisão traseira,Com Vítimas Feridas,Pleno dia,Crescente,Nublado,Dupla,Reta,Sim,2,0,1,0,0,1,1,2,"-8,126982","-34,94386",SPRF-PE,DEL01-PE,UOP01-DEL01-PE
349116,2021-03-31,quarta-feira,06:50:00,PE,232,"8,5",RECIFE,Manobra de mudança de faixa,Colisão lateral mesmo sentido,Com Vítimas Feridas,Pleno dia,Crescente,Céu Claro,Múltipla,Reta,Sim,2,0,1,0,1,0,1,2,"-8,07583727","-34,97015791",SPRF-PE,DEL01-PE,UOP01-DEL01-PE
349285,2021-04-01,quinta-feira,03:20:00,PE,101,"45,1",IGARASSU,Condutor Dormindo,Colisão com objeto,Com Vítimas Feridas,Plena Noite,Decrescente,Céu Claro,Múltipla,Reta,Sim,1,0,0,1,0,0,1,1,"-7,86521297","-34,90715176",SPRF-PE,DEL01-PE,UOP02-DEL01-PE
349455,2021-01-22,sexta-feira,04:00:00,PE,101,62,RECIFE,Manobra de mudança de faixa,Tombamento,Com Vítimas Feridas,Amanhecer,Decrescente,Vento,Simples,Reta,Sim,2,0,0,2,0,0,2,1,"-7,99905898","-34,93899295",SPRF-PE,DEL01-PE,UOP02-DEL01-PE
349831,2021-03-08,segunda-feira,06:40:00,PE,232,139,CARUARU,Entrada inopinada do pedestre,Atropelamento de Pedestre,Com Vítimas Fatais,Pleno dia,Decrescente,Sol,Dupla,Aclive,Não,3,1,0,0,2,0,0,2,"-8,319793","-36,068249",SPRF-PE,DEL02-PE,UOP03-DEL02-PE
349994,2021-04-05,segunda-feira,00:30:00,PE,428,"7,5",CABROBO,Demais falhas mecânicas ou elétricas,Incêndio,Sem Vítimas,Plena Noite,Crescente,Ignorado,Simples,Reta,Não,1,0,0,0,1,0,0,1,"-8,51974841","-39,2828762",SPRF-PE,DEL05-PE,UOP03-DEL05-PE
350004,2021-04-05,segunda-feira,03:30:00,PE,232,441,SAO JOSE DO BELMONTE,Problema com o freio,Incêndio,Sem Vítimas,Amanhecer,Decrescente,Nublado,Simples,Declive,Não,1,0,0,0,0,1,0,1,"-8,01292062","-38,56799502",SPRF-PE,DEL04-PE,UOP01-DEL04-PE
350333,2021-04-06,terça-feira,19:50:00,PE,316,106,OURICURI,Transitar na contramão,Colisão frontal,Com Vítimas Feridas,Plena Noite,Decrescente,Ignorado,Simples,Reta,Não,6,0,3,2,0,1,5,2,"-7,94145577","-39,9386279",SPRF-PE,DEL05-PE,UOP02-DEL05-PE
350479,2021-04-07,quarta-feira,18:15:00,PE,423,48,CACHOEIRINHA,Ingestão de álcool pelo condutor,Colisão frontal,Com Vítimas Feridas,Plena Noite,Crescente,Céu Claro,Simples,Reta,Não,7,0,0,3,3,1,3,4,"-8,55743702","-36,27516696",SPRF-PE,DEL03-PE,UOP01-DEL03-PE
350587,2021-04-08,quinta-feira,06:00:00,PE,423,117,PARANATAMA,Condutor deixou de manter distância do veículo da frente,Saída de leito carroçável,Sem Vítimas,Pleno dia,Decrescente,Céu Claro,Simples,Reta,Não,1,0,0,0,1,0,0,1,"-8,90662085","-36,66901104",SPRF-PE,DEL03-PE,UOP01-DEL03-PE
350784,2021-04-09,sexta-feira,15:25:00,PE,101,68,RECIFE,Condutor deixou de manter distância do veículo da frente,Engavetamento,Com Vítimas Feridas,Pleno dia,Decrescente,Nublado,Dupla,Viaduto,Sim,7,0,3,1,3,0,4,4,"-8,05074296","-34,94580619",SPRF-PE,DEL01-PE,UOP01-DEL01-PE
350823,2021-04-09,sexta-feira,17:51:00,PE,232,183,BELO JARDIM,Acessar a via sem observar a presença dos outros veículos,Colisão transversal,Com Vítimas Feridas,Anoitecer,Decrescente,Céu Claro,Simples,Reta,Não,4,0,0,1,2,1,1,4,"-8,34981605","-36,45554399",SPRF-PE,DEL02-PE,UOP03-DEL02-PE
350866,2021-04-09,sexta-feira,21:35:00,PE,101,68,RECIFE,Reação tardia ou ineficiente do condutor,Colisão traseira,Com Vítimas Feridas,Plena Noite,Decrescente,Nublado,Dupla,Viaduto,Sim,2,0,1,0,1,0,1,2,"-8,05133","-34,945921",SPRF-PE,DEL01-PE,UOP01-DEL01-PE
350981,2021-04-10,sábado,11:20:00,PE,101,"35,7",ITAPISSUMA,Manobra de mudança de faixa,Colisão lateral mesmo sentido,Com Vítimas Fatais,Pleno dia,Decrescente,Chuva,Dupla,Aclive,Não,2,1,0,0,1,0,0,2,"-7,77952193","-34,93231384",SPRF-PE,DEL01-PE,UOP02-DEL01-PE
351000,2021-04-10,sábado,15:45:00,PE,101,35,IGARASSU,Reação tardia ou ineficiente do condutor,Colisão traseira,Com Vítimas Feridas,Pleno dia,Decrescente,Chuva,Dupla,Declive,Não,2,0,1,0,0,1,1,2,"-7,77952193","-34,93231384",SPRF-PE,DEL01-PE,UOP02-DEL01-PE
351283,2021-04-11,domingo,19:50:00,PE,232,217,PESQUEIRA,Transitar na contramão,Colisão lateral sentido oposto,Com Vítimas Feridas,Plena Noite,Crescente,Céu Claro,Simples,Aclive,Não,4,0,1,1,2,0,2,2,"-8,393354","-36,760697",SPRF-PE,DEL03-PE,UOP02-DEL03-PE
351375,2021-04-12,segunda-feira,10:30:00,PE,101,"73,8",RECIFE,Condutor deixou de manter distância do veículo da frente,Colisão traseira,Com Vítimas Feridas,Pleno dia,Decrescente,Nublado,Dupla,Reta,Sim,3,0,1,0,1,1,1,3,"-8,093369","-34,947464",SPRF-PE,DEL01-PE,UOP01-DEL01-PE
351434,2021-04-12,segunda-feira,15:23:00,PE,101,"35,5",IGARASSU,Problema com o freio,Colisão traseira,Sem Vítimas,Pleno dia,Decrescente,Nublado,Dupla,Reta,Não,3,0,0,0,3,0,0,3,"-7,77952193","-34,93231384",SPRF-PE,DEL01-PE,UOP02-DEL01-PE
351473,2021-04-12,segunda-feira,19:45:00,PE,232,"242,2",ARCOVERDE,Condutor Dormindo,Saída de leito carroçável,Com Vítimas Feridas,Plena Noite,Crescente,Ignorado,Simples,Reta,Não,1,0,0,1,0,0,1,1,"-8,41530367","-36,98020602",SPRF-PE,DEL03-PE,UOP02-DEL03-PE
351567,2021-03-17,quarta-feira,18:00:00,PE,101,49,ABREU E LIMA,Trafegar com motocicleta (ou similar) entre as faixas,Colisão lateral mesmo sentido,Com Vítimas Feridas,Anoitecer,Decrescente,Ignorado,Múltipla,Reta,Sim,2,0,0,1,1,0,1,2,"-7,9005152","-34,90180641",SPRF-PE,DEL01-PE,UOP02-DEL01-PE
351570,2021-03-17,quarta-feira,11:30:00,PE,101,"42,6",IGARASSU,Acesso irregular,Colisão transversal,Com Vítimas Feridas,Pleno dia,Decrescente,Sol,Múltipla,Declive,Sim,2,0,0,1,1,0,1,2,"-7,83887431","-34,91196739",SPRF-PE,DEL01-PE,UOP02-DEL01-PE
351608,2021-03-27,sábado,15:35:00,PE,101,41,IGARASSU,Manobra de mudança de faixa,Colisão lateral mesmo sentido,Com Vítimas Feridas,Pleno dia,Crescente,Sol,Múltipla,Reta,Sim,6,0,1,2,2,1,3,4,"-7,83038346","-34,91426785",SPRF-PE,DEL01-PE,UOP02-DEL01-PE
351732,2021-04-14,quarta-feira,11:30:00,PE,408,"86,7",PAUDALHO,Carga excessiva e/ou mal acondicionada,Tombamento,Com Vítimas Feridas,Pleno dia,Crescente,Céu Claro,Dupla,Declive;Reta                  ,Não,1,0,1,0,0,0,1,1,"-7,965157","-35,092719",SPRF-PE,DEL01-PE,UOP01-DEL01-PE
351877,2021-03-17,quarta-feira,07:50:00,PE,101,"70,5",RECIFE,Acessar a via sem observar a presença dos outros veículos,Colisão transversal,Com Vítimas Feridas,Pleno dia,Crescente,Céu Claro,Simples,Reta,Sim,2,0,1,0,1,0,1,2,"-8,072312","-34,942798",SPRF-PE,DEL01-PE,UOP01-DEL01-PE
352008,2021-04-15,quinta-feira,18:10:00,PE,232,"169,7",TACAIMBO,Ultrapassagem Indevida,Colisão frontal,Com Vítimas Feridas,Plena Noite,Decrescente,Chuva,Simples,Curva,Não,3,0,1,1,1,0,2,2,"-8,3399573","-36,334402",SPRF-PE,DEL02-PE,UOP03-DEL02-PE
352201,2021-03-16,terça-feira,07:20:00,PE,232,134,CARUARU,Condutor deixou de manter distância do veículo da frente,Colisão transversal,Com Vítimas Feridas,Pleno dia,Decrescente,Céu Claro,Dupla,Reta,Sim,2,0,1,0,1,0,1,2,"-8,30853497","-36,02442101",SPRF-PE,DEL02-PE,UOP03-DEL02-PE
352503,2021-04-18,domingo,10:10:00,PE,101,44,IGARASSU,Velocidade Incompatível,Colisão traseira,Com Vítimas Feridas,Pleno dia,Crescente,Nublado,Múltipla,Declive;Reta                  ,Sim,3,0,2,0,1,0,2,3,"-7,85637001","-34,90842109",SPRF-PE,DEL01-PE,UOP02-DEL01-PE
352573,2021-04-18,domingo,18:45:00,PE,101,"189,5",PALMARES,Pedestre andava na pista,Atropelamento de Pedestre,Com Vítimas Fatais,Plena Noite,Crescente,Chuva,Dupla,Curva,Sim,2,1,0,0,0,1,0,2,"-8,69036647","-35,60430503",SPRF-PE,DEL01-PE,UOP01-DEL01-PE
352627,2021-04-18,domingo,22:20:00,PE,101,189,PALMARES,Velocidade Incompatível,Saída de leito carroçável,Com Vítimas Feridas,Plena Noite,Decrescente,Chuva,Dupla,Curva;Declive                 ,Sim,1,0,0,1,0,0,1,1,"-8,69036647","-35,60430503",SPRF-PE,DEL01-PE,UOP01-DEL01-PE
352851,2021-04-19,segunda-feira,18:05:00,PE,101,"79,8",JABOATAO DOS GUARARAPES,Problema com o freio,Colisão transversal,Com Vítimas Feridas,Plena Noite,Decrescente,Céu Claro,Dupla,Reta,Sim,3,0,0,2,1,0,2,3,"-8,14923782","-34,94337916",SPRF-PE,DEL01-PE,UOP01-DEL01-PE
352956,2021-04-20,terça-feira,14:50:00,PE,232,"22,3",MORENO,Condutor deixou de manter distância do veículo da frente,Colisão traseira,Com Vítimas Feridas,Pleno dia,Crescente,Céu Claro,Dupla,Reta,Não,6,0,2,0,4,0,2,2,"-8,097553","-35,090746",SPRF-PE,DEL01-PE,UOP01-DEL01-PE
352957,2021-04-20,terça-feira,15:00:00,PE,101,"43,9",IGARASSU,Condutor deixou de manter distância do veículo da frente,Colisão traseira,Com Vítimas Feridas,Pleno dia,Crescente,Céu Claro,Múltipla,Reta,Não,4,0,2,0,1,1,2,3,"-7,84753808","-34,90977038",SPRF-PE,DEL01-PE,UOP02-DEL01-PE
353170,2021-04-21,quarta-feira,18:20:00,PE,101,"79,7",JABOATAO DOS GUARARAPES,Ingestão de álcool pelo condutor,Colisão traseira,Com Vítimas Feridas,Plena Noite,Crescente,Céu Claro,Dupla,Reta,Sim,6,0,1,0,4,1,1,5,"-8,14366112","-34,94723453",SPRF-PE,DEL01-PE,UOP01-DEL01-PE
353239,2021-04-22,quinta-feira,00:15:00,PE,110,108,SERTANIA,Curva acentuada,Tombamento,Com Vítimas Fatais,Plena Noite,Decrescente,Céu Claro,Simples,Curva,Não,2,1,1,0,0,0,1,1,"-8,41044284","-37,37850199",SPRF-PE,DEL03-PE,UOP02-DEL03-PE
353600,2021-04-24,sábado,06:00:00,PE,104,"118,3",PANELAS,Demais falhas mecânicas ou elétricas,Tombamento,Com Vítimas Feridas,Pleno dia,Crescente,Nublado,Simples,Curva,Não,1,0,0,1,0,0,1,1,"-8,687511","-36,017384",SPRF-PE,DEL02-PE,UOP01-DEL02-PE
353610,2021-04-24,sábado,07:45:00,PE,232,15,JABOATAO DOS GUARARAPES,Ingestão de álcool pelo condutor,Colisão lateral mesmo sentido,Sem Vítimas,Pleno dia,Crescente,Céu Claro,Dupla,Reta,Não,2,0,0,0,2,0,0,2,"-8,09137732","-35,02917918",SPRF-PE,DEL01-PE,UOP01-DEL01-PE
353826,2021-04-25,domingo,14:15:00,PE,101,"40,5",IGARASSU,Reação tardia ou ineficiente do condutor,Colisão traseira,Com Vítimas Feridas,Pleno dia,Decrescente,Céu Claro,Dupla,Reta,Sim,2,0,0,1,0,1,1,2,"-7,821475","-34,916545",SPRF-PE,DEL01-PE,UOP02-DEL01-PE
354103,2021-04-26,segunda-feira,21:30:00,PE,232,"509,3",SALGUEIRO,Ingestão de álcool pelo condutor,Colisão frontal,Com Vítimas Fatais,Plena Noite,Crescente,Céu Claro,Simples,Reta,Sim,2,1,0,0,1,0,0,2,"-8,06449154","-39,1298447",SPRF-PE,DEL05-PE,UOP01-DEL05-PE
354157,2021-02-20,sábado,00:50:00,PE,423,132,SALOA,Velocidade Incompatível,Tombamento,Com Vítimas Fatais,Plena Noite,Crescente,Céu Claro,Simples,Declive;Curva                 ,Não,1,1,0,0,0,0,0,1,"-8,9612481","-36,73240198",SPRF-PE,DEL03-PE,UOP01-DEL03-PE
354338,2021-04-28,quarta-feira,10:40:00,PE,101,80,JABOATAO DOS GUARARAPES,Reação tardia ou ineficiente do condutor,Colisão traseira,Sem Vítimas,Pleno dia,Crescente,Nublado,Simples,Reta,Sim,2,0,0,0,1,1,0,2,"-8,15112589","-34,9428866",SPRF-PE,DEL01-PE,UOP01-DEL01-PE
354546,2021-04-29,quinta-feira,16:40:00,PE,232,"118,4",CARUARU,Ausência de reação do condutor,Colisão lateral mesmo sentido,Com Vítimas Feridas,Pleno dia,Decrescente,Céu Claro,Simples,Curva,Não,2,0,1,0,1,0,1,2,"-8,29431633","-35,88437194",SPRF-PE,DEL02-PE,UOP03-DEL02-PE
354677,2021-04-30,sexta-feira,11:05:00,PE,407,129,PETROLINA,Manobra de mudança de faixa,Colisão lateral mesmo sentido,Com Vítimas Feridas,Pleno dia,Decrescente,Céu Claro,Dupla,Reta,Sim,2,0,1,0,1,0,1,2,"-9,39958299","-40,50459298",SPRF-PE,DEL06-PE,UOP01-DEL06-PE
354781,2021-04-30,sexta-feira,17:40:00,PE,232,62,POMBOS,Problema com o freio,Colisão traseira,Com Vítimas Feridas,Anoitecer,Decrescente,Céu Claro,Dupla,Reta,Não,5,0,3,0,2,0,3,2,"-8,15598579","-35,42308007",SPRF-PE,DEL02-PE,UOP02-DEL02PE
355126,2021-05-02,domingo,02:45:00,PE,423,"172,3",AGUAS BELAS,Acumulo de água sobre o pavimento,Colisão lateral mesmo sentido,Sem Vítimas,Plena Noite,Crescente,Garoa/Chuvisco,Simples,Reta,Não,2,0,0,0,2,0,0,2,"-9,12811042","-37,06924697",SPRF-AL,DEL03-AL,UOP02-DEL03-AL
355214,2021-05-02,domingo,16:30:00,PE,428,"70,1",SANTA MARIA DA BOA VISTA,Velocidade Incompatível,Capotamento,Com Vítimas Feridas,Pleno dia,Crescente,Céu Claro,Simples,Curva,Não,2,0,2,0,0,0,2,1,"-8,6904","-39,76666",SPRF-PE,DEL06-PE,UOP03-DEL06-PE
355247,2021-05-02,domingo,19:30:00,PE,232,"211,1",PESQUEIRA,Chuva,Colisão frontal,Com Vítimas Fatais,Plena Noite,Decrescente,Garoa/Chuvisco,Simples,Reta,Sim,2,1,0,0,1,0,0,2,"-8,36899532","-36,70578682",SPRF-PE,DEL03-PE,UOP02-DEL03-PE
355283,2021-05-02,domingo,21:50:00,PE,232,"274,9",SERTANIA,Velocidade Incompatível,Capotamento,Com Vítimas Fatais,Plena Noite,Crescente,Chuva,Simples,Curva,Não,2,2,0,0,0,0,0,1,"-8,38396122","-37,24935312",SPRF-PE,DEL03-PE,UOP02-DEL03-PE
355316,2021-05-03,segunda-feira,07:45:00,PE,407,"125,6",PETROLINA,Manobra de mudança de faixa,Colisão lateral mesmo sentido,Com Vítimas Feridas,Pleno dia,Crescente,Céu Claro,Dupla,Retorno Regulamentado,Não,2,0,0,1,1,0,1,2,"-9,37739336","-40,53595733",SPRF-PE,DEL06-PE,UOP01-DEL06-PE
355432,2021-05-03,segunda-feira,18:05:00,PE,232,"211,3",PESQUEIRA,Transitar na contramão,Colisão lateral sentido oposto,Com Vítimas Fatais,Plena Noite,Crescente,Chuva,Simples,Reta,Sim,2,1,0,0,1,0,0,2,"-8,36899532","-36,70578682",SPRF-PE,DEL03-PE,UOP02-DEL03-PE
355439,2021-05-03,segunda-feira,18:50:00,PE,428,"155,9",PETROLINA,Ultrapassagem Indevida,Colisão frontal,Com Vítimas Fatais,Plena Noite,Decrescente,Céu Claro,Simples,Reta,Não,2,1,0,0,1,0,0,2,"-9,10860107","-40,33416488",SPRF-PE,DEL06-PE,UOP01-DEL06-PE
355666,2021-05-04,terça-feira,23:20:00,PE,232,"19,1",MORENO,Velocidade Incompatível,Colisão traseira,Com Vítimas Feridas,Plena Noite,Crescente,Chuva,Dupla,Curva,Não,4,0,1,0,3,0,1,2,"-8,098228","-35,06475",SPRF-PE,DEL01-PE,UOP01-DEL01-PE
355954,2021-05-06,quinta-feira,15:50:00,PE,101,76,RECIFE,Animais na Pista,Atropelamento de Animal,Sem Vítimas,Pleno dia,Crescente,Nublado,Dupla,Reta,Sim,1,0,0,0,1,0,0,1,"-8,127828","-34,944069",SPRF-PE,DEL01-PE,UOP01-DEL01-PE
355966,2021-05-06,quinta-feira,17:00:00,PE,407,"75,9",PETROLINA,Demais falhas mecânicas ou elétricas,Tombamento,Com Vítimas Feridas,Pleno dia,Decrescente,Céu Claro,Simples,Curva,Não,2,0,2,0,0,0,2,1,"-8,97042107","-40,71596513",SPRF-PE,DEL06-PE,UOP02-DEL06-PE
356071,2021-04-23,sexta-feira,16:50:00,PE,101,54,PAULISTA,Acessar a via sem observar a presença dos outros veículos,Colisão frontal,Com Vítimas Feridas,Pleno dia,Crescente,Céu Claro,Múltipla,Curva,Não,2,0,0,1,1,0,1,2,"-7,93961103","-34,90356584",SPRF-PE,DEL01-PE,UOP02-DEL01-PE
356114,2021-05-07,sexta-feira,09:40:00,PE,101,"43,7",IGARASSU,Pedestre cruzava a pista fora da faixa,Atropelamento de Pedestre,Com Vítimas Feridas,Pleno dia,Decrescente,Sol,Múltipla,Reta;Aclive                   ,Sim,2,0,1,0,1,0,1,2,"-7,84753808","-34,90977038",SPRF-PE,DEL01-PE,UOP02-DEL01-PE
356382,2021-05-08,sábado,11:50:00,PE,101,"45,8",IGARASSU,Pedestre andava na pista,Atropelamento de Pedestre,Com Vítimas Fatais,Pleno dia,Crescente,Nublado,Dupla,Reta,Sim,2,1,0,0,1,0,0,2,"-7,86521297","-34,90715176",SPRF-PE,DEL01-PE,UOP02-DEL01-PE
356401,2021-05-08,sábado,14:40:00,PE,316,100,OURICURI,Transitar na contramão,Tombamento,Com Vítimas Feridas,Pleno dia,Crescente,Céu Claro,Simples,Aclive,Não,1,0,1,0,0,0,1,1,"-7,93798009","-39,94691304",SPRF-PE,DEL05-PE,UOP02-DEL05-PE
356648,2021-05-09,domingo,15:30:00,PE,232,434,SERRA TALHADA,Transitar na contramão,Colisão lateral sentido oposto,Sem Vítimas,Pleno dia,Decrescente,Céu Claro,Simples,Reta,Não,2,0,0,0,2,0,0,2,"-8,00974762","-38,50744192",SPRF-PE,DEL04-PE,UOP01-DEL04-PE
356749,2021-05-09,domingo,16:40:00,PE,232,"214,5",PESQUEIRA,Transitar na contramão,Colisão lateral sentido oposto,Com Vítimas Fatais,Pleno dia,Crescente,Chuva,Simples,Reta,Não,2,1,0,0,1,0,0,2,"-8,3804455","-36,73076279",SPRF-PE,DEL03-PE,UOP02-DEL03-PE
356776,2021-05-10,segunda-feira,01:30:00,PE,232,16,JABOATAO DOS GUARARAPES,Ausência de reação do condutor,Colisão traseira,Sem Vítimas,Plena Noite,Decrescente,Chuva,Dupla,Reta,Não,3,0,0,0,3,0,0,2,"-8,09414193","-35,03716601",SPRF-PE,DEL01-PE,UOP01-DEL01-PE
356837,2021-05-10,segunda-feira,10:00:00,PE,101,"46,5",IGARASSU,Frear bruscamente,Colisão com objeto,Sem Vítimas,Pleno dia,Crescente,Chuva,Múltipla,Reta,Sim,1,0,0,0,1,0,0,1,"-7,87406004","-34,90588126",SPRF-PE,DEL01-PE,UOP02-DEL01-PE
356928,2021-05-10,segunda-feira,18:30:00,PE,101,"32,7",IGARASSU,Manobra de mudança de faixa,Colisão lateral mesmo sentido,Com Vítimas Feridas,Plena Noite,Decrescente,Céu Claro,Dupla,Retorno Regulamentado,Não,2,0,0,1,0,1,1,2,"-7,75972891","-34,93565237",SPRF-PE,DEL01-PE,UOP02-DEL01-PE
357033,2021-04-17,sábado,02:30:00,PE,232,173,BELO JARDIM,Transitar na contramão,Colisão frontal,Com Vítimas Feridas,Plena Noite,Decrescente,Céu Claro,Simples,Reta,Não,2,0,0,1,1,0,1,2,"-8,33916255","-36,36917103",SPRF-PE,DEL02-PE,UOP03-DEL02-PE
357054,2021-05-11,terça-feira,09:30:00,PE,428,1,BELEM DE SAO FRANCISCO,Demais falhas mecânicas ou elétricas,Incêndio,Sem Vítimas,Pleno dia,Crescente,Nublado,Simples,Reta,Não,1,0,0,0,1,0,0,1,"-8,54390248","-39,23498024",SPRF-PE,DEL05-PE,UOP01-DEL05-PE