id,data_inversa,dia_semana,horario,uf,br,km,municipio,causa_acidente,tipo_acidente,classificacao_acidente,fase_dia,sentido_via,condicao_metereologica,tipo_pista,tracado_via,uso_solo,pessoas,mortos,feridos_leves,feridos_graves,ilesos,ignorados,feridos,veiculos,latitude,longitude,regional,delegacia,uop
357094,2021-05-03,segunda-feira,07:40:00,PE,101,152,RIBEIRAO,Reação tardia ou ineficiente do condutor,Tombamento,Com Vítimas Feridas,Pleno dia,Decrescente,Céu Claro,Dupla,Interseção de Vias,Sim,1,0,1,0,0,0,1,1,"-8,510038","-35,385747",SPRF-PE,DEL01-PE,UOP01-DEL01-PE
357105,2021-05-11,terça-feira,01:00:00,PE,232,356,FLORES,Velocidade Incompatível,Saída de leito carroçável,Com Vítimas Feridas,Plena Noite,Decrescente,Garoa/Chuvisco,Simples,Curva,Não,1,0,1,0,0,0,1,1,"-8,04849067","-37,84054579",SPRF-PE,DEL04-PE,UOP01-DEL04-PE
357286,2021-05-12,quarta-feira,09:40:00,PE,101,"175,6",JOAQUIM NABUCO,Demais falhas mecânicas ou elétricas,Incêndio,Sem Vítimas,Pleno dia,Crescente,Céu Claro,Dupla,Reta,Não,1,0,0,0,1,0,0,1,"-8,605658","-35,540172",SPRF-PE,DEL01-PE,UOP01-DEL01-PE
357365,2021-05-12,quarta-feira,22:10:00,PE,101,"71,9",RECIFE,Chuva,Colisão traseira,Com Vítimas Feridas,Plena Noite,Crescente,Chuva,Dupla,Reta,Sim,2,0,1,0,1,0,1,2,"-8,085116","-34,945505",SPRF-PE,DEL01-PE,UOP01-DEL01-PE
357393,2021-03-10,quarta-feira,11:20:00,PE,423,105,GARANHUNS,Transitar na contramão,Colisão lateral sentido oposto,Com Vítimas Feridas,Pleno dia,Crescente,Sol,Simples,Reta,Não,3,0,0,2,1,0,2,2,"-8,87945755","-36,56404811",SPRF-PE,DEL03-PE,UOP01-DEL03-PE
357515,2021-03-05,sexta-feira,20:35:00,PE,232,"255,4",ARCOVERDE,Transitar na contramão,Colisão frontal,Com Vítimas Fatais,Plena Noite,Decrescente,Céu Claro,Simples,Reta,Sim,2,1,0,0,1,0,0,2,"-8,4124021","-37,08493608",SPRF-PE,DEL03-PE,UOP02-DEL03-PE
357753,2021-05-14,sexta-feira,23:20:00,PE,101,70,RECIFE,Ausência de reação do condutor,Colisão traseira,Sem Vítimas,Plena Noite,Decrescente,Chuva,Simples,Curva,Não,2,0,0,0,1,1,0,2,"-8,06776119","-34,94265074",SPRF-PE,DEL01-PE,UOP01-DEL01-PE
357970,2021-05-15,sábado,20:15:00,PE,423,"94,5",GARANHUNS,Ingestão de álcool pelo condutor,Colisão transversal,Sem Vítimas,Plena Noite,Crescente,Nublado,Simples,Interseção de Vias;Reta       ,Sim,4,0,0,0,4,0,0,2,"-8,874732","-36,46946",SPRF-PE,DEL03-PE,UOP01-DEL03-PE
357978,2021-05-15,sábado,23:15:00,PE,232,"401,8",SERRA TALHADA,Condutor Dormindo,Saída de leito carroçável,Com Vítimas Feridas,Plena Noite,Decrescente,Nublado,Simples,Reta,Não,2,0,1,1,0,0,2,1,"-8,01192014","-38,23408003",SPRF-PE,DEL04-PE,UOP01-DEL04-PE
358027,2021-05-16,domingo,06:55:00,PE,232,"10,2",JABOATAO DOS GUARARAPES,Manobra de mudança de faixa,Colisão lateral mesmo sentido,Com Vítimas Feridas,Pleno dia,Decrescente,Nublado,Múltipla,Reta,Sim,5,0,3,0,1,1,3,3,"-8,079686","-34,989267",SPRF-PE,DEL01-PE,UOP01-DEL01-PE
358079,2021-05-16,domingo,13:41:00,PE,232,"163,6",TACAIMBO,Entrada inopinada do pedestre,Atropelamento de Pedestre,Com Vítimas Feridas,Pleno dia,Crescente,Céu Claro,Simples,Reta,Sim,2,0,0,1,1,0,1,2,"-8,33443735","-36,2833786",SPRF-PE,DEL02-PE,UOP03-DEL02-PE
358218,2021-05-16,domingo,22:15:00,PE,232,102,BEZERROS,Problema com o freio,Capotamento,Com Vítimas Feridas,Plena Noite,Crescente,Céu Claro,Simples,Reta,Sim,2,0,0,2,0,0,2,1,"-8,24710671","-35,75844018",SPRF-PE,DEL02-PE,UOP02-DEL02PE
358230,2021-05-16,domingo,18:30:00,PE,101,"134,5",ESCADA,Acessar a via sem observar a presença dos outros veículos,Colisão lateral mesmo sentido,Com Vítimas Fatais,Plena Noite,Decrescente,Céu Claro,Dupla,Reta,Não,4,1,0,1,1,1,1,3,"-8,40994907","-35,28708799",SPRF-PE,DEL01-PE,UOP01-DEL01-PE
358255,2021-04-01,quinta-feira,14:20:00,PE,232,155,SAO CAITANO,Manobra de mudança de faixa,Colisão frontal,Com Vítimas Fatais,Pleno dia,Crescente,Céu Claro,Simples,Reta,Não,3,1,0,0,1,1,0,3,"-8,32878441","-36,20816698",SPRF-PE,DEL02-PE,UOP03-DEL02-PE
358405,2021-05-17,segunda-feira,17:30:00,PE,316,356,PETROLANDIA,Ausência de reação do condutor,Colisão traseira,Com Vítimas Fatais,Anoitecer,Decrescente,Garoa/Chuvisco,Simples,Reta,Não,2,1,0,0,0,1,0,2,"-8,895462","-38,248286",SPRF-PE,DEL04-PE,UOP01-DEL04-PE
358609,2021-05-19,quarta-feira,04:30:00,PE,232,"221,8",PESQUEIRA,Ausência de reação do condutor,Capotamento,Com Vítimas Feridas,Plena Noite,Crescente,Céu Claro,Simples,Reta,Não,1,0,1,0,0,0,1,1,"-8,40095324","-36,79199096",SPRF-PE,DEL03-PE,UOP02-DEL03-PE
358615,2021-05-19,quarta-feira,06:10:00,PE,232,"60,7",POMBOS,Objeto estático sobre o leito carroçável,Colisão com objeto,Sem Vítimas,Pleno dia,Crescente,Céu Claro,Dupla,Reta,Sim,1,0,0,0,1,0,0,1,"-8,14788448","-35,40768085",SPRF-PE,DEL02-PE,UOP02-DEL02PE
358619,2021-05-19,quarta-feira,07:00:00,PE,232,"126,5",CARUARU,Animais na Pista,Colisão traseira,Com Vítimas Feridas,Pleno dia,Crescente,Sol,Dupla,Reta,Sim,3,0,1,0,2,0,1,3,"-8,30819677","-35,95467594",SPRF-PE,DEL02-PE,UOP03-DEL02-PE
358947,2021-05-20,quinta-feira,19:30:00,PE,407,116,PETROLINA,Deficiência do Sistema de Iluminação/Sinalização,Colisão traseira,Com Vítimas Feridas,Plena Noite,Crescente,Céu Claro,Simples,Reta,Não,3,0,1,0,1,1,1,3,"-9,31144","-40,57527",SPRF-PE,DEL06-PE,UOP02-DEL06-PE
358960,2021-05-20,quinta-feira,18:00:00,PE,101,"163,5",AGUA PRETA,Velocidade Incompatível,Tombamento,Com Vítimas Feridas,Plena Noite,Decrescente,Nublado,Dupla,Curva,Não,2,0,1,1,0,0,2,1,"-8,553815","-35,449797",SPRF-PE,DEL01-PE,UOP01-DEL01-PE
359029,2021-05-21,sexta-feira,08:00:00,PE,101,"51,2",PAULISTA,Ausência de reação do condutor,Engavetamento,Com Vítimas Feridas,Pleno dia,Decrescente,Nublado,Múltipla,Reta,Sim,5,0,1,0,2,2,1,5,"-7,9169968","-34,89689272",SPRF-PE,DEL01-PE,UOP02-DEL01-PE
359246,2021-05-22,sábado,08:20:00,PE,232,439,SERRA TALHADA,Ultrapassagem Indevida,Colisão frontal,Com Vítimas Fatais,Pleno dia,Decrescente,Céu Claro,Simples,Curva,Não,2,1,0,0,1,0,0,2,"-8,01044513","-38,55081401",SPRF-PE,DEL04-PE,UOP01-DEL04-PE
359381,2021-05-22,sábado,21:30:00,PE,316,83,OURICURI,Ultrapassagem Indevida,Colisão frontal,Com Vítimas Feridas,Plena Noite,Decrescente,Céu Claro,Simples,Reta,Sim,4,0,0,2,1,1,2,3,"-7,87468608","-40,08532003",SPRF-PE,DEL05-PE,UOP02-DEL05-PE
359666,2021-05-24,segunda-feira,07:00:00,PE,232,8,JABOATAO DOS GUARARAPES,Condutor deixou de manter distância do veículo da frente,Colisão traseira,Com Vítimas Feridas,Pleno dia,Decrescente,Sol,Dupla,Reta,Sim,5,0,1,0,4,0,1,4,"-8,08195464","-34,99545022",SPRF-PE,DEL01-PE,UOP01-DEL01-PE
359894,2021-05-25,terça-feira,14:10:00,PE,232,"81,7",GRAVATA,Reação tardia ou ineficiente do condutor,Colisão traseira,Com Vítimas Feridas,Pleno dia,Decrescente,Céu Claro,Simples,Reta,Sim,2,0,1,0,1,0,1,2,"-8,19697746","-35,57850408",SPRF-PE,DEL02-PE,UOP02-DEL02PE
359960,2021-05-25,terça-feira,20:50:00,PE,101,"191,9",PALMARES,Condutor deixou de manter distância do veículo da frente,Colisão traseira,Sem Vítimas,Plena Noite,Crescente,Nublado,Dupla,Aclive,Não,2,0,0,0,2,0,0,2,"-8,70426509","-35,60781436",SPRF-PE,DEL01-PE,UOP01-DEL01-PE
360084,2021-05-26,quarta-feira,16:00:00,PE,407,"115,5",PETROLINA,Reação tardia ou ineficiente do condutor,Colisão traseira,Sem Vítimas,Pleno dia,Decrescente,Céu Claro,Simples,Interseção de Vias,Não,4,0,0,0,3,1,0,3,"-9,2990308","-40,58250065",SPRF-PE,DEL06-PE,UOP02-DEL06-PE
360360,2021-05-27,quinta-feira,22:00:00,PE,428,"160,9",PETROLINA,Ingestão de álcool pelo condutor,Colisão lateral sentido oposto,Com Vítimas Feridas,Plena Noite,Decrescente,Céu Claro,Simples,Reta,Não,2,0,0,1,1,0,1,2,"-9,163262","-40,366531",SPRF-PE,DEL06-PE,UOP01-DEL06-PE
360427,2021-05-28,sexta-feira,07:25:00,PE,232,450,SAO JOSE DO BELMONTE,Reação tardia ou ineficiente do condutor,Colisão transversal,Com Vítimas Feridas,Pleno dia,Crescente,Céu Claro,Simples,Reta,Não,2,0,1,0,1,0,1,2,"-7,98214482","-38,63480402",SPRF-PE,DEL04-PE,UOP01-DEL04-PE
360518,2021-05-28,sexta-feira,18:20:00,PE,101,80,JABOATAO DOS GUARARAPES,Acessar a via sem observar a presença dos outros veículos,Colisão transversal,Com Vítimas Feridas,Plena Noite,Crescente,Nublado,Dupla,Reta,Sim,2,0,1,0,1,0,1,2,"-8,15112589","-34,9428866",SPRF-PE,DEL01-PE,UOP01-DEL01-PE
360696,2021-05-29,sábado,08:50:00,PE,101,73,RECIFE,Acessar a via sem observar a presença dos outros veículos,Colisão lateral mesmo sentido,Com Vítimas Feridas,Pleno dia,Decrescente,Céu Claro,Dupla,Curva,Sim,2,0,1,0,0,1,1,2,"-8,093369","-34,947464",SPRF-PE,DEL01-PE,UOP01-DEL01-PE
360943,2021-05-23,domingo,00:45:00,PE,232,"394,3",SERRA TALHADA,Manobra de mudança de faixa,Colisão frontal,Com Vítimas Feridas,Plena Noite,Decrescente,Céu Claro,Simples,Reta,Não,3,0,2,0,1,0,2,2,"-8,02740225","-38,17500114",SPRF-PE,DEL04-PE,UOP01-DEL04-PE
360959,2021-04-15,quinta-feira,15:00:00,PE,428,108,SANTA MARIA DA BOA VISTA,Mal súbito do condutor,Colisão lateral sentido oposto,Com Vítimas Feridas,Pleno dia,Crescente,Céu Claro,Simples,Reta,Não,3,0,2,0,0,1,2,3,"-8,87327346","-40,01846372",SPRF-PE,DEL06-PE,UOP03-DEL06-PE
361117,2021-05-31,segunda-feira,07:20:00,PE,101,"127,8",ESCADA,Reação tardia ou ineficiente do condutor,Atropelamento de Pedestre,Com Vítimas Feridas,Pleno dia,Decrescente,Sol,Dupla,Reta,Sim,3,0,0,2,1,0,2,2,"-8,37472564","-35,23663257",SPRF-PE,DEL01-PE,UOP01-DEL01-PE
361227,2021-03-13,sábado,20:30:00,PE,101,"42,6",IGARASSU,Manobra de mudança de faixa,Colisão transversal,Com Vítimas Feridas,Plena Noite,Decrescente,Vento,Múltipla,Declive,Sim,16,0,12,2,2,0,14,2,"-7,83887431","-34,91196739",SPRF-PE,DEL01-PE,UOP02-DEL01-PE
361290,2021-05-31,segunda-feira,21:00:00,PE,101,"8,6",GOIANA,Transitar na contramão,Colisão frontal,Com Vítimas Fatais,Plena Noite,Decrescente,Vento,Dupla,Reta,Não,2,1,0,0,0,1,0,2,"-7,56898134","-34,98959891",SPRF-PE,DEL01-PE,UOP02-DEL01-PE
361299,2021-06-01,terça-feira,00:30:00,PE,232,13,JABOATAO DOS GUARARAPES,Acessar a via sem observar a presença dos outros veículos,Colisão lateral mesmo sentido,Com Vítimas Fatais,Amanhecer,Decrescente,Chuva,Dupla,Declive,Não,3,1,0,1,0,1,1,2,"-8,08678","-35,005311",SPRF-PE,DEL01-PE,UOP01-DEL01-PE
361538,2021-06-02,quarta-feira,00:30:00,PE,428,"93,7",SANTA MARIA DA BOA VISTA,Transitar na contramão,Tombamento,Sem Vítimas,Plena Noite,Decrescente,Ignorado,Simples,Reta,Não,2,0,0,0,1,1,0,2,"-8,80627","-39,90485",SPRF-PE,DEL06-PE,UOP03-DEL06-PE
361542,2021-06-02,quarta-feira,11:00:00,PE,101,"77,4",RECIFE,Desrespeitar a preferência no cruzamento,Tombamento,Com Vítimas Feridas,Pleno dia,Crescente,Céu Claro,Dupla,Reta,Não,2,0,1,0,0,1,1,2,"-8,126982","-34,94386",SPRF-PE,DEL01-PE,UOP01-DEL01-PE
361570,2021-06-02,quarta-feira,13:10:00,PE,423,"84,2",SAO JOAO,Reação tardia ou ineficiente do condutor,Saída de leito carroçável,Sem Vítimas,Pleno dia,Crescente,Céu Claro,Simples,Declive,Não,1,0,0,0,1,0,0,1,"-8,798195","-36,43809",SPRF-PE,DEL03-PE,UOP01-DEL03-PE
361720,2021-06-03,quinta-feira,06:00:00,PE,101,77,RECIFE,Condutor deixou de manter distância do veículo da frente,Colisão traseira,Com Vítimas Feridas,Pleno dia,Decrescente,Nublado,Dupla,Retorno Regulamentado,Sim,2,0,1,0,1,0,1,2,"-8,13137","-34,945335",SPRF-PE,DEL01-PE,UOP01-DEL01-PE
361751,2021-06-03,quinta-feira,07:50:00,PE,101,"62,3",RECIFE,Manobra de mudança de faixa,Colisão com objeto,Sem Vítimas,Pleno dia,Crescente,Céu Claro,Dupla,Reta,Sim,2,0,0,0,1,1,0,2,"-7,99905898","-34,93899295",SPRF-PE,DEL01-PE,UOP02-DEL01-PE
361781,2021-06-03,quinta-feira,10:53:00,PE,408,65,CARPINA,Ausência de reação do condutor,Colisão traseira,Com Vítimas Feridas,Pleno dia,Decrescente,Céu Claro,Dupla,Reta,Sim,2,0,0,1,1,0,1,2,"-7,85059029","-35,23198016",SPRF-PE,DEL01-PE,UOP01-DEL01-PE
362172,2021-06-05,sábado,12:50:00,PE,423,"68,4",JUPI,Manobra de mudança de faixa,Colisão lateral mesmo sentido,Com Vítimas Feridas,Pleno dia,Crescente,Chuva,Simples,Aclive,Não,2,0,1,0,1,0,1,2,"-8,67263685","-36,39346504",SPRF-PE,DEL03-PE,UOP01-DEL03-PE
362192,2021-06-05,sábado,15:00:00,PE,428,"108,4",SANTA MARIA DA BOA VISTA,Ausência de reação do condutor,Colisão frontal,Com Vítimas Fatais,Pleno dia,Crescente,Céu Claro,Simples,Reta,Não,3,2,0,0,1,0,0,2,"-8,87327346","-40,01846372",SPRF-PE,DEL06-PE,UOP03-DEL06-PE
362286,2021-06-05,sábado,19:50:00,PE,316,60,TRINDADE,Ingestão de álcool pelo condutor,Colisão traseira,Com Vítimas Feridas,Plena Noite,Decrescente,Céu Claro,Simples,Reta,Sim,2,0,1,0,0,1,1,2,"-7,77005418","-40,2584535",SPRF-PE,DEL05-PE,UOP02-DEL05-PE
362539,2021-06-07,segunda-feira,02:00:00,PE,232,"25,5",MORENO,Ingestão de álcool pelo condutor,Colisão frontal,Sem Vítimas,Plena Noite,Decrescente,Nublado,Dupla,Reta,Não,2,0,0,0,2,0,0,2,"-8,113733","-35,113137",SPRF-PE,DEL01-PE,UOP01-DEL01-PE
362605,2021-06-07,segunda-feira,08:30:00,PE,101,"32,9",IGARASSU,Ausência de reação do condutor,Colisão traseira,Sem Vítimas,Pleno dia,Decrescente,Nublado,Dupla,Reta,Não,2,0,0,0,2,0,0,2,"-7,7603842","-34,93543983",SPRF-PE,DEL01-PE,UOP02-DEL01-PE
362702,2021-06-07,segunda-feira,17:10:00,PE,101,94,CABO DE SANTO AGOSTINHO,Carga excessiva e/ou mal acondicionada,Tombamento,Sem Vítimas,Plena Noite,Decrescente,Nublado,Dupla,Interseção de Vias;Rotatória  ,Sim,1,0,0,0,1,0,0,1,"-8,24829064","-35,00697936",SPRF-PE,DEL01-PE,UOP01-DEL01-PE
362769,2021-06-08,terça-feira,05:00:00,PE,428,1,BELEM DE SAO FRANCISCO,Acessar a via sem observar a presença dos outros veículos,Colisão traseira,Com Vítimas Feridas,Amanhecer,Crescente,Céu Claro,Simples,Reta,Não,2,0,1,0,1,0,1,2,"-8,54390248","-39,23498024",SPRF-PE,DEL05-PE,UOP01-DEL05-PE
362862,2021-06-08,terça-feira,15:05:00,PE,101,"65,9",RECIFE,Reação tardia ou ineficiente do condutor,Colisão traseira,Com Vítimas Feridas,Pleno dia,Decrescente,Chuva,Múltipla,Reta,Sim,2,0,0,1,1,0,1,2,"-8,032878","-34,941928",SPRF-PE,DEL01-PE,UOP01-DEL01-PE
362957,2021-06-09,quarta-feira,01:00:00,PE,101,"8,3",GOIANA,Ingestão de álcool e/ou substâncias psicoativas pelo pedestre,Colisão frontal,Com Vítimas Feridas,Plena Noite,Decrescente,Chuva,Dupla,Curva,Não,2,0,1,0,1,0,1,2,"-7,56898134","-34,98959891",SPRF-PE,DEL01-PE,UOP02-DEL01-PE
363001,2021-06-09,quarta-feira,06:30:00,PE,101,124,ESCADA,Reação tardia ou ineficiente do condutor,Colisão traseira,Com Vítimas Feridas,Pleno dia,Crescente,Céu Claro,Dupla,Reta,Sim,2,0,0,1,1,0,1,2,"-8,361745","-35,213108",SPRF-PE,DEL01-PE,UOP01-DEL01-PE
363101,2021-05-27,quinta-feira,16:00:00,PE,110,"104,1",SERTANIA,Curva acentuada,Colisão frontal,Com Vítimas Fatais,Pleno dia,Crescente,Céu Claro,Simples,Curva,Não,4,1,0,0,2,1,0,2,"-8,3988809","-37,34819098",SPRF-PE,DEL03-PE,UOP02-DEL03-PE
363187,2021-06-10,quinta-feira,06:15:00,PE,232,407,SERRA TALHADA,Neblina,Colisão traseira,Com Vítimas Feridas,Amanhecer,Crescente,Nublado,Simples,Reta,Não,5,0,3,0,2,0,3,2,"-7,9854402","-38,27148304",SPRF-PE,DEL04-PE,UOP01-DEL04-PE
363364,2021-06-11,sexta-feira,03:20:00,PE,232,59,POMBOS,Acesso irregular,Colisão transversal,Com Vítimas Fatais,Plena Noite,Crescente,Céu Claro,Dupla,Reta,Sim,2,1,0,0,1,0,0,2,"-8,1471233","-35,39890998",SPRF-PE,DEL02-PE,UOP02-DEL02PE
363413,2021-06-11,sexta-feira,08:20:00,PE,423,"94,7",GARANHUNS,Reação tardia ou ineficiente do condutor,Colisão traseira,Com Vítimas Feridas,Pleno dia,Decrescente,Céu Claro,Simples,Reta,Sim,2,0,1,0,0,1,1,2,"-8,874732","-36,46946",SPRF-PE,DEL03-PE,UOP01-DEL03-PE
363414,2021-06-11,sexta-feira,09:50:00,PE,428,"187,9",PETROLINA,Condutor deixou de manter distância do veículo da frente,Colisão traseira,Sem Vítimas,Pleno dia,Crescente,Céu Claro,Simples,Rotatória,Sim,2,0,0,0,2,0,0,2,"-9,35604301","-40,47854198",SPRF-PE,DEL06-PE,UOP01-DEL06-PE
363503,2021-06-11,sexta-feira,17:30:00,PE,101,"68,2",RECIFE,Manobra de mudança de faixa,Colisão lateral mesmo sentido,Sem Vítimas,Amanhecer,Crescente,Nublado,Simples,Rotatória,Sim,2,0,0,0,2,0,0,2,"-8,039699","-34,89618301",SPRF-PE,DEL01-PE,UOP01-DEL01-PE
363671,2021-06-12,sábado,10:40:00,PE,101,70,RECIFE,Ingestão de álcool pelo condutor,Saída de leito carroçável,Sem Vítimas,Pleno dia,Decrescente,Céu Claro,Dupla,Curva,Sim,4,0,0,0,1,3,0,2,"-8,06776119","-34,94265074",SPRF-PE,DEL01-PE,UOP01-DEL01-PE
363689,2021-06-12,sábado,12:30:00,PE,101,70,RECIFE,Obras na pista,Colisão lateral mesmo sentido,Com Vítimas Feridas,Pleno dia,Decrescente,Céu Claro,Simples,Em Obras,Sim,2,0,1,0,1,0,1,2,"-8,06776119","-34,94265074",SPRF-PE,DEL01-PE,UOP01-DEL01-PE
363726,2021-06-12,sábado,17:45:00,PE,316,"3,4",ARARIPINA,Manobra de mudança de faixa,Colisão frontal,Com Vítimas Fatais,Anoitecer,Decrescente,Céu Claro,Simples,Reta,Não,2,1,0,0,1,0,0,2,"-7,45623884","-40,63650592",SPRF-PE,DEL05-PE,UOP02-DEL05-PE
364025,2021-06-13,domingo,23:00:00,PE,428,"141,9",PETROLINA,Ingestão de álcool pelo condutor,Colisão lateral sentido oposto,Com Vítimas Feridas,Plena Noite,Crescente,Céu Claro,Simples,Reta,Sim,2,0,0,1,1,0,1,2,"-8,99987394","-40,2721263",SPRF-PE,DEL06-PE,UOP01-DEL06-PE
364123,2021-06-14,segunda-feira,07:30:00,PE,428,"137,8",LAGOA GRANDE,Demais falhas mecânicas ou elétricas,Colisão traseira,Com Vítimas Feridas,Pleno dia,Crescente,Céu Claro,Simples,Reta,Não,2,0,1,0,1,0,1,2,"-8,97889942","-40,24736375",SPRF-PE,DEL06-PE,UOP03-DEL06-PE
364129,2021-06-14,segunda-feira,09:00:00,PE,101,"167,8",AGUA PRETA,Condutor deixou de manter distância do veículo da frente,Colisão traseira,Sem Vítimas,Pleno dia,Decrescente,Nublado,Dupla,Reta,Não,2,0,0,0,2,0,0,2,"-8,56679186","-35,47528312",SPRF-PE,DEL01-PE,UOP01-DEL01-PE
364206,2021-06-14,segunda-feira,16:40:00,PE,232,179,BELO JARDIM,Transitar na contramão,Colisão frontal,Com Vítimas Feridas,Pleno dia,Crescente,Céu Claro,Simples,Reta,Sim,4,0,1,0,3,0,1,4,"-8,34363029","-36,42454863",SPRF-PE,DEL02-PE,UOP03-DEL02-PE
364235,2021-06-14,segunda-feira,20:00:00,PE,428,"168,5",PETROLINA,Desvio temporário,Colisão frontal,Com Vítimas Fatais,Plena Noite,Crescente,Céu Claro,Simples,Reta,Não,2,1,0,0,1,0,0,2,"-9,20669407","-40,39689092",SPRF-PE,DEL06-PE,UOP01-DEL06-PE
364241,2021-05-18,terça-feira,06:00:00,PE,232,121,CARUARU,Velocidade Incompatível,Colisão traseira,Com Vítimas Feridas,Pleno dia,Decrescente,Sol,Dupla,Reta,Não,2,0,1,0,1,0,1,2,"-8,30018257","-35,91071184",SPRF-PE,DEL02-PE,UOP03-DEL02-PE
364304,2021-06-15,terça-feira,08:00:00,PE,101,96,CABO DE SANTO AGOSTINHO,Acesso irregular,Colisão transversal,Com Vítimas Feridas,Pleno dia,Decrescente,Céu Claro,Dupla,Reta,Sim,2,0,1,0,1,0,1,2,"-8,25146993","-35,021805",SPRF-PE,DEL01-PE,UOP01-DEL01-PE
364335,2021-06-15,terça-feira,11:55:00,PE,232,408,SERRA TALHADA,Acessar a via sem observar a presença dos outros veículos,Colisão transversal,Com Vítimas Feridas,Pleno dia,Crescente,Céu Claro,Simples,Reta,Sim,3,0,0,2,1,0,2,2,"-7,98371447","-38,28047709",SPRF-PE,DEL04-PE,UOP01-DEL04-PE
364354,2021-06-15,terça-feira,14:30:00,PE,423,"81,6",JUCATI,Condutor deixou de manter distância do veículo da frente,Colisão traseira,Sem Vítimas,Pleno dia,Decrescente,Nublado,Simples,Reta,Não,2,0,0,0,2,0,0,2,"-8,77445381","-36,42734142",SPRF-PE,DEL03-PE,UOP01-DEL03-PE
364510,2021-05-31,segunda-feira,17:45:00,PE,232,"126,2",CARUARU,Reação tardia ou ineficiente do condutor,Colisão lateral mesmo sentido,Com Vítimas Feridas,Plena Noite,Decrescente,Chuva,Dupla,Declive,Sim,7,0,1,3,2,1,4,6,"-8,30819677","-35,95467594",SPRF-PE,DEL02-PE,UOP03-DEL02-PE
364527,2021-06-16,quarta-feira,12:40:00,PE,110,"221,2",PETROLANDIA,Manobra de mudança de faixa,Colisão transversal,Com Vítimas Fatais,Pleno dia,Decrescente,Céu Claro,Simples,Reta,Não,3,1,1,0,1,0,1,2,"-9,00936293","-38,22421706",SPRF-BA,DEL07-BA,UOP01-DEL07-BA
364539,2021-05-19,quarta-feira,19:00:00,PE,101,"9,5",GOIANA,Velocidade Incompatível,Colisão com objeto,Com Vítimas Fatais,Plena Noite,Decrescente,Céu Claro,Dupla,Declive;Reta                  ,Não,3,1,2,0,0,0,2,1,"-7,57788903","-34,98847822",SPRF-PE,DEL01-PE,UOP02-DEL01-PE
364572,2021-06-16,quarta-feira,22:40:00,PE,232,15,JABOATAO DOS GUARARAPES,Condutor Dormindo,Saída de leito carroçável,Com Vítimas Feridas,Plena Noite,Decrescente,Céu Claro,Dupla,Curva,Não,1,0,1,0,0,0,1,1,"-8,09137732","-35,02917918",SPRF-PE,DEL01-PE,UOP01-DEL01-PE
364656,2021-06-17,quinta-feira,12:30:00,PE,101,82,JABOATAO DOS GUARARAPES,Condutor deixou de manter distância do veículo da frente,Colisão traseira,Sem Vítimas,Pleno dia,Decrescente,Céu Claro,Dupla,Interseção de Vias,Sim,2,0,0,0,2,0,0,2,"-8,168383","-34,9376",SPRF-PE,DEL01-PE,UOP01-DEL01-PE
364689,2021-06-17,quinta-feira,15:20:00,PE,101,68,RECIFE,Reação tardia ou ineficiente do condutor,Engavetamento,Sem Vítimas,Pleno dia,Crescente,Sol,Múltipla,Declive,Sim,4,0,0,0,3,1,0,4,"-8,05074296","-34,94580619",SPRF-PE,DEL01-PE,UOP01-DEL01-PE
364729,2021-06-17,quinta-feira,18:20:00,PE,101,"64,5",RECIFE,Manobra de mudança de faixa,Colisão lateral mesmo sentido,Com Vítimas Feridas,Plena Noite,Crescente,Nublado,Dupla,Reta,Sim,3,0,2,0,1,0,2,2,"-8,0162921","-34,94045886",SPRF-PE,DEL01-PE,UOP01-DEL01-PE
365044,2021-06-19,sábado,02:50:00,PE,101,178,JOAQUIM NABUCO,Ausência de reação do condutor,Colisão traseira,Com Vítimas Feridas,Plena Noite,Crescente,Nublado,Dupla,Reta,Não,4,0,1,0,1,2,1,3,"-8,62108477","-35,55116105",SPRF-PE,DEL01-PE,UOP01-DEL01-PE
365075,2021-06-19,sábado,09:40:00,PE,232,130,CARUARU,Manobra de mudança de faixa,Colisão lateral mesmo sentido,Com Vítimas Feridas,Pleno dia,Crescente,Céu Claro,Dupla,Reta,Sim,2,0,1,0,1,0,1,2,"-8,30117613","-35,99843996",SPRF-PE,DEL02-PE,UOP03-DEL02-PE
365087,2021-06-19,sábado,07:30:00,PE,101,"95,3",CABO DE SANTO AGOSTINHO,Velocidade Incompatível,Colisão com objeto,Com Vítimas Feridas,Pleno dia,Decrescente,Garoa/Chuvisco,Simples,Curva,Sim,1,0,1,0,0,0,1,1,"-8,25099","-35,01426",SPRF-PE,DEL01-PE,UOP01-DEL01-PE
365364,2021-06-20,domingo,16:30:00,PE,232,68,GRAVATA,Demais falhas mecânicas ou elétricas,Eventos atípicos,Sem Vítimas,Pleno dia,Decrescente,Céu Claro,Simples,Curva,Não,1,0,0,0,1,0,0,1,"-8,172659","-35,470528",SPRF-PE,DEL02-PE,UOP02-DEL02PE
365521,2021-06-21,segunda-feira,08:30:00,PE,232,410,SERRA TALHADA,Reação tardia ou ineficiente do condutor,Colisão transversal,Com Vítimas Feridas,Pleno dia,Decrescente,Céu Claro,Simples,Reta,Sim,3,0,1,1,1,0,2,2,"-7,98261841","-38,30039606",SPRF-PE,DEL04-PE,UOP01-DEL04-PE