id,data_inversa,dia_semana,horario,uf,br,km,municipio,causa_acidente,tipo_acidente,classificacao_acidente,fase_dia,sentido_via,condicao_metereologica,tipo_pista,tracado_via,uso_solo,pessoas,mortos,feridos_leves,feridos_graves,ilesos,ignorados,feridos,veiculos,latitude,longitude,regional,delegacia,uop
365546,2021-06-21,segunda-feira,12:50:00,PE,101,68,RECIFE,Condutor deixou de manter distância do veículo da frente,Tombamento,Com Vítimas Feridas,Pleno dia,Decrescente,Céu Claro,Múltipla,Viaduto,Sim,3,0,1,1,1,0,2,2,"-8,05074296","-34,94580619",SPRF-PE,DEL01-PE,UOP01-DEL01-PE
365548,2021-06-21,segunda-feira,12:05:00,PE,428,"178,1",PETROLINA,Acessar a via sem observar a presença dos outros veículos,Colisão lateral mesmo sentido,Com Vítimas Feridas,Pleno dia,Decrescente,Céu Claro,Simples,Reta,Não,3,0,1,0,1,1,1,3,"-9,2842098","-40,4416324",SPRF-PE,DEL06-PE,UOP01-DEL06-PE
365559,2021-06-21,segunda-feira,14:30:00,PE,101,"57,5",RECIFE,Velocidade Incompatível,Colisão traseira,Com Vítimas Feridas,Pleno dia,Decrescente,Nublado,Dupla,Reta,Não,3,0,1,0,1,1,1,3,"-7,96346213","-34,91513486",SPRF-PE,DEL01-PE,UOP02-DEL01-PE
365647,2021-06-21,segunda-feira,19:50:00,PE,104,65,CARUARU,Demais falhas na via,Colisão lateral mesmo sentido,Com Vítimas Feridas,Plena Noite,Decrescente,Céu Claro,Múltipla,Interseção de Vias,Sim,2,0,1,0,1,0,1,2,"-8,2867","-35,9838",SPRF-PE,DEL02-PE,UOP01-DEL02-PE
365794,2021-06-22,terça-feira,18:15:00,PE,316,"51,3",TRINDADE,Transitar na contramão,Colisão lateral sentido oposto,Com Vítimas Feridas,Plena Noite,Decrescente,Nublado,Simples,Reta,Não,2,0,1,0,1,0,1,2,"-7,72294032","-40,31620626",SPRF-PE,DEL05-PE,UOP02-DEL05-PE
365862,2021-06-23,quarta-feira,06:30:00,PE,423,"95,6",GARANHUNS,Ausência de reação do condutor,Colisão lateral sentido oposto,Com Vítimas Feridas,Pleno dia,Decrescente,Nublado,Simples,Curva,Sim,2,0,1,0,1,0,1,2,"-8,87891989","-36,47796305",SPRF-PE,DEL03-PE,UOP01-DEL03-PE
366042,2021-06-23,quarta-feira,19:30:00,PE,423,"49,6",CACHOEIRINHA,Reação tardia ou ineficiente do condutor,Colisão frontal,Com Vítimas Fatais,Plena Noite,Decrescente,Chuva,Simples,Reta,Não,3,1,1,0,1,0,1,3,"-8,56557215","-36,27905975",SPRF-PE,DEL03-PE,UOP01-DEL03-PE
366054,2021-06-24,quinta-feira,04:30:00,PE,428,"148,6",PETROLINA,Ingestão de álcool pelo condutor,Colisão frontal,Com Vítimas Feridas,Plena Noite,Decrescente,Nublado,Simples,Reta,Não,3,0,0,1,1,1,1,2,"-9,068236","-40,31028",SPRF-PE,DEL06-PE,UOP01-DEL06-PE
366284,2021-06-25,sexta-feira,07:30:00,PE,232,8,RECIFE,Condutor deixou de manter distância do veículo da frente,Colisão traseira,Com Vítimas Feridas,Pleno dia,Decrescente,Céu Claro,Dupla,Reta,Sim,2,0,0,1,1,0,1,2,"-8,07583727","-34,97015791",SPRF-PE,DEL01-PE,UOP01-DEL01-PE
366330,2021-06-25,sexta-feira,09:40:00,PE,101,"64,1",RECIFE,Ausência de reação do condutor,Colisão traseira,Sem Vítimas,Pleno dia,Crescente,Sol,Dupla,Reta,Sim,2,0,0,0,2,0,0,2,"-8,01627","-34,941959",SPRF-PE,DEL01-PE,UOP01-DEL01-PE
366589,2021-06-19,sábado,05:00:00,PE,101,"43,9",IGARASSU,Reação tardia ou ineficiente do condutor,Colisão lateral mesmo sentido,Sem Vítimas,Amanhecer,Crescente,Céu Claro,Múltipla,Reta,Sim,2,0,0,0,2,0,0,2,"-7,8555414","-34,9088337",SPRF-PE,DEL01-PE,UOP02-DEL01-PE
367062,2021-06-28,segunda-feira,16:30:00,PE,104,"67,3",CARUARU,Mal súbito do condutor,Colisão com objeto,Sem Vítimas,Pleno dia,Decrescente,Céu Claro,Dupla,Reta,Sim,4,0,0,0,3,1,0,4,"-8,3016","-35,9882",SPRF-PE,DEL02-PE,UOP01-DEL02-PE
367271,2021-06-29,terça-feira,20:10:00,PE,101,37,IGARASSU,Acessar a via sem observar a presença dos outros veículos,Colisão transversal,Sem Vítimas,Plena Noite,Crescente,Nublado,Dupla,Reta;Aclive                   ,Não,2,0,0,0,2,0,0,2,"-7,79726705","-34,9274932",SPRF-PE,DEL01-PE,UOP02-DEL01-PE
367371,2021-06-02,quarta-feira,22:15:00,PE,232,"73,9",GRAVATA,Iluminação deficiente,Colisão traseira,Com Vítimas Feridas,Plena Noite,Crescente,Nublado,Simples,Reta,Não,6,0,1,1,2,2,2,4,"-8,19060018","-35,50931093",SPRF-PE,DEL02-PE,UOP02-DEL02PE
367410,2021-06-30,quarta-feira,16:30:00,PE,232,221,PESQUEIRA,Transitar na contramão,Colisão lateral sentido oposto,Com Vítimas Feridas,Pleno dia,Decrescente,Céu Claro,Simples,Reta,Não,4,0,1,1,2,0,2,2,"-8,40095324","-36,79199096",SPRF-PE,DEL03-PE,UOP02-DEL03-PE
367654,2021-07-01,quinta-feira,19:45:00,PE,423,"21,9",SAO CAITANO,Ingestão de álcool pelo condutor,Colisão frontal,Com Vítimas Feridas,Plena Noite,Crescente,Céu Claro,Simples,Reta,Não,3,0,1,1,1,0,2,2,"-8,34587741","-36,16528759",SPRF-PE,DEL02-PE,UOP03-DEL02-PE
367778,2021-07-02,sexta-feira,13:05:00,PE,101,"9,5",GOIANA,Condutor deixou de manter distância do veículo da frente,Colisão traseira,Com Vítimas Feridas,Pleno dia,Crescente,Céu Claro,Dupla,Reta,Não,2,0,1,0,1,0,1,2,"-7,57788903","-34,98847822",SPRF-PE,DEL01-PE,UOP02-DEL01-PE
368132,2021-07-03,sábado,19:30:00,PE,101,"85,1",JABOATAO DOS GUARARAPES,Acessar a via sem observar a presença dos outros veículos,Tombamento,Com Vítimas Feridas,Plena Noite,Decrescente,Chuva,Dupla,Reta,Sim,1,0,1,0,0,0,1,1,"-8,18065563","-34,95965322",SPRF-PE,DEL01-PE,UOP01-DEL01-PE
368179,2021-07-04,domingo,01:01:00,PE,316,76,OURICURI,Manobra de mudança de faixa,Colisão frontal,Com Vítimas Fatais,Plena Noite,Decrescente,Chuva,Simples,Reta,Não,2,1,0,0,1,0,0,2,"-7,83927563","-40,13676572",SPRF-PE,DEL05-PE,UOP02-DEL05-PE
368317,2021-07-04,domingo,18:45:00,PE,407,"68,9",PETROLINA,Condutor Dormindo,Colisão transversal,Com Vítimas Feridas,Plena Noite,Crescente,Céu Claro,Simples,Reta,Não,2,0,0,1,1,0,1,2,"-8,9139989","-40,74412076",SPRF-PE,DEL06-PE,UOP02-DEL06-PE
368379,2021-07-04,domingo,22:00:00,PE,232,"136,7",CARUARU,Condutor deixou de manter distância do veículo da frente,Colisão traseira,Com Vítimas Fatais,Plena Noite,Crescente,Céu Claro,Dupla,Aclive,Não,2,1,0,0,1,0,0,2,"-8,31339932","-36,04175591",SPRF-PE,DEL02-PE,UOP03-DEL02-PE
368423,2021-07-05,segunda-feira,05:35:00,PE,232,"38,1",VITORIA DE SANTO ANTAO,Velocidade Incompatível,Engavetamento,Com Vítimas Fatais,Amanhecer,Decrescente,Garoa/Chuvisco,Dupla,Aclive,Não,9,1,2,0,5,1,2,7,"-8,115526","-35,219997",SPRF-PE,DEL01-PE,UOP01-DEL01-PE
368428,2021-07-05,segunda-feira,05:30:00,PE,101,"64,7",RECIFE,Velocidade Incompatível,Colisão lateral mesmo sentido,Sem Vítimas,Pleno dia,Crescente,Céu Claro,Dupla,Reta,Não,3,0,0,0,2,1,0,3,"-8,0162921","-34,94045886",SPRF-PE,DEL01-PE,UOP01-DEL01-PE
368430,2021-07-05,segunda-feira,05:50:00,PE,101,85,JABOATAO DOS GUARARAPES,Demais falhas mecânicas ou elétricas,Incêndio,Sem Vítimas,Pleno dia,Decrescente,Céu Claro,Dupla,Reta,Não,1,0,0,0,1,0,0,1,"-8,18065563","-34,95965322",SPRF-PE,DEL01-PE,UOP01-DEL01-PE
368481,2021-07-05,segunda-feira,09:15:00,PE,101,"9,3",GOIANA,Reação tardia ou ineficiente do condutor,Colisão com objeto,Com Vítimas Feridas,Pleno dia,Decrescente,Sol,Dupla,Reta,Não,1,0,0,1,0,0,1,1,"-7,57788903","-34,98847822",SPRF-PE,DEL01-PE,UOP02-DEL01-PE
368511,2021-04-23,sexta-feira,14:35:00,PE,101,33,ITAPISSUMA,Animais na Pista,Colisão transversal,Com Vítimas Feridas,Pleno dia,Decrescente,Céu Claro,Múltipla,Reta,Não,4,0,0,3,1,0,3,2,"-7,761909","-34,935654",SPRF-PE,DEL01-PE,UOP02-DEL01-PE
368558,2021-07-05,segunda-feira,16:30:00,PE,232,8,RECIFE,Deficiência do Sistema de Iluminação/Sinalização,Colisão transversal,Com Vítimas Feridas,Pleno dia,Crescente,Céu Claro,Múltipla,Retorno Regulamentado,Sim,3,0,2,0,1,0,2,2,"-8,07583727","-34,97015791",SPRF-PE,DEL01-PE,UOP01-DEL01-PE
368868,2021-07-06,terça-feira,21:00:00,PE,104,"23,5",TAQUARITINGA DO NORTE,Condutor Dormindo,Saída de leito carroçável,Com Vítimas Feridas,Plena Noite,Decrescente,Céu Claro,Simples,Curva,Não,1,0,1,0,0,0,1,1,"-7,97182","-36,109932",SPRF-PE,DEL02-PE,UOP01-DEL02-PE
368914,2021-07-07,quarta-feira,08:40:00,PE,232,"164,5",TACAIMBO,Condutor deixou de manter distância do veículo da frente,Colisão traseira,Com Vítimas Fatais,Pleno dia,Decrescente,Céu Claro,Simples,Reta;Declive                  ,Não,2,1,0,0,1,0,0,2,"-8,336103","-36,293479",SPRF-PE,DEL02-PE,UOP03-DEL02-PE
369026,2021-07-07,quarta-feira,18:50:00,PE,428,"183,3",PETROLINA,Velocidade Incompatível,Colisão frontal,Com Vítimas Feridas,Plena Noite,Crescente,Céu Claro,Simples,Reta,Sim,2,0,0,1,1,0,1,2,"-9,337566","-40,468917",SPRF-PE,DEL06-PE,UOP01-DEL06-PE
369244,2021-07-08,quinta-feira,20:00:00,PE,423,"61,9",LAJEDO,Velocidade Incompatível,Colisão traseira,Com Vítimas Fatais,Plena Noite,Decrescente,Céu Claro,Simples,Reta,Sim,4,3,0,0,1,0,0,2,"-8,65805731","-36,32866993",SPRF-PE,DEL03-PE,UOP01-DEL03-PE
369264,2021-07-08,quinta-feira,23:00:00,PE,428,1,CABROBO,Ingestão de álcool pelo condutor,Colisão frontal,Com Vítimas Feridas,Plena Noite,Decrescente,Céu Claro,Simples,Reta,Não,2,0,1,0,0,1,1,2,"-8,54390248","-39,23498024",SPRF-PE,DEL05-PE,UOP01-DEL05-PE
369658,2021-07-10,sábado,15:30:00,PE,101,"37,8",IGARASSU,Demais falhas mecânicas ou elétricas,Saída de leito carroçável,Com Vítimas Feridas,Pleno dia,Crescente,Céu Claro,Dupla,Declive,Não,1,0,1,0,0,0,1,1,"-7,79726705","-34,9274932",SPRF-PE,DEL01-PE,UOP02-DEL01-PE
370035,2021-07-11,domingo,22:20:00,PE,232,"22,3",MORENO,Ausência de reação do condutor,Saída de leito carroçável,Com Vítimas Feridas,Plena Noite,Decrescente,Nublado,Dupla,Reta,Não,2,0,1,0,1,0,1,1,"-8,09712273","-35,088592",SPRF-PE,DEL01-PE,UOP01-DEL01-PE
370051,2021-07-11,domingo,23:00:00,PE,232,133,CARUARU,Reação tardia ou ineficiente do condutor,Colisão traseira,Com Vítimas Feridas,Plena Noite,Crescente,Nublado,Múltipla,Reta,Sim,2,0,0,1,1,0,1,2,"-8,30607988","-36,01576003",SPRF-PE,DEL02-PE,UOP03-DEL02-PE
370089,2021-04-25,domingo,08:30:00,PE,407,96,PETROLINA,Reação tardia ou ineficiente do condutor,Colisão traseira,Com Vítimas Feridas,Pleno dia,Decrescente,Céu Claro,Simples,Reta,Não,3,0,0,1,1,1,1,2,"-9,152055","-40,636392",SPRF-PE,DEL06-PE,UOP02-DEL06-PE
370115,2021-07-12,segunda-feira,07:24:00,PE,101,"42,6",IGARASSU,Reação tardia ou ineficiente do condutor,Colisão traseira,Sem Vítimas,Pleno dia,Decrescente,Chuva,Múltipla,Reta,Sim,2,0,0,0,1,1,0,2,"-7,83887431","-34,91196739",SPRF-PE,DEL01-PE,UOP02-DEL01-PE
370176,2021-07-12,segunda-feira,13:10:00,PE,101,"67,6",RECIFE,Trafegar com motocicleta (ou similar) entre as faixas,Colisão lateral mesmo sentido,Com Vítimas Feridas,Pleno dia,Decrescente,Sol,Dupla,Reta,Sim,3,0,1,0,1,1,1,2,"-8,05951606","-34,94581024",SPRF-PE,DEL01-PE,UOP01-DEL01-PE
370378,2021-07-13,terça-feira,15:30:00,PE,101,72,RECIFE,Desrespeitar a preferência no cruzamento,Colisão transversal,Com Vítimas Feridas,Pleno dia,Crescente,Céu Claro,Múltipla,Interseção de Vias,Sim,2,0,1,0,1,0,1,2,"-8,08781477","-34,94706988",SPRF-PE,DEL01-PE,UOP01-DEL01-PE
370401,2021-07-13,terça-feira,16:45:00,PE,428,"189,7",PETROLINA,Ingestão de álcool pelo condutor,Colisão traseira,Sem Vítimas,Pleno dia,Crescente,Céu Claro,Dupla,Retorno Regulamentado,Sim,2,0,0,0,2,0,0,2,"-9,3776756","-40,503636",SPRF-PE,DEL06-PE,UOP01-DEL06-PE
370478,2021-07-14,quarta-feira,00:20:00,PE,428,"113,8",SANTA MARIA DA BOA VISTA,Condutor Dormindo,Colisão traseira,Com Vítimas Feridas,Plena Noite,Crescente,Nublado,Simples,Reta,Não,4,0,1,1,2,0,2,2,"-8,90863198","-40,05589698",SPRF-PE,DEL06-PE,UOP03-DEL06-PE
370569,2021-06-24,quinta-feira,21:10:00,PE,232,"30,5",MORENO,Objeto estático sobre o leito carroçável,Colisão com objeto,Com Vítimas Feridas,Plena Noite,Decrescente,Nublado,Dupla,Curva,Não,6,0,3,0,3,0,3,2,"-8,110665","-35,156435",SPRF-PE,DEL01-PE,UOP01-DEL01-PE
370989,2021-07-16,sexta-feira,16:00:00,PE,101,"34,8",IGARASSU,Transitar na contramão,Colisão frontal,Com Vítimas Fatais,Pleno dia,Crescente,Céu Claro,Dupla,Reta,Não,2,1,0,0,1,0,0,2,"-7,77092801","-34,93524623",SPRF-PE,DEL01-PE,UOP02-DEL01-PE
371004,2021-07-16,sexta-feira,16:00:00,PE,232,"269,4",SERTANIA,Manobra de mudança de faixa,Colisão lateral mesmo sentido,Com Vítimas Feridas,Pleno dia,Crescente,Céu Claro,Simples,Reta,Não,3,0,1,1,1,0,2,2,"-8,40520693","-37,20955497",SPRF-PE,DEL03-PE,UOP02-DEL03-PE
371311,2021-07-17,sábado,22:40:00,PE,316,"103,8",BODOCO,Animais na Pista,Atropelamento de Animal,Com Vítimas Fatais,Plena Noite,Decrescente,Céu Claro,Simples,Declive;Reta                  ,Não,3,1,0,1,1,0,1,2,"-7,948398","-39,922055",SPRF-PE,DEL05-PE,UOP02-DEL05-PE
371334,2021-06-27,domingo,20:00:00,PE,101,210,XEXEU,Ingestão de álcool pelo condutor,Colisão lateral mesmo sentido,Com Vítimas Feridas,Plena Noite,Crescente,Garoa/Chuvisco,Múltipla,Reta,Não,2,0,1,0,1,0,1,2,"-8,847467","-35,633133",SPRF-PE,DEL01-PE,UOP01-DEL01-PE
371421,2021-06-20,domingo,18:00:00,PE,232,177,BELO JARDIM,Ultrapassagem Indevida,Colisão frontal,Com Vítimas Fatais,Plena Noite,Crescente,Céu Claro,Simples,Reta,Não,3,2,0,0,1,0,0,2,"-8,34884045","-36,4032249",SPRF-PE,DEL02-PE,UOP03-DEL02-PE
371535,2021-07-18,domingo,23:30:00,PE,101,"48,4",ABREU E LIMA,Ingestão de álcool pelo condutor,Colisão traseira,Sem Vítimas,Plena Noite,Decrescente,Vento,Múltipla,Reta,Sim,2,0,0,0,1,1,0,2,"-7,89174705","-34,9033493",SPRF-PE,DEL01-PE,UOP02-DEL01-PE
371627,2021-07-19,segunda-feira,13:10:00,PE,101,"70,8",RECIFE,Obstrução na via,Colisão lateral mesmo sentido,Sem Vítimas,Pleno dia,Decrescente,Nublado,Múltipla,Reta,Sim,2,0,0,0,2,0,0,2,"-8,06776119","-34,94265074",SPRF-PE,DEL01-PE,UOP01-DEL01-PE
371750,2021-06-25,sexta-feira,18:00:00,PE,316,100,OURICURI,Transitar na contramão,Colisão frontal,Com Vítimas Fatais,Plena Noite,Crescente,Céu Claro,Simples,Reta,Não,3,1,1,0,1,0,1,3,"-7,93798009","-39,94691304",SPRF-PE,DEL05-PE,UOP02-DEL05-PE
371761,2021-07-20,terça-feira,08:35:00,PE,423,"78,2",JUCATI,Reação tardia ou ineficiente do condutor,Engavetamento,Com Vítimas Feridas,Pleno dia,Crescente,Chuva,Simples,Reta,Não,9,0,4,0,5,0,4,5,"-8,74910298","-36,43120556",SPRF-PE,DEL03-PE,UOP01-DEL03-PE
371841,2021-07-20,terça-feira,11:40:00,PE,101,"50,9",ABREU E LIMA,Manobra de mudança de faixa,Colisão lateral mesmo sentido,Com Vítimas Feridas,Pleno dia,Crescente,Céu Claro,Múltipla,Reta,Sim,2,0,0,1,1,0,1,2,"-7,90938602","-34,90123228",SPRF-PE,DEL01-PE,UOP02-DEL01-PE
371845,2021-07-20,terça-feira,17:10:00,PE,232,145,SAO CAITANO,Manobra de mudança de faixa,Colisão transversal,Sem Vítimas,Anoitecer,Decrescente,Céu Claro,Dupla,Reta,Sim,2,0,0,0,2,0,0,2,"-8,32868","-36,120811",SPRF-PE,DEL02-PE,UOP03-DEL02-PE
371961,2021-07-21,quarta-feira,09:20:00,PE,104,85,AGRESTINA,Velocidade Incompatível,Capotamento,Com Vítimas Feridas,Pleno dia,Decrescente,Garoa/Chuvisco,Simples,Reta,Sim,2,0,2,0,0,0,2,1,"-8,438719","-35,955177",SPRF-PE,DEL02-PE,UOP01-DEL02-PE
372010,2021-07-21,quarta-feira,16:40:00,PE,101,40,IGARASSU,Trafegar com motocicleta (ou similar) entre as faixas,Colisão lateral mesmo sentido,Com Vítimas Feridas,Anoitecer,Crescente,Chuva,Dupla,Reta,Sim,3,0,0,2,1,0,2,2,"-7,82228148","-34,91639614",SPRF-PE,DEL01-PE,UOP02-DEL01-PE
372288,2021-07-23,sexta-feira,06:30:00,PE,232,"211,5",PESQUEIRA,Conversão proibida,Colisão lateral mesmo sentido,Com Vítimas Feridas,Pleno dia,Crescente,Céu Claro,Simples,Declive,Sim,2,0,1,0,1,0,1,2,"-8,36899532","-36,70578682",SPRF-PE,DEL03-PE,UOP02-DEL03-PE
372403,2021-07-23,sexta-feira,18:20:00,PE,232,53,POMBOS,Transitar na contramão,Tombamento,Com Vítimas Feridas,Plena Noite,Decrescente,Garoa/Chuvisco,Simples,Curva,Não,2,0,1,0,1,0,1,2,"-8,13014263","-35,3484723",SPRF-PE,DEL02-PE,UOP02-DEL02PE
372415,2021-07-23,sexta-feira,19:10:00,PE,101,70,RECIFE,Condutor deixou de manter distância do veículo da frente,Colisão traseira,Sem Vítimas,Plena Noite,Decrescente,Garoa/Chuvisco,Dupla,Reta,Sim,2,0,0,0,2,0,0,2,"-8,066658","-34,942119",SPRF-PE,DEL01-PE,UOP01-DEL01-PE
372516,2021-07-24,sábado,06:00:00,PE,316,98,OURICURI,Demais falhas mecânicas ou elétricas,Incêndio,Sem Vítimas,Amanhecer,Decrescente,Nublado,Simples,Reta;Declive                  ,Não,1,0,0,0,1,0,0,1,"-7,93103611","-39,96348504",SPRF-PE,DEL05-PE,UOP02-DEL05-PE
372855,2021-07-25,domingo,14:10:00,PE,423,"117,7",PARANATAMA,Condutor deixou de manter distância do veículo da frente,Colisão traseira,Sem Vítimas,Pleno dia,Decrescente,Chuva,Simples,Declive,Não,3,0,0,0,1,2,0,3,"-8,908585","-36,676846",SPRF-PE,DEL03-PE,UOP01-DEL03-PE
372917,2021-07-25,domingo,18:30:00,PE,423,"104,7",GARANHUNS,Ingestão de álcool pelo condutor,Colisão frontal,Com Vítimas Feridas,Plena Noite,Crescente,Chuva,Simples,Declive;Reta                  ,Não,3,0,1,0,2,0,1,2,"-8,87705776","-36,55534007",SPRF-PE,DEL03-PE,UOP01-DEL03-PE
373044,2021-07-26,segunda-feira,12:00:00,PE,101,"19,7",GOIANA,Condutor Dormindo,Saída de leito carroçável,Com Vítimas Fatais,Pleno dia,Decrescente,Nublado,Dupla,Reta,Não,4,2,0,1,1,0,1,2,"-7,65403379","-34,94408281",SPRF-PE,DEL01-PE,UOP02-DEL01-PE
373131,2021-07-26,segunda-feira,20:50:00,PE,423,79,JUCATI,Pedestre cruzava a pista fora da faixa,Atropelamento de Pedestre,Com Vítimas Fatais,Plena Noite,Decrescente,Chuva,Simples,Reta,Sim,2,1,0,0,1,0,0,2,"-8,75775101","-36,43052006",SPRF-PE,DEL03-PE,UOP01-DEL03-PE
373262,2021-07-27,terça-feira,17:00:00,PE,101,48,ABREU E LIMA,Trafegar com motocicleta (ou similar) entre as faixas,Tombamento,Com Vítimas Feridas,Anoitecer,Crescente,Céu Claro,Múltipla,Reta,Sim,2,0,0,1,1,0,1,2,"-7,89174705","-34,9033493",SPRF-PE,DEL01-PE,UOP02-DEL01-PE
373264,2021-07-27,terça-feira,18:25:00,PE,101,"100,2",CABO DE SANTO AGOSTINHO,Ultrapassagem Indevida,Colisão transversal,Com Vítimas Feridas,Plena Noite,Crescente,Nublado,Simples,Reta,Sim,4,0,1,0,1,2,1,3,"-8,28770021","-35,03980458",SPRF-PE,DEL01-PE,UOP01-DEL01-PE
373298,2021-07-27,terça-feira,22:40:00,PE,232,"387,8",SERRA TALHADA,Demais falhas mecânicas ou elétricas,Incêndio,Sem Vítimas,Plena Noite,Crescente,Céu Claro,Simples,Curva,Não,1,0,0,0,1,0,0,1,"-8,03271406","-38,11706543",SPRF-PE,DEL04-PE,UOP01-DEL04-PE
373431,2021-07-28,quarta-feira,18:00:00,PE,232,10,RECIFE,Condutor deixou de manter distância do veículo da frente,Colisão traseira,Com Vítimas Feridas,Plena Noite,Decrescente,Nublado,Dupla,Reta,Não,3,0,2,0,0,1,2,2,"-8,07917241","-34,98718609",SPRF-PE,DEL01-PE,UOP01-DEL01-PE
373504,2021-07-29,quinta-feira,05:40:00,PE,101,81,JABOATAO DOS GUARARAPES,Reação tardia ou ineficiente do condutor,Colisão traseira,Sem Vítimas,Pleno dia,Crescente,Céu Claro,Dupla,Reta,Sim,2,0,0,0,2,0,0,2,"-8,1597489","-34,94024569",SPRF-PE,DEL01-PE,UOP01-DEL01-PE
373700,2021-07-30,sexta-feira,04:50:00,PE,101,"42,3",IGARASSU,Manobra de mudança de faixa,Colisão traseira,Com Vítimas Feridas,Amanhecer,Crescente,Nublado,Múltipla,Reta,Sim,6,0,4,0,2,0,4,2,"-7,83887431","-34,91196739",SPRF-PE,DEL01-PE,UOP02-DEL01-PE
374132,2021-07-31,sábado,20:30:00,PE,316,60,TRINDADE,Ingestão de álcool pelo condutor,Colisão lateral sentido oposto,Com Vítimas Fatais,Plena Noite,Decrescente,Céu Claro,Simples,Reta,Não,2,1,0,0,1,0,0,2,"-7,77005418","-40,2584535",SPRF-PE,DEL05-PE,UOP02-DEL05-PE
374258,2021-08-01,domingo,12:00:00,PE,428,"3,6",CABROBO,Ingestão de álcool ou de substâncias psicoativas pelo pedestre,Atropelamento de Pedestre,Com Vítimas Fatais,Pleno dia,Decrescente,Nublado,Simples,Reta,Não,2,1,0,0,0,1,0,2,"-8,533078","-39,256583",SPRF-PE,DEL05-PE,UOP01-DEL05-PE
374474,2021-08-02,segunda-feira,10:30:00,PE,423,"126,9",SALOA,Velocidade Incompatível,Colisão lateral sentido oposto,Com Vítimas Feridas,Pleno dia,Crescente,Garoa/Chuvisco,Simples,Curva,Não,2,0,1,0,1,0,1,2,"-8,9599","-36,723872",SPRF-PE,DEL03-PE,UOP01-DEL03-PE
374570,2021-08-02,segunda-feira,21:20:00,PE,101,"71,2",RECIFE,Condutor deixou de manter distância do veículo da frente,Colisão traseira,Com Vítimas Feridas,Plena Noite,Crescente,Chuva,Dupla,Reta,Sim,2,0,1,0,1,0,1,2,"-8,080268","-34,943299",SPRF-PE,DEL01-PE,UOP01-DEL01-PE
374650,2021-08-03,terça-feira,11:25:00,PE,232,136,CARUARU,Animais na Pista,Tombamento,Sem Vítimas,Pleno dia,Decrescente,Chuva,Dupla,Declive,Sim,1,0,0,0,1,0,0,1,"-8,31339932","-36,04175591",SPRF-PE,DEL02-PE,UOP03-DEL02-PE
374807,2021-08-04,quarta-feira,11:45:00,PE,232,"236,9",PESQUEIRA,Problema com o freio,Tombamento,Com Vítimas Feridas,Pleno dia,Decrescente,Céu Claro,Simples,Curva,Não,1,0,1,0,0,0,1,1,"-8,4130238","-36,92650506",SPRF-PE,DEL03-PE,UOP02-DEL03-PE
374865,2021-08-04,quarta-feira,15:00:00,PE,116,53,SALGUEIRO,Ausência de reação do condutor,Saída de leito carroçável,Com Vítimas Feridas,Pleno dia,Crescente,Céu Claro,Simples,Reta,Não,1,0,1,0,0,0,1,1,"-8,302283","-39,122154",SPRF-PE,DEL05-PE,UOP01-DEL05-PE
374992,2021-07-25,domingo,16:20:00,PE,232,"521,8",SALGUEIRO,Acessar a via sem observar a presença dos outros veículos,Colisão traseira,Com Vítimas Feridas,Pleno dia,Decrescente,Sol,Simples,Reta,Não,2,0,0,1,1,0,1,2,"-8,06509887","-39,23283702",SPRF-PE,DEL05-PE,UOP01-DEL05-PE
375251,2021-08-06,sexta-feira,16:00:00,PE,232,"6,7",RECIFE,Condutor deixou de manter distância do veículo da frente,Colisão traseira,Com Vítimas Feridas,Pleno dia,Decrescente,Céu Claro,Dupla,Reta,Não,10,0,1,1,8,0,2,4,"-8,07079525","-34,9535389",SPRF-PE,DEL01-PE,UOP01-DEL01-PE
375326,2021-08-06,sexta-feira,18:25:00,PE,232,"459,8",SAO JOSE DO BELMONTE,Transitar na contramão,Colisão frontal,Com Vítimas Fatais,Plena Noite,Decrescente,Céu Claro,Simples,Reta,Não,3,2,0,0,1,0,0,2,"-8,02357769","-38,71470451",SPRF-PE,DEL05-PE,UOP01-DEL05-PE
375386,2021-08-07,sábado,02:25:00,PE,232,"360,2",FLORES,Ausência de reação do condutor,Colisão traseira,Com Vítimas Feridas,Plena Noite,Decrescente,Céu Claro,Simples,Aclive,Não,2,0,1,0,1,0,1,2,"-8,04483011","-37,876587",SPRF-PE,DEL04-PE,UOP01-DEL04-PE
375497,2021-08-07,sábado,13:00:00,PE,104,"31,8",TORITAMA,Afundamento ou ondulação no pavimento,Tombamento,Sem Vítimas,Pleno dia,Crescente,Céu Claro,Simples,Curva,Sim,1,0,0,0,1,0,0,1,"-8,0208","-36,0528",SPRF-PE,DEL02-PE,UOP01-DEL02-PE
375614,2021-08-07,sábado,21:40:00,PE,232,256,ARCOVERDE,Transitar na contramão,Colisão frontal,Com Vítimas Feridas,Plena Noite,Decrescente,Nublado,Simples,Interseção de Vias,Sim,3,0,0,2,1,0,2,2,"-8,41536571","-37,08179042",SPRF-PE,DEL03-PE,UOP02-DEL03-PE
375828,2021-07-23,sexta-feira,14:42:00,PE,232,"7,1",RECIFE,Condutor deixou de manter distância do veículo da frente,Engavetamento,Com Vítimas Feridas,Pleno dia,Decrescente,Garoa/Chuvisco,Dupla,Reta,Não,4,0,0,1,3,0,1,4,"-8,073688","-34,962683",SPRF-PE,DEL01-PE,UOP01-DEL01-PE