id,data_inversa,dia_semana,horario,uf,br,km,municipio,causa_acidente,tipo_acidente,classificacao_acidente,fase_dia,sentido_via,condicao_metereologica,tipo_pista,tracado_via,uso_solo,pessoas,mortos,feridos_leves,feridos_graves,ilesos,ignorados,feridos,veiculos,latitude,longitude,regional,delegacia,uop
376003,2021-08-09,segunda-feira,10:10:00,PE,101,35,IGARASSU,Manobra de mudança de faixa,Colisão lateral mesmo sentido,Com Vítimas Feridas,Pleno dia,Decrescente,Céu Claro,Dupla,Declive,Não,4,0,1,0,3,0,1,2,"-7,77952193","-34,93231384",SPRF-PE,DEL01-PE,UOP02-DEL01-PE
376062,2021-08-09,segunda-feira,16:00:00,PE,101,68,RECIFE,Ausência de reação do condutor,Engavetamento,Com Vítimas Feridas,Pleno dia,Decrescente,Chuva,Dupla,Viaduto,Sim,4,0,1,0,3,0,1,4,"-8,051219","-34,945985",SPRF-PE,DEL01-PE,UOP01-DEL01-PE
376305,2021-07-23,sexta-feira,07:45:00,PE,101,"58,2",RECIFE,Acessar a via sem observar a presença dos outros veículos,Colisão transversal,Com Vítimas Feridas,Pleno dia,Decrescente,Céu Claro,Dupla,Interseção de Vias;Reta       ,Sim,3,0,1,0,2,0,1,2,"-7,99198707","-34,93639654",SPRF-PE,DEL01-PE,UOP02-DEL01-PE
376360,2021-08-10,terça-feira,23:45:00,PE,232,7,RECIFE,Manobra de mudança de faixa,Colisão com objeto,Sem Vítimas,Plena Noite,Crescente,Chuva,Dupla,Reta,Não,2,0,0,0,2,0,0,2,"-8,07341","-34,962071",SPRF-PE,DEL01-PE,UOP01-DEL01-PE
376414,2021-08-11,quarta-feira,09:00:00,PE,101,"32,8",IGARASSU,Acessar a via sem observar a presença dos outros veículos,Colisão lateral mesmo sentido,Com Vítimas Feridas,Pleno dia,Crescente,Chuva,Dupla,Retorno Regulamentado,Não,2,0,0,1,1,0,1,2,"-7,75294197","-34,93621562",SPRF-PE,DEL01-PE,UOP02-DEL01-PE
376428,2021-08-11,quarta-feira,10:00:00,PE,232,"9,2",JABOATAO DOS GUARARAPES,Acessar a via sem observar a presença dos outros veículos,Colisão lateral mesmo sentido,Sem Vítimas,Pleno dia,Decrescente,Chuva,Dupla,Reta;Aclive                   ,Sim,2,0,0,0,2,0,0,2,"-8,187239","-34,972262",SPRF-PE,DEL01-PE,UOP01-DEL01-PE
376442,2021-08-11,quarta-feira,11:15:00,PE,101,86,JABOATAO DOS GUARARAPES,Condutor deixou de manter distância do veículo da frente,Engavetamento,Sem Vítimas,Pleno dia,Decrescente,Chuva,Dupla,Aclive;Reta                   ,Não,5,0,0,0,3,2,0,3,"-8,18470013","-34,96816895",SPRF-PE,DEL01-PE,UOP01-DEL01-PE
376449,2021-08-11,quarta-feira,12:30:00,PE,232,90,SAIRE,Ausência de reação do condutor,Saída de leito carroçável,Com Vítimas Feridas,Pleno dia,Crescente,Chuva,Dupla,Reta,Não,3,0,0,2,1,0,2,1,"-8,2172915","-35,65572305",SPRF-PE,DEL02-PE,UOP02-DEL02PE
376609,2021-08-12,quinta-feira,08:00:00,PE,101,"59,9",RECIFE,Velocidade Incompatível,Colisão traseira,Sem Vítimas,Pleno dia,Crescente,Nublado,Dupla,Reta,Não,3,0,0,0,2,1,0,3,"-7,97708575","-34,92607318",SPRF-PE,DEL01-PE,UOP02-DEL01-PE
376727,2021-08-12,quinta-feira,22:00:00,PE,423,78,JUCATI,Reação tardia ou ineficiente do condutor,Colisão lateral sentido oposto,Sem Vítimas,Plena Noite,Crescente,Ignorado,Simples,Declive,Não,2,0,0,0,1,1,0,2,"-8,74910298","-36,43120556",SPRF-PE,DEL03-PE,UOP01-DEL03-PE
376842,2021-08-13,sexta-feira,13:50:00,PE,101,"66,7",RECIFE,Reação tardia ou ineficiente do condutor,Tombamento,Com Vítimas Fatais,Pleno dia,Crescente,Céu Claro,Dupla,Viaduto,Sim,2,1,0,0,0,1,0,2,"-8,03368534","-34,94184125",SPRF-PE,DEL01-PE,UOP01-DEL01-PE
377155,2021-08-14,sábado,22:20:00,PE,423,"76,4",JUCATI,Condutor Dormindo,Colisão frontal,Com Vítimas Feridas,Plena Noite,Crescente,Chuva,Simples,Aclive,Não,2,0,1,0,1,0,1,2,"-8,73183901","-36,43146015",SPRF-PE,DEL03-PE,UOP01-DEL03-PE
377199,2021-08-15,domingo,04:35:00,PE,232,"236,3",PESQUEIRA,Reação tardia ou ineficiente do condutor,Saída de leito carroçável,Com Vítimas Feridas,Amanhecer,Decrescente,Céu Claro,Simples,Curva,Não,2,0,1,1,0,0,2,1,"-8,4130238","-36,92650506",SPRF-PE,DEL03-PE,UOP02-DEL03-PE
377463,2021-08-16,segunda-feira,05:00:00,PE,101,151,RIBEIRAO,Reação tardia ou ineficiente do condutor,Saída de leito carroçável,Com Vítimas Feridas,Pleno dia,Decrescente,Céu Claro,Dupla,Curva,Não,1,0,1,0,0,0,1,1,"-8,50224498","-35,38851271",SPRF-PE,DEL01-PE,UOP01-DEL01-PE
377608,2021-08-17,terça-feira,07:15:00,PE,232,"257,3",ARCOVERDE,Reação tardia ou ineficiente do condutor,Colisão frontal,Com Vítimas Feridas,Pleno dia,Crescente,Sol,Simples,Curva,Não,4,0,0,3,1,0,3,2,"-8,40876559","-37,10231195",SPRF-PE,DEL03-PE,UOP02-DEL03-PE
377667,2021-08-17,terça-feira,13:20:00,PE,232,"12,8",JABOATAO DOS GUARARAPES,Manobra de mudança de faixa,Colisão traseira,Com Vítimas Feridas,Pleno dia,Crescente,Céu Claro,Dupla,Reta,Não,2,0,1,0,1,0,1,2,"-8,08706","-35,007988",SPRF-PE,DEL01-PE,UOP01-DEL01-PE
377714,2021-08-17,terça-feira,19:30:00,PE,101,"47,4",IGARASSU,Reação tardia ou ineficiente do condutor,Colisão lateral mesmo sentido,Com Vítimas Feridas,Plena Noite,Crescente,Vento,Múltipla,Reta,Sim,3,0,1,0,1,1,1,2,"-7,88290701","-34,90461208",SPRF-PE,DEL01-PE,UOP02-DEL01-PE
377762,2021-08-18,quarta-feira,07:00:00,PE,101,"57,4",PAULISTA,Condutor deixou de manter distância do veículo da frente,Colisão traseira,Com Vítimas Feridas,Pleno dia,Decrescente,Céu Claro,Dupla,Reta,Não,3,0,2,0,0,1,2,2,"-7,96346213","-34,91513486",SPRF-PE,DEL01-PE,UOP02-DEL01-PE
378041,2021-08-19,quinta-feira,16:40:00,PE,232,9,JABOATAO DOS GUARARAPES,Condutor deixou de manter distância do veículo da frente,Colisão traseira,Com Vítimas Feridas,Pleno dia,Crescente,Chuva,Dupla,Reta,Sim,2,0,1,0,1,0,1,2,"-8,07764447","-34,97863609",SPRF-PE,DEL01-PE,UOP01-DEL01-PE
378078,2021-08-19,quinta-feira,18:12:00,PE,424,"67,3",CAETES,Pedestre andava na pista,Atropelamento de Pedestre,Com Vítimas Fatais,Plena Noite,Decrescente,Garoa/Chuvisco,Simples,Reta,Não,3,1,0,1,0,1,1,3,"-8,765004","-36,640788",SPRF-PE,DEL03-PE,UOP01-DEL03-PE
378079,2021-08-19,quinta-feira,15:05:00,PE,423,132,SALOA,Velocidade Incompatível,Tombamento,Com Vítimas Feridas,Pleno dia,Crescente,Céu Claro,Simples,Curva;Declive                 ,Não,1,0,1,0,0,0,1,1,"-8,95943517","-36,76461912",SPRF-PE,DEL03-PE,UOP01-DEL03-PE
378278,2021-08-20,sexta-feira,18:20:00,PE,101,"76,8",RECIFE,Entrada inopinada do pedestre,Atropelamento de Pedestre,Com Vítimas Feridas,Plena Noite,Decrescente,Nublado,Dupla,Reta,Sim,3,0,0,1,1,1,1,3,"-8,126775","-34,943827",SPRF-PE,DEL01-PE,UOP01-DEL01-PE
378302,2021-08-20,sexta-feira,20:10:00,PE,407,"124,4",PETROLINA,Carga excessiva e/ou mal acondicionada,Tombamento,Com Vítimas Feridas,Plena Noite,Decrescente,Céu Claro,Dupla,Rotatória,Sim,1,0,1,0,0,0,1,1,"-9,36929881","-40,54137139",SPRF-PE,DEL06-PE,UOP01-DEL06-PE
378338,2021-08-20,sexta-feira,23:50:00,PE,424,83,GARANHUNS,Reação tardia ou ineficiente do condutor,Colisão frontal,Com Vítimas Fatais,Plena Noite,Crescente,Nevoeiro/Neblina,Simples,Declive,Não,3,1,0,0,2,0,0,2,"-8,84593423","-36,52457016",SPRF-PE,DEL03-PE,UOP01-DEL03-PE
378358,2021-08-21,sábado,04:50:00,PE,423,"35,5",CACHOEIRINHA,Transitar na contramão,Colisão frontal,Com Vítimas Feridas,Amanhecer,Decrescente,Nublado,Simples,Reta,Não,4,0,3,0,1,0,3,2,"-8,45893975","-36,21477956",SPRF-PE,DEL02-PE,UOP03-DEL02-PE
378653,2021-08-22,domingo,12:28:00,PE,101,29,IGARASSU,Demais falhas mecânicas ou elétricas,Incêndio,Sem Vítimas,Pleno dia,Decrescente,Céu Claro,Dupla,Aclive,Não,1,0,0,0,1,0,0,1,"-7,72939697","-34,94185854",SPRF-PE,DEL01-PE,UOP02-DEL01-PE
378671,2021-08-22,domingo,13:15:00,PE,232,"210,9",PESQUEIRA,Entrada inopinada do pedestre,Atropelamento de Pedestre,Com Vítimas Fatais,Pleno dia,Crescente,Chuva,Simples,Reta,Sim,6,1,0,0,4,1,0,2,"-8,36537624","-36,69766903",SPRF-PE,DEL03-PE,UOP02-DEL03-PE
378779,2021-08-22,domingo,20:00:00,PE,101,"91,4",CABO DE SANTO AGOSTINHO,Acessar a via sem observar a presença dos outros veículos,Colisão traseira,Sem Vítimas,Plena Noite,Crescente,Garoa/Chuvisco,Dupla,Interseção de Vias,Sim,3,0,0,0,3,0,0,3,"-8,23327096","-34,97701675",SPRF-PE,DEL01-PE,UOP01-DEL01-PE
378952,2021-08-23,segunda-feira,16:50:00,PE,232,388,SERRA TALHADA,Pedestre cruzava a pista fora da faixa,Atropelamento de Pedestre,Com Vítimas Fatais,Anoitecer,Crescente,Céu Claro,Simples,Reta,Sim,2,1,0,0,1,0,0,2,"-8,03239638","-38,12052799",SPRF-PE,DEL04-PE,UOP01-DEL04-PE
379262,2021-08-24,terça-feira,03:00:00,PE,316,"14,7",ARARIPINA,Condutor deixou de manter distância do veículo da frente,Colisão traseira,Com Vítimas Feridas,Plena Noite,Decrescente,Ignorado,Simples,Reta,Sim,2,0,0,1,1,0,1,2,"-7,517979","-40,567833",SPRF-PE,DEL05-PE,UOP02-DEL05-PE
379368,2021-08-26,quinta-feira,06:45:00,PE,101,"81,8",JABOATAO DOS GUARARAPES,Manobra de mudança de faixa,Colisão lateral mesmo sentido,Com Vítimas Feridas,Pleno dia,Crescente,Céu Claro,Dupla,Reta,Sim,2,0,0,1,1,0,1,2,"-8,1597489","-34,94024569",SPRF-PE,DEL01-PE,UOP01-DEL01-PE
379396,2021-08-26,quinta-feira,08:20:00,PE,423,"76,3",JUCATI,Demais falhas mecânicas ou elétricas,Tombamento,Com Vítimas Feridas,Pleno dia,Crescente,Sol,Simples,Curva;Declive                 ,Não,1,0,1,0,0,0,1,1,"-8,73041569","-36,43166184",SPRF-PE,DEL03-PE,UOP01-DEL03-PE
379404,2021-08-26,quinta-feira,09:00:00,PE,232,"9,4",RECIFE,Reação tardia ou ineficiente do condutor,Engavetamento,Com Vítimas Feridas,Pleno dia,Crescente,Céu Claro,Dupla,Reta,Sim,5,0,1,0,4,0,1,4,"-8,077242","-34,975656",SPRF-PE,DEL01-PE,UOP01-DEL01-PE
379440,2021-08-26,quinta-feira,13:30:00,PE,428,188,PETROLINA,Manobra de mudança de faixa,Colisão lateral mesmo sentido,Com Vítimas Feridas,Pleno dia,Decrescente,Céu Claro,Simples,Reta,Sim,2,0,1,0,1,0,1,2,"-9,36400596","-40,48266808",SPRF-PE,DEL06-PE,UOP01-DEL06-PE
379459,2021-08-26,quinta-feira,15:50:00,PE,232,210,PESQUEIRA,Manobra de mudança de faixa,Colisão frontal,Com Vítimas Feridas,Pleno dia,Decrescente,Sol,Simples,Aclive;Curva                  ,Sim,2,0,0,1,1,0,1,2,"-8,36537624","-36,69766903",SPRF-PE,DEL03-PE,UOP02-DEL03-PE
379598,2021-08-27,sexta-feira,12:00:00,PE,101,3,JABOATAO DOS GUARARAPES,Mal súbito do condutor,Colisão frontal,Com Vítimas Feridas,Pleno dia,Crescente,Céu Claro,Simples,Reta,Sim,2,0,0,1,1,0,1,2,"-8,204887","-34,961434",SPRF-PE,DEL01-PE,UOP02-DEL01-PE
379766,2021-08-28,sábado,05:00:00,PE,101,93,CABO DE SANTO AGOSTINHO,Ingestão de álcool e/ou substâncias psicoativas pelo pedestre,Colisão frontal,Com Vítimas Feridas,Amanhecer,Decrescente,Céu Claro,Simples,Reta,Sim,2,0,1,0,1,0,1,2,"-8,24757858","-34,99875069",SPRF-PE,DEL01-PE,UOP01-DEL01-PE
379807,2021-08-28,sábado,11:45:00,PE,101,50,ABREU E LIMA,Ausência de reação do condutor,Colisão lateral mesmo sentido,Sem Vítimas,Pleno dia,Decrescente,Sol,Múltipla,Reta,Sim,2,0,0,0,1,1,0,2,"-7,90938602","-34,90123228",SPRF-PE,DEL01-PE,UOP02-DEL01-PE
380001,2021-08-29,domingo,05:30:00,PE,316,100,OURICURI,Transitar na contramão,Colisão frontal,Com Vítimas Feridas,Amanhecer,Crescente,Céu Claro,Simples,Reta,Não,5,0,2,0,3,0,2,2,"-7,93798009","-39,94691304",SPRF-PE,DEL05-PE,UOP02-DEL05-PE
380031,2021-08-29,domingo,06:45:00,PE,423,38,CACHOEIRINHA,Velocidade Incompatível,Atropelamento de Pedestre,Com Vítimas Fatais,Pleno dia,Crescente,Nublado,Simples,Reta,Sim,3,1,0,0,1,1,0,3,"-8,48957335","-36,23249049",SPRF-PE,DEL02-PE,UOP03-DEL02-PE
380174,2021-08-29,domingo,15:20:00,PE,116,91,BELEM DE SAO FRANCISCO,Transitar na contramão,Colisão frontal,Com Vítimas Feridas,Pleno dia,Decrescente,Céu Claro,Simples,Reta,Sim,2,0,0,1,1,0,1,2,"-8,622099","-39,240944",SPRF-PE,DEL05-PE,UOP01-DEL05-PE
380209,2021-08-30,segunda-feira,02:30:00,PE,101,"192,6",PALMARES,Condutor Dormindo,Colisão traseira,Com Vítimas Feridas,Plena Noite,Decrescente,Nublado,Dupla,Reta,Não,3,0,1,0,2,0,1,2,"-8,71282291","-35,60955915",SPRF-PE,DEL01-PE,UOP01-DEL01-PE
380380,2021-08-30,segunda-feira,19:50:00,PE,423,"96,5",GARANHUNS,Ingestão de álcool pelo condutor,Colisão traseira,Sem Vítimas,Plena Noite,Decrescente,Nublado,Simples,Declive;Reta                  ,Sim,2,0,0,0,2,0,0,2,"-8,88021822","-36,48651678",SPRF-PE,DEL03-PE,UOP01-DEL03-PE
380520,2021-08-31,terça-feira,15:35:00,PE,232,"90,2",SAIRE,Velocidade Incompatível,Tombamento,Com Vítimas Feridas,Pleno dia,Crescente,Céu Claro,Dupla,Curva,Não,2,0,0,2,0,0,2,1,"-8,2172915","-35,65572305",SPRF-PE,DEL02-PE,UOP02-DEL02PE
380645,2021-08-02,segunda-feira,18:20:00,PE,232,"412,5",SERRA TALHADA,Reação tardia ou ineficiente do condutor,Colisão frontal,Com Vítimas Feridas,Plena Noite,Crescente,Céu Claro,Simples,Reta,Sim,2,0,0,1,1,0,1,2,"-7,9887211","-38,2556476",SPRF-PE,DEL04-PE,UOP01-DEL04-PE
380861,2021-09-02,quinta-feira,13:50:00,PE,101,"41,7",IGARASSU,Mal súbito do condutor,Colisão traseira,Com Vítimas Feridas,Pleno dia,Decrescente,Céu Claro,Múltipla,Curva,Não,2,0,1,0,1,0,1,2,"-7,83038346","-34,91426785",SPRF-PE,DEL01-PE,UOP02-DEL01-PE
380973,2021-09-03,sexta-feira,05:30:00,PE,407,87,PETROLINA,Condutor Dormindo,Colisão traseira,Com Vítimas Feridas,Amanhecer,Crescente,Céu Claro,Simples,Reta,Não,16,0,15,0,1,0,15,2,"-9,0669548","-40,66823662",SPRF-PE,DEL06-PE,UOP02-DEL06-PE
381010,2021-09-03,sexta-feira,08:15:00,PE,101,127,ESCADA,Manobra de mudança de faixa,Colisão lateral mesmo sentido,Sem Vítimas,Pleno dia,Decrescente,Céu Claro,Múltipla,Reta,Sim,3,0,0,0,3,0,0,3,"-8,38731502","-35,40567398",SPRF-PE,DEL01-PE,UOP01-DEL01-PE
381180,2021-09-03,sexta-feira,21:35:00,PE,101,"67,1",RECIFE,Demais falhas mecânicas ou elétricas,Saída de leito carroçável,Sem Vítimas,Plena Noite,Crescente,Nublado,Dupla,Reta,Sim,1,0,0,0,1,0,0,1,"-8,044457","-34,944022",SPRF-PE,DEL01-PE,UOP01-DEL01-PE
381215,2021-09-04,sábado,02:00:00,PE,232,"265,8",SERTANIA,Faróis desregulados,Tombamento,Com Vítimas Feridas,Plena Noite,Crescente,Céu Claro,Simples,Reta,Não,2,0,1,0,0,1,1,2,"-8,40839508","-37,17389501",SPRF-PE,DEL03-PE,UOP02-DEL03-PE
381320,2021-09-04,sábado,05:40:00,PE,232,450,SAO JOSE DO BELMONTE,Acessar a via sem observar a presença dos outros veículos,Colisão transversal,Com Vítimas Feridas,Amanhecer,Decrescente,Céu Claro,Simples,Reta,Não,4,0,0,2,1,1,2,2,"-7,98214482","-38,63480402",SPRF-PE,DEL04-PE,UOP01-DEL04-PE
381415,2021-09-04,sábado,20:00:00,PE,232,172,BELO JARDIM,Condutor deixou de manter distância do veículo da frente,Colisão traseira,Com Vítimas Feridas,Plena Noite,Decrescente,Céu Claro,Simples,Aclive,Não,3,0,1,0,2,0,1,3,"-8,33854887","-36,360134",SPRF-PE,DEL02-PE,UOP03-DEL02-PE
381460,2021-09-04,sábado,21:15:00,PE,407,"129,1",PETROLINA,Ingestão de álcool pelo condutor,Colisão lateral mesmo sentido,Sem Vítimas,Plena Noite,Decrescente,Céu Claro,Dupla,Reta,Sim,2,0,0,0,2,0,0,2,"-9,39958299","-40,50459298",SPRF-PE,DEL06-PE,UOP01-DEL06-PE
381684,2021-09-05,domingo,20:00:00,PE,407,123,PETROLINA,Objeto estático sobre o leito carroçável,Colisão traseira,Sem Vítimas,Plena Noite,Crescente,Céu Claro,Simples,Reta,Sim,2,0,0,0,1,1,0,2,"-9,36149178","-40,54594462",SPRF-PE,DEL06-PE,UOP01-DEL06-PE
381723,2021-09-05,domingo,22:00:00,PE,407,3,AFRANIO,Velocidade Incompatível,Tombamento,Com Vítimas Fatais,Plena Noite,Decrescente,Céu Claro,Simples,Curva,Não,1,1,0,0,0,0,0,1,"-8,45230007","-41,02269401",SPRF-PE,DEL06-PE,UOP02-DEL06-PE
381725,2021-09-05,domingo,18:50:00,PE,232,"480,3",VERDEJANTE,Ingestão de álcool e/ou substâncias psicoativas pelo pedestre,Colisão frontal,Com Vítimas Fatais,Plena Noite,Decrescente,Céu Claro,Simples,Declive,Não,3,1,0,1,0,1,1,2,"-8,014677","-38,895066",SPRF-PE,DEL05-PE,UOP01-DEL05-PE
381854,2021-09-06,segunda-feira,14:10:00,PE,232,"4,3",RECIFE,Velocidade Incompatível,Tombamento,Sem Vítimas,Pleno dia,Crescente,Céu Claro,Dupla,Interseção de Vias,Sim,1,0,0,0,1,0,0,1,"-8,064473","-34,936928",SPRF-PE,DEL01-PE,UOP01-DEL01-PE
381857,2021-09-06,segunda-feira,14:30:00,PE,232,"25,5",MORENO,Demais falhas mecânicas ou elétricas,Capotamento,Com Vítimas Feridas,Pleno dia,Decrescente,Céu Claro,Dupla,Reta,Não,2,0,2,0,0,0,2,1,"-8,11191765","-35,10836516",SPRF-PE,DEL01-PE,UOP01-DEL01-PE
381959,2021-09-06,segunda-feira,22:50:00,PE,316,16,ARARIPINA,Transitar na contramão,Colisão lateral sentido oposto,Com Vítimas Fatais,Plena Noite,Decrescente,Céu Claro,Simples,Reta,Não,2,1,0,0,0,1,0,2,"-7,53197392","-40,55660391",SPRF-PE,DEL05-PE,UOP02-DEL05-PE
381979,2021-09-07,terça-feira,03:30:00,PE,316,"277,2",BELEM DE SAO FRANCISCO,Condutor Dormindo,Saída de leito carroçável,Com Vítimas Fatais,Plena Noite,Decrescente,Céu Claro,Simples,Reta,Não,1,1,0,0,0,0,0,1,"-8,68060003","-38,80133699",SPRF-PE,DEL04-PE,UOP01-DEL04-PE
382002,2021-09-07,terça-feira,07:30:00,PE,232,"482,7",VERDEJANTE,Condutor deixou de manter distância do veículo da frente,Colisão traseira,Com Vítimas Fatais,Pleno dia,Decrescente,Céu Claro,Simples,Reta,Sim,3,1,0,1,1,0,1,2,"-8,01011828","-38,90601512",SPRF-PE,DEL05-PE,UOP01-DEL05-PE
382035,2021-09-07,terça-feira,09:15:00,PE,232,"449,9",SAO JOSE DO BELMONTE,Acessar a via sem observar a presença dos outros veículos,Colisão transversal,Com Vítimas Feridas,Pleno dia,Crescente,Céu Claro,Simples,Interseção de Vias,Não,4,0,1,0,3,0,1,2,"-7,98629482","-38,62748158",SPRF-PE,DEL04-PE,UOP01-DEL04-PE
382042,2021-09-07,terça-feira,12:30:00,PE,104,34,TORITAMA,Condutor deixou de manter distância do veículo da frente,Colisão traseira,Com Vítimas Feridas,Pleno dia,Decrescente,Sol,Dupla,Curva,Não,2,0,1,0,1,0,1,2,"-8,0299","-36,0534",SPRF-PE,DEL02-PE,UOP01-DEL02-PE
382289,2021-08-31,terça-feira,14:00:00,PE,428,100,SANTA MARIA DA BOA VISTA,Acumulo de areia ou detritos sobre o pavimento,Eventos atípicos,Sem Vítimas,Pleno dia,Decrescente,Sol,Simples,Reta,Não,2,0,0,0,1,1,0,2,"-8,83744029","-39,95764882",SPRF-PE,DEL06-PE,UOP03-DEL06-PE
382371,2021-09-03,sexta-feira,19:30:00,PE,428,186,PETROLINA,Pedestre andava na pista,Atropelamento de Pedestre,Com Vítimas Feridas,Plena Noite,Decrescente,Céu Claro,Simples,Reta;Em Obras                 ,Sim,2,0,0,1,1,0,1,2,"-9,36023563","-40,48064947",SPRF-PE,DEL06-PE,UOP01-DEL06-PE
382375,2021-09-09,quinta-feira,06:50:00,PE,101,61,RECIFE,Trafegar com motocicleta (ou similar) entre as faixas,Queda de ocupante de veículo,Com Vítimas Fatais,Pleno dia,Crescente,Céu Claro,Dupla,Reta,Sim,2,1,0,0,1,0,0,2,"-7,99097103","-34,93598295",SPRF-PE,DEL01-PE,UOP02-DEL01-PE
382414,2021-09-09,quinta-feira,11:00:00,PE,101,"41,7",IGARASSU,Reação tardia ou ineficiente do condutor,Colisão com objeto,Com Vítimas Feridas,Pleno dia,Crescente,Sol,Dupla,Reta,Sim,2,0,1,0,1,0,1,2,"-7,83038346","-34,91426785",SPRF-PE,DEL01-PE,UOP02-DEL01-PE
382627,2021-09-10,sexta-feira,11:45:00,PE,101,"48,9",ABREU E LIMA,Estacionar ou parar em local proibido,Colisão traseira,Com Vítimas Feridas,Pleno dia,Decrescente,Céu Claro,Dupla,Curva,Sim,2,0,0,1,1,0,1,2,"-7,9009818","-34,90160108",SPRF-PE,DEL01-PE,UOP02-DEL01-PE
382758,2021-09-11,sábado,01:55:00,PE,101,78,RECIFE,Transitar na contramão,Colisão frontal,Sem Vítimas,Plena Noite,Crescente,Chuva,Dupla,Reta,Sim,2,0,0,0,1,1,0,2,"-8,13496499","-34,94738614",SPRF-PE,DEL01-PE,UOP01-DEL01-PE
382819,2021-09-11,sábado,07:15:00,PE,101,"29,4",ITAPISSUMA,Acesso irregular,Colisão com objeto,Sem Vítimas,Pleno dia,Decrescente,Céu Claro,Dupla,Reta,Não,1,0,0,0,1,0,0,1,"-7,72939697","-34,94185854",SPRF-PE,DEL01-PE,UOP02-DEL01-PE
382922,2021-09-11,sábado,20:26:00,PE,424,83,GARANHUNS,Ingestão de álcool pelo condutor,Colisão lateral sentido oposto,Sem Vítimas,Plena Noite,Decrescente,Nublado,Simples,Reta,Não,2,0,0,0,1,1,0,2,"-8,84593423","-36,52457016",SPRF-PE,DEL03-PE,UOP01-DEL03-PE
382929,2021-09-11,sábado,20:30:00,PE,424,"106,2",GARANHUNS,Ingestão de álcool pelo condutor,Colisão traseira,Sem Vítimas,Plena Noite,Crescente,Céu Claro,Simples,Reta,Não,2,0,0,0,2,0,0,2,"-8,99200167","-36,49391511",SPRF-PE,DEL03-PE,UOP01-DEL03-PE
383048,2021-09-12,domingo,09:35:00,PE,101,"115,1",IPOJUCA,Velocidade Incompatível,Tombamento,Com Vítimas Feridas,Pleno dia,Crescente,Céu Claro,Dupla,Curva,Não,1,0,1,0,0,0,1,1,"-8,33694261","-35,14157295",SPRF-PE,DEL01-PE,UOP01-DEL01-PE
383250,2021-08-12,quinta-feira,12:45:00,PE,232,7,RECIFE,Reação tardia ou ineficiente do condutor,Colisão com objeto,Com Vítimas Feridas,Pleno dia,Crescente,Céu Claro,Dupla,Reta,Sim,2,0,0,1,1,0,1,2,"-8,07333497","-34,96184301",SPRF-PE,DEL01-PE,UOP01-DEL01-PE
383342,2021-09-13,segunda-feira,17:20:00,PE,101,"73,6",RECIFE,Reação tardia ou ineficiente do condutor,Colisão transversal,Com Vítimas Feridas,Anoitecer,Decrescente,Nublado,Dupla,Retorno Regulamentado,Não,3,0,0,1,1,1,1,2,"-8,099177","-34,949988",SPRF-PE,DEL01-PE,UOP01-DEL01-PE
383464,2021-09-14,terça-feira,10:50:00,PE,232,"129,3",CARUARU,Avarias e/ou desgaste excessivo no pneu,Saída de leito carroçável,Com Vítimas Feridas,Pleno dia,Crescente,Céu Claro,Dupla,Reta,Sim,1,0,1,0,0,0,1,1,"-8,30193507","-35,98092002",SPRF-PE,DEL02-PE,UOP03-DEL02-PE
383666,2021-09-15,quarta-feira,14:05:00,PE,101,"87,1",JABOATAO DOS GUARARAPES,Acessar a via sem observar a presença dos outros veículos,Colisão transversal,Com Vítimas Feridas,Pleno dia,Decrescente,Sol,Simples,Reta,Sim,2,0,0,1,1,0,1,2,"-8,19120206","-34,97449985",SPRF-PE,DEL01-PE,UOP01-DEL01-PE
383715,2021-09-15,quarta-feira,18:50:00,PE,101,"26,9",IGARASSU,Ausência de reação do condutor,Colisão traseira,Com Vítimas Fatais,Plena Noite,Crescente,Céu Claro,Dupla,Reta,Não,2,1,0,0,1,0,0,2,"-7,713007","-34,933368",SPRF-PE,DEL01-PE,UOP02-DEL01-PE
383718,2021-09-15,quarta-feira,18:30:00,PE,101,"48,9",ABREU E LIMA,Reação tardia ou ineficiente do condutor,Colisão lateral mesmo sentido,Com Vítimas Feridas,Plena Noite,Crescente,Céu Claro,Múltipla,Curva,Sim,3,0,1,0,1,1,1,3,"-7,89174705","-34,9033493",SPRF-PE,DEL01-PE,UOP02-DEL01-PE
383725,2021-09-15,quarta-feira,20:26:00,PE,423,"62,5",LAJEDO,Transitar na contramão,Colisão frontal,Com Vítimas Fatais,Plena Noite,Crescente,Céu Claro,Simples,Reta,Não,2,1,0,0,1,0,0,2,"-8,66011023","-36,33781395",SPRF-PE,DEL03-PE,UOP01-DEL03-PE
383734,2021-09-15,quarta-feira,21:00:00,PE,232,"386,3",SERRA TALHADA,Transitar na contramão,Colisão frontal,Com Vítimas Fatais,Plena Noite,Crescente,Céu Claro,Simples,Reta,Não,2,1,0,0,1,0,0,2,"-8,03634077","-38,10371494",SPRF-PE,DEL04-PE,UOP01-DEL04-PE
383864,2021-09-08,quarta-feira,13:40:00,PE,423,"81,4",JUCATI,Acessar a via sem observar a presença dos outros veículos,Colisão transversal,Com Vítimas Feridas,Pleno dia,Crescente,Céu Claro,Simples,Declive,Não,2,0,1,0,1,0,1,2,"-8,77445381","-36,42734142",SPRF-PE,DEL03-PE,UOP01-DEL03-PE