id,data_inversa,dia_semana,horario,uf,br,km,municipio,causa_acidente,tipo_acidente,classificacao_acidente,fase_dia,sentido_via,condicao_metereologica,tipo_pista,tracado_via,uso_solo,pessoas,mortos,feridos_leves,feridos_graves,ilesos,ignorados,feridos,veiculos,latitude,longitude,regional,delegacia,uop
384025,2021-09-17,sexta-feira,11:30:00,PE,101,205,XEXEU,Manobra de mudança de faixa,Colisão lateral mesmo sentido,Com Vítimas Feridas,Pleno dia,Crescente,Sol,Dupla,Reta;Aclive                   ,Não,3,0,1,0,1,1,1,3,"-8,809","-35,623",SPRF-PE,DEL01-PE,UOP01-DEL01-PE
384141,2021-09-17,sexta-feira,20:10:00,PE,101,44,IGARASSU,Manobra de mudança de faixa,Colisão lateral mesmo sentido,Sem Vítimas,Plena Noite,Decrescente,Nublado,Múltipla,Reta,Sim,2,0,0,0,1,1,0,2,"-7,85637001","-34,90842109",SPRF-PE,DEL01-PE,UOP02-DEL01-PE
384269,2021-09-18,sábado,09:53:00,PE,423,"41,1",CACHOEIRINHA,Entrada inopinada do pedestre,Atropelamento de Pedestre,Com Vítimas Feridas,Pleno dia,Decrescente,Céu Claro,Simples,Reta,Não,2,0,0,1,0,1,1,2,"-8,50137217","-36,24621989",SPRF-PE,DEL03-PE,UOP01-DEL03-PE
384392,2021-09-18,sábado,22:30:00,PE,232,240,ARCOVERDE,Ingestão de álcool pelo condutor,Colisão frontal,Com Vítimas Feridas,Plena Noite,Crescente,Céu Claro,Simples,Aclive,Não,2,0,0,1,1,0,1,2,"-8,41469683","-36,96172896",SPRF-PE,DEL03-PE,UOP02-DEL03-PE
384451,2021-09-18,sábado,21:15:00,PE,424,69,CAETES,Acessar a via sem observar a presença dos outros veículos,Colisão com objeto,Sem Vítimas,Plena Noite,Decrescente,Céu Claro,Simples,Reta,Sim,2,0,0,0,2,0,0,2,"-8,77398589","-36,62798492",SPRF-PE,DEL03-PE,UOP01-DEL03-PE
384651,2021-09-20,segunda-feira,02:50:00,PE,232,"63,1",POMBOS,Problema com o freio,Tombamento,Com Vítimas Fatais,Plena Noite,Decrescente,Céu Claro,Dupla,Declive;Reta                  ,Não,2,1,0,1,0,0,1,1,"-8,159775","-35,431742",SPRF-PE,DEL02-PE,UOP02-DEL02PE
384819,2021-09-20,segunda-feira,21:15:00,PE,316,"105,3",OURICURI,Animais na Pista,Tombamento,Com Vítimas Feridas,Plena Noite,Decrescente,Céu Claro,Simples,Reta,Não,1,0,1,0,0,0,1,1,"-7,95538676","-39,9055009",SPRF-PE,DEL05-PE,UOP02-DEL05-PE
384974,2021-09-21,terça-feira,21:00:00,PE,116,29,SALGUEIRO,Condutor Dormindo,Colisão com objeto,Com Vítimas Fatais,Plena Noite,Decrescente,Céu Claro,Simples,Aclive,Não,1,1,0,0,0,0,0,1,"-8,096241","-39,124842",SPRF-PE,DEL05-PE,UOP01-DEL05-PE
385002,2021-09-22,quarta-feira,04:20:00,PE,423,"71,9",JUPI,Transitar na contramão,Colisão frontal,Com Vítimas Feridas,Amanhecer,Decrescente,Céu Claro,Simples,Reta,Não,2,0,0,1,1,0,1,2,"-8,69250589","-36,41166726",SPRF-PE,DEL03-PE,UOP01-DEL03-PE
385038,2021-09-22,quarta-feira,09:30:00,PE,101,"82,7",JABOATAO DOS GUARARAPES,Condutor deixou de manter distância do veículo da frente,Colisão traseira,Sem Vítimas,Pleno dia,Decrescente,Sol,Dupla,Aclive,Sim,2,0,0,0,2,0,0,2,"-8,17645723","-34,94403362",SPRF-PE,DEL01-PE,UOP01-DEL01-PE
385091,2021-09-22,quarta-feira,16:20:00,PE,428,90,PETROLINA,Ausência de reação do condutor,Colisão lateral sentido oposto,Sem Vítimas,Pleno dia,Crescente,Céu Claro,Simples,Reta,Não,2,0,0,0,1,1,0,2,"-9,093917","-40,654392",SPRF-PE,DEL06-PE,UOP03-DEL06-PE
385095,2021-09-22,quarta-feira,05:30:00,PE,316,330,FLORESTA,Condutor Dormindo,Tombamento,Sem Vítimas,Pleno dia,Crescente,Céu Claro,Simples,Reta,Não,1,0,0,0,1,0,0,1,"-8,74635417","-38,40938209",SPRF-PE,DEL04-PE,UOP01-DEL04-PE
385243,2021-09-23,quinta-feira,14:15:00,PE,101,"65,4",RECIFE,Ausência de reação do condutor,Colisão traseira,Com Vítimas Feridas,Pleno dia,Crescente,Sol,Múltipla,Reta,Sim,2,0,1,0,1,0,1,2,"-8,02478597","-34,94276635",SPRF-PE,DEL01-PE,UOP01-DEL01-PE
385317,2021-09-23,quinta-feira,20:40:00,PE,101,193,PALMARES,Velocidade Incompatível,Tombamento,Sem Vítimas,Plena Noite,Crescente,Céu Claro,Múltipla,Reta,Não,1,0,0,0,1,0,0,1,"-8,72157295","-35,60951373",SPRF-PE,DEL01-PE,UOP01-DEL01-PE
385343,2021-09-24,sexta-feira,00:50:00,PE,101,193,PALMARES,Obstrução na via,Colisão traseira,Sem Vítimas,Plena Noite,Crescente,Chuva,Dupla,Reta,Não,2,0,0,0,2,0,0,2,"-8,72157295","-35,60951373",SPRF-PE,DEL01-PE,UOP01-DEL01-PE
385390,2021-09-24,sexta-feira,11:00:00,PE,101,57,PAULISTA,Reação tardia ou ineficiente do condutor,Colisão com objeto,Sem Vítimas,Pleno dia,Decrescente,Céu Claro,Dupla,Reta,Sim,2,0,0,0,0,2,0,2,"-7,96346213","-34,91513486",SPRF-PE,DEL01-PE,UOP02-DEL01-PE
385790,2021-09-26,domingo,03:45:00,PE,116,"40,1",SALGUEIRO,Condutor Dormindo,Colisão frontal,Com Vítimas Fatais,Plena Noite,Crescente,Céu Claro,Simples,Reta,Não,5,3,1,1,0,0,2,2,"-8,188874","-39,10149",SPRF-PE,DEL05-PE,UOP01-DEL05-PE
385995,2021-09-26,domingo,21:40:00,PE,407,"90,5",PETROLINA,Manobra de mudança de faixa,Colisão frontal,Com Vítimas Fatais,Plena Noite,Crescente,Céu Claro,Simples,Aclive,Não,3,2,1,0,0,0,1,2,"-9,09108986","-40,65584672",SPRF-PE,DEL06-PE,UOP02-DEL06-PE
386163,2021-09-27,segunda-feira,18:15:00,PE,116,44,SALGUEIRO,Conversão proibida,Colisão transversal,Com Vítimas Feridas,Anoitecer,Crescente,Céu Claro,Simples,Interseção de Vias,Não,3,0,2,0,0,1,2,2,"-8,223163","-39,105778",SPRF-PE,DEL05-PE,UOP01-DEL05-PE
386185,2021-09-22,quarta-feira,12:45:00,PE,116,29,SALGUEIRO,Velocidade Incompatível,Colisão traseira,Sem Vítimas,Pleno dia,Crescente,Céu Claro,Simples,Reta,Não,7,0,0,0,7,0,0,3,"-8,09494","-39,124596",SPRF-PE,DEL05-PE,UOP01-DEL05-PE
386227,2021-09-28,terça-feira,06:00:00,PE,101,46,IGARASSU,Estacionar ou parar em local proibido,Colisão lateral mesmo sentido,Com Vítimas Feridas,Pleno dia,Crescente,Céu Claro,Dupla,Reta,Sim,4,0,1,1,1,1,2,3,"-7,87406004","-34,90588126",SPRF-PE,DEL01-PE,UOP02-DEL01-PE
386285,2021-09-28,terça-feira,11:57:00,PE,428,188,PETROLINA,Manobra de mudança de faixa,Colisão lateral mesmo sentido,Sem Vítimas,Pleno dia,Decrescente,Céu Claro,Simples,Reta,Sim,2,0,0,0,2,0,0,2,"-9,37645","-40,49499",SPRF-PE,DEL06-PE,UOP01-DEL06-PE
386479,2021-09-29,quarta-feira,16:20:00,PE,101,"68,3",RECIFE,Condutor deixou de manter distância do veículo da frente,Colisão traseira,Com Vítimas Feridas,Pleno dia,Decrescente,Céu Claro,Dupla,Viaduto,Sim,3,0,0,1,2,0,1,3,"-8,05074296","-34,94580619",SPRF-PE,DEL01-PE,UOP01-DEL01-PE
386546,2021-09-29,quarta-feira,23:20:00,PE,423,"86,1",SAO JOAO,Pedestre andava na pista,Atropelamento de Pedestre,Com Vítimas Fatais,Plena Noite,Crescente,Nublado,Simples,Reta;Declive                  ,Não,2,1,0,0,0,1,0,2,"-8,80610593","-36,44168015",SPRF-PE,DEL03-PE,UOP01-DEL03-PE
386571,2021-09-30,quinta-feira,05:20:00,PE,428,"171,4",PETROLINA,Ultrapassagem Indevida,Colisão lateral mesmo sentido,Com Vítimas Feridas,Amanhecer,Decrescente,Céu Claro,Simples,Reta,Não,4,0,1,0,2,1,1,2,"-9,22853421","-40,41255764",SPRF-PE,DEL06-PE,UOP01-DEL06-PE
386694,2021-09-30,quinta-feira,17:40:00,PE,232,"49,5",VITORIA DE SANTO ANTAO,Acessar a via sem observar a presença dos outros veículos,Colisão lateral mesmo sentido,Com Vítimas Feridas,Anoitecer,Decrescente,Céu Claro,Dupla,Reta,Não,2,0,1,0,1,0,1,2,"-8,143676","-35,314419",SPRF-PE,DEL01-PE,UOP01-DEL01-PE
386834,2021-10-01,sexta-feira,13:00:00,PE,101,18,GOIANA,Ausência de reação do condutor,Colisão traseira,Com Vítimas Feridas,Pleno dia,Decrescente,Céu Claro,Dupla,Reta,Não,2,0,0,1,1,0,1,2,"-7,64778973","-34,95054569",SPRF-PE,DEL01-PE,UOP02-DEL01-PE
386859,2021-10-01,sexta-feira,15:10:00,PE,428,"87,8",SANTA MARIA DA BOA VISTA,Condutor Dormindo,Saída de leito carroçável,Com Vítimas Feridas,Pleno dia,Crescente,Sol,Simples,Reta,Não,1,0,1,0,0,0,1,1,"-8,78806523","-39,85675009",SPRF-PE,DEL06-PE,UOP03-DEL06-PE
386882,2021-10-01,sexta-feira,16:10:00,PE,101,71,RECIFE,Acostamento em desnível,Colisão lateral mesmo sentido,Sem Vítimas,Pleno dia,Decrescente,Nublado,Dupla,Reta,Sim,2,0,0,0,2,0,0,2,"-8,07914","-34,942936",SPRF-PE,DEL01-PE,UOP01-DEL01-PE
386883,2021-10-01,sexta-feira,15:00:00,PE,101,"46,3",ABREU E LIMA,Acessar a via sem observar a presença dos outros veículos,Colisão lateral sentido oposto,Com Vítimas Feridas,Pleno dia,Crescente,Nublado,Dupla,Reta,Sim,2,0,1,0,1,0,1,2,"-7,89208691","-34,9036181",SPRF-PE,DEL01-PE,UOP02-DEL01-PE
386946,2021-10-01,sexta-feira,19:00:00,PE,423,"66,7",JUPI,Pedestre cruzava a pista fora da faixa,Atropelamento de Pedestre,Com Vítimas Fatais,Plena Noite,Crescente,Céu Claro,Simples,Reta,Não,2,1,0,0,0,1,0,2,"-8,66844631","-36,37491793",SPRF-PE,DEL03-PE,UOP01-DEL03-PE
387023,2021-10-02,sábado,05:15:00,PE,428,"166,4",PETROLINA,Ingestão de álcool pelo condutor,Colisão frontal,Com Vítimas Fatais,Amanhecer,Decrescente,Céu Claro,Simples,Reta,Não,2,1,0,0,1,0,0,2,"-9,20593092","-40,39620538",SPRF-PE,DEL06-PE,UOP01-DEL06-PE
387058,2021-10-02,sábado,10:00:00,PE,101,"54,3",PAULISTA,Reação tardia ou ineficiente do condutor,Colisão lateral mesmo sentido,Sem Vítimas,Pleno dia,Decrescente,Sol,Múltipla,Reta,Sim,2,0,0,0,2,0,0,2,"-7,942634","-34,904049",SPRF-PE,DEL01-PE,UOP02-DEL01-PE
387119,2021-10-02,sábado,12:25:00,PE,101,59,RECIFE,Reação tardia ou ineficiente do condutor,Colisão traseira,Com Vítimas Feridas,Pleno dia,Decrescente,Sol,Dupla,Curva,Sim,2,0,1,0,1,0,1,2,"-7,97708575","-34,92607318",SPRF-PE,DEL01-PE,UOP02-DEL01-PE
387270,2021-10-03,domingo,02:00:00,PE,232,"246,5",ARCOVERDE,Ingestão de álcool pelo condutor,Colisão lateral sentido oposto,Sem Vítimas,Plena Noite,Decrescente,Céu Claro,Simples,Reta,Não,2,0,0,0,1,1,0,2,"-8,42022198","-37,016598",SPRF-PE,DEL03-PE,UOP02-DEL03-PE
387325,2021-10-03,domingo,13:40:00,PE,232,"136,7",CARUARU,Reação tardia ou ineficiente do condutor,Colisão traseira,Com Vítimas Feridas,Pleno dia,Crescente,Céu Claro,Dupla,Aclive,Não,3,0,0,1,2,0,1,2,"-8,31339932","-36,04175591",SPRF-PE,DEL02-PE,UOP03-DEL02-PE
387387,2021-10-03,domingo,18:50:00,PE,423,"81,7",JUCATI,Acessar a via sem observar a presença dos outros veículos,Colisão transversal,Sem Vítimas,Plena Noite,Decrescente,Nevoeiro/Neblina,Simples,Aclive,Não,3,0,0,0,1,2,0,2,"-8,77445381","-36,42734142",SPRF-PE,DEL03-PE,UOP01-DEL03-PE
387389,2021-10-03,domingo,18:20:00,PE,104,28,TORITAMA,Reação tardia ou ineficiente do condutor,Colisão lateral mesmo sentido,Com Vítimas Feridas,Plena Noite,Crescente,Céu Claro,Simples,Reta,Sim,4,0,0,1,3,0,1,3,"-8,0065","-36,0709",SPRF-PE,DEL02-PE,UOP01-DEL02-PE
387453,2021-10-03,domingo,19:30:00,PE,232,"493,4",VERDEJANTE,Desrespeitar a preferência no cruzamento,Colisão transversal,Com Vítimas Feridas,Plena Noite,Decrescente,Céu Claro,Simples,Declive,Não,3,0,0,2,1,0,2,2,"-8,006575","-38,978809",SPRF-PE,DEL05-PE,UOP01-DEL05-PE
387611,2021-10-04,segunda-feira,18:30:00,PE,232,"312,5",SERTANIA,Condutor deixou de manter distância do veículo da frente,Colisão traseira,Sem Vítimas,Plena Noite,Decrescente,Céu Claro,Simples,Declive,Sim,3,0,0,0,2,1,0,2,"-8,13866415","-37,47312917",SPRF-PE,DEL03-PE,UOP02-DEL03-PE
387677,2021-10-05,terça-feira,06:40:00,PE,408,"87,3",SAO LOURENCO DA MATA,Condutor deixou de manter distância do veículo da frente,Saída de leito carroçável,Com Vítimas Feridas,Pleno dia,Crescente,Céu Claro,Dupla,Reta;Aclive                   ,Não,2,0,1,0,0,1,1,1,"-7,96765405","-35,0914341",SPRF-PE,DEL01-PE,UOP01-DEL01-PE
387682,2021-09-05,domingo,21:05:00,PE,232,89,SAIRE,Ingestão de álcool pelo condutor,Colisão traseira,Com Vítimas Feridas,Plena Noite,Crescente,Céu Claro,Dupla,Reta,Não,2,0,0,1,1,0,1,2,"-8,21622964","-35,64675492",SPRF-PE,DEL02-PE,UOP02-DEL02PE
387740,2021-09-07,terça-feira,18:40:00,PE,232,154,SAO CAITANO,Acessar a via sem observar a presença dos outros veículos,Colisão traseira,Com Vítimas Fatais,Plena Noite,Crescente,Céu Claro,Simples,Reta,Não,6,3,1,1,0,1,2,3,"-8,32802552","-36,19686127",SPRF-PE,DEL02-PE,UOP03-DEL02-PE
387935,2021-10-06,quarta-feira,15:45:00,PE,101,68,RECIFE,Condutor deixou de manter distância do veículo da frente,Colisão traseira,Sem Vítimas,Pleno dia,Decrescente,Sol,Múltipla,Reta,Sim,2,0,0,0,1,1,0,2,"-8,05074296","-34,94580619",SPRF-PE,DEL01-PE,UOP01-DEL01-PE
388247,2021-10-08,sexta-feira,08:20:00,PE,101,"68,5",RECIFE,Condutor deixou de manter distância do veículo da frente,Colisão traseira,Com Vítimas Feridas,Pleno dia,Crescente,Céu Claro,Dupla,Reta,Sim,2,0,1,0,1,0,1,2,"-8,05074296","-34,94580619",SPRF-PE,DEL01-PE,UOP01-DEL01-PE
388285,2021-10-08,sexta-feira,11:00:00,PE,232,"214,9",PESQUEIRA,Ultrapassagem Indevida,Colisão frontal,Com Vítimas Fatais,Pleno dia,Decrescente,Céu Claro,Simples,Reta,Não,9,3,0,5,0,1,5,3,"-8,3804455","-36,73076279",SPRF-PE,DEL03-PE,UOP02-DEL03-PE
388707,2021-10-09,sábado,22:00:00,PE,232,422,SERRA TALHADA,Ingestão de álcool pelo condutor,Colisão frontal,Com Vítimas Feridas,Plena Noite,Crescente,Céu Claro,Simples,Reta,Não,2,0,1,0,1,0,1,2,"-7,9977329","-38,40384502",SPRF-PE,DEL04-PE,UOP01-DEL04-PE
388851,2021-10-10,domingo,11:50:00,PE,101,"9,7",GOIANA,Velocidade Incompatível,Colisão com objeto,Com Vítimas Feridas,Pleno dia,Decrescente,Nublado,Dupla,Declive,Não,1,0,1,0,0,0,1,1,"-7,57788903","-34,98847822",SPRF-PE,DEL01-PE,UOP02-DEL01-PE
389160,2021-10-11,segunda-feira,18:50:00,PE,101,"80,6",JABOATAO DOS GUARARAPES,Avarias e/ou desgaste excessivo no pneu,Incêndio,Sem Vítimas,Plena Noite,Crescente,Céu Claro,Dupla,Reta,Sim,2,0,0,0,2,0,0,1,"-8,15112589","-34,9428866",SPRF-PE,DEL01-PE,UOP01-DEL01-PE
389348,2021-10-12,terça-feira,20:30:00,PE,232,"182,9",BELO JARDIM,Transitar na contramão,Colisão frontal,Com Vítimas Feridas,Plena Noite,Crescente,Céu Claro,Simples,Reta,Não,2,0,0,1,1,0,1,2,"-8,34804728","-36,44664994",SPRF-PE,DEL02-PE,UOP03-DEL02-PE
389481,2021-10-13,quarta-feira,15:30:00,PE,101,37,ITAPISSUMA,Ausência de reação do condutor,Colisão traseira,Sem Vítimas,Pleno dia,Decrescente,Céu Claro,Dupla,Reta,Não,2,0,0,0,2,0,0,2,"-7,79726705","-34,9274932",SPRF-PE,DEL01-PE,UOP02-DEL01-PE
389569,2021-10-14,quinta-feira,04:00:00,PE,232,29,MORENO,Manobra de mudança de faixa,Derramamento de carga,Sem Vítimas,Amanhecer,Decrescente,Nublado,Dupla,Reta,Sim,1,0,0,0,1,0,0,1,"-8,111269","-35,143135",SPRF-PE,DEL01-PE,UOP01-DEL01-PE
389610,2021-10-14,quinta-feira,10:50:00,PE,101,3,JABOATAO DOS GUARARAPES,Acessar a via sem observar a presença dos outros veículos,Colisão transversal,Com Vítimas Feridas,Pleno dia,Decrescente,Céu Claro,Simples,Reta,Sim,2,0,1,0,1,0,1,2,"-8,18184142","-34,94888306",SPRF-PE,DEL01-PE,UOP01-DEL01-PE
389854,2021-10-15,sexta-feira,15:30:00,PE,408,"104,8",JABOATAO DOS GUARARAPES,Acessar a via sem observar a presença dos outros veículos,Colisão traseira,Com Vítimas Feridas,Pleno dia,Decrescente,Céu Claro,Dupla,Curva,Sim,4,0,1,0,1,2,1,4,"-8,075679","-34,992291",SPRF-PE,DEL01-PE,UOP01-DEL01-PE
389912,2021-10-15,sexta-feira,20:45:00,PE,232,36,MORENO,Reação tardia ou ineficiente do condutor,Colisão traseira,Com Vítimas Feridas,Plena Noite,Crescente,Céu Claro,Dupla,Reta,Não,2,0,1,0,1,0,1,2,"-8,11082778","-35,20125807",SPRF-PE,DEL01-PE,UOP01-DEL01-PE
389969,2021-10-16,sábado,00:40:00,PE,232,"231,7",PESQUEIRA,Pedestre andava na pista,Atropelamento de Pedestre,Com Vítimas Fatais,Plena Noite,Decrescente,Céu Claro,Simples,Reta,Não,2,1,0,0,0,1,0,2,"-8,40315513","-36,88346699",SPRF-PE,DEL03-PE,UOP02-DEL03-PE
390053,2021-10-16,sábado,12:00:00,PE,101,"44,9",IGARASSU,Reação tardia ou ineficiente do condutor,Colisão lateral mesmo sentido,Com Vítimas Feridas,Pleno dia,Decrescente,Sol,Múltipla,Aclive,Sim,2,0,1,0,1,0,1,2,"-7,85637001","-34,90842109",SPRF-PE,DEL01-PE,UOP02-DEL01-PE
390128,2021-10-16,sábado,20:00:00,PE,407,"121,3",PETROLINA,Ingestão de álcool pelo condutor,Colisão traseira,Sem Vítimas,Plena Noite,Crescente,Céu Claro,Simples,Reta,Não,2,0,0,0,2,0,0,2,"-9,351601","-40,552985",SPRF-PE,DEL06-PE,UOP01-DEL06-PE
390210,2021-10-17,domingo,06:50:00,PE,232,"250,3",ARCOVERDE,Demais falhas mecânicas ou elétricas,Colisão frontal,Com Vítimas Feridas,Pleno dia,Crescente,Céu Claro,Simples,Reta,Não,4,0,0,3,1,0,3,2,"-8,42350887","-37,05286107",SPRF-PE,DEL03-PE,UOP02-DEL03-PE
390492,2021-10-18,segunda-feira,15:10:00,PE,101,80,JABOATAO DOS GUARARAPES,Acessar a via sem observar a presença dos outros veículos,Colisão lateral mesmo sentido,Com Vítimas Feridas,Pleno dia,Crescente,Sol,Múltipla,Reta,Sim,3,0,1,0,1,1,1,2,"-8,15112589","-34,9428866",SPRF-PE,DEL01-PE,UOP01-DEL01-PE
390624,2021-10-19,terça-feira,12:00:00,PE,101,"80,6",JABOATAO DOS GUARARAPES,Velocidade Incompatível,Colisão lateral mesmo sentido,Com Vítimas Feridas,Pleno dia,Crescente,Céu Claro,Múltipla,Retorno Regulamentado,Não,5,0,1,2,1,1,3,3,"-8,15112589","-34,9428866",SPRF-PE,DEL01-PE,UOP01-DEL01-PE
390639,2021-10-19,terça-feira,12:50:00,PE,232,5,RECIFE,Velocidade Incompatível,Colisão traseira,Com Vítimas Feridas,Pleno dia,Decrescente,Céu Claro,Simples,Curva,Não,2,0,0,1,1,0,1,2,"-8,06795766","-34,94535414",SPRF-PE,DEL01-PE,UOP01-DEL01-PE
390654,2021-10-19,terça-feira,14:30:00,PE,232,"177,8",BELO JARDIM,Reação tardia ou ineficiente do condutor,Engavetamento,Sem Vítimas,Pleno dia,Crescente,Céu Claro,Simples,Reta,Sim,3,0,0,0,3,0,0,3,"-8,34884045","-36,4032249",SPRF-PE,DEL02-PE,UOP03-DEL02-PE
390696,2021-10-19,terça-feira,16:50:00,PE,101,"40,2",IGARASSU,Condutor deixou de manter distância do veículo da frente,Colisão transversal,Com Vítimas Feridas,Anoitecer,Crescente,Céu Claro,Dupla,Reta,Sim,2,0,1,0,1,0,1,2,"-7,821475","-34,916545",SPRF-PE,DEL01-PE,UOP02-DEL01-PE
390795,2021-10-20,quarta-feira,06:30:00,PE,232,39,VITORIA DE SANTO ANTAO,Manobra de mudança de faixa,Colisão lateral mesmo sentido,Com Vítimas Feridas,Pleno dia,Decrescente,Céu Claro,Dupla,Reta,Não,2,0,1,0,0,1,1,2,"-8,116215","-35,221749",SPRF-PE,DEL01-PE,UOP01-DEL01-PE
390914,2021-10-20,quarta-feira,22:30:00,PE,316,60,TRINDADE,Transitar na contramão,Colisão frontal,Com Vítimas Feridas,Plena Noite,Decrescente,Céu Claro,Simples,Curva,Sim,2,0,0,1,1,0,1,2,"-7,77005418","-40,2584535",SPRF-PE,DEL05-PE,UOP02-DEL05-PE
390938,2021-07-28,quarta-feira,23:50:00,PE,101,"0,1",CABO DE SANTO AGOSTINHO,Condutor Dormindo,Colisão traseira,Com Vítimas Feridas,Plena Noite,Decrescente,Céu Claro,Dupla,Curva,Sim,3,0,1,0,1,1,1,2,"-8,278396","-35,029909",SPRF-PE,DEL01-PE,UOP01-DEL01-PE
390984,2021-10-21,quinta-feira,11:15:00,PE,232,"128,8",CARUARU,Manobra de mudança de faixa,Colisão traseira,Com Vítimas Feridas,Pleno dia,Crescente,Sol,Dupla,Reta,Sim,2,0,1,0,1,0,1,2,"-8,30399306","-35,97216301",SPRF-PE,DEL02-PE,UOP03-DEL02-PE
391104,2021-10-22,sexta-feira,02:55:00,PE,116,40,SALGUEIRO,Condutor Dormindo,Saída de leito carroçável,Com Vítimas Feridas,Plena Noite,Crescente,Céu Claro,Simples,Declive,Não,1,0,0,1,0,0,1,1,"-8,188874","-39,10149",SPRF-PE,DEL05-PE,UOP01-DEL05-PE
391160,2021-10-22,sexta-feira,09:45:00,PE,101,84,JABOATAO DOS GUARARAPES,Reação tardia ou ineficiente do condutor,Colisão frontal,Com Vítimas Feridas,Pleno dia,Crescente,Sol,Simples,Reta,Sim,3,0,0,1,2,0,1,3,"-8,18776912","-34,9538257",SPRF-PE,DEL01-PE,UOP01-DEL01-PE
391277,2021-10-22,sexta-feira,11:00:00,PE,101,77,RECIFE,Ausência de reação do condutor,Colisão traseira,Sem Vítimas,Pleno dia,Crescente,Céu Claro,Dupla,Reta,Sim,1,0,0,0,0,1,0,1,"-8,126982","-34,94386",SPRF-PE,DEL01-PE,UOP01-DEL01-PE
391368,2021-10-23,sábado,07:15:00,PE,424,"94,1",GARANHUNS,Transitar na contramão,Colisão frontal,Com Vítimas Fatais,Pleno dia,Crescente,Céu Claro,Simples,Reta;Declive                  ,Sim,3,1,0,0,1,1,0,3,"-8,91590392","-36,48883344",SPRF-PE,DEL03-PE,UOP01-DEL03-PE
391392,2021-10-23,sábado,09:50:00,PE,101,4,RECIFE,Carga excessiva e/ou mal acondicionada,Tombamento,Com Vítimas Feridas,Pleno dia,Crescente,Sol,Múltipla,Reta,Sim,1,0,0,1,0,0,1,1,"-8,065981","-34,94061",SPRF-PE,DEL01-PE,UOP02-DEL01-PE
391408,2021-10-23,sábado,12:05:00,PE,408,105,JABOATAO DOS GUARARAPES,Condutor deixou de manter distância do veículo da frente,Colisão lateral mesmo sentido,Com Vítimas Feridas,Pleno dia,Decrescente,Céu Claro,Dupla,Reta;Retorno Regulamentado    ,Sim,2,0,1,0,1,0,1,2,"-8,064443","-34,99006",SPRF-PE,DEL01-PE,UOP01-DEL01-PE
391444,2021-10-23,sábado,13:00:00,PE,232,"236,5",PESQUEIRA,Declive acentuado,Tombamento,Com Vítimas Fatais,Pleno dia,Decrescente,Céu Claro,Simples,Curva,Não,1,1,0,0,0,0,0,1,"-8,4130238","-36,92650506",SPRF-PE,DEL03-PE,UOP02-DEL03-PE
391911,2021-10-25,segunda-feira,16:30:00,PE,101,"70,2",RECIFE,Manobra de mudança de faixa,Colisão lateral mesmo sentido,Com Vítimas Fatais,Pleno dia,Crescente,Céu Claro,Dupla,Reta,Não,3,1,0,1,1,0,1,2,"-8,06776119","-34,94265074",SPRF-PE,DEL01-PE,UOP01-DEL01-PE
392041,2021-10-26,terça-feira,11:00:00,PE,101,"135,7",RIBEIRAO,Reação tardia ou ineficiente do condutor,Saída de leito carroçável,Com Vítimas Feridas,Pleno dia,Decrescente,Nublado,Dupla,Reta,Não,1,0,1,0,0,0,1,1,"-8,413352","-35,302578",SPRF-PE,DEL01-PE,UOP01-DEL01-PE
392071,2021-10-26,terça-feira,14:30:00,PE,101,82,JABOATAO DOS GUARARAPES,Manobra de mudança de faixa,Colisão traseira,Com Vítimas Feridas,Pleno dia,Crescente,Nublado,Dupla,Interseção de Vias,Sim,2,0,1,0,1,0,1,2,"-8,168383","-34,9376",SPRF-PE,DEL01-PE,UOP01-DEL01-PE
392159,2021-10-27,quarta-feira,07:00:00,PE,101,"74,6",RECIFE,Ausência de reação do condutor,Colisão traseira,Com Vítimas Feridas,Pleno dia,Decrescente,Sol,Dupla,Reta,Sim,2,0,1,0,1,0,1,2,"-8,108075","-34,94767",SPRF-PE,DEL01-PE,UOP01-DEL01-PE
392183,2021-10-27,quarta-feira,08:40:00,PE,101,"21,1",GOIANA,Manobra de mudança de faixa,Colisão lateral mesmo sentido,Com Vítimas Feridas,Pleno dia,Crescente,Nublado,Dupla,Reta,Não,2,0,1,0,1,0,1,2,"-7,667766","-34,93266",SPRF-PE,DEL01-PE,UOP02-DEL01-PE
392199,2021-10-27,quarta-feira,04:00:00,PE,423,"132,4",SALOA,Reação tardia ou ineficiente do condutor,Colisão frontal,Com Vítimas Feridas,Amanhecer,Crescente,Ignorado,Simples,Reta;Declive                  ,Não,2,0,0,1,1,0,1,2,"-8,95943517","-36,76461912",SPRF-PE,DEL03-PE,UOP01-DEL03-PE
392290,2021-10-27,quarta-feira,18:00:00,PE,232,"176,8",BELO JARDIM,Acessar a via sem observar a presença dos outros veículos,Colisão transversal,Com Vítimas Feridas,Plena Noite,Decrescente,Céu Claro,Simples,Reta,Não,3,0,1,0,2,0,1,2,"-8,34573608","-36,39481995",SPRF-PE,DEL02-PE,UOP03-DEL02-PE