id,data_inversa,dia_semana,horario,uf,br,km,municipio,causa_acidente,tipo_acidente,classificacao_acidente,fase_dia,sentido_via,condicao_metereologica,tipo_pista,tracado_via,uso_solo,pessoas,mortos,feridos_leves,feridos_graves,ilesos,ignorados,feridos,veiculos,latitude,longitude,regional,delegacia,uop
332708,2021-01-06,quarta-feira,08:00:00,PE,101,"68,2",RECIFE,Manobra de mudança de faixa,Colisão lateral,Sem Vítimas,Pleno dia,Crescente,Chuva,Dupla,Rotatória,Sim,2,0,0,0,2,0,0,2,"-8,052311","-34,946766",SPRF-PE,DEL01-PE,UOP01-DEL01-PE
332718,2021-01-06,quarta-feira,09:15:00,PE,104,"65,4",CARUARU,Condutor deixou de manter distância do veículo da frente,Queda de ocupante de veículo,Com Vítimas Feridas,Pleno dia,Decrescente,Céu Claro,Dupla,Reta,Sim,1,0,1,0,0,0,1,1,"-8,2867","-35,9838",SPRF-PE,DEL02-PE,UOP01-DEL02-PE
332760,2021-01-06,quarta-feira,13:30:00,PE,423,38,CACHOEIRINHA,Avarias e/ou desgaste excessivo no pneu,Saída de leito carroçável,Com Vítimas Feridas,Pleno dia,Crescente,Céu Claro,Simples,Reta,Sim,1,0,0,1,0,0,1,1,"-8,48361315","-36,22574878",SPRF-PE,DEL02-PE,UOP03-DEL02-PE
332805,2021-01-06,quarta-feira,17:35:00,PE,104,"47,2",CARUARU,Demais falhas mecânicas ou elétricas,Incêndio,Sem Vítimas,Anoitecer,Crescente,Céu Claro,Dupla,Declive,Não,1,0,0,0,0,1,0,1,"-8,1354","-35,9906",SPRF-PE,DEL02-PE,UOP01-DEL02-PE
332819,2021-01-06,quarta-feira,19:05:00,PE,232,"33,2",MORENO,Acessar a via sem observar a presença dos outros veículos,Colisão lateral mesmo sentido,Com Vítimas Feridas,Plena Noite,Crescente,Céu Claro,Dupla,Retorno Regulamentado,Não,3,0,2,0,1,0,2,2,"-8,10539025","-35,17523495",SPRF-PE,DEL02-PE,UOP02-DEL02PE
332896,2021-01-07,quinta-feira,09:40:00,PE,101,"96,7",CABO DE SANTO AGOSTINHO,Manobra de mudança de faixa,Colisão traseira,Sem Vítimas,Pleno dia,Crescente,Céu Claro,Dupla,Reta,Sim,2,0,0,0,2,0,0,2,"-8,25146993","-35,021805",SPRF-PE,DEL01-PE,UOP03-DEL01-PE
333043,2021-01-08,sexta-feira,04:00:00,PE,232,11,JABOATAO DOS GUARARAPES,Animais na Pista,Atropelamento de Animal,Com Vítimas Feridas,Amanhecer,Decrescente,Céu Claro,Dupla,Reta,Sim,1,0,1,0,0,0,1,1,"-8,08195464","-34,99545022",SPRF-PE,DEL01-PE,UOP01-DEL01-PE
333189,2021-01-08,sexta-feira,19:15:00,PE,232,"76,6",GRAVATA,Reação tardia ou ineficiente do condutor,Colisão com objeto,Com Vítimas Feridas,Plena Noite,Crescente,Céu Claro,Dupla,Reta,Sim,3,0,1,1,1,0,2,1,"-8,19475468","-35,53860426",SPRF-PE,DEL02-PE,UOP02-DEL02PE
333249,2021-01-09,sábado,04:40:00,PE,101,4,GOIANA,Velocidade Incompatível,Capotamento,Com Vítimas Feridas,Amanhecer,Decrescente,Céu Claro,Dupla,Reta,Não,1,0,1,0,0,0,1,1,"-7,53264499","-34,99145786",SPRF-PE,DEL01-PE,UOP02-DEL01-PE
333292,2021-01-09,sábado,10:56:00,PE,101,74,RECIFE,Acessar a via sem observar a presença dos outros veículos,Colisão lateral,Com Vítimas Feridas,Pleno dia,Crescente,Céu Claro,Dupla,Curva,Não,2,0,1,0,1,0,1,2,"-8,10146485","-34,94901577",SPRF-PE,DEL01-PE,UOP01-DEL01-PE
333344,2021-01-09,sábado,15:05:00,PE,232,104,JABOATAO DOS GUARARAPES,Ausência de sinalização,Colisão frontal,Com Vítimas Fatais,Pleno dia,Crescente,Céu Claro,Simples,Curva,Sim,2,1,1,0,0,0,1,2,"-8,08036859","-34,99422312",SPRF-PE,DEL02-PE,UOP03-DEL02-PE
333346,2021-01-09,sábado,16:10:00,PE,232,"71,7",GRAVATA,Velocidade Incompatível,Tombamento,Com Vítimas Feridas,Pleno dia,Crescente,Céu Claro,Dupla,Reta,Sim,2,0,0,1,0,1,1,2,"-8,18344403","-35,49296599",SPRF-PE,DEL02-PE,UOP02-DEL02PE
333475,2021-01-10,domingo,03:30:00,PE,407,"120,5",PETROLINA,Manobra de mudança de faixa,Colisão frontal,Com Vítimas Fatais,Amanhecer,Crescente,Céu Claro,Simples,Reta,Não,4,1,0,1,2,0,1,2,"-9,33807091","-40,55965785",SPRF-PE,DEL06-PE,UOP01-DEL06-PE
333520,2021-01-10,domingo,07:40:00,PE,316,"25,4",ARARIPINA,Transitar na contramão,Colisão frontal,Com Vítimas Fatais,Pleno dia,Decrescente,Céu Claro,Simples,Curva,Sim,2,1,0,0,0,1,0,2,"-7,59313223","-40,49459696",SPRF-PE,DEL05-PE,UOP02-DEL05-PE
333531,2021-01-10,domingo,10:40:00,PE,101,"72,7",RECIFE,Animais na Pista,Colisão lateral,Com Vítimas Feridas,Pleno dia,Crescente,Sol,Dupla,Reta,Sim,3,0,2,0,1,0,2,2,"-8,08493106","-34,9450639",SPRF-PE,DEL01-PE,UOP01-DEL01-PE
333594,2021-01-10,domingo,17:50:00,PE,101,70,RECIFE,Manobra de mudança de faixa,Colisão lateral mesmo sentido,Com Vítimas Feridas,Plena Noite,Decrescente,Nublado,Dupla,Reta,Sim,3,0,2,0,0,1,2,2,"-8,075596","-34,942694",SPRF-PE,DEL01-PE,UOP01-DEL01-PE
333605,2021-01-10,domingo,18:15:00,PE,232,123,CARUARU,Reação tardia ou ineficiente do condutor,Colisão traseira,Com Vítimas Feridas,Plena Noite,Crescente,Céu Claro,Dupla,Reta,Não,2,0,1,0,1,0,1,2,"-8,30417276","-35,92823905",SPRF-PE,DEL02-PE,UOP03-DEL02-PE
333795,2021-01-11,segunda-feira,11:10:00,PE,101,"57,7",RECIFE,Demais falhas mecânicas ou elétricas,Tombamento,Com Vítimas Feridas,Pleno dia,Decrescente,Nublado,Dupla,Reta;Aclive                   ,Sim,2,0,2,0,0,0,2,1,"-7,96346213","-34,91513486",SPRF-PE,DEL01-PE,UOP02-DEL01-PE
333816,2021-01-11,segunda-feira,13:00:00,PE,232,119,CARUARU,Condutor Dormindo,Saída de leito carroçável,Com Vítimas Feridas,Pleno dia,Crescente,Céu Claro,Dupla,Reta,Não,2,0,2,0,0,0,2,1,"-8,2962792","-35,89314995",SPRF-PE,DEL02-PE,UOP03-DEL02-PE
333888,2021-01-11,segunda-feira,19:50:00,PE,101,"64,8",RECIFE,Acessar a via sem observar a presença dos outros veículos,Colisão traseira,Com Vítimas Feridas,Plena Noite,Crescente,Céu Claro,Dupla,Ponte;Reta                    ,Não,2,0,1,1,0,0,2,2,"-8,0162921","-34,94045886",SPRF-PE,DEL01-PE,UOP01-DEL01-PE
333914,2021-01-11,segunda-feira,22:50:00,PE,232,"55,9",POMBOS,Pedestre andava na pista,Atropelamento de Pedestre,Com Vítimas Fatais,Plena Noite,Decrescente,Céu Claro,Múltipla,Reta,Não,3,1,0,0,2,0,0,2,"-8,137481","-35,372919",SPRF-PE,DEL02-PE,UOP02-DEL02PE
333952,2021-01-12,terça-feira,06:20:00,PE,428,185,PETROLINA,Condutor deixou de manter distância do veículo da frente,Colisão traseira,Com Vítimas Feridas,Pleno dia,Crescente,Céu Claro,Simples,Reta,Sim,2,0,1,0,1,0,1,2,"-9,34009199","-40,47032001",SPRF-PE,DEL06-PE,UOP01-DEL06-PE
334001,2021-01-12,terça-feira,12:40:00,PE,232,"7,3",RECIFE,Condutor deixou de manter distância do veículo da frente,Colisão traseira,Com Vítimas Feridas,Pleno dia,Decrescente,Sol,Dupla,Reta,Sim,2,0,1,0,1,0,1,2,"-8,07583727","-34,97015791",SPRF-PE,DEL01-PE,UOP01-DEL01-PE
334025,2021-01-12,terça-feira,14:00:00,PE,232,"8,8",JABOATAO DOS GUARARAPES,Condutor deixou de manter distância do veículo da frente,Engavetamento,Com Vítimas Feridas,Pleno dia,Crescente,Céu Claro,Múltipla,Viaduto,Sim,4,0,1,0,3,0,1,3,"-8,07583727","-34,97015791",SPRF-PE,DEL01-PE,UOP01-DEL01-PE
334066,2021-01-12,terça-feira,18:15:00,PE,101,"72,9",RECIFE,Condutor deixou de manter distância do veículo da frente,Colisão traseira,Com Vítimas Feridas,Plena Noite,Crescente,Céu Claro,Dupla,Reta,Sim,3,0,2,0,1,0,2,2,"-8,08493106","-34,9450639",SPRF-PE,DEL01-PE,UOP01-DEL01-PE
334138,2021-01-13,quarta-feira,07:50:00,PE,232,10,RECIFE,Condutor deixou de manter distância do veículo da frente,Engavetamento,Sem Vítimas,Pleno dia,Decrescente,Garoa/Chuvisco,Dupla,Reta,Sim,7,0,0,0,6,1,0,7,"-8,07917241","-34,98718609",SPRF-PE,DEL01-PE,UOP01-DEL01-PE
334225,2021-01-13,quarta-feira,17:10:00,PE,407,"125,3",PETROLINA,Condutor deixou de manter distância do veículo da frente,Engavetamento,Sem Vítimas,Pleno dia,Decrescente,Sol,Dupla,Reta,Sim,3,0,0,0,3,0,0,3,"-9,38292465","-40,52994679",SPRF-PE,DEL06-PE,UOP01-DEL06-PE
334242,2021-01-13,quarta-feira,18:30:00,PE,104,"86,8",AGRESTINA,Entrada inopinada do pedestre,Atropelamento de Pedestre,Com Vítimas Fatais,Plena Noite,Crescente,Nublado,Simples,Reta,Sim,2,1,0,0,1,0,0,2,"-8,446782","-35,951046",SPRF-PE,DEL02-PE,UOP01-DEL02-PE
334291,2021-01-14,quinta-feira,04:30:00,PE,101,"16,7",GOIANA,Pedestre andava na pista,Atropelamento de Pedestre,Com Vítimas Feridas,Amanhecer,Decrescente,Céu Claro,Dupla,Reta,Não,3,0,0,1,0,2,1,2,"-7,63348482","-34,96143076",SPRF-PE,DEL01-PE,UOP02-DEL01-PE
334295,2021-01-14,quinta-feira,05:40:00,PE,232,192,SANHARO,Condutor Dormindo,Colisão frontal,Com Vítimas Fatais,Amanhecer,Crescente,Céu Claro,Simples,Reta,Não,3,1,0,2,0,0,2,2,"-8,35793154","-36,53676104",SPRF-PE,DEL02-PE,UOP03-DEL02-PE
334300,2021-01-04,segunda-feira,18:40:00,PE,101,"66,5",RECIFE,Condutor deixou de manter distância do veículo da frente,Colisão traseira,Com Vítimas Feridas,Plena Noite,Crescente,Céu Claro,Dupla,Reta,Não,6,0,1,0,4,1,1,4,"-8,03368534","-34,94184125",SPRF-PE,DEL01-PE,UOP01-DEL01-PE
334318,2021-01-14,quinta-feira,08:20:00,PE,232,"9,4",JABOATAO DOS GUARARAPES,Condutor deixou de manter distância do veículo da frente,Colisão traseira,Com Vítimas Feridas,Pleno dia,Crescente,Céu Claro,Dupla,Reta,Sim,2,0,1,0,1,0,1,2,"-8,07852031","-34,98350501",SPRF-PE,DEL01-PE,UOP01-DEL01-PE
334320,2021-01-14,quinta-feira,08:05:00,PE,232,"10,1",JABOATAO DOS GUARARAPES,Manobra de mudança de faixa,Colisão lateral mesmo sentido,Com Vítimas Feridas,Pleno dia,Decrescente,Sol,Dupla,Reta,Sim,2,0,1,0,1,0,1,2,"-8,07917241","-34,98718609",SPRF-PE,DEL01-PE,UOP01-DEL01-PE
334346,2021-01-14,quinta-feira,11:00:00,PE,232,"333,6",CUSTODIA,Conversão proibida,Colisão lateral,Com Vítimas Feridas,Pleno dia,Crescente,Céu Claro,Simples,Reta,Sim,4,0,2,1,1,0,3,2,"-8,0886886","-37,62796997",SPRF-PE,DEL03-PE,UOP02-DEL03-PE
334353,2021-01-14,quinta-feira,12:42:00,PE,101,48,ABREU E LIMA,Condutor deixou de manter distância do veículo da frente,Colisão traseira,Com Vítimas Feridas,Pleno dia,Decrescente,Céu Claro,Múltipla,Reta,Sim,3,0,0,2,1,0,2,2,"-7,89174705","-34,9033493",SPRF-PE,DEL01-PE,UOP02-DEL01-PE
334360,2021-01-10,domingo,09:20:00,PE,232,"129,6",CARUARU,Condutor deixou de manter distância do veículo da frente,Colisão traseira,Com Vítimas Feridas,Pleno dia,Crescente,Sol,Dupla,Interseção de Vias,Sim,7,0,2,0,5,0,2,2,"-8,300491","-35,98645",SPRF-PE,DEL02-PE,UOP03-DEL02-PE
334372,2021-01-14,quinta-feira,13:20:00,PE,232,408,SERRA TALHADA,Demais falhas mecânicas ou elétricas,Saída de leito carroçável,Sem Vítimas,Pleno dia,Decrescente,Sol,Simples,Reta,Sim,1,0,0,0,1,0,0,1,"-7,98371447","-38,28047709",SPRF-PE,DEL04-PE,UOP01-DEL04-PE
334405,2021-01-14,quinta-feira,17:00:00,PE,101,187,PALMARES,Pedestre cruzava a pista fora da faixa,Atropelamento de Pedestre,Com Vítimas Feridas,Pleno dia,Decrescente,Céu Claro,Múltipla,Reta,Sim,2,0,0,1,1,0,1,2,"-8,68263674","-35,57938824",SPRF-PE,DEL01-PE,UOP03-DEL01-PE
334418,2021-01-14,quinta-feira,21:30:00,PE,232,"90,1",SAIRE,Ausência de sinalização,Saída de leito carroçável,Com Vítimas Feridas,Plena Noite,Crescente,Céu Claro,Dupla,Curva,Não,4,0,4,0,0,0,4,1,"-8,21834835","-35,66463196",SPRF-PE,DEL02-PE,UOP02-DEL02PE
334420,2021-01-14,quinta-feira,21:45:00,PE,101,"65,2",RECIFE,Velocidade Incompatível,Colisão com objeto,Sem Vítimas,Plena Noite,Decrescente,Céu Claro,Múltipla,Reta,Sim,3,0,0,0,0,3,0,2,"-8,02962259","-34,94279981",SPRF-PE,DEL01-PE,UOP01-DEL01-PE
334439,2021-01-14,quinta-feira,23:30:00,PE,101,70,RECIFE,Condutor deixou de manter distância do veículo da frente,Colisão traseira,Com Vítimas Feridas,Plena Noite,Decrescente,Nublado,Dupla,Interseção de Vias,Sim,2,0,1,0,1,0,1,2,"-8,069133","-34,940553",SPRF-PE,DEL01-PE,UOP01-DEL01-PE
334511,2021-01-15,sexta-feira,07:45:00,PE,101,"3,2",GOIANA,Acumulo de água sobre o pavimento,Colisão com objeto,Com Vítimas Feridas,Pleno dia,Crescente,Chuva,Dupla,Curva,Não,1,0,1,0,0,0,1,1,"-7,52387351","-34,99333161",SPRF-PE,DEL01-PE,UOP02-DEL01-PE
334527,2021-01-14,quinta-feira,18:20:00,PE,110,100,SERTANIA,Animais na Pista,Atropelamento de Animal,Com Vítimas Feridas,Plena Noite,Crescente,Céu Claro,Simples,Reta,Não,1,0,0,1,0,0,1,1,"-8,38381286","-37,31768106",SPRF-PE,DEL03-PE,UOP02-DEL03-PE
334544,2021-01-15,sexta-feira,12:15:00,PE,232,11,JABOATAO DOS GUARARAPES,Manobra de mudança de faixa,Colisão traseira,Com Vítimas Feridas,Pleno dia,Decrescente,Sol,Dupla,Declive,Sim,2,0,1,0,1,0,1,2,"-8,08195464","-34,99545022",SPRF-PE,DEL01-PE,UOP01-DEL01-PE
334656,2021-01-15,sexta-feira,19:50:00,PE,101,78,RECIFE,Acessar a via sem observar a presença dos outros veículos,Atropelamento de Pedestre,Com Vítimas Feridas,Plena Noite,Decrescente,Céu Claro,Dupla,Reta,Sim,3,0,1,2,0,0,3,2,"-8,137603","-34,947405",SPRF-PE,DEL01-PE,UOP01-DEL01-PE
334729,2021-01-16,sábado,04:50:00,PE,101,92,CABO DE SANTO AGOSTINHO,Pedestre cruzava a pista fora da faixa,Colisão frontal,Com Vítimas Fatais,Amanhecer,Decrescente,Céu Claro,Dupla,Reta,Não,2,1,0,0,1,0,0,2,"-8,22399812","-34,99290474",SPRF-PE,DEL01-PE,UOP03-DEL01-PE
334817,2021-01-16,sábado,14:05:00,PE,408,"94,7",SAO LOURENCO DA MATA,Transitar no acostamento,Atropelamento de Pedestre,Com Vítimas Feridas,Pleno dia,Decrescente,Céu Claro,Dupla,Reta,Sim,2,0,1,0,0,1,1,2,"-8,011764","-35,042328",SPRF-PE,DEL01-PE,UOP01-DEL01-PE
334892,2021-01-16,sábado,21:10:00,PE,101,"51,4",PAULISTA,Condutor deixou de manter distância do veículo da frente,Engavetamento,Com Vítimas Feridas,Plena Noite,Decrescente,Céu Claro,Múltipla,Reta,Sim,3,0,1,0,2,0,1,3,"-7,9169968","-34,89689272",SPRF-PE,DEL01-PE,UOP02-DEL01-PE
334895,2021-01-16,sábado,20:00:00,PE,232,"12,7",JABOATAO DOS GUARARAPES,Ingestão de álcool pelo condutor,Colisão traseira,Sem Vítimas,Plena Noite,Decrescente,Nublado,Dupla,Declive;Reta                  ,Não,3,0,0,0,3,0,0,3,"-8,088134","-35,010084",SPRF-PE,DEL01-PE,UOP01-DEL01-PE
334899,2021-01-16,sábado,19:40:00,PE,428,"72,7",SANTA MARIA DA BOA VISTA,Animais na Pista,Saída de leito carroçável,Com Vítimas Feridas,Plena Noite,Crescente,Céu Claro,Simples,Reta,Não,1,0,0,1,0,0,1,1,"-8,71441312","-39,77160215",SPRF-PE,DEL06-PE,UOP03-DEL06-PE
334910,2021-01-16,sábado,20:32:00,PE,101,"69,5",RECIFE,Ingestão de álcool pelo condutor,Saída de leito carroçável,Com Vítimas Feridas,Plena Noite,Crescente,Nublado,Dupla,Curva,Não,1,0,1,0,0,0,1,1,"-8,0656033","-34,9443233",SPRF-PE,DEL01-PE,UOP01-DEL01-PE
334912,2021-01-16,sábado,23:00:00,PE,232,"254,4",ARCOVERDE,Reação tardia ou ineficiente do condutor,Colisão traseira,Com Vítimas Feridas,Plena Noite,Decrescente,Céu Claro,Simples,Reta,Sim,6,0,2,3,1,0,5,2,"-8,41875994","-37,07859892",SPRF-PE,DEL03-PE,UOP02-DEL03-PE
334975,2021-01-16,sábado,19:00:00,PE,316,304,FLORESTA,Ingestão de álcool pelo condutor,Saída de leito carroçável,Sem Vítimas,Plena Noite,Decrescente,Céu Claro,Simples,Interseção de Vias,Sim,2,0,0,0,2,0,0,1,"-8,60847476","-38,56985503",SPRF-PE,DEL04-PE,UOP03-DEL04-PE
334989,2021-01-17,domingo,12:36:00,PE,101,"96,9",CABO DE SANTO AGOSTINHO,Conversão proibida,Colisão lateral mesmo sentido,Com Vítimas Feridas,Pleno dia,Decrescente,Céu Claro,Múltipla,Reta,Não,3,0,0,2,0,1,2,2,"-8,26468","-35,017535",SPRF-PE,DEL01-PE,UOP03-DEL01-PE
335009,2021-01-17,domingo,12:40:00,PE,424,"87,6",GARANHUNS,Retorno proibido,Colisão transversal,Sem Vítimas,Pleno dia,Crescente,Céu Claro,Simples,Declive,Sim,2,0,0,0,2,0,0,2,"-8,874289","-36,507607",SPRF-PE,DEL03-PE,UOP01-DEL03-PE
335062,2021-01-16,sábado,17:30:00,PE,424,"46,9",VENTUROSA,Falta de acostamento,Saída de leito carroçável,Com Vítimas Fatais,Anoitecer,Crescente,Céu Claro,Simples,Aclive,Não,1,1,0,0,0,0,0,1,"-8,69226895","-36,78893898",SPRF-PE,DEL03-PE,UOP01-DEL03-PE
335091,2021-01-17,domingo,22:00:00,PE,232,"117,8",CARUARU,Pedestre cruzava a pista fora da faixa,Atropelamento de Pedestre,Sem Vítimas,Plena Noite,Decrescente,Céu Claro,Dupla,Reta,Não,2,0,0,0,1,1,0,2,"-8,29529153","-35,8754959",SPRF-PE,DEL02-PE,UOP03-DEL02-PE
335100,2021-01-17,domingo,21:50:00,PE,428,"186,6",PETROLINA,Pista Escorregadia,Queda de ocupante de veículo,Com Vítimas Feridas,Plena Noite,Crescente,Céu Claro,Simples,Reta,Sim,1,0,1,0,0,0,1,1,"-9,365391","-40,483415",SPRF-PE,DEL06-PE,UOP01-DEL06-PE
335119,2021-01-18,segunda-feira,01:10:00,PE,232,115,CARUARU,Obstrução na via,Colisão lateral,Sem Vítimas,Plena Noite,Crescente,Céu Claro,Dupla,Reta,Não,5,0,0,0,4,1,0,2,"-8,29851022","-35,85780302",SPRF-PE,DEL02-PE,UOP03-DEL02-PE
335143,2021-01-06,quarta-feira,06:40:00,PE,101,69,RECIFE,Condutor deixou de manter distância do veículo da frente,Colisão traseira,Com Vítimas Feridas,Pleno dia,Crescente,Céu Claro,Dupla,Reta,Sim,2,0,2,0,0,0,2,2,"-8,0618699","-34,9453122",SPRF-PE,DEL01-PE,UOP01-DEL01-PE
335157,2021-01-18,segunda-feira,07:30:00,PE,101,"93,7",CABO DE SANTO AGOSTINHO,Manobra de mudança de faixa,Colisão lateral mesmo sentido,Com Vítimas Feridas,Pleno dia,Crescente,Sol,Dupla,Interseção de Vias,Não,2,0,1,0,0,1,1,2,"-8,2396419","-35,00335418",SPRF-PE,DEL01-PE,UOP03-DEL01-PE
335202,2021-01-18,segunda-feira,10:50:00,PE,232,"17,5",JABOATAO DOS GUARARAPES,Condutor Dormindo,Colisão frontal,Com Vítimas Feridas,Pleno dia,Decrescente,Sol,Dupla,Reta,Sim,5,0,0,4,1,0,4,2,"-8,09565202","-35,04581599",SPRF-PE,DEL01-PE,UOP01-DEL01-PE
335225,2021-01-18,segunda-feira,12:05:00,PE,101,89,CABO DE SANTO AGOSTINHO,Mal súbito do condutor,Eventos atípicos,Com Vítimas Feridas,Pleno dia,Decrescente,Céu Claro,Simples,Reta,Sim,4,0,1,1,2,0,2,4,"-8,22846467","-34,971394",SPRF-PE,DEL01-PE,UOP03-DEL01-PE
335232,2021-01-18,segunda-feira,14:24:00,PE,101,69,RECIFE,Acessar a via sem observar a presença dos outros veículos,Colisão lateral mesmo sentido,Com Vítimas Feridas,Pleno dia,Crescente,Céu Claro,Dupla,Reta,Sim,2,0,0,1,1,0,1,2,"-8,05951606","-34,94581024",SPRF-PE,DEL01-PE,UOP01-DEL01-PE
335297,2021-01-18,segunda-feira,21:00:00,PE,232,"68,3",GRAVATA,Demais falhas mecânicas ou elétricas,Colisão traseira,Sem Vítimas,Plena Noite,Crescente,Céu Claro,Dupla,Reta,Não,2,0,0,0,2,0,0,2,"-8,16728938","-35,47308397",SPRF-PE,DEL02-PE,UOP02-DEL02PE
335298,2021-01-18,segunda-feira,19:30:00,PE,101,"163,2",RIBEIRAO,Reação tardia ou ineficiente do condutor,Saída de leito carroçável,Com Vítimas Feridas,Plena Noite,Crescente,Céu Claro,Dupla,Curva,Não,1,0,1,0,0,0,1,1,"-8,55039544","-35,44619699",SPRF-PE,DEL01-PE,UOP03-DEL01-PE
335327,2021-01-19,terça-feira,03:30:00,PE,428,"73,6",SANTA MARIA DA BOA VISTA,Avarias e/ou desgaste excessivo no pneu,Colisão com objeto,Com Vítimas Feridas,Plena Noite,Crescente,Céu Claro,Simples,Ponte,Não,2,0,1,0,0,1,1,1,"-8,72018283","-39,77321719",SPRF-PE,DEL06-PE,UOP03-DEL06-PE
335507,2021-01-20,quarta-feira,09:00:00,PE,101,"70,6",RECIFE,Entrada inopinada do pedestre,Atropelamento de Pedestre,Com Vítimas Feridas,Pleno dia,Crescente,Céu Claro,Dupla,Reta,Sim,3,0,2,0,0,1,2,2,"-8,06776119","-34,94265074",SPRF-PE,DEL01-PE,UOP01-DEL01-PE
335533,2021-01-15,sexta-feira,10:00:00,PE,101,68,RECIFE,Condutor deixou de manter distância do veículo da frente,Colisão traseira,Com Vítimas Feridas,Pleno dia,Crescente,Sol,Dupla,Viaduto,Sim,6,0,2,0,4,0,2,5,"-8,05074296","-34,94580619",SPRF-PE,DEL01-PE,UOP01-DEL01-PE
335544,2021-01-20,quarta-feira,11:40:00,PE,428,"189,2",PETROLINA,Transitar na contramão,Colisão transversal,Com Vítimas Feridas,Pleno dia,Crescente,Céu Claro,Simples,Reta,Sim,2,0,2,0,0,0,2,2,"-9,37659059","-40,49708605",SPRF-PE,DEL06-PE,UOP01-DEL06-PE
335598,2021-01-20,quarta-feira,17:20:00,PE,101,70,RECIFE,Animais na Pista,Atropelamento de Animal,Com Vítimas Feridas,Pleno dia,Decrescente,Céu Claro,Dupla,Reta,Sim,1,0,1,0,0,0,1,1,"-8,07198849","-34,93850827",SPRF-PE,DEL01-PE,UOP01-DEL01-PE
335627,2021-01-20,quarta-feira,18:45:00,PE,232,252,ARCOVERDE,Reação tardia ou ineficiente do condutor,Tombamento,Com Vítimas Fatais,Plena Noite,Crescente,Céu Claro,Simples,Reta,Sim,3,1,1,0,1,0,1,2,"-8,43086","-37,06536",SPRF-PE,DEL03-PE,UOP02-DEL03-PE
335648,2021-01-20,quarta-feira,20:30:00,PE,101,"50,9",ABREU E LIMA,Manobra de mudança de faixa,Colisão lateral mesmo sentido,Sem Vítimas,Plena Noite,Decrescente,Céu Claro,Múltipla,Reta,Sim,2,0,0,0,2,0,0,2,"-7,90938602","-34,90123228",SPRF-PE,DEL01-PE,UOP02-DEL01-PE
335696,2021-01-21,quinta-feira,07:01:00,PE,232,408,SERRA TALHADA,Retorno proibido,Queda de ocupante de veículo,Com Vítimas Feridas,Pleno dia,Crescente,Céu Claro,Simples,Declive,Sim,3,0,2,0,0,1,2,1,"-7,98371447","-38,28047709",SPRF-PE,DEL04-PE,UOP01-DEL04-PE
335735,2021-01-21,quinta-feira,09:30:00,PE,408,"33,5",ALIANCA,Acessar a via sem observar a presença dos outros veículos,Colisão transversal,Sem Vítimas,Pleno dia,Decrescente,Sol,Simples,Reta,Não,2,0,0,0,2,0,0,2,"-7,59938542","-35,24242401",SPRF-PE,DEL01-PE,UOP01-DEL01-PE
335769,2021-01-12,terça-feira,15:16:00,PE,232,295,SERTANIA,Objeto estático sobre o leito carroçável,Colisão com objeto,Sem Vítimas,Pleno dia,Crescente,Céu Claro,Simples,Reta,Não,2,0,0,0,2,0,0,1,"-8,26634617","-37,39116735",SPRF-PE,DEL03-PE,UOP02-DEL03-PE
335775,2021-01-21,quinta-feira,17:00:00,PE,101,49,ABREU E LIMA,Condutor deixou de manter distância do veículo da frente,Colisão traseira,Com Vítimas Feridas,Anoitecer,Crescente,Vento,Dupla,Reta,Sim,2,0,0,1,1,0,1,2,"-7,9005152","-34,90180641",SPRF-PE,DEL01-PE,UOP02-DEL01-PE
335778,2021-01-21,quinta-feira,17:00:00,PE,101,"56,8",PAULISTA,Velocidade Incompatível,Saída de leito carroçável,Sem Vítimas,Pleno dia,Crescente,Céu Claro,Dupla,Reta,Não,1,0,0,0,1,0,0,1,"-7,9554509","-34,91140727",SPRF-PE,DEL01-PE,UOP02-DEL01-PE
335808,2021-01-21,quinta-feira,19:15:00,PE,101,80,JABOATAO DOS GUARARAPES,Ausência de reação do condutor,Colisão traseira,Com Vítimas Feridas,Plena Noite,Decrescente,Nublado,Dupla,Retorno Regulamentado,Sim,2,0,1,0,1,0,1,2,"-8,15112589","-34,9428866",SPRF-PE,DEL01-PE,UOP03-DEL01-PE
335891,2021-01-22,sexta-feira,09:30:00,PE,101,"176,5",JOAQUIM NABUCO,Velocidade Incompatível,Saída de leito carroçável,Com Vítimas Fatais,Pleno dia,Crescente,Sol,Dupla,Curva,Não,13,3,4,4,0,2,8,1,"-8,60776887","-35,5426471",SPRF-PE,DEL01-PE,UOP03-DEL01-PE
335896,2021-01-22,sexta-feira,10:10:00,PE,232,136,CARUARU,Acumulo de areia ou detritos sobre o pavimento,Saída de leito carroçável,Com Vítimas Feridas,Pleno dia,Decrescente,Céu Claro,Dupla,Reta,Não,1,0,1,0,0,0,1,1,"-8,31339932","-36,04175591",SPRF-PE,DEL02-PE,UOP03-DEL02-PE
335960,2021-01-22,sexta-feira,19:20:00,PE,101,65,RECIFE,Reação tardia ou ineficiente do condutor,Colisão traseira,Com Vítimas Feridas,Plena Noite,Crescente,Céu Claro,Dupla,Reta,Sim,2,0,1,0,1,0,1,2,"-8,02920346","-34,94308596",SPRF-PE,DEL01-PE,UOP01-DEL01-PE