id,data_inversa,dia_semana,horario,uf,br,km,municipio,causa_acidente,tipo_acidente,classificacao_acidente,fase_dia,sentido_via,condicao_metereologica,tipo_pista,tracado_via,uso_solo,pessoas,mortos,feridos_leves,feridos_graves,ilesos,ignorados,feridos,veiculos,latitude,longitude,regional,delegacia,uop
335985,2021-01-22,sexta-feira,21:45:00,PE,428,"183,7",PETROLINA,Acessar a via sem observar a presença dos outros veículos,Colisão transversal,Com Vítimas Feridas,Plena Noite,Decrescente,Céu Claro,Simples,Interseção de Vias,Sim,2,0,1,0,1,0,1,2,"-9,34263648","-40,47149241",SPRF-PE,DEL06-PE,UOP01-DEL06-PE
336114,2021-01-14,quinta-feira,09:30:00,PE,232,555,PARNAMIRIM,Demais falhas na via,Eventos atípicos,Sem Vítimas,Pleno dia,Crescente,Céu Claro,Simples,Reta,Não,2,0,0,0,2,0,0,1,"-8,089178","-39,532785",SPRF-PE,DEL05-PE,UOP01-DEL05-PE
336125,2021-01-23,sábado,14:30:00,PE,316,"105,3",OURICURI,Animais na Pista,Colisão com objeto,Com Vítimas Fatais,Pleno dia,Decrescente,Céu Claro,Simples,Reta,Não,3,1,2,0,0,0,2,1,"-7,95538676","-39,9055009",SPRF-PE,DEL05-PE,UOP02-DEL05-PE
336389,2021-01-24,domingo,19:20:00,PE,408,"82,5",PAUDALHO,Transitar na contramão,Colisão frontal,Com Vítimas Feridas,Plena Noite,Decrescente,Céu Claro,Múltipla,Reta,Sim,2,0,1,1,0,0,2,2,"-7,94356","-35,120411",SPRF-PE,DEL01-PE,UOP01-DEL01-PE
336393,2021-01-05,terça-feira,06:00:00,PE,408,80,PAUDALHO,Acessar a via sem observar a presença dos outros veículos,Colisão lateral,Com Vítimas Feridas,Pleno dia,Crescente,Céu Claro,Dupla,Reta,Sim,2,0,0,1,0,1,1,2,"-7,9310439","-35,13844295",SPRF-PE,DEL01-PE,UOP01-DEL01-PE
336463,2021-01-01,sexta-feira,19:40:00,PE,104,12,TAQUARITINGA DO NORTE,Acessar a via sem observar a presença dos outros veículos,Colisão transversal,Com Vítimas Feridas,Plena Noite,Crescente,Ignorado,Simples,Reta,Não,2,0,0,1,1,0,1,2,"-7,888657","-36,110435",SPRF-PE,DEL02-PE,UOP01-DEL02-PE
336469,2021-01-25,segunda-feira,07:00:00,PE,428,"170,9",PETROLINA,Manobra de mudança de faixa,Colisão frontal,Com Vítimas Fatais,Pleno dia,Crescente,Céu Claro,Simples,Reta,Não,6,1,0,0,5,0,0,3,"-9,22081788","-40,40797219",SPRF-PE,DEL06-PE,UOP01-DEL06-PE
336498,2021-01-25,segunda-feira,10:50:00,PE,101,68,RECIFE,Reação tardia ou ineficiente do condutor,Queda de ocupante de veículo,Com Vítimas Feridas,Plena Noite,Crescente,Sol,Dupla,Rotatória,Sim,1,0,1,0,0,0,1,1,"-8,05228802","-34,9458307",SPRF-PE,DEL01-PE,UOP01-DEL01-PE
336513,2021-01-25,segunda-feira,08:30:00,PE,232,14,JABOATAO DOS GUARARAPES,Curva acentuada,Tombamento,Com Vítimas Feridas,Pleno dia,Crescente,Céu Claro,Dupla,Curva,Não,1,0,1,0,0,0,1,1,"-8,09025488","-35,02052302",SPRF-PE,DEL01-PE,UOP01-DEL01-PE
336544,2021-01-25,segunda-feira,10:50:00,PE,408,"62,3",CARPINA,Acessar a via sem observar a presença dos outros veículos,Colisão transversal,Com Vítimas Feridas,Pleno dia,Decrescente,Sol,Simples,Curva,Sim,3,0,0,2,0,1,2,2,"-7,83198297","-35,24473969",SPRF-PE,DEL01-PE,UOP01-DEL01-PE
336554,2021-01-25,segunda-feira,11:17:00,PE,232,"323,7",CUSTODIA,Mal súbito do condutor,Tombamento,Com Vítimas Fatais,Pleno dia,Decrescente,Céu Claro,Simples,Interseção de Vias,Não,21,1,0,0,20,0,0,2,"-8,10292403","-37,56281303",SPRF-PE,DEL03-PE,UOP02-DEL03-PE
336603,2021-01-25,segunda-feira,18:15:00,PE,408,101,SAO LOURENCO DA MATA,Avarias e/ou desgaste excessivo no pneu,Tombamento,Com Vítimas Feridas,Plena Noite,Decrescente,Céu Claro,Dupla,Reta,Não,1,0,1,0,0,0,1,1,"-8,04710272","-35,00887967",SPRF-PE,DEL01-PE,UOP01-DEL01-PE
336607,2021-01-25,segunda-feira,18:25:00,PE,232,"14,1",JABOATAO DOS GUARARAPES,Pedestre andava na pista,Atropelamento de Pedestre,Com Vítimas Feridas,Plena Noite,Crescente,Céu Claro,Dupla,Curva;Aclive                  ,Não,2,0,0,1,0,1,1,2,"-8,09025488","-35,02052302",SPRF-PE,DEL01-PE,UOP01-DEL01-PE
336691,2021-01-26,terça-feira,07:20:00,PE,232,74,GRAVATA,Condutor deixou de manter distância do veículo da frente,Colisão traseira,Com Vítimas Feridas,Pleno dia,Decrescente,Céu Claro,Dupla,Reta,Sim,2,0,1,0,1,0,1,2,"-8,19466678","-35,51728814",SPRF-PE,DEL02-PE,UOP02-DEL02PE
336775,2021-01-26,terça-feira,18:30:00,PE,407,124,PETROLINA,Desrespeitar a preferência no cruzamento,Colisão transversal,Com Vítimas Feridas,Plena Noite,Decrescente,Céu Claro,Dupla,Rotatória,Sim,3,0,2,0,1,0,2,2,"-9,36929881","-40,54137139",SPRF-PE,DEL06-PE,UOP01-DEL06-PE
336838,2021-01-27,quarta-feira,05:35:00,PE,232,165,TACAIMBO,Ultrapassagem Indevida,Colisão frontal,Com Vítimas Feridas,Pleno dia,Decrescente,Garoa/Chuvisco,Simples,Aclive,Não,4,0,1,0,3,0,1,2,"-8,33670241","-36,29834395",SPRF-PE,DEL02-PE,UOP03-DEL02-PE
336846,2021-01-27,quarta-feira,07:50:00,PE,101,26,IGARASSU,Acumulo de água sobre o pavimento,Colisão lateral,Com Vítimas Feridas,Pleno dia,Decrescente,Chuva,Dupla,Curva;Declive                 ,Não,2,0,1,0,1,0,1,2,"-7,70826223","-34,92811677",SPRF-PE,DEL01-PE,UOP02-DEL01-PE
336888,2021-01-27,quarta-feira,13:00:00,PE,101,50,ABREU E LIMA,Acessar a via sem observar a presença dos outros veículos,Colisão transversal,Sem Vítimas,Pleno dia,Crescente,Nublado,Múltipla,Reta,Sim,2,0,0,0,2,0,0,2,"-7,90938602","-34,90123228",SPRF-PE,DEL01-PE,UOP02-DEL01-PE
336910,2021-01-27,quarta-feira,13:10:00,PE,408,105,JABOATAO DOS GUARARAPES,Condutor deixou de manter distância do veículo da frente,Colisão lateral,Com Vítimas Feridas,Amanhecer,Decrescente,Nublado,Dupla,Reta,Sim,2,0,1,0,1,0,1,2,"-8,0730937","-34,99190714",SPRF-PE,DEL01-PE,UOP01-DEL01-PE
336986,2021-01-28,quinta-feira,02:40:00,PE,101,3,GOIANA,Condutor Dormindo,Colisão com objeto,Com Vítimas Feridas,Plena Noite,Crescente,Nublado,Dupla,Curva,Não,1,0,1,0,0,0,1,1,"-7,52387351","-34,99333161",SPRF-PE,DEL01-PE,UOP02-DEL01-PE
336995,2021-01-28,quinta-feira,06:15:00,PE,101,73,RECIFE,Manobra de mudança de faixa,Queda de ocupante de veículo,Com Vítimas Feridas,Pleno dia,Decrescente,Céu Claro,Dupla,Aclive;Curva                  ,Sim,1,0,1,0,0,0,1,1,"-8,093761","-34,947608",SPRF-PE,DEL01-PE,UOP01-DEL01-PE
337084,2021-01-28,quinta-feira,16:20:00,PE,101,69,RECIFE,Acesso irregular,Colisão traseira,Com Vítimas Feridas,Pleno dia,Crescente,Céu Claro,Simples,Retorno Regulamentado,Sim,2,0,1,0,1,0,1,2,"-8,06654391","-34,94577521",SPRF-PE,DEL01-PE,UOP01-DEL01-PE
337126,2021-01-28,quinta-feira,20:30:00,PE,407,127,PETROLINA,Conversão proibida,Colisão transversal,Sem Vítimas,Plena Noite,Crescente,Céu Claro,Simples,Interseção de Vias,Sim,2,0,0,0,2,0,0,2,"-9,3908678","-40,52038627",SPRF-PE,DEL06-PE,UOP01-DEL06-PE
337177,2021-01-29,sexta-feira,05:10:00,PE,428,127,PETROLINA,Ingestão de álcool pelo condutor,Colisão transversal,Sem Vítimas,Amanhecer,Crescente,Céu Claro,Simples,Interseção de Vias,Sim,2,0,0,0,2,0,0,2,"-9,391376","-40,519047",SPRF-PE,DEL06-PE,UOP03-DEL06-PE
337206,2021-01-29,sexta-feira,08:00:00,PE,101,"74,2",RECIFE,Acumulo de óleo sobre o pavimento,Queda de ocupante de veículo,Com Vítimas Feridas,Pleno dia,Crescente,Céu Claro,Dupla,Reta,Não,2,0,2,0,0,0,2,1,"-8,10146485","-34,94901577",SPRF-PE,DEL01-PE,UOP01-DEL01-PE
337317,2021-01-29,sexta-feira,19:20:00,PE,104,"20,6",TAQUARITINGA DO NORTE,Acostamento em desnível,Colisão frontal,Com Vítimas Feridas,Plena Noite,Decrescente,Céu Claro,Simples,Curva,Não,5,0,5,0,0,0,5,3,"-7,956497","-36,128529",SPRF-PE,DEL02-PE,UOP01-DEL02-PE
337337,2021-01-29,sexta-feira,20:25:00,PE,101,"51,4",PAULISTA,Ingestão de álcool pelo condutor,Colisão traseira,Sem Vítimas,Plena Noite,Crescente,Nublado,Múltipla,Reta,Sim,2,0,0,0,2,0,0,2,"-7,9169968","-34,89689272",SPRF-PE,DEL01-PE,UOP02-DEL01-PE
337366,2021-01-30,sábado,00:01:00,PE,232,"415,3",SERRA TALHADA,Reação tardia ou ineficiente do condutor,Tombamento,Com Vítimas Feridas,Plena Noite,Crescente,Céu Claro,Simples,Reta,Sim,1,0,1,0,0,0,1,1,"-7,99605739","-38,34533981",SPRF-PE,DEL04-PE,UOP01-DEL04-PE
337371,2021-01-30,sábado,01:15:00,PE,428,"190,3",PETROLINA,Ingestão de substâncias psicoativas pelo condutor,Colisão com objeto,Com Vítimas Feridas,Plena Noite,Crescente,Céu Claro,Simples,Reta,Sim,1,0,1,0,0,0,1,1,"-9,37979008","-40,50945769",SPRF-PE,DEL06-PE,UOP01-DEL06-PE
337511,2021-01-30,sábado,16:10:00,PE,232,527,SALGUEIRO,Ultrapassagem Indevida,Saída de leito carroçável,Com Vítimas Feridas,Pleno dia,Crescente,Céu Claro,Simples,Reta,Não,1,0,1,0,0,0,1,1,"-8,07189196","-39,28637601",SPRF-PE,DEL05-PE,UOP01-DEL05-PE
337524,2021-01-30,sábado,17:50:00,PE,101,46,IGARASSU,Pedestre cruzava a pista fora da faixa,Atropelamento de Pedestre,Com Vítimas Feridas,Anoitecer,Decrescente,Céu Claro,Múltipla,Reta,Sim,2,0,1,1,0,0,2,2,"-7,87406004","-34,90588126",SPRF-PE,DEL01-PE,UOP02-DEL01-PE
337534,2021-01-30,sábado,16:40:00,PE,316,107,OURICURI,Frear bruscamente,Capotamento,Com Vítimas Feridas,Pleno dia,Crescente,Nublado,Simples,Reta,Não,5,0,2,2,1,0,4,1,"-7,96236583","-39,88894493",SPRF-PE,DEL05-PE,UOP02-DEL05-PE
337536,2021-01-30,sábado,18:35:00,PE,101,"68,5",RECIFE,Pedestre cruzava a pista fora da faixa,Atropelamento de Pedestre,Com Vítimas Feridas,Plena Noite,Crescente,Céu Claro,Dupla,Reta,Sim,2,0,0,1,1,0,1,2,"-8,05074296","-34,94580619",SPRF-PE,DEL01-PE,UOP01-DEL01-PE
337539,2021-01-30,sábado,14:00:00,PE,101,37,IGARASSU,Demais falhas mecânicas ou elétricas,Saída de leito carroçável,Com Vítimas Feridas,Pleno dia,Crescente,Céu Claro,Dupla,Reta,Não,3,0,3,0,0,0,3,1,"-7,79726705","-34,9274932",SPRF-PE,DEL01-PE,UOP02-DEL01-PE
337593,2021-01-30,sábado,22:00:00,PE,101,189,PALMARES,Velocidade Incompatível,Colisão com objeto,Com Vítimas Feridas,Plena Noite,Crescente,Céu Claro,Múltipla,Curva,Não,1,0,0,1,0,0,1,1,"-8,69036647","-35,60430503",SPRF-PE,DEL01-PE,UOP03-DEL01-PE
337695,2021-01-31,domingo,11:05:00,PE,232,7,RECIFE,Ausência de reação do condutor,Colisão com objeto,Com Vítimas Feridas,Pleno dia,Decrescente,Sol,Dupla,Reta,Sim,3,0,2,0,1,0,2,2,"-8,07333497","-34,96184301",SPRF-PE,DEL01-PE,UOP01-DEL01-PE
337731,2021-01-31,domingo,15:30:00,PE,428,"184,3",PETROLINA,Ultrapassagem Indevida,Colisão transversal,Com Vítimas Feridas,Pleno dia,Decrescente,Céu Claro,Simples,Rotatória;Reta                ,Sim,5,0,1,1,3,0,2,4,"-9,34327647","-40,47187328",SPRF-PE,DEL06-PE,UOP01-DEL06-PE
337746,2021-01-31,domingo,17:00:00,PE,232,"55,3",POMBOS,Reação tardia ou ineficiente do condutor,Colisão traseira,Com Vítimas Feridas,Pleno dia,Crescente,Céu Claro,Dupla,Reta,Não,3,0,2,0,1,0,2,2,"-8,13255758","-35,36570027",SPRF-PE,DEL02-PE,UOP02-DEL02PE
337749,2021-01-31,domingo,16:20:00,PE,104,63,CARUARU,Condutor deixou de manter distância do veículo da frente,Colisão traseira,Sem Vítimas,Pleno dia,Decrescente,Sol,Dupla,Reta,Sim,2,0,0,0,1,1,0,2,"-8,2698","-35,9803",SPRF-PE,DEL02-PE,UOP01-DEL02-PE
337773,2021-01-31,domingo,18:50:00,PE,423,"94,9",GARANHUNS,Deficiência do Sistema de Iluminação/Sinalização,Colisão transversal,Com Vítimas Feridas,Plena Noite,Decrescente,Nublado,Simples,Curva,Sim,3,0,1,1,1,0,2,2,"-8,87932637","-36,47995234",SPRF-PE,DEL03-PE,UOP01-DEL03-PE
337819,2021-01-31,domingo,21:35:00,PE,232,80,GRAVATA,Manobra de mudança de faixa,Colisão lateral sentido oposto,Com Vítimas Feridas,Plena Noite,Crescente,Céu Claro,Simples,Reta,Sim,2,0,0,1,1,0,1,2,"-8,195698","-35,569609",SPRF-PE,DEL02-PE,UOP02-DEL02PE
337820,2021-01-31,domingo,21:30:00,PE,232,130,CARUARU,Entrada inopinada do pedestre,Atropelamento de Pedestre,Com Vítimas Feridas,Plena Noite,Crescente,Céu Claro,Dupla,Reta;Declive                  ,Sim,2,0,0,1,1,0,1,2,"-8,29983303","-35,989662",SPRF-PE,DEL02-PE,UOP03-DEL02-PE
337837,2021-01-31,domingo,22:30:00,PE,232,"80,7",GRAVATA,Ausência de reação do condutor,Colisão com objeto,Com Vítimas Feridas,Plena Noite,Decrescente,Céu Claro,Dupla,Reta,Sim,1,0,1,0,0,0,1,1,"-8,19579864","-35,56962305",SPRF-PE,DEL02-PE,UOP02-DEL02PE
337841,2021-02-01,segunda-feira,00:32:00,PE,104,37,CARUARU,Ingestão de álcool pelo condutor,Colisão com objeto,Sem Vítimas,Plena Noite,Decrescente,Céu Claro,Dupla,Curva,Não,1,0,0,0,1,0,0,1,"-8,061599","-36,047626",SPRF-PE,DEL02-PE,UOP01-DEL02-PE
337894,2021-02-01,segunda-feira,07:15:00,PE,423,"67,3",JUPI,Demais falhas mecânicas ou elétricas,Saída de leito carroçável,Com Vítimas Feridas,Pleno dia,Crescente,Céu Claro,Simples,Reta,Não,10,0,6,0,0,4,6,1,"-8,66219547","-36,34708912",SPRF-PE,DEL03-PE,UOP01-DEL03-PE
338095,2021-02-02,terça-feira,08:00:00,PE,101,72,RECIFE,Manobra de mudança de faixa,Colisão traseira,Com Vítimas Feridas,Pleno dia,Decrescente,Céu Claro,Dupla,Curva,Sim,2,0,1,0,1,0,1,2,"-8,08493106","-34,9450639",SPRF-PE,DEL01-PE,UOP01-DEL01-PE
338097,2021-02-02,terça-feira,08:00:00,PE,101,58,PAULISTA,Demais falhas mecânicas ou elétricas,Queda de ocupante de veículo,Com Vítimas Feridas,Pleno dia,Decrescente,Céu Claro,Dupla,Reta,Não,2,0,2,0,0,0,2,1,"-7,97063209","-34,92064675",SPRF-PE,DEL01-PE,UOP02-DEL01-PE
338264,2021-02-03,quarta-feira,07:25:00,PE,428,"186,7",PETROLINA,Acessar a via sem observar a presença dos outros veículos,Tombamento,Com Vítimas Feridas,Pleno dia,Crescente,Céu Claro,Simples,Reta,Sim,2,0,1,0,1,0,1,2,"-9,34807826","-40,47441248",SPRF-PE,DEL06-PE,UOP01-DEL06-PE
338287,2021-02-03,quarta-feira,09:00:00,PE,232,"5,3",RECIFE,Trafegar com motocicleta (ou similar) entre as faixas,Colisão lateral mesmo sentido,Com Vítimas Feridas,Pleno dia,Decrescente,Nublado,Dupla,Reta,Sim,2,0,1,0,1,0,1,2,"-8,06795766","-34,94535414",SPRF-PE,DEL01-PE,UOP01-DEL01-PE
338308,2021-02-03,quarta-feira,11:50:00,PE,232,137,CARUARU,Manobra de mudança de faixa,Colisão transversal,Com Vítimas Fatais,Pleno dia,Decrescente,Céu Claro,Dupla,Reta,Não,3,1,0,1,1,0,1,2,"-8,31589863","-36,05040211",SPRF-PE,DEL02-PE,UOP03-DEL02-PE
338381,2021-02-03,quarta-feira,18:45:00,PE,232,7,RECIFE,Mal súbito do condutor,Eventos atípicos,Com Vítimas Feridas,Plena Noite,Crescente,Céu Claro,Múltipla,Reta,Não,4,0,1,1,1,1,2,4,"-8,07333497","-34,96184301",SPRF-PE,DEL01-PE,UOP01-DEL01-PE
338494,2021-02-04,quinta-feira,12:40:00,PE,101,"44,2",IGARASSU,Desrespeitar a preferência no cruzamento,Colisão transversal,Com Vítimas Feridas,Pleno dia,Crescente,Céu Claro,Múltipla,Reta;Retorno Regulamentado    ,Sim,2,0,0,1,1,0,1,2,"-7,85637001","-34,90842109",SPRF-PE,DEL01-PE,UOP02-DEL01-PE
338565,2021-02-03,quarta-feira,20:00:00,PE,407,"23,9",AFRANIO,Ausência de reação do condutor,Capotamento,Com Vítimas Feridas,Plena Noite,Crescente,Ignorado,Simples,Curva,Não,1,0,0,1,0,0,1,1,"-8,62237203","-40,99588613",SPRF-PE,DEL06-PE,UOP02-DEL06-PE
338653,2021-02-05,sexta-feira,07:50:00,PE,232,"150,6",SAO CAITANO,Avarias e/ou desgaste excessivo no pneu,Queda de ocupante de veículo,Com Vítimas Feridas,Pleno dia,Decrescente,Céu Claro,Simples,Reta,Não,1,0,1,0,0,0,1,1,"-8,32712286","-36,16299497",SPRF-PE,DEL02-PE,UOP03-DEL02-PE
338717,2021-02-05,sexta-feira,14:55:00,PE,232,8,RECIFE,Condutor deixou de manter distância do veículo da frente,Colisão traseira,Com Vítimas Feridas,Pleno dia,Decrescente,Céu Claro,Dupla,Reta,Sim,7,0,1,0,5,1,1,5,"-8,07583727","-34,97015791",SPRF-PE,DEL01-PE,UOP01-DEL01-PE
338726,2021-02-05,sexta-feira,14:15:00,PE,101,148,RIBEIRAO,Acessar a via sem observar a presença dos outros veículos,Colisão traseira,Sem Vítimas,Pleno dia,Crescente,Céu Claro,Dupla,Reta,Não,4,0,0,0,0,4,0,2,"-8,48336698","-35,37204035",SPRF-PE,DEL01-PE,UOP03-DEL01-PE
338791,2021-02-05,sexta-feira,19:00:00,PE,232,414,SERRA TALHADA,Demais falhas mecânicas ou elétricas,Incêndio,Sem Vítimas,Plena Noite,Decrescente,Céu Claro,Simples,Reta,Sim,1,0,0,0,0,1,0,1,"-7,99236282","-38,33750809",SPRF-PE,DEL04-PE,UOP01-DEL04-PE
338912,2021-02-06,sábado,11:30:00,PE,101,77,RECIFE,Acessar a via sem observar a presença dos outros veículos,Colisão lateral,Sem Vítimas,Pleno dia,Crescente,Sol,Dupla,Reta,Sim,2,0,0,0,0,2,0,2,"-8,131408","-34,945559",SPRF-PE,DEL01-PE,UOP01-DEL01-PE
338928,2021-02-06,sábado,13:10:00,PE,101,"178,7",AGUA PRETA,Reação tardia ou ineficiente do condutor,Colisão com objeto,Com Vítimas Feridas,Pleno dia,Crescente,Sol,Dupla,Curva,Não,2,0,2,0,0,0,2,1,"-8,62108477","-35,55116105",SPRF-PE,DEL01-PE,UOP03-DEL01-PE
338957,2021-02-06,sábado,14:45:00,PE,423,"19,2",SAO CAITANO,Condutor Dormindo,Capotamento,Com Vítimas Feridas,Pleno dia,Decrescente,Céu Claro,Simples,Reta,Não,2,0,2,0,0,0,2,1,"-8,33379683","-36,15201612",SPRF-PE,DEL02-PE,UOP03-DEL02-PE
338967,2021-02-06,sábado,16:08:00,PE,232,"10,2",JABOATAO DOS GUARARAPES,Reação tardia ou ineficiente do condutor,Colisão traseira,Com Vítimas Feridas,Pleno dia,Decrescente,Sol,Dupla,Reta,Sim,5,0,2,0,3,0,2,2,"-8,07764447","-34,97863609",SPRF-PE,DEL01-PE,UOP01-DEL01-PE
339040,2021-02-06,sábado,18:40:00,PE,423,144,IATI,Acessar a via sem observar a presença dos outros veículos,Colisão transversal,Com Vítimas Feridas,Plena Noite,Crescente,Vento,Simples,Reta,Não,5,0,2,3,0,0,5,2,"-9,00386803","-36,86049167",SPRF-PE,DEL03-PE,UOP01-DEL03-PE
339046,2021-02-06,sábado,20:10:00,PE,232,408,SERRA TALHADA,Acesso irregular,Colisão transversal,Com Vítimas Feridas,Plena Noite,Crescente,Céu Claro,Simples,Declive,Sim,2,0,1,0,1,0,1,2,"-7,98371447","-38,28047709",SPRF-PE,DEL04-PE,UOP01-DEL04-PE
339057,2021-02-06,sábado,22:40:00,PE,101,"49,9",ABREU E LIMA,Manobra de mudança de faixa,Colisão transversal,Com Vítimas Feridas,Plena Noite,Decrescente,Céu Claro,Múltipla,Reta,Sim,2,0,1,0,1,0,1,2,"-7,9005152","-34,90180641",SPRF-PE,DEL01-PE,UOP02-DEL01-PE
339061,2021-02-06,sábado,22:50:00,PE,104,72,CARUARU,Velocidade Incompatível,Saída de leito carroçável,Com Vítimas Fatais,Plena Noite,Decrescente,Céu Claro,Simples,Curva;Declive                 ,Não,1,1,0,0,0,0,0,1,"-8,332917","-35,981609",SPRF-PE,DEL02-PE,UOP01-DEL02-PE
339204,2021-01-31,domingo,19:45:00,PE,104,47,CARUARU,Velocidade Incompatível,Colisão com objeto,Com Vítimas Feridas,Plena Noite,Decrescente,Céu Claro,Dupla,Reta,Não,1,0,1,0,0,0,1,1,"-8,1354","-35,9906",SPRF-PE,DEL02-PE,UOP01-DEL02-PE
339208,2021-02-07,domingo,08:52:00,PE,424,"1,4",ARCOVERDE,Animais na Pista,Colisão transversal,Com Vítimas Feridas,Pleno dia,Crescente,Céu Claro,Simples,Curva,Não,3,0,2,0,0,1,2,3,"-8,43892793","-37,05827086",SPRF-PE,DEL03-PE,UOP02-DEL03-PE
339255,2021-02-07,domingo,18:00:00,PE,101,83,JABOATAO DOS GUARARAPES,Acessar a via sem observar a presença dos outros veículos,Colisão transversal,Com Vítimas Feridas,Anoitecer,Crescente,Céu Claro,Múltipla,Reta,Sim,3,0,0,1,1,1,1,3,"-8,175172","-34,942642",SPRF-PE,DEL01-PE,UOP03-DEL01-PE
339256,2021-02-07,domingo,18:00:00,PE,101,104,CABO DE SANTO AGOSTINHO,Acesso irregular,Capotamento,Sem Vítimas,Plena Noite,Decrescente,Céu Claro,Dupla,Curva,Sim,1,0,0,0,1,0,0,1,"-8,29739778","-35,06293971",SPRF-PE,DEL01-PE,UOP03-DEL01-PE
339313,2021-02-07,domingo,21:15:00,PE,101,192,PALMARES,Ausência de reação do condutor,Queda de ocupante de veículo,Com Vítimas Feridas,Plena Noite,Decrescente,Céu Claro,Dupla,Curva,Não,1,0,1,0,0,0,1,1,"-8,71282291","-35,60955915",SPRF-PE,DEL01-PE,UOP03-DEL01-PE
339323,2021-02-07,domingo,21:15:00,PE,232,"99,4",BEZERROS,Ingestão de álcool ou de substâncias psicoativas pelo pedestre,Atropelamento de Pedestre,Com Vítimas Fatais,Plena Noite,Decrescente,Céu Claro,Dupla,Reta,Sim,3,1,2,0,0,0,2,2,"-8,2367277","-35,73401605",SPRF-PE,DEL02-PE,UOP02-DEL02PE
339362,2021-02-08,segunda-feira,06:20:00,PE,232,"11,1",JABOATAO DOS GUARARAPES,Ausência de reação do condutor,Colisão lateral,Com Vítimas Feridas,Pleno dia,Decrescente,Céu Claro,Dupla,Reta,Sim,3,0,1,0,1,1,1,2,"-8,08195464","-34,99545022",SPRF-PE,DEL01-PE,UOP01-DEL01-PE
339381,2021-01-10,domingo,15:26:00,PE,316,7,ARARIPINA,Reação tardia ou ineficiente do condutor,Capotamento,Com Vítimas Feridas,Pleno dia,Decrescente,Céu Claro,Simples,Reta,Não,2,0,0,1,0,1,1,1,"-7,48071193","-40,61057493",SPRF-PE,DEL05-PE,UOP02-DEL05-PE
339389,2021-02-08,segunda-feira,07:50:00,PE,101,67,RECIFE,Reação tardia ou ineficiente do condutor,Colisão traseira,Com Vítimas Feridas,Pleno dia,Decrescente,Sol,Dupla,Reta,Sim,3,0,2,0,1,0,2,2,"-8,042334","-34,943096",SPRF-PE,DEL01-PE,UOP01-DEL01-PE
339404,2021-02-08,segunda-feira,09:00:00,PE,101,"68,8",RECIFE,Manobra de mudança de faixa,Colisão lateral,Com Vítimas Feridas,Pleno dia,Decrescente,Céu Claro,Múltipla,Reta,Sim,2,0,1,0,1,0,1,2,"-8,059673","-34,945543",SPRF-PE,DEL01-PE,UOP01-DEL01-PE
339405,2021-02-08,segunda-feira,09:40:00,PE,104,12,TAQUARITINGA DO NORTE,Ultrapassagem Indevida,Saída de leito carroçável,Com Vítimas Feridas,Pleno dia,Crescente,Sol,Simples,Reta,Não,1,0,1,0,0,0,1,1,"-7,888657","-36,110435",SPRF-PE,DEL02-PE,UOP01-DEL02-PE
339416,2021-02-08,segunda-feira,10:31:00,PE,101,98,CABO DE SANTO AGOSTINHO,Acostamento em desnível,Saída de leito carroçável,Com Vítimas Feridas,Pleno dia,Decrescente,Sol,Simples,Reta,Não,1,0,1,0,0,0,1,1,"-8,2696038","-35,02191458",SPRF-PE,DEL01-PE,UOP03-DEL01-PE
339437,2021-02-08,segunda-feira,14:20:00,PE,101,"68,6",RECIFE,Condutor deixou de manter distância do veículo da frente,Colisão lateral,Com Vítimas Feridas,Pleno dia,Decrescente,Céu Claro,Múltipla,Reta,Sim,2,0,1,0,1,0,1,2,"-8,056422","-34,946269",SPRF-PE,DEL01-PE,UOP01-DEL01-PE
339438,2021-02-08,segunda-feira,13:30:00,PE,101,"48,2",ABREU E LIMA,Acessar a via sem observar a presença dos outros veículos,Colisão lateral mesmo sentido,Com Vítimas Feridas,Pleno dia,Crescente,Céu Claro,Múltipla,Reta,Sim,2,0,1,0,1,0,1,2,"-7,89174705","-34,9033493",SPRF-PE,DEL01-PE,UOP02-DEL01-PE
339443,2021-02-08,segunda-feira,08:05:00,PE,423,"63,1",LAJEDO,Condutor deixou de manter distância do veículo da frente,Engavetamento,Com Vítimas Feridas,Pleno dia,Decrescente,Céu Claro,Simples,Aclive,Não,3,0,1,0,1,1,1,3,"-8,66219547","-36,34708912",SPRF-PE,DEL03-PE,UOP01-DEL03-PE
339489,2021-02-08,segunda-feira,19:40:00,PE,101,"51,1",ABREU E LIMA,Condutor deixou de manter distância do veículo da frente,Colisão traseira,Com Vítimas Feridas,Plena Noite,Decrescente,Céu Claro,Múltipla,Reta,Sim,4,0,2,0,1,1,2,3,"-7,9169968","-34,89689272",SPRF-PE,DEL01-PE,UOP02-DEL01-PE
339517,2021-02-08,segunda-feira,18:20:00,PE,423,"65,8",CALCADO,Manobra de mudança de faixa,Colisão lateral sentido oposto,Com Vítimas Feridas,Plena Noite,Crescente,Céu Claro,Simples,Reta,Não,2,0,1,0,1,0,1,2,"-8,66635578","-36,36564305",SPRF-PE,DEL03-PE,UOP01-DEL03-PE