id,data_inversa,dia_semana,horario,uf,br,km,municipio,causa_acidente,tipo_acidente,classificacao_acidente,fase_dia,sentido_via,condicao_metereologica,tipo_pista,tracado_via,uso_solo,pessoas,mortos,feridos_leves,feridos_graves,ilesos,ignorados,feridos,veiculos,latitude,longitude,regional,delegacia,uop
339553,2021-02-09,terça-feira,07:45:00,PE,101,75,RECIFE,Área urbana sem a presença de local apropriado para a travessia de pedestres,Atropelamento de Pedestre,Com Vítimas Feridas,Pleno dia,Crescente,Céu Claro,Dupla,Reta,Sim,2,0,1,0,1,0,1,2,"-8,10973523","-34,94660151",SPRF-PE,DEL01-PE,UOP01-DEL01-PE
339556,2021-02-09,terça-feira,08:30:00,PE,423,"31,3",SAO CAITANO,Frear bruscamente,Colisão lateral mesmo sentido,Com Vítimas Feridas,Pleno dia,Decrescente,Céu Claro,Simples,Reta,Não,5,0,4,1,0,0,5,2,"-8,42715582","-36,19793533",SPRF-PE,DEL02-PE,UOP03-DEL02-PE
339646,2021-02-09,terça-feira,16:00:00,PE,423,"95,6",GARANHUNS,Condutor deixou de manter distância do veículo da frente,Engavetamento,Sem Vítimas,Pleno dia,Crescente,Céu Claro,Simples,Reta,Sim,3,0,0,0,2,1,0,3,"-8,87926277","-36,4855957",SPRF-PE,DEL03-PE,UOP01-DEL03-PE
339746,2021-02-10,quarta-feira,06:50:00,PE,101,"63,4",RECIFE,Demais falhas mecânicas ou elétricas,Saída de leito carroçável,Sem Vítimas,Pleno dia,Decrescente,Nublado,Dupla,Reta,Sim,1,0,0,0,1,0,0,1,"-8,00800604","-34,93756535",SPRF-PE,DEL01-PE,UOP01-DEL01-PE
339787,2021-02-10,quarta-feira,10:15:00,PE,101,"77,6",RECIFE,Manobra de mudança de faixa,Colisão lateral mesmo sentido,Com Vítimas Feridas,Pleno dia,Crescente,Céu Claro,Dupla,Reta,Sim,2,0,1,0,1,0,1,2,"-8,126982","-34,94386",SPRF-PE,DEL01-PE,UOP01-DEL01-PE
339835,2021-01-01,sexta-feira,21:30:00,PE,232,"183,4",BELO JARDIM,Manobra de mudança de faixa,Colisão frontal,Com Vítimas Fatais,Plena Noite,Crescente,Céu Claro,Simples,Reta,Sim,4,1,2,0,1,0,2,2,"-8,350358","-36,458278",SPRF-PE,DEL02-PE,UOP03-DEL02-PE
339840,2021-02-10,quarta-feira,15:00:00,PE,101,"99,5",CABO DE SANTO AGOSTINHO,Ultrapassagem Indevida,Colisão lateral,Com Vítimas Feridas,Pleno dia,Decrescente,Céu Claro,Dupla,Reta,Sim,2,0,0,1,1,0,1,2,"-8,26025316","-35,04629883",SPRF-PE,DEL01-PE,UOP03-DEL01-PE
339893,2021-02-10,quarta-feira,20:00:00,PE,104,"68,3",CARUARU,Ingestão de álcool pelo condutor,Colisão transversal,Sem Vítimas,Plena Noite,Decrescente,Céu Claro,Dupla,Reta,Sim,2,0,0,0,1,1,0,2,"-8,3107","-35,9904",SPRF-PE,DEL02-PE,UOP01-DEL02-PE
339958,2021-02-11,quinta-feira,08:50:00,PE,407,"126,3",PETROLINA,Manobra de mudança de faixa,Colisão lateral mesmo sentido,Com Vítimas Feridas,Pleno dia,Crescente,Sol,Dupla,Rotatória,Sim,3,0,2,0,1,0,2,2,"-9,38797393","-40,52579011",SPRF-PE,DEL06-PE,UOP01-DEL06-PE
340032,2021-02-10,quarta-feira,22:00:00,PE,232,241,ARCOVERDE,Ingestão de álcool pelo condutor,Saída de leito carroçável,Com Vítimas Fatais,Plena Noite,Decrescente,Céu Claro,Simples,Aclive,Não,1,1,0,0,0,0,0,1,"-8,41518942","-36,970926",SPRF-PE,DEL03-PE,UOP02-DEL03-PE
340043,2021-02-11,quinta-feira,17:40:00,PE,101,"60,3",RECIFE,Pedestre cruzava a pista fora da faixa,Queda de ocupante de veículo,Com Vítimas Feridas,Anoitecer,Decrescente,Nublado,Dupla,Reta,Sim,3,0,1,0,0,2,1,2,"-7,98344307","-34,93176727",SPRF-PE,DEL01-PE,UOP02-DEL01-PE
340049,2021-02-11,quinta-feira,18:00:00,PE,101,"44,2",IGARASSU,Velocidade Incompatível,Colisão lateral mesmo sentido,Sem Vítimas,Plena Noite,Decrescente,Céu Claro,Múltipla,Reta,Sim,2,0,0,0,1,1,0,2,"-7,85637001","-34,90842109",SPRF-PE,DEL01-PE,UOP02-DEL01-PE
340099,2021-02-11,quinta-feira,22:47:00,PE,232,"508,5",SALGUEIRO,Condutor deixou de manter distância do veículo da frente,Colisão traseira,Com Vítimas Feridas,Plena Noite,Decrescente,Ignorado,Simples,Reta,Sim,4,0,2,0,2,0,2,2,"-8,06223271","-39,12095006",SPRF-PE,DEL05-PE,UOP01-DEL05-PE
340137,2021-02-12,sexta-feira,06:40:00,PE,423,78,JUCATI,Acessar a via sem observar a presença dos outros veículos,Colisão transversal,Sem Vítimas,Pleno dia,Decrescente,Céu Claro,Simples,Curva,Não,2,0,0,0,1,1,0,2,"-8,74910298","-36,43120556",SPRF-PE,DEL03-PE,UOP01-DEL03-PE
340163,2021-02-12,sexta-feira,10:00:00,PE,101,60,RECIFE,Acessar a via sem observar a presença dos outros veículos,Colisão lateral,Com Vítimas Feridas,Pleno dia,Crescente,Céu Claro,Simples,Reta,Não,2,0,1,0,1,0,1,2,"-7,98344307","-34,93176727",SPRF-PE,DEL01-PE,UOP02-DEL01-PE
340186,2021-01-15,sexta-feira,16:00:00,PE,101,"53,8",PAULISTA,Pedestre cruzava a pista fora da faixa,Colisão traseira,Com Vítimas Feridas,Pleno dia,Decrescente,Céu Claro,Múltipla,Reta,Sim,2,0,1,1,0,0,2,2,"-7,93805869","-34,90322482",SPRF-PE,DEL01-PE,UOP02-DEL01-PE
340260,2021-02-12,sexta-feira,16:30:00,PE,101,48,ABREU E LIMA,Ausência de reação do condutor,Colisão traseira,Com Vítimas Feridas,Anoitecer,Decrescente,Chuva,Múltipla,Reta,Sim,3,0,1,0,2,0,1,3,"-7,89174705","-34,9033493",SPRF-PE,DEL01-PE,UOP02-DEL01-PE
340300,2021-02-12,sexta-feira,19:45:00,PE,423,39,CACHOEIRINHA,Transitar na contramão,Colisão lateral sentido oposto,Com Vítimas Feridas,Plena Noite,Crescente,Céu Claro,Simples,Reta,Não,6,0,1,0,4,1,1,2,"-8,48957335","-36,23249049",SPRF-PE,DEL02-PE,UOP03-DEL02-PE
340414,2021-02-13,sábado,09:33:00,PE,101,"57,8",PAULISTA,Acostamento em desnível,Queda de ocupante de veículo,Com Vítimas Feridas,Pleno dia,Decrescente,Nublado,Dupla,Curva,Não,2,0,0,1,1,0,1,1,"-7,96346213","-34,91513486",SPRF-PE,DEL01-PE,UOP02-DEL01-PE
340530,2021-02-13,sábado,19:00:00,PE,101,43,IGARASSU,Condutor usando celular,Colisão com objeto,Sem Vítimas,Plena Noite,Crescente,Nublado,Dupla,Reta,Sim,1,0,0,0,1,0,0,1,"-7,84753808","-34,90977038",SPRF-PE,DEL01-PE,UOP02-DEL01-PE
340553,2021-02-13,sábado,19:30:00,PE,428,184,PETROLINA,Ingestão de álcool pelo condutor,Colisão traseira,Sem Vítimas,Plena Noite,Decrescente,Céu Claro,Simples,Interseção de Vias,Sim,2,0,0,0,2,0,0,2,"-9,34650534","-40,47370791",SPRF-PE,DEL06-PE,UOP01-DEL06-PE
340630,2021-02-14,domingo,06:45:00,PE,104,67,CARUARU,Velocidade Incompatível,Colisão com objeto,Com Vítimas Feridas,Pleno dia,Decrescente,Chuva,Simples,Curva,Não,1,0,1,0,0,0,1,1,"-8,3016","-35,9882",SPRF-PE,DEL02-PE,UOP01-DEL02-PE
340655,2021-02-14,domingo,11:20:00,PE,101,"86,8",CABO DE SANTO AGOSTINHO,Condutor deixou de manter distância do veículo da frente,Colisão traseira,Com Vítimas Feridas,Pleno dia,Crescente,Sol,Dupla,Reta,Não,2,0,1,0,1,0,1,2,"-8,18470013","-34,96816895",SPRF-PE,DEL01-PE,UOP03-DEL01-PE
340681,2021-02-14,domingo,14:00:00,PE,408,"65,4",CARPINA,Acessar a via sem observar a presença dos outros veículos,Colisão transversal,Com Vítimas Feridas,Pleno dia,Crescente,Céu Claro,Dupla,Reta,Não,2,0,0,1,1,0,1,2,"-7,85059029","-35,23198016",SPRF-PE,DEL01-PE,UOP01-DEL01-PE
340726,2021-02-14,domingo,18:00:00,PE,232,80,GRAVATA,Ausência de reação do condutor,Colisão traseira,Com Vítimas Feridas,Plena Noite,Crescente,Céu Claro,Dupla,Reta,Sim,3,0,2,0,0,1,2,2,"-8,19579864","-35,56962305",SPRF-PE,DEL02-PE,UOP02-DEL02PE
340748,2021-02-14,domingo,18:50:00,PE,101,"87,1",JABOATAO DOS GUARARAPES,Desrespeitar a preferência no cruzamento,Colisão transversal,Com Vítimas Feridas,Plena Noite,Crescente,Céu Claro,Simples,Reta,Sim,2,0,1,0,1,0,1,2,"-8,19120206","-34,97449985",SPRF-PE,DEL01-PE,UOP03-DEL01-PE
340752,2021-02-14,domingo,18:50:00,PE,101,"8,2",GOIANA,Ingestão de álcool pelo condutor,Colisão traseira,Sem Vítimas,Plena Noite,Decrescente,Céu Claro,Dupla,Reta,Não,2,0,0,0,1,1,0,2,"-7,56898134","-34,98959891",SPRF-PE,DEL01-PE,UOP02-DEL01-PE
340805,2021-02-14,domingo,23:45:00,PE,101,"70,9",RECIFE,Reação tardia ou ineficiente do condutor,Tombamento,Com Vítimas Feridas,Plena Noite,Crescente,Nublado,Dupla,Reta,Sim,1,0,1,0,0,0,1,1,"-8,06929999","-34,94261742",SPRF-PE,DEL01-PE,UOP01-DEL01-PE
340849,2021-01-13,quarta-feira,11:15:00,PE,232,"92,1",SAIRE,Demais falhas mecânicas ou elétricas,Colisão com objeto,Com Vítimas Feridas,Pleno dia,Crescente,Céu Claro,Simples,Reta,Não,2,0,0,1,1,0,1,1,"-8,21940548","-35,67360295",SPRF-PE,DEL02-PE,UOP02-DEL02PE
340853,2021-02-15,segunda-feira,07:40:00,PE,101,"96,7",CABO DE SANTO AGOSTINHO,Velocidade Incompatível,Colisão traseira,Com Vítimas Feridas,Pleno dia,Crescente,Nublado,Dupla,Reta,Não,2,0,1,0,1,0,1,2,"-8,25146993","-35,021805",SPRF-PE,DEL01-PE,UOP03-DEL01-PE
340867,2021-02-15,segunda-feira,09:15:00,PE,101,83,CABO DE SANTO AGOSTINHO,Transitar no acostamento,Colisão transversal,Com Vítimas Feridas,Pleno dia,Decrescente,Céu Claro,Simples,Reta,Sim,2,0,1,0,1,0,1,2,"-8,175172","-34,942642",SPRF-PE,DEL01-PE,UOP03-DEL01-PE
340932,2021-02-15,segunda-feira,16:50:00,PE,101,"44,1",IGARASSU,Desrespeitar a preferência no cruzamento,Colisão transversal,Sem Vítimas,Pleno dia,Crescente,Nublado,Múltipla,Retorno Regulamentado,Sim,2,0,0,0,1,1,0,2,"-7,85637001","-34,90842109",SPRF-PE,DEL01-PE,UOP02-DEL01-PE
341016,2021-02-14,domingo,15:20:00,PE,101,"89,5",CABO DE SANTO AGOSTINHO,Ingestão de álcool pelo condutor,Colisão traseira,Com Vítimas Feridas,Pleno dia,Decrescente,Céu Claro,Simples,Reta,Sim,4,0,0,1,1,2,1,3,"-8,228311","-34,97133",SPRF-PE,DEL01-PE,UOP03-DEL01-PE
341057,2021-02-16,terça-feira,12:50:00,PE,101,"95,3",CABO DE SANTO AGOSTINHO,Velocidade Incompatível,Saída de leito carroçável,Com Vítimas Feridas,Pleno dia,Decrescente,Céu Claro,Dupla,Reta,Não,2,0,2,0,0,0,2,1,"-8,25099","-35,01426",SPRF-PE,DEL01-PE,UOP03-DEL01-PE
341086,2021-02-16,terça-feira,14:30:00,PE,232,"78,2",GRAVATA,Acessar a via sem observar a presença dos outros veículos,Colisão frontal,Com Vítimas Feridas,Pleno dia,Decrescente,Céu Claro,Múltipla,Reta,Sim,2,0,1,0,1,0,1,2,"-8,194052","-35,553985",SPRF-PE,DEL02-PE,UOP02-DEL02PE
341097,2021-02-16,terça-feira,16:00:00,PE,232,"99,5",BEZERROS,Manobra de mudança de faixa,Saída de leito carroçável,Com Vítimas Feridas,Pleno dia,Decrescente,Nublado,Simples,Reta,Sim,1,0,1,0,0,0,1,1,"-8,237717","-35,73892",SPRF-PE,DEL02-PE,UOP02-DEL02PE
341102,2021-02-16,terça-feira,17:50:00,PE,101,"43,8",IGARASSU,Condutor deixou de manter distância do veículo da frente,Colisão traseira,Com Vítimas Feridas,Anoitecer,Crescente,Vento,Múltipla,Reta,Sim,3,0,1,0,2,0,1,2,"-7,84753808","-34,90977038",SPRF-PE,DEL01-PE,UOP02-DEL01-PE
341156,2021-02-16,terça-feira,18:45:00,PE,316,"331,5",FLORESTA,Animais na Pista,Atropelamento de Animal,Com Vítimas Feridas,Plena Noite,Crescente,Céu Claro,Simples,Reta,Não,1,0,1,0,0,0,1,1,"-8,75082452","-38,40150973",SPRF-PE,DEL04-PE,UOP03-DEL04-PE
341176,2021-02-17,quarta-feira,03:45:00,PE,101,"77,8",JABOATAO DOS GUARARAPES,Animais na Pista,Atropelamento de Animal,Com Vítimas Feridas,Plena Noite,Decrescente,Chuva,Dupla,Curva,Sim,1,0,1,0,0,0,1,1,"-8,133356","-34,946758",SPRF-PE,DEL01-PE,UOP01-DEL01-PE
341204,2021-02-17,quarta-feira,07:30:00,PE,232,"411,9",SERRA TALHADA,Desrespeitar a preferência no cruzamento,Colisão transversal,Com Vítimas Feridas,Pleno dia,Decrescente,Nublado,Simples,Reta,Sim,2,0,1,0,1,0,1,2,"-7,98147336","-38,31653595",SPRF-PE,DEL04-PE,UOP01-DEL04-PE
341280,2021-02-17,quarta-feira,16:15:00,PE,116,25,SALGUEIRO,Velocidade Incompatível,Saída de leito carroçável,Com Vítimas Feridas,Pleno dia,Crescente,Nublado,Simples,Reta,Sim,1,0,0,1,0,0,1,1,"-8,061417","-39,135975",SPRF-PE,DEL05-PE,UOP01-DEL05-PE
341293,2021-02-17,quarta-feira,19:15:00,PE,408,101,SAO LOURENCO DA MATA,Objeto estático sobre o leito carroçável,Colisão traseira,Com Vítimas Feridas,Plena Noite,Crescente,Céu Claro,Dupla,Declive,Não,2,0,0,1,1,0,1,2,"-8,04710272","-35,00887967",SPRF-PE,DEL01-PE,UOP01-DEL01-PE
341382,2021-02-18,quinta-feira,08:40:00,PE,424,"120,5",GARANHUNS,Condutor deixou de manter distância do veículo da frente,Colisão traseira,Sem Vítimas,Pleno dia,Crescente,Céu Claro,Simples,Curva,Sim,2,0,0,0,2,0,0,2,"-9,04217918","-36,39999709",SPRF-PE,DEL03-PE,UOP01-DEL03-PE
341525,2021-02-18,quinta-feira,23:30:00,PE,232,112,BEZERROS,Curva acentuada,Saída de leito carroçável,Com Vítimas Feridas,Plena Noite,Crescente,Céu Claro,Dupla,Retorno Regulamentado,Não,1,0,1,0,0,0,1,1,"-8,29729696","-35,83146101",SPRF-PE,DEL02-PE,UOP03-DEL02-PE
341580,2021-02-19,sexta-feira,08:12:00,PE,101,"53,3",PAULISTA,Condutor Dormindo,Saída de leito carroçável,Com Vítimas Feridas,Pleno dia,Decrescente,Céu Claro,Múltipla,Curva,Sim,1,0,0,1,0,0,1,1,"-7,93124094","-34,90068606",SPRF-PE,DEL01-PE,UOP02-DEL01-PE
341599,2021-01-14,quinta-feira,20:00:00,PE,407,"107,1",PETROLINA,Ingestão de álcool pelo condutor,Queda de ocupante de veículo,Com Vítimas Fatais,Plena Noite,Crescente,Céu Claro,Simples,Reta,Não,1,1,0,0,0,0,0,1,"-9,23653808","-40,61900614",SPRF-PE,DEL06-PE,UOP02-DEL06-PE
341608,2021-02-19,sexta-feira,10:30:00,PE,232,544,TERRA NOVA,Acessar a via sem observar a presença dos outros veículos,Colisão traseira,Com Vítimas Feridas,Pleno dia,Decrescente,Céu Claro,Simples,Reta,Não,2,0,0,1,1,0,1,2,"-8,0868952","-39,43951012",SPRF-PE,DEL05-PE,UOP01-DEL05-PE
341640,2021-02-19,sexta-feira,14:00:00,PE,101,"3,9",GOIANA,Velocidade Incompatível,Saída de leito carroçável,Com Vítimas Feridas,Pleno dia,Decrescente,Céu Claro,Dupla,Curva,Não,1,0,1,0,0,0,1,1,"-7,52387351","-34,99333161",SPRF-PE,DEL01-PE,UOP02-DEL01-PE
341652,2021-02-19,sexta-feira,15:30:00,PE,232,180,BELO JARDIM,Desrespeitar a preferência no cruzamento,Colisão transversal,Com Vítimas Feridas,Pleno dia,Crescente,Céu Claro,Simples,Reta,Sim,3,0,2,0,1,0,2,2,"-8,34449745","-36,4288801",SPRF-PE,DEL02-PE,UOP03-DEL02-PE
341662,2021-02-19,sexta-feira,15:50:00,PE,232,"57,1",POMBOS,Acessar a via sem observar a presença dos outros veículos,Colisão transversal,Com Vítimas Feridas,Pleno dia,Crescente,Céu Claro,Dupla,Reta;Retorno Regulamentado    ,Sim,2,0,0,2,0,0,2,2,"-8,1412132","-35,38181492",SPRF-PE,DEL02-PE,UOP02-DEL02PE
341683,2021-02-19,sexta-feira,13:00:00,PE,,,SERTANIA,Animais na Pista,Colisão traseira,Sem Vítimas,Pleno dia,Não Informado,Céu Claro,Simples,Interseção de Vias,Não,2,0,0,0,2,0,0,2,"-8,08939746","-37,26541042",SPRF-PE,DEL03-PE,UOP01-DEL03-PE
341786,2021-02-19,sexta-feira,11:00:00,PE,428,"187,9",PETROLINA,Ingestão de álcool pelo condutor,Colisão com objeto,Sem Vítimas,Pleno dia,Crescente,Garoa/Chuvisco,Dupla,Em Obras,Sim,1,0,0,0,1,0,0,1,"-9,35604301","-40,47854198",SPRF-PE,DEL06-PE,UOP01-DEL06-PE
341925,2021-02-20,sábado,19:40:00,PE,101,13,GOIANA,Ingestão de álcool pelo condutor,Colisão com objeto,Sem Vítimas,Plena Noite,Decrescente,Céu Claro,Múltipla,Reta,Não,1,0,0,0,0,1,0,1,"-7,61043695","-34,97530291",SPRF-PE,DEL01-PE,UOP02-DEL01-PE
341970,2021-02-20,sábado,23:15:00,PE,104,"86,5",AGRESTINA,Entrada inopinada do pedestre,Atropelamento de Pedestre,Com Vítimas Fatais,Plena Noite,Crescente,Céu Claro,Simples,Reta,Sim,2,1,0,0,0,1,0,2,"-8,446782","-35,951046",SPRF-PE,DEL02-PE,UOP01-DEL02-PE
341972,2021-02-21,domingo,00:05:00,PE,232,"120,8",CARUARU,Demais falhas mecânicas ou elétricas,Incêndio,Sem Vítimas,Plena Noite,Crescente,Céu Claro,Dupla,Reta,Não,1,0,0,0,1,0,0,1,"-8,29826697","-35,90192301",SPRF-PE,DEL02-PE,UOP03-DEL02-PE
341995,2021-02-21,domingo,03:05:00,PE,232,"204,6",PESQUEIRA,Ingestão de álcool pelo condutor,Saída de leito carroçável,Com Vítimas Fatais,Plena Noite,Crescente,Céu Claro,Simples,Reta,Não,8,2,1,4,0,1,5,1,"-8,37237557","-36,64377902",SPRF-PE,DEL02-PE,UOP03-DEL02-PE
342039,2021-02-21,domingo,03:00:00,PE,316,10,ARARIPINA,Velocidade Incompatível,Saída de leito carroçável,Com Vítimas Fatais,Plena Noite,Decrescente,Céu Claro,Simples,Curva;Aclive                  ,Não,2,1,0,1,0,0,1,1,"-7,49021077","-40,59008002",SPRF-PE,DEL05-PE,UOP02-DEL05-PE
342081,2021-02-21,domingo,10:00:00,PE,316,20,ARARIPINA,Conversão proibida,Colisão transversal,Com Vítimas Feridas,Pleno dia,Crescente,Céu Claro,Simples,Reta,Não,4,0,4,0,0,0,4,2,"-7,55997805","-40,53416406",SPRF-PE,DEL05-PE,UOP02-DEL05-PE
342085,2021-02-21,domingo,15:40:00,PE,101,"74,1",RECIFE,Reação tardia ou ineficiente do condutor,Colisão traseira,Com Vítimas Feridas,Pleno dia,Decrescente,Sol,Dupla,Reta,Sim,2,0,1,0,1,0,1,2,"-8,104577","-34,948583",SPRF-PE,DEL01-PE,UOP01-DEL01-PE
342093,2021-02-02,terça-feira,13:40:00,PE,,,GARANHUNS,Afundamento ou ondulação no pavimento,Eventos atípicos,Sem Vítimas,Pleno dia,Não Informado,Céu Claro,Simples,Curva,Não,3,0,0,0,3,0,0,1,"-8,8619549","-36,46381174",SPRF-PE,DEL03-PE,UOP01-DEL03-PE
342109,2021-02-21,domingo,17:00:00,PE,408,"28,5",ALIANCA,Velocidade Incompatível,Saída de leito carroçável,Com Vítimas Fatais,Pleno dia,Crescente,Céu Claro,Simples,Curva,Não,1,1,0,0,0,0,0,1,"-7,5940327","-35,24470263",SPRF-PE,DEL01-PE,UOP01-DEL01-PE
342115,2021-02-02,terça-feira,13:40:00,PE,,,GARANHUNS,Afundamento ou ondulação no pavimento,Eventos atípicos,Sem Vítimas,Pleno dia,Não Informado,Céu Claro,Simples,Curva,Não,2,0,0,0,2,0,0,1,"-8,86035142","-36,46102667",SPRF-PE,DEL03-PE,UOP01-DEL03-PE
342127,2021-02-21,domingo,19:30:00,PE,101,45,IGARASSU,Pedestre andava na pista,Atropelamento de Pedestre,Com Vítimas Feridas,Plena Noite,Decrescente,Céu Claro,Dupla,Reta,Sim,4,0,1,0,1,2,1,2,"-7,86521297","-34,90715176",SPRF-PE,DEL01-PE,UOP02-DEL01-PE
342128,2021-02-21,domingo,18:40:00,PE,101,41,IGARASSU,Ausência de reação do condutor,Saída de leito carroçável,Sem Vítimas,Plena Noite,Decrescente,Vento,Dupla,Viaduto,Não,1,0,0,0,0,1,0,1,"-7,83038346","-34,91426785",SPRF-PE,DEL01-PE,UOP02-DEL01-PE
342202,2021-02-22,segunda-feira,04:25:00,PE,232,"120,9",CARUARU,Entrada inopinada do pedestre,Atropelamento de Pedestre,Com Vítimas Fatais,Plena Noite,Decrescente,Céu Claro,Dupla,Declive;Reta                  ,Não,4,1,0,0,3,0,0,2,"-8,301246","-35,914714",SPRF-PE,DEL02-PE,UOP03-DEL02-PE
342225,2021-02-22,segunda-feira,06:20:00,PE,101,156,RIBEIRAO,Reação tardia ou ineficiente do condutor,Colisão lateral,Sem Vítimas,Pleno dia,Decrescente,Céu Claro,Dupla,Reta,Não,2,0,0,0,1,1,0,2,"-8,54597711","-35,39140871",SPRF-PE,DEL01-PE,UOP03-DEL01-PE
342240,2021-02-22,segunda-feira,09:20:00,PE,101,"61,4",RECIFE,Ausência de reação do condutor,Colisão lateral,Com Vítimas Feridas,Pleno dia,Crescente,Céu Claro,Dupla,Reta,Sim,2,0,1,0,1,0,1,2,"-7,99097103","-34,93598295",SPRF-PE,DEL01-PE,UOP02-DEL01-PE
342307,2021-01-26,terça-feira,13:20:00,PE,101,"94,5",CABO DE SANTO AGOSTINHO,Velocidade Incompatível,Colisão traseira,Com Vítimas Feridas,Pleno dia,Decrescente,Céu Claro,Dupla,Reta,Não,3,0,2,0,0,1,2,2,"-8,2461487","-34,99420166",SPRF-PE,DEL01-PE,UOP03-DEL01-PE
342332,2021-02-22,segunda-feira,18:00:00,PE,407,"124,2",PETROLINA,Desrespeitar a preferência no cruzamento,Colisão transversal,Com Vítimas Feridas,Anoitecer,Crescente,Céu Claro,Dupla,Rotatória,Sim,2,0,0,2,0,0,2,2,"-9,37586","-40,53788",SPRF-PE,DEL06-PE,UOP01-DEL06-PE
342337,2021-02-22,segunda-feira,18:00:00,PE,232,76,GRAVATA,Pedestre cruzava a pista fora da faixa,Atropelamento de Pedestre,Com Vítimas Feridas,Plena Noite,Decrescente,Céu Claro,Dupla,Reta,Sim,2,0,0,1,0,1,1,2,"-8,19541469","-35,53424693",SPRF-PE,DEL02-PE,UOP02-DEL02PE
342352,2021-02-22,segunda-feira,19:40:00,PE,232,"42,9",VITORIA DE SANTO ANTAO,Ausência de reação do condutor,Colisão traseira,Sem Vítimas,Plena Noite,Decrescente,Céu Claro,Simples,Reta,Não,2,0,0,0,2,0,0,2,"-8,11528219","-35,25204496",SPRF-PE,DEL02-PE,UOP02-DEL02PE
342451,2021-02-23,terça-feira,12:20:00,PE,316,311,FLORESTA,Ausência de reação do condutor,Queda de ocupante de veículo,Com Vítimas Feridas,Pleno dia,Crescente,Céu Claro,Simples,Reta,Não,1,0,0,1,0,0,1,1,"-8,66345703","-38,54702708",SPRF-PE,DEL04-PE,UOP03-DEL04-PE
342462,2021-02-23,terça-feira,14:20:00,PE,428,189,PETROLINA,Manobra de mudança de faixa,Colisão lateral mesmo sentido,Com Vítimas Feridas,Pleno dia,Crescente,Sol,Simples,Reta,Sim,2,0,0,1,0,1,1,2,"-9,3762742","-40,49604744",SPRF-PE,DEL06-PE,UOP01-DEL06-PE
342478,2021-01-16,sábado,07:20:00,PE,101,92,CABO DE SANTO AGOSTINHO,Acessar a via sem observar a presença dos outros veículos,Colisão traseira,Com Vítimas Feridas,Pleno dia,Crescente,Sol,Dupla,Reta,Sim,2,0,1,0,1,0,1,2,"-8,23201792","-34,99778611",SPRF-PE,DEL01-PE,UOP03-DEL01-PE
342506,2021-02-10,quarta-feira,14:20:00,PE,101,"84,2",JABOATAO DOS GUARARAPES,Transitar no acostamento,Colisão transversal,Sem Vítimas,Pleno dia,Decrescente,Sol,Simples,Reta,Sim,3,0,0,0,2,1,0,2,"-8,17778559","-34,95087297",SPRF-PE,DEL01-PE,UOP03-DEL01-PE
342516,2021-02-07,domingo,12:00:00,PE,101,"49,8",ABREU E LIMA,Acessar a via sem observar a presença dos outros veículos,Colisão transversal,Com Vítimas Feridas,Pleno dia,Crescente,Céu Claro,Múltipla,Reta,Sim,4,0,2,1,0,1,3,3,"-7,9005152","-34,90180641",SPRF-PE,DEL01-PE,UOP02-DEL01-PE
342562,2021-02-24,quarta-feira,06:00:00,PE,101,70,RECIFE,Reação tardia ou ineficiente do condutor,Colisão frontal,Com Vítimas Feridas,Pleno dia,Decrescente,Céu Claro,Dupla,Viaduto,Sim,2,0,1,0,1,0,1,2,"-8,075218","-34,942747",SPRF-PE,DEL01-PE,UOP01-DEL01-PE
342572,2021-02-24,quarta-feira,06:20:00,PE,101,"68,4",RECIFE,Condutor deixou de manter distância do veículo da frente,Colisão traseira,Com Vítimas Feridas,Pleno dia,Decrescente,Céu Claro,Dupla,Reta,Sim,3,0,1,0,1,1,1,2,"-8,05074296","-34,94580619",SPRF-PE,DEL01-PE,UOP01-DEL01-PE
342579,2021-01-31,domingo,18:50:00,PE,408,105,JABOATAO DOS GUARARAPES,Condutor deixou de manter distância do veículo da frente,Colisão traseira,Com Vítimas Feridas,Plena Noite,Decrescente,Céu Claro,Simples,Interseção de Vias,Sim,3,0,1,1,1,0,2,2,"-8,0730937","-34,99190714",SPRF-PE,DEL01-PE,UOP01-DEL01-PE
342584,2021-02-24,quarta-feira,08:05:00,PE,232,6,RECIFE,Condutor deixou de manter distância do veículo da frente,Colisão traseira,Com Vítimas Feridas,Pleno dia,Decrescente,Céu Claro,Dupla,Reta,Sim,2,0,1,0,1,0,1,2,"-8,07079525","-34,9535389",SPRF-PE,DEL01-PE,UOP01-DEL01-PE
342632,2021-02-08,segunda-feira,14:30:00,PE,232,7,RECIFE,Condutor deixou de manter distância do veículo da frente,Colisão traseira,Com Vítimas Feridas,Pleno dia,Decrescente,Céu Claro,Dupla,Reta,Sim,2,0,1,0,1,0,1,2,"-8,07333497","-34,96184301",SPRF-PE,DEL01-PE,UOP01-DEL01-PE
342713,2021-02-24,quarta-feira,20:40:00,PE,101,"43,3",IGARASSU,Reação tardia ou ineficiente do condutor,Colisão transversal,Sem Vítimas,Plena Noite,Crescente,Céu Claro,Múltipla,Reta,Sim,2,0,0,0,2,0,0,2,"-7,84753808","-34,90977038",SPRF-PE,DEL01-PE,UOP02-DEL01-PE