id,data_inversa,dia_semana,horario,uf,br,km,municipio,causa_acidente,tipo_acidente,classificacao_acidente,fase_dia,sentido_via,condicao_metereologica,tipo_pista,tracado_via,uso_solo,pessoas,mortos,feridos_leves,feridos_graves,ilesos,ignorados,feridos,veiculos,latitude,longitude,regional,delegacia,uop
342732,2021-02-24,quarta-feira,23:15:00,PE,428,"141,8",PETROLINA,Ingestão de álcool ou de substâncias psicoativas pelo pedestre,Colisão lateral sentido oposto,Com Vítimas Fatais,Plena Noite,Crescente,Nublado,Simples,Reta,Sim,2,1,0,1,0,0,1,1,"-8,99987394","-40,2721263",SPRF-PE,DEL06-PE,UOP01-DEL06-PE
342747,2021-02-25,quinta-feira,06:15:00,PE,101,"83,5",JABOATAO DOS GUARARAPES,Transitar no acostamento,Colisão transversal,Com Vítimas Feridas,Pleno dia,Crescente,Nublado,Simples,Reta,Sim,2,0,0,1,1,0,1,2,"-8,175172","-34,942642",SPRF-PE,DEL01-PE,UOP03-DEL01-PE
342789,2021-02-25,quinta-feira,09:45:00,PE,232,"183,9",BELO JARDIM,Manobra de mudança de faixa,Colisão lateral sentido oposto,Com Vítimas Feridas,Pleno dia,Crescente,Céu Claro,Simples,Reta,Não,5,0,3,0,2,0,3,2,"-8,34981605","-36,45554399",SPRF-PE,DEL02-PE,UOP03-DEL02-PE
342797,2021-02-25,quinta-feira,11:20:00,PE,101,37,IGARASSU,Acessar a via sem observar a presença dos outros veículos,Colisão lateral,Com Vítimas Feridas,Pleno dia,Crescente,Céu Claro,Dupla,Retorno Regulamentado,Sim,3,0,1,0,2,0,1,2,"-7,76848462","-34,9344635",SPRF-PE,DEL01-PE,UOP02-DEL01-PE
342824,2021-02-13,sábado,21:30:00,PE,423,"72,9",JUPI,Transitar na contramão,Colisão frontal,Com Vítimas Fatais,Plena Noite,Crescente,Nublado,Simples,Reta,Sim,3,1,1,0,0,1,1,2,"-8,70118191","-36,4154612",SPRF-PE,DEL03-PE,UOP01-DEL03-PE
342940,2021-02-26,sexta-feira,02:10:00,PE,101,69,RECIFE,Velocidade Incompatível,Saída de leito carroçável,Com Vítimas Feridas,Plena Noite,Crescente,Garoa/Chuvisco,Dupla,Reta,Sim,1,0,1,0,0,0,1,1,"-8,06244343","-34,94498916",SPRF-PE,DEL01-PE,UOP01-DEL01-PE
342960,2021-02-26,sexta-feira,05:45:00,PE,101,"101,1",CABO DE SANTO AGOSTINHO,Chuva,Colisão frontal,Com Vítimas Feridas,Pleno dia,Crescente,Chuva,Simples,Reta,Sim,2,0,1,1,0,0,2,2,"-8,291846","-35,047821",SPRF-PE,DEL01-PE,UOP03-DEL01-PE
342999,2021-02-02,terça-feira,17:15:00,PE,407,"127,5",PETROLINA,Transitar no acostamento,Colisão transversal,Com Vítimas Feridas,Pleno dia,Decrescente,Céu Claro,Simples,Reta,Sim,2,0,0,1,1,0,1,2,"-9,3908678","-40,52038627",SPRF-PE,DEL06-PE,UOP01-DEL06-PE
343023,2021-02-07,domingo,06:30:00,PE,116,5,SALGUEIRO,Transitar na contramão,Colisão frontal,Com Vítimas Feridas,Pleno dia,Crescente,Céu Claro,Simples,Reta,Não,2,0,0,1,1,0,1,2,"-7,879868","-39,104885",SPRF-PE,DEL05-PE,UOP01-DEL05-PE
343074,2021-02-26,sexta-feira,17:15:00,PE,407,118,PETROLINA,Acessar a via sem observar a presença dos outros veículos,Colisão transversal,Sem Vítimas,Pleno dia,Decrescente,Sol,Simples,Retorno Regulamentado,Sim,4,0,0,0,2,2,0,2,"-9,32245397","-40,56878794",SPRF-PE,DEL06-PE,UOP02-DEL06-PE
343075,2021-02-26,sexta-feira,17:15:00,PE,101,"85,8",JABOATAO DOS GUARARAPES,Transitar na contramão,Colisão lateral sentido oposto,Com Vítimas Feridas,Pleno dia,Crescente,Céu Claro,Simples,Reta,Sim,2,0,0,1,0,1,1,2,"-8,18065563","-34,95965322",SPRF-PE,DEL01-PE,UOP03-DEL01-PE
343132,2021-02-26,sexta-feira,21:20:00,PE,232,"129,9",CARUARU,Reação tardia ou ineficiente do condutor,Eventos atípicos,Sem Vítimas,Plena Noite,Crescente,Céu Claro,Dupla,Reta,Sim,1,0,0,0,0,1,0,1,"-8,30193507","-35,98092002",SPRF-PE,DEL02-PE,UOP03-DEL02-PE
343221,2021-02-27,sábado,10:10:00,PE,101,"67,2",RECIFE,Condutor Dormindo,Colisão traseira,Com Vítimas Feridas,Pleno dia,Crescente,Nublado,Dupla,Reta,Sim,4,0,1,0,3,0,1,3,"-8,042334","-34,943096",SPRF-PE,DEL01-PE,UOP01-DEL01-PE
343306,2021-02-27,sábado,18:05:00,PE,428,"190,3",PETROLINA,Condutor deixou de manter distância do veículo da frente,Colisão traseira,Sem Vítimas,Plena Noite,Decrescente,Céu Claro,Múltipla,Reta,Sim,3,0,0,0,3,0,0,2,"-9,37605965","-40,49382106",SPRF-PE,DEL06-PE,UOP01-DEL06-PE
343322,2021-02-27,sábado,18:30:00,PE,101,"46,5",ABREU E LIMA,Manobra de mudança de faixa,Colisão transversal,Com Vítimas Feridas,Plena Noite,Crescente,Nublado,Múltipla,Reta,Sim,3,0,1,0,1,1,1,3,"-7,87406004","-34,90588126",SPRF-PE,DEL01-PE,UOP02-DEL01-PE
343334,2021-02-27,sábado,11:20:00,PE,101,"85,5",CABO DE SANTO AGOSTINHO,Acumulo de água sobre o pavimento,Colisão traseira,Com Vítimas Feridas,Pleno dia,Crescente,Chuva,Múltipla,Reta,Sim,2,0,1,0,1,0,1,2,"-8,18065563","-34,95965322",SPRF-PE,DEL01-PE,UOP03-DEL01-PE
343368,2021-02-27,sábado,23:23:00,PE,232,252,ARCOVERDE,Retorno proibido,Colisão transversal,Com Vítimas Feridas,Plena Noite,Crescente,Céu Claro,Simples,Curva,Sim,3,0,0,2,0,1,2,2,"-8,43086","-37,06536",SPRF-PE,DEL03-PE,UOP02-DEL03-PE
343375,2021-02-27,sábado,22:30:00,PE,232,410,SERRA TALHADA,Manobra de mudança de faixa,Colisão lateral sentido oposto,Sem Vítimas,Anoitecer,Crescente,Nublado,Simples,Reta,Sim,2,0,0,0,2,0,0,2,"-7,98261841","-38,30039606",SPRF-PE,DEL04-PE,UOP01-DEL04-PE
343388,2021-02-28,domingo,02:40:00,PE,423,73,JUPI,Ingestão de álcool pelo condutor,Colisão frontal,Com Vítimas Feridas,Plena Noite,Decrescente,Céu Claro,Simples,Declive,Sim,4,0,1,2,0,1,3,2,"-8,709851","-36,41926432",SPRF-PE,DEL03-PE,UOP01-DEL03-PE
343400,2021-02-28,domingo,05:50:00,PE,101,49,ABREU E LIMA,Manobra de mudança de faixa,Colisão com objeto,Sem Vítimas,Pleno dia,Crescente,Chuva,Múltipla,Curva,Sim,1,0,0,0,1,0,0,1,"-7,9005152","-34,90180641",SPRF-PE,DEL01-PE,UOP02-DEL01-PE
343445,2021-02-28,domingo,11:40:00,PE,232,147,SAO CAITANO,Velocidade Incompatível,Queda de ocupante de veículo,Com Vítimas Feridas,Pleno dia,Decrescente,Sol,Dupla,Reta,Sim,1,0,1,0,0,0,1,1,"-8,33331","-36,13883",SPRF-PE,DEL02-PE,UOP03-DEL02-PE
343454,2021-02-28,domingo,13:10:00,PE,232,116,CARUARU,Animais na Pista,Saída de leito carroçável,Com Vítimas Feridas,Pleno dia,Crescente,Sol,Dupla,Reta,Não,1,0,1,0,0,0,1,1,"-8,2970005","-35,86666391",SPRF-PE,DEL02-PE,UOP03-DEL02-PE
343462,2021-02-28,domingo,14:20:00,PE,232,"125,6",CARUARU,Acessar a via sem observar a presença dos outros veículos,Colisão transversal,Com Vítimas Fatais,Pleno dia,Crescente,Céu Claro,Dupla,Reta,Sim,2,1,0,0,1,0,0,2,"-8,30807114","-35,94580097",SPRF-PE,DEL02-PE,UOP03-DEL02-PE
343469,2021-02-03,quarta-feira,08:50:00,PE,408,55,NAZARE DA MATA,Acessar a via sem observar a presença dos outros veículos,Colisão transversal,Com Vítimas Feridas,Pleno dia,Crescente,Céu Claro,Simples,Interseção de Vias,Não,7,0,3,1,3,0,4,2,"-7,7790936","-35,23879766",SPRF-PE,DEL01-PE,UOP01-DEL01-PE
343498,2021-02-28,domingo,17:00:00,PE,428,"183,7",PETROLINA,Conversão proibida,Colisão lateral mesmo sentido,Com Vítimas Feridas,Pleno dia,Decrescente,Sol,Simples,Reta,Sim,3,0,2,0,1,0,2,2,"-9,34147945","-40,47098381",SPRF-PE,DEL06-PE,UOP01-DEL06-PE
343558,2021-01-30,sábado,19:35:00,PE,424,"74,1",CAETES,Ausência de reação do condutor,Colisão frontal,Com Vítimas Feridas,Plena Noite,Crescente,Céu Claro,Simples,Reta,Não,3,0,0,3,0,0,3,2,"-8,79968991","-36,59105994",SPRF-PE,DEL03-PE,UOP01-DEL03-PE
343587,2021-03-01,segunda-feira,04:00:00,PE,232,145,SAO CAITANO,Velocidade Incompatível,Colisão traseira,Sem Vítimas,Plena Noite,Crescente,Chuva,Dupla,Reta,Sim,2,0,0,0,2,0,0,2,"-8,32924","-36,12242",SPRF-PE,DEL02-PE,UOP03-DEL02-PE
343605,2021-02-07,domingo,13:50:00,PE,428,"144,9",PETROLINA,Acessar a via sem observar a presença dos outros veículos,Colisão transversal,Com Vítimas Feridas,Pleno dia,Decrescente,Céu Claro,Simples,Reta,Sim,2,0,1,0,0,1,1,2,"-9,02360471","-40,2839345",SPRF-PE,DEL06-PE,UOP01-DEL06-PE
343652,2021-02-04,quinta-feira,08:30:00,PE,316,"287,4",ITACURUBA,Condutor deixou de manter distância do veículo da frente,Colisão lateral,Com Vítimas Feridas,Pleno dia,Crescente,Sol,Simples,Reta,Não,4,0,0,2,0,2,2,3,"-8,65078679","-38,71584407",SPRF-PE,DEL04-PE,UOP03-DEL04-PE
343674,2021-03-01,segunda-feira,08:10:00,PE,232,"47,1",VITORIA DE SANTO ANTAO,Acumulo de água sobre o pavimento,Colisão com objeto,Sem Vítimas,Pleno dia,Decrescente,Chuva,Dupla,Reta,Não,1,0,0,0,1,0,0,1,"-8,13769724","-35,29733789",SPRF-PE,DEL02-PE,UOP02-DEL02PE
343689,2021-03-01,segunda-feira,15:00:00,PE,232,"59,6",POMBOS,Pedestre cruzava a pista fora da faixa,Atropelamento de Pedestre,Com Vítimas Feridas,Pleno dia,Decrescente,Chuva,Dupla,Reta;Declive                  ,Sim,2,0,0,1,1,0,1,2,"-8,1471233","-35,39890998",SPRF-PE,DEL02-PE,UOP02-DEL02PE
343717,2021-03-01,segunda-feira,18:05:00,PE,232,26,MORENO,Acumulo de água sobre o pavimento,Saída de leito carroçável,Sem Vítimas,Plena Noite,Crescente,Chuva,Dupla,Reta,Não,1,0,0,0,1,0,0,1,"-8,11374411","-35,116886",SPRF-PE,DEL02-PE,UOP02-DEL02PE
343799,2021-01-30,sábado,10:20:00,PE,101,"54,2",PAULISTA,Pedestre cruzava a pista fora da faixa,Atropelamento de Pedestre,Com Vítimas Fatais,Pleno dia,Decrescente,Céu Claro,Múltipla,Reta,Sim,2,1,0,1,0,0,1,2,"-7,93961103","-34,90356584",SPRF-PE,DEL01-PE,UOP02-DEL01-PE
343900,2021-03-02,terça-feira,19:40:00,PE,101,65,RECIFE,Acessar a via sem observar a presença dos outros veículos,Atropelamento de Pedestre,Com Vítimas Feridas,Plena Noite,Decrescente,Nublado,Dupla,Reta,Sim,3,0,0,1,1,1,1,2,"-8,036318","-34,941384",SPRF-PE,DEL01-PE,UOP01-DEL01-PE
343928,2021-03-02,terça-feira,22:40:00,PE,428,188,PETROLINA,Acumulo de óleo sobre o pavimento,Queda de ocupante de veículo,Com Vítimas Feridas,Pleno dia,Decrescente,Céu Claro,Dupla,Rotatória,Sim,1,0,1,0,0,0,1,1,"-9,36400596","-40,48266808",SPRF-PE,DEL06-PE,UOP01-DEL06-PE
343935,2021-03-02,terça-feira,21:55:00,PE,101,"187,3",PALMARES,Velocidade Incompatível,Colisão com objeto,Sem Vítimas,Plena Noite,Crescente,Chuva,Dupla,Curva,Sim,1,0,0,0,0,1,0,1,"-8,686644","-35,587478",SPRF-PE,DEL01-PE,UOP03-DEL01-PE
343949,2021-03-03,quarta-feira,04:40:00,PE,101,"97,2",CABO DE SANTO AGOSTINHO,Animais na Pista,Atropelamento de Animal,Com Vítimas Feridas,Amanhecer,Decrescente,Céu Claro,Dupla,Reta,Não,7,0,2,0,5,0,2,2,"-8,25331064","-35,0296397",SPRF-PE,DEL01-PE,UOP03-DEL01-PE
343961,2021-03-03,quarta-feira,06:05:00,PE,101,"56,9",RECIFE,Acessar a via sem observar a presença dos outros veículos,Colisão frontal,Com Vítimas Feridas,Pleno dia,Crescente,Céu Claro,Dupla,Reta,Sim,2,0,1,0,1,0,1,2,"-7,9554509","-34,91140727",SPRF-PE,DEL01-PE,UOP02-DEL01-PE
343983,2021-03-03,quarta-feira,09:10:00,PE,407,129,PETROLINA,Manobra de mudança de faixa,Colisão lateral mesmo sentido,Com Vítimas Feridas,Pleno dia,Decrescente,Céu Claro,Dupla,Ponte,Sim,2,0,1,0,1,0,1,2,"-9,39958299","-40,50459298",SPRF-PE,DEL06-PE,UOP01-DEL06-PE
343996,2021-03-03,quarta-feira,09:05:00,PE,423,"126,1",PARANATAMA,Acessar a via sem observar a presença dos outros veículos,Colisão transversal,Com Vítimas Feridas,Pleno dia,Decrescente,Céu Claro,Simples,Curva;Aclive                  ,Não,2,0,1,0,1,0,1,2,"-8,9520119","-36,72359735",SPRF-PE,DEL03-PE,UOP01-DEL03-PE
344110,2021-03-04,quinta-feira,06:00:00,PE,101,"67,3",RECIFE,Ausência de reação do condutor,Colisão lateral mesmo sentido,Com Vítimas Feridas,Pleno dia,Crescente,Nublado,Múltipla,Reta,Não,2,0,1,0,1,0,1,2,"-8,042334","-34,943096",SPRF-PE,DEL01-PE,UOP01-DEL01-PE
344153,2021-02-15,segunda-feira,22:00:00,PE,232,6,RECIFE,Ausência de reação do condutor,Colisão lateral mesmo sentido,Sem Vítimas,Plena Noite,Crescente,Céu Claro,Dupla,Reta,Sim,2,0,0,0,2,0,0,2,"-8,07079525","-34,9535389",SPRF-PE,DEL01-PE,UOP01-DEL01-PE
344205,2021-03-04,quinta-feira,13:40:00,PE,407,"124,3",PETROLINA,Desrespeitar a preferência no cruzamento,Colisão transversal,Com Vítimas Feridas,Pleno dia,Decrescente,Céu Claro,Dupla,Rotatória,Sim,2,0,0,1,1,0,1,2,"-9,36929881","-40,54137139",SPRF-PE,DEL06-PE,UOP01-DEL06-PE
344241,2021-03-04,quinta-feira,07:40:00,PE,232,390,SERRA TALHADA,Acumulo de areia ou detritos sobre o pavimento,Eventos atípicos,Sem Vítimas,Pleno dia,Crescente,Céu Claro,Simples,Reta,Não,2,0,0,0,2,0,0,1,"-8,03127188","-38,13857399",SPRF-PE,DEL04-PE,UOP01-DEL04-PE
344256,2021-03-04,quinta-feira,17:00:00,PE,232,"40,6",VITORIA DE SANTO ANTAO,Manobra de mudança de faixa,Saída de leito carroçável,Com Vítimas Feridas,Pleno dia,Crescente,Céu Claro,Dupla,Reta,Não,1,0,0,1,0,0,1,1,"-8,1162429","-35,23508889",SPRF-PE,DEL02-PE,UOP02-DEL02PE
344261,2021-03-04,quinta-feira,18:50:00,PE,232,"409,6",SERRA TALHADA,Animais na Pista,Tombamento,Com Vítimas Feridas,Plena Noite,Crescente,Céu Claro,Simples,Reta;Aclive                   ,Sim,2,0,1,1,0,0,2,1,"-7,98178148","-38,29226732",SPRF-PE,DEL04-PE,UOP01-DEL04-PE
344340,2021-03-05,sexta-feira,05:00:00,PE,104,56,CARUARU,Condutor Dormindo,Saída de leito carroçável,Sem Vítimas,Pleno dia,Decrescente,Céu Claro,Dupla,Reta,Não,1,0,0,0,0,1,0,1,"-8,20176335","-35,96747875",SPRF-PE,DEL02-PE,UOP01-DEL02-PE
344343,2021-03-05,sexta-feira,07:10:00,PE,101,"68,5",RECIFE,Condutor deixou de manter distância do veículo da frente,Colisão traseira,Com Vítimas Feridas,Pleno dia,Decrescente,Céu Claro,Múltipla,Reta,Sim,2,0,0,1,0,1,1,2,"-8,05074296","-34,94580619",SPRF-PE,DEL01-PE,UOP01-DEL01-PE
344373,2021-01-16,sábado,17:25:00,PE,101,87,JABOATAO DOS GUARARAPES,Acessar a via sem observar a presença dos outros veículos,Colisão lateral,Com Vítimas Feridas,Anoitecer,Decrescente,Céu Claro,Simples,Reta,Não,2,0,0,1,1,0,1,2,"-8,19416","-34,9571228",SPRF-PE,DEL01-PE,UOP03-DEL01-PE
344376,2021-03-05,sexta-feira,09:40:00,PE,101,88,CABO DE SANTO AGOSTINHO,Avarias e/ou desgaste excessivo no pneu,Queda de ocupante de veículo,Com Vítimas Feridas,Pleno dia,Decrescente,Céu Claro,Dupla,Reta,Sim,2,0,2,0,0,0,2,1,"-8,19971387","-34,9785382",SPRF-PE,DEL01-PE,UOP03-DEL01-PE
344415,2021-03-05,sexta-feira,14:15:00,PE,232,"94,9",SAIRE,Condutor Dormindo,Capotamento,Com Vítimas Feridas,Pleno dia,Crescente,Sol,Dupla,Curva,Não,3,0,0,2,1,0,2,1,"-8,22473335","-35,69081624",SPRF-PE,DEL02-PE,UOP02-DEL02PE
344422,2021-03-05,sexta-feira,14:55:00,PE,232,"179,7",BELO JARDIM,Ausência de reação do condutor,Colisão traseira,Com Vítimas Feridas,Pleno dia,Decrescente,Céu Claro,Simples,Reta,Sim,2,0,1,0,1,0,1,2,"-8,34353242","-36,4199731",SPRF-PE,DEL02-PE,UOP03-DEL02-PE
344438,2021-03-05,sexta-feira,16:00:00,PE,101,44,IGARASSU,Ingestão de álcool pelo condutor,Colisão transversal,Com Vítimas Feridas,Pleno dia,Decrescente,Céu Claro,Múltipla,Declive,Sim,2,0,1,0,1,0,1,2,"-7,85637001","-34,90842109",SPRF-PE,DEL01-PE,UOP02-DEL01-PE
344476,2021-03-05,sexta-feira,19:00:00,PE,408,23,TIMBAUBA,Trafegar com motocicleta (ou similar) entre as faixas,Colisão frontal,Com Vítimas Feridas,Plena Noite,Crescente,Nublado,Simples,Declive;Reta                  ,Não,3,0,1,1,1,0,2,2,"-7,534758","-35,288164",SPRF-PE,DEL01-PE,UOP01-DEL01-PE
344491,2021-03-05,sexta-feira,20:40:00,PE,424,3,ARCOVERDE,Animais na Pista,Atropelamento de Animal,Com Vítimas Feridas,Plena Noite,Decrescente,Céu Claro,Simples,Curva,Não,1,0,1,0,0,0,1,1,"-8,45381694","-37,0485949",SPRF-PE,DEL03-PE,UOP02-DEL03-PE
344518,2021-03-05,sexta-feira,22:50:00,PE,428,"35,4",OROCO,Deficiência do Sistema de Iluminação/Sinalização,Colisão traseira,Com Vítimas Fatais,Plena Noite,Crescente,Céu Claro,Simples,Reta,Não,4,1,2,0,1,0,2,2,"-8,53655813","-39,51949393",SPRF-PE,DEL05-PE,UOP03-DEL05-PE
344526,2021-03-06,sábado,00:05:00,PE,101,"149,5",RIBEIRAO,Manobra de mudança de faixa,Colisão frontal,Com Vítimas Feridas,Plena Noite,Crescente,Céu Claro,Simples,Reta,Sim,2,0,0,1,0,1,1,2,"-8,497293","-35,374311",SPRF-PE,DEL01-PE,UOP03-DEL01-PE
344697,2021-03-06,sábado,18:40:00,PE,232,30,MORENO,Ausência de reação do condutor,Saída de leito carroçável,Com Vítimas Fatais,Plena Noite,Decrescente,Nublado,Simples,Reta,Não,2,2,0,0,0,0,0,1,"-8,11063325","-35,15197001",SPRF-PE,DEL02-PE,UOP02-DEL02PE
344713,2021-03-06,sábado,20:40:00,PE,101,"47,8",ABREU E LIMA,Acesso irregular,Colisão com objeto,Sem Vítimas,Plena Noite,Crescente,Céu Claro,Múltipla,Reta,Sim,1,0,0,0,1,0,0,1,"-7,88290701","-34,90461208",SPRF-PE,DEL01-PE,UOP02-DEL01-PE
344813,2021-03-07,domingo,09:00:00,PE,408,50,NAZARE DA MATA,Transitar no acostamento,Colisão frontal,Com Vítimas Feridas,Pleno dia,Decrescente,Céu Claro,Simples,Curva,Não,3,0,3,0,0,0,3,2,"-7,72936151","-35,23879305",SPRF-PE,DEL01-PE,UOP01-DEL01-PE
344845,2021-03-07,domingo,13:20:00,PE,232,"408,9",SERRA TALHADA,Acessar a via sem observar a presença dos outros veículos,Colisão transversal,Sem Vítimas,Pleno dia,Decrescente,Sol,Simples,Interseção de Vias,Sim,9,0,0,0,9,0,0,2,"-7,9826846","-38,28640938",SPRF-PE,DEL04-PE,UOP01-DEL04-PE
344907,2021-03-07,domingo,19:10:00,PE,101,50,IGARASSU,Condutor deixou de manter distância do veículo da frente,Colisão traseira,Com Vítimas Feridas,Plena Noite,Crescente,Céu Claro,Múltipla,Interseção de Vias,Sim,3,0,1,0,1,1,1,3,"-7,90938602","-34,90123228",SPRF-PE,DEL01-PE,UOP02-DEL01-PE
345006,2021-03-08,segunda-feira,08:00:00,PE,101,"89,4",CABO DE SANTO AGOSTINHO,Área urbana sem a presença de local apropriado para a travessia de pedestres,Atropelamento de Pedestre,Com Vítimas Feridas,Pleno dia,Decrescente,Céu Claro,Simples,Reta,Sim,3,0,3,0,0,0,3,2,"-8,20760697","-34,98372005",SPRF-PE,DEL01-PE,UOP03-DEL01-PE
345016,2021-03-08,segunda-feira,09:15:00,PE,423,97,GARANHUNS,Condutor deixou de manter distância do veículo da frente,Colisão traseira,Com Vítimas Feridas,Pleno dia,Crescente,Céu Claro,Simples,Reta,Sim,3,0,2,0,1,0,2,2,"-8,8796227","-36,49484286",SPRF-PE,DEL03-PE,UOP01-DEL03-PE
345059,2021-03-08,segunda-feira,14:00:00,PE,232,"8,4",RECIFE,Pista esburacada,Colisão com objeto,Com Vítimas Feridas,Pleno dia,Crescente,Céu Claro,Dupla,Reta,Sim,2,0,1,0,1,0,1,1,"-8,07583727","-34,97015791",SPRF-PE,DEL01-PE,UOP01-DEL01-PE
345078,2021-03-08,segunda-feira,15:20:00,PE,428,"189,6",PETROLINA,Acessar a via sem observar a presença dos outros veículos,Colisão traseira,Com Vítimas Feridas,Pleno dia,Decrescente,Céu Claro,Dupla,Em Obras;Reta                 ,Sim,2,0,1,0,1,0,1,2,"-9,37197508","-40,48679585",SPRF-PE,DEL06-PE,UOP01-DEL06-PE
345180,2021-03-09,terça-feira,07:14:00,PE,232,"8,5",RECIFE,Manobra de mudança de faixa,Colisão lateral mesmo sentido,Com Vítimas Feridas,Pleno dia,Decrescente,Sol,Múltipla,Reta,Sim,3,0,2,0,1,0,2,2,"-8,07583727","-34,97015791",SPRF-PE,DEL01-PE,UOP01-DEL01-PE
345271,2021-03-08,segunda-feira,19:00:00,PE,232,109,BEZERROS,Condutor Dormindo,Capotamento,Com Vítimas Feridas,Plena Noite,Crescente,Céu Claro,Dupla,Reta,Não,1,0,1,0,0,0,1,1,"-8,28036785","-35,81085313",SPRF-PE,DEL02-PE,UOP03-DEL02-PE
345337,2021-03-09,terça-feira,18:30:00,PE,232,"33,3",MORENO,Transitar no acostamento,Atropelamento de Pedestre,Com Vítimas Feridas,Plena Noite,Crescente,Céu Claro,Dupla,Reta,Não,3,0,0,2,0,1,2,2,"-8,10488416","-35,17235398",SPRF-PE,DEL02-PE,UOP02-DEL02PE
345521,2021-03-10,quarta-feira,19:30:00,PE,232,"67,3",GRAVATA,Demais falhas mecânicas ou elétricas,Incêndio,Sem Vítimas,Plena Noite,Crescente,Céu Claro,Dupla,Reta,Não,1,0,0,0,1,0,0,1,"-8,16727986","-35,464311",SPRF-PE,DEL02-PE,UOP02-DEL02PE
345523,2021-03-10,quarta-feira,19:55:00,PE,101,80,JABOATAO DOS GUARARAPES,Pedestre cruzava a pista fora da faixa,Atropelamento de Pedestre,Com Vítimas Feridas,Plena Noite,Crescente,Céu Claro,Dupla,Retorno Regulamentado,Não,2,0,2,0,0,0,2,2,"-8,15112589","-34,9428866",SPRF-PE,DEL01-PE,UOP03-DEL01-PE
345541,2021-03-10,quarta-feira,22:15:00,PE,428,"183,9",PETROLINA,Reação tardia ou ineficiente do condutor,Colisão transversal,Com Vítimas Feridas,Plena Noite,Crescente,Nublado,Simples,Reta,Sim,2,0,0,1,0,1,1,2,"-9,32412987","-40,46211325",SPRF-PE,DEL06-PE,UOP01-DEL06-PE
345574,2021-03-11,quinta-feira,08:30:00,PE,101,3,GOIANA,Reação tardia ou ineficiente do condutor,Saída de leito carroçável,Com Vítimas Feridas,Pleno dia,Crescente,Nublado,Dupla,Reta,Não,2,0,1,0,0,1,1,2,"-7,52387351","-34,99333161",SPRF-PE,DEL01-PE,UOP02-DEL01-PE
345612,2021-03-11,quinta-feira,12:50:00,PE,101,83,JABOATAO DOS GUARARAPES,Acessar a via sem observar a presença dos outros veículos,Colisão lateral mesmo sentido,Com Vítimas Feridas,Pleno dia,Crescente,Céu Claro,Dupla,Rotatória,Sim,3,0,2,0,1,0,2,2,"-8,175172","-34,942642",SPRF-PE,DEL01-PE,UOP03-DEL01-PE
345635,2021-03-11,quinta-feira,15:00:00,PE,104,"53,5",CARUARU,Condutor deixou de manter distância do veículo da frente,Colisão traseira,Com Vítimas Fatais,Pleno dia,Decrescente,Céu Claro,Dupla,Reta,Sim,2,1,0,0,1,0,0,2,"-8,18633217","-35,96308328",SPRF-PE,DEL02-PE,UOP01-DEL02-PE
345650,2021-03-11,quinta-feira,16:00:00,PE,101,70,RECIFE,Reação tardia ou ineficiente do condutor,Colisão traseira,Com Vítimas Feridas,Pleno dia,Crescente,Céu Claro,Simples,Reta;Desvio Temporário        ,Sim,2,0,1,0,1,0,1,2,"-8,06776119","-34,94265074",SPRF-PE,DEL01-PE,UOP01-DEL01-PE
345683,2021-03-11,quinta-feira,18:30:00,PE,232,59,POMBOS,Velocidade Incompatível,Colisão traseira,Sem Vítimas,Anoitecer,Crescente,Nublado,Simples,Reta,Sim,2,0,0,0,1,1,0,2,"-8,1471233","-35,39890998",SPRF-PE,DEL02-PE,UOP02-DEL02PE
345924,2021-03-12,sexta-feira,21:10:00,PE,101,35,IGARASSU,Ausência de reação do condutor,Colisão traseira,Com Vítimas Feridas,Plena Noite,Crescente,Céu Claro,Dupla,Reta,Não,2,0,0,1,0,1,1,2,"-7,77952193","-34,93231384",SPRF-PE,DEL01-PE,UOP02-DEL01-PE
345959,2021-03-13,sábado,02:00:00,PE,104,75,CARUARU,Condutor Dormindo,Capotamento,Com Vítimas Feridas,Plena Noite,Crescente,Céu Claro,Simples,Declive,Não,1,0,0,1,0,0,1,1,"-8,358562","-35,985699",SPRF-PE,DEL02-PE,UOP01-DEL02-PE
346025,2021-03-13,sábado,12:40:00,PE,101,"47,8",ABREU E LIMA,Reação tardia ou ineficiente do condutor,Colisão traseira,Com Vítimas Feridas,Pleno dia,Decrescente,Céu Claro,Múltipla,Reta,Sim,2,0,0,1,1,0,1,2,"-7,88290701","-34,90461208",SPRF-PE,DEL01-PE,UOP02-DEL01-PE
346038,2021-03-13,sábado,14:40:00,PE,232,190,SANHARO,Reação tardia ou ineficiente do condutor,Saída de leito carroçável,Com Vítimas Feridas,Pleno dia,Decrescente,Céu Claro,Simples,Reta,Não,2,0,1,0,1,0,1,1,"-8,35625579","-36,51869702",SPRF-PE,DEL02-PE,UOP03-DEL02-PE