id,data_inversa,dia_semana,horario,uf,br,km,municipio,causa_acidente,tipo_acidente,classificacao_acidente,fase_dia,sentido_via,condicao_metereologica,tipo_pista,tracado_via,uso_solo,pessoas,mortos,feridos_leves,feridos_graves,ilesos,ignorados,feridos,veiculos,latitude,longitude,regional,delegacia,uop
346045,2021-03-13,sábado,16:10:00,PE,104,"74,3",CARUARU,Chuva,Colisão frontal,Com Vítimas Fatais,Pleno dia,Decrescente,Chuva,Simples,Reta,Não,3,1,1,1,0,0,2,2,"-8,354534","-35,986319",SPRF-PE,DEL02-PE,UOP01-DEL02-PE
346150,2021-03-14,domingo,02:50:00,PE,232,106,BEZERROS,Ingestão de álcool pelo condutor,Saída de leito carroçável,Sem Vítimas,Plena Noite,Decrescente,Céu Claro,Dupla,Reta,Não,1,0,0,0,1,0,0,1,"-8,26300269","-35,79029821",SPRF-PE,DEL02-PE,UOP03-DEL02-PE
346190,2021-03-14,domingo,12:20:00,PE,232,58,POMBOS,Pista esburacada,Colisão com objeto,Com Vítimas Feridas,Pleno dia,Crescente,Céu Claro,Dupla,Reta,Sim,1,0,1,0,0,0,1,1,"-8,14462866","-35,39034714",SPRF-PE,DEL02-PE,UOP02-DEL02PE
346218,2021-03-04,quinta-feira,20:49:00,PE,424,88,GARANHUNS,Demais falhas mecânicas ou elétricas,Colisão transversal,Sem Vítimas,Plena Noite,Crescente,Céu Claro,Simples,Curva,Não,2,0,0,0,2,0,0,2,"-8,88289772","-36,50848532",SPRF-PE,DEL03-PE,UOP01-DEL03-PE
346250,2021-03-14,domingo,10:20:00,PE,428,"191,4",PETROLINA,Velocidade Incompatível,Atropelamento de Pedestre,Com Vítimas Feridas,Pleno dia,Crescente,Céu Claro,Dupla,Reta,Sim,2,0,1,0,1,0,1,2,"-9,37766429","-40,50269795",SPRF-PE,DEL06-PE,UOP01-DEL06-PE
346314,2021-03-14,domingo,20:20:00,PE,101,89,CABO DE SANTO AGOSTINHO,Acessar a via sem observar a presença dos outros veículos,Colisão transversal,Sem Vítimas,Plena Noite,Crescente,Céu Claro,Simples,Reta,Não,2,0,0,0,2,0,0,2,"-8,21862612","-34,9646759",SPRF-PE,DEL01-PE,UOP03-DEL01-PE
346367,2021-03-15,segunda-feira,08:50:00,PE,101,"79,6",JABOATAO DOS GUARARAPES,Entrada inopinada do pedestre,Atropelamento de Pedestre,Com Vítimas Feridas,Pleno dia,Decrescente,Céu Claro,Dupla,Declive;Reta                  ,Sim,2,0,2,0,0,0,2,2,"-8,150084","-34,943227",SPRF-PE,DEL01-PE,UOP01-DEL01-PE
346370,2021-03-15,segunda-feira,09:30:00,PE,101,"67,4",RECIFE,Reação tardia ou ineficiente do condutor,Colisão lateral mesmo sentido,Com Vítimas Feridas,Pleno dia,Decrescente,Céu Claro,Simples,Reta,Sim,2,0,1,0,1,0,1,2,"-8,042334","-34,943096",SPRF-PE,DEL01-PE,UOP01-DEL01-PE
346399,2021-03-15,segunda-feira,11:30:00,PE,101,89,CABO DE SANTO AGOSTINHO,Manobra de mudança de faixa,Colisão lateral mesmo sentido,Com Vítimas Feridas,Pleno dia,Decrescente,Céu Claro,Múltipla,Reta;Retorno Regulamentado    ,Não,2,0,1,0,1,0,1,2,"-8,20760697","-34,98372005",SPRF-PE,DEL01-PE,UOP03-DEL01-PE
346496,2021-03-16,terça-feira,06:40:00,PE,101,63,RECIFE,Animais na Pista,Colisão traseira,Sem Vítimas,Pleno dia,Crescente,Sol,Dupla,Reta,Sim,3,0,0,0,1,2,0,3,"-8,00800604","-34,93756535",SPRF-PE,DEL01-PE,UOP01-DEL01-PE
346505,2021-03-16,terça-feira,08:10:00,PE,101,"71,6",RECIFE,Área urbana sem a presença de local apropriado para a travessia de pedestres,Atropelamento de Pedestre,Com Vítimas Feridas,Pleno dia,Decrescente,Céu Claro,Dupla,Reta,Sim,4,0,2,0,1,1,2,3,"-8,07663102","-34,94277871",SPRF-PE,DEL01-PE,UOP01-DEL01-PE
346560,2021-03-16,terça-feira,15:30:00,PE,232,36,MORENO,Pedestre cruzava a pista fora da faixa,Atropelamento de Pedestre,Com Vítimas Feridas,Pleno dia,Decrescente,Céu Claro,Dupla,Reta,Sim,2,0,1,0,1,0,1,2,"-8,11082778","-35,20125807",SPRF-PE,DEL02-PE,UOP02-DEL02PE
346591,2021-03-16,terça-feira,18:30:00,PE,101,72,RECIFE,Condutor deixou de manter distância do veículo da frente,Colisão traseira,Com Vítimas Feridas,Plena Noite,Crescente,Céu Claro,Dupla,Reta,Sim,2,0,1,0,1,0,1,2,"-8,08493106","-34,9450639",SPRF-PE,DEL01-PE,UOP01-DEL01-PE
346596,2021-03-16,terça-feira,19:00:00,PE,101,"79,3",RECIFE,Manobra de mudança de faixa,Colisão lateral mesmo sentido,Com Vítimas Feridas,Plena Noite,Crescente,Céu Claro,Dupla,Reta,Sim,2,0,1,0,0,1,1,2,"-8,146387","-34,946003",SPRF-PE,DEL01-PE,UOP01-DEL01-PE
346612,2021-03-16,terça-feira,20:10:00,PE,232,"508,5",SALGUEIRO,Desrespeitar a preferência no cruzamento,Colisão transversal,Com Vítimas Feridas,Plena Noite,Crescente,Céu Claro,Simples,Reta,Sim,4,0,3,1,0,0,4,2,"-8,06223271","-39,12095006",SPRF-PE,DEL05-PE,UOP01-DEL05-PE
346616,2021-03-16,terça-feira,20:20:00,PE,408,102,JABOATAO DOS GUARARAPES,Manobra de mudança de faixa,Colisão lateral mesmo sentido,Sem Vítimas,Plena Noite,Crescente,Céu Claro,Dupla,Reta,Não,2,0,0,0,1,1,0,2,"-8,05323195","-35,00247996",SPRF-PE,DEL01-PE,UOP01-DEL01-PE
346624,2021-03-16,terça-feira,21:00:00,PE,104,54,CARUARU,Reação tardia ou ineficiente do condutor,Tombamento,Sem Vítimas,Pleno dia,Crescente,Nublado,Dupla,Reta,Não,1,0,0,0,0,1,0,1,"-8,18818","-35,96709",SPRF-PE,DEL02-PE,UOP01-DEL02-PE
346636,2021-03-17,quarta-feira,01:00:00,PE,232,244,ARCOVERDE,Animais na Pista,Atropelamento de Animal,Sem Vítimas,Plena Noite,Crescente,Céu Claro,Simples,Curva,Não,2,0,0,0,2,0,0,2,"-8,41863444","-36,99827208",SPRF-PE,DEL03-PE,UOP02-DEL03-PE
346639,2021-03-17,quarta-feira,01:30:00,PE,101,70,RECIFE,Desvio temporário,Colisão com objeto,Sem Vítimas,Plena Noite,Crescente,Nublado,Simples,Reta,Sim,1,0,0,0,0,1,0,1,"-8,06776119","-34,94265074",SPRF-PE,DEL01-PE,UOP01-DEL01-PE
346659,2021-03-17,quarta-feira,07:00:00,PE,101,"203,4",XEXEU,Transitar na contramão,Colisão frontal,Sem Vítimas,Pleno dia,Crescente,Céu Claro,Dupla,Curva,Sim,2,0,0,0,1,1,0,2,"-8,79726501","-35,62641334",SPRF-PE,DEL01-PE,UOP03-DEL01-PE
346737,2021-03-17,quarta-feira,16:00:00,PE,407,"9,7",AFRANIO,Acessar a via sem observar a presença dos outros veículos,Colisão transversal,Com Vítimas Feridas,Pleno dia,Crescente,Céu Claro,Simples,Reta,Sim,2,0,0,1,1,0,1,2,"-8,50036599","-41,00772593",SPRF-PE,DEL06-PE,UOP02-DEL06-PE
346773,2021-03-17,quarta-feira,18:40:00,PE,104,23,TAQUARITINGA DO NORTE,Transitar na contramão,Colisão frontal,Com Vítimas Fatais,Plena Noite,Crescente,Céu Claro,Simples,Reta,Não,4,1,1,2,0,0,3,2,"-7,97182","-36,109932",SPRF-PE,DEL02-PE,UOP01-DEL02-PE
346779,2021-03-17,quarta-feira,18:19:00,PE,232,"109,6",BEZERROS,Demais falhas na via,Saída de leito carroçável,Com Vítimas Feridas,Plena Noite,Crescente,Vento,Dupla,Curva,Não,1,0,0,1,0,0,1,1,"-8,28036785","-35,81085313",SPRF-PE,DEL02-PE,UOP03-DEL02-PE
346799,2021-03-17,quarta-feira,21:15:00,PE,104,"66,2",CARUARU,Ingestão de álcool pelo condutor,Colisão traseira,Com Vítimas Feridas,Plena Noite,Crescente,Céu Claro,Dupla,Reta,Não,2,0,0,1,1,0,1,2,"-8,2937","-35,9864",SPRF-PE,DEL02-PE,UOP01-DEL02-PE
346823,2021-03-18,quinta-feira,04:20:00,PE,232,"158,2",TACAIMBO,Condutor deixou de manter distância do veículo da frente,Colisão traseira,Sem Vítimas,Amanhecer,Decrescente,Céu Claro,Simples,Reta,Não,5,0,0,0,5,0,0,2,"-8,33051268","-36,23532702",SPRF-PE,DEL02-PE,UOP03-DEL02-PE
346834,2021-03-18,quinta-feira,07:10:00,PE,101,78,JABOATAO DOS GUARARAPES,Condutor deixou de manter distância do veículo da frente,Colisão traseira,Com Vítimas Feridas,Pleno dia,Crescente,Nublado,Dupla,Aclive,Sim,2,0,1,0,1,0,1,2,"-8,1349649939","-34,9473861426",SPRF-PE,DEL01-PE,UOP01-DEL01-PE
346847,2021-03-18,quinta-feira,08:00:00,PE,101,"76,3",RECIFE,Manobra de mudança de faixa,Colisão lateral mesmo sentido,Com Vítimas Feridas,Pleno dia,Crescente,Nublado,Dupla,Reta,Sim,2,0,1,0,0,1,1,2,"-8,122358","-34,943448",SPRF-PE,DEL01-PE,UOP01-DEL01-PE
347001,2021-03-19,sexta-feira,09:30:00,PE,101,100,CABO DE SANTO AGOSTINHO,Acessar a via sem observar a presença dos outros veículos,Colisão transversal,Com Vítimas Feridas,Pleno dia,Decrescente,Céu Claro,Simples,Reta,Sim,3,0,2,0,1,0,2,2,"-8,28212055","-35,03389835",SPRF-PE,DEL01-PE,UOP03-DEL01-PE
347003,2021-03-19,sexta-feira,09:55:00,PE,101,"42,7",IGARASSU,Acessar a via sem observar a presença dos outros veículos,Colisão lateral mesmo sentido,Com Vítimas Feridas,Pleno dia,Crescente,Nublado,Múltipla,Reta,Sim,2,0,0,1,1,0,1,2,"-7,84489457","-34,91079753",SPRF-PE,DEL01-PE,UOP02-DEL01-PE
347022,2021-03-19,sexta-feira,10:30:00,PE,101,83,JABOATAO DOS GUARARAPES,Transitar na contramão,Colisão lateral mesmo sentido,Sem Vítimas,Pleno dia,Decrescente,Céu Claro,Dupla,Reta,Sim,2,0,0,0,2,0,0,2,"-8,175172","-34,942642",SPRF-PE,DEL01-PE,UOP03-DEL01-PE
347051,2021-03-19,sexta-feira,16:10:00,PE,101,"67,1",RECIFE,Condutor deixou de manter distância do veículo da frente,Colisão lateral mesmo sentido,Sem Vítimas,Pleno dia,Decrescente,Céu Claro,Múltipla,Reta,Não,3,0,0,0,2,1,0,3,"-8,042334","-34,943096",SPRF-PE,DEL01-PE,UOP01-DEL01-PE
347072,2021-03-19,sexta-feira,18:05:00,PE,101,"77,5",RECIFE,Manobra de mudança de faixa,Colisão lateral mesmo sentido,Com Vítimas Feridas,Plena Noite,Crescente,Céu Claro,Dupla,Interseção de Vias,Sim,3,0,3,0,0,0,3,2,"-8,132877","-34,946751",SPRF-PE,DEL01-PE,UOP01-DEL01-PE
347088,2021-03-19,sexta-feira,19:00:00,PE,232,"6,3",RECIFE,Condutor deixou de manter distância do veículo da frente,Colisão traseira,Sem Vítimas,Plena Noite,Crescente,Céu Claro,Dupla,Reta,Sim,2,0,0,0,2,0,0,2,"-8,07079525","-34,9535389",SPRF-PE,DEL01-PE,UOP01-DEL01-PE
347169,2021-03-20,sábado,05:55:00,PE,232,"5,7",RECIFE,Área urbana sem a presença de local apropriado para a travessia de pedestres,Queda de ocupante de veículo,Com Vítimas Feridas,Pleno dia,Decrescente,Garoa/Chuvisco,Dupla,Reta,Sim,2,0,1,0,0,1,1,2,"-8,070255","-34,951269",SPRF-PE,DEL01-PE,UOP01-DEL01-PE
347274,2021-03-20,sábado,14:00:00,PE,424,"55,7",CAETES,Ausência de reação do condutor,Saída de leito carroçável,Com Vítimas Feridas,Pleno dia,Crescente,Céu Claro,Simples,Reta,Não,1,0,1,0,0,0,1,1,"-8,73184393","-36,74553398",SPRF-PE,DEL03-PE,UOP01-DEL03-PE
347325,2021-03-20,sábado,22:40:00,PE,232,"58,8",POMBOS,Velocidade Incompatível,Saída de leito carroçável,Com Vítimas Fatais,Plena Noite,Crescente,Céu Claro,Dupla,Declive,Sim,2,1,0,0,0,1,0,2,"-8,146996","-35,397367",SPRF-PE,DEL02-PE,UOP02-DEL02PE
347363,2021-03-21,domingo,08:00:00,PE,232,"85,1",GRAVATA,Retorno proibido,Colisão traseira,Com Vítimas Fatais,Pleno dia,Crescente,Sol,Dupla,Reta,Não,5,1,0,3,0,1,3,4,"-8,20895241","-35,60996175",SPRF-PE,DEL02-PE,UOP02-DEL02PE
347460,2021-03-21,domingo,19:45:00,PE,101,"68,1",RECIFE,Manobra de mudança de faixa,Colisão lateral mesmo sentido,Com Vítimas Feridas,Plena Noite,Crescente,Céu Claro,Dupla,Declive;Viaduto               ,Sim,6,0,2,0,4,0,2,2,"-8,05074296","-34,94580619",SPRF-PE,DEL01-PE,UOP01-DEL01-PE
347524,2021-03-22,segunda-feira,05:20:00,PE,232,116,CARUARU,Animais na Pista,Colisão com objeto,Com Vítimas Feridas,Amanhecer,Decrescente,Céu Claro,Dupla,Reta;Declive                  ,Sim,4,0,2,0,2,0,2,1,"-8,2970005","-35,86666391",SPRF-PE,DEL02-PE,UOP03-DEL02-PE
347664,2021-03-19,sexta-feira,10:30:00,PE,232,"145,5",SAO CAITANO,Velocidade Incompatível,Colisão traseira,Sem Vítimas,Pleno dia,Crescente,Céu Claro,Dupla,Reta,Sim,2,0,0,0,2,0,0,2,"-8,32868","-36,120811",SPRF-PE,DEL02-PE,UOP03-DEL02-PE
347672,2021-03-22,segunda-feira,20:10:00,PE,232,"302,3",SERTANIA,Ausência de reação do condutor,Saída de leito carroçável,Com Vítimas Feridas,Plena Noite,Crescente,Céu Claro,Simples,Reta,Não,2,0,0,2,0,0,2,1,"-8,21293308","-37,42524012",SPRF-PE,DEL03-PE,UOP02-DEL03-PE
347705,2021-03-23,terça-feira,08:00:00,PE,101,13,CABO DE SANTO AGOSTINHO,Condutor deixou de manter distância do veículo da frente,Colisão traseira,Com Vítimas Feridas,Pleno dia,Crescente,Nublado,Dupla,Reta,Sim,3,0,2,0,1,0,2,2,"-8,266406","-35,019486",SPRF-PE,DEL01-PE,UOP02-DEL01-PE
347732,2021-03-23,terça-feira,10:20:00,PE,101,56,RECIFE,Demais falhas mecânicas ou elétricas,Queda de ocupante de veículo,Com Vítimas Feridas,Pleno dia,Crescente,Nublado,Dupla,Curva,Sim,2,0,1,0,1,0,1,1,"-7,9554509","-34,91140727",SPRF-PE,DEL01-PE,UOP02-DEL01-PE
347769,2021-03-23,terça-feira,14:45:00,PE,101,"68,1",RECIFE,Demais falhas mecânicas ou elétricas,Colisão traseira,Com Vítimas Feridas,Pleno dia,Decrescente,Céu Claro,Dupla,Viaduto,Sim,2,0,1,0,1,0,1,2,"-8,051779","-34,946065",SPRF-PE,DEL01-PE,UOP01-DEL01-PE
347770,2021-03-23,terça-feira,15:15:00,PE,101,68,RECIFE,Condutor deixou de manter distância do veículo da frente,Colisão traseira,Com Vítimas Feridas,Pleno dia,Crescente,Sol,Dupla,Viaduto;Aclive                ,Sim,2,0,1,0,1,0,1,2,"-8,05074296","-34,94580619",SPRF-PE,DEL01-PE,UOP01-DEL01-PE
347811,2021-03-23,terça-feira,19:20:00,PE,101,69,RECIFE,Animais na Pista,Atropelamento de Animal,Com Vítimas Feridas,Plena Noite,Decrescente,Nublado,Múltipla,Interseção de Vias,Sim,1,0,1,0,0,0,1,1,"-8,05951606","-34,94581024",SPRF-PE,DEL01-PE,UOP01-DEL01-PE
347868,2021-03-24,quarta-feira,07:10:00,PE,232,136,CARUARU,Acostamento em desnível,Saída de leito carroçável,Com Vítimas Feridas,Pleno dia,Crescente,Céu Claro,Dupla,Reta,Não,2,0,2,0,0,0,2,1,"-8,31339932","-36,04175591",SPRF-PE,DEL02-PE,UOP03-DEL02-PE
347905,2021-03-24,quarta-feira,11:00:00,PE,232,"45,7",VITORIA DE SANTO ANTAO,Acumulo de água sobre o pavimento,Colisão com objeto,Com Vítimas Feridas,Pleno dia,Decrescente,Chuva,Dupla,Reta,Não,3,0,3,0,0,0,3,1,"-8,128181","-35,281677",SPRF-PE,DEL02-PE,UOP02-DEL02PE
347922,2021-03-24,quarta-feira,13:35:00,PE,424,"85,7",GARANHUNS,Condutor deixou de manter distância do veículo da frente,Saída de leito carroçável,Com Vítimas Feridas,Pleno dia,Crescente,Garoa/Chuvisco,Simples,Reta,Sim,5,0,1,0,3,1,1,2,"-8,85702308","-36,51218326",SPRF-PE,DEL03-PE,UOP01-DEL03-PE
347946,2021-03-24,quarta-feira,16:00:00,PE,101,"23,9",IGARASSU,Condutor deixou de manter distância do veículo da frente,Colisão traseira,Com Vítimas Feridas,Pleno dia,Crescente,Nublado,Dupla,Reta;Declive                  ,Não,3,0,2,0,1,0,2,2,"-7,68357776","-34,92410458",SPRF-PE,DEL01-PE,UOP02-DEL01-PE
347999,2021-03-24,quarta-feira,22:30:00,PE,101,"47,6",ABREU E LIMA,Reação tardia ou ineficiente do condutor,Colisão com objeto,Com Vítimas Feridas,Plena Noite,Crescente,Chuva,Múltipla,Reta,Sim,4,0,2,2,0,0,4,1,"-7,88290701","-34,90461208",SPRF-PE,DEL01-PE,UOP02-DEL01-PE
348032,2021-03-25,quinta-feira,07:30:00,PE,232,408,SERRA TALHADA,Desrespeitar a preferência no cruzamento,Colisão lateral mesmo sentido,Com Vítimas Feridas,Pleno dia,Decrescente,Céu Claro,Simples,Declive,Sim,2,0,1,0,1,0,1,2,"-7,98371447","-38,28047709",SPRF-PE,DEL04-PE,UOP01-DEL04-PE
348043,2021-03-25,quinta-feira,09:00:00,PE,101,89,JABOATAO DOS GUARARAPES,Avarias e/ou desgaste excessivo no pneu,Tombamento,Com Vítimas Feridas,Pleno dia,Crescente,Nublado,Dupla,Reta,Não,2,0,2,0,0,0,2,1,"-8,20760697","-34,98372005",SPRF-PE,DEL01-PE,UOP03-DEL01-PE
348207,2021-03-26,sexta-feira,07:00:00,PE,101,75,RECIFE,Condutor deixou de manter distância do veículo da frente,Atropelamento de Pedestre,Com Vítimas Feridas,Pleno dia,Crescente,Céu Claro,Dupla,Reta,Sim,2,0,1,1,0,0,2,2,"-8,111423","-34,946135",SPRF-PE,DEL01-PE,UOP01-DEL01-PE
348233,2021-03-26,sexta-feira,09:00:00,PE,232,66,GRAVATA,Demais falhas mecânicas ou elétricas,Incêndio,Sem Vítimas,Pleno dia,Crescente,Nublado,Dupla,Reta,Não,2,0,0,0,2,0,0,1,"-8,16799318","-35,46867371",SPRF-PE,DEL02-PE,UOP02-DEL02PE
348252,2021-03-26,sexta-feira,10:45:00,PE,424,"14,3",PEDRA,Manobra de mudança de faixa,Capotamento,Sem Vítimas,Pleno dia,Decrescente,Céu Claro,Simples,Declive,Não,1,0,0,0,1,0,0,1,"-8,49873612","-36,97444401",SPRF-PE,DEL03-PE,UOP02-DEL03-PE
348260,2021-03-26,sexta-feira,08:30:00,PE,232,"107,9",BEZERROS,Condutor Dormindo,Capotamento,Com Vítimas Feridas,Pleno dia,Crescente,Nublado,Dupla,Reta,Não,1,0,1,0,0,0,1,1,"-8,26839017","-35,79746685",SPRF-PE,DEL02-PE,UOP03-DEL02-PE
348262,2021-03-26,sexta-feira,12:40:00,PE,101,"80,9",JABOATAO DOS GUARARAPES,Condutor deixou de manter distância do veículo da frente,Colisão traseira,Com Vítimas Feridas,Pleno dia,Decrescente,Céu Claro,Múltipla,Rotatória,Sim,2,0,1,0,1,0,1,2,"-8,15112589","-34,9428866",SPRF-PE,DEL01-PE,UOP03-DEL01-PE
348281,2021-02-11,quinta-feira,19:00:00,PE,104,"88,1",AGRESTINA,Condutor Dormindo,Colisão frontal,Com Vítimas Feridas,Plena Noite,Decrescente,Nublado,Simples,Reta,Não,2,0,1,1,0,0,2,2,"-8,461552","-35,94022",SPRF-PE,DEL02-PE,UOP01-DEL02-PE
348317,2021-03-25,quinta-feira,16:30:00,PE,104,"72,2",CARUARU,Acumulo de água sobre o pavimento,Saída de leito carroçável,Sem Vítimas,Pleno dia,Decrescente,Chuva,Simples,Reta,Não,1,0,0,0,1,0,0,1,"-8,332917","-35,981609",SPRF-PE,DEL02-PE,UOP01-DEL02-PE
348326,2021-03-26,sexta-feira,18:20:00,PE,232,"10,6",JABOATAO DOS GUARARAPES,Ingestão de álcool pelo condutor,Saída de leito carroçável,Com Vítimas Feridas,Plena Noite,Crescente,Céu Claro,Dupla,Reta,Sim,1,0,1,0,0,0,1,1,"-8,07917241","-34,98718609",SPRF-PE,DEL01-PE,UOP01-DEL01-PE
348329,2021-03-26,sexta-feira,18:45:00,PE,232,81,GRAVATA,Animais na Pista,Atropelamento de Animal,Com Vítimas Fatais,Plena Noite,Crescente,Céu Claro,Dupla,Reta,Não,1,1,0,0,0,0,0,1,"-8,19697746","-35,57850408",SPRF-PE,DEL02-PE,UOP02-DEL02PE
348423,2021-01-08,sexta-feira,11:00:00,PE,232,24,MORENO,Condutor Dormindo,Saída de leito carroçável,Com Vítimas Feridas,Pleno dia,Decrescente,Sol,Dupla,Curva,Não,1,0,0,1,0,0,1,1,"-8,10089039","-35,10000944",SPRF-PE,DEL02-PE,UOP02-DEL02PE
348429,2021-03-27,sábado,11:00:00,PE,423,"58,5",LAJEDO,Transitar na contramão,Colisão frontal,Com Vítimas Feridas,Pleno dia,Decrescente,Nublado,Simples,Reta,Sim,2,0,1,0,1,0,1,2,"-8,6395899","-36,31006213",SPRF-PE,DEL03-PE,UOP01-DEL03-PE
348461,2021-03-27,sábado,15:50:00,PE,408,64,CARPINA,Transitar na contramão,Colisão lateral sentido oposto,Com Vítimas Feridas,Pleno dia,Crescente,Céu Claro,Simples,Curva,Sim,3,0,2,0,1,0,2,2,"-7,846511","-35,24029",SPRF-PE,DEL01-PE,UOP01-DEL01-PE
348509,2021-03-27,sábado,19:30:00,PE,232,35,MORENO,Pedestre cruzava a pista fora da faixa,Atropelamento de Pedestre,Com Vítimas Feridas,Plena Noite,Crescente,Céu Claro,Dupla,Reta,Sim,3,0,0,1,2,0,1,2,"-8,10907341","-35,19256991",SPRF-PE,DEL02-PE,UOP02-DEL02PE
348560,2021-03-28,domingo,01:20:00,PE,408,74,PAUDALHO,Chuva,Colisão traseira,Sem Vítimas,Plena Noite,Crescente,Chuva,Múltipla,Reta,Sim,2,0,0,0,0,2,0,2,"-7,89701706","-35,17300548",SPRF-PE,DEL01-PE,UOP01-DEL01-PE
348651,2021-03-28,domingo,16:45:00,PE,232,57,POMBOS,Chuva,Queda de ocupante de veículo,Com Vítimas Feridas,Anoitecer,Decrescente,Chuva,Dupla,Reta,Não,2,0,2,0,0,0,2,1,"-8,14404436","-35,38847566",SPRF-PE,DEL02-PE,UOP02-DEL02PE
348653,2021-03-28,domingo,16:40:00,PE,423,26,SAO CAITANO,Reação tardia ou ineficiente do condutor,Colisão com objeto,Sem Vítimas,Pleno dia,Decrescente,Chuva,Simples,Reta,Não,1,0,0,0,0,1,0,1,"-8,38757696","-36,17648107",SPRF-PE,DEL02-PE,UOP03-DEL02-PE
348690,2021-03-28,domingo,20:30:00,PE,316,55,TRINDADE,Reação tardia ou ineficiente do condutor,Saída de leito carroçável,Com Vítimas Feridas,Plena Noite,Decrescente,Céu Claro,Simples,Reta,Não,6,0,3,3,0,0,6,1,"-7,74026268","-40,28663631",SPRF-PE,DEL05-PE,UOP02-DEL05-PE
348717,2021-03-28,domingo,22:30:00,PE,101,"91,5",CABO DE SANTO AGOSTINHO,Pedestre cruzava a pista fora da faixa,Atropelamento de Pedestre,Com Vítimas Fatais,Plena Noite,Decrescente,Chuva,Simples,Curva,Sim,2,1,0,0,0,1,0,2,"-8,23560365","-34,97997388",SPRF-PE,DEL01-PE,UOP03-DEL01-PE
348722,2021-03-28,domingo,23:40:00,PE,428,"191,5",PETROLINA,Retorno proibido,Colisão lateral mesmo sentido,Com Vítimas Feridas,Plena Noite,Decrescente,Céu Claro,Dupla,Reta,Sim,2,0,1,0,1,0,1,2,"-9,37766429","-40,50269795",SPRF-PE,DEL06-PE,UOP01-DEL06-PE
348761,2021-03-29,segunda-feira,07:00:00,PE,101,"45,1",IGARASSU,Ausência de reação do condutor,Colisão traseira,Com Vítimas Feridas,Pleno dia,Decrescente,Nublado,Dupla,Reta,Sim,2,0,1,0,1,0,1,2,"-7,86521297","-34,90715176",SPRF-PE,DEL01-PE,UOP02-DEL01-PE
348791,2021-03-29,segunda-feira,09:50:00,PE,101,68,RECIFE,Acessar a via sem observar a presença dos outros veículos,Colisão lateral mesmo sentido,Com Vítimas Feridas,Pleno dia,Decrescente,Céu Claro,Simples,Rotatória,Sim,2,0,1,0,1,0,1,2,"-8,05074296","-34,94580619",SPRF-PE,DEL01-PE,UOP01-DEL01-PE
348870,2021-03-29,segunda-feira,11:00:00,PE,110,244,JATOBA,Manobra de mudança de faixa,Saída de leito carroçável,Com Vítimas Feridas,Pleno dia,Decrescente,Céu Claro,Simples,Reta,Não,3,0,1,0,1,1,1,2,"-9,16992489","-38,2694619",SPRF-BA,DEL07-BA,UOP01-DEL07-BA
348951,2021-03-30,terça-feira,09:10:00,PE,101,"42,6",IGARASSU,Ausência de reação do condutor,Colisão com objeto,Com Vítimas Feridas,Pleno dia,Decrescente,Sol,Múltipla,Reta,Sim,1,0,1,0,0,0,1,1,"-7,83887431","-34,91196739",SPRF-PE,DEL01-PE,UOP02-DEL01-PE
349046,2021-03-30,terça-feira,18:15:00,PE,104,62,CARUARU,Velocidade Incompatível,Colisão traseira,Com Vítimas Feridas,Plena Noite,Crescente,Céu Claro,Múltipla,Declive,Sim,4,0,1,0,3,0,1,2,"-8,2618","-35,976",SPRF-PE,DEL02-PE,UOP01-DEL02-PE
349051,2021-03-30,terça-feira,18:10:00,PE,101,58,RECIFE,Condutor deixou de manter distância do veículo da frente,Colisão traseira,Com Vítimas Feridas,Plena Noite,Decrescente,Céu Claro,Dupla,Reta;Aclive                   ,Sim,5,0,0,1,4,0,1,4,"-7,97063209","-34,92064675",SPRF-PE,DEL01-PE,UOP02-DEL01-PE
349135,2021-03-31,quarta-feira,07:00:00,PE,232,416,SERRA TALHADA,Ingestão de álcool pelo condutor,Saída de leito carroçável,Sem Vítimas,Pleno dia,Crescente,Céu Claro,Simples,Reta,Não,1,0,0,0,1,0,0,1,"-7,99977297","-38,35316401",SPRF-PE,DEL04-PE,UOP01-DEL04-PE
349151,2021-03-31,quarta-feira,10:30:00,PE,232,"122,8",CARUARU,Frear bruscamente,Colisão traseira,Com Vítimas Feridas,Pleno dia,Decrescente,Céu Claro,Dupla,Reta,Não,2,0,1,0,1,0,1,2,"-8,30217741","-35,91946793",SPRF-PE,DEL02-PE,UOP03-DEL02-PE
349166,2021-03-31,quarta-feira,12:15:00,PE,101,"70,8",RECIFE,Acessar a via sem observar a presença dos outros veículos,Atropelamento de Pedestre,Com Vítimas Feridas,Pleno dia,Crescente,Céu Claro,Simples,Curva,Sim,2,0,0,1,0,1,1,2,"-8,074866","-34,944348",SPRF-PE,DEL01-PE,UOP01-DEL01-PE
349232,2021-03-31,quarta-feira,18:00:00,PE,104,20,TAQUARITINGA DO NORTE,Conversão proibida,Colisão transversal,Com Vítimas Feridas,Plena Noite,Crescente,Céu Claro,Simples,Reta,Não,3,0,1,0,2,0,1,2,"-7,956497","-36,128529",SPRF-PE,DEL02-PE,UOP01-DEL02-PE