id,data_inversa,dia_semana,horario,uf,br,km,municipio,causa_acidente,tipo_acidente,classificacao_acidente,fase_dia,sentido_via,condicao_metereologica,tipo_pista,tracado_via,uso_solo,pessoas,mortos,feridos_leves,feridos_graves,ilesos,ignorados,feridos,veiculos,latitude,longitude,regional,delegacia,uop
349264,2021-03-31,quarta-feira,22:15:00,PE,101,"65,5",RECIFE,Reação tardia ou ineficiente do condutor,Atropelamento de Pedestre,Com Vítimas Feridas,Plena Noite,Decrescente,Céu Claro,Múltipla,Reta,Sim,2,0,0,1,0,1,1,2,"-8,02478597","-34,94276635",SPRF-PE,DEL01-PE,UOP01-DEL01-PE
349388,2021-04-01,quinta-feira,15:45:00,PE,424,"89,1",GARANHUNS,Curva acentuada,Tombamento,Com Vítimas Feridas,Pleno dia,Crescente,Céu Claro,Simples,Curva,Sim,2,0,2,0,0,0,2,1,"-8,89138375","-36,50571483",SPRF-PE,DEL03-PE,UOP01-DEL03-PE
349394,2021-04-01,quinta-feira,15:00:00,PE,232,"80,1",GRAVATA,Acessar a via sem observar a presença dos outros veículos,Colisão transversal,Com Vítimas Feridas,Pleno dia,Crescente,Céu Claro,Simples,Reta,Sim,4,0,2,0,0,2,2,3,"-8,195786","-35,570761",SPRF-PE,DEL02-PE,UOP02-DEL02PE
349410,2021-04-01,quinta-feira,17:30:00,PE,232,"411,6",SERRA TALHADA,Manobra de mudança de faixa,Colisão frontal,Com Vítimas Feridas,Anoitecer,Crescente,Chuva,Simples,Reta,Sim,13,0,7,6,0,0,13,3,"-7,97976163","-38,31087404",SPRF-PE,DEL04-PE,UOP01-DEL04-PE
349421,2021-04-01,quinta-feira,17:50:00,PE,101,84,JABOATAO DOS GUARARAPES,Reação tardia ou ineficiente do condutor,Colisão lateral mesmo sentido,Com Vítimas Feridas,Anoitecer,Decrescente,Céu Claro,Dupla,Reta,Sim,2,0,1,0,0,1,1,2,"-8,17778559","-34,95087297",SPRF-PE,DEL01-PE,UOP03-DEL01-PE
349485,2021-04-01,quinta-feira,22:20:00,PE,101,"42,9",IGARASSU,Área urbana sem a presença de local apropriado para a travessia de pedestres,Atropelamento de Pedestre,Com Vítimas Fatais,Plena Noite,Decrescente,Nublado,Múltipla,Reta;Declive                  ,Sim,2,1,0,0,0,1,0,2,"-7,83887431","-34,91196739",SPRF-PE,DEL01-PE,UOP02-DEL01-PE
349556,2021-04-02,sexta-feira,11:40:00,PE,408,"69,5",PAUDALHO,Demais falhas mecânicas ou elétricas,Saída de leito carroçável,Com Vítimas Feridas,Pleno dia,Decrescente,Céu Claro,Dupla,Reta,Sim,4,0,3,1,0,0,4,1,"-7,871062","-35,197928",SPRF-PE,DEL01-PE,UOP01-DEL01-PE
349608,2021-04-02,sexta-feira,18:10:00,PE,232,"11,8",JABOATAO DOS GUARARAPES,Afundamento ou ondulação no pavimento,Saída de leito carroçável,Com Vítimas Feridas,Anoitecer,Decrescente,Céu Claro,Dupla,Declive,Não,2,0,2,0,0,0,2,2,"-8,08195464","-34,99545022",SPRF-PE,DEL01-PE,UOP01-DEL01-PE
349611,2021-04-02,sexta-feira,18:30:00,PE,424,64,CAETES,Iluminação deficiente,Colisão com objeto,Com Vítimas Fatais,Plena Noite,Crescente,Céu Claro,Simples,Reta,Não,4,2,0,0,0,2,0,3,"-8,753403","-36,667581",SPRF-PE,DEL03-PE,UOP01-DEL03-PE
349613,2021-04-02,sexta-feira,19:35:00,PE,101,"78,1",JABOATAO DOS GUARARAPES,Retorno proibido,Colisão frontal,Com Vítimas Feridas,Pleno dia,Crescente,Céu Claro,Dupla,Reta,Sim,2,0,1,0,1,0,1,2,"-8,137659","-34,947532",SPRF-PE,DEL01-PE,UOP01-DEL01-PE
349641,2021-04-02,sexta-feira,22:00:00,PE,101,83,JABOATAO DOS GUARARAPES,Velocidade Incompatível,Saída de leito carroçável,Com Vítimas Feridas,Plena Noite,Decrescente,Céu Claro,Dupla,Curva,Não,1,0,1,0,0,0,1,1,"-8,175172","-34,942642",SPRF-PE,DEL01-PE,UOP03-DEL01-PE
349652,2021-04-03,sábado,05:30:00,PE,316,246,BELEM DE SAO FRANCISCO,Pedestre andava na pista,Atropelamento de Pedestre,Com Vítimas Fatais,Amanhecer,Crescente,Céu Claro,Simples,Reta,Não,2,1,0,0,0,1,0,2,"-8,66143416","-39,00273108",SPRF-PE,DEL05-PE,UOP03-DEL05-PE
349665,2021-04-03,sábado,06:20:00,PE,232,212,PESQUEIRA,Ausência de reação do condutor,Queda de ocupante de veículo,Com Vítimas Fatais,Pleno dia,Decrescente,Sol,Simples,Reta,Sim,2,1,0,0,1,0,0,1,"-8,37328104","-36,71376998",SPRF-PE,DEL02-PE,UOP03-DEL02-PE
349675,2021-04-03,sábado,08:40:00,PE,408,101,SAO LOURENCO DA MATA,Velocidade Incompatível,Saída de leito carroçável,Com Vítimas Feridas,Pleno dia,Crescente,Nublado,Dupla,Declive,Sim,1,0,1,0,0,0,1,1,"-8,04710272","-35,00887967",SPRF-PE,DEL01-PE,UOP01-DEL01-PE
349695,2021-03-09,terça-feira,12:00:00,PE,407,128,PETROLINA,Acumulo de óleo sobre o pavimento,Tombamento,Com Vítimas Feridas,Pleno dia,Crescente,Ignorado,Simples,Rotatória,Sim,1,0,1,0,0,0,1,1,"-9,39479235","-40,50905054",SPRF-PE,DEL06-PE,UOP01-DEL06-PE
349730,2021-04-03,sábado,16:15:00,PE,232,409,SERRA TALHADA,Área urbana sem a presença de local apropriado para a travessia de pedestres,Colisão transversal,Com Vítimas Feridas,Pleno dia,Crescente,Sol,Simples,Declive,Sim,3,0,0,1,2,0,1,2,"-7,981944","-38,289467",SPRF-PE,DEL04-PE,UOP01-DEL04-PE
349780,2021-04-03,sábado,14:00:00,PE,428,"164,8",PETROLINA,Mal súbito do condutor,Saída de leito carroçável,Com Vítimas Fatais,Pleno dia,Crescente,Céu Claro,Simples,Reta,Não,1,1,0,0,0,0,0,1,"-9,17815896","-40,37523706",SPRF-PE,DEL06-PE,UOP01-DEL06-PE
349836,2021-04-04,domingo,09:00:00,PE,101,"69,7",RECIFE,Velocidade Incompatível,Saída de leito carroçável,Com Vítimas Feridas,Pleno dia,Crescente,Chuva,Simples,Curva,Sim,2,0,1,1,0,0,2,1,"-8,05951606","-34,94581024",SPRF-PE,DEL01-PE,UOP01-DEL01-PE
349845,2021-04-04,domingo,10:20:00,PE,423,"94,8",GARANHUNS,Chuva,Colisão lateral sentido oposto,Sem Vítimas,Pleno dia,Crescente,Chuva,Simples,Declive;Curva                 ,Sim,5,0,0,0,3,2,0,2,"-8,874732","-36,46946",SPRF-PE,DEL03-PE,UOP01-DEL03-PE
349851,2021-04-04,domingo,12:10:00,PE,101,201,XEXEU,Chuva,Saída de leito carroçável,Sem Vítimas,Pleno dia,Decrescente,Céu Claro,Dupla,Curva,Não,1,0,0,0,1,0,0,1,"-8,78060203","-35,62140868",SPRF-PE,DEL01-PE,UOP03-DEL01-PE
349852,2021-04-04,domingo,12:24:00,PE,101,46,IGARASSU,Manobra de mudança de faixa,Colisão lateral mesmo sentido,Com Vítimas Feridas,Pleno dia,Crescente,Céu Claro,Múltipla,Retorno Regulamentado,Sim,2,0,0,1,1,0,1,2,"-7,87406004","-34,90588126",SPRF-PE,DEL01-PE,UOP02-DEL01-PE
349855,2021-04-04,domingo,13:00:00,PE,232,"8,6",RECIFE,Manobra de mudança de faixa,Colisão lateral mesmo sentido,Com Vítimas Feridas,Pleno dia,Crescente,Céu Claro,Dupla,Reta,Sim,3,0,2,0,0,1,2,2,"-8,077378","-34,97687",SPRF-PE,DEL01-PE,UOP01-DEL01-PE
349898,2021-04-04,domingo,16:15:00,PE,101,67,RECIFE,Desrespeitar a preferência no cruzamento,Colisão transversal,Com Vítimas Feridas,Pleno dia,Decrescente,Nublado,Múltipla,Interseção de Vias,Sim,2,0,1,0,1,0,1,2,"-8,046229","-34,944656",SPRF-PE,DEL01-PE,UOP01-DEL01-PE
349965,2021-04-04,domingo,21:45:00,PE,428,188,PETROLINA,Pista Escorregadia,Tombamento,Com Vítimas Feridas,Plena Noite,Decrescente,Céu Claro,Simples,Rotatória,Sim,2,0,2,0,0,0,2,1,"-9,37535209","-40,48839569",SPRF-PE,DEL06-PE,UOP01-DEL06-PE
349971,2021-04-04,domingo,21:00:00,PE,104,"84,9",AGRESTINA,Demais falhas mecânicas ou elétricas,Colisão lateral mesmo sentido,Com Vítimas Feridas,Plena Noite,Decrescente,Chuva,Simples,Reta,Não,1,0,0,1,0,0,1,1,"-8,430662","-35,959164",SPRF-PE,DEL02-PE,UOP01-DEL02-PE
350067,2021-04-05,segunda-feira,11:30:00,PE,104,63,CARUARU,Manobra de mudança de faixa,Colisão com objeto,Com Vítimas Feridas,Pleno dia,Crescente,Sol,Dupla,Reta,Sim,1,0,0,1,0,0,1,1,"-8,2698","-35,9803",SPRF-PE,DEL02-PE,UOP01-DEL02-PE
350096,2021-04-05,segunda-feira,11:40:00,PE,407,126,PETROLINA,Transitar no acostamento,Atropelamento de Pedestre,Com Vítimas Feridas,Pleno dia,Decrescente,Nublado,Simples,Reta,Sim,2,0,1,0,1,0,1,2,"-9,38491309","-40,52809509",SPRF-PE,DEL06-PE,UOP01-DEL06-PE
350129,2021-04-05,segunda-feira,18:28:00,PE,232,"408,9",SERRA TALHADA,Acessar a via sem observar a presença dos outros veículos,Atropelamento de Pedestre,Com Vítimas Feridas,Plena Noite,Crescente,Céu Claro,Simples,Declive,Sim,3,0,2,0,1,0,2,2,"-7,981944","-38,289467",SPRF-PE,DEL04-PE,UOP01-DEL04-PE
350191,2021-04-06,terça-feira,08:10:00,PE,101,"70,8",RECIFE,Área urbana sem a presença de local apropriado para a travessia de pedestres,Colisão traseira,Com Vítimas Feridas,Pleno dia,Decrescente,Sol,Dupla,Reta,Sim,2,0,1,0,1,0,1,2,"-8,075779","-34,942724",SPRF-PE,DEL01-PE,UOP01-DEL01-PE
350195,2021-04-06,terça-feira,07:15:00,PE,101,"64,9",RECIFE,Acessar a via sem observar a presença dos outros veículos,Colisão lateral mesmo sentido,Com Vítimas Feridas,Pleno dia,Crescente,Céu Claro,Dupla,Reta,Sim,3,0,3,0,0,0,3,2,"-8,02521","-34,942982",SPRF-PE,DEL01-PE,UOP01-DEL01-PE
350202,2021-04-05,segunda-feira,20:00:00,PE,232,"109,5",BEZERROS,Velocidade Incompatível,Saída de leito carroçável,Com Vítimas Feridas,Plena Noite,Crescente,Nublado,Dupla,Curva,Não,1,0,0,1,0,0,1,1,"-8,28036785","-35,81085313",SPRF-PE,DEL02-PE,UOP03-DEL02-PE
350247,2021-04-06,terça-feira,14:00:00,PE,232,134,CARUARU,Acessar a via sem observar a presença dos outros veículos,Colisão transversal,Com Vítimas Feridas,Pleno dia,Crescente,Céu Claro,Dupla,Reta,Não,3,0,0,2,1,0,2,2,"-8,30853497","-36,02442101",SPRF-PE,DEL02-PE,UOP03-DEL02-PE
350339,2021-04-06,terça-feira,18:25:00,PE,101,"58,2",RECIFE,Trafegar com motocicleta (ou similar) entre as faixas,Colisão lateral mesmo sentido,Com Vítimas Feridas,Anoitecer,Decrescente,Céu Claro,Dupla,Reta,Sim,3,0,2,0,1,0,2,3,"-7,97063209","-34,92064675",SPRF-PE,DEL01-PE,UOP02-DEL01-PE
350402,2021-04-01,quinta-feira,11:15:00,PE,101,"96,5",CABO DE SANTO AGOSTINHO,Ausência de reação do condutor,Colisão com objeto,Com Vítimas Fatais,Pleno dia,Crescente,Céu Claro,Dupla,Reta,Não,1,1,0,0,0,0,0,1,"-8,25146993","-35,021805",SPRF-PE,DEL01-PE,UOP03-DEL01-PE
350419,2021-04-03,sábado,14:25:00,PE,407,"129,1",PETROLINA,Transitar na contramão,Colisão frontal,Com Vítimas Feridas,Pleno dia,Crescente,Céu Claro,Múltipla,Reta,Não,2,0,1,0,1,0,1,2,"-9,39958299","-40,50459298",SPRF-PE,DEL06-PE,UOP01-DEL06-PE
350437,2021-04-07,quarta-feira,15:15:00,PE,101,67,RECIFE,Condutor deixou de manter distância do veículo da frente,Colisão traseira,Com Vítimas Feridas,Pleno dia,Crescente,Céu Claro,Dupla,Reta,Sim,2,0,1,0,1,0,1,2,"-8,042334","-34,943096",SPRF-PE,DEL01-PE,UOP01-DEL01-PE
350509,2021-04-07,quarta-feira,21:30:00,PE,408,81,PAUDALHO,Obstrução na via,Eventos atípicos,Sem Vítimas,Plena Noite,Decrescente,Céu Claro,Dupla,Reta,Sim,1,0,0,0,1,0,0,1,"-7,937515","-35,127442",SPRF-PE,DEL01-PE,UOP01-DEL01-PE
350541,2021-04-08,quinta-feira,06:30:00,PE,428,"32,9",OROCO,Reação tardia ou ineficiente do condutor,Capotamento,Com Vítimas Feridas,Amanhecer,Crescente,Céu Claro,Simples,Reta,Não,4,0,1,0,3,0,1,1,"-8,52303468","-39,49547817",SPRF-PE,DEL05-PE,UOP03-DEL05-PE
350747,2021-04-09,sexta-feira,11:05:00,PE,232,9,JABOATAO DOS GUARARAPES,Transitar no acostamento,Atropelamento de Pedestre,Com Vítimas Feridas,Pleno dia,Decrescente,Sol,Dupla,Reta,Sim,2,0,1,0,0,1,1,2,"-8,07764447","-34,97863609",SPRF-PE,DEL01-PE,UOP01-DEL01-PE
350828,2021-04-09,sexta-feira,19:30:00,PE,104,"45,8",CARUARU,Velocidade Incompatível,Saída de leito carroçável,Com Vítimas Feridas,Plena Noite,Crescente,Nublado,Dupla,Curva,Não,1,0,0,1,0,0,1,1,"-8,115897","-36,005388",SPRF-PE,DEL02-PE,UOP01-DEL02-PE
350952,2021-04-10,sábado,08:40:00,PE,232,"181,5",BELO JARDIM,Animais na Pista,Atropelamento de Animal,Com Vítimas Feridas,Pleno dia,Crescente,Céu Claro,Simples,Reta,Sim,2,0,1,1,0,0,2,1,"-8,34627974","-36,43776285",SPRF-PE,DEL02-PE,UOP03-DEL02-PE
351043,2021-04-10,sábado,17:25:00,PE,104,"37,2",CARUARU,Reação tardia ou ineficiente do condutor,Capotamento,Sem Vítimas,Plena Noite,Decrescente,Céu Claro,Dupla,Curva,Não,1,0,0,0,0,1,0,1,"-8,026115","-36,053188",SPRF-PE,DEL02-PE,UOP01-DEL02-PE
351093,2021-04-10,sábado,22:40:00,PE,101,"54,2",PAULISTA,Chuva,Colisão traseira,Sem Vítimas,Plena Noite,Crescente,Chuva,Dupla,Reta,Não,2,0,0,0,1,1,0,2,"-7,93961103","-34,90356584",SPRF-PE,DEL01-PE,UOP02-DEL01-PE
351138,2021-04-11,domingo,08:20:00,PE,101,"67,5",RECIFE,Acessar a via sem observar a presença dos outros veículos,Atropelamento de Pedestre,Com Vítimas Feridas,Pleno dia,Decrescente,Nublado,Dupla,Reta,Sim,2,0,0,1,1,0,1,2,"-8,04685","-34,944884",SPRF-PE,DEL01-PE,UOP01-DEL01-PE
351164,2021-02-27,sábado,21:40:00,PE,428,"190,7",PETROLINA,Condutor deixou de manter distância do veículo da frente,Tombamento,Com Vítimas Feridas,Plena Noite,Decrescente,Céu Claro,Simples,Em Obras,Sim,1,0,0,1,0,0,1,1,"-9,37605965","-40,49382106",SPRF-PE,DEL06-PE,UOP01-DEL06-PE
351214,2021-04-11,domingo,17:00:00,PE,104,"45,3",CARUARU,Acumulo de água sobre o pavimento,Saída de leito carroçável,Com Vítimas Feridas,Pleno dia,Decrescente,Chuva,Dupla,Curva,Não,2,0,1,0,1,0,1,1,"-8,1203","-35,999",SPRF-PE,DEL02-PE,UOP01-DEL02-PE
351299,2021-04-11,domingo,22:30:00,PE,232,"58,2",POMBOS,Ingestão de álcool pelo condutor,Colisão com objeto,Com Vítimas Fatais,Plena Noite,Decrescente,Nublado,Simples,Reta,Sim,2,1,0,1,0,0,1,1,"-8,145621","-35,392183",SPRF-PE,DEL02-PE,UOP02-DEL02PE
351322,2021-04-12,segunda-feira,02:40:00,PE,104,86,AGRESTINA,Condutor Dormindo,Colisão frontal,Com Vítimas Feridas,Plena Noite,Crescente,Nublado,Dupla,Reta,Não,2,0,0,1,1,0,1,2,"-8,446782","-35,951046",SPRF-PE,DEL02-PE,UOP01-DEL02-PE
351329,2021-04-12,segunda-feira,04:30:00,PE,104,"82,7",AGRESTINA,Animais na Pista,Atropelamento de Animal,Com Vítimas Feridas,Amanhecer,Decrescente,Garoa/Chuvisco,Simples,Reta,Não,1,0,1,0,0,0,1,1,"-8,414513","-35,967102",SPRF-PE,DEL02-PE,UOP01-DEL02-PE
351340,2021-04-11,domingo,18:00:00,PE,101,"3,2",GOIANA,Chuva,Saída de leito carroçável,Com Vítimas Feridas,Plena Noite,Crescente,Chuva,Dupla,Curva,Não,4,0,1,0,3,0,1,1,"-7,52387351","-34,99333161",SPRF-PE,DEL01-PE,UOP02-DEL01-PE
351344,2021-04-12,segunda-feira,06:30:00,PE,101,70,RECIFE,Ausência de sinalização,Colisão com objeto,Com Vítimas Feridas,Pleno dia,Crescente,Chuva,Dupla,Reta;Desvio Temporário;Em Obra,Sim,1,0,1,0,0,0,1,1,"-8,06776119","-34,94265074",SPRF-PE,DEL01-PE,UOP01-DEL01-PE
351356,2021-04-12,segunda-feira,07:00:00,PE,423,176,AGUAS BELAS,Conversão proibida,Colisão lateral sentido oposto,Com Vítimas Fatais,Pleno dia,Decrescente,Nublado,Simples,Reta,Sim,2,1,0,0,1,0,0,2,"-9,12985134","-37,10552899",SPRF-AL,DEL03-AL,UOP02-DEL03-AL
351402,2021-04-12,segunda-feira,12:45:00,PE,104,"66,7",CARUARU,Condutor deixou de manter distância do veículo da frente,Colisão traseira,Sem Vítimas,Pleno dia,Decrescente,Chuva,Dupla,Reta,Sim,2,0,0,0,2,0,0,2,"-8,2937","-35,9864",SPRF-PE,DEL02-PE,UOP01-DEL02-PE
351446,2021-03-30,terça-feira,10:05:00,PE,104,"42,6",CARUARU,Acessar a via sem observar a presença dos outros veículos,Colisão transversal,Com Vítimas Fatais,Pleno dia,Crescente,Céu Claro,Dupla,Reta,Não,3,1,0,1,1,0,1,2,"-8,1065","-36,0218",SPRF-PE,DEL02-PE,UOP01-DEL02-PE
351538,2021-04-07,quarta-feira,17:30:00,PE,232,"222,2",PESQUEIRA,Pista esburacada,Colisão frontal,Com Vítimas Feridas,Pleno dia,Crescente,Céu Claro,Simples,Reta,Não,4,0,0,3,1,0,3,2,"-8,40265548","-36,80111291",SPRF-PE,DEL03-PE,UOP02-DEL03-PE
351542,2021-04-13,terça-feira,08:50:00,PE,101,48,ABREU E LIMA,Manobra de mudança de faixa,Colisão traseira,Com Vítimas Feridas,Pleno dia,Decrescente,Céu Claro,Múltipla,Reta,Sim,2,0,1,0,1,0,1,2,"-7,89174705","-34,9033493",SPRF-PE,DEL01-PE,UOP02-DEL01-PE
351577,2021-04-13,terça-feira,12:15:00,PE,101,"103,1",CABO DE SANTO AGOSTINHO,Retorno proibido,Colisão transversal,Sem Vítimas,Pleno dia,Crescente,Céu Claro,Simples,Reta;Declive                  ,Sim,3,0,0,0,3,0,0,2,"-8,294293","-35,054743",SPRF-PE,DEL01-PE,UOP03-DEL01-PE
351591,2021-04-13,terça-feira,11:00:00,PE,101,"80,5",JABOATAO DOS GUARARAPES,Reação tardia ou ineficiente do condutor,Colisão lateral mesmo sentido,Com Vítimas Feridas,Pleno dia,Decrescente,Céu Claro,Dupla,Reta,Sim,3,0,1,1,1,0,2,2,"-8,15614","-34,941413",SPRF-PE,DEL01-PE,UOP01-DEL01-PE
351700,2021-04-14,quarta-feira,05:15:00,PE,232,"272,5",SERTANIA,Animais na Pista,Atropelamento de Animal,Com Vítimas Feridas,Amanhecer,Decrescente,Nublado,Simples,Reta,Não,1,0,1,0,0,0,1,1,"-8,39246716","-37,23343809",SPRF-PE,DEL03-PE,UOP02-DEL03-PE
351704,2021-03-25,quinta-feira,10:10:00,PE,101,"51,6",PAULISTA,Velocidade Incompatível,Colisão traseira,Com Vítimas Feridas,Pleno dia,Decrescente,Nublado,Dupla,Interseção de Vias,Sim,3,0,2,0,1,0,2,2,"-7,9169968","-34,89689272",SPRF-PE,DEL01-PE,UOP02-DEL01-PE
351733,2021-04-14,quarta-feira,11:29:00,PE,232,5,RECIFE,Condutor deixou de manter distância do veículo da frente,Colisão traseira,Com Vítimas Feridas,Pleno dia,Crescente,Chuva,Dupla,Reta,Sim,3,0,1,0,2,0,1,3,"-8,06795766","-34,94535414",SPRF-PE,DEL01-PE,UOP01-DEL01-PE
351761,2021-04-14,quarta-feira,10:30:00,PE,408,"86,2",PAUDALHO,Velocidade Incompatível,Saída de leito carroçável,Com Vítimas Feridas,Pleno dia,Decrescente,Chuva,Múltipla,Reta,Não,2,0,2,0,0,0,2,1,"-7,961201","-35,094105",SPRF-PE,DEL01-PE,UOP01-DEL01-PE
351769,2021-04-14,quarta-feira,16:00:00,PE,232,8,RECIFE,Manobra de mudança de faixa,Colisão lateral mesmo sentido,Com Vítimas Feridas,Pleno dia,Decrescente,Céu Claro,Dupla,Reta,Sim,2,0,1,0,1,0,1,2,"-8,07583727","-34,97015791",SPRF-PE,DEL01-PE,UOP01-DEL01-PE
351781,2021-04-14,quarta-feira,17:20:00,PE,101,"29,8",ITAPISSUMA,Acumulo de areia ou detritos sobre o pavimento,Tombamento,Com Vítimas Feridas,Anoitecer,Crescente,Nublado,Dupla,Reta,Não,2,0,2,0,0,0,2,1,"-7,72939697","-34,94185854",SPRF-PE,DEL01-PE,UOP02-DEL01-PE
351807,2021-04-14,quarta-feira,17:40:00,PE,232,"4,8",RECIFE,Condutor deixou de manter distância do veículo da frente,Colisão traseira,Sem Vítimas,Plena Noite,Crescente,Nublado,Dupla,Declive;Reta                  ,Sim,3,0,0,0,3,0,0,3,"-8,067461","-34,94411",SPRF-PE,DEL01-PE,UOP01-DEL01-PE
351836,2021-02-09,terça-feira,18:50:00,PE,101,"81,5",JABOATAO DOS GUARARAPES,Condutor deixou de manter distância do veículo da frente,Colisão traseira,Com Vítimas Feridas,Plena Noite,Decrescente,Ignorado,Dupla,Reta,Sim,2,0,1,0,1,0,1,2,"-8,16456","-34,938827",SPRF-PE,DEL01-PE,UOP03-DEL01-PE
351840,2021-04-15,quinta-feira,04:00:00,PE,232,"43,3",VITORIA DE SANTO ANTAO,Condutor deixou de manter distância do veículo da frente,Colisão traseira,Com Vítimas Feridas,Amanhecer,Decrescente,Céu Claro,Dupla,Reta,Não,2,0,1,0,1,0,1,2,"-8,121108","-35,266719",SPRF-PE,DEL01-PE,UOP01-DEL01-PE
351907,2021-03-27,sábado,05:30:00,PE,101,"48,1",ABREU E LIMA,Pedestre cruzava a pista fora da faixa,Atropelamento de Pedestre,Com Vítimas Fatais,Pleno dia,Decrescente,Céu Claro,Dupla,Declive,Sim,2,1,0,0,1,0,0,2,"-7,89174705","-34,9033493",SPRF-PE,DEL01-PE,UOP02-DEL01-PE
351921,2021-03-30,terça-feira,18:00:00,PE,104,"102,8",CUPIRA,Ingestão de álcool pelo condutor,Colisão frontal,Com Vítimas Feridas,Plena Noite,Crescente,Céu Claro,Simples,Reta,Não,2,0,0,1,1,0,1,2,"-8,581185","-35,950191",SPRF-PE,DEL02-PE,UOP01-DEL02-PE
352054,2021-04-16,sexta-feira,06:35:00,PE,101,64,RECIFE,Trafegar com motocicleta (ou similar) entre as faixas,Colisão lateral mesmo sentido,Com Vítimas Feridas,Pleno dia,Crescente,Céu Claro,Múltipla,Reta,Não,2,0,1,0,1,0,1,2,"-8,023567","-34,942907",SPRF-PE,DEL01-PE,UOP01-DEL01-PE
352080,2021-04-16,sexta-feira,09:15:00,PE,101,"69,5",RECIFE,Avarias e/ou desgaste excessivo no pneu,Eventos atípicos,Com Vítimas Feridas,Pleno dia,Crescente,Céu Claro,Dupla,Reta,Sim,2,0,1,0,1,0,1,2,"-8,0635","-34,94476318",SPRF-PE,DEL01-PE,UOP01-DEL01-PE
352117,2021-04-16,sexta-feira,13:15:00,PE,101,"47,3",IGARASSU,Chuva,Colisão com objeto,Com Vítimas Feridas,Pleno dia,Crescente,Chuva,Múltipla,Reta,Sim,2,0,0,1,1,0,1,2,"-7,88290701","-34,90461208",SPRF-PE,DEL01-PE,UOP02-DEL01-PE
352185,2021-04-16,sexta-feira,19:15:00,PE,428,186,PETROLINA,Acessar a via sem observar a presença dos outros veículos,Colisão transversal,Com Vítimas Feridas,Plena Noite,Decrescente,Céu Claro,Simples,Reta,Sim,2,0,1,1,0,0,2,2,"-9,34807826","-40,47441248",SPRF-PE,DEL06-PE,UOP01-DEL06-PE
352243,2021-04-17,sábado,00:15:00,PE,424,"94,8",GARANHUNS,Condutor deixou de manter distância do veículo da frente,Colisão traseira,Com Vítimas Feridas,Plena Noite,Decrescente,Céu Claro,Simples,Curva,Não,3,0,0,2,0,1,2,2,"-8,91590392","-36,48883344",SPRF-PE,DEL03-PE,UOP01-DEL03-PE
352391,2021-04-17,sábado,18:15:00,PE,424,91,GARANHUNS,Acesso irregular,Colisão frontal,Sem Vítimas,Plena Noite,Crescente,Garoa/Chuvisco,Simples,Reta,Sim,2,0,0,0,2,0,0,2,"-8,90409633","-36,49974647",SPRF-PE,DEL03-PE,UOP01-DEL03-PE
352433,2021-04-17,sábado,22:45:00,PE,424,"90,3",GARANHUNS,Ingestão de álcool pelo condutor,Colisão transversal,Sem Vítimas,Plena Noite,Crescente,Nublado,Simples,Curva,Sim,2,0,0,0,2,0,0,2,"-8,899307","-36,502873",SPRF-PE,DEL03-PE,UOP01-DEL03-PE
352439,2021-04-17,sábado,23:00:00,PE,428,182,PETROLINA,Ingestão de álcool pelo condutor,Colisão traseira,Com Vítimas Feridas,Plena Noite,Decrescente,Céu Claro,Simples,Reta,Não,5,0,2,1,2,0,3,2,"-9,31614989","-40,45800722",SPRF-PE,DEL06-PE,UOP01-DEL06-PE
352525,2021-04-18,domingo,12:30:00,PE,101,"91,4",JABOATAO DOS GUARARAPES,Reação tardia ou ineficiente do condutor,Saída de leito carroçável,Com Vítimas Feridas,Pleno dia,Crescente,Chuva,Dupla,Reta,Não,3,0,2,0,1,0,2,3,"-8,22399812","-34,99290474",SPRF-PE,DEL01-PE,UOP01-DEL01-PE
352530,2021-04-18,domingo,12:00:00,PE,101,37,ITAPISSUMA,Conversão proibida,Colisão transversal,Com Vítimas Feridas,Pleno dia,Decrescente,Nublado,Dupla,Curva,Não,2,0,0,1,1,0,1,2,"-7,79726705","-34,9274932",SPRF-PE,DEL01-PE,UOP02-DEL01-PE
352559,2021-04-18,domingo,16:40:00,PE,407,"129,1",PETROLINA,Desrespeitar a preferência no cruzamento,Colisão transversal,Com Vítimas Feridas,Pleno dia,Decrescente,Céu Claro,Múltipla,Aclive,Não,3,0,0,2,1,0,2,2,"-9,39958299","-40,50459298",SPRF-PE,DEL06-PE,UOP01-DEL06-PE
352576,2021-04-18,domingo,17:40:00,PE,423,96,GARANHUNS,Desrespeitar a preferência no cruzamento,Colisão transversal,Com Vítimas Feridas,Plena Noite,Crescente,Garoa/Chuvisco,Simples,Interseção de Vias,Sim,3,0,1,1,1,0,2,2,"-8,88021822","-36,48651678",SPRF-PE,DEL03-PE,UOP01-DEL03-PE
352583,2021-04-18,domingo,18:20:00,PE,232,413,SERRA TALHADA,Reação tardia ou ineficiente do condutor,Colisão traseira,Com Vítimas Feridas,Plena Noite,Decrescente,Garoa/Chuvisco,Simples,Reta,Não,2,0,1,0,1,0,1,2,"-7,98857087","-38,32972307",SPRF-PE,DEL04-PE,UOP01-DEL04-PE
352596,2021-04-18,domingo,17:10:00,PE,232,"19,1",JABOATAO DOS GUARARAPES,Reação tardia ou ineficiente do condutor,Colisão com objeto,Com Vítimas Feridas,Anoitecer,Crescente,Nublado,Dupla,Curva,Não,1,0,1,0,0,0,1,1,"-8,098174","-35,062647",SPRF-PE,DEL01-PE,UOP01-DEL01-PE