id,data_inversa,dia_semana,horario,uf,br,km,municipio,causa_acidente,tipo_acidente,classificacao_acidente,fase_dia,sentido_via,condicao_metereologica,tipo_pista,tracado_via,uso_solo,pessoas,mortos,feridos_leves,feridos_graves,ilesos,ignorados,feridos,veiculos,latitude,longitude,regional,delegacia,uop
352622,2021-04-18,domingo,17:40:00,PE,232,171,BELO JARDIM,Ingestão de álcool pelo condutor,Colisão lateral sentido oposto,Com Vítimas Feridas,Anoitecer,Decrescente,Céu Claro,Simples,Curva,Não,6,0,3,0,3,0,3,3,"-8,34239456","-36,35216713",SPRF-PE,DEL02-PE,UOP03-DEL02-PE
352634,2021-04-18,domingo,20:30:00,PE,423,61,LAJEDO,Desrespeitar a preferência no cruzamento,Colisão transversal,Com Vítimas Feridas,Plena Noite,Decrescente,Garoa/Chuvisco,Simples,Interseção de Vias,Sim,4,0,1,0,3,0,1,2,"-8,65805731","-36,32866993",SPRF-PE,DEL03-PE,UOP01-DEL03-PE
352656,2021-04-19,segunda-feira,00:00:00,PE,423,69,JUPI,Reação tardia ou ineficiente do condutor,Saída de leito carroçável,Sem Vítimas,Plena Noite,Crescente,Céu Claro,Simples,Aclive,Não,1,0,0,0,0,1,0,1,"-8,67648714","-36,40182687",SPRF-PE,DEL03-PE,UOP01-DEL03-PE
352724,2021-04-19,segunda-feira,12:15:00,PE,101,"46,2",IGARASSU,Velocidade Incompatível,Colisão transversal,Com Vítimas Feridas,Pleno dia,Decrescente,Céu Claro,Múltipla,Retorno Regulamentado,Sim,2,0,1,0,1,0,1,2,"-7,87406004","-34,90588126",SPRF-PE,DEL01-PE,UOP02-DEL01-PE
352797,2021-04-19,segunda-feira,17:45:00,PE,408,"94,5",SAO LOURENCO DA MATA,Reação tardia ou ineficiente do condutor,Atropelamento de Pedestre,Com Vítimas Feridas,Anoitecer,Decrescente,Céu Claro,Dupla,Reta,Sim,2,0,0,2,0,0,2,2,"-8,010143","-35,042584",SPRF-PE,DEL01-PE,UOP01-DEL01-PE
352895,2021-04-20,terça-feira,07:45:00,PE,101,"55,8",PAULISTA,Reação tardia ou ineficiente do condutor,Colisão traseira,Com Vítimas Feridas,Pleno dia,Crescente,Nublado,Dupla,Reta,Não,2,0,1,0,1,0,1,2,"-7,94806621","-34,9062148",SPRF-PE,DEL01-PE,UOP02-DEL01-PE
352918,2021-04-20,terça-feira,09:30:00,PE,101,88,JABOATAO DOS GUARARAPES,Chuva,Colisão transversal,Com Vítimas Feridas,Pleno dia,Crescente,Chuva,Dupla,Reta,Sim,2,0,1,0,1,0,1,2,"-8,19971387","-34,9785382",SPRF-PE,DEL01-PE,UOP01-DEL01-PE
352929,2021-03-31,quarta-feira,11:10:00,PE,104,27,TORITAMA,Manobra de mudança de faixa,Colisão frontal,Com Vítimas Feridas,Pleno dia,Decrescente,Céu Claro,Simples,Reta,Sim,2,0,0,1,1,0,1,2,"-8,0051","-36,0804",SPRF-PE,DEL02-PE,UOP01-DEL02-PE
352950,2021-04-20,terça-feira,14:50:00,PE,232,134,CARUARU,Velocidade Incompatível,Colisão traseira,Com Vítimas Feridas,Pleno dia,Crescente,Sol,Dupla,Aclive,Sim,3,0,2,0,1,0,2,2,"-8,308272","-36,023394",SPRF-PE,DEL02-PE,UOP03-DEL02-PE
353172,2021-04-21,quarta-feira,18:10:00,PE,232,"408,5",SERRA TALHADA,Ausência de reação do condutor,Tombamento,Com Vítimas Feridas,Plena Noite,Decrescente,Céu Claro,Simples,Interseção de Vias,Sim,1,0,1,0,0,0,1,1,"-7,98371447","-38,28047709",SPRF-PE,DEL04-PE,UOP01-DEL04-PE
353215,2021-04-21,quarta-feira,17:00:00,PE,316,10,ARARIPINA,Ultrapassagem Indevida,Capotamento,Com Vítimas Feridas,Pleno dia,Crescente,Céu Claro,Simples,Curva,Não,2,0,1,0,0,1,1,1,"-7,49021077","-40,59008002",SPRF-PE,DEL05-PE,UOP02-DEL05-PE
353225,2021-04-21,quarta-feira,23:20:00,PE,101,82,JABOATAO DOS GUARARAPES,Ausência de reação do condutor,Colisão lateral mesmo sentido,Com Vítimas Feridas,Plena Noite,Crescente,Céu Claro,Simples,Reta,Sim,2,0,0,2,0,0,2,2,"-8,168383","-34,9376",SPRF-PE,DEL01-PE,UOP01-DEL01-PE
353268,2021-04-22,quinta-feira,07:30:00,PE,101,"69,2",RECIFE,Acessar a via sem observar a presença dos outros veículos,Colisão transversal,Com Vítimas Feridas,Pleno dia,Crescente,Nublado,Múltipla,Reta,Não,2,0,0,2,0,0,2,2,"-8,05951606","-34,94581024",SPRF-PE,DEL01-PE,UOP01-DEL01-PE
353282,2021-04-02,sexta-feira,16:50:00,PE,101,69,RECIFE,Condutor deixou de manter distância do veículo da frente,Colisão traseira,Com Vítimas Feridas,Anoitecer,Decrescente,Céu Claro,Dupla,Viaduto,Sim,2,0,1,0,1,0,1,2,"-8,05951606","-34,94581024",SPRF-PE,DEL01-PE,UOP01-DEL01-PE
353312,2021-04-22,quinta-feira,14:00:00,PE,407,"124,5",PETROLINA,Desrespeitar a preferência no cruzamento,Colisão transversal,Com Vítimas Feridas,Pleno dia,Crescente,Céu Claro,Dupla,Rotatória,Não,2,0,2,0,0,0,2,2,"-9,37759621","-40,53852081",SPRF-PE,DEL06-PE,UOP01-DEL06-PE
353313,2021-04-22,quinta-feira,12:30:00,PE,101,"141,8",RIBEIRAO,Acessar a via sem observar a presença dos outros veículos,Colisão lateral mesmo sentido,Com Vítimas Feridas,Pleno dia,Crescente,Nublado,Dupla,Reta,Não,2,0,0,1,1,0,1,2,"-8,44013935","-35,33528377",SPRF-PE,DEL01-PE,UOP01-DEL01-PE
353322,2021-04-22,quinta-feira,14:40:00,PE,428,184,PETROLINA,Ingestão de álcool pelo condutor,Colisão com objeto,Com Vítimas Feridas,Pleno dia,Crescente,Sol,Simples,Em Obras,Sim,1,0,0,1,0,0,1,1,"-9,33211208","-40,46621385",SPRF-PE,DEL06-PE,UOP01-DEL06-PE
353336,2021-04-22,quinta-feira,16:00:00,PE,232,"42,9",VITORIA DE SANTO ANTAO,Velocidade Incompatível,Colisão com objeto,Com Vítimas Feridas,Pleno dia,Crescente,Céu Claro,Dupla,Curva,Sim,3,0,1,0,1,1,1,2,"-8,117179","-35,260707",SPRF-PE,DEL01-PE,UOP01-DEL01-PE
353376,2021-04-22,quinta-feira,19:05:00,PE,424,89,GARANHUNS,Acessar a via sem observar a presença dos outros veículos,Colisão transversal,Com Vítimas Feridas,Plena Noite,Crescente,Céu Claro,Simples,Curva,Sim,2,0,1,0,1,0,1,2,"-8,89138375","-36,50571483",SPRF-PE,DEL03-PE,UOP01-DEL03-PE
353573,2021-04-23,sexta-feira,23:05:00,PE,101,"50,4",ABREU E LIMA,Desrespeitar a preferência no cruzamento,Colisão transversal,Com Vítimas Feridas,Plena Noite,Crescente,Céu Claro,Múltipla,Reta,Sim,4,0,3,0,1,0,3,3,"-7,9169968","-34,89689272",SPRF-PE,DEL01-PE,UOP02-DEL01-PE
353694,2021-04-24,sábado,19:35:00,PE,101,46,IGARASSU,Ausência de reação do condutor,Atropelamento de Pedestre,Com Vítimas Feridas,Plena Noite,Decrescente,Céu Claro,Múltipla,Reta,Sim,3,0,0,1,1,1,1,2,"-7,87502988","-34,90590334",SPRF-PE,DEL01-PE,UOP02-DEL01-PE
353764,2021-04-25,domingo,04:00:00,PE,407,"119,5",PETROLINA,Ingestão de álcool e/ou substâncias psicoativas pelo pedestre,Saída de leito carroçável,Sem Vítimas,Plena Noite,Crescente,Céu Claro,Simples,Reta,Não,1,0,0,0,1,0,0,1,"-9,33026316","-40,56422728",SPRF-PE,DEL06-PE,UOP02-DEL06-PE
353812,2021-04-25,domingo,10:20:00,PE,232,81,GRAVATA,Velocidade Incompatível,Capotamento,Sem Vítimas,Pleno dia,Decrescente,Céu Claro,Dupla,Reta,Sim,1,0,0,0,0,1,0,1,"-8,19697746","-35,57850408",SPRF-PE,DEL02-PE,UOP02-DEL02PE
353868,2021-04-25,domingo,18:00:00,PE,101,98,CABO DE SANTO AGOSTINHO,Animais na Pista,Atropelamento de Animal,Com Vítimas Feridas,Plena Noite,Crescente,Céu Claro,Dupla,Reta,Não,2,0,1,0,1,0,1,1,"-8,25653422","-35,03811793",SPRF-PE,DEL01-PE,UOP01-DEL01-PE
353881,2021-04-25,domingo,17:20:00,PE,423,"93,7",GARANHUNS,Ingestão de álcool pelo condutor,Colisão traseira,Sem Vítimas,Anoitecer,Decrescente,Céu Claro,Dupla,Rotatória,Sim,3,0,0,0,2,1,0,2,"-8,87451962","-36,4699549",SPRF-PE,DEL03-PE,UOP01-DEL03-PE
353891,2021-04-25,domingo,19:30:00,PE,101,79,JABOATAO DOS GUARARAPES,Condutor deixou de manter distância do veículo da frente,Colisão traseira,Sem Vítimas,Plena Noite,Crescente,Céu Claro,Dupla,Reta,Sim,2,0,0,0,1,1,0,2,"-8,14366112","-34,94723453",SPRF-PE,DEL01-PE,UOP01-DEL01-PE
353985,2021-04-26,segunda-feira,08:00:00,PE,424,86,GARANHUNS,Acessar a via sem observar a presença dos outros veículos,Colisão transversal,Com Vítimas Feridas,Pleno dia,Decrescente,Nublado,Simples,Reta;Declive                  ,Sim,2,0,1,0,0,1,1,2,"-8,86970121","-36,50819063",SPRF-PE,DEL03-PE,UOP01-DEL03-PE
354131,2021-04-27,terça-feira,04:00:00,PE,232,96,SAIRE,Transitar na contramão,Colisão lateral sentido oposto,Sem Vítimas,Plena Noite,Decrescente,Céu Claro,Dupla,Reta,Não,3,0,0,0,3,0,0,3,"-8,23076854","-35,70778281",SPRF-PE,DEL02-PE,UOP02-DEL02PE
354200,2021-04-27,terça-feira,13:25:00,PE,101,60,RECIFE,Ausência de reação do condutor,Colisão traseira,Com Vítimas Feridas,Pleno dia,Decrescente,Céu Claro,Múltipla,Reta,Sim,2,0,1,0,1,0,1,2,"-7,98344307","-34,93176727",SPRF-PE,DEL01-PE,UOP02-DEL01-PE
354229,2021-04-27,terça-feira,18:20:00,PE,101,65,RECIFE,Condutor deixou de manter distância do veículo da frente,Colisão traseira,Com Vítimas Feridas,Plena Noite,Crescente,Céu Claro,Dupla,Reta,Sim,2,0,1,0,1,0,1,2,"-8,026975","-34,94299",SPRF-PE,DEL01-PE,UOP01-DEL01-PE
354237,2021-04-27,terça-feira,18:10:00,PE,428,191,PETROLINA,Manobra de mudança de faixa,Colisão lateral mesmo sentido,Com Vítimas Feridas,Plena Noite,Decrescente,Nublado,Múltipla,Reta,Sim,2,0,1,0,1,0,1,2,"-9,38352402","-40,51714897",SPRF-PE,DEL06-PE,UOP01-DEL06-PE
354289,2021-04-28,quarta-feira,05:30:00,PE,232,"305,1",SERTANIA,Animais na Pista,Atropelamento de Animal,Sem Vítimas,Pleno dia,Decrescente,Céu Claro,Simples,Declive,Não,1,0,0,0,1,0,0,1,"-8,19109556","-37,44132256",SPRF-PE,DEL03-PE,UOP02-DEL03-PE
354304,2021-04-28,quarta-feira,08:13:00,PE,101,"55,5",PAULISTA,Frear bruscamente,Colisão lateral mesmo sentido,Com Vítimas Feridas,Pleno dia,Crescente,Garoa/Chuvisco,Múltipla,Reta,Não,2,0,1,0,1,0,1,2,"-7,94806621","-34,9062148",SPRF-PE,DEL01-PE,UOP02-DEL01-PE
354328,2021-04-28,quarta-feira,10:10:00,PE,101,67,RECIFE,Condutor usando celular,Colisão com objeto,Com Vítimas Feridas,Pleno dia,Decrescente,Céu Claro,Múltipla,Reta,Sim,1,0,1,0,0,0,1,1,"-8,045697","-34,94488",SPRF-PE,DEL01-PE,UOP01-DEL01-PE
354335,2021-04-24,sábado,13:30:00,PE,101,25,GOIANA,Acessar a via sem observar a presença dos outros veículos,Colisão transversal,Com Vítimas Feridas,Pleno dia,Crescente,Céu Claro,Dupla,Retorno Regulamentado,Não,2,0,1,0,0,1,1,2,"-7,7009082","-34,9229207",SPRF-PE,DEL01-PE,UOP02-DEL01-PE
354344,2021-04-01,quinta-feira,22:15:00,PE,428,"187,8",PETROLINA,Trafegar com motocicleta (ou similar) entre as faixas,Colisão frontal,Com Vítimas Feridas,Plena Noite,Crescente,Céu Claro,Simples,Reta,Sim,4,0,2,1,0,1,3,3,"-9,35604301","-40,47854198",SPRF-PE,DEL06-PE,UOP01-DEL06-PE
354471,2021-04-29,quinta-feira,08:00:00,PE,423,"93,6",GARANHUNS,Conversão proibida,Colisão transversal,Com Vítimas Feridas,Pleno dia,Decrescente,Nublado,Simples,Reta,Sim,2,0,1,0,1,0,1,2,"-8,8738566","-36,46928787",SPRF-PE,DEL03-PE,UOP01-DEL03-PE
354643,2021-04-30,sexta-feira,08:00:00,PE,101,"81,5",JABOATAO DOS GUARARAPES,Acessar a via sem observar a presença dos outros veículos,Colisão transversal,Com Vítimas Feridas,Pleno dia,Crescente,Nublado,Dupla,Reta,Sim,2,0,1,1,0,0,2,2,"-8,1597489","-34,94024569",SPRF-PE,DEL01-PE,UOP01-DEL01-PE
354647,2021-04-30,sexta-feira,07:32:00,PE,116,27,SALGUEIRO,Transitar no acostamento,Colisão lateral sentido oposto,Com Vítimas Feridas,Pleno dia,Decrescente,Céu Claro,Simples,Reta,Sim,2,0,0,1,1,0,1,2,"-8,078546","-39,130867",SPRF-PE,DEL05-PE,UOP01-DEL05-PE
354678,2021-04-30,sexta-feira,11:15:00,PE,101,"70,4",RECIFE,Pedestre andava na pista,Atropelamento de Pedestre,Com Vítimas Feridas,Pleno dia,Decrescente,Nublado,Dupla,Reta,Sim,2,0,1,0,0,1,1,2,"-8,071416","-34,942406",SPRF-PE,DEL01-PE,UOP01-DEL01-PE
354711,2021-04-30,sexta-feira,11:20:00,PE,316,"25,5",ARARIPINA,Desrespeitar a preferência no cruzamento,Colisão frontal,Com Vítimas Feridas,Pleno dia,Decrescente,Céu Claro,Simples,Retorno Regulamentado,Sim,4,0,1,0,3,0,1,3,"-7,59595686","-40,49329368",SPRF-PE,DEL05-PE,UOP02-DEL05-PE
354712,2021-04-25,domingo,16:20:00,PE,423,61,LAJEDO,Transitar na contramão,Colisão frontal,Com Vítimas Feridas,Pleno dia,Crescente,Céu Claro,Simples,Reta,Sim,2,0,0,1,1,0,1,2,"-8,65805731","-36,32866993",SPRF-PE,DEL03-PE,UOP01-DEL03-PE
354713,2021-04-30,sexta-feira,14:00:00,PE,101,"69,6",RECIFE,Manobra de mudança de faixa,Colisão lateral mesmo sentido,Com Vítimas Feridas,Pleno dia,Crescente,Nublado,Dupla,Reta,Sim,2,0,0,1,1,0,1,2,"-8,064458","-34,944285",SPRF-PE,DEL01-PE,UOP01-DEL01-PE
354727,2021-04-30,sexta-feira,14:08:00,PE,101,67,RECIFE,Acessar a via sem observar a presença dos outros veículos,Colisão lateral mesmo sentido,Sem Vítimas,Pleno dia,Decrescente,Céu Claro,Dupla,Interseção de Vias,Sim,2,0,0,0,2,0,0,2,"-8,042334","-34,943096",SPRF-PE,DEL01-PE,UOP01-DEL01-PE
354793,2021-04-30,sexta-feira,19:35:00,PE,232,410,SERRA TALHADA,Ingestão de álcool e/ou substâncias psicoativas pelo pedestre,Atropelamento de Pedestre,Com Vítimas Fatais,Plena Noite,Decrescente,Céu Claro,Simples,Reta,Sim,2,1,0,1,0,0,1,2,"-7,98261841","-38,30039606",SPRF-PE,DEL04-PE,UOP01-DEL04-PE
354841,2021-04-30,sexta-feira,21:25:00,PE,232,"94,9",SAIRE,Demais falhas mecânicas ou elétricas,Saída de leito carroçável,Com Vítimas Feridas,Pleno dia,Decrescente,Céu Claro,Dupla,Reta,Não,1,0,1,0,0,0,1,1,"-8,22473335","-35,69081624",SPRF-PE,DEL02-PE,UOP02-DEL02PE
354910,2021-05-01,sábado,09:10:00,PE,101,58,RECIFE,Reação tardia ou ineficiente do condutor,Saída de leito carroçável,Com Vítimas Feridas,Pleno dia,Decrescente,Céu Claro,Dupla,Reta,Não,3,0,1,0,2,0,1,2,"-7,97063209","-34,92064675",SPRF-PE,DEL01-PE,UOP02-DEL01-PE
354929,2021-05-01,sábado,11:05:00,PE,101,"43,9",IGARASSU,Reação tardia ou ineficiente do condutor,Colisão com objeto,Sem Vítimas,Pleno dia,Crescente,Céu Claro,Múltipla,Reta,Sim,1,0,0,0,0,1,0,1,"-7,84753808","-34,90977038",SPRF-PE,DEL01-PE,UOP02-DEL01-PE
354995,2021-05-01,sábado,18:30:00,PE,101,"29,1",ITAPISSUMA,Reação tardia ou ineficiente do condutor,Colisão com objeto,Com Vítimas Feridas,Plena Noite,Decrescente,Nublado,Dupla,Reta,Não,2,0,1,0,1,0,1,1,"-7,72939697","-34,94185854",SPRF-PE,DEL01-PE,UOP02-DEL01-PE
355011,2021-05-01,sábado,18:24:00,PE,101,"43,9",IGARASSU,Acessar a via sem observar a presença dos outros veículos,Colisão transversal,Com Vítimas Feridas,Plena Noite,Decrescente,Céu Claro,Múltipla,Reta,Sim,2,0,1,0,1,0,1,2,"-7,84753808","-34,90977038",SPRF-PE,DEL01-PE,UOP02-DEL01-PE
355013,2021-05-01,sábado,19:15:00,PE,101,44,IGARASSU,Condutor deixou de manter distância do veículo da frente,Colisão traseira,Com Vítimas Feridas,Plena Noite,Decrescente,Céu Claro,Múltipla,Reta,Sim,2,0,1,0,1,0,1,2,"-7,85637001","-34,90842109",SPRF-PE,DEL01-PE,UOP02-DEL01-PE
355018,2021-05-01,sábado,17:00:00,PE,101,"160,1",GAMELEIRA,Velocidade Incompatível,Saída de leito carroçável,Com Vítimas Feridas,Anoitecer,Decrescente,Nublado,Dupla,Aclive,Não,3,0,0,3,0,0,3,1,"-8,55559186","-35,42237611",SPRF-PE,DEL01-PE,UOP01-DEL01-PE
355115,2021-05-01,sábado,13:30:00,PE,232,10,JABOATAO DOS GUARARAPES,Demais falhas mecânicas ou elétricas,Saída de leito carroçável,Sem Vítimas,Pleno dia,Crescente,Chuva,Dupla,Aclive,Sim,1,0,0,0,0,1,0,1,"-8,07948694","-34,98849392",SPRF-PE,DEL01-PE,UOP01-DEL01-PE
355121,2021-05-02,domingo,07:00:00,PE,101,"63,5",RECIFE,Ingestão de álcool pelo condutor,Colisão lateral mesmo sentido,Sem Vítimas,Pleno dia,Crescente,Nublado,Dupla,Reta,Sim,2,0,0,0,1,1,0,2,"-8,00800604","-34,93756535",SPRF-PE,DEL01-PE,UOP01-DEL01-PE
355153,2021-05-02,domingo,11:30:00,PE,104,"60,1",CARUARU,Acessar a via sem observar a presença dos outros veículos,Colisão transversal,Sem Vítimas,Pleno dia,Decrescente,Nublado,Dupla,Retorno Regulamentado,Sim,2,0,0,0,2,0,0,2,"-8,2438","-35,9752",SPRF-PE,DEL02-PE,UOP01-DEL02-PE
355190,2021-05-02,domingo,15:00:00,PE,408,"48,8",NAZARE DA MATA,Ausência de reação do condutor,Saída de leito carroçável,Com Vítimas Feridas,Pleno dia,Decrescente,Céu Claro,Simples,Reta,Não,5,0,5,0,0,0,5,1,"-7,71258178","-35,23873456",SPRF-PE,DEL01-PE,UOP02-DEL01-PE
355192,2021-05-02,domingo,15:15:00,PE,101,"59,4",RECIFE,Entrada inopinada do pedestre,Atropelamento de Pedestre,Com Vítimas Feridas,Pleno dia,Crescente,Céu Claro,Dupla,Reta,Não,3,0,0,1,2,0,1,2,"-7,97698963","-34,92621303",SPRF-PE,DEL01-PE,UOP02-DEL01-PE
355198,2021-05-02,domingo,16:35:00,PE,428,"177,6",PETROLINA,Transitar na contramão,Colisão frontal,Com Vítimas Feridas,Pleno dia,Decrescente,Céu Claro,Simples,Interseção de Vias;Reta       ,Não,2,0,0,1,1,0,1,2,"-9,27622623","-40,43753454",SPRF-PE,DEL06-PE,UOP01-DEL06-PE
355211,2021-05-02,domingo,17:40:00,PE,232,"9,6",RECIFE,Pedestre cruzava a pista fora da faixa,Atropelamento de Pedestre,Com Vítimas Feridas,Plena Noite,Crescente,Nublado,Dupla,Reta,Sim,2,0,1,0,0,1,1,2,"-8,07764447","-34,97863609",SPRF-PE,DEL01-PE,UOP01-DEL01-PE
355244,2021-05-02,domingo,19:30:00,PE,101,"44,6",IGARASSU,Velocidade Incompatível,Colisão traseira,Sem Vítimas,Plena Noite,Decrescente,Céu Claro,Múltipla,Reta,Sim,2,0,0,0,2,0,0,2,"-7,85637001","-34,90842109",SPRF-PE,DEL01-PE,UOP02-DEL01-PE
355245,2021-05-02,domingo,19:10:00,PE,101,"65,5",RECIFE,Pedestre andava na pista,Atropelamento de Pedestre,Com Vítimas Feridas,Plena Noite,Crescente,Céu Claro,Dupla,Reta,Sim,2,0,0,1,0,1,1,2,"-8,029385","-34,943252",SPRF-PE,DEL01-PE,UOP01-DEL01-PE
355317,2021-05-03,segunda-feira,07:30:00,PE,232,"4,4",RECIFE,Acessar a via sem observar a presença dos outros veículos,Colisão lateral mesmo sentido,Com Vítimas Feridas,Pleno dia,Crescente,Chuva,Dupla,Viaduto;Reta                  ,Sim,2,0,0,2,0,0,2,2,"-8,066012","-34,940777",SPRF-PE,DEL01-PE,UOP01-DEL01-PE
355643,2021-05-04,terça-feira,19:58:00,PE,408,102,RECIFE,Pista Escorregadia,Colisão com objeto,Sem Vítimas,Plena Noite,Decrescente,Chuva,Dupla,Reta,Não,1,0,0,0,1,0,0,1,"-8,05323195","-35,00247996",SPRF-PE,DEL01-PE,UOP01-DEL01-PE
355645,2021-05-04,terça-feira,17:25:00,PE,101,"57,4",RECIFE,Manobra de mudança de faixa,Colisão traseira,Com Vítimas Feridas,Anoitecer,Decrescente,Nublado,Dupla,Reta,Sim,3,0,0,1,1,1,1,3,"-7,96346213","-34,91513486",SPRF-PE,DEL01-PE,UOP02-DEL01-PE
355676,2021-05-05,quarta-feira,05:30:00,PE,101,"43,6",IGARASSU,Acessar a via sem observar a presença dos outros veículos,Colisão transversal,Com Vítimas Feridas,Amanhecer,Decrescente,Chuva,Múltipla,Reta,Sim,2,0,0,1,1,0,1,2,"-7,84753808","-34,90977038",SPRF-PE,DEL01-PE,UOP02-DEL01-PE
355687,2021-05-05,quarta-feira,06:50:00,PE,232,"118,4",CARUARU,Reação tardia ou ineficiente do condutor,Saída de leito carroçável,Com Vítimas Feridas,Pleno dia,Crescente,Chuva,Dupla,Reta,Não,1,0,1,0,0,0,1,1,"-8,29431633","-35,88437194",SPRF-PE,DEL02-PE,UOP03-DEL02-PE
355784,2021-05-05,quarta-feira,18:20:00,PE,101,"46,6",IGARASSU,Entrada inopinada do pedestre,Atropelamento de Pedestre,Com Vítimas Feridas,Plena Noite,Crescente,Céu Claro,Múltipla,Reta,Sim,2,0,1,0,1,0,1,2,"-7,87406004","-34,90588126",SPRF-PE,DEL01-PE,UOP02-DEL01-PE
355789,2021-05-05,quarta-feira,18:00:00,PE,232,"8,2",RECIFE,Reação tardia ou ineficiente do condutor,Colisão traseira,Com Vítimas Feridas,Plena Noite,Crescente,Céu Claro,Dupla,Reta,Sim,2,0,1,0,1,0,1,2,"-8,07583727","-34,97015791",SPRF-PE,DEL01-PE,UOP01-DEL01-PE
355817,2021-05-05,quarta-feira,11:05:00,PE,101,46,IGARASSU,Entrada inopinada do pedestre,Colisão transversal,Sem Vítimas,Pleno dia,Decrescente,Céu Claro,Múltipla,Reta,Sim,2,0,0,0,1,1,0,2,"-7,87406004","-34,90588126",SPRF-PE,DEL01-PE,UOP02-DEL01-PE
355879,2021-05-06,quinta-feira,07:30:00,PE,104,60,CARUARU,Acessar a via sem observar a presença dos outros veículos,Colisão lateral mesmo sentido,Com Vítimas Feridas,Pleno dia,Decrescente,Nublado,Dupla,Interseção de Vias,Sim,3,0,2,0,0,1,2,2,"-8,2438","-35,9752",SPRF-PE,DEL02-PE,UOP01-DEL02-PE
355882,2021-05-06,quinta-feira,08:00:00,PE,101,"78,9",RECIFE,Retorno proibido,Colisão transversal,Com Vítimas Feridas,Pleno dia,Decrescente,Céu Claro,Dupla,Reta,Sim,4,0,2,0,2,0,2,3,"-8,13496499","-34,94738614",SPRF-PE,DEL01-PE,UOP01-DEL01-PE
355903,2021-05-06,quinta-feira,09:45:00,PE,101,"54,5",PAULISTA,Demais falhas mecânicas ou elétricas,Queda de ocupante de veículo,Com Vítimas Feridas,Pleno dia,Decrescente,Céu Claro,Dupla,Reta,Sim,2,0,1,1,0,0,2,1,"-7,93961103","-34,90356584",SPRF-PE,DEL01-PE,UOP02-DEL01-PE
355914,2021-05-06,quinta-feira,10:00:00,PE,232,"5,1",RECIFE,Manobra de mudança de faixa,Colisão lateral mesmo sentido,Com Vítimas Feridas,Pleno dia,Decrescente,Céu Claro,Dupla,Reta,Não,2,0,1,0,1,0,1,2,"-8,06795766","-34,94535414",SPRF-PE,DEL01-PE,UOP01-DEL01-PE
356017,2021-05-06,quinta-feira,20:15:00,PE,101,55,PAULISTA,Entrada inopinada do pedestre,Atropelamento de Pedestre,Com Vítimas Feridas,Plena Noite,Crescente,Nublado,Dupla,Reta,Sim,2,0,0,1,1,0,1,2,"-7,94991617","-34,90800619",SPRF-PE,DEL01-PE,UOP02-DEL01-PE
356053,2021-05-07,sexta-feira,02:00:00,PE,101,"71,7",RECIFE,Animais na Pista,Colisão com objeto,Sem Vítimas,Plena Noite,Decrescente,Chuva,Dupla,Reta,Sim,1,0,0,0,1,0,0,1,"-8,07663102","-34,94277871",SPRF-PE,DEL01-PE,UOP01-DEL01-PE
356062,2021-05-07,sexta-feira,06:05:00,PE,101,82,JABOATAO DOS GUARARAPES,Condutor deixou de manter distância do veículo da frente,Colisão traseira,Sem Vítimas,Pleno dia,Crescente,Céu Claro,Dupla,Reta,Sim,2,0,0,0,2,0,0,2,"-8,168383","-34,9376",SPRF-PE,DEL01-PE,UOP01-DEL01-PE
356110,2021-05-07,sexta-feira,05:30:00,PE,232,23,MORENO,Condutor deixou de manter distância do veículo da frente,Colisão transversal,Sem Vítimas,Pleno dia,Decrescente,Sol,Dupla,Reta,Não,1,0,0,0,1,0,0,1,"-8,0992185","-35,09713887",SPRF-PE,DEL01-PE,UOP01-DEL01-PE
356150,2021-05-07,sexta-feira,09:57:00,PE,232,3,RECIFE,Retorno proibido,Eventos atípicos,Sem Vítimas,Pleno dia,Decrescente,Céu Claro,Dupla,Reta,Sim,1,0,0,0,1,0,0,1,"-8,060818","-34,928251",SPRF-PE,DEL01-PE,UOP01-DEL01-PE
356197,2021-05-07,sexta-feira,14:40:00,PE,316,21,ARARIPINA,Transitar no acostamento,Queda de ocupante de veículo,Com Vítimas Feridas,Pleno dia,Crescente,Sol,Simples,Curva,Sim,1,0,1,0,0,0,1,1,"-7,56839315","-40,52717307",SPRF-PE,DEL05-PE,UOP02-DEL05-PE
356208,2021-05-07,sexta-feira,17:15:00,PE,104,"64,8",CARUARU,Acessar a via sem observar a presença dos outros veículos,Colisão lateral mesmo sentido,Sem Vítimas,Anoitecer,Decrescente,Céu Claro,Simples,Interseção de Vias,Sim,2,0,0,0,2,0,0,2,"-8,2783","-35,9815",SPRF-PE,DEL02-PE,UOP01-DEL02-PE
356238,2021-05-07,sexta-feira,19:30:00,PE,101,104,CABO DE SANTO AGOSTINHO,Entrada inopinada do pedestre,Atropelamento de Pedestre,Com Vítimas Fatais,Plena Noite,Crescente,Nublado,Dupla,Reta,Sim,2,1,0,0,0,1,0,2,"-8,29747","-35,064029",SPRF-PE,DEL01-PE,UOP01-DEL01-PE