id,data_inversa,dia_semana,horario,uf,br,km,municipio,causa_acidente,tipo_acidente,classificacao_acidente,fase_dia,sentido_via,condicao_metereologica,tipo_pista,tracado_via,uso_solo,pessoas,mortos,feridos_leves,feridos_graves,ilesos,ignorados,feridos,veiculos,latitude,longitude,regional,delegacia,uop
356330,2021-05-08,sábado,07:30:00,PE,101,88,JABOATAO DOS GUARARAPES,Acessar a via sem observar a presença dos outros veículos,Colisão transversal,Com Vítimas Fatais,Pleno dia,Crescente,Nublado,Dupla,Reta,Não,3,1,0,0,2,0,0,2,"-8,19971387","-34,9785382",SPRF-PE,DEL01-PE,UOP01-DEL01-PE
356442,2021-05-08,sábado,18:35:00,PE,232,"119,6",CARUARU,Pista esburacada,Queda de ocupante de veículo,Com Vítimas Fatais,Plena Noite,Crescente,Nublado,Dupla,Reta,Não,1,1,0,0,0,0,0,1,"-8,2962792","-35,89314995",SPRF-PE,DEL02-PE,UOP03-DEL02-PE
356485,2021-05-08,sábado,21:00:00,PE,104,25,TAQUARITINGA DO NORTE,Condutor Dormindo,Saída de leito carroçável,Com Vítimas Feridas,Plena Noite,Crescente,Céu Claro,Simples,Reta,Não,1,0,1,0,0,0,1,1,"-7,985154","-36,099102",SPRF-PE,DEL02-PE,UOP01-DEL02-PE
356570,2021-05-09,domingo,08:45:00,PE,101,"18,4",GOIANA,Velocidade Incompatível,Saída de leito carroçável,Com Vítimas Feridas,Pleno dia,Crescente,Chuva,Dupla,Reta,Não,3,0,1,0,2,0,1,1,"-7,64778973","-34,95054569",SPRF-PE,DEL01-PE,UOP02-DEL01-PE
356589,2021-05-09,domingo,11:40:00,PE,101,90,CABO DE SANTO AGOSTINHO,Reação tardia ou ineficiente do condutor,Colisão transversal,Com Vítimas Feridas,Pleno dia,Crescente,Nublado,Simples,Reta,Sim,2,0,1,0,1,0,1,2,"-8,21612792","-34,98772817",SPRF-PE,DEL01-PE,UOP01-DEL01-PE
356591,2021-05-09,domingo,10:20:00,PE,101,"70,1",RECIFE,Chuva,Saída de leito carroçável,Com Vítimas Feridas,Pleno dia,Decrescente,Chuva,Dupla,Reta,Não,3,0,1,0,2,0,1,1,"-8,06776119","-34,94265074",SPRF-PE,DEL01-PE,UOP01-DEL01-PE
356610,2021-05-09,domingo,13:15:00,PE,101,70,RECIFE,Condutor deixou de manter distância do veículo da frente,Engavetamento,Com Vítimas Feridas,Pleno dia,Decrescente,Nublado,Dupla,Reta,Sim,3,0,1,0,2,0,1,3,"-8,06776119","-34,94265074",SPRF-PE,DEL01-PE,UOP01-DEL01-PE
356615,2021-05-09,domingo,13:00:00,PE,232,79,GRAVATA,Condutor deixou de manter distância do veículo da frente,Colisão lateral mesmo sentido,Com Vítimas Feridas,Pleno dia,Crescente,Céu Claro,Múltipla,Reta,Não,3,0,2,0,1,0,2,3,"-8,19460572","-35,56074803",SPRF-PE,DEL02-PE,UOP02-DEL02PE
356625,2021-05-09,domingo,14:25:00,PE,408,"33,6",ALIANCA,Acessar a via sem observar a presença dos outros veículos,Colisão transversal,Com Vítimas Feridas,Pleno dia,Decrescente,Sol,Simples,Interseção de Vias,Não,2,0,1,0,1,0,1,2,"-7,5940327","-35,24470263",SPRF-PE,DEL01-PE,UOP02-DEL01-PE
356666,2021-05-09,domingo,17:30:00,PE,423,"97,1",GARANHUNS,Pedestre cruzava a pista fora da faixa,Atropelamento de Pedestre,Com Vítimas Feridas,Anoitecer,Crescente,Chuva,Simples,Aclive;Reta                   ,Sim,2,0,1,0,1,0,1,2,"-8,87788473","-36,49847031",SPRF-PE,DEL03-PE,UOP01-DEL03-PE
356711,2021-05-09,domingo,21:00:00,PE,101,103,CABO DE SANTO AGOSTINHO,Ingestão de álcool ou de substâncias psicoativas pelo pedestre,Atropelamento de Pedestre,Com Vítimas Feridas,Plena Noite,Decrescente,Nublado,Dupla,Curva,Não,2,0,0,1,1,0,1,2,"-8,29241321","-35,05598304",SPRF-PE,DEL01-PE,UOP01-DEL01-PE
356800,2021-05-10,segunda-feira,07:00:00,PE,101,80,JABOATAO DOS GUARARAPES,Condutor deixou de manter distância do veículo da frente,Colisão traseira,Sem Vítimas,Pleno dia,Crescente,Nublado,Dupla,Reta,Sim,2,0,0,0,2,0,0,2,"-8,15112589","-34,9428866",SPRF-PE,DEL01-PE,UOP01-DEL01-PE
356824,2021-05-10,segunda-feira,07:00:00,PE,101,99,CABO DE SANTO AGOSTINHO,Condutor deixou de manter distância do veículo da frente,Colisão lateral mesmo sentido,Com Vítimas Feridas,Pleno dia,Crescente,Chuva,Dupla,Reta,Sim,2,0,1,0,1,0,1,2,"-8,282131","-35,034027",SPRF-PE,DEL01-PE,UOP01-DEL01-PE
356841,2021-05-10,segunda-feira,10:00:00,PE,101,"67,1",RECIFE,Manobra de mudança de faixa,Colisão lateral mesmo sentido,Com Vítimas Feridas,Pleno dia,Crescente,Céu Claro,Múltipla,Reta,Sim,2,0,1,0,1,0,1,2,"-8,042334","-34,943096",SPRF-PE,DEL01-PE,UOP01-DEL01-PE
356893,2021-05-10,segunda-feira,15:15:00,PE,104,47,CARUARU,Pista esburacada,Saída de leito carroçável,Com Vítimas Feridas,Pleno dia,Crescente,Nublado,Dupla,Reta,Não,2,0,2,0,0,0,2,1,"-8,1354","-35,9906",SPRF-PE,DEL02-PE,UOP01-DEL02-PE
356894,2021-05-10,segunda-feira,16:10:00,PE,101,76,RECIFE,Desrespeitar a preferência no cruzamento,Colisão transversal,Com Vítimas Feridas,Pleno dia,Crescente,Nublado,Dupla,Interseção de Vias,Sim,3,0,2,0,1,0,2,2,"-8,11813811","-34,94329214",SPRF-PE,DEL01-PE,UOP01-DEL01-PE
356955,2021-05-10,segunda-feira,20:10:00,PE,104,"64,3",CARUARU,Acessar a via sem observar a presença dos outros veículos,Colisão lateral mesmo sentido,Com Vítimas Feridas,Plena Noite,Decrescente,Garoa/Chuvisco,Múltipla,Reta,Sim,3,0,2,0,1,0,2,2,"-8,2783","-35,9815",SPRF-PE,DEL02-PE,UOP01-DEL02-PE
356990,2021-05-11,terça-feira,01:50:00,PE,232,27,MORENO,Ausência de reação do condutor,Colisão com objeto,Com Vítimas Fatais,Plena Noite,Crescente,Chuva,Múltipla,Reta,Não,1,1,0,0,0,0,0,1,"-8,11429485","-35,12535095",SPRF-PE,DEL01-PE,UOP01-DEL01-PE
357005,2021-05-11,terça-feira,04:20:00,PE,116,52,SALGUEIRO,Acessar a via sem observar a presença dos outros veículos,Atropelamento de Pedestre,Com Vítimas Fatais,Plena Noite,Decrescente,Céu Claro,Simples,Reta,Não,2,1,0,0,1,0,0,2,"-8,293407","-39,120644",SPRF-PE,DEL05-PE,UOP01-DEL05-PE
357067,2021-05-11,terça-feira,13:20:00,PE,408,100,SAO LOURENCO DA MATA,Pista Escorregadia,Saída de leito carroçável,Com Vítimas Feridas,Pleno dia,Decrescente,Chuva,Dupla,Reta,Sim,1,0,1,0,0,0,1,1,"-8,04364056","-35,01674995",SPRF-PE,DEL01-PE,UOP01-DEL01-PE
357087,2021-05-05,quarta-feira,10:20:00,PE,101,"20,3",GOIANA,Condutor deixou de manter distância do veículo da frente,Colisão traseira,Com Vítimas Feridas,Pleno dia,Crescente,Céu Claro,Dupla,Reta,Não,2,0,1,0,0,1,1,2,"-7,66042701","-34,93780401",SPRF-PE,DEL01-PE,UOP02-DEL01-PE
357107,2021-04-25,domingo,19:40:00,PE,423,"58,2",LAJEDO,Avarias e/ou desgaste excessivo no pneu,Eventos atípicos,Com Vítimas Fatais,Plena Noite,Crescente,Céu Claro,Simples,Declive,Não,2,1,1,0,0,0,1,1,"-8,641083","-36,311294",SPRF-PE,DEL03-PE,UOP01-DEL03-PE
357109,2021-04-10,sábado,17:20:00,PE,423,"68,2",JUPI,Reação tardia ou ineficiente do condutor,Colisão transversal,Com Vítimas Feridas,Anoitecer,Decrescente,Chuva,Simples,Declive,Não,5,0,2,2,1,0,4,2,"-8,67263685","-36,39346504",SPRF-PE,DEL03-PE,UOP01-DEL03-PE
357141,2021-05-11,terça-feira,17:50:00,PE,101,47,ABREU E LIMA,Manobra de mudança de faixa,Colisão transversal,Com Vítimas Feridas,Plena Noite,Crescente,Nublado,Múltipla,Reta,Sim,2,0,1,0,1,0,1,2,"-7,88290701","-34,90461208",SPRF-PE,DEL01-PE,UOP02-DEL01-PE
357146,2021-05-11,terça-feira,19:45:00,PE,101,48,ABREU E LIMA,Condutor deixou de manter distância do veículo da frente,Colisão traseira,Com Vítimas Feridas,Plena Noite,Decrescente,Nublado,Múltipla,Reta,Sim,2,0,0,1,1,0,1,2,"-7,89174705","-34,9033493",SPRF-PE,DEL01-PE,UOP02-DEL01-PE
357160,2021-05-11,terça-feira,20:35:00,PE,101,"42,6",IGARASSU,Manobra de mudança de faixa,Colisão transversal,Com Vítimas Feridas,Plena Noite,Crescente,Nublado,Múltipla,Retorno Regulamentado;Reta    ,Sim,2,0,1,0,1,0,1,2,"-7,83887431","-34,91196739",SPRF-PE,DEL01-PE,UOP02-DEL01-PE
357240,2021-05-12,quarta-feira,07:00:00,PE,424,"76,4",CAETES,Manobra de mudança de faixa,Colisão lateral mesmo sentido,Com Vítimas Feridas,Pleno dia,Crescente,Céu Claro,Simples,Aclive,Não,5,0,4,1,0,0,5,2,"-8,80996529","-36,5762862",SPRF-PE,DEL03-PE,UOP01-DEL03-PE
357254,2021-05-12,quarta-feira,09:25:00,PE,408,82,PAUDALHO,Reação tardia ou ineficiente do condutor,Colisão lateral mesmo sentido,Com Vítimas Feridas,Pleno dia,Decrescente,Nublado,Dupla,Reta,Sim,3,0,2,1,0,0,3,3,"-7,94114095","-35,12370495",SPRF-PE,DEL01-PE,UOP01-DEL01-PE
357274,2021-05-12,quarta-feira,14:05:00,PE,232,"8,5",RECIFE,Manobra de mudança de faixa,Colisão lateral mesmo sentido,Com Vítimas Feridas,Pleno dia,Crescente,Nublado,Dupla,Reta,Sim,2,0,2,0,0,0,2,2,"-8,07583727","-34,97015791",SPRF-PE,DEL01-PE,UOP01-DEL01-PE
357449,2021-04-30,sexta-feira,18:30:00,PE,101,"37,2",ITAPISSUMA,Desrespeitar a preferência no cruzamento,Colisão transversal,Com Vítimas Feridas,Plena Noite,Decrescente,Nublado,Dupla,Aclive,Não,4,0,0,3,1,0,3,2,"-7,79726705","-34,9274932",SPRF-PE,DEL01-PE,UOP02-DEL01-PE
357453,2021-05-13,quinta-feira,11:25:00,PE,232,46,VITORIA DE SANTO ANTAO,Acumulo de água sobre o pavimento,Saída de leito carroçável,Com Vítimas Feridas,Pleno dia,Crescente,Chuva,Dupla,Reta,Não,1,0,1,0,0,0,1,1,"-8,13346726","-35,28918683",SPRF-PE,DEL01-PE,UOP01-DEL01-PE
357517,2021-05-13,quinta-feira,15:40:00,PE,104,72,CARUARU,Acostamento em desnível,Tombamento,Com Vítimas Feridas,Pleno dia,Crescente,Garoa/Chuvisco,Simples,Curva,Sim,2,0,0,2,0,0,2,1,"-8,33588106","-35,98043919",SPRF-PE,DEL02-PE,UOP01-DEL02-PE
357519,2021-05-13,quinta-feira,14:15:00,PE,101,73,RECIFE,Acumulo de água sobre o pavimento,Saída de leito carroçável,Com Vítimas Feridas,Pleno dia,Decrescente,Chuva,Dupla,Reta,Não,2,0,2,0,0,0,2,1,"-8,093369","-34,947464",SPRF-PE,DEL01-PE,UOP01-DEL01-PE
357548,2021-05-13,quinta-feira,22:10:00,PE,232,"59,5",POMBOS,Acessar a via sem observar a presença dos outros veículos,Colisão lateral mesmo sentido,Sem Vítimas,Plena Noite,Decrescente,Chuva,Simples,Interseção de Vias,Sim,2,0,0,0,2,0,0,2,"-8,1471233","-35,39890998",SPRF-PE,DEL02-PE,UOP02-DEL02PE
357582,2021-05-06,quinta-feira,09:10:00,PE,101,71,RECIFE,Trafegar com motocicleta (ou similar) entre as faixas,Colisão lateral mesmo sentido,Com Vítimas Feridas,Pleno dia,Decrescente,Chuva,Múltipla,Reta,Sim,3,0,1,0,1,1,1,3,"-8,07663102","-34,94277871",SPRF-PE,DEL01-PE,UOP01-DEL01-PE
357619,2021-05-14,sexta-feira,11:20:00,PE,232,"27,1",MORENO,Chuva,Colisão com objeto,Com Vítimas Feridas,Pleno dia,Decrescente,Chuva,Dupla,Reta;Aclive                   ,Não,1,0,1,0,0,0,1,1,"-8,11418416","-35,12568999",SPRF-PE,DEL01-PE,UOP01-DEL01-PE
357737,2021-05-14,sexta-feira,21:40:00,PE,101,72,RECIFE,Animais na Pista,Atropelamento de Animal,Com Vítimas Feridas,Plena Noite,Decrescente,Nublado,Dupla,Reta,Sim,1,0,1,0,0,0,1,1,"-8,088935","-34,946687",SPRF-PE,DEL01-PE,UOP01-DEL01-PE
357821,2021-04-26,segunda-feira,17:10:00,PE,232,408,SERRA TALHADA,Acessar a via sem observar a presença dos outros veículos,Colisão lateral mesmo sentido,Com Vítimas Feridas,Anoitecer,Decrescente,Sol,Simples,Reta,Sim,2,0,1,1,0,0,2,2,"-7,98371447","-38,28047709",SPRF-PE,DEL04-PE,UOP01-DEL04-PE
357827,2021-05-15,sábado,08:20:00,PE,232,34,MORENO,Animais na Pista,Engavetamento,Com Vítimas Feridas,Pleno dia,Crescente,Sol,Dupla,Reta,Sim,6,0,1,0,5,0,1,5,"-8,10702537","-35,18394691",SPRF-PE,DEL01-PE,UOP01-DEL01-PE
357860,2021-05-15,sábado,14:15:00,PE,101,78,JABOATAO DOS GUARARAPES,Reação tardia ou ineficiente do condutor,Colisão transversal,Com Vítimas Feridas,Pleno dia,Crescente,Céu Claro,Dupla,Reta,Sim,2,0,1,0,1,0,1,2,"-8,131365","-34,945447",SPRF-PE,DEL01-PE,UOP01-DEL01-PE
357890,2021-05-15,sábado,16:36:00,PE,424,83,GARANHUNS,Velocidade Incompatível,Saída de leito carroçável,Sem Vítimas,Pleno dia,Crescente,Nublado,Simples,Curva,Não,1,0,0,0,0,1,0,1,"-8,848309","-36,520882",SPRF-PE,DEL03-PE,UOP01-DEL03-PE
357911,2021-05-15,sábado,17:55:00,PE,101,"49,4",ABREU E LIMA,Demais falhas mecânicas ou elétricas,Colisão traseira,Com Vítimas Feridas,Anoitecer,Crescente,Vento,Múltipla,Reta,Sim,3,0,1,0,2,0,1,3,"-7,9005152","-34,90180641",SPRF-PE,DEL01-PE,UOP02-DEL01-PE
357921,2021-05-15,sábado,18:40:00,PE,423,76,JUPI,Transitar na contramão,Colisão frontal,Com Vítimas Feridas,Plena Noite,Crescente,Nublado,Simples,Reta,Não,2,0,1,0,0,1,1,2,"-8,73183901","-36,43146015",SPRF-PE,DEL03-PE,UOP01-DEL03-PE
357930,2021-05-15,sábado,19:35:00,PE,101,"67,7",RECIFE,Reação tardia ou ineficiente do condutor,Colisão traseira,Com Vítimas Feridas,Plena Noite,Crescente,Céu Claro,Dupla,Reta,Sim,5,0,0,1,3,1,1,2,"-8,048193","-34,945388",SPRF-PE,DEL01-PE,UOP01-DEL01-PE
357995,2021-05-16,domingo,03:10:00,PE,104,57,CARUARU,Afundamento ou ondulação no pavimento,Tombamento,Com Vítimas Feridas,Plena Noite,Crescente,Céu Claro,Dupla,Reta,Não,1,0,1,0,0,0,1,1,"-8,2181","-35,9747",SPRF-PE,DEL02-PE,UOP01-DEL02-PE
358009,2021-05-16,domingo,05:30:00,PE,423,104,GARANHUNS,Ingestão de álcool pelo condutor,Colisão com objeto,Com Vítimas Feridas,Amanhecer,Crescente,Nublado,Simples,Reta,Não,3,0,2,0,0,1,2,1,"-8,878088","-36,55892",SPRF-PE,DEL03-PE,UOP01-DEL03-PE
358045,2021-05-16,domingo,09:50:00,PE,104,45,CARUARU,Demais falhas mecânicas ou elétricas,Saída de leito carroçável,Com Vítimas Feridas,Pleno dia,Decrescente,Céu Claro,Dupla,Curva,Não,1,0,1,0,0,0,1,1,"-8,1203","-35,999",SPRF-PE,DEL02-PE,UOP01-DEL02-PE
358081,2021-05-16,domingo,12:30:00,PE,408,36,ALIANCA,Ausência de reação do condutor,Saída de leito carroçável,Sem Vítimas,Pleno dia,Crescente,Céu Claro,Simples,Curva;Declive                 ,Não,1,0,0,0,0,1,0,1,"-7,61947891","-35,24140725",SPRF-PE,DEL01-PE,UOP02-DEL01-PE
358087,2021-05-16,domingo,14:15:00,PE,232,"13,2",JABOATAO DOS GUARARAPES,Reação tardia ou ineficiente do condutor,Saída de leito carroçável,Com Vítimas Fatais,Pleno dia,Crescente,Céu Claro,Dupla,Reta,Não,6,1,4,0,0,1,4,4,"-8,088178","-35,010816",SPRF-PE,DEL01-PE,UOP01-DEL01-PE
358097,2021-05-16,domingo,15:00:00,PE,101,"92,5",CABO DE SANTO AGOSTINHO,Acessar a via sem observar a presença dos outros veículos,Colisão transversal,Com Vítimas Feridas,Pleno dia,Decrescente,Céu Claro,Simples,Reta,Sim,4,0,0,2,2,0,2,3,"-8,23201792","-34,99778611",SPRF-PE,DEL01-PE,UOP01-DEL01-PE
358223,2021-05-17,segunda-feira,00:05:00,PE,408,"85,4",SAO LOURENCO DA MATA,Velocidade Incompatível,Saída de leito carroçável,Sem Vítimas,Plena Noite,Decrescente,Céu Claro,Dupla,Aclive,Não,1,0,0,0,0,1,0,1,"-7,956086","-35,10007",SPRF-PE,DEL01-PE,UOP01-DEL01-PE
358299,2021-05-17,segunda-feira,12:10:00,PE,232,9,RECIFE,Condutor deixou de manter distância do veículo da frente,Colisão traseira,Com Vítimas Feridas,Pleno dia,Decrescente,Sol,Dupla,Reta,Sim,2,0,1,0,1,0,1,2,"-8,07764447","-34,97863609",SPRF-PE,DEL01-PE,UOP01-DEL01-PE
358305,2021-04-30,sexta-feira,09:10:00,PE,408,"96,1",SAO LOURENCO DA MATA,Ausência de reação do condutor,Colisão traseira,Com Vítimas Feridas,Pleno dia,Crescente,Nublado,Dupla,Declive,Não,2,0,2,0,0,0,2,2,"-8,02062","-35,041045",SPRF-PE,DEL01-PE,UOP01-DEL01-PE
358336,2021-05-17,segunda-feira,15:59:00,PE,428,"186,9",PETROLINA,Reação tardia ou ineficiente do condutor,Colisão traseira,Com Vítimas Feridas,Pleno dia,Crescente,Nublado,Simples,Reta,Sim,2,0,1,0,1,0,1,2,"-9,34807826","-40,47441248",SPRF-PE,DEL06-PE,UOP01-DEL06-PE
358342,2021-05-01,sábado,19:30:00,PE,408,"60,6",TRACUNHAEM,Transitar na contramão,Colisão frontal,Com Vítimas Feridas,Plena Noite,Crescente,Chuva,Simples,Curva,Não,6,0,3,1,1,1,4,3,"-7,81426694","-35,24460015",SPRF-PE,DEL01-PE,UOP01-DEL01-PE
358353,2021-05-17,segunda-feira,16:15:00,PE,232,176,BELO JARDIM,Acessar a via sem observar a presença dos outros veículos,Colisão frontal,Com Vítimas Feridas,Pleno dia,Crescente,Nublado,Simples,Reta,Não,2,0,0,1,1,0,1,2,"-8,34573608","-36,39481995",SPRF-PE,DEL02-PE,UOP03-DEL02-PE
358357,2021-05-17,segunda-feira,17:50:00,PE,101,72,RECIFE,Transitar no acostamento,Colisão transversal,Com Vítimas Feridas,Anoitecer,Decrescente,Nublado,Dupla,Reta,Sim,2,0,1,0,1,0,1,2,"-8,08493106","-34,9450639",SPRF-PE,DEL01-PE,UOP01-DEL01-PE
358401,2021-05-17,segunda-feira,21:00:00,PE,101,66,RECIFE,Condutor deixou de manter distância do veículo da frente,Colisão com objeto,Com Vítimas Feridas,Plena Noite,Decrescente,Céu Claro,Dupla,Interseção de Vias,Sim,2,0,2,0,0,0,2,1,"-8,03368534","-34,94184125",SPRF-PE,DEL01-PE,UOP01-DEL01-PE
358453,2021-04-04,domingo,18:25:00,PE,104,"67,9",CARUARU,Condutor deixou de manter distância do veículo da frente,Colisão traseira,Com Vítimas Feridas,Plena Noite,Decrescente,Chuva,Dupla,Reta,Sim,2,0,1,1,0,0,2,1,"-8,3016","-35,9882",SPRF-PE,DEL02-PE,UOP01-DEL02-PE
358467,2021-05-18,terça-feira,08:00:00,PE,408,"95,4",SAO LOURENCO DA MATA,Condutor deixou de manter distância do veículo da frente,Colisão traseira,Com Vítimas Feridas,Pleno dia,Crescente,Céu Claro,Dupla,Reta,Não,2,0,1,0,1,0,1,2,"-8,01186091","-35,04237616",SPRF-PE,DEL01-PE,UOP01-DEL01-PE
358494,2021-05-18,terça-feira,13:30:00,PE,428,"177,9",PETROLINA,Ingestão de álcool pelo condutor,Colisão transversal,Com Vítimas Feridas,Pleno dia,Decrescente,Céu Claro,Simples,Reta,Não,2,0,1,0,1,0,1,2,"-9,27622623","-40,43753454",SPRF-PE,DEL06-PE,UOP01-DEL06-PE
358496,2021-05-17,segunda-feira,10:20:00,PE,232,"447,9",SAO JOSE DO BELMONTE,Acessar a via sem observar a presença dos outros veículos,Colisão transversal,Com Vítimas Feridas,Pleno dia,Crescente,Céu Claro,Simples,Curva,Sim,2,0,0,1,0,1,1,2,"-7,99961227","-38,61712517",SPRF-PE,DEL04-PE,UOP01-DEL04-PE
358614,2021-05-19,quarta-feira,06:30:00,PE,101,91,CABO DE SANTO AGOSTINHO,Ultrapassagem Indevida,Colisão lateral mesmo sentido,Com Vítimas Feridas,Pleno dia,Decrescente,Céu Claro,Múltipla,Curva,Sim,2,0,1,0,1,0,1,2,"-8,22399812","-34,99290474",SPRF-PE,DEL01-PE,UOP01-DEL01-PE
358654,2021-05-19,quarta-feira,11:40:00,PE,428,"186,6",PETROLINA,Conversão proibida,Colisão transversal,Com Vítimas Feridas,Pleno dia,Crescente,Sol,Simples,Reta,Sim,2,0,1,0,1,0,1,2,"-9,36351487","-40,48241168",SPRF-PE,DEL06-PE,UOP01-DEL06-PE
358673,2021-04-30,sexta-feira,12:20:00,PE,101,77,RECIFE,Acessar a via sem observar a presença dos outros veículos,Colisão transversal,Com Vítimas Feridas,Pleno dia,Crescente,Chuva,Dupla,Reta,Sim,2,0,1,0,1,0,1,2,"-8,126982","-34,94386",SPRF-PE,DEL01-PE,UOP01-DEL01-PE
358709,2021-05-19,quarta-feira,16:30:00,PE,407,129,PETROLINA,Modificação proibida,Colisão traseira,Com Vítimas Feridas,Pleno dia,Decrescente,Sol,Dupla,Ponte,Sim,2,0,1,0,1,0,1,2,"-9,40617677","-40,50449967",SPRF-PE,DEL06-PE,UOP01-DEL06-PE
358858,2021-05-20,quinta-feira,11:30:00,PE,232,"77,9",GRAVATA,Estacionar ou parar em local proibido,Colisão traseira,Com Vítimas Feridas,Pleno dia,Decrescente,Sol,Simples,Reta,Sim,2,0,1,0,1,0,1,2,"-8,19343863","-35,54300692",SPRF-PE,DEL02-PE,UOP02-DEL02PE
358887,2021-05-20,quinta-feira,15:40:00,PE,232,"6,1",RECIFE,Ausência de reação do condutor,Colisão lateral mesmo sentido,Com Vítimas Feridas,Pleno dia,Crescente,Céu Claro,Dupla,Reta,Não,3,0,1,1,1,0,2,2,"-8,07079525","-34,9535389",SPRF-PE,DEL01-PE,UOP01-DEL01-PE
358895,2021-05-20,quinta-feira,16:55:00,PE,101,"73,2",RECIFE,Condutor deixou de manter distância do veículo da frente,Colisão lateral mesmo sentido,Sem Vítimas,Pleno dia,Decrescente,Céu Claro,Dupla,Reta,Sim,3,0,0,0,2,1,0,2,"-8,094905","-34,948488",SPRF-PE,DEL01-PE,UOP01-DEL01-PE
358917,2021-05-20,quinta-feira,17:55:00,PE,232,"400,6",SERRA TALHADA,Ausência de reação do condutor,Tombamento,Com Vítimas Feridas,Plena Noite,Decrescente,Céu Claro,Simples,Curva,Não,2,0,2,0,0,0,2,1,"-8,01192014","-38,23408003",SPRF-PE,DEL04-PE,UOP01-DEL04-PE
358927,2021-05-20,quinta-feira,18:50:00,PE,232,"225,9",PESQUEIRA,Ingestão de álcool pelo condutor,Colisão lateral sentido oposto,Com Vítimas Feridas,Plena Noite,Crescente,Chuva,Simples,Reta,Não,2,0,1,0,1,0,1,2,"-8,40348197","-36,82849199",SPRF-PE,DEL03-PE,UOP02-DEL03-PE
358974,2021-05-20,quinta-feira,09:40:00,PE,,,SAO LOURENCO DA MATA,Ausência de reação do condutor,Colisão com objeto,Sem Vítimas,Pleno dia,Não Informado,Céu Claro,Simples,Declive,Não,1,0,0,0,1,0,0,1,"-8,011298","-35,042343",SPRF-PE,DEL01-PE,UOP01-DEL01-PE
358986,2021-05-21,sexta-feira,01:40:00,PE,232,"333,3",CUSTODIA,Animais na Pista,Atropelamento de Animal,Sem Vítimas,Plena Noite,Decrescente,Chuva,Simples,Reta,Não,1,0,0,0,1,0,0,1,"-8,08965239","-37,61544943",SPRF-PE,DEL03-PE,UOP02-DEL03-PE
358993,2021-05-21,sexta-feira,04:30:00,PE,232,"66,5",GRAVATA,Condutor Dormindo,Saída de leito carroçável,Com Vítimas Feridas,Plena Noite,Decrescente,Chuva,Simples,Reta,Não,6,0,4,1,1,0,5,1,"-8,16707371","-35,45583389",SPRF-PE,DEL02-PE,UOP02-DEL02PE
359021,2021-05-21,sexta-feira,08:40:00,PE,101,"66,9",RECIFE,Condutor deixou de manter distância do veículo da frente,Colisão traseira,Sem Vítimas,Pleno dia,Crescente,Nublado,Dupla,Reta,Sim,2,0,0,0,2,0,0,2,"-8,03368534","-34,94184125",SPRF-PE,DEL01-PE,UOP01-DEL01-PE
359027,2021-05-21,sexta-feira,07:40:00,PE,101,"66,9",RECIFE,Trafegar com motocicleta (ou similar) entre as faixas,Colisão traseira,Com Vítimas Feridas,Pleno dia,Crescente,Chuva,Dupla,Reta,Sim,3,0,1,0,2,0,1,2,"-8,04151609","-34,94271582",SPRF-PE,DEL01-PE,UOP01-DEL01-PE
359032,2021-05-21,sexta-feira,07:20:00,PE,101,"109,2",CABO DE SANTO AGOSTINHO,Pista esburacada,Colisão lateral mesmo sentido,Com Vítimas Feridas,Pleno dia,Crescente,Garoa/Chuvisco,Dupla,Curva,Não,3,0,1,0,2,0,1,2,"-8,31012798","-35,09967817",SPRF-PE,DEL01-PE,UOP01-DEL01-PE
359049,2021-05-21,sexta-feira,12:10:00,PE,101,66,RECIFE,Acessar a via sem observar a presença dos outros veículos,Colisão lateral mesmo sentido,Sem Vítimas,Pleno dia,Crescente,Céu Claro,Dupla,Curva,Sim,3,0,0,0,3,0,0,3,"-8,03368534","-34,94184125",SPRF-PE,DEL01-PE,UOP01-DEL01-PE
359221,2021-05-22,sábado,07:30:00,PE,101,167,RIBEIRAO,Manobra de mudança de faixa,Saída de leito carroçável,Com Vítimas Feridas,Pleno dia,Decrescente,Nublado,Dupla,Reta,Não,2,0,1,0,1,0,1,1,"-8,56679186","-35,47528312",SPRF-PE,DEL01-PE,UOP01-DEL01-PE
359306,2021-05-22,sábado,16:40:00,PE,101,"78,6",JABOATAO DOS GUARARAPES,Entrada inopinada do pedestre,Atropelamento de Pedestre,Com Vítimas Feridas,Pleno dia,Crescente,Céu Claro,Dupla,Reta,Não,2,0,1,0,1,0,1,2,"-8,142821","-34,947104",SPRF-PE,DEL01-PE,UOP01-DEL01-PE
359354,2021-05-22,sábado,18:50:00,PE,104,87,AGRESTINA,Ingestão de álcool pelo condutor,Colisão frontal,Com Vítimas Feridas,Plena Noite,Decrescente,Céu Claro,Simples,Reta,Sim,4,0,3,0,1,0,3,2,"-8,454104","-35,945515",SPRF-PE,DEL02-PE,UOP01-DEL02-PE
359389,2021-05-22,sábado,20:40:00,PE,232,"329,9",CUSTODIA,Reação tardia ou ineficiente do condutor,Colisão traseira,Sem Vítimas,Plena Noite,Crescente,Nublado,Simples,Declive;Reta                  ,Não,2,0,0,0,2,0,0,2,"-8,09062964","-37,60175697",SPRF-PE,DEL03-PE,UOP02-DEL03-PE