id,data_inversa,dia_semana,horario,uf,br,km,municipio,causa_acidente,tipo_acidente,classificacao_acidente,fase_dia,sentido_via,condicao_metereologica,tipo_pista,tracado_via,uso_solo,pessoas,mortos,feridos_leves,feridos_graves,ilesos,ignorados,feridos,veiculos,latitude,longitude,regional,delegacia,uop
359398,2021-05-22,sábado,21:00:00,PE,232,"412,6",SERRA TALHADA,Reação tardia ou ineficiente do condutor,Colisão com objeto,Sem Vítimas,Plena Noite,Crescente,Céu Claro,Simples,Ponte,Sim,1,0,0,0,0,1,0,1,"-7,98377927","-38,3208774",SPRF-PE,DEL04-PE,UOP01-DEL04-PE
359439,2021-05-23,domingo,03:50:00,PE,408,69,PAUDALHO,Velocidade Incompatível,Saída de leito carroçável,Com Vítimas Fatais,Plena Noite,Crescente,Nublado,Dupla,Reta,Não,2,2,0,0,0,0,0,1,"-7,87003147","-35,20278623",SPRF-PE,DEL01-PE,UOP01-DEL01-PE
359476,2021-05-23,domingo,08:05:00,PE,101,112,IPOJUCA,Demais falhas mecânicas ou elétricas,Colisão com objeto,Com Vítimas Feridas,Pleno dia,Decrescente,Sol,Dupla,Reta,Não,1,0,1,0,0,0,1,1,"-8,331422","-35,125286",SPRF-PE,DEL01-PE,UOP01-DEL01-PE
359522,2021-01-12,terça-feira,12:54:00,PE,232,168,TACAIMBO,Reação tardia ou ineficiente do condutor,Tombamento,Com Vítimas Feridas,Pleno dia,Decrescente,Ignorado,Simples,Reta,Não,1,0,0,1,0,0,1,1,"-8,34025462","-36,32320404",SPRF-PE,DEL02-PE,UOP03-DEL02-PE
359585,2021-05-23,domingo,20:00:00,PE,232,123,CARUARU,Ingestão de álcool pelo condutor,Colisão transversal,Sem Vítimas,Plena Noite,Decrescente,Céu Claro,Dupla,Reta,Não,2,0,0,0,2,0,0,2,"-8,30562575","-35,93336105",SPRF-PE,DEL02-PE,UOP03-DEL02-PE
359639,2021-05-23,domingo,23:40:00,PE,428,"176,9",PETROLINA,Pedestre andava na pista,Atropelamento de Pedestre,Com Vítimas Fatais,Plena Noite,Decrescente,Céu Claro,Simples,Reta,Não,2,1,0,0,0,1,0,2,"-9,26824308","-40,43343586",SPRF-PE,DEL06-PE,UOP01-DEL06-PE
359703,2021-05-24,segunda-feira,09:50:00,PE,232,"66,5",GRAVATA,Reação tardia ou ineficiente do condutor,Saída de leito carroçável,Com Vítimas Feridas,Pleno dia,Decrescente,Sol,Dupla,Declive;Curva                 ,Não,1,0,1,0,0,0,1,1,"-8,16707371","-35,45583389",SPRF-PE,DEL02-PE,UOP02-DEL02PE
359706,2021-05-24,segunda-feira,08:18:00,PE,101,7,GOIANA,Manobra de mudança de faixa,Saída de leito carroçável,Com Vítimas Feridas,Pleno dia,Decrescente,Sol,Dupla,Curva,Não,3,0,2,0,0,1,2,2,"-7,55997111","-34,99072674",SPRF-PE,DEL01-PE,UOP02-DEL01-PE
359718,2021-05-24,segunda-feira,13:10:00,PE,101,"44,8",IGARASSU,Condutor deixou de manter distância do veículo da frente,Colisão traseira,Com Vítimas Feridas,Pleno dia,Decrescente,Sol,Múltipla,Reta,Sim,3,0,0,1,2,0,1,2,"-7,85637001","-34,90842109",SPRF-PE,DEL01-PE,UOP02-DEL01-PE
359720,2021-05-24,segunda-feira,13:49:00,PE,407,"126,3",PETROLINA,Retorno proibido,Colisão transversal,Com Vítimas Feridas,Pleno dia,Crescente,Sol,Simples,Reta,Sim,2,0,1,0,1,0,1,2,"-9,38491309","-40,52809509",SPRF-PE,DEL06-PE,UOP01-DEL06-PE
359759,2021-05-24,segunda-feira,16:55:00,PE,101,"78,2",RECIFE,Manobra de mudança de faixa,Colisão lateral mesmo sentido,Com Vítimas Feridas,Anoitecer,Decrescente,Céu Claro,Dupla,Reta,Sim,4,0,1,0,3,0,1,2,"-8,137335","-34,947342",SPRF-PE,DEL01-PE,UOP01-DEL01-PE
359776,2021-05-24,segunda-feira,19:40:00,PE,428,189,PETROLINA,Acessar a via sem observar a presença dos outros veículos,Colisão transversal,Com Vítimas Feridas,Plena Noite,Crescente,Céu Claro,Dupla,Reta,Sim,2,0,2,0,0,0,2,2,"-9,37197508","-40,48679585",SPRF-PE,DEL06-PE,UOP01-DEL06-PE
359793,2021-05-24,segunda-feira,21:50:00,PE,232,"97,6",BEZERROS,Condutor Dormindo,Colisão traseira,Com Vítimas Feridas,Plena Noite,Crescente,Céu Claro,Dupla,Reta,Não,3,0,1,0,2,0,1,2,"-8,23379718","-35,71628894",SPRF-PE,DEL02-PE,UOP02-DEL02PE
359814,2021-05-25,terça-feira,05:50:00,PE,232,"4,5",RECIFE,Condutor Dormindo,Colisão traseira,Com Vítimas Feridas,Pleno dia,Decrescente,Céu Claro,Dupla,Declive,Sim,6,0,1,0,5,0,1,2,"-8,064473","-34,936928",SPRF-PE,DEL01-PE,UOP01-DEL01-PE
359822,2021-05-25,terça-feira,06:40:00,PE,101,87,CABO DE SANTO AGOSTINHO,Condutor deixou de manter distância do veículo da frente,Colisão traseira,Com Vítimas Feridas,Pleno dia,Crescente,Sol,Simples,Reta,Sim,3,0,1,0,2,0,1,3,"-8,22567684","-34,96767998",SPRF-PE,DEL01-PE,UOP01-DEL01-PE
359899,2021-05-25,terça-feira,15:44:00,PE,407,"48,2",PETROLINA,Reação tardia ou ineficiente do condutor,Capotamento,Com Vítimas Feridas,Pleno dia,Decrescente,Céu Claro,Simples,Reta,Não,4,0,3,1,0,0,4,1,"-8,79740558","-40,86708064",SPRF-PE,DEL06-PE,UOP02-DEL06-PE
359927,2021-05-25,terça-feira,18:25:00,PE,232,"5,3",RECIFE,Condutor deixou de manter distância do veículo da frente,Colisão traseira,Com Vítimas Feridas,Plena Noite,Decrescente,Nublado,Dupla,Reta,Sim,3,0,1,0,2,0,1,3,"-8,06795766","-34,94535414",SPRF-PE,DEL01-PE,UOP01-DEL01-PE
360019,2021-05-26,quarta-feira,08:25:00,PE,232,127,CARUARU,Acessar a via sem observar a presença dos outros veículos,Colisão lateral mesmo sentido,Com Vítimas Feridas,Pleno dia,Crescente,Céu Claro,Simples,Viaduto,Sim,2,0,1,0,1,0,1,2,"-8,30610303","-35,96342301",SPRF-PE,DEL02-PE,UOP03-DEL02-PE
360194,2021-05-14,sexta-feira,22:45:00,PE,316,58,TRINDADE,Transitar na contramão,Colisão frontal,Com Vítimas Feridas,Plena Noite,Decrescente,Chuva,Simples,Aclive,Sim,2,0,0,1,0,1,1,2,"-7,75370631","-40,26496546",SPRF-PE,DEL05-PE,UOP02-DEL05-PE
360282,2021-05-23,domingo,19:00:00,PE,424,"43,9",VENTUROSA,Falta de acostamento,Colisão traseira,Com Vítimas Feridas,Plena Noite,Crescente,Nevoeiro/Neblina,Simples,Aclive,Não,3,0,0,2,1,0,2,2,"-8,674274","-36,808548",SPRF-PE,DEL03-PE,UOP01-DEL03-PE
360310,2021-05-27,quinta-feira,17:30:00,PE,407,"121,4",PETROLINA,Demais falhas mecânicas ou elétricas,Tombamento,Com Vítimas Feridas,Anoitecer,Crescente,Céu Claro,Simples,Reta,Não,3,0,2,0,1,0,2,1,"-9,34588493","-40,55509788",SPRF-PE,DEL06-PE,UOP01-DEL06-PE
360357,2021-05-27,quinta-feira,18:30:00,PE,428,141,PETROLINA,Acessar a via sem observar a presença dos outros veículos,Colisão lateral mesmo sentido,Com Vítimas Feridas,Anoitecer,Decrescente,Ignorado,Simples,Reta,Sim,1,0,0,1,0,0,1,1,"-8,99987394","-40,2721263",SPRF-PE,DEL06-PE,UOP01-DEL06-PE
360415,2021-05-22,sábado,09:30:00,PE,408,"86,6",PAUDALHO,Velocidade Incompatível,Saída de leito carroçável,Com Vítimas Feridas,Pleno dia,Decrescente,Céu Claro,Simples,Declive;Curva                 ,Não,2,0,0,2,0,0,2,1,"-7,96439","-35,092736",SPRF-PE,DEL01-PE,UOP01-DEL01-PE
360487,2021-05-28,sexta-feira,16:25:00,PE,101,"77,5",RECIFE,Acessar a via sem observar a presença dos outros veículos,Colisão lateral mesmo sentido,Com Vítimas Feridas,Pleno dia,Crescente,Nublado,Dupla,Reta;Retorno Regulamentado    ,Sim,2,0,1,0,1,0,1,2,"-8,126982","-34,94386",SPRF-PE,DEL01-PE,UOP01-DEL01-PE
360566,2021-05-28,sexta-feira,19:10:00,PE,423,"59,8",LAJEDO,Ultrapassagem Indevida,Colisão frontal,Com Vítimas Feridas,Plena Noite,Crescente,Céu Claro,Simples,Reta,Sim,4,0,2,0,2,0,2,2,"-8,64676387","-36,31558317",SPRF-PE,DEL03-PE,UOP01-DEL03-PE
360581,2021-05-28,sexta-feira,20:15:00,PE,101,103,CABO DE SANTO AGOSTINHO,Curva acentuada,Saída de leito carroçável,Com Vítimas Feridas,Plena Noite,Decrescente,Chuva,Dupla,Curva,Não,1,0,1,0,0,0,1,1,"-8,29241321","-35,05598304",SPRF-PE,DEL01-PE,UOP01-DEL01-PE
360665,2021-05-29,sábado,07:00:00,PE,101,89,JABOATAO DOS GUARARAPES,Ausência de reação do condutor,Capotamento,Com Vítimas Feridas,Pleno dia,Crescente,Céu Claro,Dupla,Curva,Não,1,0,1,0,0,0,1,1,"-8,20760697","-34,98372005",SPRF-PE,DEL01-PE,UOP01-DEL01-PE
360718,2021-05-29,sábado,11:50:00,PE,101,67,RECIFE,Condutor deixou de manter distância do veículo da frente,Colisão com objeto,Sem Vítimas,Pleno dia,Crescente,Sol,Dupla,Reta,Sim,1,0,0,0,1,0,0,1,"-8,042334","-34,943096",SPRF-PE,DEL01-PE,UOP01-DEL01-PE
360722,2021-05-29,sábado,13:15:00,PE,101,"77,8",RECIFE,Condutor deixou de manter distância do veículo da frente,Colisão lateral mesmo sentido,Com Vítimas Feridas,Pleno dia,Decrescente,Céu Claro,Dupla,Curva,Não,3,0,1,0,1,1,1,3,"-8,126982","-34,94386",SPRF-PE,DEL01-PE,UOP01-DEL01-PE
360781,2021-05-29,sábado,17:30:00,PE,104,77,AGRESTINA,Ingestão de álcool pelo condutor,Colisão traseira,Com Vítimas Feridas,Anoitecer,Decrescente,Céu Claro,Simples,Reta,Não,4,0,2,0,0,2,2,2,"-8,375978","-35,983662",SPRF-PE,DEL02-PE,UOP01-DEL02-PE
360791,2021-05-29,sábado,17:30:00,PE,104,"77,7",CARUARU,Animais na Pista,Atropelamento de Animal,Com Vítimas Feridas,Anoitecer,Decrescente,Céu Claro,Simples,Reta,Não,1,0,1,0,0,0,1,1,"-8,375978","-35,983662",SPRF-PE,DEL02-PE,UOP01-DEL02-PE
360840,2021-05-29,sábado,20:00:00,PE,232,391,SERRA TALHADA,Animais na Pista,Atropelamento de Animal,Com Vítimas Feridas,Plena Noite,Decrescente,Céu Claro,Simples,Reta,Não,2,0,2,0,0,0,2,1,"-8,03043186","-38,14760499",SPRF-PE,DEL04-PE,UOP01-DEL04-PE
361082,2021-05-30,domingo,22:00:00,PE,428,"190,3",PETROLINA,Ingestão de álcool pelo condutor,Colisão com objeto,Sem Vítimas,Plena Noite,Crescente,Céu Claro,Múltipla,Reta,Sim,3,0,0,0,1,2,0,2,"-9,37605965","-40,49382106",SPRF-PE,DEL06-PE,UOP01-DEL06-PE
361143,2021-05-31,segunda-feira,03:00:00,PE,110,"101,6",SERTANIA,Problema na suspensão,Capotamento,Sem Vítimas,Plena Noite,Crescente,Nublado,Simples,Curva,Não,1,0,0,0,0,1,0,1,"-8,38806855","-37,32554829",SPRF-PE,DEL03-PE,UOP02-DEL03-PE
361172,2021-05-31,segunda-feira,12:30:00,PE,101,"42,1",IGARASSU,Ausência de reação do condutor,Colisão com objeto,Com Vítimas Feridas,Pleno dia,Crescente,Sol,Múltipla,Aclive;Reta                   ,Sim,2,0,2,0,0,0,2,1,"-7,83887431","-34,91196739",SPRF-PE,DEL01-PE,UOP02-DEL01-PE
361193,2021-05-31,segunda-feira,14:43:00,PE,101,94,CABO DE SANTO AGOSTINHO,Ausência de reação do condutor,Colisão com objeto,Com Vítimas Fatais,Pleno dia,Crescente,Nublado,Dupla,Curva,Não,1,1,0,0,0,0,0,1,"-8,251663","-35,026308",SPRF-PE,DEL01-PE,UOP01-DEL01-PE
361363,2021-06-01,terça-feira,12:30:00,PE,,,PETROLINA,Acessar a via sem observar a presença dos outros veículos,Colisão traseira,Sem Vítimas,Pleno dia,Não Informado,Céu Claro,Dupla,Rotatória,Não,2,0,0,0,2,0,0,2,"-9,37540502","-40,48813283",SPRF-PE,DEL06-PE,UOP01-DEL06-PE
361364,2021-06-01,terça-feira,12:45:00,PE,101,"67,9",RECIFE,Reação tardia ou ineficiente do condutor,Engavetamento,Com Vítimas Feridas,Pleno dia,Decrescente,Céu Claro,Múltipla,Declive,Sim,3,0,1,0,0,2,1,3,"-8,050435","-34,945715",SPRF-PE,DEL01-PE,UOP01-DEL01-PE
361401,2021-06-01,terça-feira,14:10:00,PE,101,"92,2",CABO DE SANTO AGOSTINHO,Velocidade Incompatível,Saída de leito carroçável,Com Vítimas Feridas,Pleno dia,Decrescente,Sol,Dupla,Reta,Sim,3,0,3,0,0,0,3,2,"-8,23201792","-34,99778611",SPRF-PE,DEL01-PE,UOP01-DEL01-PE
361408,2021-06-01,terça-feira,10:50:00,PE,428,41,OROCO,Reação tardia ou ineficiente do condutor,Saída de leito carroçável,Com Vítimas Fatais,Pleno dia,Decrescente,Céu Claro,Simples,Reta,Não,1,1,0,0,0,0,0,1,"-8,56355101","-39,56756399",SPRF-PE,DEL05-PE,UOP03-DEL05-PE
361411,2021-06-01,terça-feira,16:20:00,PE,101,82,JABOATAO DOS GUARARAPES,Trafegar com motocicleta (ou similar) entre as faixas,Colisão lateral mesmo sentido,Com Vítimas Feridas,Pleno dia,Crescente,Céu Claro,Múltipla,Reta,Sim,2,0,1,0,1,0,1,2,"-8,168383","-34,9376",SPRF-PE,DEL01-PE,UOP01-DEL01-PE
361527,2021-06-02,quarta-feira,09:00:00,PE,101,"41,1",IGARASSU,Condutor deixou de manter distância do veículo da frente,Colisão traseira,Com Vítimas Feridas,Pleno dia,Decrescente,Céu Claro,Dupla,Reta,Sim,3,0,1,0,2,0,1,2,"-7,83038346","-34,91426785",SPRF-PE,DEL01-PE,UOP02-DEL01-PE
361656,2021-06-02,quarta-feira,21:25:00,PE,101,"77,5",RECIFE,Demais falhas mecânicas ou elétricas,Colisão lateral mesmo sentido,Com Vítimas Feridas,Plena Noite,Crescente,Céu Claro,Dupla,Reta,Sim,2,0,0,1,1,0,1,2,"-8,126982","-34,94386",SPRF-PE,DEL01-PE,UOP01-DEL01-PE
361658,2021-06-02,quarta-feira,19:00:00,PE,407,113,PETROLINA,Ingestão de álcool pelo condutor,Colisão lateral sentido oposto,Com Vítimas Feridas,Plena Noite,Crescente,Céu Claro,Simples,Reta,Não,3,0,1,0,2,0,1,2,"-9,28341599","-40,59164299",SPRF-PE,DEL06-PE,UOP02-DEL06-PE
361663,2021-06-02,quarta-feira,20:00:00,PE,232,"110,1",BEZERROS,Animais na Pista,Saída de leito carroçável,Com Vítimas Feridas,Plena Noite,Crescente,Céu Claro,Dupla,Curva,Não,1,0,1,0,0,0,1,1,"-8,28634529","-35,81755579",SPRF-PE,DEL02-PE,UOP02-DEL02PE
361665,2021-06-02,quarta-feira,20:30:00,PE,232,"110,1",BEZERROS,Animais na Pista,Saída de leito carroçável,Com Vítimas Feridas,Plena Noite,Crescente,Céu Claro,Dupla,Curva,Não,2,0,1,0,0,1,1,2,"-8,286991","-35,818641",SPRF-PE,DEL02-PE,UOP02-DEL02PE
361733,2021-06-03,quinta-feira,08:08:00,PE,316,"21,6",ARARIPINA,Acessar a via sem observar a presença dos outros veículos,Colisão transversal,Com Vítimas Feridas,Pleno dia,Decrescente,Nublado,Simples,Reta,Sim,2,0,1,0,1,0,1,2,"-7,56839315","-40,52717307",SPRF-PE,DEL05-PE,UOP02-DEL05-PE
361778,2021-06-03,quinta-feira,12:30:00,PE,101,119,ESCADA,Pista esburacada,Colisão lateral mesmo sentido,Com Vítimas Feridas,Pleno dia,Decrescente,Sol,Dupla,Curva,Não,2,0,1,0,1,0,1,2,"-8,35291472","-35,16929901",SPRF-PE,DEL01-PE,UOP01-DEL01-PE
361873,2021-06-03,quinta-feira,19:20:00,PE,232,258,ARCOVERDE,Chuva,Colisão traseira,Com Vítimas Feridas,Plena Noite,Decrescente,Chuva,Simples,Reta,Sim,2,0,0,1,1,0,1,2,"-8,40763741","-37,11127205",SPRF-PE,DEL03-PE,UOP02-DEL03-PE
361894,2021-06-04,sexta-feira,00:05:00,PE,101,46,IGARASSU,Entrada inopinada do pedestre,Atropelamento de Pedestre,Com Vítimas Feridas,Plena Noite,Crescente,Céu Claro,Dupla,Reta,Sim,2,0,0,1,1,0,1,2,"-7,87406004","-34,90588126",SPRF-PE,DEL01-PE,UOP02-DEL01-PE
361962,2021-06-04,sexta-feira,12:30:00,PE,428,"94,8",SANTA MARIA DA BOA VISTA,Reação tardia ou ineficiente do condutor,Colisão transversal,Com Vítimas Feridas,Pleno dia,Decrescente,Céu Claro,Simples,Interseção de Vias,Não,4,0,1,1,2,0,2,3,"-8,81058587","-39,91203508",SPRF-PE,DEL06-PE,UOP03-DEL06-PE
362025,2021-06-04,sexta-feira,18:20:00,PE,428,"186,7",PETROLINA,Condutor deixou de manter distância do veículo da frente,Colisão traseira,Sem Vítimas,Plena Noite,Decrescente,Céu Claro,Simples,Reta,Sim,2,0,0,0,2,0,0,2,"-9,34807826","-40,47441248",SPRF-PE,DEL06-PE,UOP01-DEL06-PE
362124,2021-06-05,sábado,06:00:00,PE,407,"121,8",PETROLINA,Transitar na contramão,Colisão frontal,Com Vítimas Fatais,Pleno dia,Crescente,Céu Claro,Simples,Reta,Sim,2,2,0,0,0,0,0,2,"-9,35445","-40,55006",SPRF-PE,DEL06-PE,UOP01-DEL06-PE
362135,2021-06-05,sábado,08:20:00,PE,101,"69,8",RECIFE,Acessar a via sem observar a presença dos outros veículos,Colisão transversal,Com Vítimas Feridas,Pleno dia,Decrescente,Nublado,Dupla,Reta,Não,2,0,1,0,1,0,1,2,"-8,05951606","-34,94581024",SPRF-PE,DEL01-PE,UOP01-DEL01-PE
362299,2021-06-05,sábado,23:15:00,PE,101,126,ESCADA,Reação tardia ou ineficiente do condutor,Saída de leito carroçável,Sem Vítimas,Plena Noite,Decrescente,Garoa/Chuvisco,Dupla,Desvio Temporário,Sim,1,0,0,0,0,1,0,1,"-8,36958202","-35,22919699",SPRF-PE,DEL01-PE,UOP01-DEL01-PE
362346,2021-06-06,domingo,05:30:00,PE,232,"6,5",RECIFE,Ausência de reação do condutor,Saída de leito carroçável,Sem Vítimas,Amanhecer,Crescente,Chuva,Dupla,Reta,Não,1,0,0,0,0,1,0,1,"-8,07079525","-34,9535389",SPRF-PE,DEL01-PE,UOP01-DEL01-PE
362374,2021-06-06,domingo,05:00:00,PE,428,"180,2",PETROLINA,Condutor Dormindo,Saída de leito carroçável,Sem Vítimas,Amanhecer,Crescente,Nublado,Simples,Reta,Não,1,0,0,0,0,1,0,1,"-9,3001832","-40,44980961",SPRF-PE,DEL06-PE,UOP01-DEL06-PE
362400,2021-06-06,domingo,12:20:00,PE,232,"174,7",BELO JARDIM,Reação tardia ou ineficiente do condutor,Saída de leito carroçável,Com Vítimas Feridas,Pleno dia,Crescente,Céu Claro,Simples,Reta,Não,5,0,2,0,3,0,2,1,"-8,3397857","-36,37821402",SPRF-PE,DEL02-PE,UOP03-DEL02-PE
362444,2021-06-06,domingo,17:40:00,PE,407,123,PETROLINA,Manobra de mudança de faixa,Tombamento,Com Vítimas Feridas,Plena Noite,Decrescente,Céu Claro,Simples,Reta,Sim,2,0,0,1,1,0,1,1,"-9,36149178","-40,54594462",SPRF-PE,DEL06-PE,UOP01-DEL06-PE
362506,2021-06-06,domingo,20:08:00,PE,316,26,ARARIPINA,Transitar na contramão,Colisão frontal,Com Vítimas Fatais,Plena Noite,Crescente,Céu Claro,Simples,Reta,Sim,4,3,0,0,0,1,0,2,"-7,60390506","-40,48995414",SPRF-PE,DEL05-PE,UOP02-DEL05-PE
362646,2021-06-07,segunda-feira,15:10:00,PE,101,"68,3",RECIFE,Reação tardia ou ineficiente do condutor,Atropelamento de Pedestre,Com Vítimas Feridas,Pleno dia,Decrescente,Nublado,Dupla,Reta,Sim,3,0,0,1,2,0,1,2,"-8,053872","-34,946139",SPRF-PE,DEL01-PE,UOP01-DEL01-PE
362647,2021-06-07,segunda-feira,13:25:00,PE,101,"147,7",RIBEIRAO,Pista Escorregadia,Saída de leito carroçável,Com Vítimas Feridas,Pleno dia,Crescente,Chuva,Dupla,Curva,Não,1,0,1,0,0,0,1,1,"-8,47458903","-35,37134167",SPRF-PE,DEL01-PE,UOP01-DEL01-PE
362707,2021-06-07,segunda-feira,18:15:00,PE,101,83,JABOATAO DOS GUARARAPES,Reação tardia ou ineficiente do condutor,Colisão transversal,Com Vítimas Feridas,Plena Noite,Crescente,Nublado,Simples,Reta,Sim,2,0,1,0,0,1,1,2,"-8,188932","-34,95443",SPRF-PE,DEL01-PE,UOP01-DEL01-PE
362717,2021-06-07,segunda-feira,19:15:00,PE,423,95,GARANHUNS,Reação tardia ou ineficiente do condutor,Colisão transversal,Com Vítimas Feridas,Plena Noite,Crescente,Nublado,Simples,Reta,Sim,2,0,0,1,1,0,1,2,"-8,87891989","-36,47796305",SPRF-PE,DEL03-PE,UOP01-DEL03-PE
362730,2021-06-07,segunda-feira,21:03:00,PE,101,80,JABOATAO DOS GUARARAPES,Manobra de mudança de faixa,Colisão lateral mesmo sentido,Com Vítimas Feridas,Plena Noite,Crescente,Garoa/Chuvisco,Dupla,Reta,Sim,2,0,1,0,1,0,1,2,"-8,15112589","-34,9428866",SPRF-PE,DEL01-PE,UOP01-DEL01-PE
362762,2021-06-08,terça-feira,03:50:00,PE,101,71,RECIFE,Acessar a via sem observar a presença dos outros veículos,Colisão transversal,Com Vítimas Feridas,Plena Noite,Decrescente,Nublado,Dupla,Reta,Sim,3,0,1,2,0,0,3,2,"-8,079343","-34,942993",SPRF-PE,DEL01-PE,UOP01-DEL01-PE
362800,2021-06-08,terça-feira,08:05:00,PE,428,"186,7",PETROLINA,Acessar a via sem observar a presença dos outros veículos,Colisão transversal,Com Vítimas Feridas,Pleno dia,Decrescente,Céu Claro,Simples,Reta;Interseção de Vias       ,Sim,3,0,2,0,1,0,2,2,"-9,364638","-40,482955",SPRF-PE,DEL06-PE,UOP01-DEL06-PE
362830,2021-03-26,sexta-feira,16:00:00,PE,101,"66,5",RECIFE,Reação tardia ou ineficiente do condutor,Colisão traseira,Com Vítimas Feridas,Pleno dia,Crescente,Céu Claro,Dupla,Viaduto,Sim,2,0,1,0,1,0,1,2,"-8,03368534","-34,94184125",SPRF-PE,DEL01-PE,UOP01-DEL01-PE
362876,2021-06-08,terça-feira,17:50:00,PE,101,30,IGARASSU,Condutor deixou de manter distância do veículo da frente,Colisão traseira,Com Vítimas Feridas,Anoitecer,Decrescente,Nublado,Dupla,Curva,Sim,2,0,0,1,1,0,1,2,"-7,73816195","-34,94265811",SPRF-PE,DEL01-PE,UOP02-DEL01-PE
362907,2021-06-08,terça-feira,18:30:00,PE,232,100,BEZERROS,Acessar a via sem observar a presença dos outros veículos,Colisão transversal,Com Vítimas Feridas,Anoitecer,Crescente,Chuva,Simples,Rotatória;Interseção de Vias  ,Não,2,0,2,0,0,0,2,2,"-8,23791176","-35,74297705",SPRF-PE,DEL02-PE,UOP02-DEL02PE
363119,2021-06-09,quarta-feira,20:15:00,PE,101,"75,6",RECIFE,Condutor deixou de manter distância do veículo da frente,Engavetamento,Sem Vítimas,Plena Noite,Decrescente,Nublado,Dupla,Declive;Reta                  ,Sim,5,0,0,0,4,1,0,3,"-8,115244","-34,944436",SPRF-PE,DEL01-PE,UOP01-DEL01-PE
363127,2021-05-06,quinta-feira,07:15:00,PE,101,85,JABOATAO DOS GUARARAPES,Reação tardia ou ineficiente do condutor,Colisão traseira,Com Vítimas Feridas,Pleno dia,Decrescente,Céu Claro,Simples,Reta,Sim,3,0,2,0,1,0,2,2,"-8,20291021","-34,96055603",SPRF-PE,DEL01-PE,UOP01-DEL01-PE
363137,2021-06-09,quarta-feira,18:35:00,PE,428,178,PETROLINA,Acessar a via sem observar a presença dos outros veículos,Colisão transversal,Com Vítimas Feridas,Plena Noite,Crescente,Céu Claro,Simples,Interseção de Vias,Não,2,0,2,0,0,0,2,2,"-9,2842098","-40,4416324",SPRF-PE,DEL06-PE,UOP01-DEL06-PE
363168,2021-06-10,quinta-feira,06:10:00,PE,101,80,JABOATAO DOS GUARARAPES,Condutor deixou de manter distância do veículo da frente,Colisão traseira,Com Vítimas Feridas,Pleno dia,Crescente,Céu Claro,Múltipla,Reta,Sim,2,0,1,0,1,0,1,2,"-8,15112589","-34,9428866",SPRF-PE,DEL01-PE,UOP01-DEL01-PE
363191,2021-06-10,quinta-feira,07:50:00,PE,101,79,JABOATAO DOS GUARARAPES,Trafegar com motocicleta (ou similar) entre as faixas,Colisão lateral mesmo sentido,Com Vítimas Feridas,Pleno dia,Crescente,Sol,Dupla,Reta,Sim,3,0,1,0,2,0,1,2,"-8,14366112","-34,94723453",SPRF-PE,DEL01-PE,UOP01-DEL01-PE
363275,2021-06-10,quinta-feira,16:20:00,PE,101,63,RECIFE,Manobra de mudança de faixa,Colisão lateral mesmo sentido,Com Vítimas Feridas,Pleno dia,Decrescente,Céu Claro,Dupla,Reta,Sim,2,0,1,0,1,0,1,2,"-8,00800604","-34,93756535",SPRF-PE,DEL01-PE,UOP01-DEL01-PE
363276,2021-06-10,quinta-feira,12:30:00,PE,110,"221,5",PETROLANDIA,Ultrapassagem Indevida,Colisão lateral mesmo sentido,Com Vítimas Feridas,Pleno dia,Crescente,Céu Claro,Simples,Reta,Não,5,0,1,1,1,2,2,3,"-9,00936293","-38,22421706",SPRF-BA,DEL07-BA,UOP01-DEL07-BA
363334,2021-06-10,quinta-feira,19:00:00,PE,104,"71,6",CARUARU,Transitar na contramão,Colisão frontal,Com Vítimas Feridas,Plena Noite,Decrescente,Céu Claro,Dupla,Retorno Regulamentado,Não,3,0,0,2,0,1,2,2,"-8,3333","-35,9814",SPRF-PE,DEL02-PE,UOP01-DEL02-PE
363363,2021-06-11,sexta-feira,01:38:00,PE,232,518,SALGUEIRO,Velocidade Incompatível,Colisão lateral sentido oposto,Com Vítimas Feridas,Plena Noite,Crescente,Céu Claro,Simples,Reta,Não,6,0,3,1,1,1,4,4,"-8,061821","-39,206123",SPRF-PE,DEL05-PE,UOP01-DEL05-PE
363398,2021-06-11,sexta-feira,07:30:00,PE,101,"90,6",CABO DE SANTO AGOSTINHO,Acessar a via sem observar a presença dos outros veículos,Colisão transversal,Com Vítimas Feridas,Pleno dia,Crescente,Céu Claro,Dupla,Reta,Sim,3,0,2,0,1,0,2,2,"-8,22399812","-34,99290474",SPRF-PE,DEL01-PE,UOP01-DEL01-PE
363420,2021-06-11,sexta-feira,07:30:00,PE,101,96,CABO DE SANTO AGOSTINHO,Acessar a via sem observar a presença dos outros veículos,Tombamento,Com Vítimas Feridas,Pleno dia,Decrescente,Céu Claro,Múltipla,Aclive,Não,2,0,2,0,0,0,2,2,"-8,25146993","-35,021805",SPRF-PE,DEL01-PE,UOP01-DEL01-PE