id,data_inversa,dia_semana,horario,uf,br,km,municipio,causa_acidente,tipo_acidente,classificacao_acidente,fase_dia,sentido_via,condicao_metereologica,tipo_pista,tracado_via,uso_solo,pessoas,mortos,feridos_leves,feridos_graves,ilesos,ignorados,feridos,veiculos,latitude,longitude,regional,delegacia,uop
363447,2021-06-11,sexta-feira,12:40:00,PE,101,"67,8",RECIFE,Condutor deixou de manter distância do veículo da frente,Colisão traseira,Com Vítimas Feridas,Pleno dia,Crescente,Céu Claro,Dupla,Reta,Sim,3,0,1,1,0,1,2,2,"-8,042334","-34,943096",SPRF-PE,DEL01-PE,UOP01-DEL01-PE
363465,2021-06-11,sexta-feira,13:30:00,PE,423,"96,4",GARANHUNS,Condutor deixou de manter distância do veículo da frente,Colisão traseira,Com Vítimas Feridas,Pleno dia,Decrescente,Sol,Simples,Interseção de Vias,Sim,2,0,1,0,1,0,1,2,"-8,88021822","-36,48651678",SPRF-PE,DEL03-PE,UOP01-DEL03-PE
363487,2021-06-11,sexta-feira,16:45:00,PE,101,73,RECIFE,Desrespeitar a preferência no cruzamento,Colisão transversal,Com Vítimas Feridas,Pleno dia,Decrescente,Céu Claro,Dupla,Reta,Sim,3,0,0,1,1,1,1,3,"-8,093369","-34,947464",SPRF-PE,DEL01-PE,UOP01-DEL01-PE
363569,2021-06-11,sexta-feira,18:00:00,PE,232,"550,3",PARNAMIRIM,Ultrapassagem Indevida,Colisão frontal,Com Vítimas Fatais,Anoitecer,Crescente,Céu Claro,Simples,Reta,Não,3,2,0,0,1,0,0,2,"-8,08446269","-39,49064311",SPRF-PE,DEL05-PE,UOP01-DEL05-PE
363679,2021-06-12,sábado,13:50:00,PE,423,"53,1",LAJEDO,Acessar a via sem observar a presença dos outros veículos,Colisão transversal,Com Vítimas Feridas,Pleno dia,Decrescente,Céu Claro,Simples,Declive,Não,2,0,1,0,1,0,1,2,"-8,602156","-36,292668",SPRF-PE,DEL03-PE,UOP01-DEL03-PE
363754,2021-06-12,sábado,19:25:00,PE,101,43,IGARASSU,Animais na Pista,Atropelamento de Animal,Com Vítimas Feridas,Plena Noite,Crescente,Céu Claro,Múltipla,Reta,Sim,2,0,0,1,1,0,1,2,"-7,84753808","-34,90977038",SPRF-PE,DEL01-PE,UOP02-DEL01-PE
363824,2021-06-13,domingo,02:00:00,PE,408,73,PAUDALHO,Frear bruscamente,Capotamento,Com Vítimas Feridas,Plena Noite,Decrescente,Céu Claro,Dupla,Ponte,Sim,1,0,1,0,0,0,1,1,"-7,89069683","-35,17793383",SPRF-PE,DEL01-PE,UOP01-DEL01-PE
363837,2021-06-13,domingo,06:50:00,PE,232,70,GRAVATA,Ausência de reação do condutor,Queda de ocupante de veículo,Com Vítimas Feridas,Pleno dia,Decrescente,Céu Claro,Dupla,Aclive,Não,1,0,1,0,0,0,1,1,"-8,17698676","-35,48742522",SPRF-PE,DEL02-PE,UOP02-DEL02PE
363841,2021-06-13,domingo,07:20:00,PE,232,"8,5",RECIFE,Acessar a via sem observar a presença dos outros veículos,Colisão transversal,Com Vítimas Feridas,Pleno dia,Crescente,Sol,Dupla,Reta,Sim,3,0,1,1,1,0,2,3,"-8,07583727","-34,97015791",SPRF-PE,DEL01-PE,UOP01-DEL01-PE
363869,2021-06-13,domingo,09:30:00,PE,428,"189,9",PETROLINA,Ausência de reação do condutor,Colisão lateral mesmo sentido,Sem Vítimas,Pleno dia,Decrescente,Sol,Dupla,Reta,Sim,2,0,0,0,1,1,0,2,"-9,37197508","-40,48679585",SPRF-PE,DEL06-PE,UOP01-DEL06-PE
363943,2021-06-13,domingo,18:00:00,PE,428,"172,8",PETROLINA,Acessar a via sem observar a presença dos outros veículos,Colisão frontal,Com Vítimas Feridas,Plena Noite,Decrescente,Céu Claro,Simples,Reta,Não,3,0,2,0,1,0,2,2,"-9,23632318","-40,41701564",SPRF-PE,DEL06-PE,UOP01-DEL06-PE
364004,2021-06-13,domingo,21:45:00,PE,316,78,OURICURI,Ingestão de álcool pelo condutor,Colisão frontal,Com Vítimas Feridas,Plena Noite,Decrescente,Céu Claro,Simples,Reta,Não,2,0,0,1,0,1,1,2,"-7,85014392","-40,12241694",SPRF-PE,DEL05-PE,UOP02-DEL05-PE
364171,2021-06-14,segunda-feira,15:00:00,PE,232,10,JABOATAO DOS GUARARAPES,Velocidade Incompatível,Colisão traseira,Com Vítimas Feridas,Pleno dia,Decrescente,Céu Claro,Dupla,Reta,Sim,2,0,1,0,1,0,1,2,"-8,07917241","-34,98718609",SPRF-PE,DEL01-PE,UOP01-DEL01-PE
364175,2021-06-14,segunda-feira,15:08:00,PE,101,"52,7",PAULISTA,Condutor Dormindo,Colisão com objeto,Com Vítimas Feridas,Plena Noite,Decrescente,Chuva,Simples,Curva;Viaduto                 ,Sim,3,0,1,1,0,1,2,3,"-7,92358799","-34,89607201",SPRF-PE,DEL01-PE,UOP02-DEL01-PE
364226,2021-06-14,segunda-feira,18:45:00,PE,423,"90,1",SAO JOAO,Animais na Pista,Colisão traseira,Com Vítimas Feridas,Plena Noite,Decrescente,Nublado,Simples,Reta,Não,2,0,2,0,0,0,2,2,"-8,84566879","-36,4596095",SPRF-PE,DEL03-PE,UOP01-DEL03-PE
364303,2021-06-15,terça-feira,08:50:00,PE,232,6,RECIFE,Condutor deixou de manter distância do veículo da frente,Colisão traseira,Com Vítimas Feridas,Pleno dia,Decrescente,Céu Claro,Dupla,Reta,Sim,2,0,1,0,1,0,1,2,"-8,070582","-34,952213",SPRF-PE,DEL01-PE,UOP01-DEL01-PE
364318,2021-05-29,sábado,20:29:00,PE,232,100,BEZERROS,Acessar a via sem observar a presença dos outros veículos,Colisão frontal,Com Vítimas Feridas,Plena Noite,Crescente,Céu Claro,Simples,Declive,Sim,3,0,0,2,0,1,2,2,"-8,23791176","-35,74297705",SPRF-PE,DEL02-PE,UOP02-DEL02PE
364323,2021-04-30,sexta-feira,06:00:00,PE,232,"39,1",VITORIA DE SANTO ANTAO,Manobra de mudança de faixa,Colisão traseira,Sem Vítimas,Pleno dia,Crescente,Chuva,Dupla,Reta,Não,2,0,0,0,2,0,0,2,"-8,117253","-35,227247",SPRF-PE,DEL01-PE,UOP01-DEL01-PE
364487,2021-06-16,quarta-feira,10:00:00,PE,428,"97,9",SANTA MARIA DA BOA VISTA,Velocidade Incompatível,Capotamento,Com Vítimas Feridas,Pleno dia,Decrescente,Sol,Simples,Reta,Não,1,0,1,0,0,0,1,1,"-8,82401066","-39,9348392",SPRF-PE,DEL06-PE,UOP03-DEL06-PE
364522,2021-06-16,quarta-feira,16:20:00,PE,101,72,RECIFE,Condutor deixou de manter distância do veículo da frente,Colisão traseira,Com Vítimas Feridas,Pleno dia,Decrescente,Céu Claro,Dupla,Reta,Sim,2,0,1,0,1,0,1,2,"-8,09351881","-34,94762778",SPRF-PE,DEL01-PE,UOP01-DEL01-PE
364531,2021-06-16,quarta-feira,17:40:00,PE,423,"96,7",GARANHUNS,Acesso irregular,Colisão transversal,Com Vítimas Feridas,Anoitecer,Crescente,Céu Claro,Simples,Reta,Sim,2,0,1,0,1,0,1,2,"-8,88021822","-36,48651678",SPRF-PE,DEL03-PE,UOP01-DEL03-PE
364598,2021-06-17,quinta-feira,06:25:00,PE,101,"42,8",IGARASSU,Frear bruscamente,Capotamento,Com Vítimas Feridas,Amanhecer,Decrescente,Céu Claro,Múltipla,Reta,Sim,2,0,1,0,1,0,1,2,"-7,83887431","-34,91196739",SPRF-PE,DEL01-PE,UOP02-DEL01-PE
364698,2021-06-17,quinta-feira,16:30:00,PE,232,"7,5",RECIFE,Manobra de mudança de faixa,Colisão lateral mesmo sentido,Com Vítimas Feridas,Pleno dia,Decrescente,Nublado,Dupla,Reta,Sim,2,0,1,1,0,0,2,2,"-8,074924","-34,966386",SPRF-PE,DEL01-PE,UOP01-DEL01-PE
364719,2021-06-17,quinta-feira,18:25:00,PE,408,"100,1",SAO LOURENCO DA MATA,Reação tardia ou ineficiente do condutor,Saída de leito carroçável,Com Vítimas Feridas,Plena Noite,Decrescente,Nublado,Dupla,Reta;Declive                  ,Sim,1,0,0,1,0,0,1,1,"-8,04364056","-35,01674995",SPRF-PE,DEL01-PE,UOP01-DEL01-PE
364746,2021-06-17,quinta-feira,21:45:00,PE,232,"78,8",GRAVATA,Ausência de reação do condutor,Colisão lateral mesmo sentido,Com Vítimas Feridas,Plena Noite,Decrescente,Céu Claro,Simples,Reta,Sim,2,0,0,1,1,0,1,2,"-8,19343658","-35,55186505",SPRF-PE,DEL02-PE,UOP02-DEL02PE
364759,2021-05-21,sexta-feira,21:25:00,PE,101,84,CABO DE SANTO AGOSTINHO,Animais na Pista,Atropelamento de Animal,Com Vítimas Feridas,Plena Noite,Crescente,Nublado,Dupla,Ponte,Sim,1,0,1,0,0,0,1,1,"-8,17778559","-34,95087297",SPRF-PE,DEL01-PE,UOP01-DEL01-PE
364762,2021-06-17,quinta-feira,22:40:00,PE,101,"42,2",IGARASSU,Manobra de mudança de faixa,Saída de leito carroçável,Com Vítimas Feridas,Plena Noite,Decrescente,Garoa/Chuvisco,Múltipla,Declive,Sim,4,0,2,0,0,2,2,2,"-7,84004824","-34,91167239",SPRF-PE,DEL01-PE,UOP02-DEL01-PE
364782,2021-06-18,sexta-feira,03:30:00,PE,104,"45,9",CARUARU,Demais falhas mecânicas ou elétricas,Incêndio,Sem Vítimas,Plena Noite,Decrescente,Nublado,Dupla,Reta,Não,1,0,0,0,1,0,0,1,"-8,1203","-35,999",SPRF-PE,DEL02-PE,UOP01-DEL02-PE
364849,2021-05-23,domingo,20:30:00,PE,232,"99,7",BEZERROS,Ingestão de álcool pelo condutor,Colisão frontal,Com Vítimas Feridas,Plena Noite,Decrescente,Céu Claro,Simples,Reta,Sim,2,0,0,1,1,0,1,2,"-8,2367277","-35,73401605",SPRF-PE,DEL02-PE,UOP02-DEL02PE
364900,2021-05-16,domingo,19:10:00,PE,423,"71,6",JUPI,Ultrapassagem Indevida,Colisão frontal,Com Vítimas Fatais,Plena Noite,Crescente,Céu Claro,Simples,Reta,Não,4,2,0,2,0,0,2,2,"-8,69250589","-36,41166726",SPRF-PE,DEL03-PE,UOP01-DEL03-PE
364970,2021-06-18,sexta-feira,18:50:00,PE,408,"87,5",SAO LOURENCO DA MATA,Ultrapassagem Indevida,Saída de leito carroçável,Com Vítimas Feridas,Plena Noite,Decrescente,Chuva,Dupla,Reta,Não,3,0,2,0,1,0,2,2,"-7,96765405","-35,0914341",SPRF-PE,DEL01-PE,UOP01-DEL01-PE
365023,2021-06-19,sábado,02:00:00,PE,101,"46,6",ABREU E LIMA,Ingestão de álcool pelo condutor,Colisão traseira,Sem Vítimas,Plena Noite,Decrescente,Céu Claro,Múltipla,Reta,Sim,2,0,0,0,2,0,0,2,"-7,87406004","-34,90588126",SPRF-PE,DEL01-PE,UOP02-DEL01-PE
365084,2021-06-19,sábado,11:10:00,PE,101,50,ABREU E LIMA,Desrespeitar a preferência no cruzamento,Colisão transversal,Sem Vítimas,Pleno dia,Crescente,Chuva,Múltipla,Reta,Sim,2,0,0,0,1,1,0,2,"-7,90938602","-34,90123228",SPRF-PE,DEL01-PE,UOP02-DEL01-PE
365261,2021-06-20,domingo,04:25:00,PE,101,"70,4",RECIFE,Pedestre cruzava a pista fora da faixa,Atropelamento de Pedestre,Com Vítimas Fatais,Amanhecer,Crescente,Nublado,Dupla,Reta,Sim,2,1,0,0,0,1,0,2,"-8,06776119","-34,94265074",SPRF-PE,DEL01-PE,UOP01-DEL01-PE
365286,2021-05-31,segunda-feira,00:36:00,PE,428,187,PETROLINA,Acumulo de areia ou detritos sobre o pavimento,Queda de ocupante de veículo,Com Vítimas Feridas,Plena Noite,Crescente,Céu Claro,Simples,Reta,Sim,1,0,0,1,0,0,1,1,"-9,361863","-40,481571",SPRF-PE,DEL06-PE,UOP01-DEL06-PE
365302,2021-06-20,domingo,08:20:00,PE,101,70,RECIFE,Velocidade Incompatível,Saída de leito carroçável,Com Vítimas Feridas,Pleno dia,Crescente,Céu Claro,Dupla,Reta,Sim,1,0,1,0,0,0,1,1,"-8,06776119","-34,94265074",SPRF-PE,DEL01-PE,UOP01-DEL01-PE
365348,2021-06-20,domingo,12:45:00,PE,232,"181,1",BELO JARDIM,Ingestão de álcool pelo condutor,Colisão frontal,Com Vítimas Feridas,Pleno dia,Crescente,Sol,Simples,Reta,Sim,5,0,3,0,1,1,3,2,"-8,34627974","-36,43776285",SPRF-PE,DEL02-PE,UOP03-DEL02-PE
365387,2021-06-20,domingo,18:35:00,PE,316,"91,1",OURICURI,Acessar a via sem observar a presença dos outros veículos,Colisão traseira,Com Vítimas Fatais,Plena Noite,Decrescente,Céu Claro,Simples,Reta,Não,3,1,0,1,0,1,1,2,"-7,90682315","-40,02152506",SPRF-PE,DEL05-PE,UOP02-DEL05-PE
365500,2021-06-21,segunda-feira,06:45:00,PE,101,"88,3",JABOATAO DOS GUARARAPES,Frear bruscamente,Colisão traseira,Com Vítimas Feridas,Pleno dia,Decrescente,Sol,Dupla,Reta,Não,2,0,2,0,0,0,2,1,"-8,19971387","-34,9785382",SPRF-PE,DEL01-PE,UOP01-DEL01-PE
365565,2021-06-21,segunda-feira,14:50:00,PE,101,70,RECIFE,Demais falhas mecânicas ou elétricas,Queda de ocupante de veículo,Com Vítimas Feridas,Pleno dia,Crescente,Céu Claro,Dupla,Reta,Sim,2,0,1,0,1,0,1,2,"-8,06776119","-34,94265074",SPRF-PE,DEL01-PE,UOP01-DEL01-PE
365714,2021-05-20,quinta-feira,23:40:00,PE,101,"70,6",RECIFE,Demais falhas mecânicas ou elétricas,Incêndio,Sem Vítimas,Plena Noite,Crescente,Céu Claro,Múltipla,Reta,Sim,1,0,0,0,1,0,0,1,"-8,07590238","-34,94311279",SPRF-PE,DEL01-PE,UOP01-DEL01-PE
365730,2021-06-22,terça-feira,11:43:00,PE,101,102,CABO DE SANTO AGOSTINHO,Acessar a via sem observar a presença dos outros veículos,Colisão transversal,Com Vítimas Feridas,Pleno dia,Decrescente,Céu Claro,Simples,Reta,Sim,2,0,0,1,1,0,1,2,"-8,29167568","-35,04738634",SPRF-PE,DEL01-PE,UOP01-DEL01-PE
365735,2021-06-22,terça-feira,10:30:00,PE,232,"326,6",CUSTODIA,Pedestre andava na pista,Atropelamento de Pedestre,Com Vítimas Feridas,Pleno dia,Crescente,Céu Claro,Simples,Reta,Não,2,0,1,0,1,0,1,2,"-8,09170582","-37,58209902",SPRF-PE,DEL03-PE,UOP02-DEL03-PE
365840,2021-06-22,terça-feira,23:50:00,PE,101,"83,7",JABOATAO DOS GUARARAPES,Condutor deixou de manter distância do veículo da frente,Colisão traseira,Com Vítimas Feridas,Plena Noite,Decrescente,Céu Claro,Dupla,Reta,Não,3,0,1,0,2,0,1,2,"-8,175172","-34,942642",SPRF-PE,DEL01-PE,UOP01-DEL01-PE
365906,2021-06-23,quarta-feira,08:50:00,PE,423,106,GARANHUNS,Frear bruscamente,Queda de ocupante de veículo,Com Vítimas Feridas,Pleno dia,Decrescente,Nevoeiro/Neblina,Simples,Aclive,Não,1,0,1,0,0,0,1,1,"-8,88171776","-36,57279606",SPRF-PE,DEL03-PE,UOP01-DEL03-PE
365913,2021-06-23,quarta-feira,12:15:00,PE,232,"4,2",RECIFE,Ultrapassagem Indevida,Colisão lateral mesmo sentido,Sem Vítimas,Pleno dia,Crescente,Céu Claro,Dupla,Reta,Sim,2,0,0,0,2,0,0,2,"-8,064473","-34,936928",SPRF-PE,DEL01-PE,UOP01-DEL01-PE
365939,2021-06-23,quarta-feira,14:40:00,PE,101,88,CABO DE SANTO AGOSTINHO,Manobra de mudança de faixa,Saída de leito carroçável,Com Vítimas Feridas,Pleno dia,Crescente,Céu Claro,Múltipla,Reta,Sim,3,0,3,0,0,0,3,1,"-8,19971387","-34,9785382",SPRF-PE,DEL01-PE,UOP01-DEL01-PE
366001,2021-06-23,quarta-feira,19:15:00,PE,104,"71,8",CARUARU,Reação tardia ou ineficiente do condutor,Saída de leito carroçável,Com Vítimas Feridas,Plena Noite,Decrescente,Chuva,Dupla,Interseção de Vias,Não,2,0,1,0,1,0,1,1,"-8,3333","-35,9814",SPRF-PE,DEL02-PE,UOP01-DEL02-PE
366005,2021-06-23,quarta-feira,20:10:00,PE,424,"78,5",CAETES,Transitar na contramão,Colisão frontal,Com Vítimas Feridas,Plena Noite,Crescente,Nevoeiro/Neblina,Simples,Declive,Não,3,0,0,2,1,0,2,2,"-8,82024129","-36,5615102",SPRF-PE,DEL03-PE,UOP01-DEL03-PE
366037,2021-06-24,quinta-feira,00:15:00,PE,232,134,CARUARU,Ingestão de álcool pelo condutor,Queda de ocupante de veículo,Com Vítimas Feridas,Plena Noite,Crescente,Garoa/Chuvisco,Múltipla,Reta,Sim,1,0,1,0,0,0,1,1,"-8,30853497","-36,02442101",SPRF-PE,DEL02-PE,UOP03-DEL02-PE
366120,2021-06-24,quinta-feira,10:10:00,PE,232,"21,3",MORENO,Acumulo de água sobre o pavimento,Colisão lateral mesmo sentido,Com Vítimas Feridas,Pleno dia,Decrescente,Chuva,Dupla,Curva,Sim,2,0,1,0,0,1,1,2,"-8,09580234","-35,08012588",SPRF-PE,DEL01-PE,UOP01-DEL01-PE
366163,2021-06-24,quinta-feira,14:00:00,PE,408,"96,6",SAO LOURENCO DA MATA,Ausência de reação do condutor,Saída de leito carroçável,Sem Vítimas,Pleno dia,Decrescente,Nublado,Dupla,Reta,Não,1,0,0,0,0,1,0,1,"-8,025731","-35,038444",SPRF-PE,DEL01-PE,UOP01-DEL01-PE
366168,2021-06-24,quinta-feira,15:45:00,PE,101,"49,3",ABREU E LIMA,Condutor deixou de manter distância do veículo da frente,Colisão traseira,Sem Vítimas,Pleno dia,Crescente,Nublado,Múltipla,Reta,Sim,2,0,0,0,2,0,0,2,"-7,9005152","-34,90180641",SPRF-PE,DEL01-PE,UOP02-DEL01-PE
366185,2021-06-24,quinta-feira,17:30:00,PE,424,"87,1",GARANHUNS,Ingestão de álcool pelo condutor,Colisão transversal,Com Vítimas Feridas,Anoitecer,Decrescente,Nublado,Simples,Declive,Sim,2,0,1,0,1,0,1,2,"-8,879749","-36,506967",SPRF-PE,DEL03-PE,UOP01-DEL03-PE
366216,2021-06-24,quinta-feira,19:45:00,PE,232,"79,8",GRAVATA,Acesso irregular,Colisão frontal,Com Vítimas Feridas,Plena Noite,Decrescente,Chuva,Múltipla,Curva,Não,2,0,2,0,0,0,2,2,"-8,19460572","-35,56074803",SPRF-PE,DEL02-PE,UOP02-DEL02PE
366224,2021-06-24,quinta-feira,19:30:00,PE,316,41,ARARIPINA,Pedestre cruzava a pista fora da faixa,Atropelamento de Pedestre,Com Vítimas Fatais,Plena Noite,Crescente,Céu Claro,Simples,Reta,Não,2,1,0,0,0,1,0,2,"-7,67084567","-40,38459884",SPRF-PE,DEL05-PE,UOP02-DEL05-PE
366360,2021-06-25,sexta-feira,14:00:00,PE,104,"34,5",CARUARU,Manobra de mudança de faixa,Colisão lateral mesmo sentido,Com Vítimas Feridas,Pleno dia,Crescente,Nublado,Dupla,Reta,Não,1,0,1,0,0,0,1,1,"-8,04105448","-36,05138194",SPRF-PE,DEL02-PE,UOP01-DEL02-PE
366450,2021-06-25,sexta-feira,20:00:00,PE,101,13,GOIANA,Manobra de mudança de faixa,Colisão lateral mesmo sentido,Sem Vítimas,Plena Noite,Crescente,Vento,Dupla,Reta,Não,2,0,0,0,1,1,0,2,"-7,61043695","-34,97530291",SPRF-PE,DEL01-PE,UOP02-DEL01-PE
366517,2021-06-26,sábado,07:30:00,PE,116,28,SALGUEIRO,Manobra de mudança de faixa,Queda de ocupante de veículo,Com Vítimas Feridas,Pleno dia,Crescente,Céu Claro,Simples,Aclive,Não,1,0,0,1,0,0,1,1,"-8,086088","-39,126305",SPRF-PE,DEL05-PE,UOP01-DEL05-PE
366697,2021-06-26,sábado,22:40:00,PE,423,"59,7",LAJEDO,Animais na Pista,Atropelamento de Animal,Com Vítimas Feridas,Plena Noite,Crescente,Garoa/Chuvisco,Simples,Reta,Sim,3,0,0,2,0,1,2,2,"-8,64676387","-36,31558317",SPRF-PE,DEL03-PE,UOP01-DEL03-PE
366807,2021-06-27,domingo,14:45:00,PE,101,41,IGARASSU,Chuva,Colisão traseira,Com Vítimas Feridas,Pleno dia,Crescente,Chuva,Simples,Interseção de Vias,Sim,2,0,1,0,0,1,1,2,"-7,83038346","-34,91426785",SPRF-PE,DEL01-PE,UOP02-DEL01-PE
366816,2021-06-27,domingo,16:25:00,PE,232,134,CARUARU,Transitar na contramão,Colisão frontal,Com Vítimas Feridas,Pleno dia,Decrescente,Chuva,Dupla,Retorno Regulamentado,Sim,3,0,2,0,1,0,2,2,"-8,30853497","-36,02442101",SPRF-PE,DEL02-PE,UOP03-DEL02-PE
366936,2021-06-12,sábado,09:30:00,PE,101,113,IPOJUCA,Reação tardia ou ineficiente do condutor,Colisão com objeto,Com Vítimas Fatais,Pleno dia,Decrescente,Céu Claro,Dupla,Curva;Declive                 ,Não,1,1,0,0,0,0,0,1,"-8,331363","-35,12413",SPRF-PE,DEL01-PE,UOP01-DEL01-PE
367096,2021-06-28,segunda-feira,19:20:00,PE,232,"175,4",BELO JARDIM,Ingestão de álcool pelo condutor,Capotamento,Com Vítimas Feridas,Plena Noite,Decrescente,Céu Claro,Simples,Reta,Não,1,0,0,1,0,0,1,1,"-8,34100926","-36,38709684",SPRF-PE,DEL02-PE,UOP03-DEL02-PE
367148,2021-06-29,terça-feira,05:00:00,PE,104,"24,2",TAQUARITINGA DO NORTE,Acesso irregular,Colisão com objeto,Com Vítimas Fatais,Pleno dia,Crescente,Céu Claro,Simples,Reta,Não,1,1,0,0,0,0,0,1,"-7,977156","-36,103249",SPRF-PE,DEL02-PE,UOP01-DEL02-PE
367184,2021-06-29,terça-feira,10:35:00,PE,408,"74,3",PAUDALHO,Entrada inopinada do pedestre,Atropelamento de Pedestre,Com Vítimas Feridas,Pleno dia,Decrescente,Céu Claro,Múltipla,Reta,Sim,2,0,2,0,0,0,2,2,"-7,899888","-35,173244",SPRF-PE,DEL01-PE,UOP01-DEL01-PE
367194,2021-06-29,terça-feira,10:25:00,PE,101,70,RECIFE,Mal súbito do condutor,Colisão com objeto,Com Vítimas Feridas,Pleno dia,Decrescente,Céu Claro,Dupla,Reta,Sim,1,0,1,0,0,0,1,1,"-8,06776119","-34,94265074",SPRF-PE,DEL01-PE,UOP01-DEL01-PE
367226,2021-06-29,terça-feira,14:00:00,PE,232,"5,1",RECIFE,Ausência de reação do condutor,Saída de leito carroçável,Com Vítimas Feridas,Pleno dia,Crescente,Sol,Simples,Curva,Não,2,0,1,0,1,0,1,1,"-8,06769597","-34,94598627",SPRF-PE,DEL01-PE,UOP01-DEL01-PE
367409,2021-06-30,quarta-feira,15:35:00,PE,232,"83,2",GRAVATA,Acesso irregular,Colisão transversal,Com Vítimas Feridas,Pleno dia,Crescente,Chuva,Dupla,Curva,Sim,3,0,1,0,2,0,1,2,"-8,20317568","-35,59748411",SPRF-PE,DEL02-PE,UOP02-DEL02PE
367494,2021-06-30,quarta-feira,09:45:00,PE,101,69,RECIFE,Ausência de reação do condutor,Colisão lateral mesmo sentido,Sem Vítimas,Pleno dia,Crescente,Céu Claro,Múltipla,Interseção de Vias,Sim,2,0,0,0,1,1,0,2,"-8,05951606","-34,94581024",SPRF-PE,DEL01-PE,UOP01-DEL01-PE
367507,2021-07-01,quinta-feira,06:20:00,PE,101,"60,8",RECIFE,Ausência de reação do condutor,Capotamento,Com Vítimas Feridas,Pleno dia,Crescente,Chuva,Dupla,Curva,Sim,2,0,1,0,1,0,1,1,"-7,98344307","-34,93176727",SPRF-PE,DEL01-PE,UOP02-DEL01-PE
367537,2021-07-01,quinta-feira,10:10:00,PE,101,71,RECIFE,Retorno proibido,Colisão transversal,Com Vítimas Feridas,Pleno dia,Decrescente,Nublado,Dupla,Reta,Sim,2,0,1,0,0,1,1,2,"-8,045774","-34,944484",SPRF-PE,DEL01-PE,UOP01-DEL01-PE
367591,2021-07-01,quinta-feira,15:00:00,PE,101,"67,4",RECIFE,Reação tardia ou ineficiente do condutor,Colisão traseira,Com Vítimas Feridas,Pleno dia,Decrescente,Chuva,Múltipla,Reta,Não,2,0,1,0,1,0,1,2,"-8,042334","-34,943096",SPRF-PE,DEL01-PE,UOP01-DEL01-PE
367754,2021-07-02,sexta-feira,10:30:00,PE,101,"70,7",RECIFE,Condutor deixou de manter distância do veículo da frente,Colisão lateral mesmo sentido,Com Vítimas Feridas,Pleno dia,Crescente,Céu Claro,Dupla,Reta,Sim,2,0,0,1,1,0,1,2,"-8,074905","-34,9942942",SPRF-PE,DEL01-PE,UOP01-DEL01-PE
367797,2021-07-02,sexta-feira,14:50:00,PE,232,34,MORENO,Pista Escorregadia,Capotamento,Com Vítimas Feridas,Pleno dia,Crescente,Chuva,Dupla,Reta,Sim,1,0,1,0,0,0,1,1,"-8,10702537","-35,18394691",SPRF-PE,DEL01-PE,UOP01-DEL01-PE
367822,2021-07-02,sexta-feira,16:40:00,PE,101,"48,5",ABREU E LIMA,Acessar a via sem observar a presença dos outros veículos,Colisão lateral mesmo sentido,Com Vítimas Feridas,Pleno dia,Crescente,Céu Claro,Múltipla,Reta,Sim,3,0,2,0,1,0,2,2,"-7,89174705","-34,9033493",SPRF-PE,DEL01-PE,UOP02-DEL01-PE
367836,2021-07-02,sexta-feira,16:50:00,PE,232,"124,7",CARUARU,Pedestre andava na pista,Atropelamento de Pedestre,Com Vítimas Feridas,Anoitecer,Crescente,Garoa/Chuvisco,Dupla,Viaduto,Sim,2,0,0,1,1,0,1,2,"-8,3061041","-35,93702498",SPRF-PE,DEL02-PE,UOP03-DEL02-PE
367844,2021-07-02,sexta-feira,17:30:00,PE,232,110,BEZERROS,Restrição de visibilidade em curvas horizontais,Saída de leito carroçável,Com Vítimas Feridas,Anoitecer,Crescente,Chuva,Dupla,Curva,Não,4,0,2,0,2,0,2,1,"-8,286691","-35,818181",SPRF-PE,DEL02-PE,UOP02-DEL02PE
367959,2021-07-03,sábado,06:50:00,PE,101,71,RECIFE,Ingestão de álcool pelo condutor,Colisão traseira,Sem Vítimas,Pleno dia,Decrescente,Nublado,Dupla,Reta,Sim,4,0,0,0,4,0,0,2,"-8,076641","-34,935961",SPRF-PE,DEL01-PE,UOP01-DEL01-PE
368005,2021-07-03,sábado,10:20:00,PE,232,"133,1",CARUARU,Condutor deixou de manter distância do veículo da frente,Engavetamento,Com Vítimas Feridas,Pleno dia,Crescente,Chuva,Dupla,Reta,Sim,6,0,4,0,2,0,4,3,"-8,30607988","-36,01576003",SPRF-PE,DEL02-PE,UOP03-DEL02-PE
368008,2021-07-03,sábado,11:30:00,PE,101,74,RECIFE,Falta de elemento de contenção que evite a saída do leito carroçável,Saída de leito carroçável,Com Vítimas Feridas,Pleno dia,Crescente,Chuva,Dupla,Curva,Não,1,0,1,0,0,0,1,1,"-8,10146485","-34,94901577",SPRF-PE,DEL01-PE,UOP01-DEL01-PE
368017,2021-07-03,sábado,12:07:00,PE,232,"59,3",POMBOS,Ingestão de álcool pelo condutor,Colisão frontal,Sem Vítimas,Pleno dia,Crescente,Garoa/Chuvisco,Dupla,Reta,Sim,2,0,0,0,2,0,0,2,"-8,14693316","-35,39652228",SPRF-PE,DEL02-PE,UOP02-DEL02PE
368030,2021-06-29,terça-feira,20:25:00,PE,116,26,SALGUEIRO,Acessar a via sem observar a presença dos outros veículos,Colisão transversal,Com Vítimas Feridas,Plena Noite,Crescente,Céu Claro,Simples,Reta,Sim,3,0,1,0,2,0,1,2,"-8,078546","-39,130867",SPRF-PE,DEL05-PE,UOP01-DEL05-PE