id,data_inversa,dia_semana,horario,uf,br,km,municipio,causa_acidente,tipo_acidente,classificacao_acidente,fase_dia,sentido_via,condicao_metereologica,tipo_pista,tracado_via,uso_solo,pessoas,mortos,feridos_leves,feridos_graves,ilesos,ignorados,feridos,veiculos,latitude,longitude,regional,delegacia,uop
368066,2021-07-03,sábado,15:30:00,PE,232,"265,4",ARCOVERDE,Conversão proibida,Colisão transversal,Com Vítimas Feridas,Pleno dia,Decrescente,Garoa/Chuvisco,Simples,Reta,Não,3,0,2,0,1,0,2,2,"-8,40839508","-37,17389501",SPRF-PE,DEL03-PE,UOP02-DEL03-PE
368101,2021-07-03,sábado,17:45:00,PE,104,"74,5",CARUARU,Reação tardia ou ineficiente do condutor,Colisão frontal,Com Vítimas Fatais,Plena Noite,Decrescente,Chuva,Simples,Curva,Não,2,1,0,1,0,0,1,2,"-8,349874","-35,985184",SPRF-PE,DEL02-PE,UOP01-DEL02-PE
368143,2021-07-03,sábado,21:30:00,PE,101,"48,2",ABREU E LIMA,Reação tardia ou ineficiente do condutor,Colisão traseira,Com Vítimas Feridas,Plena Noite,Decrescente,Nublado,Múltipla,Reta,Sim,3,0,2,0,1,0,2,2,"-7,89174705","-34,9033493",SPRF-PE,DEL01-PE,UOP02-DEL01-PE
368155,2021-07-03,sábado,14:30:00,PE,232,114,BEZERROS,Velocidade Incompatível,Saída de leito carroçável,Com Vítimas Feridas,Pleno dia,Crescente,Chuva,Dupla,Reta,Não,2,0,1,1,0,0,2,1,"-8,30028529","-35,84905306",SPRF-PE,DEL02-PE,UOP02-DEL02PE
368286,2021-07-04,domingo,15:00:00,PE,232,117,BEZERROS,Reação tardia ou ineficiente do condutor,Colisão traseira,Com Vítimas Feridas,Pleno dia,Crescente,Céu Claro,Dupla,Reta,Não,2,0,1,0,1,0,1,2,"-8,2952915275","-35,8754959045",SPRF-PE,DEL02-PE,UOP03-DEL02-PE
368329,2021-07-04,domingo,19:45:00,PE,407,"124,2",PETROLINA,Conversão proibida,Saída de leito carroçável,Com Vítimas Feridas,Plena Noite,Decrescente,Céu Claro,Dupla,Curva,Sim,1,0,0,1,0,0,1,1,"-9,36929881","-40,54137139",SPRF-PE,DEL06-PE,UOP01-DEL06-PE
368417,2021-07-05,segunda-feira,02:00:00,PE,232,105,BEZERROS,Curva acentuada,Saída de leito carroçável,Com Vítimas Feridas,Plena Noite,Crescente,Nublado,Dupla,Curva,Não,1,0,0,1,0,0,1,1,"-8,25830415","-35,78275595",SPRF-PE,DEL02-PE,UOP02-DEL02PE
368426,2021-07-05,segunda-feira,00:25:00,PE,407,16,AFRANIO,Condutor Dormindo,Saída de leito carroçável,Com Vítimas Feridas,Plena Noite,Crescente,Céu Claro,Simples,Reta,Não,1,0,0,1,0,0,1,1,"-8,58068174","-40,97110748",SPRF-PE,DEL06-PE,UOP02-DEL06-PE
368453,2021-07-05,segunda-feira,07:40:00,PE,101,"86,7",JABOATAO DOS GUARARAPES,Ultrapassagem Indevida,Atropelamento de Pedestre,Com Vítimas Feridas,Pleno dia,Decrescente,Sol,Simples,Reta,Sim,3,0,0,1,1,1,1,3,"-8,18470013","-34,96816895",SPRF-PE,DEL01-PE,UOP01-DEL01-PE
368459,2021-07-05,segunda-feira,07:35:00,PE,101,"70,4",RECIFE,Manobra de mudança de faixa,Colisão traseira,Com Vítimas Feridas,Pleno dia,Crescente,Céu Claro,Dupla,Reta,Não,2,0,1,0,1,0,1,2,"-8,06776119","-34,94265074",SPRF-PE,DEL01-PE,UOP01-DEL01-PE
368538,2021-07-05,segunda-feira,14:50:00,PE,101,169,AGUA PRETA,Ausência de reação do condutor,Saída de leito carroçável,Com Vítimas Feridas,Pleno dia,Crescente,Céu Claro,Dupla,Reta,Não,1,0,1,0,0,0,1,1,"-8,57679958","-35,48941902",SPRF-PE,DEL01-PE,UOP01-DEL01-PE
368547,2021-07-05,segunda-feira,15:10:00,PE,232,129,CARUARU,Reação tardia ou ineficiente do condutor,Saída de leito carroçável,Com Vítimas Feridas,Pleno dia,Decrescente,Céu Claro,Múltipla,Reta,Sim,1,0,0,1,0,0,1,1,"-8,30193507","-35,98092002",SPRF-PE,DEL02-PE,UOP03-DEL02-PE
368567,2021-07-05,segunda-feira,17:15:00,PE,232,71,GRAVATA,Pedestre cruzava a pista fora da faixa,Atropelamento de Pedestre,Com Vítimas Fatais,Anoitecer,Decrescente,Céu Claro,Dupla,Reta,Não,4,1,0,0,1,2,0,2,"-8,18344403","-35,49296599",SPRF-PE,DEL02-PE,UOP02-DEL02PE
368605,2021-07-05,segunda-feira,18:20:00,PE,101,15,GOIANA,Ausência de reação do condutor,Queda de ocupante de veículo,Com Vítimas Feridas,Plena Noite,Decrescente,Céu Claro,Dupla,Reta,Não,1,0,0,1,0,0,1,1,"-7,62621106","-34,96669711",SPRF-PE,DEL01-PE,UOP02-DEL01-PE
368616,2021-07-05,segunda-feira,21:50:00,PE,232,"127,9",CARUARU,Acessar a via sem observar a presença dos outros veículos,Colisão lateral mesmo sentido,Com Vítimas Feridas,Plena Noite,Decrescente,Céu Claro,Múltipla,Reta,Sim,2,0,1,0,1,0,1,2,"-8,30610303","-35,96342301",SPRF-PE,DEL02-PE,UOP03-DEL02-PE
368709,2021-07-06,terça-feira,12:30:00,PE,232,8,RECIFE,Manobra de mudança de faixa,Colisão lateral mesmo sentido,Com Vítimas Feridas,Pleno dia,Decrescente,Céu Claro,Dupla,Reta,Sim,2,0,1,0,1,0,1,2,"-8,07583727","-34,97015791",SPRF-PE,DEL01-PE,UOP01-DEL01-PE
368741,2021-07-06,terça-feira,15:00:00,PE,101,"53,8",PAULISTA,Acessar a via sem observar a presença dos outros veículos,Colisão traseira,Com Vítimas Feridas,Pleno dia,Crescente,Sol,Simples,Reta,Sim,2,0,1,0,1,0,1,2,"-7,93124094","-34,90068606",SPRF-PE,DEL01-PE,UOP02-DEL01-PE
368742,2021-07-06,terça-feira,15:30:00,PE,101,"81,5",JABOATAO DOS GUARARAPES,Acessar a via sem observar a presença dos outros veículos,Colisão transversal,Com Vítimas Feridas,Pleno dia,Crescente,Sol,Dupla,Reta,Sim,2,0,1,0,1,0,1,2,"-8,1597489","-34,94024569",SPRF-PE,DEL01-PE,UOP01-DEL01-PE
368752,2021-07-06,terça-feira,16:00:00,PE,101,"72,5",RECIFE,Velocidade Incompatível,Saída de leito carroçável,Sem Vítimas,Pleno dia,Decrescente,Céu Claro,Dupla,Reta,Sim,1,0,0,0,1,0,0,1,"-8,08493106","-34,9450639",SPRF-PE,DEL01-PE,UOP01-DEL01-PE
368798,2021-07-06,terça-feira,18:30:00,PE,101,73,RECIFE,Acessar a via sem observar a presença dos outros veículos,Colisão transversal,Com Vítimas Feridas,Plena Noite,Decrescente,Céu Claro,Dupla,Retorno Regulamentado,Sim,2,0,1,0,1,0,1,2,"-8,099179","-34,949992",SPRF-PE,DEL01-PE,UOP01-DEL01-PE
368804,2021-07-06,terça-feira,19:30:00,PE,232,"147,1",SAO CAITANO,Animais na Pista,Atropelamento de Animal,Com Vítimas Feridas,Plena Noite,Crescente,Céu Claro,Dupla,Aclive,Sim,3,0,1,1,1,0,2,1,"-8,33373137","-36,13751116",SPRF-PE,DEL02-PE,UOP03-DEL02-PE
368806,2021-07-06,terça-feira,19:30:00,PE,232,147,SAO CAITANO,Animais na Pista,Atropelamento de Animal,Com Vítimas Feridas,Plena Noite,Decrescente,Céu Claro,Dupla,Aclive,Sim,3,0,2,1,0,0,3,1,"-8,332704","-36,139697",SPRF-PE,DEL02-PE,UOP03-DEL02-PE
368921,2021-07-07,quarta-feira,08:20:00,PE,101,78,RECIFE,Trafegar com motocicleta (ou similar) entre as faixas,Colisão traseira,Com Vítimas Feridas,Pleno dia,Crescente,Céu Claro,Dupla,Reta,Não,4,0,2,0,1,1,2,3,"-8,13496499","-34,94738614",SPRF-PE,DEL01-PE,UOP01-DEL01-PE
368997,2021-07-07,quarta-feira,15:40:00,PE,101,"36,2",IGARASSU,Condutor Dormindo,Queda de ocupante de veículo,Com Vítimas Feridas,Pleno dia,Crescente,Sol,Dupla,Aclive,Não,1,0,1,0,0,0,1,1,"-7,788367","-34,92981702",SPRF-PE,DEL01-PE,UOP02-DEL01-PE
369000,2021-07-07,quarta-feira,15:50:00,PE,101,"70,2",RECIFE,Ausência de reação do condutor,Colisão lateral mesmo sentido,Com Vítimas Feridas,Pleno dia,Crescente,Sol,Dupla,Reta,Sim,2,0,1,0,1,0,1,2,"-8,069637","-34,940235",SPRF-PE,DEL01-PE,UOP01-DEL01-PE
369010,2021-07-07,quarta-feira,17:00:00,PE,101,"42,1",IGARASSU,Acessar a via sem observar a presença dos outros veículos,Colisão transversal,Com Vítimas Feridas,Anoitecer,Decrescente,Céu Claro,Múltipla,Reta,Sim,2,0,1,0,1,0,1,2,"-7,83887431","-34,91196739",SPRF-PE,DEL01-PE,UOP02-DEL01-PE
369032,2021-07-07,quarta-feira,18:30:00,PE,116,25,SALGUEIRO,Pista Escorregadia,Queda de ocupante de veículo,Com Vítimas Feridas,Plena Noite,Decrescente,Céu Claro,Simples,Rotatória,Não,1,0,1,0,0,0,1,1,"-8,06761099","-39,13466334",SPRF-PE,DEL05-PE,UOP01-DEL05-PE
369084,2021-07-08,quinta-feira,04:15:00,PE,232,"89,5",GRAVATA,Entrada inopinada do pedestre,Atropelamento de Pedestre,Com Vítimas Feridas,Amanhecer,Decrescente,Céu Claro,Dupla,Reta,Não,2,0,1,0,1,0,1,2,"-8,21622964","-35,64675492",SPRF-PE,DEL02-PE,UOP02-DEL02PE
369105,2021-07-08,quinta-feira,07:30:00,PE,101,"60,7",RECIFE,Condutor deixou de manter distância do veículo da frente,Colisão traseira,Com Vítimas Feridas,Pleno dia,Crescente,Sol,Dupla,Reta,Sim,2,0,1,0,1,0,1,2,"-7,98344307","-34,93176727",SPRF-PE,DEL01-PE,UOP02-DEL01-PE
369113,2021-07-08,quinta-feira,08:50:00,PE,232,32,MORENO,Restrição de visibilidade em curvas horizontais,Capotamento,Com Vítimas Feridas,Pleno dia,Decrescente,Céu Claro,Dupla,Curva,Não,2,0,2,0,0,0,2,1,"-8,10541732","-35,1665671",SPRF-PE,DEL01-PE,UOP01-DEL01-PE
369146,2021-07-08,quinta-feira,12:01:00,PE,101,"70,2",RECIFE,Entrada inopinada do pedestre,Atropelamento de Pedestre,Com Vítimas Feridas,Pleno dia,Decrescente,Céu Claro,Dupla,Reta,Sim,2,0,1,0,1,0,1,2,"-8,06776119","-34,94265074",SPRF-PE,DEL01-PE,UOP01-DEL01-PE
369154,2021-07-08,quinta-feira,11:30:00,PE,104,63,CARUARU,Reação tardia ou ineficiente do condutor,Colisão traseira,Sem Vítimas,Pleno dia,Crescente,Sol,Múltipla,Desvio Temporário;Reta        ,Sim,2,0,0,0,2,0,0,2,"-8,2698","-35,9803",SPRF-PE,DEL02-PE,UOP01-DEL02-PE
369174,2021-07-08,quinta-feira,12:00:00,PE,316,"291,7",BELEM DE SAO FRANCISCO,Demais falhas mecânicas ou elétricas,Incêndio,Sem Vítimas,Pleno dia,Crescente,Sol,Simples,Reta,Não,1,0,0,0,1,0,0,1,"-8,63600187","-38,67315705",SPRF-PE,DEL04-PE,UOP01-DEL04-PE
369192,2021-07-08,quinta-feira,16:30:00,PE,232,75,GRAVATA,Animais na Pista,Atropelamento de Animal,Com Vítimas Feridas,Pleno dia,Crescente,Céu Claro,Múltipla,Curva,Não,1,0,0,1,0,0,1,1,"-8,19737799","-35,525476",SPRF-PE,DEL02-PE,UOP02-DEL02PE
369225,2021-07-08,quinta-feira,18:50:00,PE,428,"82,7",SANTA MARIA DA BOA VISTA,Ingestão de álcool pelo condutor,Colisão traseira,Com Vítimas Feridas,Plena Noite,Crescente,Nublado,Simples,Reta,Não,2,0,0,1,1,0,1,2,"-8,78713942","-39,82236026",SPRF-PE,DEL06-PE,UOP03-DEL06-PE
369248,2021-07-08,quinta-feira,19:50:00,PE,428,"170,7",PETROLINA,Condutor deixou de manter distância do veículo da frente,Colisão traseira,Com Vítimas Fatais,Plena Noite,Crescente,Céu Claro,Simples,Reta,Não,2,1,0,0,0,1,0,2,"-9,22081788","-40,40797219",SPRF-PE,DEL06-PE,UOP01-DEL06-PE
369364,2021-07-09,sexta-feira,07:42:00,PE,101,73,RECIFE,Manobra de mudança de faixa,Colisão lateral mesmo sentido,Com Vítimas Feridas,Pleno dia,Decrescente,Céu Claro,Múltipla,Reta,Sim,2,0,1,0,1,0,1,2,"-8,093369","-34,947464",SPRF-PE,DEL01-PE,UOP01-DEL01-PE
369375,2021-07-09,sexta-feira,14:10:00,PE,408,"97,4",SAO LOURENCO DA MATA,Velocidade Incompatível,Saída de leito carroçável,Sem Vítimas,Pleno dia,Decrescente,Sol,Dupla,Declive,Sim,1,0,0,0,0,1,0,1,"-8,02843077","-35,03684556",SPRF-PE,DEL01-PE,UOP01-DEL01-PE
369387,2021-07-09,sexta-feira,15:20:00,PE,232,"84,4",GRAVATA,Velocidade Incompatível,Capotamento,Com Vítimas Feridas,Pleno dia,Decrescente,Céu Claro,Dupla,Reta;Aclive                   ,Sim,2,0,1,1,0,0,2,1,"-8,207841","-35,607415",SPRF-PE,DEL02-PE,UOP02-DEL02PE
369420,2021-07-09,sexta-feira,17:10:00,PE,104,72,CARUARU,Frear bruscamente,Colisão traseira,Com Vítimas Feridas,Anoitecer,Crescente,Céu Claro,Simples,Aclive,Não,2,0,1,0,1,0,1,2,"-8,34063677","-35,98224163",SPRF-PE,DEL02-PE,UOP01-DEL02-PE
369426,2021-07-09,sexta-feira,17:30:00,PE,101,141,RIBEIRAO,Condutor Dormindo,Saída de leito carroçável,Com Vítimas Feridas,Anoitecer,Decrescente,Nublado,Dupla,Curva,Não,2,0,2,0,0,0,2,1,"-8,44013935","-35,33528377",SPRF-PE,DEL01-PE,UOP01-DEL01-PE
369427,2021-07-09,sexta-feira,17:20:00,PE,101,"69,6",RECIFE,Condutor deixou de manter distância do veículo da frente,Colisão traseira,Sem Vítimas,Anoitecer,Crescente,Céu Claro,Múltipla,Reta,Não,2,0,0,0,1,1,0,2,"-8,05951606","-34,94581024",SPRF-PE,DEL01-PE,UOP01-DEL01-PE
369597,2021-07-10,sábado,11:05:00,PE,101,72,RECIFE,Ausência de reação do condutor,Colisão lateral mesmo sentido,Com Vítimas Feridas,Pleno dia,Decrescente,Sol,Dupla,Reta,Sim,2,0,1,0,1,0,1,2,"-8,08493106","-34,9450639",SPRF-PE,DEL01-PE,UOP01-DEL01-PE
369598,2021-07-10,sábado,10:30:00,PE,101,"48,8",ABREU E LIMA,Reação tardia ou ineficiente do condutor,Colisão traseira,Com Vítimas Feridas,Pleno dia,Decrescente,Chuva,Múltipla,Reta,Sim,3,0,1,0,2,0,1,3,"-7,9005152","-34,90180641",SPRF-PE,DEL01-PE,UOP02-DEL01-PE
369603,2021-07-10,sábado,11:15:00,PE,232,"55,7",POMBOS,Demais falhas mecânicas ou elétricas,Tombamento,Com Vítimas Feridas,Pleno dia,Crescente,Céu Claro,Dupla,Reta,Sim,2,0,2,0,0,0,2,1,"-8,136499","-35,371687",SPRF-PE,DEL02-PE,UOP02-DEL02PE
369661,2021-07-04,domingo,18:35:00,PE,408,"56,5",NAZARE DA MATA,Obstrução na via,Colisão traseira,Com Vítimas Feridas,Plena Noite,Decrescente,Céu Claro,Simples,Reta,Não,3,0,1,0,2,0,1,2,"-7,77994878","-35,23919365",SPRF-PE,DEL01-PE,UOP01-DEL01-PE
369667,2021-07-10,sábado,17:40:00,PE,232,"47,3",VITORIA DE SANTO ANTAO,Ingestão de álcool pelo condutor,Colisão transversal,Com Vítimas Fatais,Anoitecer,Crescente,Chuva,Dupla,Reta,Não,2,1,0,0,1,0,0,2,"-8,13769724","-35,29733789",SPRF-PE,DEL01-PE,UOP01-DEL01-PE
369701,2021-07-10,sábado,19:20:00,PE,104,79,AGRESTINA,Demais falhas mecânicas ou elétricas,Colisão frontal,Com Vítimas Feridas,Plena Noite,Crescente,Céu Claro,Simples,Curva,Não,2,0,2,0,0,0,2,2,"-8,389074","-35,974712",SPRF-PE,DEL02-PE,UOP01-DEL02-PE
369842,2021-07-11,domingo,08:20:00,PE,101,"68,2",RECIFE,Ausência de reação do condutor,Colisão com objeto,Sem Vítimas,Pleno dia,Decrescente,Nublado,Múltipla,Rotatória,Sim,1,0,0,0,0,1,0,1,"-8,05074296","-34,94580619",SPRF-PE,DEL01-PE,UOP01-DEL01-PE
369844,2021-07-11,domingo,08:50:00,PE,101,"28,4",IGARASSU,Frear bruscamente,Tombamento,Com Vítimas Feridas,Pleno dia,Decrescente,Céu Claro,Dupla,Reta,Não,2,0,2,0,0,0,2,1,"-7,72056385","-34,94127124",SPRF-PE,DEL01-PE,UOP02-DEL01-PE
369890,2021-07-11,domingo,11:30:00,PE,232,23,MORENO,Acesso irregular,Colisão transversal,Com Vítimas Feridas,Pleno dia,Decrescente,Céu Claro,Dupla,Curva,Não,2,0,0,1,1,0,1,2,"-8,0992185","-35,09713887",SPRF-PE,DEL01-PE,UOP01-DEL01-PE
369892,2021-07-11,domingo,08:50:00,PE,232,"86,7",GRAVATA,Condutor Dormindo,Saída de leito carroçável,Com Vítimas Feridas,Pleno dia,Crescente,Sol,Dupla,Curva,Não,1,0,0,1,0,0,1,1,"-8,21357161","-35,62733173",SPRF-PE,DEL02-PE,UOP02-DEL02PE
369913,2021-07-11,domingo,13:10:00,PE,101,"91,5",CABO DE SANTO AGOSTINHO,Conversão proibida,Colisão lateral mesmo sentido,Com Vítimas Feridas,Pleno dia,Decrescente,Nublado,Dupla,Reta,Sim,2,0,1,0,1,0,1,2,"-8,23882808","-34,98446172",SPRF-PE,DEL01-PE,UOP01-DEL01-PE
369918,2021-07-11,domingo,15:15:00,PE,423,"83,1",JUCATI,Acessar a via sem observar a presença dos outros veículos,Colisão transversal,Com Vítimas Fatais,Pleno dia,Decrescente,Céu Claro,Simples,Reta,Não,2,1,1,0,0,0,1,2,"-8,79028092","-36,43450918",SPRF-PE,DEL03-PE,UOP01-DEL03-PE
369928,2021-07-11,domingo,15:00:00,PE,101,"105,1",CABO DE SANTO AGOSTINHO,Manobra de mudança de faixa,Tombamento,Com Vítimas Feridas,Pleno dia,Crescente,Sol,Dupla,Curva,Não,2,0,2,0,0,0,2,1,"-8,30242751","-35,06989924",SPRF-PE,DEL01-PE,UOP01-DEL01-PE
369943,2021-07-11,domingo,17:30:00,PE,232,"6,3",RECIFE,Manobra de mudança de faixa,Colisão transversal,Sem Vítimas,Anoitecer,Decrescente,Chuva,Dupla,Reta,Sim,2,0,0,0,2,0,0,2,"-8,071765","-34,956033",SPRF-PE,DEL01-PE,UOP01-DEL01-PE
369979,2021-07-11,domingo,19:00:00,PE,101,48,ABREU E LIMA,Pedestre cruzava a pista fora da faixa,Atropelamento de Pedestre,Com Vítimas Feridas,Plena Noite,Crescente,Nublado,Múltipla,Reta,Sim,2,0,2,0,0,0,2,2,"-7,89174705","-34,9033493",SPRF-PE,DEL01-PE,UOP02-DEL01-PE
370029,2021-07-11,domingo,21:10:00,PE,232,"356,7",FLORES,Velocidade Incompatível,Saída de leito carroçável,Com Vítimas Feridas,Plena Noite,Crescente,Céu Claro,Simples,Interseção de Vias,Não,1,0,0,1,0,0,1,1,"-8,0470875","-37,84292221",SPRF-PE,DEL04-PE,UOP01-DEL04-PE
370139,2021-07-12,segunda-feira,09:20:00,PE,232,6,RECIFE,Condutor deixou de manter distância do veículo da frente,Engavetamento,Sem Vítimas,Pleno dia,Decrescente,Céu Claro,Dupla,Reta,Sim,4,0,0,0,4,0,0,4,"-8,07079525","-34,9535389",SPRF-PE,DEL01-PE,UOP01-DEL01-PE
370146,2021-07-12,segunda-feira,11:10:00,PE,101,"70,5",RECIFE,Acessar a via sem observar a presença dos outros veículos,Colisão lateral mesmo sentido,Sem Vítimas,Pleno dia,Decrescente,Céu Claro,Dupla,Reta,Não,2,0,0,0,2,0,0,2,"-8,06776119","-34,94265074",SPRF-PE,DEL01-PE,UOP01-DEL01-PE
370160,2021-07-12,segunda-feira,01:00:00,PE,424,"90,4",GARANHUNS,Pedestre andava na pista,Atropelamento de Pedestre,Com Vítimas Fatais,Plena Noite,Crescente,Nublado,Simples,Reta,Sim,2,1,0,0,0,1,0,2,"-8,90586845","-36,49859905",SPRF-PE,DEL03-PE,UOP01-DEL03-PE
370173,2021-07-12,segunda-feira,08:05:00,PE,232,253,ARCOVERDE,Desrespeitar a preferência no cruzamento,Colisão transversal,Com Vítimas Feridas,Pleno dia,Decrescente,Nublado,Dupla,Rotatória,Sim,2,0,0,1,1,0,1,2,"-8,43092055","-37,0638907",SPRF-PE,DEL03-PE,UOP02-DEL03-PE
370175,2021-06-20,domingo,08:15:00,PE,104,"26,1",TAQUARITINGA DO NORTE,Condutor Dormindo,Colisão frontal,Com Vítimas Feridas,Pleno dia,Decrescente,Nublado,Simples,Reta,Não,3,0,1,0,1,1,1,2,"-7,993323","-36,095291",SPRF-PE,DEL02-PE,UOP01-DEL02-PE
370204,2021-07-12,segunda-feira,16:08:00,PE,101,68,RECIFE,Trafegar com motocicleta (ou similar) entre as faixas,Colisão lateral mesmo sentido,Com Vítimas Feridas,Pleno dia,Decrescente,Céu Claro,Dupla,Viaduto,Sim,3,0,1,0,2,0,1,3,"-8,05074296","-34,94580619",SPRF-PE,DEL01-PE,UOP01-DEL01-PE
370232,2021-07-12,segunda-feira,18:25:00,PE,101,67,RECIFE,Reação tardia ou ineficiente do condutor,Colisão lateral mesmo sentido,Sem Vítimas,Plena Noite,Crescente,Céu Claro,Dupla,Reta,Sim,2,0,0,0,2,0,0,2,"-8,042334","-34,943096",SPRF-PE,DEL01-PE,UOP01-DEL01-PE
370307,2021-07-13,terça-feira,05:41:00,PE,101,"74,8",RECIFE,Frear bruscamente,Colisão traseira,Com Vítimas Feridas,Pleno dia,Crescente,Céu Claro,Dupla,Reta,Sim,2,0,1,0,1,0,1,2,"-8,10809189","-34,94777799",SPRF-PE,DEL01-PE,UOP01-DEL01-PE
370351,2021-07-13,terça-feira,11:50:00,PE,104,"72,2",CARUARU,Curva acentuada,Capotamento,Com Vítimas Feridas,Pleno dia,Crescente,Céu Claro,Simples,Curva,Não,2,0,1,0,1,0,1,1,"-8,332917","-35,981609",SPRF-PE,DEL02-PE,UOP01-DEL02-PE
370479,2021-07-14,quarta-feira,00:30:00,PE,101,"80,3",JABOATAO DOS GUARARAPES,Acessar a via sem observar a presença dos outros veículos,Colisão transversal,Sem Vítimas,Plena Noite,Crescente,Céu Claro,Dupla,Reta,Sim,4,0,0,0,1,3,0,3,"-8,15112589","-34,9428866",SPRF-PE,DEL01-PE,UOP01-DEL01-PE
370502,2021-07-14,quarta-feira,07:50:00,PE,232,7,RECIFE,Condutor deixou de manter distância do veículo da frente,Colisão traseira,Sem Vítimas,Pleno dia,Decrescente,Céu Claro,Dupla,Reta,Sim,2,0,0,0,1,1,0,1,"-8,07333497","-34,96184301",SPRF-PE,DEL01-PE,UOP01-DEL01-PE
370529,2021-07-14,quarta-feira,09:30:00,PE,232,98,BEZERROS,Demais falhas mecânicas ou elétricas,Colisão com objeto,Sem Vítimas,Pleno dia,Crescente,Céu Claro,Múltipla,Reta,Não,1,0,0,0,1,0,0,1,"-8,23595538","-35,72633743",SPRF-PE,DEL02-PE,UOP02-DEL02PE
370631,2021-07-14,quarta-feira,21:00:00,PE,101,"65,9",RECIFE,Entrada inopinada do pedestre,Atropelamento de Pedestre,Com Vítimas Fatais,Plena Noite,Crescente,Chuva,Dupla,Reta,Sim,2,1,0,0,1,0,0,2,"-8,02478597","-34,94276635",SPRF-PE,DEL01-PE,UOP01-DEL01-PE
370664,2021-07-15,quinta-feira,02:00:00,PE,407,127,PETROLINA,Ingestão de álcool pelo condutor,Colisão transversal,Com Vítimas Feridas,Plena Noite,Decrescente,Céu Claro,Simples,Interseção de Vias,Sim,2,0,1,0,1,0,1,2,"-9,3908678","-40,52038627",SPRF-PE,DEL06-PE,UOP01-DEL06-PE
370705,2021-07-15,quinta-feira,08:30:00,PE,101,"90,9",CABO DE SANTO AGOSTINHO,Carga excessiva e/ou mal acondicionada,Tombamento,Com Vítimas Feridas,Pleno dia,Crescente,Céu Claro,Dupla,Curva,Não,2,0,1,0,1,0,1,2,"-8,223015","-34,99264",SPRF-PE,DEL01-PE,UOP01-DEL01-PE
370742,2021-07-15,quinta-feira,11:20:00,PE,101,"44,1",IGARASSU,Desrespeitar a preferência no cruzamento,Colisão transversal,Com Vítimas Feridas,Pleno dia,Decrescente,Sol,Múltipla,Reta,Sim,3,0,0,2,1,0,2,2,"-7,85797214","-34,90817785",SPRF-PE,DEL01-PE,UOP02-DEL01-PE
370759,2021-07-15,quinta-feira,14:25:00,PE,101,82,JABOATAO DOS GUARARAPES,Trafegar com motocicleta (ou similar) entre as faixas,Colisão traseira,Com Vítimas Feridas,Pleno dia,Decrescente,Céu Claro,Dupla,Viaduto,Não,2,0,1,0,1,0,1,2,"-8,168383","-34,9376",SPRF-PE,DEL01-PE,UOP01-DEL01-PE
370766,2021-07-15,quinta-feira,15:30:00,PE,,,RECIFE,Redutor de velocidade em desacordo,Tombamento,Com Vítimas Feridas,Pleno dia,Não Informado,Céu Claro,Simples,Reta,Sim,1,0,0,1,0,0,1,1,"-8,058556","-34,94964",SPRF-PE,DEL01-PE,UOP01-DEL01-PE
370777,2021-07-15,quinta-feira,16:20:00,PE,232,"250,8",ARCOVERDE,Condutor deixou de manter distância do veículo da frente,Engavetamento,Sem Vítimas,Pleno dia,Crescente,Céu Claro,Simples,Aclive,Sim,3,0,0,0,3,0,0,3,"-8,42350887","-37,05286107",SPRF-PE,DEL03-PE,UOP02-DEL03-PE
370864,2021-07-16,sexta-feira,04:30:00,PE,101,"46,6",IGARASSU,Desrespeitar a preferência no cruzamento,Colisão transversal,Com Vítimas Feridas,Pleno dia,Decrescente,Garoa/Chuvisco,Múltipla,Reta,Sim,2,0,0,1,1,0,1,2,"-7,87406004","-34,90588126",SPRF-PE,DEL01-PE,UOP02-DEL01-PE
370906,2021-07-16,sexta-feira,08:45:00,PE,101,"27,5",IGARASSU,Animais na Pista,Colisão com objeto,Com Vítimas Feridas,Pleno dia,Decrescente,Chuva,Dupla,Reta,Não,1,0,1,0,0,0,1,1,"-7,71433379","-34,93478417",SPRF-PE,DEL01-PE,UOP02-DEL01-PE
370939,2021-07-16,sexta-feira,12:50:00,PE,232,"411,7",SERRA TALHADA,Conversão proibida,Colisão lateral mesmo sentido,Com Vítimas Feridas,Pleno dia,Crescente,Céu Claro,Simples,Reta,Sim,4,0,0,1,1,2,1,3,"-7,98000712","-38,30890775",SPRF-PE,DEL04-PE,UOP01-DEL04-PE
371005,2021-07-16,sexta-feira,15:25:00,PE,232,13,JABOATAO DOS GUARARAPES,Velocidade Incompatível,Saída de leito carroçável,Sem Vítimas,Pleno dia,Decrescente,Céu Claro,Dupla,Reta,Não,1,0,0,0,0,1,0,1,"-8,08831567","-35,01203806",SPRF-PE,DEL01-PE,UOP01-DEL01-PE
371014,2021-07-16,sexta-feira,17:15:00,PE,423,"96,4",GARANHUNS,Trafegar com motocicleta (ou similar) entre as faixas,Colisão lateral sentido oposto,Com Vítimas Feridas,Plena Noite,Decrescente,Nevoeiro/Neblina,Simples,Reta,Sim,2,0,1,0,1,0,1,2,"-8,88021822","-36,48651678",SPRF-PE,DEL03-PE,UOP01-DEL03-PE
371027,2021-07-16,sexta-feira,18:45:00,PE,101,71,RECIFE,Ausência de reação do condutor,Colisão traseira,Com Vítimas Feridas,Plena Noite,Crescente,Nublado,Dupla,Reta,Sim,3,0,1,0,2,0,1,2,"-8,07663102","-34,94277871",SPRF-PE,DEL01-PE,UOP01-DEL01-PE