id,data_inversa,dia_semana,horario,uf,br,km,municipio,causa_acidente,tipo_acidente,classificacao_acidente,fase_dia,sentido_via,condicao_metereologica,tipo_pista,tracado_via,uso_solo,pessoas,mortos,feridos_leves,feridos_graves,ilesos,ignorados,feridos,veiculos,latitude,longitude,regional,delegacia,uop
371083,2021-07-16,sexta-feira,22:35:00,PE,232,"36,2",MORENO,Demais falhas mecânicas ou elétricas,Incêndio,Sem Vítimas,Plena Noite,Crescente,Garoa/Chuvisco,Dupla,Reta,Não,1,0,0,0,0,1,0,1,"-8,11082778","-35,20125807",SPRF-PE,DEL01-PE,UOP01-DEL01-PE
371140,2021-07-17,sábado,07:40:00,PE,232,22,MORENO,Demais falhas mecânicas ou elétricas,Saída de leito carroçável,Com Vítimas Feridas,Pleno dia,Decrescente,Nublado,Múltipla,Declive;Curva                 ,Não,1,0,1,0,0,0,1,1,"-8,09712273","-35,088592",SPRF-PE,DEL01-PE,UOP01-DEL01-PE
371143,2021-07-17,sábado,09:00:00,PE,101,"59,5",RECIFE,Condutor deixou de manter distância do veículo da frente,Colisão traseira,Com Vítimas Feridas,Pleno dia,Decrescente,Chuva,Dupla,Reta,Sim,2,0,1,0,1,0,1,2,"-7,97708575","-34,92607318",SPRF-PE,DEL01-PE,UOP02-DEL01-PE
371161,2021-07-17,sábado,10:30:00,PE,101,"42,7",IGARASSU,Acessar a via sem observar a presença dos outros veículos,Colisão traseira,Com Vítimas Feridas,Pleno dia,Decrescente,Nublado,Múltipla,Reta,Sim,3,0,1,0,1,1,1,2,"-7,83887431","-34,91196739",SPRF-PE,DEL01-PE,UOP02-DEL01-PE
371202,2021-07-17,sábado,14:55:00,PE,101,148,RIBEIRAO,Retorno proibido,Colisão transversal,Com Vítimas Fatais,Pleno dia,Decrescente,Céu Claro,Múltipla,Reta,Não,3,2,0,0,1,0,0,2,"-8,47458903","-35,37134167",SPRF-PE,DEL01-PE,UOP01-DEL01-PE
371279,2021-06-20,domingo,17:30:00,PE,232,"276,2",SERTANIA,Demais falhas mecânicas ou elétricas,Saída de leito carroçável,Com Vítimas Feridas,Anoitecer,Crescente,Neve,Simples,Curva,Não,2,0,1,1,0,0,2,1,"-8,381581","-37,252664",SPRF-PE,DEL03-PE,UOP02-DEL03-PE
371300,2021-07-17,sábado,21:50:00,PE,101,90,CABO DE SANTO AGOSTINHO,Reação tardia ou ineficiente do condutor,Colisão traseira,Com Vítimas Feridas,Plena Noite,Decrescente,Chuva,Dupla,Reta,Sim,2,0,0,1,1,0,1,2,"-8,21612792","-34,98772817",SPRF-PE,DEL01-PE,UOP01-DEL01-PE
371313,2021-07-17,sábado,23:50:00,PE,232,"199,4",SANHARO,Transitar no acostamento,Colisão com objeto,Com Vítimas Fatais,Plena Noite,Decrescente,Nublado,Simples,Reta,Não,2,1,0,0,0,1,0,2,"-8,36991711","-36,59847999",SPRF-PE,DEL02-PE,UOP03-DEL02-PE
371351,2021-07-18,domingo,06:30:00,PE,104,"27,4",TORITAMA,Ingestão de álcool pelo condutor,Saída de leito carroçável,Com Vítimas Feridas,Pleno dia,Crescente,Sol,Simples,Curva,Sim,2,0,0,2,0,0,2,1,"-8,004067","-36,087899",SPRF-PE,DEL02-PE,UOP01-DEL02-PE
371368,2021-07-18,domingo,07:50:00,PE,101,99,CABO DE SANTO AGOSTINHO,Manobra de mudança de faixa,Capotamento,Com Vítimas Feridas,Pleno dia,Decrescente,Sol,Dupla,Reta,Não,1,0,1,0,0,0,1,1,"-8,26025316","-35,04629883",SPRF-PE,DEL01-PE,UOP01-DEL01-PE
371381,2021-07-18,domingo,10:20:00,PE,101,"40,8",IGARASSU,Acessar a via sem observar a presença dos outros veículos,Colisão transversal,Com Vítimas Feridas,Pleno dia,Decrescente,Nublado,Dupla,Reta,Sim,2,0,1,0,1,0,1,2,"-7,821475","-34,916545",SPRF-PE,DEL01-PE,UOP02-DEL01-PE
371389,2021-07-18,domingo,11:50:00,PE,232,"6,1",RECIFE,Ausência de reação do condutor,Engavetamento,Com Vítimas Feridas,Pleno dia,Decrescente,Céu Claro,Dupla,Reta,Sim,7,0,1,0,6,0,1,6,"-8,071285","-34,954841",SPRF-PE,DEL01-PE,UOP01-DEL01-PE
371417,2021-07-18,domingo,15:20:00,PE,101,"49,6",ABREU E LIMA,Acessar a via sem observar a presença dos outros veículos,Atropelamento de Pedestre,Sem Vítimas,Pleno dia,Decrescente,Sol,Dupla,Reta,Sim,2,0,0,0,1,1,0,2,"-7,9005152","-34,90180641",SPRF-PE,DEL01-PE,UOP02-DEL01-PE
371448,2021-07-18,domingo,18:00:00,PE,104,"19,2",TAQUARITINGA DO NORTE,Ultrapassagem Indevida,Colisão frontal,Com Vítimas Fatais,Plena Noite,Decrescente,Céu Claro,Simples,Reta,Não,2,1,0,0,0,1,0,2,"-7,947535","-36,127937",SPRF-PE,DEL02-PE,UOP01-DEL02-PE
371475,2021-07-18,domingo,18:06:00,PE,316,"57,5",TRINDADE,Conversão proibida,Colisão transversal,Com Vítimas Feridas,Plena Noite,Decrescente,Céu Claro,Simples,Reta,Sim,2,0,1,0,1,0,1,2,"-7,74765771","-40,2710428",SPRF-PE,DEL05-PE,UOP02-DEL05-PE
371482,2021-07-18,domingo,20:30:00,PE,232,"31,2",MORENO,Ingestão de álcool pelo condutor,Saída de leito carroçável,Com Vítimas Feridas,Plena Noite,Decrescente,Chuva,Dupla,Reta,Não,1,0,1,0,0,0,1,1,"-8,10678602","-35,15841205",SPRF-PE,DEL01-PE,UOP01-DEL01-PE
371496,2021-07-18,domingo,18:20:00,PE,408,55,NAZARE DA MATA,Ingestão de álcool pelo condutor,Colisão lateral sentido oposto,Com Vítimas Feridas,Plena Noite,Crescente,Nublado,Simples,Reta,Não,3,0,1,0,2,0,1,2,"-7,77176315","-35,23566726",SPRF-PE,DEL01-PE,UOP01-DEL01-PE
371508,2021-07-18,domingo,18:15:00,PE,104,"19,2",TAQUARITINGA DO NORTE,Ingestão de álcool pelo condutor,Colisão transversal,Sem Vítimas,Plena Noite,Crescente,Céu Claro,Simples,Reta,Não,2,0,0,0,2,0,0,2,"-7,947535","-36,127937",SPRF-PE,DEL02-PE,UOP01-DEL02-PE
371528,2021-07-18,domingo,23:20:00,PE,423,"95,2",GARANHUNS,Ingestão de álcool pelo condutor,Saída de leito carroçável,Com Vítimas Feridas,Plena Noite,Crescente,Céu Claro,Simples,Curva,Sim,3,0,3,0,0,0,3,1,"-8,878079","-36,48284",SPRF-PE,DEL03-PE,UOP01-DEL03-PE
371578,2021-07-19,segunda-feira,08:00:00,PE,101,"45,7",IGARASSU,Chuva,Colisão lateral mesmo sentido,Com Vítimas Feridas,Pleno dia,Crescente,Chuva,Múltipla,Reta,Sim,2,0,1,0,1,0,1,2,"-7,86521297","-34,90715176",SPRF-PE,DEL01-PE,UOP02-DEL01-PE
371598,2021-07-09,sexta-feira,19:40:00,PE,428,"168,8",PETROLINA,Animais na Pista,Atropelamento de Animal,Sem Vítimas,Plena Noite,Crescente,Céu Claro,Simples,Reta,Não,1,0,0,0,1,0,0,1,"-9,20669407","-40,39689092",SPRF-PE,DEL06-PE,UOP01-DEL06-PE
371611,2021-07-19,segunda-feira,12:30:00,PE,101,26,GOIANA,Acumulo de água sobre o pavimento,Saída de leito carroçável,Com Vítimas Feridas,Pleno dia,Decrescente,Chuva,Dupla,Curva,Não,2,0,1,0,1,0,1,1,"-7,7009082","-34,9229207",SPRF-PE,DEL01-PE,UOP02-DEL01-PE
371615,2021-07-19,segunda-feira,11:40:00,PE,101,"25,9",ITAPISSUMA,Avarias e/ou desgaste excessivo no pneu,Saída de leito carroçável,Com Vítimas Feridas,Pleno dia,Crescente,Chuva,Dupla,Reta,Não,4,0,4,0,0,0,4,1,"-7,70826223","-34,92811677",SPRF-PE,DEL01-PE,UOP02-DEL01-PE
371626,2021-07-19,segunda-feira,10:20:00,PE,423,"154,8",IATI,Velocidade Incompatível,Capotamento,Sem Vítimas,Pleno dia,Decrescente,Céu Claro,Simples,Curva,Não,4,0,0,0,4,0,0,1,"-9,0566026","-36,93412423",SPRF-PE,DEL03-PE,UOP01-DEL03-PE
371709,2021-07-19,segunda-feira,20:40:00,PE,104,"28,8",TORITAMA,Ingestão de álcool pelo condutor,Colisão transversal,Com Vítimas Feridas,Plena Noite,Crescente,Nublado,Simples,Reta,Sim,4,0,1,1,2,0,2,2,"-8,00620208","-36,07316852",SPRF-PE,DEL02-PE,UOP01-DEL02-PE
371724,2021-07-19,segunda-feira,23:10:00,PE,232,409,SERRA TALHADA,Condutor desrespeitou a iluminação vermelha do semáforo,Colisão transversal,Com Vítimas Feridas,Plena Noite,Decrescente,Céu Claro,Dupla,Viaduto,Sim,2,0,1,0,1,0,1,2,"-7,981944","-38,289467",SPRF-PE,DEL04-PE,UOP01-DEL04-PE
371745,2021-07-20,terça-feira,05:20:00,PE,101,68,RECIFE,Animais na Pista,Atropelamento de Animal,Sem Vítimas,Pleno dia,Decrescente,Chuva,Múltipla,Reta,Sim,2,0,0,0,1,1,0,2,"-8,05074296","-34,94580619",SPRF-PE,DEL01-PE,UOP01-DEL01-PE
371800,2021-07-20,terça-feira,11:47:00,PE,232,79,GRAVATA,Mal súbito do condutor,Queda de ocupante de veículo,Com Vítimas Feridas,Pleno dia,Crescente,Nublado,Simples,Reta,Sim,1,0,0,1,0,0,1,1,"-8,19524317","-35,56256175",SPRF-PE,DEL02-PE,UOP02-DEL02PE
371907,2021-07-20,terça-feira,23:20:00,PE,408,"66,1",PAUDALHO,Chuva,Colisão com objeto,Com Vítimas Feridas,Plena Noite,Crescente,Nublado,Dupla,Reta,Sim,1,0,1,0,0,0,1,1,"-7,85456416","-35,22363707",SPRF-PE,DEL01-PE,UOP01-DEL01-PE
371930,2021-07-21,quarta-feira,05:30:00,PE,101,"73,7",RECIFE,Avarias e/ou desgaste excessivo no pneu,Eventos atípicos,Com Vítimas Feridas,Amanhecer,Crescente,Chuva,Múltipla,Reta,Sim,2,0,1,0,1,0,1,1,"-8,093369","-34,947464",SPRF-PE,DEL01-PE,UOP01-DEL01-PE
371941,2021-07-21,quarta-feira,08:00:00,PE,101,"69,9",RECIFE,Condutor deixou de manter distância do veículo da frente,Colisão traseira,Com Vítimas Feridas,Pleno dia,Crescente,Garoa/Chuvisco,Dupla,Reta,Não,3,0,1,0,1,1,1,2,"-8,066853","-34,943287",SPRF-PE,DEL01-PE,UOP01-DEL01-PE
371997,2021-07-21,quarta-feira,14:10:00,PE,424,"89,3",GARANHUNS,Acessar a via sem observar a presença dos outros veículos,Colisão lateral mesmo sentido,Com Vítimas Feridas,Pleno dia,Crescente,Nublado,Simples,Curva;Interseção de Vias      ,Sim,4,0,0,1,3,0,1,2,"-8,89138375","-36,50571483",SPRF-PE,DEL03-PE,UOP01-DEL03-PE
372023,2021-07-21,quarta-feira,17:00:00,PE,101,54,PAULISTA,Entrada inopinada do pedestre,Atropelamento de Pedestre,Com Vítimas Feridas,Pleno dia,Crescente,Nublado,Simples,Interseção de Vias,Não,2,0,0,1,1,0,1,2,"-7,93961103","-34,90356584",SPRF-PE,DEL01-PE,UOP02-DEL01-PE
372036,2021-07-21,quarta-feira,19:00:00,PE,104,"53,6",CARUARU,Ingestão de álcool pelo condutor,Colisão traseira,Com Vítimas Feridas,Plena Noite,Decrescente,Nublado,Dupla,Declive,Sim,4,0,1,0,3,0,1,2,"-8,178876","-35,969398",SPRF-PE,DEL02-PE,UOP01-DEL02-PE
372126,2021-07-22,quinta-feira,07:45:00,PE,101,50,ABREU E LIMA,Reação tardia ou ineficiente do condutor,Colisão traseira,Com Vítimas Feridas,Pleno dia,Decrescente,Céu Claro,Dupla,Reta,Sim,2,0,2,0,0,0,2,2,"-7,90938602","-34,90123228",SPRF-PE,DEL01-PE,UOP02-DEL01-PE
372130,2021-07-22,quinta-feira,08:30:00,PE,423,95,GARANHUNS,Condutor deixou de manter distância do veículo da frente,Colisão traseira,Sem Vítimas,Pleno dia,Crescente,Nublado,Simples,Reta,Sim,2,0,0,0,2,0,0,2,"-8,87891989","-36,47796305",SPRF-PE,DEL03-PE,UOP01-DEL03-PE
372135,2021-07-22,quinta-feira,08:15:00,PE,101,69,RECIFE,Trafegar com motocicleta (ou similar) entre as faixas,Colisão lateral mesmo sentido,Com Vítimas Feridas,Pleno dia,Decrescente,Céu Claro,Dupla,Viaduto,Sim,2,0,1,0,1,0,1,2,"-8,052406","-34,946173",SPRF-PE,DEL01-PE,UOP01-DEL01-PE
372136,2021-07-22,quinta-feira,08:30:00,PE,101,"64,5",RECIFE,Pedestre cruzava a pista fora da faixa,Atropelamento de Pedestre,Com Vítimas Feridas,Pleno dia,Crescente,Céu Claro,Dupla,Reta,Sim,2,0,0,1,1,0,1,2,"-8,02046","-34,942649",SPRF-PE,DEL01-PE,UOP01-DEL01-PE
372228,2021-07-22,quinta-feira,16:50:00,PE,101,"69,3",RECIFE,Demais Fenômenos da natureza,Atropelamento de Pedestre,Com Vítimas Feridas,Anoitecer,Decrescente,Nublado,Múltipla,Reta,Sim,4,0,3,0,1,0,3,2,"-8,064128","-34,941816",SPRF-PE,DEL01-PE,UOP01-DEL01-PE
372232,2021-07-22,quinta-feira,20:45:00,PE,101,72,RECIFE,Condutor deixou de manter distância do veículo da frente,Colisão traseira,Com Vítimas Feridas,Plena Noite,Decrescente,Céu Claro,Dupla,Reta,Sim,4,0,1,0,3,0,1,2,"-8,08493106","-34,9450639",SPRF-PE,DEL01-PE,UOP01-DEL01-PE
372250,2021-07-22,quinta-feira,22:00:00,PE,232,"184,3",BELO JARDIM,Acostamento em desnível,Saída de leito carroçável,Com Vítimas Feridas,Plena Noite,Decrescente,Céu Claro,Simples,Ponte,Não,1,0,0,1,0,0,1,1,"-8,35118645","-36,46450196",SPRF-PE,DEL02-PE,UOP03-DEL02-PE
372397,2021-07-23,sexta-feira,16:20:00,PE,101,"75,1",RECIFE,Manobra de mudança de faixa,Colisão lateral mesmo sentido,Com Vítimas Feridas,Pleno dia,Decrescente,Nublado,Dupla,Reta,Sim,2,0,1,0,1,0,1,2,"-8,10973523","-34,94660151",SPRF-PE,DEL01-PE,UOP01-DEL01-PE
372402,2021-07-23,sexta-feira,18:20:00,PE,101,"9,8",GOIANA,Pista esburacada,Colisão com objeto,Com Vítimas Feridas,Plena Noite,Decrescente,Céu Claro,Dupla,Reta;Declive                  ,Não,2,0,1,0,1,0,1,1,"-7,58468449","-34,98743311",SPRF-PE,DEL01-PE,UOP02-DEL01-PE
372490,2021-07-24,sábado,03:00:00,PE,232,"256,9",ARCOVERDE,Condutor deixou de manter distância do veículo da frente,Colisão traseira,Com Vítimas Feridas,Plena Noite,Decrescente,Céu Claro,Simples,Reta,Não,6,0,4,1,0,1,5,2,"-8,408928","-37,10183",SPRF-PE,DEL03-PE,UOP02-DEL03-PE
372505,2021-07-24,sábado,06:30:00,PE,232,"61,7",POMBOS,Avarias e/ou desgaste excessivo no pneu,Queda de ocupante de veículo,Com Vítimas Feridas,Pleno dia,Crescente,Céu Claro,Dupla,Reta,Não,2,0,1,0,1,0,1,1,"-8,1519066","-35,4153532",SPRF-PE,DEL02-PE,UOP02-DEL02PE
372630,2021-07-24,sábado,17:40:00,PE,408,"93,8",SAO LOURENCO DA MATA,Pedestre cruzava a pista fora da faixa,Atropelamento de Pedestre,Com Vítimas Fatais,Plena Noite,Decrescente,Chuva,Dupla,Declive,Sim,2,1,0,0,0,1,0,2,"-8,00201425","-35,05473707",SPRF-PE,DEL01-PE,UOP01-DEL01-PE
372816,2021-07-25,domingo,10:55:00,PE,424,"94,6",GARANHUNS,Reação tardia ou ineficiente do condutor,Colisão lateral sentido oposto,Com Vítimas Feridas,Pleno dia,Crescente,Nublado,Simples,Curva,Não,2,0,0,1,1,0,1,2,"-8,925337","-36,489582",SPRF-PE,DEL03-PE,UOP01-DEL03-PE
372854,2021-07-25,domingo,16:20:00,PE,101,"73,5",RECIFE,Trafegar com motocicleta (ou similar) entre as faixas,Tombamento,Com Vítimas Feridas,Pleno dia,Decrescente,Garoa/Chuvisco,Dupla,Curva,Sim,1,0,1,0,0,0,1,1,"-8,093369","-34,947464",SPRF-PE,DEL01-PE,UOP01-DEL01-PE
372882,2021-07-25,domingo,17:30:00,PE,232,334,CUSTODIA,Ingestão de álcool pelo condutor,Colisão lateral mesmo sentido,Com Vítimas Feridas,Anoitecer,Crescente,Nublado,Simples,Reta,Sim,2,0,1,0,1,0,1,2,"-8,08748731","-37,6361501",SPRF-PE,DEL03-PE,UOP02-DEL03-PE
372885,2021-07-25,domingo,18:20:00,PE,101,"91,5",CABO DE SANTO AGOSTINHO,Chuva,Queda de ocupante de veículo,Com Vítimas Feridas,Plena Noite,Decrescente,Chuva,Dupla,Reta,Não,2,0,0,1,1,0,1,1,"-8,22399812","-34,99290474",SPRF-PE,DEL01-PE,UOP01-DEL01-PE
372916,2021-07-25,domingo,20:00:00,PE,424,"87,5",GARANHUNS,Pedestre andava na pista,Atropelamento de Pedestre,Com Vítimas Feridas,Plena Noite,Decrescente,Nublado,Simples,Aclive;Reta                   ,Não,2,0,0,2,0,0,2,2,"-8,882967","-36,508531",SPRF-PE,DEL03-PE,UOP01-DEL03-PE
372976,2021-07-26,segunda-feira,05:00:00,PE,101,54,PAULISTA,Condutor deixou de manter distância do veículo da frente,Colisão traseira,Com Vítimas Feridas,Amanhecer,Crescente,Nublado,Dupla,Reta,Sim,3,0,2,0,0,1,2,2,"-7,93961103","-34,90356584",SPRF-PE,DEL01-PE,UOP02-DEL01-PE
372980,2021-07-25,domingo,21:00:00,PE,232,54,POMBOS,Acumulo de água sobre o pavimento,Saída de leito carroçável,Com Vítimas Feridas,Plena Noite,Crescente,Chuva,Dupla,Reta,Não,1,0,0,1,0,0,1,1,"-8,12919504","-35,35716398",SPRF-PE,DEL02-PE,UOP02-DEL02PE
372987,2021-07-26,segunda-feira,07:00:00,PE,407,"123,3",PETROLINA,Acumulo de areia ou detritos sobre o pavimento,Queda de ocupante de veículo,Com Vítimas Feridas,Pleno dia,Crescente,Céu Claro,Simples,Reta,Sim,1,0,1,0,0,0,1,1,"-9,36149178","-40,54594462",SPRF-PE,DEL06-PE,UOP01-DEL06-PE
373032,2021-07-26,segunda-feira,11:20:00,PE,101,47,IGARASSU,Acessar a via sem observar a presença dos outros veículos,Atropelamento de Pedestre,Com Vítimas Feridas,Pleno dia,Decrescente,Sol,Múltipla,Reta,Sim,2,0,2,0,0,0,2,2,"-7,88290701","-34,90461208",SPRF-PE,DEL01-PE,UOP02-DEL01-PE
373035,2021-07-26,segunda-feira,07:00:00,PE,101,"110,6",CABO DE SANTO AGOSTINHO,Reação tardia ou ineficiente do condutor,Saída de leito carroçável,Com Vítimas Fatais,Amanhecer,Decrescente,Ignorado,Dupla,Curva,Não,1,1,0,0,0,0,0,1,"-8,317532","-35,108049",SPRF-PE,DEL01-PE,UOP01-DEL01-PE
373043,2021-07-26,segunda-feira,13:00:00,PE,101,99,CABO DE SANTO AGOSTINHO,Reação tardia ou ineficiente do condutor,Colisão com objeto,Com Vítimas Fatais,Pleno dia,Decrescente,Sol,Múltipla,Reta,Sim,1,1,0,0,0,0,0,1,"-8,26025316","-35,04629883",SPRF-PE,DEL01-PE,UOP01-DEL01-PE
373177,2021-07-26,segunda-feira,20:00:00,PE,101,"135,8",ESCADA,Reação tardia ou ineficiente do condutor,Tombamento,Com Vítimas Fatais,Plena Noite,Crescente,Chuva,Dupla,Curva,Não,2,1,0,1,0,0,1,1,"-8,41222018","-35,3005743",SPRF-PE,DEL01-PE,UOP01-DEL01-PE
373239,2021-07-27,terça-feira,14:20:00,PE,101,48,ABREU E LIMA,Pedestre cruzava a pista fora da faixa,Atropelamento de Pedestre,Com Vítimas Feridas,Pleno dia,Crescente,Nublado,Múltipla,Reta,Sim,2,0,1,0,1,0,1,2,"-7,89174705","-34,9033493",SPRF-PE,DEL01-PE,UOP02-DEL01-PE
373324,2021-07-08,quinta-feira,14:40:00,PE,101,67,RECIFE,Reação tardia ou ineficiente do condutor,Colisão transversal,Com Vítimas Feridas,Pleno dia,Crescente,Céu Claro,Dupla,Reta,Sim,3,0,1,0,1,1,1,3,"-8,042631","-34,943405",SPRF-PE,DEL01-PE,UOP01-DEL01-PE
373351,2021-07-28,quarta-feira,07:40:00,PE,232,371,FLORES,Condutor Dormindo,Colisão frontal,Com Vítimas Feridas,Pleno dia,Decrescente,Sol,Simples,Reta,Não,3,0,0,3,0,0,3,2,"-8,029973","-37,974468",SPRF-PE,DEL04-PE,UOP01-DEL04-PE
373400,2021-07-28,quarta-feira,12:30:00,PE,428,"159,2",PETROLINA,Acessar a via sem observar a presença dos outros veículos,Colisão transversal,Com Vítimas Feridas,Pleno dia,Decrescente,Céu Claro,Simples,Reta,Não,4,0,2,0,1,1,2,2,"-9,13950503","-40,35244194",SPRF-PE,DEL06-PE,UOP01-DEL06-PE
373458,2021-07-28,quarta-feira,18:25:00,PE,423,95,GARANHUNS,Iluminação deficiente,Atropelamento de Pedestre,Com Vítimas Feridas,Plena Noite,Crescente,Nublado,Simples,Reta,Sim,2,0,0,1,0,1,1,2,"-8,87891989","-36,47796305",SPRF-PE,DEL03-PE,UOP01-DEL03-PE
373491,2021-07-29,quinta-feira,00:45:00,PE,232,"252,1",ARCOVERDE,Ingestão de álcool ou de substâncias psicoativas pelo pedestre,Atropelamento de Pedestre,Com Vítimas Fatais,Plena Noite,Decrescente,Céu Claro,Simples,Reta,Sim,2,1,0,0,0,1,0,2,"-8,43086","-37,06536",SPRF-PE,DEL03-PE,UOP02-DEL03-PE
373505,2021-07-29,quinta-feira,05:55:00,PE,101,81,JABOATAO DOS GUARARAPES,Reação tardia ou ineficiente do condutor,Colisão transversal,Com Vítimas Feridas,Pleno dia,Decrescente,Céu Claro,Dupla,Reta,Sim,2,0,1,1,0,0,2,2,"-8,1597489","-34,94024569",SPRF-PE,DEL01-PE,UOP01-DEL01-PE
373530,2021-07-29,quinta-feira,07:40:00,PE,408,94,SAO LOURENCO DA MATA,Entrada inopinada do pedestre,Atropelamento de Pedestre,Com Vítimas Feridas,Pleno dia,Decrescente,Céu Claro,Dupla,Curva,Sim,2,0,1,0,1,0,1,2,"-8,006926","-35,043865",SPRF-PE,DEL01-PE,UOP01-DEL01-PE
373658,2021-07-29,quinta-feira,20:30:00,PE,101,49,ABREU E LIMA,Ausência de reação do condutor,Colisão com objeto,Sem Vítimas,Plena Noite,Crescente,Nublado,Múltipla,Curva,Sim,1,0,0,0,0,1,0,1,"-7,9005152","-34,90180641",SPRF-PE,DEL01-PE,UOP02-DEL01-PE
373693,2021-07-30,sexta-feira,02:10:00,PE,232,"118,6",CARUARU,Ausência de reação do condutor,Saída de leito carroçável,Sem Vítimas,Plena Noite,Crescente,Céu Claro,Dupla,Reta,Não,1,0,0,0,0,1,0,1,"-8,29431633","-35,88437194",SPRF-PE,DEL02-PE,UOP03-DEL02-PE
373698,2021-07-30,sexta-feira,02:00:00,PE,104,"99,1",CUPIRA,Animais na Pista,Atropelamento de Animal,Com Vítimas Feridas,Plena Noite,Crescente,Nevoeiro/Neblina,Simples,Curva,Não,2,0,2,0,0,0,2,1,"-8,555543","-35,943687",SPRF-PE,DEL02-PE,UOP01-DEL02-PE
373699,2021-07-30,sexta-feira,03:00:00,PE,,,PETROLINA,Acumulo de areia ou detritos sobre o pavimento,Colisão com objeto,Sem Vítimas,Plena Noite,Não Informado,Nublado,Simples,Interseção de Vias,Sim,2,0,0,0,2,0,0,1,"-9,359697","-40,477606",SPRF-PE,DEL06-PE,UOP01-DEL06-PE
373701,2021-07-30,sexta-feira,02:00:00,PE,428,184,PETROLINA,Condutor deixou de manter distância do veículo da frente,Colisão traseira,Com Vítimas Feridas,Plena Noite,Crescente,Céu Claro,Simples,Em Obras;Reta                 ,Sim,3,0,2,0,0,1,2,2,"-9,349377","-40,474979",SPRF-PE,DEL06-PE,UOP01-DEL06-PE
373727,2021-07-30,sexta-feira,06:56:00,PE,423,"90,8",GARANHUNS,Condutor deixou de manter distância do veículo da frente,Colisão traseira,Com Vítimas Feridas,Pleno dia,Crescente,Sol,Simples,Reta;Aclive                   ,Não,3,0,2,0,1,0,2,2,"-8,84566879","-36,4596095",SPRF-PE,DEL03-PE,UOP01-DEL03-PE
373761,2021-07-30,sexta-feira,09:50:00,PE,232,105,BEZERROS,Manobra de mudança de faixa,Colisão lateral mesmo sentido,Com Vítimas Feridas,Pleno dia,Crescente,Céu Claro,Dupla,Retorno Regulamentado,Não,3,0,1,0,2,0,1,2,"-8,25830415","-35,78275595",SPRF-PE,DEL02-PE,UOP02-DEL02PE
373835,2021-07-30,sexta-feira,16:25:00,PE,101,46,IGARASSU,Condutor deixou de manter distância do veículo da frente,Colisão traseira,Sem Vítimas,Pleno dia,Decrescente,Céu Claro,Dupla,Reta,Sim,2,0,0,0,2,0,0,2,"-7,87406004","-34,90588126",SPRF-PE,DEL01-PE,UOP02-DEL01-PE
373925,2021-07-30,sexta-feira,22:45:00,PE,428,188,PETROLINA,Pista Escorregadia,Queda de ocupante de veículo,Com Vítimas Feridas,Plena Noite,Decrescente,Céu Claro,Simples,Rotatória,Sim,1,0,1,0,0,0,1,1,"-9,36400596","-40,48266808",SPRF-PE,DEL06-PE,UOP01-DEL06-PE
373957,2021-07-31,sábado,01:40:00,PE,423,"154,8",IATI,Velocidade Incompatível,Colisão com objeto,Com Vítimas Feridas,Plena Noite,Crescente,Céu Claro,Simples,Reta,Não,2,0,1,1,0,0,2,1,"-9,0566026","-36,93412423",SPRF-PE,DEL03-PE,UOP01-DEL03-PE
373998,2021-07-31,sábado,08:00:00,PE,232,"394,9",SERRA TALHADA,Condutor Dormindo,Saída de leito carroçável,Com Vítimas Feridas,Pleno dia,Decrescente,Céu Claro,Simples,Reta,Não,5,0,1,0,4,0,1,1,"-8,02725978","-38,17461297",SPRF-PE,DEL04-PE,UOP01-DEL04-PE
374000,2021-07-31,sábado,10:00:00,PE,101,"25,8",ITAPISSUMA,Acumulo de água sobre o pavimento,Saída de leito carroçável,Com Vítimas Feridas,Pleno dia,Decrescente,Chuva,Dupla,Curva,Não,3,0,2,1,0,0,3,1,"-7,7009082","-34,9229207",SPRF-PE,DEL01-PE,UOP02-DEL01-PE
374055,2021-07-31,sábado,15:30:00,PE,101,47,IGARASSU,Ingestão de álcool pelo condutor,Saída de leito carroçável,Com Vítimas Feridas,Pleno dia,Decrescente,Céu Claro,Dupla,Reta,Sim,1,0,1,0,0,0,1,1,"-7,88290701","-34,90461208",SPRF-PE,DEL01-PE,UOP02-DEL01-PE
374087,2021-07-31,sábado,18:40:00,PE,232,"79,5",GRAVATA,Ausência de reação do condutor,Colisão lateral sentido oposto,Com Vítimas Feridas,Plena Noite,Crescente,Nublado,Simples,Reta,Sim,2,0,1,0,1,0,1,2,"-8,19460572","-35,56074803",SPRF-PE,DEL02-PE,UOP02-DEL02PE
374204,2021-08-01,domingo,05:30:00,PE,407,"97,1",PETROLINA,Ingestão de álcool ou de substâncias psicoativas pelo pedestre,Atropelamento de Pedestre,Com Vítimas Fatais,Plena Noite,Decrescente,Nublado,Simples,Reta,Não,2,1,0,0,0,1,0,2,"-9,155247","-40,635912",SPRF-PE,DEL06-PE,UOP02-DEL06-PE