id,data_inversa,dia_semana,horario,uf,br,km,municipio,causa_acidente,tipo_acidente,classificacao_acidente,fase_dia,sentido_via,condicao_metereologica,tipo_pista,tracado_via,uso_solo,pessoas,mortos,feridos_leves,feridos_graves,ilesos,ignorados,feridos,veiculos,latitude,longitude,regional,delegacia,uop
374271,2021-08-01,domingo,12:50:00,PE,232,39,VITORIA DE SANTO ANTAO,Velocidade Incompatível,Colisão traseira,Com Vítimas Feridas,Pleno dia,Crescente,Chuva,Dupla,Reta,Não,4,0,1,0,2,1,1,4,"-8,11725249","-35,2270359",SPRF-PE,DEL01-PE,UOP01-DEL01-PE
374324,2021-08-01,domingo,19:15:00,PE,101,"72,1",RECIFE,Reação tardia ou ineficiente do condutor,Saída de leito carroçável,Com Vítimas Fatais,Plena Noite,Decrescente,Nublado,Dupla,Interseção de Vias,Sim,1,1,0,0,0,0,0,1,"-8,09361441","-34,94754195",SPRF-PE,DEL01-PE,UOP01-DEL01-PE
374335,2021-08-01,domingo,20:15:00,PE,101,"90,3",JABOATAO DOS GUARARAPES,Velocidade Incompatível,Saída de leito carroçável,Com Vítimas Feridas,Plena Noite,Crescente,Nublado,Dupla,Reta,Sim,1,0,1,0,0,0,1,1,"-8,21612792","-34,98772817",SPRF-PE,DEL01-PE,UOP01-DEL01-PE
374391,2021-08-01,domingo,23:40:00,PE,101,70,RECIFE,Velocidade Incompatível,Colisão com objeto,Com Vítimas Feridas,Plena Noite,Decrescente,Céu Claro,Dupla,Reta,Sim,2,0,1,0,1,0,1,1,"-8,073839","-34,942629",SPRF-PE,DEL01-PE,UOP01-DEL01-PE
374419,2021-08-02,segunda-feira,06:30:00,PE,101,180,JOAQUIM NABUCO,Reação tardia ou ineficiente do condutor,Saída de leito carroçável,Com Vítimas Feridas,Pleno dia,Crescente,Chuva,Múltipla,Reta,Não,1,0,1,0,0,0,1,1,"-8,636912","-35,560818",SPRF-PE,DEL01-PE,UOP01-DEL01-PE
374475,2021-08-02,segunda-feira,12:45:00,PE,101,"64,1",RECIFE,Demais falhas mecânicas ou elétricas,Queda de ocupante de veículo,Com Vítimas Feridas,Pleno dia,Crescente,Chuva,Dupla,Declive;Curva                 ,Não,1,0,1,0,0,0,1,1,"-8,0162921","-34,94045886",SPRF-PE,DEL01-PE,UOP01-DEL01-PE
374551,2021-07-28,quarta-feira,12:30:00,PE,423,"83,1",JUCATI,Desrespeitar a preferência no cruzamento,Colisão transversal,Sem Vítimas,Pleno dia,Crescente,Céu Claro,Simples,Reta,Não,3,0,0,0,2,1,0,2,"-8,79028092","-36,43450918",SPRF-PE,DEL03-PE,UOP01-DEL03-PE
374559,2021-08-02,segunda-feira,13:50:00,PE,232,"530,2",TERRA NOVA,Condutor Dormindo,Saída de leito carroçável,Sem Vítimas,Pleno dia,Decrescente,Céu Claro,Simples,Reta;Aclive                   ,Não,1,0,0,0,0,1,0,1,"-8,07534919","-39,31367798",SPRF-PE,DEL05-PE,UOP01-DEL05-PE
374595,2021-08-03,terça-feira,03:10:00,PE,408,"51,3",NAZARE DA MATA,Pedestre cruzava a pista fora da faixa,Atropelamento de Pedestre,Com Vítimas Fatais,Amanhecer,Decrescente,Chuva,Simples,Curva,Não,2,1,0,0,0,1,0,2,"-7,73723901","-35,23503603",SPRF-PE,DEL01-PE,UOP02-DEL01-PE
374602,2021-08-03,terça-feira,07:40:00,PE,101,"57,9",RECIFE,Condutor deixou de manter distância do veículo da frente,Colisão traseira,Com Vítimas Feridas,Pleno dia,Crescente,Chuva,Dupla,Reta;Declive                  ,Não,2,0,1,0,1,0,1,2,"-7,96346213","-34,91513486",SPRF-PE,DEL01-PE,UOP02-DEL01-PE
374618,2021-08-03,terça-feira,08:40:00,PE,101,"69,8",RECIFE,Manobra de mudança de faixa,Colisão lateral mesmo sentido,Com Vítimas Feridas,Pleno dia,Crescente,Chuva,Dupla,Em Obras,Sim,3,0,2,0,0,1,2,2,"-8,05951606","-34,94581024",SPRF-PE,DEL01-PE,UOP01-DEL01-PE
374621,2021-08-03,terça-feira,08:20:00,PE,101,44,IGARASSU,Desrespeitar a preferência no cruzamento,Colisão lateral mesmo sentido,Com Vítimas Feridas,Pleno dia,Decrescente,Chuva,Dupla,Retorno Regulamentado,Sim,2,0,1,0,1,0,1,2,"-7,85637001","-34,90842109",SPRF-PE,DEL01-PE,UOP02-DEL01-PE
374796,2021-07-29,quinta-feira,15:00:00,PE,424,"89,7",GARANHUNS,Conversão proibida,Colisão frontal,Com Vítimas Feridas,Pleno dia,Crescente,Céu Claro,Simples,Reta,Sim,3,0,1,1,0,1,2,2,"-8,89138375","-36,50571483",SPRF-PE,DEL03-PE,UOP01-DEL03-PE
374818,2021-08-04,quarta-feira,06:20:00,PE,428,"159,9",PETROLINA,Reação tardia ou ineficiente do condutor,Colisão traseira,Com Vítimas Feridas,Pleno dia,Decrescente,Céu Claro,Simples,Reta,Não,2,0,0,1,1,0,1,2,"-9,13950503","-40,35244194",SPRF-PE,DEL06-PE,UOP01-DEL06-PE
374825,2021-08-04,quarta-feira,13:00:00,PE,101,3,GOIANA,Velocidade Incompatível,Saída de leito carroçável,Com Vítimas Feridas,Pleno dia,Crescente,Chuva,Dupla,Curva;Declive                 ,Não,1,0,1,0,0,0,1,1,"-7,52387351","-34,99333161",SPRF-PE,DEL01-PE,UOP02-DEL01-PE
374826,2021-08-04,quarta-feira,13:20:00,PE,408,"58,2",TRACUNHAEM,Reação tardia ou ineficiente do condutor,Colisão traseira,Sem Vítimas,Pleno dia,Decrescente,Céu Claro,Simples,Reta,Sim,2,0,0,0,2,0,0,2,"-7,801376","-35,244731",SPRF-PE,DEL01-PE,UOP01-DEL01-PE
374882,2021-08-04,quarta-feira,20:10:00,PE,101,108,CABO DE SANTO AGOSTINHO,Reação tardia ou ineficiente do condutor,Saída de leito carroçável,Com Vítimas Fatais,Plena Noite,Decrescente,Chuva,Dupla,Curva,Não,1,1,0,0,0,0,0,1,"-8,30670238","-35,09303416",SPRF-PE,DEL01-PE,UOP01-DEL01-PE
374902,2021-08-04,quarta-feira,19:20:00,PE,232,44,VITORIA DE SANTO ANTAO,Animais na Pista,Atropelamento de Animal,Com Vítimas Feridas,Plena Noite,Decrescente,Nublado,Dupla,Reta,Não,1,0,1,0,0,0,1,1,"-8,123916","-35,271905",SPRF-PE,DEL01-PE,UOP01-DEL01-PE
374906,2021-08-04,quarta-feira,17:30:00,PE,101,"87,6",JABOATAO DOS GUARARAPES,Velocidade Incompatível,Saída de leito carroçável,Com Vítimas Feridas,Anoitecer,Crescente,Garoa/Chuvisco,Dupla,Reta,Sim,6,0,4,2,0,0,6,2,"-8,196932","-34,977152",SPRF-PE,DEL01-PE,UOP01-DEL01-PE
374915,2021-08-04,quarta-feira,19:50:00,PE,232,"81,1",GRAVATA,Ausência de reação do condutor,Colisão transversal,Com Vítimas Feridas,Plena Noite,Crescente,Céu Claro,Dupla,Reta,Sim,2,0,1,0,1,0,1,2,"-8,19696348","-35,57968497",SPRF-PE,DEL02-PE,UOP02-DEL02PE
374923,2021-08-04,quarta-feira,21:25:00,PE,101,86,JABOATAO DOS GUARARAPES,Condutor deixou de manter distância do veículo da frente,Engavetamento,Sem Vítimas,Plena Noite,Crescente,Chuva,Simples,Reta,Sim,3,0,0,0,3,0,0,3,"-8,18470013","-34,96816895",SPRF-PE,DEL01-PE,UOP01-DEL01-PE
374934,2021-08-04,quarta-feira,21:30:00,PE,232,"110,1",BEZERROS,Ausência de reação do condutor,Saída de leito carroçável,Com Vítimas Feridas,Plena Noite,Crescente,Céu Claro,Dupla,Curva,Não,2,0,1,0,1,0,1,1,"-8,28634529","-35,81755579",SPRF-PE,DEL02-PE,UOP02-DEL02PE
374935,2021-08-04,quarta-feira,20:20:00,PE,316,23,ARARIPINA,Reação tardia ou ineficiente do condutor,Queda de ocupante de veículo,Sem Vítimas,Plena Noite,Decrescente,Céu Claro,Simples,Reta,Sim,1,0,0,0,0,1,0,1,"-7,58229315","-40,50694911",SPRF-PE,DEL05-PE,UOP02-DEL05-PE
374972,2021-08-05,quinta-feira,07:00:00,PE,101,35,IGARASSU,Acumulo de água sobre o pavimento,Colisão com objeto,Com Vítimas Feridas,Pleno dia,Crescente,Chuva,Dupla,Reta,Não,3,0,2,1,0,0,3,1,"-7,77952193","-34,93231384",SPRF-PE,DEL01-PE,UOP02-DEL01-PE
374995,2021-08-05,quinta-feira,06:50:00,PE,232,"17,5",JABOATAO DOS GUARARAPES,Velocidade Incompatível,Capotamento,Sem Vítimas,Pleno dia,Decrescente,Nublado,Dupla,Reta,Não,1,0,0,0,0,1,0,1,"-8,09565202","-35,04581599",SPRF-PE,DEL01-PE,UOP01-DEL01-PE
375033,2021-08-05,quinta-feira,12:50:00,PE,232,"333,1",CUSTODIA,Ingestão de álcool pelo condutor,Colisão frontal,Com Vítimas Feridas,Pleno dia,Crescente,Céu Claro,Simples,Reta,Sim,2,0,1,0,1,0,1,2,"-8,0886886","-37,62796997",SPRF-PE,DEL03-PE,UOP02-DEL03-PE
375176,2021-08-06,sexta-feira,09:10:00,PE,101,50,ABREU E LIMA,Entrada inopinada do pedestre,Atropelamento de Pedestre,Sem Vítimas,Pleno dia,Crescente,Céu Claro,Dupla,Reta,Sim,2,0,0,0,1,1,0,2,"-7,90938602","-34,90123228",SPRF-PE,DEL01-PE,UOP02-DEL01-PE
375239,2021-08-06,sexta-feira,11:20:00,PE,232,"506,8",SALGUEIRO,Acessar a via sem observar a presença dos outros veículos,Colisão transversal,Com Vítimas Feridas,Pleno dia,Decrescente,Nublado,Simples,Declive,Não,2,0,0,1,1,0,1,2,"-8,05986546","-39,10271397",SPRF-PE,DEL05-PE,UOP01-DEL05-PE
375255,2021-08-06,sexta-feira,15:07:00,PE,101,49,ABREU E LIMA,Ausência de reação do condutor,Colisão lateral mesmo sentido,Sem Vítimas,Pleno dia,Crescente,Céu Claro,Dupla,Reta,Sim,1,0,0,0,0,1,0,1,"-7,9005152","-34,90180641",SPRF-PE,DEL01-PE,UOP02-DEL01-PE
375394,2021-08-07,sábado,04:50:00,PE,101,"69,5",RECIFE,Obras na pista,Queda de ocupante de veículo,Com Vítimas Feridas,Amanhecer,Decrescente,Chuva,Múltipla,Reta;Em Obras                 ,Sim,1,0,1,0,0,0,1,1,"-8,05951606","-34,94581024",SPRF-PE,DEL01-PE,UOP01-DEL01-PE
375474,2021-08-07,sábado,11:45:00,PE,232,"144,5",SAO CAITANO,Reação tardia ou ineficiente do condutor,Saída de leito carroçável,Com Vítimas Fatais,Pleno dia,Crescente,Garoa/Chuvisco,Dupla,Declive,Não,3,1,0,2,0,0,2,1,"-8,32868","-36,120811",SPRF-PE,DEL02-PE,UOP03-DEL02-PE
375510,2021-08-07,sábado,14:30:00,PE,101,80,JABOATAO DOS GUARARAPES,Condutor deixou de manter distância do veículo da frente,Colisão traseira,Com Vítimas Feridas,Pleno dia,Crescente,Nublado,Múltipla,Rotatória,Sim,2,0,2,0,0,0,2,2,"-8,15112589","-34,9428866",SPRF-PE,DEL01-PE,UOP01-DEL01-PE
375553,2021-08-07,sábado,18:30:00,PE,232,"113,5",BEZERROS,Ingestão de álcool e/ou substâncias psicoativas pelo pedestre,Atropelamento de Pedestre,Com Vítimas Feridas,Plena Noite,Crescente,Céu Claro,Dupla,Reta,Não,2,0,0,1,1,0,1,2,"-8,29906533","-35,8402169",SPRF-PE,DEL02-PE,UOP02-DEL02PE
375575,2021-08-07,sábado,20:05:00,PE,104,85,AGRESTINA,Entrada inopinada do pedestre,Atropelamento de Pedestre,Com Vítimas Fatais,Plena Noite,Crescente,Céu Claro,Simples,Reta,Não,2,1,0,0,0,1,0,2,"-8,438719","-35,955177",SPRF-PE,DEL02-PE,UOP01-DEL02-PE
375677,2021-08-07,sábado,05:00:00,PE,424,"93,1",GARANHUNS,Velocidade Incompatível,Colisão com objeto,Sem Vítimas,Amanhecer,Decrescente,Chuva,Simples,Reta,Não,1,0,0,0,0,1,0,1,"-8,908124","-36,487436",SPRF-PE,DEL03-PE,UOP01-DEL03-PE
375702,2021-08-08,domingo,06:40:00,PE,101,15,CABO DE SANTO AGOSTINHO,Condutor deixou de manter distância do veículo da frente,Colisão lateral mesmo sentido,Sem Vítimas,Pleno dia,Decrescente,Sol,Simples,Reta,Sim,3,0,0,0,1,2,0,3,"-8,287093","-35,03529",SPRF-PE,DEL01-PE,UOP01-DEL01-PE
375717,2021-08-08,domingo,08:35:00,PE,101,"75,2",RECIFE,Ausência de reação do condutor,Colisão traseira,Com Vítimas Feridas,Pleno dia,Decrescente,Céu Claro,Dupla,Reta,Sim,2,0,1,0,1,0,1,2,"-8,111438","-34,945862",SPRF-PE,DEL01-PE,UOP01-DEL01-PE
375752,2021-08-08,domingo,11:15:00,PE,232,27,MORENO,Ingestão de álcool pelo condutor,Colisão traseira,Com Vítimas Feridas,Pleno dia,Decrescente,Céu Claro,Dupla,Reta,Não,3,0,1,1,1,0,2,3,"-8,11418416","-35,12568999",SPRF-PE,DEL01-PE,UOP01-DEL01-PE
375770,2021-08-08,domingo,14:55:00,PE,101,44,IGARASSU,Manobra de mudança de faixa,Colisão lateral mesmo sentido,Com Vítimas Feridas,Pleno dia,Crescente,Nublado,Múltipla,Reta,Sim,2,0,1,0,1,0,1,2,"-7,85637001","-34,90842109",SPRF-PE,DEL01-PE,UOP02-DEL01-PE
375771,2021-08-08,domingo,12:10:00,PE,424,"77,5",GARANHUNS,Reação tardia ou ineficiente do condutor,Saída de leito carroçável,Com Vítimas Feridas,Pleno dia,Crescente,Céu Claro,Simples,Reta,Não,2,0,1,1,0,0,2,1,"-8,8151088","-36,56890186",SPRF-PE,DEL03-PE,UOP01-DEL03-PE
375875,2021-08-08,domingo,18:50:00,PE,104,64,CARUARU,Velocidade Incompatível,Colisão com objeto,Sem Vítimas,Plena Noite,Decrescente,Céu Claro,Dupla,Reta,Sim,1,0,0,0,0,1,0,1,"-8,2783","-35,9815",SPRF-PE,DEL02-PE,UOP01-DEL02-PE
375929,2021-08-09,segunda-feira,00:10:00,PE,424,"64,6",CAETES,Reação tardia ou ineficiente do condutor,Colisão frontal,Com Vítimas Fatais,Plena Noite,Decrescente,Nevoeiro/Neblina,Simples,Declive,Não,3,1,0,0,2,0,0,2,"-8,753403","-36,667581",SPRF-PE,DEL03-PE,UOP01-DEL03-PE
375974,2021-08-09,segunda-feira,08:05:00,PE,101,65,RECIFE,Condutor deixou de manter distância do veículo da frente,Engavetamento,Com Vítimas Feridas,Pleno dia,Crescente,Chuva,Dupla,Ponte,Sim,3,0,1,0,2,0,1,3,"-8,02304169","-34,94281238",SPRF-PE,DEL01-PE,UOP01-DEL01-PE
376093,2021-08-09,segunda-feira,19:00:00,PE,316,75,OURICURI,Ingestão de álcool pelo condutor,Colisão com objeto,Com Vítimas Feridas,Plena Noite,Crescente,Céu Claro,Simples,Aclive,Não,1,0,1,0,0,0,1,1,"-7,83384491","-40,14394393",SPRF-PE,DEL05-PE,UOP02-DEL05-PE
376162,2021-08-09,segunda-feira,14:15:00,PE,101,98,CABO DE SANTO AGOSTINHO,Acessar a via sem observar a presença dos outros veículos,Colisão transversal,Com Vítimas Feridas,Pleno dia,Crescente,Chuva,Dupla,Reta,Sim,2,0,1,0,0,1,1,2,"-8,25653422","-35,03811793",SPRF-PE,DEL01-PE,UOP01-DEL01-PE
376214,2021-08-10,terça-feira,08:40:00,PE,101,78,RECIFE,Acessar a via sem observar a presença dos outros veículos,Atropelamento de Pedestre,Com Vítimas Feridas,Pleno dia,Crescente,Chuva,Dupla,Reta,Sim,2,0,1,0,0,1,1,2,"-8,13496499","-34,94738614",SPRF-PE,DEL01-PE,UOP01-DEL01-PE
376219,2021-07-16,sexta-feira,16:45:00,PE,407,"124,5",PETROLINA,Desrespeitar a preferência no cruzamento,Colisão transversal,Com Vítimas Feridas,Pleno dia,Crescente,Céu Claro,Dupla,Rotatória,Não,2,0,1,0,0,1,1,2,"-9,37544256","-40,53771799",SPRF-PE,DEL06-PE,UOP01-DEL06-PE
376242,2021-07-18,domingo,03:40:00,PE,423,"64,4",CALCADO,Ingestão de álcool pelo condutor,Colisão frontal,Com Vítimas Fatais,Plena Noite,Decrescente,Céu Claro,Simples,Reta,Não,3,2,0,0,0,1,0,2,"-8,66427961","-36,35636509",SPRF-PE,DEL03-PE,UOP01-DEL03-PE
376284,2021-08-10,terça-feira,14:30:00,PE,428,"134,6",LAGOA GRANDE,Condutor Dormindo,Saída de leito carroçável,Com Vítimas Feridas,Pleno dia,Crescente,Céu Claro,Simples,Reta,Não,1,0,1,0,0,0,1,1,"-8,96753834","-40,22357088",SPRF-PE,DEL06-PE,UOP03-DEL06-PE
376296,2021-08-10,terça-feira,16:40:00,PE,101,94,CABO DE SANTO AGOSTINHO,Acessar a via sem observar a presença dos outros veículos,Colisão transversal,Com Vítimas Feridas,Anoitecer,Crescente,Céu Claro,Simples,Reta,Sim,3,0,1,0,2,0,1,2,"-8,289731","-35,042444",SPRF-PE,DEL01-PE,UOP01-DEL01-PE
376310,2021-08-10,terça-feira,18:40:00,PE,104,67,CARUARU,Chuva,Colisão traseira,Com Vítimas Feridas,Plena Noite,Crescente,Chuva,Dupla,Reta,Sim,2,0,1,0,1,0,1,2,"-8,3016","-35,9882",SPRF-PE,DEL02-PE,UOP01-DEL02-PE
376338,2021-08-10,terça-feira,18:10:00,PE,116,"25,1",SALGUEIRO,Acessar a via sem observar a presença dos outros veículos,Colisão transversal,Com Vítimas Feridas,Plena Noite,Decrescente,Céu Claro,Simples,Reta,Sim,3,0,2,0,1,0,2,2,"-8,061417","-39,135975",SPRF-PE,DEL05-PE,UOP01-DEL05-PE
376345,2021-08-10,terça-feira,18:00:00,PE,104,"67,5",CARUARU,Ingestão de álcool e/ou substâncias psicoativas pelo pedestre,Atropelamento de Pedestre,Com Vítimas Feridas,Plena Noite,Crescente,Chuva,Dupla,Reta,Sim,2,0,1,0,1,0,1,2,"-8,29770591","-35,98876476",SPRF-PE,DEL02-PE,UOP01-DEL02-PE
376589,2021-08-12,quinta-feira,07:15:00,PE,101,"78,6",JABOATAO DOS GUARARAPES,Transitar no acostamento,Atropelamento de Pedestre,Com Vítimas Feridas,Pleno dia,Crescente,Nublado,Dupla,Reta,Sim,5,0,3,0,0,2,3,2,"-8,130574","-34,947112",SPRF-PE,DEL01-PE,UOP01-DEL01-PE
376606,2021-08-12,quinta-feira,08:40:00,PE,101,69,RECIFE,Trafegar com motocicleta (ou similar) entre as faixas,Tombamento,Com Vítimas Feridas,Pleno dia,Decrescente,Nublado,Dupla,Reta,Sim,1,0,0,1,0,0,1,1,"-8,05951606","-34,94581024",SPRF-PE,DEL01-PE,UOP01-DEL01-PE
376685,2021-08-12,quinta-feira,17:50:00,PE,101,"96,7",CABO DE SANTO AGOSTINHO,Acessar a via sem observar a presença dos outros veículos,Colisão transversal,Sem Vítimas,Anoitecer,Decrescente,Céu Claro,Dupla,Declive,Não,3,0,0,0,1,2,0,3,"-8,25146993","-35,021805",SPRF-PE,DEL01-PE,UOP01-DEL01-PE
376689,2021-08-12,quinta-feira,18:00:00,PE,316,"25,5",ARARIPINA,Acessar a via sem observar a presença dos outros veículos,Colisão transversal,Com Vítimas Feridas,Plena Noite,Decrescente,Céu Claro,Simples,Reta;Declive                  ,Sim,3,0,1,1,1,0,2,2,"-7,58815514","-40,49663544",SPRF-PE,DEL05-PE,UOP02-DEL05-PE
376705,2021-08-12,quinta-feira,19:40:00,PE,101,46,IGARASSU,Pedestre cruzava a pista fora da faixa,Atropelamento de Pedestre,Com Vítimas Feridas,Plena Noite,Decrescente,Nublado,Múltipla,Reta,Sim,2,0,0,1,1,0,1,2,"-7,87406004","-34,90588126",SPRF-PE,DEL01-PE,UOP02-DEL01-PE
376746,2021-07-28,quarta-feira,15:30:00,PE,101,"65,5",RECIFE,Estacionar ou parar em local proibido,Colisão traseira,Com Vítimas Feridas,Pleno dia,Decrescente,Nublado,Dupla,Reta,Sim,3,0,0,1,2,0,1,3,"-8,01900461","-34,94214719",SPRF-PE,DEL01-PE,UOP01-DEL01-PE
376772,2021-08-13,sexta-feira,07:05:00,PE,101,69,RECIFE,Condutor deixou de manter distância do veículo da frente,Colisão traseira,Com Vítimas Feridas,Pleno dia,Crescente,Chuva,Múltipla,Reta,Sim,2,0,1,0,0,1,1,2,"-8,05951606","-34,94581024",SPRF-PE,DEL01-PE,UOP01-DEL01-PE
376799,2021-08-13,sexta-feira,09:20:00,PE,104,"49,3",CARUARU,Pedestre cruzava a pista fora da faixa,Atropelamento de Pedestre,Com Vítimas Fatais,Pleno dia,Crescente,Céu Claro,Dupla,Reta,Não,3,1,0,0,2,0,0,2,"-8,1522","-35,9842",SPRF-PE,DEL02-PE,UOP01-DEL02-PE
376832,2021-08-13,sexta-feira,11:40:00,PE,232,8,RECIFE,Condutor deixou de manter distância do veículo da frente,Colisão traseira,Sem Vítimas,Pleno dia,Crescente,Céu Claro,Dupla,Reta,Sim,2,0,0,0,2,0,0,2,"-8,07583727","-34,97015791",SPRF-PE,DEL01-PE,UOP01-DEL01-PE
376845,2021-07-28,quarta-feira,17:50:00,PE,232,172,BELO JARDIM,Animais na Pista,Colisão frontal,Com Vítimas Feridas,Anoitecer,Crescente,Céu Claro,Simples,Reta,Não,3,0,0,3,0,0,3,2,"-8,33854887","-36,360134",SPRF-PE,DEL02-PE,UOP03-DEL02-PE
376852,2021-08-13,sexta-feira,14:10:00,PE,232,"282,2",SERTANIA,Ultrapassagem Indevida,Tombamento,Com Vítimas Feridas,Pleno dia,Decrescente,Céu Claro,Simples,Reta,Não,2,0,0,1,0,1,1,2,"-8,34332584","-37,30756591",SPRF-PE,DEL03-PE,UOP02-DEL03-PE
376872,2021-08-13,sexta-feira,17:00:00,PE,101,"132,9",ESCADA,Acessar a via sem observar a presença dos outros veículos,Colisão transversal,Com Vítimas Feridas,Pleno dia,Decrescente,Nublado,Dupla,Reta,Não,3,0,0,1,2,0,1,2,"-8,40468469","-35,27017723",SPRF-PE,DEL01-PE,UOP01-DEL01-PE
376878,2021-08-13,sexta-feira,17:00:00,PE,232,"126,8",CARUARU,Condutor deixou de manter distância do veículo da frente,Colisão traseira,Com Vítimas Feridas,Pleno dia,Crescente,Céu Claro,Dupla,Reta,Não,2,0,1,0,1,0,1,2,"-8,30610303","-35,96342301",SPRF-PE,DEL02-PE,UOP03-DEL02-PE
376896,2021-08-13,sexta-feira,18:20:00,PE,316,80,OURICURI,Transitar na contramão,Colisão frontal,Com Vítimas Feridas,Plena Noite,Decrescente,Céu Claro,Simples,Reta,Não,2,0,2,0,0,0,2,2,"-7,86203027","-40,10893727",SPRF-PE,DEL05-PE,UOP02-DEL05-PE
376929,2021-08-13,sexta-feira,21:00:00,PE,101,"148,9",RIBEIRAO,Ingestão de álcool pelo condutor,Queda de ocupante de veículo,Com Vítimas Feridas,Pleno dia,Crescente,Garoa/Chuvisco,Dupla,Reta,Sim,1,0,0,1,0,0,1,1,"-8,48336698","-35,37204035",SPRF-PE,DEL01-PE,UOP01-DEL01-PE
376999,2021-08-14,sábado,07:30:00,PE,232,"81,9",GRAVATA,Condutor Dormindo,Colisão com objeto,Com Vítimas Feridas,Pleno dia,Decrescente,Céu Claro,Simples,Reta,Sim,2,0,1,1,0,0,2,1,"-8,19697746","-35,57850408",SPRF-PE,DEL02-PE,UOP02-DEL02PE
377039,2021-08-14,sábado,10:15:00,PE,423,"37,4",CACHOEIRINHA,Animais na Pista,Atropelamento de Animal,Com Vítimas Feridas,Pleno dia,Crescente,Céu Claro,Simples,Reta,Sim,1,0,1,0,0,0,1,1,"-8,47542022","-36,22203249",SPRF-PE,DEL02-PE,UOP03-DEL02-PE
377065,2021-08-14,sábado,14:50:00,PE,232,8,RECIFE,Reação tardia ou ineficiente do condutor,Engavetamento,Sem Vítimas,Pleno dia,Decrescente,Céu Claro,Dupla,Reta,Sim,4,0,0,0,4,0,0,4,"-8,076033","-34,970416",SPRF-PE,DEL01-PE,UOP01-DEL01-PE
377072,2021-08-14,sábado,15:50:00,PE,101,71,RECIFE,Obras na pista,Colisão frontal,Com Vítimas Feridas,Pleno dia,Crescente,Céu Claro,Dupla,Desvio Temporário;Em Obras    ,Não,4,0,4,0,0,0,4,2,"-8,07663102","-34,94277871",SPRF-PE,DEL01-PE,UOP01-DEL01-PE
377088,2021-08-14,sábado,17:00:00,PE,101,"68,1",RECIFE,Condutor deixou de manter distância do veículo da frente,Engavetamento,Com Vítimas Feridas,Anoitecer,Crescente,Céu Claro,Dupla,Viaduto,Sim,1,0,1,0,0,0,1,1,"-8,051465","-34,946188",SPRF-PE,DEL01-PE,UOP01-DEL01-PE
377165,2021-05-18,terça-feira,17:20:00,PE,232,"100,4",BEZERROS,Reação tardia ou ineficiente do condutor,Colisão frontal,Com Vítimas Feridas,Anoitecer,Decrescente,Céu Claro,Simples,Reta,Sim,2,0,1,0,0,1,1,2,"-8,23791176","-35,74297705",SPRF-PE,DEL02-PE,UOP02-DEL02PE
377169,2021-08-15,domingo,00:40:00,PE,101,185,PALMARES,Manobra de mudança de faixa,Queda de ocupante de veículo,Com Vítimas Feridas,Plena Noite,Crescente,Chuva,Múltipla,Reta,Sim,2,0,0,2,0,0,2,1,"-8,67427585","-35,57646077",SPRF-PE,DEL01-PE,UOP01-DEL01-PE
377255,2021-08-15,domingo,10:40:00,PE,101,145,RIBEIRAO,Velocidade Incompatível,Saída de leito carroçável,Com Vítimas Feridas,Pleno dia,Decrescente,Chuva,Dupla,Reta,Não,1,0,1,0,0,0,1,1,"-8,45921248","-35,3639066",SPRF-PE,DEL01-PE,UOP01-DEL01-PE
377344,2021-08-15,domingo,18:00:00,PE,232,409,SERRA TALHADA,Transitar na contramão,Colisão frontal,Com Vítimas Feridas,Anoitecer,Crescente,Céu Claro,Simples,Reta,Não,3,0,1,1,0,1,2,2,"-7,981944","-38,289467",SPRF-PE,DEL04-PE,UOP01-DEL04-PE
377345,2021-08-15,domingo,19:25:00,PE,428,"191,2",PETROLINA,Reação tardia ou ineficiente do condutor,Colisão com objeto,Com Vítimas Feridas,Plena Noite,Decrescente,Céu Claro,Múltipla,Reta,Sim,1,0,0,1,0,0,1,1,"-9,37766429","-40,50269795",SPRF-PE,DEL06-PE,UOP01-DEL06-PE
377353,2021-08-15,domingo,19:00:00,PE,423,"82,3",JUCATI,Reação tardia ou ineficiente do condutor,Colisão frontal,Com Vítimas Fatais,Plena Noite,Decrescente,Nublado,Simples,Reta,Não,2,2,0,0,0,0,0,2,"-8,78236498","-36,43093004",SPRF-PE,DEL03-PE,UOP01-DEL03-PE
377431,2021-08-16,segunda-feira,08:20:00,PE,101,"103,5",CABO DE SANTO AGOSTINHO,Reação tardia ou ineficiente do condutor,Atropelamento de Pedestre,Com Vítimas Feridas,Pleno dia,Decrescente,Nublado,Dupla,Declive,Sim,2,0,0,1,1,0,1,2,"-8,29241321","-35,05598304",SPRF-PE,DEL01-PE,UOP01-DEL01-PE
377519,2021-08-16,segunda-feira,17:00:00,PE,101,49,ABREU E LIMA,Acessar a via sem observar a presença dos outros veículos,Colisão transversal,Com Vítimas Feridas,Plena Noite,Crescente,Céu Claro,Múltipla,Retorno Regulamentado,Sim,2,0,0,1,1,0,1,2,"-7,9005152","-34,90180641",SPRF-PE,DEL01-PE,UOP02-DEL01-PE