id,data_inversa,dia_semana,horario,uf,br,km,municipio,causa_acidente,tipo_acidente,classificacao_acidente,fase_dia,sentido_via,condicao_metereologica,tipo_pista,tracado_via,uso_solo,pessoas,mortos,feridos_leves,feridos_graves,ilesos,ignorados,feridos,veiculos,latitude,longitude,regional,delegacia,uop
377524,2021-08-06,sexta-feira,19:40:00,PE,423,55,LAJEDO,Pedestre cruzava a pista fora da faixa,Atropelamento de Pedestre,Sem Vítimas,Plena Noite,Decrescente,Garoa/Chuvisco,Simples,Reta,Sim,2,0,0,0,0,2,0,2,"-8,61537298","-36,29867707",SPRF-PE,DEL03-PE,UOP01-DEL03-PE
377539,2021-08-16,segunda-feira,18:40:00,PE,101,80,JABOATAO DOS GUARARAPES,Área urbana sem a presença de local apropriado para a travessia de pedestres,Atropelamento de Pedestre,Com Vítimas Feridas,Plena Noite,Crescente,Céu Claro,Múltipla,Reta,Sim,2,0,0,1,1,0,1,2,"-8,15112589","-34,9428866",SPRF-PE,DEL01-PE,UOP01-DEL01-PE
377540,2021-08-16,segunda-feira,16:00:00,PE,316,339,PETROLANDIA,Ausência de reação do condutor,Saída de leito carroçável,Com Vítimas Feridas,Pleno dia,Decrescente,Céu Claro,Simples,Reta,Não,1,0,1,0,0,0,1,1,"-8,78188444","-38,33648234",SPRF-PE,DEL04-PE,UOP01-DEL04-PE
377585,2021-08-16,segunda-feira,22:03:00,PE,232,"79,5",GRAVATA,Ausência de reação do condutor,Colisão frontal,Com Vítimas Feridas,Plena Noite,Decrescente,Céu Claro,Simples,Reta,Sim,2,0,1,0,1,0,1,2,"-8,19562546","-35,56517959",SPRF-PE,DEL02-PE,UOP02-DEL02PE
377602,2021-08-17,terça-feira,08:10:00,PE,101,60,RECIFE,Frear bruscamente,Colisão lateral mesmo sentido,Com Vítimas Feridas,Pleno dia,Crescente,Céu Claro,Dupla,Ponte,Sim,3,0,1,0,0,2,1,3,"-7,98344307","-34,93176727",SPRF-PE,DEL01-PE,UOP02-DEL01-PE
377633,2021-08-17,terça-feira,09:41:00,PE,104,"30,4",TORITAMA,Acessar a via sem observar a presença dos outros veículos,Colisão frontal,Com Vítimas Feridas,Pleno dia,Decrescente,Céu Claro,Simples,Interseção de Vias,Sim,3,0,1,0,2,0,1,2,"-8,0137","-36,0565",SPRF-PE,DEL02-PE,UOP01-DEL02-PE
377653,2021-08-17,terça-feira,10:40:00,PE,232,4,RECIFE,Reação tardia ou ineficiente do condutor,Atropelamento de Pedestre,Com Vítimas Fatais,Pleno dia,Decrescente,Céu Claro,Dupla,Reta,Sim,2,1,0,0,0,1,0,2,"-8,065098","-34,937902",SPRF-PE,DEL01-PE,UOP01-DEL01-PE
377678,2021-08-17,terça-feira,16:15:00,PE,104,63,CARUARU,Manobra de mudança de faixa,Tombamento,Com Vítimas Feridas,Pleno dia,Decrescente,Céu Claro,Múltipla,Reta,Sim,2,0,1,0,1,0,1,2,"-8,26654518","-35,97861528",SPRF-PE,DEL02-PE,UOP01-DEL02-PE
377715,2021-08-17,terça-feira,18:20:00,PE,424,91,GARANHUNS,Ingestão de álcool e/ou substâncias psicoativas pelo pedestre,Atropelamento de Pedestre,Com Vítimas Feridas,Plena Noite,Decrescente,Céu Claro,Simples,Reta,Sim,2,0,0,1,0,1,1,2,"-8,90409633","-36,49974647",SPRF-PE,DEL03-PE,UOP01-DEL03-PE
377755,2021-08-18,quarta-feira,05:42:00,PE,101,70,RECIFE,Ausência de reação do condutor,Colisão traseira,Sem Vítimas,Amanhecer,Decrescente,Céu Claro,Dupla,Reta,Sim,2,0,0,0,1,1,0,2,"-8,06776119","-34,94265074",SPRF-PE,DEL01-PE,UOP01-DEL01-PE
377826,2021-08-18,quarta-feira,13:00:00,PE,101,9,GOIANA,Demais falhas mecânicas ou elétricas,Queda de ocupante de veículo,Com Vítimas Feridas,Pleno dia,Decrescente,Céu Claro,Dupla,Reta,Não,2,0,2,0,0,0,2,1,"-7,57788903","-34,98847822",SPRF-PE,DEL01-PE,UOP02-DEL01-PE
377894,2021-08-18,quarta-feira,20:25:00,PE,232,126,CARUARU,Ausência de reação do condutor,Queda de ocupante de veículo,Com Vítimas Feridas,Plena Noite,Crescente,Céu Claro,Dupla,Reta,Não,1,0,1,0,0,0,1,1,"-8,30819677","-35,95467594",SPRF-PE,DEL02-PE,UOP03-DEL02-PE
377943,2021-08-19,quinta-feira,07:00:00,PE,101,"60,8",RECIFE,Pedestre cruzava a pista fora da faixa,Atropelamento de Pedestre,Com Vítimas Feridas,Pleno dia,Decrescente,Garoa/Chuvisco,Dupla,Reta,Sim,2,0,0,1,1,0,1,2,"-7,98344307","-34,93176727",SPRF-PE,DEL01-PE,UOP02-DEL01-PE
377966,2021-08-19,quinta-feira,08:30:00,PE,101,63,RECIFE,Transitar no acostamento,Atropelamento de Pedestre,Com Vítimas Feridas,Pleno dia,Decrescente,Céu Claro,Dupla,Reta,Sim,2,0,0,1,1,0,1,2,"-8,00800604","-34,93756535",SPRF-PE,DEL01-PE,UOP01-DEL01-PE
377967,2021-08-19,quinta-feira,08:55:00,PE,101,"49,9",ABREU E LIMA,Desrespeitar a preferência no cruzamento,Colisão transversal,Sem Vítimas,Pleno dia,Crescente,Céu Claro,Múltipla,Interseção de Vias,Sim,2,0,0,0,2,0,0,2,"-7,9005152","-34,90180641",SPRF-PE,DEL01-PE,UOP02-DEL01-PE
377987,2021-08-19,quinta-feira,12:20:00,PE,101,"49,1",ABREU E LIMA,Ausência de sinalização,Engavetamento,Com Vítimas Feridas,Pleno dia,Crescente,Nublado,Múltipla,Curva,Sim,4,0,2,0,2,0,2,4,"-7,9005152","-34,90180641",SPRF-PE,DEL01-PE,UOP02-DEL01-PE
378008,2021-08-19,quinta-feira,12:20:00,PE,101,99,CABO DE SANTO AGOSTINHO,Reação tardia ou ineficiente do condutor,Queda de ocupante de veículo,Com Vítimas Feridas,Pleno dia,Decrescente,Nublado,Simples,Curva,Sim,1,0,0,1,0,0,1,1,"-8,26025316","-35,04629883",SPRF-PE,DEL01-PE,UOP01-DEL01-PE
378065,2021-08-19,quinta-feira,18:20:00,PE,407,129,PETROLINA,Acessar a via sem observar a presença dos outros veículos,Colisão lateral mesmo sentido,Com Vítimas Feridas,Plena Noite,Crescente,Céu Claro,Dupla,Rotatória,Sim,2,0,1,0,1,0,1,2,"-9,39958299","-40,50459298",SPRF-PE,DEL06-PE,UOP01-DEL06-PE
378077,2021-08-19,quinta-feira,19:00:00,PE,316,"144,7",PARNAMIRIM,Condutor deixou de manter distância do veículo da frente,Colisão traseira,Sem Vítimas,Plena Noite,Decrescente,Céu Claro,Simples,Reta,Não,2,0,0,0,2,0,0,2,"-8,093369","-39,568021",SPRF-PE,DEL05-PE,UOP02-DEL05-PE
378085,2021-08-19,quinta-feira,17:10:00,PE,232,"57,4",POMBOS,Transitar na contramão,Colisão frontal,Com Vítimas Feridas,Pleno dia,Crescente,Céu Claro,Dupla,Reta,Sim,3,0,1,0,2,0,1,2,"-8,142806","-35,385934",SPRF-PE,DEL02-PE,UOP02-DEL02PE
378112,2021-08-20,sexta-feira,00:05:00,PE,101,"82,1",JABOATAO DOS GUARARAPES,Chuva,Queda de ocupante de veículo,Com Vítimas Feridas,Plena Noite,Crescente,Chuva,Dupla,Reta,Sim,1,0,1,0,0,0,1,1,"-8,168383","-34,9376",SPRF-PE,DEL01-PE,UOP01-DEL01-PE
378140,2021-08-19,quinta-feira,17:30:00,PE,408,"102,3",JABOATAO DOS GUARARAPES,Velocidade Incompatível,Colisão com objeto,Com Vítimas Feridas,Anoitecer,Crescente,Nublado,Simples,Declive,Não,1,0,0,1,0,0,1,1,"-8,05746154","-34,99468175",SPRF-PE,DEL01-PE,UOP01-DEL01-PE
378157,2021-08-20,sexta-feira,07:20:00,PE,101,"40,3",IGARASSU,Transitar no acostamento,Atropelamento de Pedestre,Com Vítimas Feridas,Pleno dia,Crescente,Nublado,Dupla,Reta,Sim,3,0,2,0,0,1,2,2,"-7,821475","-34,916545",SPRF-PE,DEL01-PE,UOP02-DEL01-PE
378158,2021-08-20,sexta-feira,09:15:00,PE,232,133,CARUARU,Ausência de sinalização,Colisão traseira,Sem Vítimas,Pleno dia,Crescente,Garoa/Chuvisco,Dupla,Reta,Sim,2,0,0,0,2,0,0,2,"-8,30607988","-36,01576003",SPRF-PE,DEL02-PE,UOP03-DEL02-PE
378195,2021-08-20,sexta-feira,13:00:00,PE,424,84,GARANHUNS,Ultrapassagem Indevida,Colisão frontal,Com Vítimas Feridas,Pleno dia,Decrescente,Céu Claro,Simples,Declive;Curva                 ,Não,2,0,0,1,0,1,1,2,"-8,84941934","-36,51641817",SPRF-PE,DEL03-PE,UOP01-DEL03-PE
378211,2021-08-20,sexta-feira,13:20:00,PE,408,"99,5",SAO LOURENCO DA MATA,Velocidade Incompatível,Colisão com objeto,Com Vítimas Feridas,Pleno dia,Crescente,Chuva,Dupla,Aclive,Não,1,0,1,0,0,0,1,1,"-8,042808","-35,021054",SPRF-PE,DEL01-PE,UOP01-DEL01-PE
378222,2021-08-20,sexta-feira,14:38:00,PE,232,"133,1",CARUARU,Reação tardia ou ineficiente do condutor,Colisão traseira,Com Vítimas Feridas,Pleno dia,Crescente,Chuva,Múltipla,Reta,Sim,4,0,1,0,3,0,1,2,"-8,30607988","-36,01576003",SPRF-PE,DEL02-PE,UOP03-DEL02-PE
378309,2021-08-20,sexta-feira,20:55:00,PE,232,"109,5",BEZERROS,Ausência de sinalização,Saída de leito carroçável,Com Vítimas Feridas,Plena Noite,Crescente,Nublado,Dupla,Curva,Não,2,0,2,0,0,0,2,1,"-8,28036785","-35,81085313",SPRF-PE,DEL02-PE,UOP02-DEL02PE
378353,2021-08-21,sábado,04:10:00,PE,232,"6,4",RECIFE,Ausência de reação do condutor,Saída de leito carroçável,Sem Vítimas,Plena Noite,Crescente,Céu Claro,Dupla,Reta,Não,3,0,0,0,3,0,0,2,"-8,07079525","-34,9535389",SPRF-PE,DEL01-PE,UOP01-DEL01-PE
378356,2021-08-21,sábado,04:40:00,PE,101,"50,3",ABREU E LIMA,Desrespeitar a preferência no cruzamento,Colisão frontal,Com Vítimas Fatais,Amanhecer,Crescente,Nublado,Múltipla,Reta,Sim,2,1,0,0,1,0,0,2,"-7,91207689","-34,90067169",SPRF-PE,DEL01-PE,UOP02-DEL01-PE
378380,2021-08-21,sábado,07:00:00,PE,407,"128,9",PETROLINA,Desrespeitar a preferência no cruzamento,Colisão transversal,Com Vítimas Feridas,Pleno dia,Decrescente,Céu Claro,Simples,Rotatória;Interseção de Vias  ,Sim,3,0,2,0,1,0,2,2,"-9,39387565","-40,51133888",SPRF-PE,DEL06-PE,UOP01-DEL06-PE
378424,2021-08-21,sábado,10:30:00,PE,232,29,MORENO,Manobra de mudança de faixa,Colisão lateral mesmo sentido,Com Vítimas Feridas,Pleno dia,Decrescente,Céu Claro,Dupla,Curva,Não,2,0,1,0,1,0,1,2,"-8,111269","-35,143135",SPRF-PE,DEL01-PE,UOP01-DEL01-PE
378529,2021-07-23,sexta-feira,11:30:00,PE,316,364,PETROLANDIA,Condutor deixou de manter distância do veículo da frente,Colisão traseira,Com Vítimas Feridas,Pleno dia,Crescente,Céu Claro,Simples,Reta,Sim,3,0,1,0,2,0,1,2,"-8,95361595","-38,22353282",SPRF-PE,DEL04-PE,UOP01-DEL04-PE
378556,2021-08-21,sábado,23:50:00,PE,116,"24,4",SALGUEIRO,Animais na Pista,Tombamento,Com Vítimas Feridas,Plena Noite,Crescente,Céu Claro,Simples,Reta,Sim,1,0,1,0,0,0,1,1,"-8,05570282","-39,13724899",SPRF-PE,DEL05-PE,UOP01-DEL05-PE
378616,2021-08-22,domingo,06:30:00,PE,101,92,CABO DE SANTO AGOSTINHO,Ausência de reação do condutor,Saída de leito carroçável,Sem Vítimas,Pleno dia,Crescente,Chuva,Múltipla,Reta,Sim,3,0,0,0,1,2,0,1,"-8,235529","-35,000647",SPRF-PE,DEL01-PE,UOP01-DEL01-PE
378681,2021-08-22,domingo,14:30:00,PE,232,42,VITORIA DE SANTO ANTAO,Reação tardia ou ineficiente do condutor,Colisão lateral mesmo sentido,Sem Vítimas,Pleno dia,Crescente,Céu Claro,Dupla,Reta,Não,4,0,0,0,2,2,0,2,"-8,11528219","-35,25204496",SPRF-PE,DEL01-PE,UOP01-DEL01-PE
378698,2021-08-22,domingo,17:08:00,PE,101,29,IGARASSU,Ingestão de álcool ou de substâncias psicoativas pelo pedestre,Atropelamento de Pedestre,Com Vítimas Feridas,Anoitecer,Crescente,Chuva,Dupla,Reta,Não,2,0,1,0,1,0,1,2,"-7,72939697","-34,94185854",SPRF-PE,DEL01-PE,UOP02-DEL01-PE
378748,2021-08-22,domingo,20:15:00,PE,101,63,RECIFE,Ingestão de álcool pelo condutor,Colisão traseira,Com Vítimas Feridas,Plena Noite,Crescente,Nublado,Dupla,Reta,Sim,2,0,1,0,1,0,1,2,"-8,00800604","-34,93756535",SPRF-PE,DEL01-PE,UOP01-DEL01-PE
378831,2021-08-23,segunda-feira,07:10:00,PE,101,82,JABOATAO DOS GUARARAPES,Condutor deixou de manter distância do veículo da frente,Engavetamento,Sem Vítimas,Pleno dia,Decrescente,Nublado,Múltipla,Viaduto,Sim,3,0,0,0,3,0,0,3,"-8,168383","-34,9376",SPRF-PE,DEL01-PE,UOP01-DEL01-PE
378891,2021-08-23,segunda-feira,12:30:00,PE,101,70,RECIFE,Pista Escorregadia,Queda de ocupante de veículo,Com Vítimas Feridas,Pleno dia,Crescente,Sol,Dupla,Reta,Sim,1,0,1,0,0,0,1,1,"-8,06776119","-34,94265074",SPRF-PE,DEL01-PE,UOP01-DEL01-PE
378914,2021-08-23,segunda-feira,15:30:00,PE,104,102,CUPIRA,Transitar na contramão,Colisão frontal,Com Vítimas Fatais,Pleno dia,Decrescente,Nublado,Simples,Reta,Não,3,1,0,1,1,0,1,2,"-8,581185","-35,950191",SPRF-PE,DEL02-PE,UOP01-DEL02-PE
379030,2021-08-24,terça-feira,08:35:00,PE,101,20,GOIANA,Reação tardia ou ineficiente do condutor,Colisão lateral mesmo sentido,Com Vítimas Feridas,Pleno dia,Decrescente,Céu Claro,Dupla,Reta,Não,4,0,1,0,1,2,1,3,"-7,66042701","-34,93780401",SPRF-PE,DEL01-PE,UOP02-DEL01-PE
379035,2021-08-24,terça-feira,09:00:00,PE,101,57,RECIFE,Condutor deixou de manter distância do veículo da frente,Colisão traseira,Sem Vítimas,Pleno dia,Decrescente,Sol,Múltipla,Reta,Não,2,0,0,0,1,1,0,2,"-7,96346213","-34,91513486",SPRF-PE,DEL01-PE,UOP02-DEL01-PE
379129,2021-08-24,terça-feira,19:10:00,PE,316,"76,2",OURICURI,Deficiência do Sistema de Iluminação/Sinalização,Colisão traseira,Com Vítimas Feridas,Plena Noite,Decrescente,Ignorado,Simples,Aclive,Não,6,0,3,1,2,0,4,2,"-7,83927563","-40,13676572",SPRF-PE,DEL05-PE,UOP02-DEL05-PE
379234,2021-08-25,quarta-feira,09:40:00,PE,101,"7,2",CABO DE SANTO AGOSTINHO,Acessar a via sem observar a presença dos outros veículos,Colisão transversal,Com Vítimas Feridas,Pleno dia,Decrescente,Nublado,Simples,Reta,Sim,2,0,1,0,1,0,1,2,"-8,23089628","-34,97463763",SPRF-PE,DEL01-PE,UOP02-DEL01-PE
379277,2021-08-25,quarta-feira,15:00:00,PE,101,"85,9",JABOATAO DOS GUARARAPES,Manobra de mudança de faixa,Tombamento,Com Vítimas Feridas,Pleno dia,Decrescente,Nublado,Dupla,Reta,Sim,2,0,1,0,1,0,1,1,"-8,18065563","-34,95965322",SPRF-PE,DEL01-PE,UOP01-DEL01-PE
379283,2021-08-25,quarta-feira,17:10:00,PE,407,"129,2",PETROLINA,Manobra de mudança de faixa,Colisão lateral mesmo sentido,Com Vítimas Feridas,Pleno dia,Crescente,Céu Claro,Dupla,Ponte,Não,2,0,1,0,1,0,1,2,"-9,39958299","-40,50459298",SPRF-PE,DEL06-PE,UOP01-DEL06-PE
379335,2021-08-25,quarta-feira,21:45:00,PE,232,82,GRAVATA,Condutor Dormindo,Saída de leito carroçável,Com Vítimas Feridas,Plena Noite,Decrescente,Nublado,Simples,Reta,Sim,2,0,0,1,1,0,1,1,"-8,19905415","-35,58715194",SPRF-PE,DEL02-PE,UOP02-DEL02PE
379344,2021-08-25,quarta-feira,21:40:00,PE,232,129,CARUARU,Ingestão de álcool pelo condutor,Saída de leito carroçável,Com Vítimas Feridas,Plena Noite,Decrescente,Nublado,Múltipla,Reta,Sim,1,0,1,0,0,0,1,1,"-8,301305","-35,984275",SPRF-PE,DEL02-PE,UOP03-DEL02-PE
379378,2021-08-26,quinta-feira,07:10:00,PE,101,"75,7",RECIFE,Trafegar com motocicleta (ou similar) entre as faixas,Colisão lateral mesmo sentido,Com Vítimas Feridas,Pleno dia,Crescente,Céu Claro,Dupla,Reta,Sim,2,0,1,0,0,1,1,2,"-8,117496","-34,94383",SPRF-PE,DEL01-PE,UOP01-DEL01-PE
379389,2021-08-26,quinta-feira,07:40:00,PE,428,"186,4",PETROLINA,Condutor deixou de manter distância do veículo da frente,Colisão traseira,Com Vítimas Feridas,Pleno dia,Crescente,Céu Claro,Simples,Reta,Sim,2,0,1,0,1,0,1,2,"-9,34807826","-40,47441248",SPRF-PE,DEL06-PE,UOP01-DEL06-PE
379402,2021-08-01,domingo,14:00:00,PE,232,"253,8",ARCOVERDE,Acessar a via sem observar a presença dos outros veículos,Colisão transversal,Com Vítimas Feridas,Pleno dia,Crescente,Nublado,Simples,Reta,Sim,3,0,1,1,1,0,2,2,"-8,42522112","-37,07235809",SPRF-PE,DEL03-PE,UOP02-DEL03-PE
379411,2021-08-26,quinta-feira,10:20:00,PE,407,"115,6",PETROLINA,Condutor deixou de manter distância do veículo da frente,Colisão traseira,Com Vítimas Feridas,Pleno dia,Decrescente,Céu Claro,Simples,Reta,Não,3,0,1,0,2,0,1,3,"-9,2990308","-40,58250065",SPRF-PE,DEL06-PE,UOP02-DEL06-PE
379436,2021-08-05,quinta-feira,13:10:00,PE,232,8,RECIFE,Condutor Dormindo,Colisão com objeto,Com Vítimas Feridas,Pleno dia,Crescente,Garoa/Chuvisco,Dupla,Reta,Sim,2,0,2,0,0,0,2,1,"-8,07583727","-34,97015791",SPRF-PE,DEL01-PE,UOP01-DEL01-PE
379448,2021-08-02,segunda-feira,20:00:00,PE,101,"69,7",RECIFE,Condutor deixou de manter distância do veículo da frente,Colisão traseira,Sem Vítimas,Plena Noite,Decrescente,Chuva,Múltipla,Curva,Sim,2,0,0,0,2,0,0,2,"-8,05951606","-34,94581024",SPRF-PE,DEL01-PE,UOP01-DEL01-PE
379472,2021-08-26,quinta-feira,16:30:00,PE,101,"42,5",IGARASSU,Reação tardia ou ineficiente do condutor,Colisão lateral mesmo sentido,Com Vítimas Feridas,Anoitecer,Decrescente,Céu Claro,Dupla,Retorno Regulamentado,Sim,3,0,2,0,1,0,2,2,"-7,83887431","-34,91196739",SPRF-PE,DEL01-PE,UOP02-DEL01-PE
379490,2021-08-26,quinta-feira,19:00:00,PE,101,68,RECIFE,Reação tardia ou ineficiente do condutor,Colisão traseira,Com Vítimas Feridas,Plena Noite,Decrescente,Céu Claro,Dupla,Viaduto,Sim,2,0,1,0,1,0,1,2,"-8,05074296","-34,94580619",SPRF-PE,DEL01-PE,UOP01-DEL01-PE
379601,2021-08-27,sexta-feira,11:40:00,PE,232,"7,1",RECIFE,Condutor deixou de manter distância do veículo da frente,Engavetamento,Sem Vítimas,Pleno dia,Crescente,Céu Claro,Dupla,Reta,Sim,5,0,0,0,5,0,0,5,"-8,073877","-34,963243",SPRF-PE,DEL01-PE,UOP01-DEL01-PE
379629,2021-08-27,sexta-feira,15:20:00,PE,101,7,GOIANA,Manobra de mudança de faixa,Colisão traseira,Sem Vítimas,Pleno dia,Crescente,Céu Claro,Múltipla,Reta,Não,2,0,0,0,2,0,0,2,"-7,55997111","-34,99072674",SPRF-PE,DEL01-PE,UOP02-DEL01-PE
379648,2021-08-27,sexta-feira,17:10:00,PE,428,"185,9",PETROLINA,Ingestão de álcool pelo condutor,Colisão traseira,Sem Vítimas,Pleno dia,Crescente,Sol,Simples,Reta,Sim,2,0,0,0,2,0,0,2,"-9,35919823","-40,48016529",SPRF-PE,DEL06-PE,UOP01-DEL06-PE
379707,2021-08-27,sexta-feira,22:20:00,PE,101,"61,9",RECIFE,Ingestão de álcool e/ou substâncias psicoativas pelo pedestre,Atropelamento de Pedestre,Com Vítimas Fatais,Plena Noite,Decrescente,Nublado,Múltipla,Reta,Sim,2,1,0,0,0,1,0,2,"-7,99097103","-34,93598295",SPRF-PE,DEL01-PE,UOP02-DEL01-PE
379777,2021-08-28,sábado,08:30:00,PE,232,104,BEZERROS,Velocidade Incompatível,Capotamento,Com Vítimas Feridas,Pleno dia,Crescente,Céu Claro,Dupla,Curva,Não,1,0,0,1,0,0,1,1,"-8,2553139","-35,77427504",SPRF-PE,DEL02-PE,UOP02-DEL02PE
379809,2021-08-28,sábado,11:45:00,PE,101,"47,1",IGARASSU,Manobra de mudança de faixa,Colisão traseira,Com Vítimas Feridas,Pleno dia,Decrescente,Sol,Múltipla,Reta,Sim,2,0,1,0,1,0,1,2,"-7,88290701","-34,90461208",SPRF-PE,DEL01-PE,UOP02-DEL01-PE
379817,2021-08-28,sábado,12:30:00,PE,408,"68,1",PAUDALHO,Condutor deixou de manter distância do veículo da frente,Colisão traseira,Com Vítimas Feridas,Pleno dia,Decrescente,Céu Claro,Dupla,Reta,Não,2,0,1,0,1,0,1,2,"-7,863094","-35,207225",SPRF-PE,DEL01-PE,UOP01-DEL01-PE
379818,2021-08-28,sábado,13:10:00,PE,101,68,RECIFE,Condutor deixou de manter distância do veículo da frente,Colisão traseira,Com Vítimas Feridas,Pleno dia,Crescente,Céu Claro,Dupla,Reta,Sim,4,0,1,0,3,0,1,3,"-8,05074296","-34,94580619",SPRF-PE,DEL01-PE,UOP01-DEL01-PE
379863,2021-08-28,sábado,14:20:00,PE,101,"54,6",PAULISTA,Acessar a via sem observar a presença dos outros veículos,Colisão frontal,Com Vítimas Feridas,Pleno dia,Decrescente,Sol,Simples,Rotatória,Sim,2,0,1,0,1,0,1,2,"-7,93961103","-34,90356584",SPRF-PE,DEL01-PE,UOP02-DEL01-PE
379888,2021-08-28,sábado,18:00:00,PE,232,"146,1",SAO CAITANO,Transitar na contramão,Colisão frontal,Com Vítimas Feridas,Plena Noite,Decrescente,Céu Claro,Dupla,Reta,Sim,4,0,0,1,3,0,1,2,"-8,33343949","-36,130777",SPRF-PE,DEL02-PE,UOP03-DEL02-PE
379891,2021-08-28,sábado,17:20:00,PE,101,"40,8",IGARASSU,Acesso irregular,Colisão transversal,Sem Vítimas,Anoitecer,Crescente,Céu Claro,Dupla,Reta,Sim,2,0,0,0,1,1,0,2,"-7,821475","-34,916545",SPRF-PE,DEL01-PE,UOP02-DEL01-PE
379904,2021-07-31,sábado,20:50:00,PE,423,66,CALCADO,Condutor deixou de manter distância do veículo da frente,Colisão traseira,Com Vítimas Fatais,Plena Noite,Decrescente,Garoa/Chuvisco,Simples,Reta,Não,2,1,0,0,0,1,0,2,"-8,66844631","-36,37491793",SPRF-PE,DEL03-PE,UOP01-DEL03-PE
380050,2021-08-29,domingo,11:00:00,PE,101,49,ABREU E LIMA,Manobra de mudança de faixa,Colisão lateral mesmo sentido,Com Vítimas Feridas,Pleno dia,Decrescente,Céu Claro,Múltipla,Reta,Sim,2,0,1,0,0,1,1,2,"-7,9005152","-34,90180641",SPRF-PE,DEL01-PE,UOP02-DEL01-PE
380051,2021-08-29,domingo,11:29:00,PE,101,49,ABREU E LIMA,Condutor deixou de manter distância do veículo da frente,Colisão lateral mesmo sentido,Com Vítimas Feridas,Pleno dia,Decrescente,Nublado,Múltipla,Reta,Sim,2,0,1,0,1,0,1,2,"-7,9005152","-34,90180641",SPRF-PE,DEL01-PE,UOP02-DEL01-PE
380062,2021-08-29,domingo,11:05:00,PE,101,141,RIBEIRAO,Acumulo de areia ou detritos sobre o pavimento,Colisão com objeto,Sem Vítimas,Pleno dia,Decrescente,Chuva,Múltipla,Reta,Não,1,0,0,0,1,0,0,1,"-8,44013935","-35,33528377",SPRF-PE,DEL01-PE,UOP01-DEL01-PE
380088,2021-08-29,domingo,14:40:00,PE,428,"184,8",PETROLINA,Ingestão de álcool pelo condutor,Colisão transversal,Com Vítimas Feridas,Pleno dia,Crescente,Sol,Simples,Reta;Interseção de Vias;Em Obr,Sim,5,0,1,1,3,0,2,2,"-9,34658227","-40,47358928",SPRF-PE,DEL06-PE,UOP01-DEL06-PE
380113,2021-08-29,domingo,16:50:00,PE,101,81,JABOATAO DOS GUARARAPES,Reação tardia ou ineficiente do condutor,Tombamento,Com Vítimas Feridas,Pleno dia,Decrescente,Nublado,Dupla,Viaduto,Sim,2,0,2,0,0,0,2,1,"-8,17010655","-34,9374032",SPRF-PE,DEL01-PE,UOP01-DEL01-PE
380165,2021-08-29,domingo,20:20:00,PE,316,81,OURICURI,Ingestão de álcool pelo condutor,Colisão traseira,Com Vítimas Feridas,Plena Noite,Crescente,Céu Claro,Simples,Reta,Não,4,0,1,0,3,0,1,2,"-7,86751496","-40,10182598",SPRF-PE,DEL05-PE,UOP02-DEL05-PE
380187,2021-08-29,domingo,23:00:00,PE,232,156,TACAIMBO,Animais na Pista,Atropelamento de Animal,Sem Vítimas,Plena Noite,Decrescente,Nublado,Simples,Reta,Não,1,0,0,0,1,0,0,1,"-8,32936019","-36,21722099",SPRF-PE,DEL02-PE,UOP03-DEL02-PE
380236,2021-07-30,sexta-feira,17:40:00,PE,232,102,BEZERROS,Acessar a via sem observar a presença dos outros veículos,Colisão frontal,Com Vítimas Feridas,Anoitecer,Decrescente,Céu Claro,Múltipla,Rotatória,Não,2,0,1,0,1,0,1,2,"-8,24710671","-35,75844018",SPRF-PE,DEL02-PE,UOP02-DEL02PE
380240,2021-08-30,segunda-feira,07:30:00,PE,428,"187,9",PETROLINA,Demais falhas mecânicas ou elétricas,Colisão traseira,Com Vítimas Feridas,Pleno dia,Crescente,Céu Claro,Simples,Rotatória;Reta                ,Sim,4,0,2,1,1,0,3,3,"-9,37399419","-40,48808371",SPRF-PE,DEL06-PE,UOP01-DEL06-PE
380248,2021-08-30,segunda-feira,08:15:00,PE,232,"6,1",RECIFE,Reação tardia ou ineficiente do condutor,Colisão lateral mesmo sentido,Com Vítimas Feridas,Pleno dia,Decrescente,Céu Claro,Dupla,Reta,Não,2,0,1,0,1,0,1,2,"-8,07333497","-34,96184301",SPRF-PE,DEL01-PE,UOP01-DEL01-PE
380289,2021-08-30,segunda-feira,13:00:00,PE,232,"180,5",BELO JARDIM,Manobra de mudança de faixa,Colisão frontal,Com Vítimas Feridas,Pleno dia,Decrescente,Céu Claro,Simples,Reta,Sim,3,0,1,0,2,0,1,2,"-8,34449745","-36,4288801",SPRF-PE,DEL02-PE,UOP03-DEL02-PE
380337,2021-08-30,segunda-feira,18:00:00,PE,101,"4,7",RECIFE,Condutor deixou de manter distância do veículo da frente,Colisão lateral mesmo sentido,Com Vítimas Feridas,Plena Noite,Decrescente,Céu Claro,Dupla,Viaduto,Sim,2,0,1,0,0,1,1,2,"-8,066738","-34,942028",SPRF-PE,DEL01-PE,UOP02-DEL01-PE
380363,2021-08-30,segunda-feira,19:50:00,PE,104,65,CARUARU,Condutor desrespeitou a iluminação vermelha do semáforo,Colisão transversal,Com Vítimas Feridas,Plena Noite,Crescente,Céu Claro,Múltipla,Interseção de Vias,Sim,2,0,2,0,0,0,2,2,"-8,276128","-35,981988",SPRF-PE,DEL02-PE,UOP01-DEL02-PE