id,data_inversa,dia_semana,horario,uf,br,km,municipio,causa_acidente,tipo_acidente,classificacao_acidente,fase_dia,sentido_via,condicao_metereologica,tipo_pista,tracado_via,uso_solo,pessoas,mortos,feridos_leves,feridos_graves,ilesos,ignorados,feridos,veiculos,latitude,longitude,regional,delegacia,uop
380367,2021-08-30,segunda-feira,19:50:00,PE,101,58,RECIFE,Trafegar com motocicleta (ou similar) entre as faixas,Colisão lateral mesmo sentido,Com Vítimas Feridas,Plena Noite,Decrescente,Céu Claro,Dupla,Reta,Sim,4,0,3,0,1,0,3,2,"-7,97063209","-34,92064675",SPRF-PE,DEL01-PE,UOP02-DEL01-PE
380475,2021-08-31,terça-feira,11:30:00,PE,232,52,VITORIA DE SANTO ANTAO,Reação tardia ou ineficiente do condutor,Saída de leito carroçável,Sem Vítimas,Pleno dia,Decrescente,Céu Claro,Dupla,Reta,Não,1,0,0,0,0,1,0,1,"-8,13420544","-35,34022822",SPRF-PE,DEL01-PE,UOP01-DEL01-PE
380497,2021-08-31,terça-feira,06:15:00,PE,232,"136,9",CARUARU,Velocidade Incompatível,Saída de leito carroçável,Sem Vítimas,Amanhecer,Crescente,Ignorado,Dupla,Aclive;Reta                   ,Não,1,0,0,0,0,1,0,1,"-8,31595","-36,050098",SPRF-PE,DEL02-PE,UOP03-DEL02-PE
380536,2021-08-31,terça-feira,17:40:00,PE,101,46,IGARASSU,Condutor deixou de manter distância do veículo da frente,Colisão traseira,Com Vítimas Feridas,Anoitecer,Crescente,Céu Claro,Dupla,Reta,Sim,2,0,1,0,1,0,1,2,"-7,87406004","-34,90588126",SPRF-PE,DEL01-PE,UOP02-DEL01-PE
380541,2021-08-31,terça-feira,08:00:00,PE,104,"68,4",CARUARU,Reação tardia ou ineficiente do condutor,Saída de leito carroçável,Sem Vítimas,Pleno dia,Decrescente,Sol,Dupla,Curva;Declive                 ,Não,1,0,0,0,0,1,0,1,"-8,3107","-35,9904",SPRF-PE,DEL02-PE,UOP01-DEL02-PE
380550,2021-08-31,terça-feira,18:40:00,PE,232,"111,5",BEZERROS,Ingestão de álcool pelo condutor,Saída de leito carroçável,Sem Vítimas,Plena Noite,Decrescente,Céu Claro,Dupla,Reta,Não,1,0,0,0,0,1,0,1,"-8,2922971","-35,82419791",SPRF-PE,DEL02-PE,UOP02-DEL02PE
380555,2021-08-31,terça-feira,19:30:00,PE,101,8,CABO DE SANTO AGOSTINHO,Transitar no acostamento,Colisão transversal,Com Vítimas Feridas,Plena Noite,Crescente,Chuva,Simples,Reta,Sim,3,0,2,0,1,0,2,2,"-8,287093","-35,03529",SPRF-PE,DEL01-PE,UOP01-DEL01-PE
380558,2021-08-31,terça-feira,19:20:00,PE,101,"69,8",RECIFE,Conversão proibida,Colisão transversal,Com Vítimas Feridas,Plena Noite,Crescente,Nublado,Múltipla,Reta,Sim,2,0,1,0,1,0,1,2,"-8,06645","-34,943504",SPRF-PE,DEL01-PE,UOP01-DEL01-PE
380586,2021-08-31,terça-feira,22:40:00,PE,423,98,GARANHUNS,Ingestão de álcool pelo condutor,Tombamento,Sem Vítimas,Plena Noite,Decrescente,Céu Claro,Simples,Rotatória,Sim,1,0,0,0,0,1,0,1,"-8,877901","-36,5061",SPRF-PE,DEL03-PE,UOP01-DEL03-PE
380605,2021-09-01,quarta-feira,03:55:00,PE,101,69,RECIFE,Condutor Dormindo,Queda de ocupante de veículo,Com Vítimas Feridas,Amanhecer,Crescente,Céu Claro,Dupla,Reta,Sim,1,0,1,0,0,0,1,1,"-8,05951606","-34,94581024",SPRF-PE,DEL01-PE,UOP01-DEL01-PE
380632,2021-09-01,quarta-feira,07:35:00,PE,101,74,RECIFE,Ultrapassagem Indevida,Atropelamento de Pedestre,Com Vítimas Feridas,Pleno dia,Decrescente,Céu Claro,Dupla,Reta,Sim,2,0,2,0,0,0,2,2,"-8,10146485","-34,94901577",SPRF-PE,DEL01-PE,UOP01-DEL01-PE
380646,2021-09-01,quarta-feira,05:00:00,PE,232,268,SERTANIA,Condutor deixou de manter distância do veículo da frente,Colisão traseira,Sem Vítimas,Amanhecer,Decrescente,Céu Claro,Simples,Aclive,Não,2,0,0,0,2,0,0,2,"-8,40626526","-37,20062302",SPRF-PE,DEL03-PE,UOP02-DEL03-PE
380657,2021-08-15,domingo,01:20:00,PE,101,70,RECIFE,Velocidade Incompatível,Colisão traseira,Com Vítimas Feridas,Plena Noite,Decrescente,Chuva,Dupla,Reta,Sim,2,0,0,1,0,1,1,2,"-8,06776119","-34,94265074",SPRF-PE,DEL01-PE,UOP01-DEL01-PE
380661,2021-08-08,domingo,16:00:00,PE,232,203,PESQUEIRA,Acessar a via sem observar a presença dos outros veículos,Colisão transversal,Com Vítimas Feridas,Pleno dia,Crescente,Céu Claro,Simples,Reta,Não,3,0,2,0,1,0,2,2,"-8,37188729","-36,63471898",SPRF-PE,DEL03-PE,UOP02-DEL03-PE
380745,2021-09-01,quarta-feira,19:20:00,PE,101,"58,4",PAULISTA,Trafegar com motocicleta (ou similar) entre as faixas,Colisão lateral mesmo sentido,Com Vítimas Feridas,Plena Noite,Crescente,Garoa/Chuvisco,Dupla,Reta,Não,2,0,1,0,1,0,1,2,"-7,97063209","-34,92064675",SPRF-PE,DEL01-PE,UOP02-DEL01-PE
380763,2021-09-01,quarta-feira,20:45:00,PE,101,"58,8",PAULISTA,Chuva,Tombamento,Com Vítimas Feridas,Plena Noite,Crescente,Chuva,Múltipla,Declive,Não,1,0,1,0,0,0,1,1,"-7,97063209","-34,92064675",SPRF-PE,DEL01-PE,UOP02-DEL01-PE
380888,2021-09-02,quinta-feira,16:15:00,PE,232,"165,1",TACAIMBO,Ultrapassagem Indevida,Colisão frontal,Com Vítimas Feridas,Pleno dia,Decrescente,Céu Claro,Simples,Reta,Não,3,0,2,0,1,0,2,2,"-8,33670241","-36,29834395",SPRF-PE,DEL02-PE,UOP03-DEL02-PE
380929,2021-09-02,quinta-feira,19:30:00,PE,408,99,SAO LOURENCO DA MATA,Reação tardia ou ineficiente do condutor,Tombamento,Sem Vítimas,Plena Noite,Crescente,Céu Claro,Dupla,Declive,Não,1,0,0,0,0,1,0,1,"-8,04133634","-35,02531212",SPRF-PE,DEL01-PE,UOP01-DEL01-PE
380934,2021-09-02,quinta-feira,21:40:00,PE,101,"6,3",GOIANA,Animais na Pista,Atropelamento de Animal,Com Vítimas Feridas,Plena Noite,Decrescente,Céu Claro,Dupla,Reta,Não,3,0,1,0,2,0,1,1,"-7,550887","-34,99136",SPRF-PE,DEL01-PE,UOP02-DEL01-PE
380959,2021-09-03,sexta-feira,01:20:00,PE,232,409,SERRA TALHADA,Condutor desrespeitou a iluminação vermelha do semáforo,Colisão transversal,Sem Vítimas,Plena Noite,Decrescente,Céu Claro,Simples,Reta,Sim,18,0,0,0,17,1,0,2,"-7,981944","-38,289467",SPRF-PE,DEL04-PE,UOP01-DEL04-PE
381035,2021-09-03,sexta-feira,13:15:00,PE,232,"71,1",GRAVATA,Mal súbito do condutor,Colisão traseira,Com Vítimas Feridas,Pleno dia,Decrescente,Céu Claro,Dupla,Aclive;Reta                   ,Sim,3,0,3,0,0,0,3,2,"-8,18005731","-35,48755646",SPRF-PE,DEL02-PE,UOP02-DEL02PE
381136,2021-09-03,sexta-feira,18:10:00,PE,,,IBIMIRIM,Animais na Pista,Atropelamento de Animal,Sem Vítimas,Plena Noite,Não Informado,Céu Claro,Simples,Reta,Não,3,0,0,0,2,1,0,2,"-8,54231858","-37,71469116",SPRF-PE,DEL03-PE,UOP02-DEL03-PE
381157,2021-09-03,sexta-feira,20:00:00,PE,101,"136,7",ESCADA,Demais falhas mecânicas ou elétricas,Incêndio,Sem Vítimas,Plena Noite,Crescente,Céu Claro,Dupla,Reta,Não,1,0,0,0,0,1,0,1,"-8,3770776","-35,23599744",SPRF-PE,DEL01-PE,UOP01-DEL01-PE
381205,2021-09-04,sábado,01:00:00,PE,428,"92,8",SANTA MARIA DA BOA VISTA,Ingestão de álcool pelo condutor,Colisão frontal,Com Vítimas Fatais,Plena Noite,Crescente,Céu Claro,Simples,Reta,Não,52,1,1,0,50,0,1,2,"-8,80162047","-39,89683872",SPRF-PE,DEL06-PE,UOP03-DEL06-PE
381238,2021-09-04,sábado,04:45:00,PE,423,22,SAO CAITANO,Manobra de mudança de faixa,Tombamento,Com Vítimas Feridas,Amanhecer,Decrescente,Céu Claro,Simples,Reta,Não,1,0,1,0,0,0,1,1,"-8,35258392","-36,17123712",SPRF-PE,DEL02-PE,UOP03-DEL02-PE
381241,2021-09-04,sábado,05:30:00,PE,232,"79,6",GRAVATA,Condutor Dormindo,Colisão frontal,Com Vítimas Feridas,Amanhecer,Decrescente,Céu Claro,Simples,Reta,Sim,2,0,1,0,1,0,1,2,"-8,19460572","-35,56074803",SPRF-PE,DEL02-PE,UOP02-DEL02PE
381258,2021-09-03,sexta-feira,22:50:00,PE,101,"22,5",GOIANA,Velocidade Incompatível,Colisão com objeto,Sem Vítimas,Plena Noite,Crescente,Chuva,Dupla,Declive;Reta                  ,Não,1,0,0,0,0,1,0,1,"-7,67583307","-34,92870811",SPRF-PE,DEL01-PE,UOP02-DEL01-PE
381268,2021-09-04,sábado,08:30:00,PE,104,"53,7",CARUARU,Ausência de sinalização,Tombamento,Com Vítimas Feridas,Pleno dia,Decrescente,Céu Claro,Dupla,Declive,Sim,2,0,1,0,1,0,1,1,"-8,1837","-35,967",SPRF-PE,DEL02-PE,UOP01-DEL02-PE
381294,2021-09-04,sábado,09:50:00,PE,232,"54,5",POMBOS,Acessar a via sem observar a presença dos outros veículos,Colisão transversal,Sem Vítimas,Pleno dia,Decrescente,Sol,Dupla,Rotatória,Não,2,0,0,0,2,0,0,2,"-8,12919504","-35,35716398",SPRF-PE,DEL02-PE,UOP02-DEL02PE
381319,2021-09-04,sábado,12:05:00,PE,104,"57,1",CARUARU,Afundamento ou ondulação no pavimento,Queda de ocupante de veículo,Com Vítimas Feridas,Pleno dia,Crescente,Sol,Dupla,Reta,Não,2,0,1,0,1,0,1,1,"-8,2181","-35,9747",SPRF-PE,DEL02-PE,UOP01-DEL02-PE
381341,2021-09-04,sábado,14:10:00,PE,232,61,POMBOS,Reação tardia ou ineficiente do condutor,Tombamento,Com Vítimas Feridas,Pleno dia,Crescente,Céu Claro,Dupla,Retorno Regulamentado,Não,1,0,1,0,0,0,1,1,"-8,15534456","-35,42120934",SPRF-PE,DEL02-PE,UOP02-DEL02PE
381361,2021-09-04,sábado,15:00:00,PE,101,64,RECIFE,Pedestre andava na pista,Atropelamento de Pedestre,Com Vítimas Feridas,Pleno dia,Crescente,Céu Claro,Dupla,Reta,Sim,2,0,2,0,0,0,2,2,"-8,0162921","-34,94045886",SPRF-PE,DEL01-PE,UOP01-DEL01-PE
381403,2021-09-04,sábado,19:15:00,PE,232,"250,9",ARCOVERDE,Pedestre cruzava a pista fora da faixa,Atropelamento de Pedestre,Com Vítimas Feridas,Plena Noite,Crescente,Céu Claro,Simples,Reta,Sim,2,0,0,1,1,0,1,2,"-8,42350887","-37,05286107",SPRF-PE,DEL03-PE,UOP02-DEL03-PE
381410,2021-09-04,sábado,19:39:00,PE,423,69,JUPI,Ingestão de álcool pelo condutor,Colisão lateral sentido oposto,Com Vítimas Feridas,Plena Noite,Crescente,Céu Claro,Simples,Curva;Aclive                  ,Não,3,0,1,0,1,1,1,2,"-8,67648714","-36,40182687",SPRF-PE,DEL03-PE,UOP01-DEL03-PE
381442,2021-09-04,sábado,21:10:00,PE,407,124,PETROLINA,Ingestão de álcool pelo condutor,Colisão lateral mesmo sentido,Sem Vítimas,Plena Noite,Crescente,Céu Claro,Dupla,Reta,Não,2,0,0,0,2,0,0,2,"-9,38722281","-40,52605432",SPRF-PE,DEL06-PE,UOP01-DEL06-PE
381468,2021-09-04,sábado,23:50:00,PE,232,"204,5",PESQUEIRA,Ingestão de álcool pelo condutor,Colisão com objeto,Com Vítimas Feridas,Plena Noite,Decrescente,Céu Claro,Simples,Reta,Não,2,0,1,1,0,0,2,2,"-8,37237557","-36,64377902",SPRF-PE,DEL03-PE,UOP02-DEL03-PE
381491,2021-09-05,domingo,01:00:00,PE,423,"75,3",JUCATI,Ingestão de álcool pelo condutor,Atropelamento de Pedestre,Com Vítimas Feridas,Plena Noite,Decrescente,Nublado,Simples,Curva,Não,4,0,1,3,0,0,4,2,"-8,726611","-36,430951",SPRF-PE,DEL03-PE,UOP01-DEL03-PE
381540,2021-09-05,domingo,06:50:00,PE,232,"95,2",SAIRE,Animais na Pista,Atropelamento de Animal,Com Vítimas Feridas,Pleno dia,Decrescente,Céu Claro,Dupla,Reta,Não,1,0,1,0,0,0,1,1,"-8,228592","-35,701105",SPRF-PE,DEL02-PE,UOP02-DEL02PE
381619,2021-09-05,domingo,16:50:00,PE,232,248,ARCOVERDE,Acessar a via sem observar a presença dos outros veículos,Colisão transversal,Com Vítimas Feridas,Pleno dia,Crescente,Céu Claro,Simples,Reta,Não,2,0,1,0,0,1,1,2,"-8,42451258","-37,03463008",SPRF-PE,DEL03-PE,UOP02-DEL03-PE
381626,2021-09-05,domingo,16:30:00,PE,101,"39,6",ITAPISSUMA,Demais falhas mecânicas ou elétricas,Queda de ocupante de veículo,Com Vítimas Feridas,Pleno dia,Crescente,Céu Claro,Dupla,Reta,Não,2,0,1,1,0,0,2,1,"-7,81259899","-34,91890497",SPRF-PE,DEL01-PE,UOP02-DEL01-PE
381631,2021-09-05,domingo,17:15:00,PE,232,"121,3",CARUARU,Ingestão de álcool pelo condutor,Colisão traseira,Com Vítimas Feridas,Anoitecer,Crescente,Céu Claro,Dupla,Aclive,Não,3,0,1,0,2,0,1,3,"-8,30018257","-35,91071184",SPRF-PE,DEL02-PE,UOP03-DEL02-PE
381660,2021-09-05,domingo,19:00:00,PE,101,"66,7",RECIFE,Ingestão de álcool pelo condutor,Saída de leito carroçável,Sem Vítimas,Plena Noite,Crescente,Céu Claro,Múltipla,Reta,Sim,1,0,0,0,1,0,0,1,"-8,03520847","-34,8934021",SPRF-PE,DEL01-PE,UOP01-DEL01-PE
381671,2021-09-05,domingo,19:30:00,PE,232,77,GRAVATA,Ingestão de álcool pelo condutor,Colisão lateral sentido oposto,Sem Vítimas,Plena Noite,Decrescente,Céu Claro,Simples,Reta,Sim,3,0,0,0,3,0,0,2,"-8,19343863","-35,54300692",SPRF-PE,DEL02-PE,UOP02-DEL02PE
381690,2021-09-05,domingo,20:10:00,PE,408,"94,2",SAO LOURENCO DA MATA,Transitar na contramão,Colisão transversal,Com Vítimas Feridas,Plena Noite,Decrescente,Céu Claro,Dupla,Curva,Não,3,0,0,1,1,1,1,2,"-8,007543","-35,043394",SPRF-PE,DEL01-PE,UOP01-DEL01-PE
381714,2021-09-05,domingo,21:37:00,PE,232,139,CARUARU,Velocidade Incompatível,Saída de leito carroçável,Sem Vítimas,Plena Noite,Crescente,Céu Claro,Dupla,Retorno Regulamentado,Não,2,0,0,0,2,0,0,1,"-8,31947086","-36,06799801",SPRF-PE,DEL02-PE,UOP03-DEL02-PE
381729,2021-09-05,domingo,23:00:00,PE,408,"66,1",PAUDALHO,Manobra de mudança de faixa,Colisão traseira,Sem Vítimas,Plena Noite,Decrescente,Nublado,Múltipla,Reta,Sim,2,0,0,0,0,2,0,2,"-7,854954","-35,222706",SPRF-PE,DEL01-PE,UOP01-DEL01-PE
381884,2021-09-06,segunda-feira,12:00:00,PE,101,"188,5",PALMARES,Ultrapassagem Indevida,Colisão lateral mesmo sentido,Com Vítimas Feridas,Pleno dia,Crescente,Sol,Dupla,Reta,Sim,2,0,0,1,1,0,1,2,"-8,69048752","-35,60664654",SPRF-PE,DEL01-PE,UOP01-DEL01-PE
381903,2021-09-06,segunda-feira,17:15:00,PE,424,88,GARANHUNS,Ingestão de álcool pelo condutor,Colisão traseira,Com Vítimas Feridas,Anoitecer,Decrescente,Céu Claro,Simples,Reta,Sim,2,0,1,0,1,0,1,2,"-8,88289772","-36,50848532",SPRF-PE,DEL03-PE,UOP01-DEL03-PE
381986,2021-09-07,terça-feira,04:35:00,PE,428,"183,3",PETROLINA,Ingestão de álcool pelo condutor,Colisão traseira,Com Vítimas Fatais,Plena Noite,Crescente,Céu Claro,Simples,Em Obras;Reta                 ,Sim,2,1,0,0,1,0,0,2,"-9,33934115","-40,46992328",SPRF-PE,DEL06-PE,UOP01-DEL06-PE
382023,2021-09-07,terça-feira,10:45:00,PE,101,51,ABREU E LIMA,Ingestão de álcool pelo condutor,Colisão lateral mesmo sentido,Com Vítimas Feridas,Pleno dia,Decrescente,Céu Claro,Dupla,Reta,Sim,2,0,1,0,1,0,1,2,"-7,9169968","-34,89689272",SPRF-PE,DEL01-PE,UOP02-DEL01-PE
382030,2021-09-07,terça-feira,11:15:00,PE,407,129,PETROLINA,Ausência de reação do condutor,Colisão traseira,Com Vítimas Feridas,Pleno dia,Crescente,Céu Claro,Dupla,Ponte,Sim,2,0,1,0,1,0,1,2,"-9,39958299","-40,50459298",SPRF-PE,DEL06-PE,UOP01-DEL06-PE
382043,2021-09-07,terça-feira,11:00:00,PE,232,"39,3",VITORIA DE SANTO ANTAO,Avarias e/ou desgaste excessivo no pneu,Saída de leito carroçável,Com Vítimas Feridas,Pleno dia,Crescente,Céu Claro,Dupla,Reta,Não,2,0,2,0,0,0,2,1,"-8,116812","-35,234502",SPRF-PE,DEL01-PE,UOP01-DEL01-PE
382094,2021-09-07,terça-feira,17:45:00,PE,101,154,RIBEIRAO,Animais na Pista,Atropelamento de Animal,Sem Vítimas,Plena Noite,Decrescente,Céu Claro,Dupla,Reta,Não,2,0,0,0,0,2,0,2,"-8,52860711","-35,38883966",SPRF-PE,DEL01-PE,UOP01-DEL01-PE
382125,2021-09-07,terça-feira,19:01:00,PE,424,"89,4",GARANHUNS,Transitar na contramão,Colisão frontal,Sem Vítimas,Plena Noite,Crescente,Céu Claro,Simples,Curva,Sim,2,0,0,0,1,1,0,2,"-8,89486602","-36,50038004",SPRF-PE,DEL03-PE,UOP01-DEL03-PE
382134,2021-09-07,terça-feira,20:00:00,PE,423,"89,4",SAO JOAO,Transitar na contramão,Colisão frontal,Com Vítimas Feridas,Plena Noite,Crescente,Céu Claro,Simples,Curva,Sim,2,0,1,1,0,0,2,2,"-8,83774896","-36,45604009",SPRF-PE,DEL03-PE,UOP01-DEL03-PE
382144,2021-09-07,terça-feira,21:30:00,PE,101,46,IGARASSU,Ingestão de álcool e/ou substâncias psicoativas pelo pedestre,Atropelamento de Pedestre,Com Vítimas Feridas,Plena Noite,Decrescente,Céu Claro,Múltipla,Reta,Sim,2,0,2,0,0,0,2,2,"-7,87406004","-34,90588126",SPRF-PE,DEL01-PE,UOP02-DEL01-PE
382162,2021-09-07,terça-feira,23:05:00,PE,232,"58,5",POMBOS,Reação tardia ou ineficiente do condutor,Colisão com objeto,Com Vítimas Fatais,Plena Noite,Decrescente,Céu Claro,Dupla,Aclive;Curva                  ,Sim,3,1,0,0,1,1,0,1,"-8,14462866","-35,39034714",SPRF-PE,DEL02-PE,UOP02-DEL02PE
382206,2021-09-08,quarta-feira,07:30:00,PE,101,"77,8",RECIFE,Conversão proibida,Colisão transversal,Com Vítimas Feridas,Pleno dia,Crescente,Céu Claro,Dupla,Reta,Sim,2,0,1,0,1,0,1,2,"-8,133236","-34,946931",SPRF-PE,DEL01-PE,UOP01-DEL01-PE
382263,2021-02-06,sábado,20:10:00,PE,232,5,RECIFE,Transitar na contramão,Eventos atípicos,Com Vítimas Feridas,Plena Noite,Crescente,Céu Claro,Múltipla,Viaduto,Sim,3,0,1,1,1,0,2,3,"-8,06795766","-34,94535414",SPRF-PE,DEL01-PE,UOP01-DEL01-PE
382273,2021-09-08,quarta-feira,13:30:00,PE,101,"80,8",JABOATAO DOS GUARARAPES,Reação tardia ou ineficiente do condutor,Colisão lateral mesmo sentido,Sem Vítimas,Pleno dia,Crescente,Céu Claro,Múltipla,Reta,Sim,2,0,0,0,2,0,0,2,"-8,154427","-34,941662",SPRF-PE,DEL01-PE,UOP01-DEL01-PE
382293,2021-09-08,quarta-feira,15:50:00,PE,232,22,MORENO,Animais na Pista,Atropelamento de Animal,Com Vítimas Feridas,Pleno dia,Decrescente,Sol,Dupla,Reta,Não,1,0,1,0,0,0,1,1,"-8,09712273","-35,088592",SPRF-PE,DEL01-PE,UOP01-DEL01-PE
382448,2021-09-09,quinta-feira,15:00:00,PE,101,20,GOIANA,Objeto estático sobre o leito carroçável,Colisão traseira,Com Vítimas Feridas,Pleno dia,Decrescente,Sol,Dupla,Reta,Não,2,0,1,0,1,0,1,2,"-7,66042701","-34,93780401",SPRF-PE,DEL01-PE,UOP02-DEL01-PE
382460,2021-09-09,quinta-feira,15:00:00,PE,101,"119,8",ESCADA,Transitar na contramão,Colisão frontal,Sem Vítimas,Pleno dia,Crescente,Sol,Dupla,Retorno Regulamentado,Não,2,0,0,0,1,1,0,2,"-8,35291472","-35,16929901",SPRF-PE,DEL01-PE,UOP01-DEL01-PE
382461,2021-09-09,quinta-feira,10:05:00,PE,232,101,BEZERROS,Reação tardia ou ineficiente do condutor,Queda de ocupante de veículo,Com Vítimas Feridas,Pleno dia,Crescente,Céu Claro,Dupla,Reta,Sim,2,0,1,0,1,0,1,1,"-8,24194679","-35,75097313",SPRF-PE,DEL02-PE,UOP02-DEL02PE
382495,2021-09-09,quinta-feira,17:25:00,PE,424,"66,9",CAETES,Velocidade Incompatível,Saída de leito carroçável,Com Vítimas Feridas,Anoitecer,Crescente,Céu Claro,Simples,Reta;Declive                  ,Sim,1,0,0,1,0,0,1,1,"-8,75960275","-36,65067654",SPRF-PE,DEL03-PE,UOP01-DEL03-PE
382516,2021-09-09,quinta-feira,20:00:00,PE,232,12,JABOATAO DOS GUARARAPES,Acostamento em desnível,Tombamento,Com Vítimas Feridas,Plena Noite,Crescente,Céu Claro,Dupla,Reta,Não,2,0,2,0,0,0,2,1,"-8,08577691","-35,00345603",SPRF-PE,DEL01-PE,UOP01-DEL01-PE
382551,2021-09-09,quinta-feira,23:20:00,PE,232,251,ARCOVERDE,Condutor deixou de manter distância do veículo da frente,Colisão traseira,Com Vítimas Feridas,Plena Noite,Decrescente,Céu Claro,Simples,Reta,Sim,2,0,1,0,0,1,1,2,"-8,42617175","-37,0563609",SPRF-PE,DEL03-PE,UOP02-DEL03-PE
382580,2021-09-10,sexta-feira,06:40:00,PE,232,"18,3",JABOATAO DOS GUARARAPES,Manobra de mudança de faixa,Colisão lateral mesmo sentido,Com Vítimas Feridas,Pleno dia,Decrescente,Céu Claro,Dupla,Reta,Não,4,0,3,0,1,0,3,1,"-8,09696393","-35,054484",SPRF-PE,DEL01-PE,UOP01-DEL01-PE
382582,2021-09-10,sexta-feira,07:20:00,PE,232,9,RECIFE,Condutor deixou de manter distância do veículo da frente,Engavetamento,Sem Vítimas,Pleno dia,Decrescente,Sol,Dupla,Reta,Sim,3,0,0,0,3,0,0,3,"-8,07583727","-34,97015791",SPRF-PE,DEL01-PE,UOP01-DEL01-PE
382636,2021-09-10,sexta-feira,09:35:00,PE,232,"116,2",CARUARU,Demais falhas mecânicas ou elétricas,Saída de leito carroçável,Com Vítimas Feridas,Pleno dia,Crescente,Sol,Dupla,Reta,Não,2,0,2,0,0,0,2,1,"-8,2970005","-35,86666391",SPRF-PE,DEL02-PE,UOP03-DEL02-PE
382642,2021-09-10,sexta-feira,11:45:00,PE,408,"93,4",SAO LOURENCO DA MATA,Animais na Pista,Saída de leito carroçável,Com Vítimas Feridas,Pleno dia,Decrescente,Céu Claro,Dupla,Declive,Sim,1,0,1,0,0,0,1,1,"-8,003328","-35,049998",SPRF-PE,DEL01-PE,UOP01-DEL01-PE
382721,2021-07-18,domingo,19:00:00,PE,104,"54,9",CARUARU,Pista esburacada,Queda de ocupante de veículo,Com Vítimas Feridas,Plena Noite,Decrescente,Céu Claro,Dupla,Reta,Não,2,0,2,0,0,0,2,1,"-8,1928","-35,9662",SPRF-PE,DEL02-PE,UOP01-DEL02-PE
382730,2021-09-10,sexta-feira,18:10:00,PE,232,"33,2",MORENO,Demais falhas mecânicas ou elétricas,Incêndio,Sem Vítimas,Plena Noite,Decrescente,Céu Claro,Dupla,Curva;Aclive                  ,Não,1,0,0,0,1,0,0,1,"-8,10546935","-35,17359149",SPRF-PE,DEL01-PE,UOP01-DEL01-PE
382737,2021-09-10,sexta-feira,21:15:00,PE,101,"70,8",RECIFE,Área urbana sem a presença de local apropriado para a travessia de pedestres,Atropelamento de Pedestre,Sem Vítimas,Plena Noite,Crescente,Céu Claro,Dupla,Reta,Sim,3,0,0,0,1,2,0,2,"-8,076286","-34,942979",SPRF-PE,DEL01-PE,UOP01-DEL01-PE
382741,2021-09-10,sexta-feira,20:50:00,PE,316,"364,5",PETROLANDIA,Frear bruscamente,Queda de ocupante de veículo,Com Vítimas Feridas,Plena Noite,Decrescente,Céu Claro,Simples,Reta,Sim,1,0,0,1,0,0,1,1,"-8,95361595","-38,22353282",SPRF-PE,DEL04-PE,UOP01-DEL04-PE
382827,2021-09-11,sábado,12:30:00,PE,104,61,CARUARU,Manobra de mudança de faixa,Colisão lateral mesmo sentido,Com Vítimas Feridas,Pleno dia,Crescente,Céu Claro,Dupla,Reta,Sim,2,0,0,1,1,0,1,2,"-8,2529","-35,9751",SPRF-PE,DEL02-PE,UOP01-DEL02-PE
382840,2021-09-11,sábado,14:10:00,PE,101,42,IGARASSU,Ausência de reação do condutor,Colisão lateral mesmo sentido,Com Vítimas Feridas,Pleno dia,Decrescente,Céu Claro,Múltipla,Reta,Sim,6,0,4,0,1,1,4,2,"-7,83887431","-34,91196739",SPRF-PE,DEL01-PE,UOP02-DEL01-PE
382888,2021-09-11,sábado,17:40:00,PE,101,"59,5",RECIFE,Pedestre cruzava a pista fora da faixa,Atropelamento de Pedestre,Com Vítimas Feridas,Pleno dia,Decrescente,Céu Claro,Dupla,Reta,Sim,2,0,1,1,0,0,2,2,"-7,97708575","-34,92607318",SPRF-PE,DEL01-PE,UOP02-DEL01-PE
382893,2021-09-11,sábado,18:00:00,PE,232,"12,6",JABOATAO DOS GUARARAPES,Velocidade Incompatível,Colisão traseira,Sem Vítimas,Plena Noite,Crescente,Céu Claro,Dupla,Declive,Não,2,0,0,0,2,0,0,2,"-8,08577691","-35,00345603",SPRF-PE,DEL01-PE,UOP01-DEL01-PE
382911,2021-09-11,sábado,17:40:00,PE,101,152,RIBEIRAO,Reação tardia ou ineficiente do condutor,Capotamento,Com Vítimas Feridas,Anoitecer,Decrescente,Céu Claro,Múltipla,Curva,Não,3,0,3,0,0,0,3,1,"-8,51119897","-35,38696321",SPRF-PE,DEL01-PE,UOP01-DEL01-PE
382969,2021-09-12,domingo,01:00:00,PE,101,44,IGARASSU,Transitar na contramão,Colisão frontal,Com Vítimas Feridas,Plena Noite,Decrescente,Céu Claro,Múltipla,Reta,Sim,2,0,0,1,0,1,1,2,"-7,858102","-34,908084",SPRF-PE,DEL01-PE,UOP02-DEL01-PE
383041,2021-09-12,domingo,07:30:00,PE,408,81,PAUDALHO,Reação tardia ou ineficiente do condutor,Saída de leito carroçável,Com Vítimas Feridas,Pleno dia,Crescente,Sol,Dupla,Reta,Sim,2,0,2,0,0,0,2,1,"-7,93468246","-35,1301265",SPRF-PE,DEL01-PE,UOP01-DEL01-PE
383053,2021-09-12,domingo,03:00:00,PE,101,"42,7",IGARASSU,Demais falhas mecânicas ou elétricas,Incêndio,Sem Vítimas,Plena Noite,Crescente,Céu Claro,Múltipla,Reta,Sim,1,0,0,0,1,0,0,1,"-7,83887431","-34,91196739",SPRF-PE,DEL01-PE,UOP02-DEL01-PE