id,data_inversa,dia_semana,horario,uf,br,km,municipio,causa_acidente,tipo_acidente,classificacao_acidente,fase_dia,sentido_via,condicao_metereologica,tipo_pista,tracado_via,uso_solo,pessoas,mortos,feridos_leves,feridos_graves,ilesos,ignorados,feridos,veiculos,latitude,longitude,regional,delegacia,uop
383098,2021-09-12,domingo,15:40:00,PE,101,9,GOIANA,Transitar na contramão,Colisão frontal,Com Vítimas Fatais,Pleno dia,Decrescente,Céu Claro,Dupla,Reta,Não,4,1,1,0,0,2,1,2,"-7,57788903","-34,98847822",SPRF-PE,DEL01-PE,UOP02-DEL01-PE
383104,2021-09-12,domingo,17:50:00,PE,101,"9,5",GOIANA,Ingestão de álcool pelo condutor,Colisão traseira,Sem Vítimas,Anoitecer,Decrescente,Céu Claro,Dupla,Reta,Não,3,0,0,0,2,1,0,3,"-7,57788903","-34,98847822",SPRF-PE,DEL01-PE,UOP02-DEL01-PE
383175,2021-09-12,domingo,20:30:00,PE,101,10,CABO DE SANTO AGOSTINHO,Velocidade Incompatível,Colisão com objeto,Com Vítimas Feridas,Plena Noite,Decrescente,Céu Claro,Simples,Reta,Sim,3,0,0,1,0,2,1,1,"-8,2371163","-34,98247146",SPRF-PE,DEL01-PE,UOP02-DEL01-PE
383180,2021-09-12,domingo,22:00:00,PE,232,"48,1",VITORIA DE SANTO ANTAO,Pista esburacada,Capotamento,Sem Vítimas,Plena Noite,Crescente,Céu Claro,Dupla,Reta,Sim,3,0,0,0,1,2,0,1,"-8,14168181","-35,30561909",SPRF-PE,DEL01-PE,UOP01-DEL01-PE
383240,2021-09-13,segunda-feira,06:15:00,PE,232,"8,1",RECIFE,Trafegar com motocicleta (ou similar) entre as faixas,Colisão traseira,Com Vítimas Feridas,Pleno dia,Decrescente,Nublado,Múltipla,Reta,Sim,2,0,1,0,1,0,1,2,"-8,076325","-34,971461",SPRF-PE,DEL01-PE,UOP01-DEL01-PE
383253,2021-09-13,segunda-feira,06:45:00,PE,101,"71,5",RECIFE,Acessar a via sem observar a presença dos outros veículos,Colisão transversal,Com Vítimas Feridas,Pleno dia,Decrescente,Nublado,Dupla,Reta,Sim,2,0,1,0,1,0,1,2,"-8,081677","-34,943108",SPRF-PE,DEL01-PE,UOP01-DEL01-PE
383324,2021-09-13,segunda-feira,15:15:00,PE,232,"132,4",CARUARU,Acessar a via sem observar a presença dos outros veículos,Colisão transversal,Com Vítimas Feridas,Pleno dia,Decrescente,Céu Claro,Dupla,Interseção de Vias,Não,3,0,2,0,1,0,2,2,"-8,3036244","-36,00710089",SPRF-PE,DEL02-PE,UOP03-DEL02-PE
383339,2021-09-13,segunda-feira,17:45:00,PE,104,60,CARUARU,Ausência de reação do condutor,Colisão traseira,Com Vítimas Feridas,Anoitecer,Decrescente,Nublado,Dupla,Reta,Não,2,0,1,0,1,0,1,2,"-8,2438","-35,9752",SPRF-PE,DEL02-PE,UOP01-DEL02-PE
383340,2021-09-13,segunda-feira,17:40:00,PE,232,"80,1",GRAVATA,Pedestre andava na pista,Atropelamento de Pedestre,Com Vítimas Fatais,Plena Noite,Crescente,Céu Claro,Dupla,Reta,Sim,2,1,0,1,0,0,1,2,"-8,19601837","-35,57075858",SPRF-PE,DEL02-PE,UOP02-DEL02PE
383489,2021-09-14,terça-feira,14:25:00,PE,101,65,RECIFE,Manobra de mudança de faixa,Colisão traseira,Sem Vítimas,Pleno dia,Crescente,Sol,Múltipla,Reta,Sim,2,0,0,0,1,1,0,2,"-8,02478597","-34,94276635",SPRF-PE,DEL01-PE,UOP01-DEL01-PE
383532,2021-09-14,terça-feira,18:30:00,PE,101,"67,5",RECIFE,Condutor deixou de manter distância do veículo da frente,Colisão traseira,Com Vítimas Feridas,Plena Noite,Decrescente,Céu Claro,Dupla,Reta,Sim,2,0,0,1,1,0,1,2,"-8,042334","-34,943096",SPRF-PE,DEL01-PE,UOP01-DEL01-PE
383545,2021-09-14,terça-feira,17:00:00,PE,101,82,JABOATAO DOS GUARARAPES,Condutor usando celular,Colisão lateral mesmo sentido,Com Vítimas Feridas,Pleno dia,Crescente,Céu Claro,Múltipla,Interseção de Vias,Sim,2,0,1,0,1,0,1,2,"-8,171281","-34,939222",SPRF-PE,DEL01-PE,UOP01-DEL01-PE
383558,2021-09-14,terça-feira,21:00:00,PE,232,250,ARCOVERDE,Animais na Pista,Atropelamento de Animal,Com Vítimas Feridas,Plena Noite,Crescente,Vento,Simples,Reta,Não,1,0,1,0,0,0,1,1,"-8,42350887","-37,05286107",SPRF-PE,DEL03-PE,UOP02-DEL03-PE
383559,2021-09-14,terça-feira,19:35:00,PE,,,GARANHUNS,Frear bruscamente,Colisão traseira,Sem Vítimas,Plena Noite,Não Informado,Céu Claro,Simples,Reta,Não,5,0,0,0,4,1,0,2,"-8,845408","-36,484828",SPRF-PE,DEL03-PE,UOP01-DEL03-PE
383588,2021-09-15,quarta-feira,05:40:00,PE,408,"80,8",PAUDALHO,Mal súbito do condutor,Saída de leito carroçável,Com Vítimas Fatais,Pleno dia,Decrescente,Céu Claro,Múltipla,Interseção de Vias,Não,1,1,0,0,0,0,0,1,"-7,9310439","-35,13844295",SPRF-PE,DEL01-PE,UOP01-DEL01-PE
383611,2021-09-15,quarta-feira,06:30:00,PE,232,"399,9",SERRA TALHADA,Condutor deixou de manter distância do veículo da frente,Queda de ocupante de veículo,Com Vítimas Feridas,Pleno dia,Crescente,Céu Claro,Simples,Reta,Não,1,0,0,1,0,0,1,1,"-8,01068306","-38,21652203",SPRF-PE,DEL04-PE,UOP01-DEL04-PE
383618,2021-09-15,quarta-feira,08:45:00,PE,424,80,GARANHUNS,Frear bruscamente,Colisão traseira,Com Vítimas Feridas,Pleno dia,Crescente,Céu Claro,Simples,Reta,Não,8,0,3,0,5,0,3,3,"-8,8305209","-36,54673593",SPRF-PE,DEL03-PE,UOP01-DEL03-PE
383620,2021-09-15,quarta-feira,09:09:00,PE,428,188,PETROLINA,Manobra de mudança de faixa,Colisão traseira,Com Vítimas Feridas,Pleno dia,Crescente,Céu Claro,Dupla,Rotatória,Sim,2,0,1,0,1,0,1,2,"-9,36400596","-40,48266808",SPRF-PE,DEL06-PE,UOP01-DEL06-PE
383624,2021-09-15,quarta-feira,09:00:00,PE,101,"54,9",PAULISTA,Manobra de mudança de faixa,Colisão traseira,Com Vítimas Feridas,Pleno dia,Decrescente,Sol,Múltipla,Curva,Sim,2,0,0,1,1,0,1,2,"-7,93961103","-34,90356584",SPRF-PE,DEL01-PE,UOP02-DEL01-PE
383630,2021-09-15,quarta-feira,10:35:00,PE,423,135,CARUARU,Condutor Dormindo,Colisão com objeto,Com Vítimas Feridas,Pleno dia,Decrescente,Sol,Dupla,Aclive,Não,1,0,1,0,0,0,1,1,"-8,31304648","-36,0396409",SPRF-PE,DEL03-PE,UOP01-DEL03-PE
383695,2021-09-15,quarta-feira,17:50:00,PE,407,30,AFRANIO,Ausência de reação do condutor,Capotamento,Com Vítimas Feridas,Anoitecer,Decrescente,Céu Claro,Simples,Declive,Não,2,0,2,0,0,0,2,1,"-8,672439","-40,96205399",SPRF-PE,DEL06-PE,UOP02-DEL06-PE
383699,2021-09-15,quarta-feira,18:00:00,PE,104,84,AGRESTINA,Transitar na contramão,Colisão lateral sentido oposto,Com Vítimas Fatais,Plena Noite,Crescente,Céu Claro,Simples,Reta,Não,3,1,0,0,2,0,0,2,"-8,430662","-35,959164",SPRF-PE,DEL02-PE,UOP01-DEL02-PE
383843,2021-09-15,quarta-feira,11:00:00,PE,232,"78,9",GRAVATA,Acessar a via sem observar a presença dos outros veículos,Colisão lateral mesmo sentido,Com Vítimas Feridas,Pleno dia,Crescente,Céu Claro,Simples,Reta,Sim,2,0,1,0,1,0,1,2,"-8,19343658","-35,55186505",SPRF-PE,DEL02-PE,UOP02-DEL02PE
384012,2021-09-17,sexta-feira,10:30:00,PE,408,"76,4",PAUDALHO,Avarias e/ou desgaste excessivo no pneu,Colisão com objeto,Com Vítimas Feridas,Pleno dia,Crescente,Sol,Dupla,Ponte,Não,1,0,1,0,0,0,1,1,"-7,913693","-35,170002",SPRF-PE,DEL01-PE,UOP01-DEL01-PE
384111,2021-09-17,sexta-feira,17:50:00,PE,424,"85,6",GARANHUNS,Ingestão de álcool ou de substâncias psicoativas pelo pedestre,Atropelamento de Pedestre,Com Vítimas Feridas,Anoitecer,Decrescente,Chuva,Simples,Reta;Declive                  ,Não,2,0,0,1,0,1,1,2,"-8,85702308","-36,51218326",SPRF-PE,DEL03-PE,UOP01-DEL03-PE
384130,2021-09-17,sexta-feira,19:10:00,PE,232,"101,3",BEZERROS,Condutor deixou de manter distância do veículo da frente,Colisão traseira,Com Vítimas Feridas,Plena Noite,Crescente,Céu Claro,Dupla,Reta,Sim,2,0,0,1,1,0,1,2,"-8,24194679","-35,75097313",SPRF-PE,DEL02-PE,UOP02-DEL02PE
384178,2021-09-17,sexta-feira,19:10:00,PE,423,"76,6",JUCATI,Transitar na contramão,Colisão frontal,Com Vítimas Fatais,Plena Noite,Decrescente,Garoa/Chuvisco,Simples,Reta,Não,4,1,1,0,0,2,1,3,"-8,73183901","-36,43146015",SPRF-PE,DEL03-PE,UOP01-DEL03-PE
384247,2021-09-18,sábado,07:25:00,PE,101,"42,6",IGARASSU,Reação tardia ou ineficiente do condutor,Colisão transversal,Com Vítimas Feridas,Pleno dia,Decrescente,Sol,Múltipla,Declive,Sim,6,0,0,1,5,0,1,2,"-7,83887431","-34,91196739",SPRF-PE,DEL01-PE,UOP02-DEL01-PE
384329,2021-09-18,sábado,16:40:00,PE,316,6,ARARIPINA,Conversão proibida,Colisão frontal,Com Vítimas Feridas,Pleno dia,Decrescente,Céu Claro,Simples,Reta,Não,2,0,2,0,0,0,2,2,"-7,47423236","-40,61678038",SPRF-PE,DEL05-PE,UOP02-DEL05-PE
384337,2021-09-18,sábado,18:00:00,PE,101,127,ESCADA,Demais falhas na via,Queda de ocupante de veículo,Com Vítimas Feridas,Plena Noite,Decrescente,Céu Claro,Dupla,Reta,Sim,2,0,1,1,0,0,2,1,"-8,37472564","-35,23663257",SPRF-PE,DEL01-PE,UOP01-DEL01-PE
384352,2021-09-18,sábado,18:45:00,PE,232,55,POMBOS,Ingestão de álcool pelo condutor,Saída de leito carroçável,Com Vítimas Feridas,Plena Noite,Decrescente,Céu Claro,Dupla,Reta,Não,3,0,0,3,0,0,3,1,"-8,13255758","-35,36570027",SPRF-PE,DEL02-PE,UOP02-DEL02PE
384366,2021-09-18,sábado,20:00:00,PE,101,"184,3",PALMARES,Velocidade Incompatível,Colisão com objeto,Com Vítimas Feridas,Plena Noite,Crescente,Céu Claro,Múltipla,Reta,Sim,3,0,3,0,0,0,3,1,"-8,66602702","-35,57292197",SPRF-PE,DEL01-PE,UOP01-DEL01-PE
384403,2021-09-18,sábado,22:03:00,PE,232,409,SERRA TALHADA,Velocidade Incompatível,Atropelamento de Pedestre,Com Vítimas Feridas,Plena Noite,Crescente,Céu Claro,Simples,Reta,Sim,2,0,0,2,0,0,2,2,"-7,981944","-38,289467",SPRF-PE,DEL04-PE,UOP01-DEL04-PE
384407,2021-09-18,sábado,22:00:00,PE,232,132,CARUARU,Transitar na contramão,Colisão frontal,Sem Vítimas,Plena Noite,Decrescente,Céu Claro,Dupla,Reta,Não,2,0,0,0,2,0,0,2,"-8,3036244","-36,00710089",SPRF-PE,DEL02-PE,UOP03-DEL02-PE
384430,2021-09-19,domingo,03:10:00,PE,232,190,SANHARO,Ingestão de álcool pelo condutor,Colisão frontal,Com Vítimas Fatais,Plena Noite,Decrescente,Céu Claro,Simples,Reta,Não,2,2,0,0,0,0,0,2,"-8,35625579","-36,51869702",SPRF-PE,DEL02-PE,UOP03-DEL02-PE
384480,2021-09-19,domingo,07:10:00,PE,232,452,SAO JOSE DO BELMONTE,Condutor Dormindo,Saída de leito carroçável,Com Vítimas Feridas,Pleno dia,Decrescente,Céu Claro,Simples,Reta,Não,5,0,3,2,0,0,5,1,"-7,98931631","-38,65122981",SPRF-PE,DEL04-PE,UOP01-DEL04-PE
384514,2021-09-19,domingo,14:30:00,PE,101,"49,9",ABREU E LIMA,Condutor Dormindo,Saída de leito carroçável,Com Vítimas Feridas,Pleno dia,Decrescente,Céu Claro,Dupla,Reta,Sim,2,0,1,0,1,0,1,2,"-7,9005152","-34,90180641",SPRF-PE,DEL01-PE,UOP02-DEL01-PE
384528,2021-09-19,domingo,15:37:00,PE,101,49,ABREU E LIMA,Estacionar ou parar em local proibido,Colisão traseira,Com Vítimas Feridas,Pleno dia,Crescente,Céu Claro,Múltipla,Curva,Sim,2,0,1,0,0,1,1,2,"-7,9005152","-34,90180641",SPRF-PE,DEL01-PE,UOP02-DEL01-PE
384619,2021-09-19,domingo,22:20:00,PE,101,"49,7",ABREU E LIMA,Ingestão de álcool pelo condutor,Colisão traseira,Sem Vítimas,Plena Noite,Decrescente,Céu Claro,Múltipla,Reta,Sim,2,0,0,0,1,1,0,2,"-7,9005152","-34,90180641",SPRF-PE,DEL01-PE,UOP02-DEL01-PE
384625,2021-09-19,domingo,23:30:00,PE,101,"48,5",ABREU E LIMA,Ingestão de álcool pelo condutor,Saída de leito carroçável,Sem Vítimas,Plena Noite,Decrescente,Céu Claro,Múltipla,Reta,Sim,1,0,0,0,1,0,0,1,"-7,89174705","-34,9033493",SPRF-PE,DEL01-PE,UOP02-DEL01-PE
384642,2021-09-20,segunda-feira,02:00:00,PE,232,"18,2",JABOATAO DOS GUARARAPES,Objeto estático sobre o leito carroçável,Colisão com objeto,Com Vítimas Feridas,Plena Noite,Decrescente,Céu Claro,Dupla,Reta,Não,1,0,1,0,0,0,1,1,"-8,097177","-35,054304",SPRF-PE,DEL01-PE,UOP01-DEL01-PE
384736,2021-09-20,segunda-feira,08:00:00,PE,101,"17,9",CABO DE SANTO AGOSTINHO,Condutor deixou de manter distância do veículo da frente,Colisão traseira,Com Vítimas Feridas,Pleno dia,Decrescente,Sol,Simples,Reta,Sim,2,0,1,0,1,0,1,2,"-8,287093","-35,03529",SPRF-PE,DEL01-PE,UOP01-DEL01-PE
384761,2021-09-20,segunda-feira,16:20:00,PE,101,"130,1",ESCADA,Demais falhas mecânicas ou elétricas,Saída de leito carroçável,Com Vítimas Feridas,Pleno dia,Crescente,Céu Claro,Dupla,Reta,Sim,1,0,0,1,0,0,1,1,"-8,392345","-35,257055",SPRF-PE,DEL01-PE,UOP01-DEL01-PE
384825,2021-09-20,segunda-feira,22:15:00,PE,407,124,PETROLINA,Acessar a via sem observar a presença dos outros veículos,Colisão transversal,Com Vítimas Feridas,Plena Noite,Decrescente,Céu Claro,Simples,Rotatória,Sim,2,0,2,0,0,0,2,2,"-9,37556716","-40,53771228",SPRF-PE,DEL06-PE,UOP01-DEL06-PE
384828,2021-09-20,segunda-feira,21:30:00,PE,232,"39,3",VITORIA DE SANTO ANTAO,Reação tardia ou ineficiente do condutor,Colisão com objeto,Com Vítimas Feridas,Plena Noite,Crescente,Céu Claro,Dupla,Curva,Não,1,0,1,0,0,0,1,1,"-8,117431","-35,233838",SPRF-PE,DEL01-PE,UOP01-DEL01-PE
384843,2021-09-21,terça-feira,04:40:00,PE,428,184,PETROLINA,Velocidade Incompatível,Capotamento,Com Vítimas Feridas,Amanhecer,Crescente,Céu Claro,Simples,Interseção de Vias,Sim,1,0,1,0,0,0,1,1,"-9,33211208","-40,46621385",SPRF-PE,DEL06-PE,UOP01-DEL06-PE
384893,2021-09-21,terça-feira,11:05:00,PE,428,"181,3",PETROLINA,Condutor deixou de manter distância do veículo da frente,Colisão traseira,Com Vítimas Feridas,Pleno dia,Decrescente,Sol,Simples,Reta,Não,2,0,1,0,1,0,1,2,"-9,32225502","-40,46114445",SPRF-PE,DEL06-PE,UOP01-DEL06-PE
384900,2021-09-21,terça-feira,11:55:00,PE,232,"407,9",SERRA TALHADA,Condutor deixou de manter distância do veículo da frente,Tombamento,Com Vítimas Feridas,Pleno dia,Crescente,Sol,Simples,Reta,Não,1,0,1,0,0,0,1,1,"-7,9854402","-38,27148304",SPRF-PE,DEL04-PE,UOP01-DEL04-PE
384927,2021-09-21,terça-feira,16:16:00,PE,101,"67,1",RECIFE,Manobra de mudança de faixa,Colisão lateral mesmo sentido,Com Vítimas Feridas,Pleno dia,Crescente,Céu Claro,Múltipla,Interseção de Vias,Sim,2,0,1,0,1,0,1,2,"-8,043991","-34,943998",SPRF-PE,DEL01-PE,UOP01-DEL01-PE
384956,2021-09-21,terça-feira,19:00:00,PE,232,"8,8",RECIFE,Demais falhas mecânicas ou elétricas,Tombamento,Com Vítimas Feridas,Plena Noite,Decrescente,Céu Claro,Dupla,Reta,Sim,1,0,0,1,0,0,1,1,"-8,0760028","-34,97004032",SPRF-PE,DEL01-PE,UOP01-DEL01-PE
384976,2021-09-21,terça-feira,18:40:00,PE,423,"117,7",PARANATAMA,Condutor deixou de manter distância do veículo da frente,Colisão traseira,Com Vítimas Feridas,Plena Noite,Crescente,Nublado,Simples,Reta;Aclive                   ,Não,2,0,1,0,1,0,1,2,"-8,90662085","-36,66901104",SPRF-PE,DEL03-PE,UOP01-DEL03-PE
384987,2021-09-21,terça-feira,21:30:00,PE,232,"110,1",BEZERROS,Ausência de reação do condutor,Saída de leito carroçável,Sem Vítimas,Plena Noite,Crescente,Céu Claro,Dupla,Curva,Não,1,0,0,0,0,1,0,1,"-8,28634529","-35,81755579",SPRF-PE,DEL02-PE,UOP02-DEL02PE
385019,2021-09-22,quarta-feira,07:05:00,PE,232,146,SAO CAITANO,Estacionar ou parar em local proibido,Colisão traseira,Com Vítimas Feridas,Pleno dia,Decrescente,Céu Claro,Múltipla,Reta,Sim,2,0,1,0,0,1,1,2,"-8,33218974","-36,12904312",SPRF-PE,DEL02-PE,UOP03-DEL02-PE
385051,2021-09-22,quarta-feira,11:25:00,PE,232,"100,6",BEZERROS,Reação tardia ou ineficiente do condutor,Colisão transversal,Com Vítimas Feridas,Pleno dia,Crescente,Céu Claro,Simples,Reta,Sim,2,0,0,1,1,0,1,2,"-8,23791176","-35,74297705",SPRF-PE,DEL02-PE,UOP02-DEL02PE
385068,2021-09-22,quarta-feira,13:30:00,PE,101,"89,4",CABO DE SANTO AGOSTINHO,Condutor deixou de manter distância do veículo da frente,Colisão traseira,Com Vítimas Feridas,Pleno dia,Decrescente,Céu Claro,Dupla,Reta,Sim,2,0,1,0,0,1,1,2,"-8,20760697","-34,98372005",SPRF-PE,DEL01-PE,UOP01-DEL01-PE
385086,2021-09-22,quarta-feira,15:30:00,PE,101,"2,1",JABOATAO DOS GUARARAPES,Acessar a via sem observar a presença dos outros veículos,Colisão transversal,Com Vítimas Feridas,Pleno dia,Decrescente,Sol,Simples,Interseção de Vias,Sim,2,0,1,0,1,0,1,2,"-8,19122906","-34,95526671",SPRF-PE,DEL01-PE,UOP02-DEL01-PE
385128,2021-09-22,quarta-feira,19:30:00,PE,232,"86,7",GRAVATA,Reação tardia ou ineficiente do condutor,Saída de leito carroçável,Com Vítimas Feridas,Plena Noite,Crescente,Céu Claro,Simples,Curva,Não,2,0,1,0,1,0,1,1,"-8,21286855","-35,62011813",SPRF-PE,DEL02-PE,UOP02-DEL02PE
385135,2021-09-22,quarta-feira,15:10:00,PE,428,"17,2",CABROBO,Ausência de reação do condutor,Saída de leito carroçável,Com Vítimas Feridas,Pleno dia,Crescente,Céu Claro,Simples,Reta,Não,3,0,2,1,0,0,3,1,"-8,49693528","-39,37029804",SPRF-PE,DEL05-PE,UOP03-DEL05-PE
385140,2021-09-22,quarta-feira,18:30:00,PE,428,"10,9",CABROBO,Entrada inopinada do pedestre,Atropelamento de Pedestre,Com Vítimas Feridas,Plena Noite,Crescente,Céu Claro,Simples,Aclive,Sim,2,0,0,1,1,0,1,2,"-8,5091915","-39,30745984",SPRF-PE,DEL05-PE,UOP03-DEL05-PE
385144,2021-09-22,quarta-feira,19:05:00,PE,428,"0,3",BELEM DE SAO FRANCISCO,Reação tardia ou ineficiente do condutor,Queda de ocupante de veículo,Com Vítimas Feridas,Plena Noite,Decrescente,Céu Claro,Simples,Reta,Não,1,0,1,0,0,0,1,1,"-8,547853","-39,226963",SPRF-PE,DEL05-PE,UOP01-DEL05-PE
385225,2021-09-23,quinta-feira,11:45:00,PE,232,"84,3",GRAVATA,Velocidade Incompatível,Saída de leito carroçável,Com Vítimas Feridas,Pleno dia,Decrescente,Céu Claro,Dupla,Reta,Não,7,0,2,3,2,0,5,1,"-8,2059894","-35,60359683",SPRF-PE,DEL02-PE,UOP02-DEL02PE
385262,2021-09-23,quinta-feira,15:00:00,PE,232,"75,1",GRAVATA,Reação tardia ou ineficiente do condutor,Colisão lateral mesmo sentido,Com Vítimas Feridas,Pleno dia,Crescente,Céu Claro,Dupla,Declive;Reta                  ,Não,2,0,1,0,1,0,1,2,"-8,19737799","-35,525476",SPRF-PE,DEL02-PE,UOP02-DEL02PE
385273,2021-09-23,quinta-feira,18:15:00,PE,232,9,RECIFE,Acessar a via sem observar a presença dos outros veículos,Atropelamento de Pedestre,Com Vítimas Feridas,Plena Noite,Decrescente,Céu Claro,Dupla,Reta,Sim,3,0,0,1,1,1,1,2,"-8,07764447","-34,97863609",SPRF-PE,DEL01-PE,UOP01-DEL01-PE
385279,2021-09-23,quinta-feira,17:56:00,PE,428,183,PETROLINA,Acessar a via sem observar a presença dos outros veículos,Colisão frontal,Com Vítimas Feridas,Anoitecer,Crescente,Céu Claro,Simples,Reta,Não,3,0,2,0,1,0,2,2,"-9,32412987","-40,46211325",SPRF-PE,DEL06-PE,UOP01-DEL06-PE
385367,2021-09-24,sexta-feira,08:20:00,PE,101,71,RECIFE,Trafegar com motocicleta (ou similar) entre as faixas,Queda de ocupante de veículo,Com Vítimas Feridas,Pleno dia,Crescente,Nublado,Dupla,Reta,Sim,1,0,1,0,0,0,1,1,"-8,07663102","-34,94277871",SPRF-PE,DEL01-PE,UOP01-DEL01-PE
385377,2021-09-24,sexta-feira,09:10:00,PE,101,58,PAULISTA,Reação tardia ou ineficiente do condutor,Colisão traseira,Sem Vítimas,Pleno dia,Crescente,Chuva,Dupla,Reta,Não,3,0,0,0,3,0,0,3,"-7,97063209","-34,92064675",SPRF-PE,DEL01-PE,UOP02-DEL01-PE
385416,2021-09-24,sexta-feira,13:30:00,PE,101,"51,8",ABREU E LIMA,Entrada inopinada do pedestre,Atropelamento de Pedestre,Com Vítimas Feridas,Pleno dia,Crescente,Céu Claro,Múltipla,Reta,Sim,2,0,0,1,1,0,1,2,"-7,9169968","-34,89689272",SPRF-PE,DEL01-PE,UOP02-DEL01-PE
385464,2021-09-24,sexta-feira,16:50:00,PE,101,41,IGARASSU,Transitar no acostamento,Colisão transversal,Com Vítimas Feridas,Anoitecer,Crescente,Céu Claro,Simples,Reta,Sim,2,0,1,0,1,0,1,2,"-7,83038346","-34,91426785",SPRF-PE,DEL01-PE,UOP02-DEL01-PE
385504,2021-09-24,sexta-feira,19:30:00,PE,104,"19,6",TAQUARITINGA DO NORTE,Ausência de reação do condutor,Capotamento,Com Vítimas Feridas,Plena Noite,Crescente,Céu Claro,Simples,Curva,Não,1,0,1,0,0,0,1,1,"-7,947535","-36,127937",SPRF-PE,DEL02-PE,UOP01-DEL02-PE
385507,2021-09-24,sexta-feira,18:00:00,PE,232,72,GRAVATA,Reação tardia ou ineficiente do condutor,Tombamento,Sem Vítimas,Anoitecer,Decrescente,Céu Claro,Dupla,Reta,Não,1,0,0,0,1,0,0,1,"-8,18714215","-35,50102523",SPRF-PE,DEL02-PE,UOP02-DEL02PE
385539,2021-09-24,sexta-feira,23:10:00,PE,101,"65,5",RECIFE,Acumulo de água sobre o pavimento,Queda de ocupante de veículo,Com Vítimas Feridas,Plena Noite,Crescente,Chuva,Múltipla,Reta,Sim,1,0,1,0,0,0,1,1,"-8,030089","-34,943134",SPRF-PE,DEL01-PE,UOP01-DEL01-PE
385578,2021-09-24,sexta-feira,13:30:00,PE,408,74,PAUDALHO,Ingestão de substâncias psicoativas pelo condutor,Colisão com objeto,Sem Vítimas,Pleno dia,Crescente,Céu Claro,Dupla,Reta,Sim,1,0,0,0,0,1,0,1,"-7,89701706","-35,17300548",SPRF-PE,DEL01-PE,UOP01-DEL01-PE
385648,2021-09-25,sábado,12:20:00,PE,101,"48,2",ABREU E LIMA,Ingestão de álcool e/ou substâncias psicoativas pelo pedestre,Colisão lateral mesmo sentido,Com Vítimas Feridas,Pleno dia,Crescente,Céu Claro,Dupla,Reta,Sim,2,0,1,0,1,0,1,2,"-7,89174705","-34,9033493",SPRF-PE,DEL01-PE,UOP02-DEL01-PE
385669,2021-09-25,sábado,14:15:00,PE,428,186,PETROLINA,Reação tardia ou ineficiente do condutor,Colisão traseira,Sem Vítimas,Pleno dia,Crescente,Céu Claro,Simples,Reta,Sim,2,0,0,0,2,0,0,2,"-9,367215","-40,484337",SPRF-PE,DEL06-PE,UOP01-DEL06-PE
385692,2021-09-25,sábado,17:40:00,PE,101,"75,3",RECIFE,Condutor deixou de manter distância do veículo da frente,Colisão traseira,Com Vítimas Feridas,Anoitecer,Crescente,Céu Claro,Dupla,Reta,Sim,2,0,1,0,1,0,1,2,"-8,10973523","-34,94660151",SPRF-PE,DEL01-PE,UOP01-DEL01-PE
385696,2021-09-25,sábado,17:50:00,PE,232,"88,3",GRAVATA,Reação tardia ou ineficiente do condutor,Colisão traseira,Com Vítimas Fatais,Plena Noite,Decrescente,Céu Claro,Dupla,Reta,Não,3,1,0,1,1,0,1,2,"-8,215178","-35,637814",SPRF-PE,DEL02-PE,UOP02-DEL02PE
385734,2021-09-25,sábado,21:15:00,PE,101,49,ABREU E LIMA,Entrada inopinada do pedestre,Atropelamento de Pedestre,Com Vítimas Feridas,Plena Noite,Decrescente,Nublado,Múltipla,Reta;Interseção de Vias       ,Sim,2,0,0,1,1,0,1,2,"-7,9005152","-34,90180641",SPRF-PE,DEL01-PE,UOP02-DEL01-PE
385769,2021-09-26,domingo,00:16:00,PE,101,"83,8",JABOATAO DOS GUARARAPES,Acumulo de água sobre o pavimento,Capotamento,Com Vítimas Feridas,Plena Noite,Decrescente,Chuva,Dupla,Curva,Sim,2,0,2,0,0,0,2,1,"-8,16244352","-34,95128632",SPRF-PE,DEL01-PE,UOP01-DEL01-PE
385799,2021-09-26,domingo,04:00:00,PE,116,"40,1",SALGUEIRO,Objeto estático sobre o leito carroçável,Colisão com objeto,Com Vítimas Feridas,Plena Noite,Decrescente,Céu Claro,Simples,Reta,Não,2,0,1,0,1,0,1,1,"-8,188874","-39,10149",SPRF-PE,DEL05-PE,UOP01-DEL05-PE
385809,2021-09-26,domingo,06:14:00,PE,101,69,RECIFE,Condutor deixou de manter distância do veículo da frente,Colisão traseira,Com Vítimas Feridas,Pleno dia,Crescente,Céu Claro,Dupla,Reta,Sim,4,0,0,1,3,0,1,3,"-8,05951606","-34,94581024",SPRF-PE,DEL01-PE,UOP01-DEL01-PE
385891,2021-09-26,domingo,14:20:00,PE,101,"41,8",IGARASSU,Estacionar ou parar em local proibido,Colisão traseira,Sem Vítimas,Pleno dia,Decrescente,Céu Claro,Dupla,Declive,Sim,3,0,0,0,3,0,0,2,"-7,83038346","-34,91426785",SPRF-PE,DEL01-PE,UOP02-DEL01-PE
385931,2021-09-26,domingo,17:40:00,PE,101,"58,8",RECIFE,Velocidade Incompatível,Colisão com objeto,Com Vítimas Feridas,Plena Noite,Decrescente,Nublado,Dupla,Reta,Não,1,0,0,1,0,0,1,1,"-7,97063209","-34,92064675",SPRF-PE,DEL01-PE,UOP02-DEL01-PE