id,data_inversa,dia_semana,horario,uf,br,km,municipio,causa_acidente,tipo_acidente,classificacao_acidente,fase_dia,sentido_via,condicao_metereologica,tipo_pista,tracado_via,uso_solo,pessoas,mortos,feridos_leves,feridos_graves,ilesos,ignorados,feridos,veiculos,latitude,longitude,regional,delegacia,uop
385944,2021-09-26,domingo,19:15:00,PE,232,"254,5",ARCOVERDE,Animais na Pista,Atropelamento de Animal,Com Vítimas Fatais,Plena Noite,Crescente,Céu Claro,Simples,Reta,Sim,3,1,2,0,0,0,2,1,"-8,41875994","-37,07859892",SPRF-PE,DEL03-PE,UOP02-DEL03-PE
385951,2021-09-26,domingo,18:40:00,PE,232,410,SERRA TALHADA,Ultrapassagem Indevida,Colisão lateral sentido oposto,Com Vítimas Feridas,Plena Noite,Decrescente,Céu Claro,Simples,Reta,Não,2,0,0,1,1,0,1,2,"-7,98261841","-38,30039606",SPRF-PE,DEL04-PE,UOP01-DEL04-PE
386039,2021-09-27,segunda-feira,00:10:00,PE,232,131,CARUARU,Condutor usando celular,Saída de leito carroçável,Sem Vítimas,Plena Noite,Crescente,Céu Claro,Dupla,Reta,Sim,1,0,0,0,0,1,0,1,"-8,30117613","-35,99843996",SPRF-PE,DEL02-PE,UOP03-DEL02-PE
386068,2021-09-27,segunda-feira,08:30:00,PE,428,188,PETROLINA,Condutor deixou de manter distância do veículo da frente,Colisão traseira,Com Vítimas Feridas,Pleno dia,Crescente,Céu Claro,Simples,Rotatória,Sim,2,0,1,0,1,0,1,2,"-9,36400596","-40,48266808",SPRF-PE,DEL06-PE,UOP01-DEL06-PE
386070,2021-09-27,segunda-feira,08:00:00,PE,101,73,RECIFE,Reação tardia ou ineficiente do condutor,Queda de ocupante de veículo,Com Vítimas Feridas,Pleno dia,Decrescente,Céu Claro,Dupla,Curva,Sim,1,0,1,0,0,0,1,1,"-8,093369","-34,947464",SPRF-PE,DEL01-PE,UOP01-DEL01-PE
386100,2021-09-27,segunda-feira,10:50:00,PE,101,"65,4",RECIFE,Condutor deixou de manter distância do veículo da frente,Colisão traseira,Com Vítimas Feridas,Pleno dia,Crescente,Céu Claro,Múltipla,Reta,Sim,2,0,1,0,1,0,1,2,"-8,02478597","-34,94276635",SPRF-PE,DEL01-PE,UOP01-DEL01-PE
386149,2021-09-27,segunda-feira,17:15:00,PE,101,68,RECIFE,Condutor deixou de manter distância do veículo da frente,Colisão lateral mesmo sentido,Com Vítimas Feridas,Anoitecer,Crescente,Nublado,Dupla,Viaduto,Sim,3,0,2,0,0,1,2,2,"-8,051077","-34,946053",SPRF-PE,DEL01-PE,UOP01-DEL01-PE
386275,2021-09-28,terça-feira,10:00:00,PE,104,52,CARUARU,Reação tardia ou ineficiente do condutor,Colisão traseira,Com Vítimas Feridas,Pleno dia,Decrescente,Céu Claro,Dupla,Reta,Sim,2,0,0,1,1,0,1,2,"-8,167598","-35,97684",SPRF-PE,DEL02-PE,UOP01-DEL02-PE
386289,2021-09-28,terça-feira,10:20:00,PE,101,203,XEXEU,Transitar na contramão,Colisão frontal,Sem Vítimas,Pleno dia,Crescente,Sol,Dupla,Reta,Não,2,0,0,0,1,1,0,2,"-8,79726501","-35,62641334",SPRF-PE,DEL01-PE,UOP01-DEL01-PE
386293,2021-09-28,terça-feira,12:00:00,PE,232,300,SERTANIA,Animais na Pista,Atropelamento de Animal,Com Vítimas Feridas,Pleno dia,Decrescente,Céu Claro,Simples,Reta,Não,1,0,1,0,0,0,1,1,"-8,22802112","-37,41517316",SPRF-PE,DEL03-PE,UOP02-DEL03-PE
386331,2021-09-28,terça-feira,15:25:00,PE,424,"94,4",GARANHUNS,Condutor deixou de manter distância do veículo da frente,Colisão traseira,Com Vítimas Feridas,Pleno dia,Decrescente,Sol,Simples,Aclive;Curva                  ,Não,2,0,1,0,1,0,1,2,"-8,91590392","-36,48883344",SPRF-PE,DEL03-PE,UOP01-DEL03-PE
386343,2021-09-28,terça-feira,18:20:00,PE,101,52,PAULISTA,Acessar a via sem observar a presença dos outros veículos,Colisão transversal,Sem Vítimas,Plena Noite,Decrescente,Vento,Múltipla,Reta,Sim,2,0,0,0,1,1,0,2,"-7,92358799","-34,89607201",SPRF-PE,DEL01-PE,UOP02-DEL01-PE
386344,2021-09-28,terça-feira,18:40:00,PE,101,77,RECIFE,Ingestão de álcool pelo condutor,Colisão frontal,Sem Vítimas,Plena Noite,Decrescente,Céu Claro,Dupla,Curva,Sim,2,0,0,0,2,0,0,2,"-8,126982","-34,94386",SPRF-PE,DEL01-PE,UOP01-DEL01-PE
386389,2021-09-29,quarta-feira,07:00:00,PE,101,"66,7",RECIFE,Velocidade Incompatível,Colisão traseira,Com Vítimas Feridas,Pleno dia,Crescente,Nublado,Dupla,Reta,Sim,2,0,0,1,1,0,1,2,"-8,035238","-34,941597",SPRF-PE,DEL01-PE,UOP01-DEL01-PE
386410,2021-09-29,quarta-feira,08:20:00,PE,232,10,JABOATAO DOS GUARARAPES,Condutor deixou de manter distância do veículo da frente,Colisão traseira,Sem Vítimas,Pleno dia,Crescente,Nublado,Dupla,Curva,Não,2,0,0,0,2,0,0,2,"-8,07917241","-34,98718609",SPRF-PE,DEL01-PE,UOP01-DEL01-PE
386426,2021-09-29,quarta-feira,08:30:00,PE,408,64,CARPINA,Transitar na contramão,Colisão frontal,Com Vítimas Feridas,Pleno dia,Decrescente,Céu Claro,Múltipla,Reta,Sim,2,0,0,1,1,0,1,2,"-7,846511","-35,24029",SPRF-PE,DEL01-PE,UOP01-DEL01-PE
386437,2021-09-29,quarta-feira,10:40:00,PE,232,"54,5",POMBOS,Ausência de reação do condutor,Colisão traseira,Com Vítimas Feridas,Pleno dia,Crescente,Céu Claro,Dupla,Reta,Não,2,0,1,0,1,0,1,2,"-8,12919504","-35,35716398",SPRF-PE,DEL02-PE,UOP02-DEL02PE
386466,2021-09-29,quarta-feira,14:25:00,PE,408,"62,2",CARPINA,Desrespeitar a preferência no cruzamento,Colisão transversal,Com Vítimas Feridas,Pleno dia,Crescente,Céu Claro,Simples,Reta,Não,3,0,2,0,1,0,2,2,"-7,834593","-35,244334",SPRF-PE,DEL01-PE,UOP01-DEL01-PE
386477,2021-09-29,quarta-feira,16:00:00,PE,101,60,RECIFE,Condutor deixou de manter distância do veículo da frente,Colisão traseira,Com Vítimas Feridas,Pleno dia,Decrescente,Céu Claro,Simples,Reta,Não,4,0,1,0,3,0,1,3,"-7,98344307","-34,93176727",SPRF-PE,DEL01-PE,UOP02-DEL01-PE
386498,2021-09-29,quarta-feira,18:15:00,PE,232,"225,6",PESQUEIRA,Transitar na contramão,Colisão lateral sentido oposto,Com Vítimas Feridas,Plena Noite,Decrescente,Céu Claro,Simples,Reta,Não,3,0,1,0,2,0,1,2,"-8,40348197","-36,82849199",SPRF-PE,DEL03-PE,UOP02-DEL03-PE
386508,2021-09-29,quarta-feira,18:30:00,PE,101,68,RECIFE,Pista Escorregadia,Tombamento,Com Vítimas Feridas,Plena Noite,Decrescente,Chuva,Dupla,Viaduto,Sim,2,0,2,0,0,0,2,1,"-8,050794","-34,945832",SPRF-PE,DEL01-PE,UOP01-DEL01-PE
386572,2021-09-18,sábado,06:45:00,PE,101,"24,7",ITAPISSUMA,Ausência de reação do condutor,Saída de leito carroçável,Sem Vítimas,Pleno dia,Crescente,Céu Claro,Dupla,Aclive,Não,1,0,0,0,1,0,0,1,"-7,69218298","-34,92211684",SPRF-PE,DEL01-PE,UOP02-DEL01-PE
386603,2021-09-30,quinta-feira,07:40:00,PE,104,"46,5",CARUARU,Pista esburacada,Saída de leito carroçável,Com Vítimas Feridas,Pleno dia,Decrescente,Sol,Dupla,Curva,Não,1,0,1,0,0,0,1,1,"-8,1272","-35,9943",SPRF-PE,DEL02-PE,UOP01-DEL02-PE
386638,2021-09-30,quinta-feira,12:05:00,PE,428,"184,9",PETROLINA,Ausência de reação do condutor,Colisão lateral mesmo sentido,Com Vítimas Feridas,Pleno dia,Crescente,Céu Claro,Simples,Reta,Sim,4,0,2,1,0,1,3,4,"-9,33211208","-40,46621385",SPRF-PE,DEL06-PE,UOP01-DEL06-PE
386651,2021-09-30,quinta-feira,14:10:00,PE,232,"9,9",RECIFE,Condutor deixou de manter distância do veículo da frente,Colisão traseira,Sem Vítimas,Pleno dia,Crescente,Sol,Dupla,Reta,Sim,2,0,0,0,2,0,0,2,"-8,07764447","-34,97863609",SPRF-PE,DEL01-PE,UOP01-DEL01-PE
386654,2021-09-30,quinta-feira,14:00:00,PE,407,124,PETROLINA,Desrespeitar a preferência no cruzamento,Colisão lateral mesmo sentido,Com Vítimas Feridas,Pleno dia,Decrescente,Céu Claro,Dupla,Reta,Sim,2,0,1,0,1,0,1,2,"-9,36929881","-40,54137139",SPRF-PE,DEL06-PE,UOP01-DEL06-PE
386670,2021-09-30,quinta-feira,17:00:00,PE,101,"43,8",IGARASSU,Desrespeitar a preferência no cruzamento,Colisão transversal,Com Vítimas Feridas,Anoitecer,Decrescente,Céu Claro,Simples,Reta,Sim,2,0,1,0,1,0,1,2,"-7,84753808","-34,90977038",SPRF-PE,DEL01-PE,UOP02-DEL01-PE
386697,2021-09-23,quinta-feira,16:15:00,PE,232,"203,2",PESQUEIRA,Conversão proibida,Colisão traseira,Sem Vítimas,Pleno dia,Decrescente,Céu Claro,Simples,Reta,Não,7,0,0,0,5,2,0,3,"-8,37188729","-36,63471898",SPRF-PE,DEL03-PE,UOP02-DEL03-PE
386710,2021-09-30,quinta-feira,19:20:00,PE,232,"61,7",POMBOS,Pedestre andava na pista,Atropelamento de Pedestre,Com Vítimas Feridas,Plena Noite,Decrescente,Céu Claro,Dupla,Curva,Não,2,0,0,1,0,1,1,2,"-8,1519066","-35,4153532",SPRF-PE,DEL02-PE,UOP02-DEL02PE
386719,2021-09-30,quinta-feira,20:00:00,PE,101,90,CABO DE SANTO AGOSTINHO,Retorno proibido,Colisão transversal,Com Vítimas Feridas,Plena Noite,Decrescente,Céu Claro,Simples,Reta,Sim,5,0,0,2,2,1,2,2,"-8,21612792","-34,98772817",SPRF-PE,DEL01-PE,UOP01-DEL01-PE
386759,2021-10-01,sexta-feira,05:30:00,PE,101,"67,8",RECIFE,Reação tardia ou ineficiente do condutor,Capotamento,Com Vítimas Feridas,Pleno dia,Decrescente,Céu Claro,Dupla,Reta,Sim,2,0,1,0,1,0,1,1,"-8,042334","-34,943096",SPRF-PE,DEL01-PE,UOP01-DEL01-PE
386797,2021-10-01,sexta-feira,09:05:00,PE,232,487,VERDEJANTE,Acessar a via sem observar a presença dos outros veículos,Colisão frontal,Com Vítimas Feridas,Pleno dia,Crescente,Céu Claro,Simples,Reta,Não,2,0,0,1,0,1,1,2,"-8,01425426","-38,94872102",SPRF-PE,DEL05-PE,UOP01-DEL05-PE
386893,2021-10-01,sexta-feira,16:30:00,PE,101,"119,7",ESCADA,Velocidade Incompatível,Saída de leito carroçável,Com Vítimas Fatais,Anoitecer,Crescente,Nublado,Dupla,Reta,Não,1,1,0,0,0,0,0,1,"-8,353219","-35,175971",SPRF-PE,DEL01-PE,UOP01-DEL01-PE
386915,2021-10-01,sexta-feira,17:45:00,PE,407,127,PETROLINA,Ausência de reação do condutor,Colisão transversal,Com Vítimas Feridas,Anoitecer,Decrescente,Céu Claro,Simples,Interseção de Vias,Sim,2,0,2,0,0,0,2,2,"-9,3908678","-40,52038627",SPRF-PE,DEL06-PE,UOP01-DEL06-PE
386919,2021-10-01,sexta-feira,18:45:00,PE,232,509,SALGUEIRO,Transitar no acostamento,Atropelamento de Pedestre,Com Vítimas Feridas,Plena Noite,Crescente,Céu Claro,Simples,Reta,Sim,2,0,1,0,0,1,1,2,"-8,06449154","-39,1298447",SPRF-PE,DEL05-PE,UOP01-DEL05-PE
387013,2021-09-23,quinta-feira,08:10:00,PE,232,"191,8",SANHARO,Acessar a via sem observar a presença dos outros veículos,Colisão lateral mesmo sentido,Com Vítimas Feridas,Pleno dia,Decrescente,Céu Claro,Simples,Reta,Não,2,0,0,1,1,0,1,2,"-8,35709895","-36,52773",SPRF-PE,DEL02-PE,UOP03-DEL02-PE
387072,2021-10-02,sábado,11:10:00,PE,407,"115,6",PETROLINA,Acessar a via sem observar a presença dos outros veículos,Colisão transversal,Com Vítimas Feridas,Pleno dia,Crescente,Céu Claro,Simples,Interseção de Vias,Não,2,0,0,1,0,1,1,2,"-9,2990308","-40,58250065",SPRF-PE,DEL06-PE,UOP02-DEL06-PE
387079,2021-10-02,sábado,11:00:00,PE,101,71,RECIFE,Velocidade Incompatível,Tombamento,Com Vítimas Feridas,Pleno dia,Crescente,Céu Claro,Simples,Curva,Não,2,0,1,1,0,0,2,1,"-8,07663102","-34,94277871",SPRF-PE,DEL01-PE,UOP01-DEL01-PE
387106,2021-10-02,sábado,14:40:00,PE,101,70,RECIFE,Desrespeitar a preferência no cruzamento,Colisão transversal,Com Vítimas Feridas,Pleno dia,Crescente,Sol,Múltipla,Reta,Sim,3,0,2,0,0,1,2,2,"-8,06776119","-34,94265074",SPRF-PE,DEL01-PE,UOP01-DEL01-PE
387127,2021-10-02,sábado,13:00:00,PE,101,65,RECIFE,Entrada inopinada do pedestre,Atropelamento de Pedestre,Sem Vítimas,Pleno dia,Decrescente,Sol,Múltipla,Reta,Sim,2,0,0,0,1,1,0,2,"-8,02478597","-34,94276635",SPRF-PE,DEL01-PE,UOP01-DEL01-PE
387156,2021-10-02,sábado,19:10:00,PE,232,"407,4",SERRA TALHADA,Ingestão de álcool pelo condutor,Colisão traseira,Sem Vítimas,Plena Noite,Decrescente,Céu Claro,Simples,Reta,Sim,2,0,0,0,2,0,0,2,"-7,9854402","-38,27148304",SPRF-PE,DEL04-PE,UOP01-DEL04-PE
387157,2021-10-02,sábado,20:05:00,PE,316,55,TRINDADE,Acessar a via sem observar a presença dos outros veículos,Colisão lateral mesmo sentido,Com Vítimas Feridas,Plena Noite,Crescente,Céu Claro,Simples,Declive;Reta                  ,Não,3,0,2,0,1,0,2,2,"-7,74026268","-40,28663631",SPRF-PE,DEL05-PE,UOP02-DEL05-PE
387158,2021-10-02,sábado,18:40:00,PE,423,"69,2",JUPI,Ingestão de álcool pelo condutor,Colisão frontal,Com Vítimas Feridas,Plena Noite,Crescente,Nublado,Simples,Aclive;Curva                  ,Não,3,0,2,0,1,0,2,2,"-8,67648714","-36,40182687",SPRF-PE,DEL03-PE,UOP01-DEL03-PE
387164,2021-10-02,sábado,20:50:00,PE,232,"94,5",BEZERROS,Velocidade Incompatível,Saída de leito carroçável,Sem Vítimas,Plena Noite,Crescente,Céu Claro,Dupla,Curva,Não,1,0,0,0,0,1,0,1,"-8,22473335","-35,69081624",SPRF-PE,DEL02-PE,UOP02-DEL02PE
387206,2021-10-02,sábado,23:30:00,PE,423,21,SAO CAITANO,Demais falhas mecânicas ou elétricas,Tombamento,Com Vítimas Feridas,Plena Noite,Decrescente,Céu Claro,Simples,Reta,Não,4,0,2,2,0,0,4,1,"-8,34587741","-36,16528759",SPRF-PE,DEL02-PE,UOP03-DEL02-PE
387213,2021-10-03,domingo,01:00:00,PE,316,"65,5",TRINDADE,Condutor Dormindo,Colisão frontal,Com Vítimas Fatais,Plena Noite,Decrescente,Céu Claro,Simples,Aclive;Reta                   ,Não,2,1,0,0,1,0,0,2,"-7,78713245","-40,21815308",SPRF-PE,DEL05-PE,UOP02-DEL05-PE
387257,2021-10-03,domingo,05:40:00,PE,407,121,PETROLINA,Animais na Pista,Colisão com objeto,Com Vítimas Feridas,Pleno dia,Crescente,Céu Claro,Simples,Reta,Sim,1,0,1,0,0,0,1,1,"-9,35369","-40,55049",SPRF-PE,DEL06-PE,UOP01-DEL06-PE
387286,2021-10-03,domingo,09:40:00,PE,101,"154,3",RIBEIRAO,Avarias e/ou desgaste excessivo no pneu,Tombamento,Com Vítimas Feridas,Pleno dia,Decrescente,Céu Claro,Dupla,Reta,Não,2,0,1,1,0,0,2,1,"-8,52860711","-35,38883966",SPRF-PE,DEL01-PE,UOP01-DEL01-PE
387380,2021-10-03,domingo,18:10:00,PE,232,510,SALGUEIRO,Velocidade Incompatível,Colisão traseira,Sem Vítimas,Plena Noite,Decrescente,Céu Claro,Simples,Reta,Sim,2,0,0,0,2,0,0,2,"-8,069539","-39,144712",SPRF-PE,DEL05-PE,UOP01-DEL05-PE
387421,2021-10-03,domingo,20:40:00,PE,232,"198,5",SANHARO,Acessar a via sem observar a presença dos outros veículos,Colisão transversal,Com Vítimas Feridas,Plena Noite,Decrescente,Céu Claro,Simples,Reta,Não,2,0,0,1,1,0,1,2,"-8,36980669","-36,59468651",SPRF-PE,DEL02-PE,UOP03-DEL02-PE
387567,2021-10-04,segunda-feira,12:00:00,PE,232,"389,7",SERRA TALHADA,Ultrapassagem Indevida,Capotamento,Com Vítimas Feridas,Pleno dia,Decrescente,Céu Claro,Simples,Reta,Não,3,0,3,0,0,0,3,1,"-8,03207549","-38,12954194",SPRF-PE,DEL04-PE,UOP01-DEL04-PE
387608,2021-08-21,sábado,07:25:00,PE,232,"79,8",GRAVATA,Acessar a via sem observar a presença dos outros veículos,Colisão traseira,Com Vítimas Feridas,Pleno dia,Crescente,Céu Claro,Simples,Reta,Sim,2,0,0,1,1,0,1,2,"-8,19460572","-35,56074803",SPRF-PE,DEL02-PE,UOP02-DEL02PE
387662,2021-09-07,terça-feira,21:40:00,PE,428,"179,9",PETROLINA,Animais na Pista,Atropelamento de Animal,Com Vítimas Feridas,Plena Noite,Crescente,Céu Claro,Simples,Reta,Não,1,0,1,0,0,0,1,1,"-9,29218306","-40,4457509",SPRF-PE,DEL06-PE,UOP01-DEL06-PE
387669,2021-10-05,terça-feira,02:10:00,PE,101,"46,2",IGARASSU,Velocidade Incompatível,Colisão com objeto,Com Vítimas Feridas,Plena Noite,Decrescente,Céu Claro,Múltipla,Reta,Sim,2,0,1,0,1,0,1,1,"-7,87406004","-34,90588126",SPRF-PE,DEL01-PE,UOP02-DEL01-PE
387680,2021-10-05,terça-feira,06:40:00,PE,407,"98,9",PETROLINA,Acesso irregular,Colisão frontal,Com Vítimas Feridas,Pleno dia,Decrescente,Céu Claro,Simples,Reta,Não,7,0,0,5,1,1,5,3,"-9,17281","-40,634897",SPRF-PE,DEL06-PE,UOP02-DEL06-PE
387719,2021-10-05,terça-feira,10:05:00,PE,232,8,RECIFE,Ausência de reação do condutor,Colisão traseira,Com Vítimas Feridas,Pleno dia,Crescente,Céu Claro,Dupla,Reta,Sim,4,0,1,0,3,0,1,3,"-8,076306","-34,971548",SPRF-PE,DEL01-PE,UOP01-DEL01-PE
387722,2021-10-05,terça-feira,10:10:00,PE,408,"104,8",JABOATAO DOS GUARARAPES,Acesso irregular,Colisão traseira,Com Vítimas Feridas,Pleno dia,Decrescente,Céu Claro,Dupla,Reta,Sim,3,0,1,0,2,0,1,2,"-8,07564","-34,992254",SPRF-PE,DEL01-PE,UOP01-DEL01-PE
387747,2021-10-05,terça-feira,12:20:00,PE,232,"133,1",CARUARU,Ausência de sinalização,Colisão traseira,Com Vítimas Feridas,Pleno dia,Crescente,Sol,Dupla,Reta,Sim,5,0,2,0,3,0,2,2,"-8,306284","-36,016364",SPRF-PE,DEL02-PE,UOP03-DEL02-PE
387769,2021-10-05,terça-feira,16:30:00,PE,101,"46,7",IGARASSU,Condutor deixou de manter distância do veículo da frente,Colisão traseira,Sem Vítimas,Pleno dia,Crescente,Céu Claro,Dupla,Reta,Sim,3,0,0,0,2,1,0,3,"-7,87406004","-34,90588126",SPRF-PE,DEL01-PE,UOP02-DEL01-PE
387780,2021-10-05,terça-feira,17:15:00,PE,423,91,GARANHUNS,Retorno proibido,Colisão transversal,Com Vítimas Feridas,Anoitecer,Decrescente,Céu Claro,Simples,Declive,Não,2,0,0,1,0,1,1,2,"-8,85375408","-36,46278381",SPRF-PE,DEL03-PE,UOP01-DEL03-PE
387822,2021-09-04,sábado,14:50:00,PE,408,"104,8",JABOATAO DOS GUARARAPES,Condutor Dormindo,Colisão com objeto,Com Vítimas Feridas,Pleno dia,Crescente,Céu Claro,Dupla,Reta,Sim,2,0,2,0,0,0,2,1,"-8,064443","-34,99006",SPRF-PE,DEL01-PE,UOP01-DEL01-PE
387846,2021-10-06,quarta-feira,04:20:00,PE,101,71,RECIFE,Acessar a via sem observar a presença dos outros veículos,Colisão transversal,Com Vítimas Feridas,Amanhecer,Crescente,Céu Claro,Múltipla,Reta,Sim,2,0,0,1,0,1,1,2,"-8,07663102","-34,94277871",SPRF-PE,DEL01-PE,UOP01-DEL01-PE
387893,2021-09-19,domingo,09:30:00,PE,428,6,CABROBO,Transitar na contramão,Colisão traseira,Sem Vítimas,Pleno dia,Crescente,Céu Claro,Simples,Reta,Não,2,0,0,0,2,0,0,2,"-8,523357","-39,275797",SPRF-PE,DEL05-PE,UOP01-DEL05-PE
387901,2021-10-06,quarta-feira,04:00:00,PE,101,"97,4",CABO DE SANTO AGOSTINHO,Reação tardia ou ineficiente do condutor,Saída de leito carroçável,Sem Vítimas,Amanhecer,Crescente,Céu Claro,Dupla,Reta,Não,1,0,0,0,0,1,0,1,"-8,254856","-35,033034",SPRF-PE,DEL01-PE,UOP01-DEL01-PE
387955,2021-10-06,quarta-feira,17:30:00,PE,424,0,ARCOVERDE,Acessar a via sem observar a presença dos outros veículos,Colisão transversal,Sem Vítimas,Anoitecer,Decrescente,Céu Claro,Simples,Interseção de Vias,Sim,4,0,0,0,4,0,0,2,"-8,43102668","-37,0640409",SPRF-PE,DEL03-PE,UOP02-DEL03-PE
387967,2021-10-06,quarta-feira,18:50:00,PE,101,"62,4",RECIFE,Condutor deixou de manter distância do veículo da frente,Colisão traseira,Com Vítimas Feridas,Plena Noite,Decrescente,Céu Claro,Múltipla,Reta,Sim,3,0,1,0,2,0,1,3,"-7,99905898","-34,93899295",SPRF-PE,DEL01-PE,UOP02-DEL01-PE
388027,2021-10-07,quinta-feira,07:40:00,PE,101,"55,5",PAULISTA,Demais falhas mecânicas ou elétricas,Colisão com objeto,Com Vítimas Feridas,Pleno dia,Decrescente,Céu Claro,Dupla,Reta;Declive                  ,Sim,1,0,1,0,0,0,1,1,"-7,94806621","-34,9062148",SPRF-PE,DEL01-PE,UOP02-DEL01-PE
388037,2021-10-07,quinta-feira,08:00:00,PE,101,"75,7",RECIFE,Pedestre andava na pista,Atropelamento de Pedestre,Com Vítimas Feridas,Pleno dia,Crescente,Céu Claro,Dupla,Reta,Sim,2,0,0,1,0,1,1,2,"-8,117677","-34,943685",SPRF-PE,DEL01-PE,UOP01-DEL01-PE
388047,2021-10-07,quinta-feira,07:25:00,PE,101,100,CABO DE SANTO AGOSTINHO,Reação tardia ou ineficiente do condutor,Atropelamento de Pedestre,Com Vítimas Feridas,Pleno dia,Crescente,Sol,Dupla,Reta,Sim,2,0,2,0,0,0,2,2,"-8,26699309","-35,05234386",SPRF-PE,DEL01-PE,UOP01-DEL01-PE
388146,2021-10-07,quinta-feira,17:48:00,PE,101,70,RECIFE,Área urbana sem a presença de local apropriado para a travessia de pedestres,Atropelamento de Pedestre,Sem Vítimas,Anoitecer,Crescente,Céu Claro,Dupla,Reta,Sim,3,0,0,0,1,2,0,2,"-8,06776119","-34,94265074",SPRF-PE,DEL01-PE,UOP01-DEL01-PE
388193,2021-10-07,quinta-feira,21:30:00,PE,232,"123,9",CARUARU,Ausência de reação do condutor,Saída de leito carroçável,Com Vítimas Feridas,Plena Noite,Crescente,Céu Claro,Dupla,Reta,Não,1,0,0,1,0,0,1,1,"-8,30417276","-35,92823905",SPRF-PE,DEL02-PE,UOP03-DEL02-PE
388201,2021-10-08,sexta-feira,00:30:00,PE,316,61,TRINDADE,Ingestão de álcool pelo condutor,Colisão lateral mesmo sentido,Com Vítimas Feridas,Plena Noite,Crescente,Céu Claro,Simples,Reta,Sim,2,0,1,0,1,0,1,2,"-7,77549362","-40,25174282",SPRF-PE,DEL05-PE,UOP02-DEL05-PE
388214,2021-10-08,sexta-feira,04:00:00,PE,101,73,RECIFE,Demais falhas mecânicas ou elétricas,Saída de leito carroçável,Com Vítimas Feridas,Amanhecer,Decrescente,Céu Claro,Dupla,Curva,Sim,2,0,1,0,1,0,1,1,"-8,02478597","-34,94276635",SPRF-PE,DEL01-PE,UOP01-DEL01-PE
388275,2021-10-08,sexta-feira,10:12:00,PE,232,408,SERRA TALHADA,Área urbana sem a presença de local apropriado para a travessia de pedestres,Atropelamento de Pedestre,Com Vítimas Feridas,Pleno dia,Crescente,Céu Claro,Simples,Reta,Sim,2,0,2,0,0,0,2,2,"-7,981944","-38,289467",SPRF-PE,DEL04-PE,UOP01-DEL04-PE
388286,2021-10-08,sexta-feira,12:35:00,PE,408,74,PAUDALHO,Entrada inopinada do pedestre,Atropelamento de Pedestre,Com Vítimas Feridas,Pleno dia,Decrescente,Céu Claro,Dupla,Reta,Sim,2,0,0,1,1,0,1,2,"-7,89701706","-35,17300548",SPRF-PE,DEL01-PE,UOP01-DEL01-PE
388351,2021-10-08,sexta-feira,15:40:00,PE,232,"87,6",GRAVATA,Demais falhas na via,Queda de ocupante de veículo,Com Vítimas Feridas,Pleno dia,Decrescente,Céu Claro,Simples,Reta,Não,1,0,0,1,0,0,1,1,"-8,21379064","-35,62898606",SPRF-PE,DEL02-PE,UOP02-DEL02PE
388358,2021-10-08,sexta-feira,16:20:00,PE,232,"25,5",MORENO,Condutor deixou de manter distância do veículo da frente,Colisão traseira,Sem Vítimas,Pleno dia,Crescente,Céu Claro,Dupla,Curva,Não,2,0,0,0,2,0,0,2,"-8,11191765","-35,10836516",SPRF-PE,DEL01-PE,UOP01-DEL01-PE
388365,2021-10-08,sexta-feira,16:45:00,PE,101,69,RECIFE,Transitar na contramão,Colisão traseira,Com Vítimas Feridas,Pleno dia,Crescente,Céu Claro,Dupla,Reta,Sim,5,0,1,1,3,0,2,3,"-8,06449854","-34,94394779",SPRF-PE,DEL01-PE,UOP01-DEL01-PE
388383,2021-10-08,sexta-feira,17:30:00,PE,101,"64,2",RECIFE,Ausência de reação do condutor,Colisão lateral mesmo sentido,Sem Vítimas,Plena Noite,Decrescente,Céu Claro,Dupla,Reta,Sim,3,0,0,0,0,3,0,3,"-8,017847","-34,941525",SPRF-PE,DEL01-PE,UOP01-DEL01-PE
388433,2021-10-08,sexta-feira,23:35:00,PE,232,"79,3",GRAVATA,Reação tardia ou ineficiente do condutor,Saída de leito carroçável,Com Vítimas Feridas,Plena Noite,Crescente,Céu Claro,Dupla,Reta,Sim,1,0,1,0,0,0,1,1,"-8,19460572","-35,56074803",SPRF-PE,DEL02-PE,UOP02-DEL02PE
388514,2021-08-08,domingo,13:35:00,PE,424,64,CAPOEIRAS,Velocidade Incompatível,Saída de leito carroçável,Com Vítimas Feridas,Pleno dia,Crescente,Céu Claro,Simples,Declive,Não,1,0,0,1,0,0,1,1,"-8,753403","-36,667581",SPRF-PE,DEL03-PE,UOP01-DEL03-PE
388528,2021-10-09,sábado,09:10:00,PE,232,154,SAO CAITANO,Demais falhas mecânicas ou elétricas,Queda de ocupante de veículo,Com Vítimas Feridas,Pleno dia,Crescente,Céu Claro,Simples,Declive,Não,2,0,2,0,0,0,2,1,"-8,32819273","-36,19911602",SPRF-PE,DEL02-PE,UOP03-DEL02-PE