id,data_inversa,dia_semana,horario,uf,br,km,municipio,causa_acidente,tipo_acidente,classificacao_acidente,fase_dia,sentido_via,condicao_metereologica,tipo_pista,tracado_via,uso_solo,pessoas,mortos,feridos_leves,feridos_graves,ilesos,ignorados,feridos,veiculos,latitude,longitude,regional,delegacia,uop
401378,2021-12-12,domingo,17:00:00,PE,232,446,SAO JOSE DO BELMONTE,Ingestão de álcool pelo condutor,Queda de ocupante de veículo,Com Vítimas Fatais,Anoitecer,Decrescente,Céu Claro,Simples,Reta,Não,1,1,0,0,0,0,0,1,"-8,00458006","-38,60988404",SPRF-PE,DEL04-PE,UOP01-DEL04-PE
401421,2021-12-13,segunda-feira,05:50:00,PE,101,"68,1",RECIFE,Reação tardia ou ineficiente do condutor,Queda de ocupante de veículo,Com Vítimas Feridas,Pleno dia,Decrescente,Chuva,Simples,Aclive,Sim,1,0,1,0,0,0,1,1,"-8,05074296","-34,94580619",SPRF-PE,DEL01-PE,UOP01-DEL01-PE
401579,2021-12-13,segunda-feira,17:10:00,PE,232,145,SAO CAITANO,Pedestre andava na pista,Atropelamento de Pedestre,Com Vítimas Feridas,Pleno dia,Decrescente,Nublado,Dupla,Reta,Sim,2,0,1,0,1,0,1,2,"-8,32868","-36,120811",SPRF-PE,DEL02-PE,UOP03-DEL02-PE
401628,2021-12-14,terça-feira,06:45:00,PE,428,186,PETROLINA,Mal súbito do condutor,Queda de ocupante de veículo,Com Vítimas Feridas,Pleno dia,Decrescente,Céu Claro,Simples,Reta,Sim,1,0,1,0,0,0,1,1,"-9,34807826","-40,47441248",SPRF-PE,DEL06-PE,UOP01-DEL06-PE
401684,2021-12-14,terça-feira,12:50:00,PE,407,"126,7",PETROLINA,Reação tardia ou ineficiente do condutor,Colisão traseira,Sem Vítimas,Pleno dia,Crescente,Céu Claro,Simples,Reta,Sim,2,0,0,0,2,0,0,2,"-9,3905314","-40,52164435",SPRF-PE,DEL06-PE,UOP01-DEL06-PE
401706,2021-12-14,terça-feira,15:10:00,PE,101,83,JABOATAO DOS GUARARAPES,Velocidade Incompatível,Colisão lateral mesmo sentido,Com Vítimas Feridas,Pleno dia,Crescente,Céu Claro,Dupla,Reta,Sim,6,0,2,0,2,2,2,3,"-8,175172","-34,942642",SPRF-PE,DEL01-PE,UOP01-DEL01-PE
401728,2021-12-14,terça-feira,17:15:00,PE,101,97,CABO DE SANTO AGOSTINHO,Condutor deixou de manter distância do veículo da frente,Colisão traseira,Com Vítimas Feridas,Pleno dia,Crescente,Nublado,Dupla,Reta,Sim,3,0,1,1,1,0,2,2,"-8,25331064","-35,0296397",SPRF-PE,DEL01-PE,UOP01-DEL01-PE
401754,2021-12-14,terça-feira,18:40:00,PE,232,29,MORENO,Animais na Pista,Atropelamento de Animal,Com Vítimas Feridas,Plena Noite,Crescente,Céu Claro,Dupla,Reta,Não,1,0,1,0,0,0,1,1,"-8,111269","-35,143135",SPRF-PE,DEL01-PE,UOP01-DEL01-PE
401836,2021-12-15,quarta-feira,07:30:00,PE,428,"184,2",PETROLINA,Acesso irregular,Colisão transversal,Com Vítimas Feridas,Pleno dia,Crescente,Céu Claro,Simples,Reta,Sim,2,0,1,0,1,0,1,2,"-9,344897","-40,472838",SPRF-PE,DEL06-PE,UOP01-DEL06-PE
401872,2021-12-15,quarta-feira,10:10:00,PE,428,189,PETROLINA,Reação tardia ou ineficiente do condutor,Colisão transversal,Com Vítimas Feridas,Pleno dia,Crescente,Céu Claro,Múltipla,Reta,Sim,4,0,1,0,1,2,1,4,"-9,37197508","-40,48679585",SPRF-PE,DEL06-PE,UOP01-DEL06-PE
401897,2021-12-15,quarta-feira,15:30:00,PE,232,508,SALGUEIRO,Acessar a via sem observar a presença dos outros veículos,Colisão lateral mesmo sentido,Com Vítimas Feridas,Pleno dia,Crescente,Céu Claro,Simples,Reta,Sim,3,0,1,0,2,0,1,2,"-8,06223271","-39,12095006",SPRF-PE,DEL05-PE,UOP01-DEL05-PE
401900,2021-12-15,quarta-feira,16:05:00,PE,101,"23,4",GOIANA,Mal súbito do condutor,Saída de leito carroçável,Com Vítimas Feridas,Pleno dia,Decrescente,Céu Claro,Dupla,Aclive,Não,1,0,1,0,0,0,1,1,"-7,68357776","-34,92410458",SPRF-PE,DEL01-PE,UOP02-DEL01-PE
401958,2021-12-15,quarta-feira,21:10:00,PE,408,"64,2",CARPINA,Manobra de mudança de faixa,Colisão traseira,Com Vítimas Feridas,Plena Noite,Crescente,Céu Claro,Dupla,Reta,Sim,9,0,0,2,7,0,2,3,"-7,846511","-35,24029",SPRF-PE,DEL01-PE,UOP01-DEL01-PE
401968,2021-12-15,quarta-feira,21:30:00,PE,116,"35,8",SALGUEIRO,Falta de elemento de contenção que evite a saída do leito carroçável,Saída de leito carroçável,Com Vítimas Feridas,Plena Noite,Decrescente,Céu Claro,Simples,Ponte,Não,4,0,4,0,0,0,4,1,"-8,144699","-39,111214",SPRF-PE,DEL05-PE,UOP01-DEL05-PE
402006,2021-12-16,quinta-feira,05:50:00,PE,101,"114,5",ESCADA,Velocidade Incompatível,Saída de leito carroçável,Sem Vítimas,Pleno dia,Crescente,Nublado,Dupla,Curva,Não,1,0,0,0,0,1,0,1,"-8,33585626","-35,1333699",SPRF-PE,DEL01-PE,UOP01-DEL01-PE
402031,2021-12-16,quinta-feira,07:30:00,PE,101,69,RECIFE,Velocidade Incompatível,Colisão traseira,Com Vítimas Feridas,Pleno dia,Decrescente,Céu Claro,Dupla,Reta,Sim,3,0,2,0,1,0,2,2,"-8,05951606","-34,94581024",SPRF-PE,DEL01-PE,UOP01-DEL01-PE
402049,2021-12-16,quinta-feira,10:05:00,PE,101,"74,1",RECIFE,Pista Escorregadia,Tombamento,Com Vítimas Feridas,Pleno dia,Decrescente,Nublado,Dupla,Curva,Não,2,0,2,0,0,0,2,1,"-8,10146485","-34,94901577",SPRF-PE,DEL01-PE,UOP01-DEL01-PE
402089,2021-12-16,quinta-feira,15:00:00,PE,101,93,CABO DE SANTO AGOSTINHO,Transitar na contramão,Colisão transversal,Sem Vítimas,Pleno dia,Decrescente,Nublado,Dupla,Reta,Não,2,0,0,0,1,1,0,2,"-8,245761","-34,994853",SPRF-PE,DEL01-PE,UOP01-DEL01-PE
402117,2021-12-16,quinta-feira,17:50:00,PE,232,"223,8",PESQUEIRA,Ingestão de álcool pelo condutor,Saída de leito carroçável,Com Vítimas Fatais,Plena Noite,Crescente,Céu Claro,Simples,Reta,Sim,1,1,0,0,0,0,0,1,"-8,38424613","-36,73921795",SPRF-PE,DEL03-PE,UOP02-DEL03-PE
402140,2021-12-16,quinta-feira,20:15:00,PE,428,"182,3",PETROLINA,Animais na Pista,Atropelamento de Animal,Com Vítimas Feridas,Plena Noite,Decrescente,Céu Claro,Simples,Reta,Não,1,0,1,0,0,0,1,1,"-9,31614989","-40,45800722",SPRF-PE,DEL06-PE,UOP01-DEL06-PE
402143,2021-12-16,quinta-feira,17:00:00,PE,232,"77,6",GRAVATA,Ausência de sinalização,Colisão traseira,Com Vítimas Feridas,Pleno dia,Crescente,Céu Claro,Simples,Aclive;Reta                   ,Não,3,0,1,0,2,0,1,3,"-8,19343863","-35,54300692",SPRF-PE,DEL02-PE,UOP02-DEL02PE
402231,2021-12-17,sexta-feira,09:00:00,PE,407,"128,5",PETROLINA,Ausência de reação do condutor,Colisão traseira,Com Vítimas Feridas,Pleno dia,Crescente,Céu Claro,Dupla,Curva,Sim,2,0,1,0,1,0,1,2,"-9,39387565","-40,51133888",SPRF-PE,DEL06-PE,UOP01-DEL06-PE
402262,2021-12-17,sexta-feira,12:00:00,PE,232,"5,6",RECIFE,Condutor deixou de manter distância do veículo da frente,Colisão traseira,Com Vítimas Feridas,Pleno dia,Decrescente,Céu Claro,Dupla,Reta,Sim,2,0,1,0,1,0,1,2,"-8,06795766","-34,94535414",SPRF-PE,DEL01-PE,UOP01-DEL01-PE
402340,2021-12-17,sexta-feira,11:40:00,PE,232,71,GRAVATA,Transitar no acostamento,Saída de leito carroçável,Com Vítimas Feridas,Pleno dia,Crescente,Sol,Dupla,Reta,Não,2,0,0,1,1,0,1,2,"-8,18434764","-35,49476624",SPRF-PE,DEL02-PE,UOP02-DEL02PE
402342,2021-12-17,sexta-feira,17:50:00,PE,424,"87,1",GARANHUNS,Acessar a via sem observar a presença dos outros veículos,Colisão transversal,Com Vítimas Feridas,Plena Noite,Decrescente,Céu Claro,Simples,Curva,Sim,3,0,2,0,0,1,2,2,"-8,874289","-36,507607",SPRF-PE,DEL03-PE,UOP01-DEL03-PE
402367,2021-12-17,sexta-feira,19:40:00,PE,101,74,RECIFE,Entrada inopinada do pedestre,Atropelamento de Pedestre,Com Vítimas Feridas,Plena Noite,Crescente,Céu Claro,Dupla,Reta,Sim,2,0,0,1,0,1,1,2,"-8,10146485","-34,94901577",SPRF-PE,DEL01-PE,UOP01-DEL01-PE
402379,2021-12-17,sexta-feira,20:55:00,PE,101,"159,9",AGUA PRETA,Reação tardia ou ineficiente do condutor,Saída de leito carroçável,Com Vítimas Feridas,Plena Noite,Crescente,Chuva,Dupla,Curva,Não,3,0,3,0,0,0,3,1,"-8,55252537","-35,41389482",SPRF-PE,DEL01-PE,UOP01-DEL01-PE
402417,2021-12-17,sexta-feira,18:30:00,PE,232,"30,8",MORENO,Entrada inopinada do pedestre,Atropelamento de Pedestre,Com Vítimas Feridas,Plena Noite,Decrescente,Nublado,Dupla,Curva;Declive                 ,Não,2,0,0,1,1,0,1,2,"-8,106288","-35,158959",SPRF-PE,DEL01-PE,UOP01-DEL01-PE
402421,2021-12-17,sexta-feira,19:20:00,PE,101,73,RECIFE,Transitar na contramão,Colisão frontal,Com Vítimas Feridas,Plena Noite,Crescente,Céu Claro,Dupla,Reta,Sim,2,0,0,1,1,0,1,2,"-8,093369","-34,947464",SPRF-PE,DEL01-PE,UOP01-DEL01-PE
402437,2021-12-18,sábado,02:40:00,PE,104,"59,7",CARUARU,Acessar a via sem observar a presença dos outros veículos,Colisão transversal,Sem Vítimas,Plena Noite,Decrescente,Céu Claro,Dupla,Reta,Sim,2,0,0,0,2,0,0,2,"-8,2349","-35,9764",SPRF-PE,DEL02-PE,UOP01-DEL02-PE
402485,2021-12-18,sábado,08:20:00,PE,232,"133,8",CARUARU,Reação tardia ou ineficiente do condutor,Saída de leito carroçável,Com Vítimas Feridas,Pleno dia,Crescente,Céu Claro,Dupla,Reta,Sim,1,0,1,0,0,0,1,1,"-8,30607988","-36,01576003",SPRF-PE,DEL02-PE,UOP03-DEL02-PE
402540,2021-12-18,sábado,12:30:00,PE,232,"427,9",SERRA TALHADA,Ultrapassagem Indevida,Saída de leito carroçável,Com Vítimas Feridas,Pleno dia,Decrescente,Céu Claro,Simples,Declive,Não,1,0,1,0,0,0,1,1,"-8,00237807","-38,447033",SPRF-PE,DEL04-PE,UOP01-DEL04-PE
402546,2021-12-18,sábado,14:00:00,PE,104,"20,6",TAQUARITINGA DO NORTE,Ausência de reação do condutor,Saída de leito carroçável,Com Vítimas Feridas,Pleno dia,Crescente,Céu Claro,Simples,Curva,Não,5,0,2,0,3,0,2,1,"-7,962674","-36,124897",SPRF-PE,DEL02-PE,UOP01-DEL02-PE
402584,2021-12-18,sábado,16:30:00,PE,104,66,CARUARU,Condutor deixou de manter distância do veículo da frente,Colisão traseira,Com Vítimas Feridas,Pleno dia,Crescente,Céu Claro,Dupla,Reta,Sim,2,0,1,0,1,0,1,2,"-8,29410689","-35,98674774",SPRF-PE,DEL02-PE,UOP01-DEL02-PE
402619,2021-12-18,sábado,19:00:00,PE,101,"76,1",RECIFE,Animais na Pista,Atropelamento de Animal,Com Vítimas Feridas,Plena Noite,Decrescente,Nublado,Dupla,Reta,Sim,1,0,1,0,0,0,1,1,"-8,11813811","-34,94329214",SPRF-PE,DEL01-PE,UOP01-DEL01-PE
402639,2021-12-18,sábado,19:30:00,PE,101,46,IGARASSU,Manobra de mudança de faixa,Colisão lateral mesmo sentido,Sem Vítimas,Plena Noite,Crescente,Céu Claro,Dupla,Reta,Sim,2,0,0,0,2,0,0,2,"-7,87406004","-34,90588126",SPRF-PE,DEL01-PE,UOP02-DEL01-PE
402681,2021-12-18,sábado,23:00:00,PE,232,181,BELO JARDIM,Reação tardia ou ineficiente do condutor,Saída de leito carroçável,Com Vítimas Feridas,Plena Noite,Crescente,Céu Claro,Simples,Reta,Sim,2,0,2,0,0,0,2,1,"-8,34627974","-36,43776285",SPRF-PE,DEL02-PE,UOP03-DEL02-PE
402682,2021-12-19,domingo,00:01:00,PE,428,"183,8",PETROLINA,Condutor deixou de manter distância do veículo da frente,Colisão traseira,Com Vítimas Feridas,Plena Noite,Crescente,Céu Claro,Simples,Em Obras;Reta                 ,Sim,2,0,1,0,0,1,1,2,"-9,30816981","-40,45390137",SPRF-PE,DEL06-PE,UOP01-DEL06-PE
402690,2021-12-19,domingo,00:15:00,PE,101,"154,9",RIBEIRAO,Demais falhas mecânicas ou elétricas,Saída de leito carroçável,Sem Vítimas,Plena Noite,Crescente,Céu Claro,Dupla,Curva,Não,1,0,0,0,1,0,0,1,"-8,52860711","-35,38883966",SPRF-PE,DEL01-PE,UOP01-DEL01-PE
402737,2021-12-19,domingo,05:00:00,PE,316,109,BODOCO,Condutor Dormindo,Saída de leito carroçável,Com Vítimas Feridas,Amanhecer,Crescente,Nublado,Simples,Reta,Não,1,0,1,0,0,0,1,1,"-7,96936046","-39,87239278",SPRF-PE,DEL05-PE,UOP02-DEL05-PE
402739,2021-12-19,domingo,06:25:00,PE,232,"40,2",VITORIA DE SANTO ANTAO,Acessar a via sem observar a presença dos outros veículos,Colisão lateral mesmo sentido,Com Vítimas Fatais,Pleno dia,Crescente,Céu Claro,Dupla,Reta,Não,4,1,1,1,0,1,2,3,"-8,114071","-35,241085",SPRF-PE,DEL01-PE,UOP01-DEL01-PE
402858,2021-12-19,domingo,19:00:00,PE,232,254,ARCOVERDE,Ingestão de álcool pelo condutor,Colisão transversal,Sem Vítimas,Plena Noite,Crescente,Céu Claro,Simples,Reta;Em Obras                 ,Não,2,0,0,0,2,0,0,2,"-8,41013994","-37,09276199",SPRF-PE,DEL03-PE,UOP02-DEL03-PE
402894,2021-12-19,domingo,19:30:00,PE,232,"47,2",VITORIA DE SANTO ANTAO,Velocidade Incompatível,Capotamento,Sem Vítimas,Plena Noite,Crescente,Chuva,Dupla,Reta,Não,1,0,0,0,0,1,0,1,"-8,13769724","-35,29733789",SPRF-PE,DEL01-PE,UOP01-DEL01-PE
402939,2021-12-20,segunda-feira,00:50:00,PE,232,"262,1",ARCOVERDE,Ausência de reação do condutor,Saída de leito carroçável,Com Vítimas Feridas,Plena Noite,Decrescente,Céu Claro,Simples,Reta,Não,5,0,0,5,0,0,5,1,"-8,40982756","-37,146866",SPRF-PE,DEL03-PE,UOP02-DEL03-PE
402941,2021-12-19,domingo,23:30:00,PE,423,94,GARANHUNS,Ingestão de álcool pelo condutor,Saída de leito carroçável,Com Vítimas Feridas,Plena Noite,Crescente,Céu Claro,Simples,Reta,Sim,1,0,0,1,0,0,1,1,"-8,874732","-36,46946",SPRF-PE,DEL03-PE,UOP01-DEL03-PE
402943,2021-12-20,segunda-feira,02:00:00,PE,424,"1,5",ARCOVERDE,Ingestão de álcool pelo condutor,Saída de leito carroçável,Com Vítimas Fatais,Plena Noite,Crescente,Céu Claro,Simples,Reta,Não,1,1,0,0,0,0,0,1,"-8,43892793","-37,05827086",SPRF-PE,DEL03-PE,UOP02-DEL03-PE
402955,2021-12-20,segunda-feira,02:45:00,PE,101,"72,2",RECIFE,Reação tardia ou ineficiente do condutor,Colisão traseira,Com Vítimas Feridas,Plena Noite,Crescente,Nublado,Dupla,Curva;Aclive                  ,Sim,2,0,1,0,1,0,1,2,"-8,087695","-34,946767",SPRF-PE,DEL01-PE,UOP01-DEL01-PE
403011,2021-12-20,segunda-feira,09:35:00,PE,101,"13,8",GOIANA,Ausência de reação do condutor,Saída de leito carroçável,Com Vítimas Feridas,Pleno dia,Crescente,Céu Claro,Múltipla,Reta,Não,4,0,2,2,0,0,4,1,"-7,61043695","-34,97530291",SPRF-PE,DEL01-PE,UOP02-DEL01-PE
403013,2021-12-20,segunda-feira,10:00:00,PE,101,"49,4",ABREU E LIMA,Entrada inopinada do pedestre,Atropelamento de Pedestre,Sem Vítimas,Pleno dia,Decrescente,Céu Claro,Dupla,Reta,Sim,2,0,0,0,1,1,0,2,"-7,906968","-34,901365",SPRF-PE,DEL01-PE,UOP02-DEL01-PE
403095,2021-12-20,segunda-feira,15:00:00,PE,423,"95,5",GARANHUNS,Condutor deixou de manter distância do veículo da frente,Queda de ocupante de veículo,Sem Vítimas,Pleno dia,Crescente,Céu Claro,Simples,Curva,Sim,1,0,0,0,0,1,0,1,"-8,87891989","-36,47796305",SPRF-PE,DEL03-PE,UOP01-DEL03-PE
403165,2021-12-21,terça-feira,08:10:00,PE,232,11,JABOATAO DOS GUARARAPES,Condutor deixou de manter distância do veículo da frente,Colisão traseira,Com Vítimas Feridas,Pleno dia,Crescente,Nublado,Dupla,Aclive,Sim,2,0,1,0,1,0,1,2,"-8,082506","-34,996259",SPRF-PE,DEL01-PE,UOP01-DEL01-PE
403270,2021-12-22,quarta-feira,01:00:00,PE,232,82,GRAVATA,Animais na Pista,Atropelamento de Animal,Com Vítimas Feridas,Plena Noite,Decrescente,Nublado,Dupla,Reta,Sim,3,0,2,0,1,0,2,1,"-8,199764","-35,588437",SPRF-PE,DEL02-PE,UOP02-DEL02PE
403323,2021-12-22,quarta-feira,10:05:00,PE,232,"208,5",PESQUEIRA,Acessar a via sem observar a presença dos outros veículos,Colisão lateral sentido oposto,Sem Vítimas,Pleno dia,Crescente,Céu Claro,Simples,Reta,Sim,2,0,0,0,2,0,0,2,"-8,36794109","-36,67972403",SPRF-PE,DEL03-PE,UOP02-DEL03-PE
403348,2021-12-22,quarta-feira,13:15:00,PE,232,6,RECIFE,Reação tardia ou ineficiente do condutor,Colisão traseira,Com Vítimas Feridas,Pleno dia,Decrescente,Céu Claro,Dupla,Reta,Sim,3,0,1,0,2,0,1,3,"-8,07079525","-34,9535389",SPRF-PE,DEL01-PE,UOP01-DEL01-PE
403354,2021-12-22,quarta-feira,12:45:00,PE,101,"20,4",GOIANA,Mal súbito do condutor,Capotamento,Com Vítimas Feridas,Pleno dia,Crescente,Sol,Dupla,Reta,Não,1,0,1,0,0,0,1,1,"-7,66042701","-34,93780401",SPRF-PE,DEL01-PE,UOP02-DEL01-PE
403365,2021-12-22,quarta-feira,15:05:00,PE,428,139,LAGOA GRANDE,Reação tardia ou ineficiente do condutor,Colisão frontal,Sem Vítimas,Pleno dia,Decrescente,Nublado,Simples,Reta,Sim,2,0,0,0,1,1,0,2,"-8,98787563","-40,26256422",SPRF-PE,DEL06-PE,UOP03-DEL06-PE
403381,2021-12-22,quarta-feira,16:25:00,PE,104,65,CARUARU,Manobra de mudança de faixa,Colisão transversal,Com Vítimas Feridas,Pleno dia,Decrescente,Sol,Múltipla,Interseção de Vias,Sim,2,0,0,1,0,1,1,2,"-8,279535","-35,981266",SPRF-PE,DEL02-PE,UOP01-DEL02-PE
403424,2021-12-22,quarta-feira,18:00:00,PE,232,"21,2",MORENO,Acesso irregular,Colisão transversal,Com Vítimas Feridas,Plena Noite,Crescente,Céu Claro,Dupla,Curva;Retorno Regulamentado   ,Não,2,0,1,0,1,0,1,2,"-8,096383","-35,081184",SPRF-PE,DEL01-PE,UOP01-DEL01-PE
403446,2021-12-22,quarta-feira,21:00:00,PE,101,70,RECIFE,Condutor Dormindo,Saída de leito carroçável,Com Vítimas Feridas,Plena Noite,Decrescente,Céu Claro,Dupla,Reta,Sim,1,0,0,1,0,0,1,1,"-8,07478122","-34,93648052",SPRF-PE,DEL01-PE,UOP01-DEL01-PE
403541,2021-12-23,quinta-feira,09:30:00,PE,232,"184,8",BELO JARDIM,Velocidade Incompatível,Saída de leito carroçável,Com Vítimas Feridas,Pleno dia,Decrescente,Sol,Simples,Reta,Não,1,0,1,0,0,0,1,1,"-8,35118645","-36,46450196",SPRF-PE,DEL02-PE,UOP03-DEL02-PE
403570,2021-12-23,quinta-feira,11:00:00,PE,104,63,CARUARU,Ausência de reação do condutor,Capotamento,Com Vítimas Feridas,Pleno dia,Crescente,Sol,Dupla,Reta,Sim,1,0,0,1,0,0,1,1,"-8,2698","-35,9803",SPRF-PE,DEL02-PE,UOP01-DEL02-PE
403663,2021-12-23,quinta-feira,20:00:00,PE,104,53,CARUARU,Reação tardia ou ineficiente do condutor,Colisão traseira,Sem Vítimas,Plena Noite,Crescente,Céu Claro,Dupla,Reta,Não,2,0,0,0,1,1,0,2,"-8,1837","-35,967",SPRF-PE,DEL02-PE,UOP01-DEL02-PE
403705,2021-12-24,sexta-feira,01:20:00,PE,232,354,FLORES,Animais na Pista,Atropelamento de Animal,Com Vítimas Feridas,Plena Noite,Crescente,Céu Claro,Simples,Reta,Não,3,0,3,0,0,0,3,1,"-8,05787609","-37,82299502",SPRF-PE,DEL03-PE,UOP02-DEL03-PE
403815,2021-12-24,sexta-feira,15:00:00,PE,101,"11,3",GOIANA,Condutor usando celular,Colisão com objeto,Com Vítimas Feridas,Plena Noite,Crescente,Céu Claro,Dupla,Reta,Não,1,0,0,1,0,0,1,1,"-7,59514001","-34,98460002",SPRF-PE,DEL01-PE,UOP02-DEL01-PE
403828,2021-12-24,sexta-feira,16:45:00,PE,101,"68,3",RECIFE,Condutor deixou de manter distância do veículo da frente,Colisão traseira,Com Vítimas Feridas,Pleno dia,Decrescente,Céu Claro,Dupla,Reta,Sim,5,0,2,0,3,0,2,2,"-8,053826","-34,946259",SPRF-PE,DEL01-PE,UOP01-DEL01-PE
403881,2021-12-24,sexta-feira,20:30:00,PE,232,"86,6",GRAVATA,Ausência de reação do condutor,Saída de leito carroçável,Com Vítimas Fatais,Plena Noite,Crescente,Céu Claro,Dupla,Curva,Não,2,1,0,1,0,0,1,1,"-8,21286855","-35,62011813",SPRF-PE,DEL02-PE,UOP02-DEL02PE
403894,2021-12-24,sexta-feira,22:20:00,PE,232,5,RECIFE,Acessar a via sem observar a presença dos outros veículos,Atropelamento de Pedestre,Com Vítimas Feridas,Plena Noite,Crescente,Nublado,Dupla,Reta,Sim,2,0,1,1,0,0,2,2,"-8,070996","-34,95416",SPRF-PE,DEL01-PE,UOP01-DEL01-PE
403895,2021-12-24,sexta-feira,23:15:00,PE,232,"6,1",RECIFE,Condutor deixou de manter distância do veículo da frente,Colisão traseira,Com Vítimas Feridas,Plena Noite,Decrescente,Céu Claro,Dupla,Reta,Não,2,0,1,0,1,0,1,2,"-8,07114","-34,954225",SPRF-PE,DEL01-PE,UOP01-DEL01-PE
403953,2021-12-25,sábado,07:50:00,PE,101,48,ABREU E LIMA,Ingestão de álcool pelo condutor,Colisão traseira,Com Vítimas Feridas,Pleno dia,Crescente,Céu Claro,Múltipla,Reta,Sim,2,0,1,0,1,0,1,2,"-7,89174705","-34,9033493",SPRF-PE,DEL01-PE,UOP02-DEL01-PE
403995,2021-12-25,sábado,15:10:00,PE,428,"121,3",LAGOA GRANDE,Chuva,Colisão com objeto,Com Vítimas Feridas,Pleno dia,Crescente,Chuva,Simples,Reta,Não,1,0,1,0,0,0,1,1,"-8,93005884","-40,11502506",SPRF-PE,DEL06-PE,UOP03-DEL06-PE
404044,2021-12-25,sábado,21:00:00,PE,101,"57,5",PAULISTA,Animais na Pista,Atropelamento de Animal,Com Vítimas Feridas,Plena Noite,Decrescente,Chuva,Dupla,Aclive;Reta                   ,Sim,2,0,0,2,0,0,2,1,"-7,974036","-34,921813",SPRF-PE,DEL01-PE,UOP02-DEL01-PE
404118,2021-12-26,domingo,12:50:00,PE,232,"51,5",VITORIA DE SANTO ANTAO,Acumulo de água sobre o pavimento,Colisão traseira,Com Vítimas Feridas,Pleno dia,Decrescente,Chuva,Dupla,Reta,Não,2,0,0,1,1,0,1,2,"-8,13823439","-35,33196918",SPRF-PE,DEL01-PE,UOP01-DEL01-PE
404146,2021-12-26,domingo,15:05:00,PE,232,"260,5",ARCOVERDE,Ausência de reação do condutor,Saída de leito carroçável,Com Vítimas Feridas,Pleno dia,Decrescente,Nublado,Simples,Reta,Não,2,0,0,2,0,0,2,1,"-8,40717481","-37,12911505",SPRF-PE,DEL03-PE,UOP02-DEL03-PE
404151,2021-12-26,domingo,15:00:00,PE,101,130,ESCADA,Acessar a via sem observar a presença dos outros veículos,Atropelamento de Pedestre,Com Vítimas Feridas,Pleno dia,Decrescente,Chuva,Dupla,Reta,Sim,2,0,0,1,1,0,1,2,"-8,392345","-35,257055",SPRF-PE,DEL01-PE,UOP01-DEL01-PE
404219,2021-12-26,domingo,19:30:00,PE,424,"31,8",VENTUROSA,Ingestão de álcool pelo condutor,Colisão frontal,Com Vítimas Feridas,Plena Noite,Decrescente,Garoa/Chuvisco,Simples,Curva,Não,3,0,1,0,1,1,1,2,"-8,58584693","-36,86803193",SPRF-PE,DEL03-PE,UOP02-DEL03-PE
404241,2021-12-26,domingo,20:45:00,PE,232,147,SAO CAITANO,Acessar a via sem observar a presença dos outros veículos,Atropelamento de Pedestre,Com Vítimas Fatais,Plena Noite,Decrescente,Nublado,Dupla,Declive,Sim,3,1,0,0,0,2,0,3,"-8,3332181","-36,140645",SPRF-PE,DEL02-PE,UOP03-DEL02-PE
404276,2021-12-27,segunda-feira,04:10:00,PE,232,"218,8",PESQUEIRA,Ausência de reação do condutor,Saída de leito carroçável,Com Vítimas Feridas,Amanhecer,Decrescente,Nublado,Simples,Reta,Não,2,0,0,2,0,0,2,1,"-8,39474985","-36,76491205",SPRF-PE,DEL03-PE,UOP02-DEL03-PE
404353,2021-12-27,segunda-feira,10:02:00,PE,408,74,PAUDALHO,Ultrapassagem Indevida,Colisão frontal,Com Vítimas Feridas,Pleno dia,Crescente,Nublado,Múltipla,Aclive,Sim,3,0,3,0,0,0,3,2,"-7,89701706","-35,17300548",SPRF-PE,DEL01-PE,UOP01-DEL01-PE
404391,2021-12-27,segunda-feira,18:48:00,PE,101,144,RIBEIRAO,Mal súbito do condutor,Colisão traseira,Com Vítimas Feridas,Plena Noite,Decrescente,Céu Claro,Dupla,Reta,Não,3,0,0,1,1,1,1,3,"-8,45351687","-35,35716511",SPRF-PE,DEL01-PE,UOP01-DEL01-PE
404393,2021-12-27,segunda-feira,16:00:00,PE,232,"291,6",SERTANIA,Chuva,Saída de leito carroçável,Com Vítimas Feridas,Pleno dia,Decrescente,Chuva,Simples,Curva,Não,2,0,2,0,0,0,2,1,"-8,29907379","-37,3757158",SPRF-PE,DEL03-PE,UOP02-DEL03-PE
404427,2021-12-27,segunda-feira,21:50:00,PE,423,77,JUCATI,Transitar na contramão,Colisão frontal,Com Vítimas Feridas,Plena Noite,Decrescente,Céu Claro,Simples,Reta,Não,2,0,0,1,1,0,1,2,"-8,740482","-36,43069893",SPRF-PE,DEL03-PE,UOP01-DEL03-PE
404453,2021-12-28,terça-feira,07:00:00,PE,232,"9,3",JABOATAO DOS GUARARAPES,Condutor deixou de manter distância do veículo da frente,Colisão traseira,Com Vítimas Feridas,Pleno dia,Crescente,Céu Claro,Dupla,Reta,Sim,2,0,1,0,1,0,1,2,"-8,078219","-34,981659",SPRF-PE,DEL01-PE,UOP01-DEL01-PE