id,data_inversa,dia_semana,horario,uf,br,km,municipio,causa_acidente,tipo_acidente,classificacao_acidente,fase_dia,sentido_via,condicao_metereologica,tipo_pista,tracado_via,uso_solo,pessoas,mortos,feridos_leves,feridos_graves,ilesos,ignorados,feridos,veiculos,latitude,longitude,regional,delegacia,uop
404461,2021-12-28,terça-feira,06:30:00,PE,424,"86,7",GARANHUNS,Ultrapassagem Indevida,Colisão lateral mesmo sentido,Com Vítimas Feridas,Pleno dia,Crescente,Céu Claro,Simples,Aclive;Reta                   ,Sim,4,0,1,1,2,0,2,2,"-8,86552886","-36,50934159",SPRF-PE,DEL03-PE,UOP01-DEL03-PE
404546,2021-12-28,terça-feira,18:40:00,PE,232,"5,4",RECIFE,Ingestão de álcool pelo condutor,Eventos atípicos,Com Vítimas Feridas,Plena Noite,Decrescente,Céu Claro,Dupla,Curva,Sim,1,0,1,0,0,0,1,1,"-8,06795766","-34,94535414",SPRF-PE,DEL01-PE,UOP01-DEL01-PE
404548,2021-12-28,terça-feira,19:10:00,PE,232,5,RECIFE,Pista esburacada,Queda de ocupante de veículo,Com Vítimas Feridas,Plena Noite,Decrescente,Céu Claro,Simples,Retorno Regulamentado,Sim,1,0,1,0,0,0,1,1,"-8,069156","-34,947557",SPRF-PE,DEL01-PE,UOP01-DEL01-PE
404603,2021-12-26,domingo,14:00:00,PE,101,74,RECIFE,Ingestão de substâncias psicoativas pelo condutor,Saída de leito carroçável,Com Vítimas Feridas,Pleno dia,Crescente,Garoa/Chuvisco,Dupla,Reta,Não,1,0,1,0,0,0,1,1,"-8,10146485","-34,94901577",SPRF-PE,DEL01-PE,UOP01-DEL01-PE
404609,2021-12-29,quarta-feira,07:15:00,PE,232,7,RECIFE,Manobra de mudança de faixa,Colisão lateral mesmo sentido,Com Vítimas Feridas,Pleno dia,Crescente,Sol,Dupla,Reta,Sim,2,0,1,0,1,0,1,2,"-8,075083","-34,967824",SPRF-PE,DEL01-PE,UOP01-DEL01-PE
404661,2021-12-29,quarta-feira,14:50:00,PE,423,"73,8",JUPI,Ingestão de álcool pelo condutor,Atropelamento de Pedestre,Com Vítimas Feridas,Pleno dia,Decrescente,Céu Claro,Simples,Declive,Sim,4,0,0,3,0,1,3,2,"-8,709851","-36,41926432",SPRF-PE,DEL03-PE,UOP01-DEL03-PE
404684,2021-12-29,quarta-feira,16:10:00,PE,232,"409,5",SERRA TALHADA,Retorno proibido,Colisão transversal,Com Vítimas Feridas,Pleno dia,Crescente,Céu Claro,Simples,Reta,Não,2,0,1,0,1,0,1,2,"-7,981944","-38,289467",SPRF-PE,DEL04-PE,UOP01-DEL04-PE
404687,2021-12-29,quarta-feira,17:30:00,PE,104,63,CARUARU,Manobra de mudança de faixa,Colisão traseira,Com Vítimas Feridas,Pleno dia,Decrescente,Céu Claro,Dupla,Interseção de Vias,Sim,2,0,1,0,1,0,1,2,"-8,264955","-35,977069",SPRF-PE,DEL02-PE,UOP01-DEL02-PE
404797,2021-12-30,quinta-feira,05:30:00,PE,101,"116,4",IPOJUCA,Acumulo de areia ou detritos sobre o pavimento,Colisão com objeto,Com Vítimas Feridas,Pleno dia,Crescente,Nublado,Dupla,Curva,Não,1,0,1,0,0,0,1,1,"-8,34532196","-35,14676704",SPRF-PE,DEL01-PE,UOP01-DEL01-PE
404801,2021-12-30,quinta-feira,10:20:00,PE,101,"46,1",IGARASSU,Desrespeitar a preferência no cruzamento,Colisão transversal,Com Vítimas Feridas,Pleno dia,Decrescente,Sol,Múltipla,Retorno Regulamentado,Sim,2,0,0,1,1,0,1,2,"-7,87406004","-34,90588126",SPRF-PE,DEL01-PE,UOP02-DEL01-PE
404846,2021-12-30,quinta-feira,15:30:00,PE,232,90,SAIRE,Reação tardia ou ineficiente do condutor,Colisão com objeto,Com Vítimas Feridas,Pleno dia,Crescente,Sol,Dupla,Curva,Não,3,0,3,0,0,0,3,1,"-8,2172915","-35,65572305",SPRF-PE,DEL02-PE,UOP02-DEL02PE
404879,2021-12-30,quinta-feira,17:00:00,PE,408,86,PAUDALHO,Manobra de mudança de faixa,Colisão lateral mesmo sentido,Com Vítimas Feridas,Anoitecer,Decrescente,Céu Claro,Dupla,Reta,Não,3,0,0,2,0,1,2,2,"-7,89701706","-35,17300548",SPRF-PE,DEL01-PE,UOP01-DEL01-PE
404890,2021-12-30,quinta-feira,18:40:00,PE,316,55,TRINDADE,Acessar a via sem observar a presença dos outros veículos,Colisão transversal,Com Vítimas Feridas,Plena Noite,Decrescente,Céu Claro,Simples,Reta,Não,2,0,1,0,1,0,1,2,"-7,76160912","-40,26138334",SPRF-PE,DEL05-PE,UOP02-DEL05-PE
404930,2021-12-30,quinta-feira,20:40:00,PE,101,84,JABOATAO DOS GUARARAPES,Reação tardia ou ineficiente do condutor,Colisão lateral mesmo sentido,Sem Vítimas,Plena Noite,Decrescente,Chuva,Dupla,Reta,Não,2,0,0,0,1,1,0,2,"-8,17778559","-34,95087297",SPRF-PE,DEL01-PE,UOP01-DEL01-PE
404958,2021-12-31,sexta-feira,00:20:00,PE,104,55,CARUARU,Pedestre andava na pista,Atropelamento de Pedestre,Com Vítimas Fatais,Plena Noite,Decrescente,Céu Claro,Dupla,Declive,Não,3,1,0,0,0,2,0,3,"-8,2018","-35,9671",SPRF-PE,DEL02-PE,UOP01-DEL02-PE
405017,2021-12-31,sexta-feira,11:40:00,PE,101,"68,8",RECIFE,Manobra de mudança de faixa,Colisão traseira,Com Vítimas Feridas,Pleno dia,Decrescente,Sol,Múltipla,Reta,Sim,2,0,1,0,0,1,1,2,"-8,05074296","-34,94580619",SPRF-PE,DEL01-PE,UOP01-DEL01-PE
405052,2021-12-31,sexta-feira,14:20:00,PE,101,"41,2",IGARASSU,Ingestão de álcool pelo condutor,Saída de leito carroçável,Com Vítimas Fatais,Pleno dia,Decrescente,Céu Claro,Dupla,Reta,Sim,2,1,0,1,0,0,1,1,"-7,83038346","-34,91426785",SPRF-PE,DEL01-PE,UOP02-DEL01-PE
405057,2021-12-31,sexta-feira,15:50:00,PE,101,47,ABREU E LIMA,Condutor deixou de manter distância do veículo da frente,Colisão traseira,Com Vítimas Feridas,Pleno dia,Decrescente,Céu Claro,Múltipla,Reta,Sim,4,0,2,0,2,0,2,3,"-7,890606","-34,903447",SPRF-PE,DEL01-PE,UOP02-DEL01-PE
405098,2021-12-31,sexta-feira,17:00:00,PE,232,"57,9",POMBOS,Conversão proibida,Colisão transversal,Com Vítimas Feridas,Anoitecer,Decrescente,Céu Claro,Simples,Reta,Sim,3,0,2,0,1,0,2,2,"-8,13762681","-35,37336212",SPRF-PE,DEL02-PE,UOP02-DEL02PE
405137,2021-12-31,sexta-feira,22:00:00,PE,232,109,BEZERROS,Ausência de sinalização,Saída de leito carroçável,Com Vítimas Feridas,Plena Noite,Crescente,Céu Claro,Dupla,Declive;Curva                 ,Não,5,0,5,0,0,0,5,1,"-8,28036785","-35,81085313",SPRF-PE,DEL02-PE,UOP02-DEL02PE
405140,2021-12-31,sexta-feira,22:45:00,PE,428,142,PETROLINA,Ingestão de álcool pelo condutor,Colisão transversal,Com Vítimas Feridas,Plena Noite,Crescente,Céu Claro,Simples,Reta,Sim,2,0,0,2,0,0,2,2,"-8,99987394","-40,2721263",SPRF-PE,DEL06-PE,UOP01-DEL06-PE
405255,2021-12-31,sexta-feira,23:00:00,PE,110,"114,8",SERTANIA,Ingestão de álcool pelo condutor,Colisão com objeto,Com Vítimas Fatais,Plena Noite,Decrescente,Céu Claro,Simples,Reta,Não,1,1,0,0,0,0,0,1,"-8,43630831","-37,4224359",SPRF-PE,DEL03-PE,UOP02-DEL03-PE
405548,2021-12-06,segunda-feira,03:29:00,PE,428,10,CABROBO,Condutor deixou de manter distância do veículo da frente,Colisão traseira,Com Vítimas Feridas,Amanhecer,Decrescente,Céu Claro,Simples,Reta,Não,2,0,1,0,1,0,1,2,"-8,5091915","-39,30745984",SPRF-PE,DEL05-PE,UOP01-DEL05-PE
405790,2021-11-13,sábado,19:00:00,PE,428,"175,8",PETROLINA,Ausência de reação do condutor,Colisão transversal,Com Vítimas Feridas,Plena Noite,Crescente,Ignorado,Simples,Reta,Não,3,0,0,1,1,1,1,2,"-9,26025696","-40,42934308",SPRF-PE,DEL06-PE,UOP01-DEL06-PE
407057,2021-12-01,quarta-feira,05:30:00,PE,232,31,MORENO,Objeto estático sobre o leito carroçável,Tombamento,Com Vítimas Feridas,Amanhecer,Crescente,Céu Claro,Dupla,Curva,Não,1,0,0,1,0,0,1,1,"-8,11016575","-35,15719414",SPRF-PE,DEL01-PE,UOP01-DEL01-PE
407769,2021-11-14,domingo,09:30:00,PE,101,86,CABO DE SANTO AGOSTINHO,Acessar a via sem observar a presença dos outros veículos,Colisão transversal,Com Vítimas Feridas,Pleno dia,Crescente,Céu Claro,Múltipla,Reta,Não,4,0,1,1,1,1,2,3,"-8,18470013","-34,96816895",SPRF-PE,DEL01-PE,UOP01-DEL01-PE
408125,2021-12-02,quinta-feira,17:00:00,PE,232,552,PARNAMIRIM,Reação tardia ou ineficiente do condutor,Colisão traseira,Com Vítimas Feridas,Anoitecer,Crescente,Sol,Simples,Em Obras,Não,2,0,1,0,1,0,1,2,"-8,090471","-39,508159",SPRF-PE,DEL05-PE,UOP01-DEL05-PE
408562,2021-12-10,sexta-feira,20:50:00,PE,101,"52,3",PAULISTA,Condutor deixou de manter distância do veículo da frente,Colisão traseira,Com Vítimas Feridas,Plena Noite,Crescente,Nublado,Dupla,Reta,Sim,2,0,1,0,0,1,1,2,"-7,92358799","-34,89607201",SPRF-PE,DEL01-PE,UOP02-DEL01-PE
409804,2021-12-05,domingo,19:30:00,PE,423,"117,3",PETROLINA,Ingestão de álcool pelo condutor,Colisão frontal,Com Vítimas Feridas,Plena Noite,Crescente,Céu Claro,Simples,Reta,Sim,5,0,5,0,0,0,5,2,"-9,32509","-40,56728",SPRF-PE,DEL03-PE,UOP01-DEL03-PE
410891,2021-09-28,terça-feira,16:25:00,PE,104,65,CARUARU,Ausência de reação do condutor,Colisão com objeto,Com Vítimas Feridas,Pleno dia,Decrescente,Céu Claro,Dupla,Reta,Sim,1,0,0,1,0,0,1,1,"-8,29102491","-35,98503297",SPRF-PE,DEL02-PE,UOP01-DEL02-PE
411622,2021-12-08,quarta-feira,19:50:00,PE,423,65,LAJEDO,Manobra de mudança de faixa,Colisão traseira,Com Vítimas Feridas,Plena Noite,Crescente,Céu Claro,Simples,Reta,Não,2,0,0,1,1,0,1,2,"-8,66635578","-36,36564305",SPRF-PE,DEL03-PE,UOP01-DEL03-PE
411652,2021-12-25,sábado,18:00:00,PE,110,258,JATOBA,Animais na Pista,Capotamento,Com Vítimas Feridas,Anoitecer,Decrescente,Nublado,Simples,Reta,Não,7,0,5,2,0,0,7,1,"-9,27575212","-38,21758713",SPRF-BA,DEL07-BA,UOP01-DEL07-BA
412303,2021-12-18,sábado,08:00:00,PE,232,127,CARUARU,Conversão proibida,Colisão transversal,Com Vítimas Feridas,Pleno dia,Crescente,Céu Claro,Simples,Rotatória;Viaduto             ,Sim,3,0,2,0,0,1,2,2,"-8,30610303","-35,96342301",SPRF-PE,DEL02-PE,UOP03-DEL02-PE
412310,2021-12-22,quarta-feira,16:00:00,PE,232,"39,3",VITORIA DE SANTO ANTAO,Reação tardia ou ineficiente do condutor,Saída de leito carroçável,Com Vítimas Feridas,Pleno dia,Crescente,Céu Claro,Dupla,Curva,Não,2,0,2,0,0,0,2,1,"-8,11725249","-35,2270359",SPRF-PE,DEL01-PE,UOP01-DEL01-PE
412592,2021-12-06,segunda-feira,00:30:00,PE,101,149,RIBEIRAO,Ingestão de álcool pelo condutor,Colisão frontal,Com Vítimas Fatais,Plena Noite,Crescente,Céu Claro,Simples,Reta,Sim,3,2,1,0,0,0,1,2,"-8,495949","-35,374191",SPRF-PE,DEL01-PE,UOP01-DEL01-PE
412822,2021-12-11,sábado,03:00:00,PE,408,86,PAUDALHO,Transitar na contramão,Colisão frontal,Com Vítimas Feridas,Plena Noite,Decrescente,Ignorado,Simples,Interseção de Vias,Não,2,0,0,1,1,0,1,2,"-7,960577","-35,093816",SPRF-PE,DEL01-PE,UOP01-DEL01-PE
412995,2021-12-21,terça-feira,13:05:00,PE,232,"409,4",SERRA TALHADA,Condutor desrespeitou a iluminação vermelha do semáforo,Colisão transversal,Com Vítimas Feridas,Pleno dia,Decrescente,Céu Claro,Simples,Interseção de Vias,Sim,3,0,1,1,1,0,2,2,"-7,981944","-38,289467",SPRF-PE,DEL04-PE,UOP01-DEL04-PE
414228,2021-02-13,sábado,20:45:00,PE,424,67,CAETES,Acessar a via sem observar a presença dos outros veículos,Colisão lateral sentido oposto,Com Vítimas Feridas,Plena Noite,Crescente,Nublado,Simples,Reta,Não,4,0,1,0,2,1,1,3,"-8,76373281","-36,64275387",SPRF-PE,DEL03-PE,UOP01-DEL03-PE
414955,2021-11-22,segunda-feira,18:30:00,PE,101,"130,8",ESCADA,Reação tardia ou ineficiente do condutor,Saída de leito carroçável,Com Vítimas Fatais,Plena Noite,Crescente,Céu Claro,Dupla,Reta,Não,3,1,0,2,0,0,2,1,"-8,392345","-35,257055",SPRF-PE,DEL01-PE,UOP01-DEL01-PE
415053,2021-12-28,terça-feira,11:05:00,PE,101,69,RECIFE,Acessar a via sem observar a presença dos outros veículos,Atropelamento de Pedestre,Com Vítimas Feridas,Pleno dia,Decrescente,Céu Claro,Dupla,Reta,Sim,2,0,0,1,0,1,1,2,"-8,05951606","-34,94581024",SPRF-PE,DEL01-PE,UOP01-DEL01-PE
417223,2021-09-10,sexta-feira,16:30:00,PE,408,"104,9",JABOATAO DOS GUARARAPES,Manobra de mudança de faixa,Colisão transversal,Com Vítimas Feridas,Anoitecer,Decrescente,Céu Claro,Dupla,Reta,Sim,2,0,0,2,0,0,2,2,"-8,07665077","-34,99224901",SPRF-PE,DEL01-PE,UOP01-DEL01-PE
418830,2021-07-13,terça-feira,22:00:00,PE,232,451,SAO JOSE DO BELMONTE,Condutor deixou de manter distância do veículo da frente,Saída de leito carroçável,Com Vítimas Feridas,Plena Noite,Crescente,Ignorado,Simples,Reta,Não,1,0,1,0,0,0,1,1,"-7,98551745","-38,64141986",SPRF-PE,DEL04-PE,UOP01-DEL04-PE
419896,2021-12-20,segunda-feira,08:23:00,PE,428,"182,5",PETROLINA,Ausência de reação do condutor,Tombamento,Com Vítimas Feridas,Pleno dia,Crescente,Ignorado,Simples,Reta,Não,3,0,1,1,0,1,2,2,"-9,33029404","-40,46532333",SPRF-PE,DEL06-PE,UOP01-DEL06-PE
425130,2021-11-14,domingo,03:40:00,PE,428,190,PETROLINA,Reação tardia ou ineficiente do condutor,Colisão transversal,Com Vítimas Feridas,Amanhecer,Decrescente,Ignorado,Múltipla,Interseção de Vias,Sim,2,0,1,0,1,0,1,2,"-9,37605965","-40,49382106",SPRF-PE,DEL06-PE,UOP01-DEL06-PE
443391,2021-12-12,domingo,04:00:00,PE,232,"168,2",TACAIMBO,Reação tardia ou ineficiente do condutor,Colisão frontal,Com Vítimas Fatais,Amanhecer,Decrescente,Céu Claro,Simples,Reta,Não,5,3,0,2,0,0,2,2,"-8,33986354","-36,32534101",SPRF-PE,DEL02-PE,UOP03-DEL02-PE
451103,2021-12-29,quarta-feira,23:20:00,PE,232,"197,4",SANHARO,Pedestre andava na pista,Atropelamento de Pedestre,Com Vítimas Fatais,Plena Noite,Crescente,Nublado,Simples,Reta,Sim,2,1,0,0,0,1,0,2,"-8,36891793","-36,580362",SPRF-PE,DEL03-PE,UOP02-DEL03-PE
455621,2021-11-11,quinta-feira,22:00:00,PE,101,"57,2",RECIFE,Entrada inopinada do pedestre,Atropelamento de Pedestre,Com Vítimas Fatais,Plena Noite,Crescente,Céu Claro,Dupla,Declive,Não,2,1,0,0,1,0,0,2,"-7,96346213","-34,91513486",SPRF-PE,DEL01-PE,UOP02-DEL01-PE
465368,2021-02-09,terça-feira,09:00:00,PE,101,42,IGARASSU,Pedestre cruzava a pista fora da faixa,Atropelamento de Pedestre,Com Vítimas Feridas,Pleno dia,Crescente,Céu Claro,Dupla,Reta,Sim,2,0,0,1,1,0,1,2,"-7,83887431","-34,91196739",SPRF-PE,DEL01-PE,UOP02-DEL01-PE
480959,2021-06-06,domingo,17:40:00,PE,232,100,BEZERROS,Deixar de acionar o farol da motocicleta (ou similar),Colisão transversal,Com Vítimas Feridas,Plena Noite,Decrescente,Céu Claro,Múltipla,Reta,Sim,4,0,0,4,0,0,4,2,"-8,23791176","-35,74297705",SPRF-PE,DEL02-PE,UOP02-DEL02PE
481417,2021-01-11,segunda-feira,10:20:00,PE,428,"185,3",PETROLINA,Chuva,Colisão lateral sentido oposto,Com Vítimas Feridas,Pleno dia,Crescente,Chuva,Simples,Reta,Sim,2,0,1,0,1,0,1,2,"-9,34009199","-40,47032001",SPRF-PE,DEL06-PE,UOP01-DEL06-PE
482907,2021-09-26,domingo,06:00:00,PE,428,"141,4",PETROLINA,Ausência de reação do condutor,Colisão com objeto,Com Vítimas Feridas,Amanhecer,Crescente,Céu Claro,Dupla,Reta,Não,2,0,0,1,1,0,1,1,-9,"-40,27656",SPRF-PE,DEL06-PE,UOP01-DEL06-PE
573568,2021-11-14,domingo,18:30:00,PE,101,1,JABOATAO DOS GUARARAPES,Transitar na contramão,Colisão frontal,Com Vítimas Feridas,Plena Noite,Decrescente,Céu Claro,Simples,Reta,Sim,4,0,2,0,1,1,2,3,"-8,187796","-34,953784",SPRF-PE,DEL01-PE,UOP02-DEL01-PE
575534,2021-03-11,quinta-feira,18:30:00,PE,408,57,CARPINA,Ingestão de álcool pelo condutor,Colisão frontal,Com Vítimas Fatais,Plena Noite,Decrescente,Céu Claro,Simples,Reta,Não,2,1,0,0,1,0,0,2,"-7,82301302","-35,24568219",SPRF-PE,DEL01-PE,UOP01-DEL01-PE
405271,2022-01-01,sábado,14:00:00,PE,423,177,AGUAS BELAS,Condutor deixou de manter distância do veículo da frente,Colisão traseira,Com Vítimas Feridas,Pleno dia,Crescente,Céu Claro,Simples,Reta,Não,5,0,1,0,3,1,1,3,"-9,13016345","-37,11460498",SPRF-AL,DEL03-AL,UOP02-DEL03-AL
405691,2022-01-03,segunda-feira,08:02:00,PE,116,"82,5",BELEM DE SAO FRANCISCO,Velocidade Incompatível,Tombamento,Com Vítimas Feridas,Pleno dia,Decrescente,Céu Claro,Simples,Aclive;Curva                  ,Não,3,0,2,0,1,0,2,1,"-8,59605493","-39,13180196",SPRF-PE,DEL05-PE,UOP01-DEL05-PE
405970,2022-01-04,terça-feira,20:00:00,PE,232,"210,5",PESQUEIRA,Ingestão de álcool pelo condutor,Colisão transversal,Com Vítimas Feridas,Plena Noite,Decrescente,Nublado,Simples,Declive;Curva                 ,Sim,5,0,0,3,0,2,3,2,"-8,36613403","-36,70019388",SPRF-PE,DEL03-PE,UOP02-DEL03-PE
406195,2022-01-06,quinta-feira,05:50:00,PE,101,"66,4",RECIFE,Manobra de mudança de faixa,Tombamento,Com Vítimas Feridas,Pleno dia,Crescente,Céu Claro,Dupla,Viaduto,Sim,4,0,3,0,0,1,3,3,"-8,03368534","-34,94184125",SPRF-PE,DEL01-PE,UOP01-DEL01-PE
407028,2022-01-06,quinta-feira,11:30:00,PE,428,"33,4",OROCO,Animais na Pista,Saída de leito carroçável,Com Vítimas Feridas,Pleno dia,Decrescente,Sol,Simples,Declive,Não,2,0,1,0,1,0,1,1,"-8,52756025","-39,50347286",SPRF-PE,DEL05-PE,UOP03-DEL05-PE
407161,2022-01-06,quinta-feira,21:30:00,PE,232,328,CUSTODIA,Ausência de reação do condutor,Tombamento,Com Vítimas Feridas,Plena Noite,Decrescente,Céu Claro,Simples,Reta,Não,2,0,0,1,0,1,1,2,"-8,09113514","-37,59520501",SPRF-PE,DEL03-PE,UOP02-DEL03-PE
407336,2022-01-07,sexta-feira,17:30:00,PE,101,44,IGARASSU,Ausência de reação do condutor,Colisão traseira,Com Vítimas Feridas,Anoitecer,Decrescente,Céu Claro,Múltipla,Reta,Sim,2,0,1,0,1,0,1,2,"-7,85637001","-34,90842109",SPRF-PE,DEL01-PE,UOP02-DEL01-PE
407458,2022-01-08,sábado,09:15:00,PE,232,5,RECIFE,Velocidade Incompatível,Saída de leito carroçável,Com Vítimas Feridas,Pleno dia,Crescente,Céu Claro,Simples,Curva,Sim,1,0,1,0,0,0,1,1,"-8,0656033","-34,94434476",SPRF-PE,DEL01-PE,UOP01-DEL01-PE
407464,2022-01-08,sábado,11:30:00,PE,232,512,SALGUEIRO,Transitar na contramão,Colisão frontal,Com Vítimas Fatais,Pleno dia,Decrescente,Sol,Simples,Reta,Sim,4,1,2,0,1,0,2,4,"-8,068192","-39,180042",SPRF-PE,DEL05-PE,UOP01-DEL05-PE
407477,2022-01-08,sábado,10:05:00,PE,101,"138,4",ESCADA,Avarias e/ou desgaste excessivo no pneu,Eventos atípicos,Sem Vítimas,Pleno dia,Crescente,Céu Claro,Dupla,Reta,Não,1,0,0,0,1,0,0,1,"-8,42065517","-35,31808569",SPRF-PE,DEL01-PE,UOP01-DEL01-PE
407637,2022-01-09,domingo,06:00:00,PE,232,"22,2",MORENO,Condutor deixou de manter distância do veículo da frente,Colisão traseira,Sem Vítimas,Pleno dia,Crescente,Céu Claro,Dupla,Reta,Não,3,0,0,0,3,0,0,3,"-8,09712273","-35,088592",SPRF-PE,DEL01-PE,UOP01-DEL01-PE
407726,2022-01-09,domingo,17:00:00,PE,101,125,ESCADA,Transitar no acostamento,Colisão traseira,Com Vítimas Feridas,Pleno dia,Crescente,Céu Claro,Múltipla,Reta,Não,2,0,0,1,1,0,1,2,"-8,36501587","-35,22142966",SPRF-PE,DEL01-PE,UOP01-DEL01-PE
407896,2022-01-07,sexta-feira,17:30:00,PE,101,"50,9",ABREU E LIMA,Condutor deixou de manter distância do veículo da frente,Colisão traseira,Sem Vítimas,Anoitecer,Crescente,Céu Claro,Múltipla,Aclive,Sim,2,0,0,0,2,0,0,2,"-7,911179","-34,901561",SPRF-PE,DEL01-PE,UOP02-DEL01-PE
407899,2022-01-10,segunda-feira,08:15:00,PE,232,45,VITORIA DE SANTO ANTAO,Manobra de mudança de faixa,Saída de leito carroçável,Com Vítimas Feridas,Pleno dia,Crescente,Sol,Dupla,Reta,Sim,3,0,1,0,1,1,1,2,"-8,130741","-35,285276",SPRF-PE,DEL01-PE,UOP01-DEL01-PE
407969,2022-01-10,segunda-feira,15:30:00,PE,101,"0,9",GOIANA,Ingestão de álcool pelo condutor,Colisão traseira,Com Vítimas Fatais,Pleno dia,Crescente,Céu Claro,Dupla,Reta,Não,8,1,0,6,1,0,6,3,"-7,5001955","-34,985073",SPRF-PE,DEL01-PE,UOP02-DEL01-PE
408037,2022-01-10,segunda-feira,21:30:00,PE,423,46,CACHOEIRINHA,Desvio temporário,Tombamento,Com Vítimas Feridas,Plena Noite,Decrescente,Céu Claro,Simples,Declive,Não,1,0,1,0,0,0,1,1,"-8,54061902","-36,26852294",SPRF-PE,DEL03-PE,UOP01-DEL03-PE
408062,2022-01-11,terça-feira,06:10:00,PE,101,"183,1",PALMARES,Reação tardia ou ineficiente do condutor,Tombamento,Com Vítimas Feridas,Amanhecer,Crescente,Céu Claro,Dupla,Curva,Não,1,0,1,0,0,0,1,1,"-8,662093","-35,566758",SPRF-PE,DEL01-PE,UOP01-DEL01-PE
408221,2022-01-12,quarta-feira,10:10:00,PE,424,75,CAETES,Reação tardia ou ineficiente do condutor,Saída de leito carroçável,Com Vítimas Feridas,Pleno dia,Crescente,Céu Claro,Simples,Reta,Não,1,0,1,0,0,0,1,1,"-8,80482636","-36,58367325",SPRF-PE,DEL03-PE,UOP01-DEL03-PE
408496,2022-01-14,sexta-feira,05:00:00,PE,101,82,JABOATAO DOS GUARARAPES,Objeto estático sobre o leito carroçável,Colisão com objeto,Sem Vítimas,Amanhecer,Crescente,Nublado,Múltipla,Reta,Sim,1,0,0,0,1,0,0,1,"-8,168383","-34,9376",SPRF-PE,DEL01-PE,UOP01-DEL01-PE
408508,2022-01-14,sexta-feira,06:40:00,PE,101,33,IGARASSU,Condutor deixou de manter distância do veículo da frente,Colisão lateral mesmo sentido,Sem Vítimas,Pleno dia,Crescente,Céu Claro,Simples,Reta,Não,3,0,0,0,2,1,0,3,"-7,761909","-34,935654",SPRF-PE,DEL01-PE,UOP02-DEL01-PE
408689,2022-01-14,sexta-feira,20:20:00,PE,408,"26,5",TIMBAUBA,Ausência de reação do condutor,Colisão traseira,Com Vítimas Fatais,Plena Noite,Crescente,Céu Claro,Simples,Reta,Não,2,1,0,0,0,1,0,2,"-7,548208","-35,262604",SPRF-PE,DEL01-PE,UOP02-DEL01-PE
409332,2022-01-16,domingo,19:00:00,PE,316,249,BELEM DE SAO FRANCISCO,Reação tardia ou ineficiente do condutor,Saída de leito carroçável,Com Vítimas Feridas,Plena Noite,Crescente,Céu Claro,Simples,Curva,Não,2,0,2,0,0,0,2,1,"-8,6737083","-38,97854215",SPRF-PE,DEL05-PE,UOP01-DEL05-PE
409348,2022-01-16,domingo,21:20:00,PE,101,"85,9",JABOATAO DOS GUARARAPES,Pedestre cruzava a pista fora da faixa,Atropelamento de Pedestre,Com Vítimas Fatais,Plena Noite,Decrescente,Nublado,Dupla,Reta,Sim,2,1,0,0,0,1,0,2,"-8,18065563","-34,95965322",SPRF-PE,DEL01-PE,UOP01-DEL01-PE
409427,2022-01-17,segunda-feira,11:20:00,PE,110,"139,6",IBIMIRIM,Transitar na contramão,Colisão lateral sentido oposto,Com Vítimas Feridas,Pleno dia,Decrescente,Sol,Simples,Reta,Não,2,0,0,1,1,0,1,2,"-8,5108371","-37,62351999",SPRF-PE,DEL03-PE,UOP02-DEL03-PE
409568,2022-01-17,segunda-feira,22:00:00,PE,101,94,JABOATAO DOS GUARARAPES,Manobra de mudança de faixa,Colisão com objeto,Com Vítimas Feridas,Plena Noite,Decrescente,Nublado,Múltipla,Reta,Sim,1,0,1,0,0,0,1,1,"-8,24829064","-35,00697936",SPRF-PE,DEL01-PE,UOP01-DEL01-PE
409916,2022-01-19,quarta-feira,20:25:00,PE,101,"122,7",ESCADA,Animais na Pista,Atropelamento de Animal,Com Vítimas Fatais,Plena Noite,Crescente,Céu Claro,Dupla,Reta,Não,2,1,1,0,0,0,1,2,"-8,35963442","-35,20419694",SPRF-PE,DEL01-PE,UOP01-DEL01-PE
409995,2022-01-20,quinta-feira,07:00:00,PE,101,60,RECIFE,Condutor deixou de manter distância do veículo da frente,Colisão traseira,Com Vítimas Feridas,Pleno dia,Crescente,Sol,Múltipla,Reta,Sim,4,0,1,0,3,0,1,3,"-7,98344307","-34,93176727",SPRF-PE,DEL01-PE,UOP02-DEL01-PE
410032,2022-01-20,quinta-feira,12:13:00,PE,101,"49,3",ABREU E LIMA,Condutor deixou de manter distância do veículo da frente,Colisão lateral mesmo sentido,Com Vítimas Feridas,Pleno dia,Decrescente,Céu Claro,Múltipla,Reta,Sim,2,0,1,0,0,1,1,2,"-7,90318905","-34,90152782",SPRF-PE,DEL01-PE,UOP02-DEL01-PE
410101,2022-01-20,quinta-feira,19:25:00,PE,407,129,PETROLINA,Acessar a via sem observar a presença dos outros veículos,Colisão lateral mesmo sentido,Sem Vítimas,Plena Noite,Crescente,Nublado,Dupla,Reta,Sim,3,0,0,0,3,0,0,2,"-9,39958299","-40,50459298",SPRF-PE,DEL06-PE,UOP01-DEL06-PE