id,data_inversa,dia_semana,horario,uf,br,km,municipio,causa_acidente,tipo_acidente,classificacao_acidente,fase_dia,sentido_via,condicao_metereologica,tipo_pista,tracado_via,uso_solo,pessoas,mortos,feridos_leves,feridos_graves,ilesos,ignorados,feridos,veiculos,latitude,longitude,regional,delegacia,uop
410249,2022-01-21,sexta-feira,17:50:00,PE,232,"106,6",BEZERROS,Acessar a via sem observar a presença dos outros veículos,Engavetamento,Com Vítimas Feridas,Anoitecer,Crescente,Céu Claro,Dupla,Aclive,Não,6,0,1,0,5,0,1,3,"-8,26300269","-35,79029821",SPRF-PE,DEL02-PE,UOP02-DEL02PE
410452,2022-01-22,sábado,17:10:00,PE,232,248,ARCOVERDE,Demais falhas na via,Colisão traseira,Com Vítimas Feridas,Pleno dia,Crescente,Céu Claro,Simples,Reta,Não,2,0,1,0,0,1,1,2,"-8,42451258","-37,03463008",SPRF-PE,DEL03-PE,UOP02-DEL03-PE
410953,2022-01-24,segunda-feira,21:40:00,PE,101,"70,5",RECIFE,Trafegar com motocicleta (ou similar) entre as faixas,Colisão traseira,Com Vítimas Fatais,Plena Noite,Crescente,Céu Claro,Dupla,Reta,Sim,2,1,0,0,1,0,0,2,"-8,06776119","-34,94265074",SPRF-PE,DEL01-PE,UOP01-DEL01-PE
411212,2022-01-26,quarta-feira,15:00:00,PE,101,47,ABREU E LIMA,Condutor deixou de manter distância do veículo da frente,Colisão traseira,Com Vítimas Feridas,Anoitecer,Decrescente,Sol,Múltipla,Reta,Sim,2,0,1,0,1,0,1,2,"-7,88290701","-34,90461208",SPRF-PE,DEL01-PE,UOP02-DEL01-PE
411226,2022-01-26,quarta-feira,16:10:00,PE,232,"506,7",VERDEJANTE,Condutor deixou de manter distância do veículo da frente,Colisão traseira,Com Vítimas Feridas,Pleno dia,Crescente,Nublado,Simples,Reta,Não,3,0,0,1,2,0,1,3,"-8,05986546","-39,10271397",SPRF-PE,DEL05-PE,UOP01-DEL05-PE
411234,2022-01-17,segunda-feira,15:00:00,PE,110,240,JATOBA,Velocidade Incompatível,Tombamento,Com Vítimas Feridas,Pleno dia,Decrescente,Céu Claro,Simples,Curva;Declive                 ,Não,1,0,1,0,0,0,1,1,"-9,14173089","-38,2900095",SPRF-BA,DEL07-BA,UOP01-DEL07-BA
411559,2022-01-28,sexta-feira,06:00:00,PE,424,68,CAETES,Demais falhas mecânicas ou elétricas,Saída de leito carroçável,Com Vítimas Feridas,Pleno dia,Crescente,Nublado,Simples,Aclive,Sim,1,0,1,0,0,0,1,1,"-8,76884574","-36,63537082",SPRF-PE,DEL03-PE,UOP01-DEL03-PE
411581,2022-01-28,sexta-feira,12:00:00,PE,428,"71,8",SANTA MARIA DA BOA VISTA,Manobra de mudança de faixa,Colisão lateral mesmo sentido,Com Vítimas Feridas,Pleno dia,Crescente,Céu Claro,Simples,Reta,Não,6,0,1,0,5,0,1,3,"-8,70240405","-39,76912477",SPRF-PE,DEL06-PE,UOP03-DEL06-PE
411798,2022-01-29,sábado,14:00:00,PE,232,"14,4",JABOATAO DOS GUARARAPES,Condutor deixou de manter distância do veículo da frente,Colisão traseira,Com Vítimas Feridas,Pleno dia,Crescente,Nublado,Dupla,Reta,Não,3,0,1,1,0,1,2,2,"-8,09025488","-35,02052302",SPRF-PE,DEL01-PE,UOP01-DEL01-PE
411822,2022-01-29,sábado,15:30:00,PE,407,"88,9",PETROLINA,Manobra de mudança de faixa,Colisão lateral sentido oposto,Com Vítimas Feridas,Pleno dia,Decrescente,Chuva,Simples,Reta,Não,2,0,0,1,1,0,1,2,"-9,08243422","-40,66108704",SPRF-PE,DEL06-PE,UOP02-DEL06-PE
412008,2022-01-30,domingo,18:28:00,PE,428,187,PETROLINA,Entrada inopinada do pedestre,Atropelamento de Pedestre,Com Vítimas Feridas,Plena Noite,Crescente,Céu Claro,Dupla,Reta,Sim,2,0,0,1,1,0,1,2,"-9,35604301","-40,47854198",SPRF-PE,DEL06-PE,UOP01-DEL06-PE
412512,2022-01-07,sexta-feira,23:00:00,PE,101,90,CABO DE SANTO AGOSTINHO,Ingestão de álcool pelo condutor,Atropelamento de Pedestre,Com Vítimas Feridas,Plena Noite,Crescente,Céu Claro,Dupla,Reta,Sim,5,0,0,3,1,1,3,3,"-8,23386226","-34,97858502",SPRF-PE,DEL01-PE,UOP01-DEL01-PE
412641,2022-01-07,sexta-feira,06:45:00,PE,101,"60,9",RECIFE,Ausência de reação do condutor,Colisão traseira,Com Vítimas Feridas,Pleno dia,Crescente,Céu Claro,Dupla,Reta,Sim,4,0,1,1,2,0,2,3,"-7,98344307","-34,93176727",SPRF-PE,DEL01-PE,UOP02-DEL01-PE
412938,2022-02-05,sábado,00:50:00,PE,101,"195,4",PALMARES,Condutor Dormindo,Colisão traseira,Com Vítimas Fatais,Plena Noite,Decrescente,Céu Claro,Dupla,Reta,Não,3,1,0,1,0,1,1,2,"-8,73847","-35,608995",SPRF-PE,DEL01-PE,UOP01-DEL01-PE
412978,2022-02-05,sábado,06:30:00,PE,232,116,CARUARU,Demais falhas mecânicas ou elétricas,Capotamento,Com Vítimas Feridas,Pleno dia,Decrescente,Céu Claro,Dupla,Reta,Não,2,0,1,0,1,0,1,2,"-8,2970005","-35,86666391",SPRF-PE,DEL02-PE,UOP03-DEL02-PE
413087,2022-02-05,sábado,17:20:00,PE,116,31,SALGUEIRO,Velocidade Incompatível,Tombamento,Com Vítimas Feridas,Pleno dia,Crescente,Céu Claro,Simples,Curva;Aclive                  ,Não,1,0,1,0,0,0,1,1,"-8,11305","-39,123844",SPRF-PE,DEL05-PE,UOP01-DEL05-PE
413382,2022-02-06,domingo,23:40:00,PE,101,36,IGARASSU,Ausência de reação do condutor,Colisão traseira,Com Vítimas Feridas,Plena Noite,Crescente,Céu Claro,Dupla,Reta,Sim,2,0,0,1,1,0,1,2,"-7,788367","-34,92981702",SPRF-PE,DEL01-PE,UOP02-DEL01-PE
413396,2022-02-07,segunda-feira,00:20:00,PE,110,241,JATOBA,Reação tardia ou ineficiente do condutor,Colisão frontal,Com Vítimas Feridas,Plena Noite,Decrescente,Céu Claro,Simples,Reta,Não,2,0,1,0,1,0,1,2,"-9,148655","-38,28464499",SPRF-BA,DEL07-BA,UOP01-DEL07-BA
413493,2022-02-07,segunda-feira,13:30:00,PE,232,27,MORENO,Condutor deixou de manter distância do veículo da frente,Colisão traseira,Com Vítimas Feridas,Pleno dia,Crescente,Sol,Dupla,Curva,Não,5,0,2,0,3,0,2,3,"-8,11418416","-35,12568999",SPRF-PE,DEL01-PE,UOP01-DEL01-PE
413645,2022-02-08,terça-feira,07:30:00,PE,232,107,BEZERROS,Reação tardia ou ineficiente do condutor,Tombamento,Com Vítimas Feridas,Pleno dia,Decrescente,Céu Claro,Dupla,Reta,Não,3,0,0,1,2,0,1,2,"-8,26839017","-35,79746685",SPRF-PE,DEL02-PE,UOP02-DEL02PE
413707,2022-01-31,segunda-feira,20:00:00,PE,,,RECIFE,Reação tardia ou ineficiente do condutor,Colisão transversal,Sem Vítimas,Plena Noite,Não Informado,Garoa/Chuvisco,Simples,Curva,Sim,2,0,0,0,1,1,0,2,"-8,08485816","-34,8864538",SPRF-PE,DEL06-PE,UOP01-DEL06-PE
413727,2022-02-08,terça-feira,13:30:00,PE,423,"54,3",LAJEDO,Transitar na contramão,Colisão frontal,Com Vítimas Feridas,Pleno dia,Decrescente,Sol,Simples,Reta,Não,3,0,1,0,2,0,1,3,"-8,607734","-36,29399698",SPRF-PE,DEL03-PE,UOP01-DEL03-PE
413816,2022-02-09,quarta-feira,08:07:00,PE,101,70,RECIFE,Reação tardia ou ineficiente do condutor,Colisão traseira,Com Vítimas Feridas,Pleno dia,Crescente,Céu Claro,Dupla,Reta,Sim,6,0,1,0,5,0,1,4,"-8,07195","-34,94251",SPRF-PE,DEL01-PE,UOP01-DEL01-PE
413942,2022-02-09,quarta-feira,22:10:00,PE,232,"254,3",ARCOVERDE,Animais na Pista,Colisão traseira,Sem Vítimas,Plena Noite,Crescente,Céu Claro,Simples,Reta,Não,2,0,0,0,2,0,0,2,"-8,42522112","-37,07235809",SPRF-PE,DEL03-PE,UOP02-DEL03-PE
413956,2022-02-09,quarta-feira,22:40:00,PE,232,"244,4",ARCOVERDE,Ingestão de álcool pelo condutor,Colisão frontal,Com Vítimas Fatais,Plena Noite,Crescente,Céu Claro,Simples,Em Obras;Curva                ,Não,2,1,0,0,1,0,0,2,"-8,41863444","-36,99827208",SPRF-PE,DEL03-PE,UOP02-DEL03-PE
414352,2022-02-11,sexta-feira,23:15:00,PE,423,69,JUPI,Ingestão de álcool pelo condutor,Colisão lateral sentido oposto,Com Vítimas Feridas,Plena Noite,Crescente,Nublado,Simples,Aclive,Não,2,0,1,0,1,0,1,2,"-8,67648714","-36,40182687",SPRF-PE,DEL03-PE,UOP01-DEL03-PE
414446,2022-02-12,sábado,09:20:00,PE,423,132,SALOA,Condutor Dormindo,Tombamento,Com Vítimas Fatais,Pleno dia,Crescente,Céu Claro,Simples,Curva,Não,1,1,0,0,0,0,0,1,"-8,95896174","-36,76570784",SPRF-PE,DEL03-PE,UOP01-DEL03-PE
414857,2022-02-13,domingo,22:25:00,PE,232,87,GRAVATA,Demais falhas mecânicas ou elétricas,Eventos atípicos,Sem Vítimas,Plena Noite,Crescente,Céu Claro,Dupla,Reta,Não,5,0,0,0,5,0,0,1,"-8,21379064","-35,62898606",SPRF-PE,DEL02-PE,UOP02-DEL02PE
414944,2022-02-14,segunda-feira,11:25:00,PE,101,"67,3",RECIFE,Demais falhas mecânicas ou elétricas,Colisão traseira,Com Vítimas Feridas,Pleno dia,Crescente,Nublado,Dupla,Reta,Sim,7,0,2,0,4,1,2,6,"-8,042334","-34,943096",SPRF-PE,DEL01-PE,UOP01-DEL01-PE
414990,2022-02-14,segunda-feira,13:00:00,PE,232,5,RECIFE,Condutor Dormindo,Colisão traseira,Sem Vítimas,Pleno dia,Decrescente,Céu Claro,Dupla,Reta,Não,2,0,0,0,2,0,0,2,"-8,06795766","-34,94535414",SPRF-PE,DEL01-PE,UOP01-DEL01-PE
415467,2022-02-17,quinta-feira,11:15:00,PE,101,"3,9",GOIANA,Velocidade Incompatível,Saída de leito carroçável,Sem Vítimas,Pleno dia,Crescente,Céu Claro,Dupla,Declive;Curva                 ,Não,1,0,0,0,1,0,0,1,"-7,53264499","-34,99145786",SPRF-PE,DEL01-PE,UOP02-DEL01-PE
415501,2022-02-07,segunda-feira,09:50:00,PE,232,410,SERRA TALHADA,Acessar a via sem observar a presença dos outros veículos,Colisão transversal,Com Vítimas Feridas,Pleno dia,Decrescente,Sol,Simples,Reta,Sim,3,0,2,0,1,0,2,2,"-7,9826184059","-38,3003960594",SPRF-PE,DEL04-PE,UOP01-DEL04-PE
415519,2022-02-17,quinta-feira,16:40:00,PE,101,"58,7",PAULISTA,Condutor deixou de manter distância do veículo da frente,Engavetamento,Com Vítimas Feridas,Pleno dia,Decrescente,Nublado,Dupla,Reta,Não,3,0,1,0,2,0,1,3,"-7,96346213","-34,91513486",SPRF-PE,DEL01-PE,UOP02-DEL01-PE
415555,2022-02-17,quinta-feira,21:10:00,PE,232,"552,3",PARNAMIRIM,Transitar na contramão,Colisão frontal,Com Vítimas Fatais,Plena Noite,Decrescente,Céu Claro,Simples,Reta,Não,2,1,0,0,1,0,0,2,"-8,08677211","-39,52424697",SPRF-PE,DEL05-PE,UOP01-DEL05-PE
415748,2022-02-18,sexta-feira,20:00:00,PE,101,90,CABO DE SANTO AGOSTINHO,Condutor usando celular,Colisão traseira,Com Vítimas Feridas,Plena Noite,Decrescente,Chuva,Simples,Ponte,Sim,2,0,0,1,1,0,1,2,"-8,21612792","-34,98772817",SPRF-PE,DEL01-PE,UOP01-DEL01-PE
415981,2022-02-20,domingo,01:51:00,PE,423,"116,4",PARANATAMA,Pedestre andava na pista,Atropelamento de Pedestre,Com Vítimas Fatais,Plena Noite,Decrescente,Nevoeiro/Neblina,Simples,Reta,Não,2,1,0,0,0,1,0,2,"-8,905391","-36,664301",SPRF-PE,DEL03-PE,UOP01-DEL03-PE
416245,2022-02-21,segunda-feira,06:55:00,PE,101,"78,1",JABOATAO DOS GUARARAPES,Ultrapassagem Indevida,Tombamento,Com Vítimas Fatais,Pleno dia,Decrescente,Céu Claro,Dupla,Reta,Sim,2,1,0,0,1,0,0,2,"-8,13496499","-34,94738614",SPRF-PE,DEL01-PE,UOP01-DEL01-PE
416281,2022-02-21,segunda-feira,11:00:00,PE,232,"4,6",RECIFE,Velocidade Incompatível,Colisão lateral mesmo sentido,Com Vítimas Feridas,Pleno dia,Crescente,Céu Claro,Dupla,Viaduto,Não,2,0,0,1,1,0,1,2,"-8,064473","-34,936928",SPRF-PE,DEL01-PE,UOP01-DEL01-PE
416329,2022-02-21,segunda-feira,16:15:00,PE,101,"114,9",IPOJUCA,Condutor Dormindo,Saída de leito carroçável,Com Vítimas Feridas,Pleno dia,Crescente,Nublado,Dupla,Curva,Não,1,0,1,0,0,0,1,1,"-8,33627384","-35,140028",SPRF-PE,DEL01-PE,UOP01-DEL01-PE
416487,2022-02-22,terça-feira,13:20:00,PE,101,"65,8",RECIFE,Condutor deixou de manter distância do veículo da frente,Colisão traseira,Com Vítimas Feridas,Pleno dia,Decrescente,Sol,Dupla,Reta,Sim,3,0,1,0,2,0,1,3,"-8,02478597","-34,94276635",SPRF-PE,DEL01-PE,UOP01-DEL01-PE
416536,2022-02-22,terça-feira,18:40:00,PE,101,"7,3",GOIANA,Acessar a via sem observar a presença dos outros veículos,Colisão transversal,Com Vítimas Feridas,Plena Noite,Crescente,Céu Claro,Dupla,Reta,Sim,2,0,1,0,1,0,1,2,"-7,55997111","-34,99072674",SPRF-PE,DEL01-PE,UOP02-DEL01-PE
416567,2022-02-22,terça-feira,19:45:00,PE,101,197,AGUA PRETA,Curva acentuada,Tombamento,Com Vítimas Feridas,Plena Noite,Decrescente,Nublado,Dupla,Reta,Sim,1,0,1,0,0,0,1,1,"-8,75523097","-35,60154384",SPRF-PE,DEL01-PE,UOP01-DEL01-PE
416644,2022-02-23,quarta-feira,13:00:00,PE,101,68,RECIFE,Condutor deixou de manter distância do veículo da frente,Colisão traseira,Com Vítimas Feridas,Pleno dia,Decrescente,Sol,Simples,Reta,Sim,2,0,1,0,1,0,1,2,"-8,05074296","-34,94580619",SPRF-PE,DEL01-PE,UOP01-DEL01-PE
417084,2022-02-25,sexta-feira,10:30:00,PE,104,"119,2",PANELAS,Demais falhas mecânicas ou elétricas,Saída de leito carroçável,Com Vítimas Fatais,Pleno dia,Decrescente,Sol,Simples,Declive;Curva                 ,Não,1,1,0,0,0,0,0,1,"-8,69214","-36,023621",SPRF-PE,DEL02-PE,UOP01-DEL02-PE
417094,2022-02-25,sexta-feira,11:00:00,PE,101,"88,8",JABOATAO DOS GUARARAPES,Velocidade Incompatível,Colisão lateral sentido oposto,Com Vítimas Feridas,Pleno dia,Decrescente,Céu Claro,Dupla,Reta,Sim,6,0,2,3,1,0,5,3,"-8,19971387","-34,9785382",SPRF-PE,DEL01-PE,UOP01-DEL01-PE
417397,2022-02-26,sábado,14:50:00,PE,101,"51,5",PAULISTA,Ausência de reação do condutor,Tombamento,Com Vítimas Feridas,Pleno dia,Decrescente,Céu Claro,Dupla,Curva,Sim,1,0,0,1,0,0,1,1,"-7,9169968","-34,89689272",SPRF-PE,DEL01-PE,UOP02-DEL01-PE
417470,2022-02-26,sábado,21:00:00,PE,423,69,JUPI,Ingestão de álcool pelo condutor,Colisão frontal,Com Vítimas Feridas,Plena Noite,Decrescente,Nublado,Simples,Reta,Não,2,0,1,0,1,0,1,2,"-8,67648714","-36,40182687",SPRF-PE,DEL03-PE,UOP01-DEL03-PE
417681,2022-02-27,domingo,17:50:00,PE,428,70,SANTA MARIA DA BOA VISTA,Ultrapassagem Indevida,Queda de ocupante de veículo,Com Vítimas Fatais,Anoitecer,Crescente,Céu Claro,Simples,Curva,Não,3,1,1,0,0,1,1,2,"-8,688311","-39,766119",SPRF-PE,DEL06-PE,UOP03-DEL06-PE
417792,2022-02-28,segunda-feira,09:00:00,PE,232,"172,9",TACAIMBO,Reação tardia ou ineficiente do condutor,Colisão traseira,Sem Vítimas,Pleno dia,Crescente,Céu Claro,Simples,Ponte,Não,2,0,0,0,2,0,0,2,"-8,33854887","-36,360134",SPRF-PE,DEL02-PE,UOP03-DEL02-PE
417938,2022-03-01,terça-feira,04:55:00,PE,232,121,CARUARU,Estacionar ou parar em local proibido,Colisão traseira,Com Vítimas Feridas,Amanhecer,Decrescente,Céu Claro,Dupla,Declive;Reta                  ,Não,2,0,1,0,0,1,1,2,"-8,30018257","-35,91071184",SPRF-PE,DEL02-PE,UOP03-DEL02-PE
418103,2022-03-01,terça-feira,22:00:00,PE,423,136,SALOA,Pedestre andava na pista,Atropelamento de Pedestre,Com Vítimas Fatais,Plena Noite,Decrescente,Nublado,Simples,Reta,Não,2,1,0,0,0,1,0,2,"-8,96508272","-36,79997411",SPRF-PE,DEL03-PE,UOP01-DEL03-PE
418421,2022-03-03,quinta-feira,18:20:00,PE,101,"17,1",GOIANA,Demais falhas mecânicas ou elétricas,Incêndio,Sem Vítimas,Plena Noite,Decrescente,Céu Claro,Dupla,Reta,Não,1,0,0,0,1,0,0,1,"-7,64064477","-34,95599769",SPRF-PE,DEL01-PE,UOP02-DEL01-PE
418435,2022-03-03,quinta-feira,20:10:00,PE,101,"124,6",ESCADA,Acessar a via sem observar a presença dos outros veículos,Colisão traseira,Com Vítimas Feridas,Plena Noite,Crescente,Nublado,Dupla,Reta,Sim,2,0,1,0,0,1,1,2,"-8,361745","-35,213108",SPRF-PE,DEL01-PE,UOP01-DEL01-PE
418493,2022-03-04,sexta-feira,03:50:00,PE,232,16,JABOATAO DOS GUARARAPES,Reação tardia ou ineficiente do condutor,Saída de leito carroçável,Com Vítimas Feridas,Amanhecer,Decrescente,Chuva,Dupla,Reta,Sim,1,0,1,0,0,0,1,1,"-8,09414193","-35,03716601",SPRF-PE,DEL01-PE,UOP01-DEL01-PE
418664,2022-03-04,sexta-feira,20:50:00,PE,232,"24,9",MORENO,Objeto estático sobre o leito carroçável,Colisão com objeto,Com Vítimas Feridas,Plena Noite,Decrescente,Chuva,Dupla,Curva,Não,2,0,1,0,0,1,1,2,"-8,111762","-35,10749",SPRF-PE,DEL01-PE,UOP01-DEL01-PE
418714,2022-03-05,sábado,05:20:00,PE,232,250,ARCOVERDE,Condutor Dormindo,Colisão traseira,Com Vítimas Feridas,Amanhecer,Decrescente,Céu Claro,Simples,Reta,Sim,2,0,0,1,1,0,1,2,"-8,42350887","-37,05286107",SPRF-PE,DEL03-PE,UOP02-DEL03-PE
418730,2022-03-05,sábado,09:25:00,PE,101,68,RECIFE,Manobra de mudança de faixa,Colisão lateral mesmo sentido,Com Vítimas Feridas,Pleno dia,Crescente,Céu Claro,Dupla,Viaduto,Sim,3,0,1,1,1,0,2,2,"-8,05074296","-34,94580619",SPRF-PE,DEL01-PE,UOP01-DEL01-PE
418779,2022-03-05,sábado,15:00:00,PE,407,"91,2",PETROLINA,Transitar na contramão,Colisão frontal,Com Vítimas Feridas,Pleno dia,Decrescente,Nublado,Simples,Reta,Não,2,0,1,0,1,0,1,2,"-9,099128","-40,651713",SPRF-PE,DEL06-PE,UOP02-DEL06-PE
418805,2022-03-02,quarta-feira,22:00:00,PE,116,"59,5",CABROBO,Demais falhas mecânicas ou elétricas,Incêndio,Sem Vítimas,Plena Noite,Decrescente,Ignorado,Simples,Declive;Reta                  ,Não,1,0,0,0,1,0,0,1,"-8,352674","-39,141792",SPRF-PE,DEL05-PE,UOP01-DEL05-PE
419011,2022-02-26,sábado,19:00:00,PE,101,136,RIBEIRAO,Reação tardia ou ineficiente do condutor,Saída de leito carroçável,Com Vítimas Feridas,Plena Noite,Decrescente,Céu Claro,Múltipla,Reta,Não,1,0,0,1,0,0,1,1,"-8,41439454","-35,3044618",SPRF-PE,DEL01-PE,UOP01-DEL01-PE
419067,2022-03-06,domingo,21:30:00,PE,316,53,TRINDADE,Transitar na contramão,Colisão frontal,Com Vítimas Feridas,Plena Noite,Crescente,Céu Claro,Simples,Reta,Não,2,0,1,0,1,0,1,2,"-7,73314203","-40,30237301",SPRF-PE,DEL05-PE,UOP02-DEL05-PE
419147,2022-03-07,segunda-feira,09:30:00,PE,101,68,RECIFE,Trafegar com motocicleta (ou similar) entre as faixas,Tombamento,Com Vítimas Feridas,Pleno dia,Decrescente,Céu Claro,Dupla,Reta,Sim,2,0,1,0,1,0,1,2,"-8,05894281","-34,94593263",SPRF-PE,DEL01-PE,UOP01-DEL01-PE
419173,2022-03-07,segunda-feira,09:40:00,PE,101,"68,1",RECIFE,Trafegar com motocicleta (ou similar) entre as faixas,Colisão lateral mesmo sentido,Com Vítimas Fatais,Pleno dia,Crescente,Nublado,Dupla,Aclive;Viaduto                ,Sim,3,1,0,0,2,0,0,3,"-8,05187","-34,946221",SPRF-PE,DEL01-PE,UOP01-DEL01-PE
419374,2022-03-08,terça-feira,15:10:00,PE,423,"117,9",PARANATAMA,Ausência de sinalização,Saída de leito carroçável,Sem Vítimas,Pleno dia,Decrescente,Nublado,Simples,Aclive,Não,1,0,0,0,1,0,0,1,"-8,908816","-36,67734",SPRF-PE,DEL03-PE,UOP01-DEL03-PE
419468,2022-03-09,quarta-feira,07:15:00,PE,101,55,PAULISTA,Manobra de mudança de faixa,Colisão traseira,Com Vítimas Feridas,Pleno dia,Crescente,Nublado,Múltipla,Reta,Não,3,0,1,0,2,0,1,3,"-7,94806621","-34,9062148",SPRF-PE,DEL01-PE,UOP02-DEL01-PE
419499,2022-03-09,quarta-feira,10:50:00,PE,101,"21,9",GOIANA,Pedestre cruzava a pista fora da faixa,Atropelamento de Pedestre,Com Vítimas Fatais,Pleno dia,Decrescente,Céu Claro,Dupla,Reta,Não,2,1,0,0,1,0,0,2,"-7,675127","-34,92856",SPRF-PE,DEL01-PE,UOP02-DEL01-PE
419641,2022-03-10,quinta-feira,04:30:00,PE,408,"76,4",PAUDALHO,Ausência de reação do condutor,Tombamento,Com Vítimas Feridas,Plena Noite,Crescente,Nublado,Múltipla,Retorno Regulamentado,Sim,1,0,1,0,0,0,1,1,"-7,913693","-35,170002",SPRF-PE,DEL01-PE,UOP01-DEL01-PE
419647,2022-03-09,quarta-feira,23:00:00,PE,232,"106,9",BEZERROS,Demais falhas mecânicas ou elétricas,Incêndio,Sem Vítimas,Plena Noite,Crescente,Céu Claro,Dupla,Reta,Não,1,0,0,0,1,0,0,1,"-8,26300269","-35,79029821",SPRF-PE,DEL02-PE,UOP02-DEL02PE
419730,2022-03-01,terça-feira,21:45:00,PE,232,135,CARUARU,Reação tardia ou ineficiente do condutor,Colisão traseira,Sem Vítimas,Plena Noite,Crescente,Céu Claro,Dupla,Reta,Não,2,0,0,0,2,0,0,2,"-8,31096592","-36,03308802",SPRF-PE,DEL02-PE,UOP03-DEL02-PE
419815,2022-03-11,sexta-feira,05:20:00,PE,408,32,ALIANCA,Transitar na contramão,Colisão frontal,Com Vítimas Fatais,Pleno dia,Crescente,Céu Claro,Dupla,Reta,Não,3,1,0,2,0,0,2,2,"-7,584444","-35,249002",SPRF-PE,DEL01-PE,UOP02-DEL01-PE
420259,2022-03-13,domingo,00:20:00,PE,316,"7,4",ARARIPINA,Avarias e/ou desgaste excessivo no pneu,Colisão lateral sentido oposto,Com Vítimas Feridas,Plena Noite,Crescente,Ignorado,Simples,Reta,Não,2,0,1,0,1,0,1,2,"-7,48071193","-40,61057493",SPRF-PE,DEL05-PE,UOP02-DEL05-PE
420490,2022-03-14,segunda-feira,05:30:00,PE,424,"64,3",CAETES,Ingestão de álcool pelo condutor,Colisão frontal,Com Vítimas Fatais,Amanhecer,Decrescente,Céu Claro,Simples,Reta,Não,3,1,0,0,2,0,0,2,"-8,753403","-36,667581",SPRF-PE,DEL03-PE,UOP01-DEL03-PE
420595,2022-03-14,segunda-feira,03:00:00,PE,110,"97,3",SERTANIA,Animais na Pista,Tombamento,Com Vítimas Feridas,Plena Noite,Decrescente,Céu Claro,Simples,Declive,Não,1,0,0,1,0,0,1,1,"-8,37247412","-37,29327894",SPRF-PE,DEL03-PE,UOP02-DEL03-PE
420628,2022-03-14,segunda-feira,17:00:00,PE,101,"48,4",ABREU E LIMA,Acessar a via sem observar a presença dos outros veículos,Atropelamento de Pedestre,Com Vítimas Feridas,Plena Noite,Decrescente,Céu Claro,Dupla,Reta,Sim,2,0,0,1,1,0,1,2,"-7,89174705","-34,9033493",SPRF-PE,DEL01-PE,UOP02-DEL01-PE
420741,2022-03-15,terça-feira,10:40:00,PE,232,"184,4",BELO JARDIM,Demais falhas mecânicas ou elétricas,Tombamento,Com Vítimas Feridas,Pleno dia,Crescente,Céu Claro,Simples,Reta,Não,1,0,1,0,0,0,1,1,"-8,35118645","-36,46450196",SPRF-PE,DEL02-PE,UOP03-DEL02-PE
420746,2022-03-15,terça-feira,08:00:00,PE,101,"113,3",ESCADA,Demais falhas mecânicas ou elétricas,Incêndio,Sem Vítimas,Pleno dia,Crescente,Sol,Dupla,Reta,Não,1,0,0,0,1,0,0,1,"-8,33107097","-35,12666499",SPRF-PE,DEL01-PE,UOP01-DEL01-PE
421046,2022-03-17,quinta-feira,05:00:00,PE,101,54,PAULISTA,Reação tardia ou ineficiente do condutor,Colisão com objeto,Com Vítimas Feridas,Amanhecer,Decrescente,Céu Claro,Múltipla,Reta,Sim,3,0,0,1,1,1,1,3,"-7,93961103","-34,90356584",SPRF-PE,DEL01-PE,UOP02-DEL01-PE
421047,2022-03-17,quinta-feira,06:00:00,PE,232,97,BEZERROS,Ausência de reação do condutor,Colisão transversal,Sem Vítimas,Pleno dia,Crescente,Sol,Dupla,Curva,Não,2,0,0,0,2,0,0,2,"-8,23516963","-35,72468519",SPRF-PE,DEL02-PE,UOP02-DEL02PE
421106,2022-03-15,terça-feira,20:05:00,PE,424,"93,5",GARANHUNS,Ingestão de álcool pelo condutor,Colisão lateral mesmo sentido,Com Vítimas Feridas,Plena Noite,Crescente,Céu Claro,Simples,Declive;Reta                  ,Sim,2,0,0,1,1,0,1,2,"-8,91231289","-36,48813844",SPRF-PE,DEL03-PE,UOP01-DEL03-PE
421113,2022-03-14,segunda-feira,15:30:00,PE,101,"45,4",IGARASSU,Reação tardia ou ineficiente do condutor,Colisão traseira,Com Vítimas Feridas,Pleno dia,Crescente,Céu Claro,Múltipla,Reta,Sim,3,0,2,0,1,0,2,2,"-7,86521297","-34,90715176",SPRF-PE,DEL01-PE,UOP02-DEL01-PE
421164,2022-03-17,quinta-feira,17:40:00,PE,316,43,ARARIPINA,Velocidade Incompatível,Colisão traseira,Com Vítimas Fatais,Plena Noite,Decrescente,Céu Claro,Simples,Reta;Aclive                   ,Não,2,1,0,0,0,1,0,2,"-7,67905502","-40,36951602",SPRF-PE,DEL05-PE,UOP02-DEL05-PE
421194,2022-03-18,sexta-feira,00:00:00,PE,232,62,POMBOS,Ingestão de álcool pelo condutor,Colisão traseira,Sem Vítimas,Plena Noite,Decrescente,Chuva,Simples,Reta,Não,2,0,0,0,1,1,0,2,"-8,15598579","-35,42308007",SPRF-PE,DEL02-PE,UOP02-DEL02PE
421206,2022-03-18,sexta-feira,04:00:00,PE,101,"69,5",RECIFE,Velocidade Incompatível,Tombamento,Com Vítimas Feridas,Plena Noite,Crescente,Céu Claro,Simples,Viaduto,Sim,1,0,1,0,0,0,1,1,"-8,0632736","-34,94414668",SPRF-PE,DEL01-PE,UOP01-DEL01-PE