id,data_inversa,dia_semana,horario,uf,br,km,municipio,causa_acidente,tipo_acidente,classificacao_acidente,fase_dia,sentido_via,condicao_metereologica,tipo_pista,tracado_via,uso_solo,pessoas,mortos,feridos_leves,feridos_graves,ilesos,ignorados,feridos,veiculos,latitude,longitude,regional,delegacia,uop
421210,2022-03-18,sexta-feira,05:00:00,PE,232,146,SAO CAITANO,Acessar a via sem observar a presença dos outros veículos,Atropelamento de Pedestre,Com Vítimas Feridas,Amanhecer,Decrescente,Céu Claro,Dupla,Aclive,Não,2,0,1,0,1,0,1,2,"-8,33218974","-36,12904312",SPRF-PE,DEL02-PE,UOP03-DEL02-PE
421382,2022-03-18,sexta-feira,21:50:00,PE,101,"67,5",RECIFE,Manobra de mudança de faixa,Colisão transversal,Com Vítimas Feridas,Plena Noite,Crescente,Chuva,Múltipla,Reta,Sim,4,0,2,0,2,0,2,2,"-8,048485","-34,945383",SPRF-PE,DEL01-PE,UOP01-DEL01-PE
421467,2022-03-19,sábado,08:30:00,PE,232,131,CARUARU,Velocidade Incompatível,Colisão traseira,Com Vítimas Feridas,Pleno dia,Crescente,Céu Claro,Dupla,Reta,Não,3,0,1,0,2,0,1,2,"-8,30117613","-35,99843996",SPRF-PE,DEL02-PE,UOP03-DEL02-PE
421469,2022-03-19,sábado,07:40:00,PE,101,44,IGARASSU,Reação tardia ou ineficiente do condutor,Colisão traseira,Com Vítimas Feridas,Pleno dia,Crescente,Céu Claro,Múltipla,Reta,Sim,3,0,0,1,2,0,1,3,"-7,85637001","-34,90842109",SPRF-PE,DEL01-PE,UOP02-DEL01-PE
421483,2022-01-29,sábado,19:40:00,PE,232,250,ARCOVERDE,Transitar na contramão,Colisão frontal,Com Vítimas Fatais,Plena Noite,Crescente,Nublado,Simples,Reta,Sim,4,3,0,0,1,0,0,2,"-8,42269348","-37,04650663",SPRF-PE,DEL03-PE,UOP02-DEL03-PE
421522,2022-03-19,sábado,12:40:00,PE,232,"4,6",RECIFE,Manobra de mudança de faixa,Atropelamento de Pedestre,Com Vítimas Feridas,Pleno dia,Decrescente,Céu Claro,Simples,Curva,Não,4,0,1,0,3,0,1,3,"-8,064473","-34,936928",SPRF-PE,DEL01-PE,UOP01-DEL01-PE
421650,2022-03-20,domingo,01:00:00,PE,423,84,SAO JOAO,Ingestão de álcool e/ou substâncias psicoativas pelo pedestre,Colisão lateral sentido oposto,Com Vítimas Feridas,Plena Noite,Crescente,Céu Claro,Simples,Reta,Não,4,0,0,1,3,0,1,2,"-8,798195","-36,43809",SPRF-PE,DEL03-PE,UOP01-DEL03-PE
421938,2022-03-21,segunda-feira,13:50:00,PE,232,"32,7",MORENO,Condutor deixou de manter distância do veículo da frente,Colisão traseira,Com Vítimas Feridas,Pleno dia,Decrescente,Céu Claro,Dupla,Reta,Não,2,0,1,0,1,0,1,2,"-8,10541732","-35,1665671",SPRF-PE,DEL01-PE,UOP01-DEL01-PE
421946,2022-03-21,segunda-feira,14:17:00,PE,101,46,IGARASSU,Velocidade Incompatível,Colisão lateral mesmo sentido,Com Vítimas Feridas,Pleno dia,Decrescente,Chuva,Múltipla,Reta,Sim,3,0,0,1,1,1,1,2,"-7,87406004","-34,90588126",SPRF-PE,DEL01-PE,UOP02-DEL01-PE
421952,2022-03-21,segunda-feira,13:00:00,PE,232,32,MORENO,Condutor Dormindo,Saída de leito carroçável,Com Vítimas Feridas,Pleno dia,Decrescente,Chuva,Dupla,Reta,Não,2,0,1,0,1,0,1,2,"-8,10541732","-35,1665671",SPRF-PE,DEL01-PE,UOP01-DEL01-PE
422109,2022-03-22,terça-feira,13:40:00,PE,101,"11,8",GOIANA,Demais falhas mecânicas ou elétricas,Colisão transversal,Com Vítimas Feridas,Pleno dia,Crescente,Nublado,Dupla,Reta,Não,3,0,1,1,1,0,2,2,"-7,59514001","-34,98460002",SPRF-PE,DEL01-PE,UOP02-DEL01-PE
422165,2022-03-22,terça-feira,19:40:00,PE,408,86,SAO LOURENCO DA MATA,Entrada inopinada do pedestre,Atropelamento de Pedestre,Com Vítimas Feridas,Plena Noite,Crescente,Nublado,Dupla,Reta,Não,2,0,0,1,1,0,1,2,"-7,96471754","-35,09290695",SPRF-PE,DEL01-PE,UOP01-DEL01-PE
422239,2022-03-23,quarta-feira,09:40:00,PE,101,"64,4",RECIFE,Manobra de mudança de faixa,Colisão lateral mesmo sentido,Com Vítimas Feridas,Pleno dia,Crescente,Céu Claro,Dupla,Reta,Sim,2,0,1,0,1,0,1,2,"-8,021344","-34,942766",SPRF-PE,DEL01-PE,UOP01-DEL01-PE
422310,2022-03-23,quarta-feira,18:20:00,PE,232,"76,6",GRAVATA,Pista esburacada,Colisão com objeto,Com Vítimas Feridas,Anoitecer,Decrescente,Chuva,Dupla,Reta,Sim,2,0,1,0,1,0,1,2,"-8,19368213","-35,54336786",SPRF-PE,DEL02-PE,UOP02-DEL02PE
422323,2022-03-23,quarta-feira,19:45:00,PE,104,"119,8",PANELAS,Problema com o freio,Colisão lateral mesmo sentido,Com Vítimas Feridas,Plena Noite,Decrescente,Céu Claro,Simples,Curva,Não,2,0,1,0,1,0,1,2,"-8,69214","-36,023621",SPRF-PE,DEL02-PE,UOP01-DEL02-PE
422329,2022-03-16,quarta-feira,15:30:00,PE,232,"25,6",MORENO,Ausência de reação do condutor,Colisão traseira,Com Vítimas Feridas,Pleno dia,Decrescente,Chuva,Dupla,Reta;Declive                  ,Não,3,0,1,0,2,0,1,2,"-8,11191765","-35,10836516",SPRF-PE,DEL01-PE,UOP01-DEL01-PE
422474,2022-03-24,quinta-feira,12:10:00,PE,232,"254,7",ARCOVERDE,Acessar a via sem observar a presença dos outros veículos,Tombamento,Com Vítimas Feridas,Pleno dia,Crescente,Céu Claro,Simples,Reta,Sim,5,0,0,1,1,3,1,3,"-8,41875994","-37,07859892",SPRF-PE,DEL03-PE,UOP02-DEL03-PE
422671,2022-03-11,sexta-feira,02:40:00,PE,101,"66,1",RECIFE,Reação tardia ou ineficiente do condutor,Tombamento,Com Vítimas Feridas,Plena Noite,Crescente,Nublado,Múltipla,Reta,Sim,1,0,1,0,0,0,1,1,"-8,03368534","-34,94184125",SPRF-PE,DEL01-PE,UOP01-DEL01-PE
422792,2022-03-26,sábado,07:50:00,PE,101,"74,5",RECIFE,Acesso irregular,Colisão transversal,Com Vítimas Feridas,Pleno dia,Crescente,Nublado,Dupla,Curva,Sim,4,0,1,1,1,1,2,3,"-8,105822","-34,9483712",SPRF-PE,DEL01-PE,UOP01-DEL01-PE
422811,2022-03-26,sábado,06:23:00,PE,232,"207,7",PESQUEIRA,Ingestão de álcool pelo condutor,Colisão traseira,Sem Vítimas,Pleno dia,Crescente,Céu Claro,Simples,Reta,Sim,2,0,0,0,2,0,0,2,"-8,2831328","-36,64434137",SPRF-PE,DEL03-PE,UOP02-DEL03-PE
423377,2022-03-29,terça-feira,09:50:00,PE,104,115,PANELAS,Desrespeitar a preferência no cruzamento,Colisão transversal,Com Vítimas Fatais,Pleno dia,Decrescente,Sol,Simples,Interseção de Vias;Reta;Decliv,Sim,7,2,0,1,0,4,1,7,"-8,66244511","-36,01451397",SPRF-PE,DEL02-PE,UOP01-DEL02-PE
423429,2022-03-29,terça-feira,17:10:00,PE,232,"32,8",MORENO,Acesso irregular,Colisão traseira,Com Vítimas Feridas,Anoitecer,Crescente,Céu Claro,Dupla,Reta,Não,3,0,1,0,1,1,1,2,"-8,10541732","-35,1665671",SPRF-PE,DEL01-PE,UOP01-DEL01-PE
423440,2022-03-29,terça-feira,17:55:00,PE,232,126,CARUARU,Manobra de mudança de faixa,Tombamento,Com Vítimas Feridas,Anoitecer,Crescente,Céu Claro,Dupla,Reta,Não,2,0,1,0,0,1,1,2,"-8,30819677","-35,95467594",SPRF-PE,DEL02-PE,UOP03-DEL02-PE
423441,2022-03-29,terça-feira,17:35:00,PE,101,"78,1",RECIFE,Condutor deixou de manter distância do veículo da frente,Colisão traseira,Com Vítimas Feridas,Anoitecer,Crescente,Céu Claro,Dupla,Reta,Não,2,0,1,0,1,0,1,2,"-8,13496499","-34,94738614",SPRF-PE,DEL01-PE,UOP01-DEL01-PE
423792,2022-03-20,domingo,04:30:00,PE,101,"185,8",PALMARES,Estacionar ou parar em local proibido,Colisão traseira,Com Vítimas Fatais,Plena Noite,Crescente,Céu Claro,Simples,Reta,Sim,2,1,0,0,1,0,0,2,"-8,675761","-35,576893",SPRF-PE,DEL01-PE,UOP01-DEL01-PE
423806,2022-03-31,quinta-feira,19:10:00,PE,424,"83,4",GARANHUNS,Reação tardia ou ineficiente do condutor,Saída de leito carroçável,Com Vítimas Feridas,Plena Noite,Decrescente,Nublado,Simples,Reta,Não,1,0,1,0,0,0,1,1,"-8,84593423","-36,52457016",SPRF-PE,DEL03-PE,UOP01-DEL03-PE
423888,2022-04-01,sexta-feira,10:30:00,PE,232,"172,2",BELO JARDIM,Carga excessiva e/ou mal acondicionada,Derramamento de carga,Com Vítimas Feridas,Pleno dia,Decrescente,Nublado,Simples,Curva;Aclive                  ,Não,2,0,0,1,1,0,1,2,"-8,33854887","-36,360134",SPRF-PE,DEL02-PE,UOP03-DEL02-PE
423896,2022-04-01,sexta-feira,11:50:00,PE,101,10,GOIANA,Curva acentuada,Tombamento,Com Vítimas Feridas,Pleno dia,Crescente,Céu Claro,Dupla,Retorno Regulamentado,Não,1,0,1,0,0,0,1,1,"-7,58679204","-34,98736241",SPRF-PE,DEL01-PE,UOP02-DEL01-PE
423913,2022-04-01,sexta-feira,14:15:00,PE,408,"73,9",PAUDALHO,Pedestre andava na pista,Atropelamento de Pedestre,Sem Vítimas,Pleno dia,Decrescente,Céu Claro,Dupla,Reta;Declive                  ,Sim,2,0,0,0,1,1,0,2,"-7,897951","-35,172841",SPRF-PE,DEL01-PE,UOP01-DEL01-PE
424223,2022-04-02,sábado,20:20:00,PE,428,"166,4",PETROLINA,Reação tardia ou ineficiente do condutor,Colisão traseira,Com Vítimas Fatais,Plena Noite,Decrescente,Céu Claro,Simples,Reta,Não,2,1,0,0,0,1,0,2,"-9,19296591","-40,38530011",SPRF-PE,DEL06-PE,UOP01-DEL06-PE
424326,2022-04-03,domingo,07:10:00,PE,423,107,CAETES,Retorno proibido,Colisão transversal,Com Vítimas Feridas,Pleno dia,Crescente,Céu Claro,Simples,Declive,Não,3,0,0,2,1,0,2,2,"-8,8839803","-36,58154392",SPRF-PE,DEL03-PE,UOP01-DEL03-PE
424496,2022-04-04,segunda-feira,01:00:00,PE,232,529,SALGUEIRO,Ausência de reação do condutor,Colisão traseira,Com Vítimas Feridas,Plena Noite,Decrescente,Céu Claro,Simples,Reta,Não,2,0,0,1,1,0,1,2,"-8,0741993","-39,30457709",SPRF-PE,DEL05-PE,UOP01-DEL05-PE
424531,2022-04-04,segunda-feira,08:00:00,PE,232,"22,3",MORENO,Reação tardia ou ineficiente do condutor,Saída de leito carroçável,Com Vítimas Feridas,Pleno dia,Crescente,Céu Claro,Dupla,Reta,Não,1,0,1,0,0,0,1,1,"-8,097586","-35,091036",SPRF-PE,DEL01-PE,UOP01-DEL01-PE
424647,2022-04-04,segunda-feira,22:00:00,PE,407,121,PETROLINA,Demais falhas mecânicas ou elétricas,Saída de leito carroçável,Com Vítimas Feridas,Plena Noite,Decrescente,Céu Claro,Simples,Reta,Não,7,0,2,0,5,0,2,1,"-9,34588493","-40,55509788",SPRF-PE,DEL06-PE,UOP01-DEL06-PE
424664,2022-04-05,terça-feira,04:40:00,PE,232,"412,6",SERRA TALHADA,Ingestão de álcool pelo condutor,Colisão frontal,Com Vítimas Feridas,Amanhecer,Crescente,Nublado,Simples,Ponte,Sim,2,0,1,0,1,0,1,2,"-7,98377927","-38,3208774",SPRF-PE,DEL04-PE,UOP01-DEL04-PE
424827,2022-04-05,terça-feira,22:51:00,PE,101,"19,2",GOIANA,Demais falhas mecânicas ou elétricas,Incêndio,Com Vítimas Feridas,Plena Noite,Crescente,Céu Claro,Dupla,Reta,Não,1,0,0,1,0,0,1,1,"-7,65403379","-34,94408281",SPRF-PE,DEL01-PE,UOP02-DEL01-PE
424892,2022-04-06,quarta-feira,10:30:00,PE,101,"45,7",IGARASSU,Reação tardia ou ineficiente do condutor,Colisão com objeto,Com Vítimas Feridas,Pleno dia,Decrescente,Nublado,Múltipla,Declive,Sim,2,0,1,0,1,0,1,1,"-7,86521297","-34,90715176",SPRF-PE,DEL01-PE,UOP02-DEL01-PE
425076,2022-04-02,sábado,20:15:00,PE,423,70,JUPI,Frear bruscamente,Engavetamento,Com Vítimas Feridas,Plena Noite,Decrescente,Céu Claro,Simples,Reta,Não,4,0,2,0,2,0,2,3,"-8,68393495","-36,40767506",SPRF-PE,DEL03-PE,UOP01-DEL03-PE
425086,2022-04-02,sábado,21:10:00,PE,232,"254,4",ARCOVERDE,Desrespeitar a preferência no cruzamento,Colisão lateral sentido oposto,Com Vítimas Feridas,Plena Noite,Crescente,Céu Claro,Simples,Reta,Sim,2,0,0,1,0,1,1,2,"-8,41875994","-37,07859892",SPRF-PE,DEL03-PE,UOP02-DEL03-PE
425097,2022-04-07,quinta-feira,01:30:00,PE,316,112,BODOCO,Reação tardia ou ineficiente do condutor,Saída de leito carroçável,Sem Vítimas,Amanhecer,Crescente,Céu Claro,Simples,Ponte,Não,1,0,0,0,1,0,0,1,"-7,982868","-39,84055",SPRF-PE,DEL05-PE,UOP02-DEL05-PE
432066,2022-04-08,sexta-feira,13:34:00,PE,104,"0,2",TAQUARITINGA DO NORTE,Pista Escorregadia,Tombamento,Com Vítimas Feridas,Pleno dia,Crescente,Nublado,Simples,Curva,Não,2,0,1,0,1,0,1,1,"-7,818907","-36,098557",SPRF-PE,DEL02-PE,UOP01-DEL02-PE
442759,2022-03-17,quinta-feira,23:15:00,PE,428,172,PETROLINA,Ingestão de álcool pelo condutor,Colisão transversal,Sem Vítimas,Plena Noite,Crescente,Céu Claro,Simples,Interseção de Vias,Sim,2,0,0,0,2,0,0,2,"-9,23632318","-40,41701564",SPRF-PE,DEL06-PE,UOP01-DEL06-PE
443048,2022-04-11,segunda-feira,23:20:00,PE,232,"105,6",BEZERROS,Ausência de reação do condutor,Colisão traseira,Com Vítimas Feridas,Plena Noite,Crescente,Nublado,Dupla,Reta;Aclive                   ,Não,3,0,0,1,2,0,1,3,"-8,25830415","-35,78275595",SPRF-PE,DEL02-PE,UOP02-DEL02PE
443103,2022-04-08,sexta-feira,22:15:00,PE,232,"83,1",GRAVATA,Reação tardia ou ineficiente do condutor,Colisão lateral mesmo sentido,Com Vítimas Feridas,Plena Noite,Crescente,Céu Claro,Dupla,Reta,Não,2,0,0,1,0,1,1,2,"-8,2024868","-35,59542005",SPRF-PE,DEL02-PE,UOP02-DEL02PE
443150,2022-04-09,sábado,16:55:00,PE,101,70,RECIFE,Ausência de reação do condutor,Colisão traseira,Com Vítimas Feridas,Pleno dia,Crescente,Céu Claro,Dupla,Reta,Sim,4,0,0,1,3,0,1,4,"-8,06776119","-34,94265074",SPRF-PE,DEL01-PE,UOP01-DEL01-PE
443178,2022-04-12,terça-feira,13:30:00,PE,101,"20,7",GOIANA,Manobra de mudança de faixa,Tombamento,Com Vítimas Feridas,Pleno dia,Crescente,Céu Claro,Dupla,Reta,Não,1,0,1,0,0,0,1,1,"-7,66042701","-34,93780401",SPRF-PE,DEL01-PE,UOP02-DEL01-PE
443313,2022-04-13,quarta-feira,06:45:00,PE,101,23,GOIANA,Acessar a via sem observar a presença dos outros veículos,Atropelamento de Pedestre,Com Vítimas Fatais,Amanhecer,Crescente,Sol,Múltipla,Reta,Não,2,1,0,0,1,0,0,2,"-7,667766","-34,93266",SPRF-PE,DEL01-PE,UOP02-DEL01-PE
443484,2022-04-13,quarta-feira,16:50:00,PE,101,"54,3",PAULISTA,Manobra de mudança de faixa,Colisão lateral mesmo sentido,Com Vítimas Feridas,Pleno dia,Decrescente,Céu Claro,Dupla,Reta,Não,3,0,2,0,1,0,2,2,"-7,93961103","-34,90356584",SPRF-PE,DEL01-PE,UOP02-DEL01-PE
443638,2022-04-14,quinta-feira,02:00:00,PE,110,"105,5",SERTANIA,Problema com o freio,Tombamento,Sem Vítimas,Pleno dia,Crescente,Céu Claro,Simples,Curva,Não,1,0,0,0,0,1,0,1,"-8,39951118","-37,35666188",SPRF-PE,DEL03-PE,UOP02-DEL03-PE
443672,2022-04-14,quinta-feira,12:50:00,PE,232,23,MORENO,Fumaça,Engavetamento,Com Vítimas Feridas,Pleno dia,Crescente,Céu Claro,Dupla,Reta,Não,11,0,6,0,5,0,6,7,"-8,0992185","-35,09713887",SPRF-PE,DEL01-PE,UOP01-DEL01-PE
443769,2022-04-14,quinta-feira,17:45:00,PE,101,"48,9",ABREU E LIMA,Manobra de mudança de faixa,Colisão lateral mesmo sentido,Sem Vítimas,Anoitecer,Decrescente,Céu Claro,Múltipla,Reta,Sim,2,0,0,0,2,0,0,2,"-7,89174705","-34,9033493",SPRF-PE,DEL01-PE,UOP02-DEL01-PE
443809,2022-04-14,quinta-feira,16:55:00,PE,316,124,PARNAMIRIM,Condutor usando celular,Saída de leito carroçável,Com Vítimas Feridas,Anoitecer,Crescente,Céu Claro,Simples,Reta,Não,1,0,1,0,0,0,1,1,"-8,02226451","-39,74844622",SPRF-PE,DEL05-PE,UOP02-DEL05-PE
444143,2022-04-04,segunda-feira,09:30:00,PE,101,51,ABREU E LIMA,Manobra de mudança de faixa,Colisão lateral mesmo sentido,Com Vítimas Feridas,Pleno dia,Crescente,Sol,Múltipla,Reta,Sim,3,0,0,1,2,0,1,2,"-7,9169968","-34,89689272",SPRF-PE,DEL01-PE,UOP02-DEL01-PE
444240,2022-04-17,domingo,10:10:00,PE,101,76,RECIFE,Manobra de mudança de faixa,Colisão lateral mesmo sentido,Sem Vítimas,Pleno dia,Crescente,Sol,Dupla,Viaduto,Sim,4,0,0,0,4,0,0,2,"-8,11813811","-34,94329214",SPRF-PE,DEL01-PE,UOP01-DEL01-PE
444464,2022-04-18,segunda-feira,06:05:00,PE,101,49,ABREU E LIMA,Trafegar com motocicleta (ou similar) entre as faixas,Queda de ocupante de veículo,Com Vítimas Feridas,Pleno dia,Crescente,Céu Claro,Dupla,Reta,Sim,3,0,0,1,1,1,1,3,"-7,9005152","-34,90180641",SPRF-PE,DEL01-PE,UOP02-DEL01-PE
444670,2022-04-19,terça-feira,02:40:00,PE,316,"249,7",BELEM DE SAO FRANCISCO,Reação tardia ou ineficiente do condutor,Tombamento,Com Vítimas Feridas,Amanhecer,Crescente,Céu Claro,Simples,Curva,Não,1,0,1,0,0,0,1,1,"-8,6737083","-38,97854215",SPRF-PE,DEL05-PE,UOP03-DEL05-PE
444957,2022-04-09,sábado,19:00:00,PE,116,16,SALGUEIRO,Reação tardia ou ineficiente do condutor,Colisão traseira,Com Vítimas Feridas,Plena Noite,Decrescente,Céu Claro,Simples,Curva,Não,4,0,1,0,3,0,1,2,"-7,984905","-39,137447",SPRF-PE,DEL05-PE,UOP01-DEL05-PE
445002,2022-04-20,quarta-feira,16:40:00,PE,428,"187,2",PETROLINA,Manobra de mudança de faixa,Colisão frontal,Com Vítimas Feridas,Pleno dia,Crescente,Céu Claro,Simples,Reta,Sim,2,0,0,1,1,0,1,2,"-9,35604301","-40,47854198",SPRF-PE,DEL06-PE,UOP01-DEL06-PE
445021,2022-04-20,quarta-feira,18:00:00,PE,408,"90,4",SAO LOURENCO DA MATA,Carga excessiva e/ou mal acondicionada,Capotamento,Com Vítimas Feridas,Anoitecer,Crescente,Nublado,Dupla,Reta,Não,4,0,2,0,0,2,2,2,"-7,991256","-35,073919",SPRF-PE,DEL01-PE,UOP01-DEL01-PE
445260,2022-04-22,sexta-feira,04:03:00,PE,232,58,POMBOS,Estacionar ou parar em local proibido,Colisão com objeto,Com Vítimas Fatais,Amanhecer,Crescente,Nublado,Simples,Aclive,Sim,2,1,0,0,0,1,0,2,"-8,14462866","-35,39034714",SPRF-PE,DEL02-PE,UOP02-DEL02PE
445364,2022-04-22,sexta-feira,15:00:00,PE,423,"27,3",SAO CAITANO,Demais falhas mecânicas ou elétricas,Incêndio,Com Vítimas Feridas,Pleno dia,Decrescente,Sol,Simples,Reta,Não,1,0,1,0,0,0,1,1,"-8,39548998","-36,18077804",SPRF-PE,DEL03-PE,UOP02-DEL03-PE
445383,2022-04-22,sexta-feira,17:50:00,PE,101,"38,4",IGARASSU,Demais falhas mecânicas ou elétricas,Tombamento,Sem Vítimas,Plena Noite,Decrescente,Nublado,Dupla,Reta;Aclive                   ,Não,1,0,0,0,0,1,0,1,"-7,79726705","-34,9274932",SPRF-PE,DEL01-PE,UOP02-DEL01-PE
445492,2022-04-23,sábado,05:20:00,PE,316,82,OURICURI,Ausência de reação do condutor,Colisão traseira,Com Vítimas Fatais,Pleno dia,Decrescente,Chuva,Simples,Reta,Não,2,1,0,0,0,1,0,2,"-7,8712915","-40,09366321",SPRF-PE,DEL05-PE,UOP02-DEL05-PE
445561,2022-04-23,sábado,15:55:00,PE,232,17,JABOATAO DOS GUARARAPES,Acessar a via sem observar a presença dos outros veículos,Colisão com objeto,Com Vítimas Feridas,Pleno dia,Crescente,Céu Claro,Dupla,Reta,Não,3,0,1,1,1,0,2,2,"-8,09822484","-35,06316202",SPRF-PE,DEL01-PE,UOP01-DEL01-PE
445925,2022-04-12,terça-feira,10:45:00,PE,424,"71,4",CAETES,Problema com o freio,Saída de leito carroçável,Com Vítimas Fatais,Pleno dia,Crescente,Céu Claro,Simples,Declive;Reta                  ,Não,2,1,0,0,0,1,0,2,"-8,78427532","-36,61322121",SPRF-PE,DEL03-PE,UOP01-DEL03-PE
445947,2022-04-25,segunda-feira,09:30:00,PE,232,"194,2",SANHARO,Entrada inopinada do pedestre,Atropelamento de Pedestre,Com Vítimas Fatais,Pleno dia,Crescente,Céu Claro,Simples,Reta,Sim,2,1,0,0,0,1,0,2,"-8,362455","-36,55566",SPRF-PE,DEL03-PE,UOP02-DEL03-PE
445970,2022-04-25,segunda-feira,11:26:00,PE,101,35,IGARASSU,Acumulo de água sobre o pavimento,Tombamento,Com Vítimas Feridas,Pleno dia,Decrescente,Chuva,Dupla,Declive,Não,1,0,0,1,0,0,1,1,"-7,77952193","-34,93231384",SPRF-PE,DEL01-PE,UOP02-DEL01-PE
445974,2022-04-25,segunda-feira,11:30:00,PE,232,212,PESQUEIRA,Acessar a via sem observar a presença dos outros veículos,Colisão transversal,Com Vítimas Feridas,Pleno dia,Crescente,Céu Claro,Simples,Reta,Não,3,0,1,1,1,0,2,2,"-8,37328104","-36,71376998",SPRF-PE,DEL03-PE,UOP02-DEL03-PE
446084,2022-04-25,segunda-feira,22:30:00,PE,423,95,GARANHUNS,Transitar na contramão,Colisão lateral sentido oposto,Sem Vítimas,Plena Noite,Crescente,Chuva,Simples,Curva,Sim,2,0,0,0,2,0,0,2,"-8,87891989","-36,47796305",SPRF-PE,DEL03-PE,UOP01-DEL03-PE
446211,2022-04-26,terça-feira,14:20:00,PE,104,17,TAQUARITINGA DO NORTE,Avarias e/ou desgaste excessivo no pneu,Tombamento,Com Vítimas Feridas,Pleno dia,Decrescente,Céu Claro,Simples,Reta,Não,1,0,1,0,0,0,1,1,"-7,931927","-36,11956",SPRF-PE,DEL02-PE,UOP01-DEL02-PE
446268,2022-04-27,quarta-feira,03:00:00,PE,101,"121,8",ESCADA,Condutor Dormindo,Saída de leito carroçável,Sem Vítimas,Plena Noite,Decrescente,Garoa/Chuvisco,Dupla,Reta,Não,1,0,0,0,1,0,0,1,"-8,35685707","-35,18628296",SPRF-PE,DEL01-PE,UOP03-DEL01-PE
446295,2022-04-27,quarta-feira,08:10:00,PE,423,93,GARANHUNS,Condutor deixou de manter distância do veículo da frente,Colisão traseira,Sem Vítimas,Pleno dia,Crescente,Céu Claro,Simples,Rotatória,Sim,3,0,0,0,3,0,0,2,"-8,86972012","-36,46323792",SPRF-PE,DEL03-PE,UOP01-DEL03-PE
446331,2022-04-27,quarta-feira,12:50:00,PE,232,"7,8",RECIFE,Acumulo de areia ou detritos sobre o pavimento,Colisão traseira,Sem Vítimas,Pleno dia,Decrescente,Sol,Múltipla,Reta,Sim,2,0,0,0,2,0,0,2,"-8,07333497","-34,96184301",SPRF-PE,DEL01-PE,UOP01-DEL01-PE
446526,2022-04-28,quinta-feira,16:15:00,PE,101,"74,1",RECIFE,Chuva,Eventos atípicos,Com Vítimas Feridas,Pleno dia,Decrescente,Chuva,Dupla,Reta,Sim,1,0,0,1,0,0,1,1,"-8,10146485","-34,94901577",SPRF-PE,DEL01-PE,UOP01-DEL01-PE
446675,2022-04-29,sexta-feira,13:10:00,PE,423,92,GARANHUNS,Ausência de reação do condutor,Colisão traseira,Sem Vítimas,Pleno dia,Crescente,Nublado,Simples,Reta,Não,5,0,0,0,5,0,0,2,"-8,8619549","-36,46381174",SPRF-PE,DEL03-PE,UOP01-DEL03-PE
446683,2022-04-29,sexta-feira,12:30:00,PE,232,"40,3",VITORIA DE SANTO ANTAO,Ausência de reação do condutor,Saída de leito carroçável,Com Vítimas Feridas,Pleno dia,Crescente,Nublado,Dupla,Reta,Não,3,0,1,0,2,0,1,2,"-8,114014","-35,242661",SPRF-PE,DEL01-PE,UOP01-DEL01-PE
446693,2022-04-29,sexta-feira,14:49:00,PE,101,68,RECIFE,Ausência de reação do condutor,Colisão traseira,Com Vítimas Feridas,Pleno dia,Decrescente,Chuva,Múltipla,Reta,Sim,3,0,1,0,2,0,1,3,"-8,04176524","-34,94267106",SPRF-PE,DEL01-PE,UOP01-DEL01-PE
446905,2022-04-30,sábado,13:10:00,PE,428,186,PETROLINA,Condutor deixou de manter distância do veículo da frente,Colisão traseira,Sem Vítimas,Pleno dia,Decrescente,Céu Claro,Simples,Reta,Sim,2,0,0,0,2,0,0,2,"-9,34807826","-40,47441248",SPRF-PE,DEL06-PE,UOP01-DEL06-PE
447022,2022-05-01,domingo,01:25:00,PE,428,176,PETROLINA,Transitar na contramão,Colisão lateral sentido oposto,Sem Vítimas,Plena Noite,Crescente,Céu Claro,Simples,Reta,Não,2,0,0,0,1,1,0,2,"-9,26824308","-40,43343586",SPRF-PE,DEL06-PE,UOP01-DEL06-PE
447037,2022-05-01,domingo,03:00:00,PE,423,76,JUCATI,Ausência de reação do condutor,Colisão frontal,Sem Vítimas,Plena Noite,Crescente,Céu Claro,Simples,Aclive,Não,2,0,0,0,1,1,0,2,"-8,73183901","-36,43146015",SPRF-PE,DEL03-PE,UOP01-DEL03-PE
447319,2022-05-02,segunda-feira,12:14:00,PE,232,10,JABOATAO DOS GUARARAPES,Reação tardia ou ineficiente do condutor,Colisão traseira,Com Vítimas Feridas,Pleno dia,Decrescente,Nublado,Dupla,Reta,Sim,2,0,1,0,1,0,1,2,"-8,07917241","-34,98718609",SPRF-PE,DEL01-PE,UOP01-DEL01-PE
447337,2022-05-02,segunda-feira,12:15:00,PE,101,58,RECIFE,Manobra de mudança de faixa,Colisão traseira,Com Vítimas Feridas,Pleno dia,Crescente,Nublado,Dupla,Reta;Ponte;Declive            ,Sim,2,0,0,1,1,0,1,2,"-7,97063209","-34,92064675",SPRF-PE,DEL01-PE,UOP02-DEL01-PE
447355,2022-05-02,segunda-feira,14:55:00,PE,104,"78,8",AGRESTINA,Ultrapassagem Indevida,Colisão frontal,Com Vítimas Feridas,Pleno dia,Decrescente,Nublado,Simples,Reta,Sim,3,0,2,0,1,0,2,2,"-8,461552","-35,94022",SPRF-PE,DEL02-PE,UOP01-DEL02-PE