id,data_inversa,dia_semana,horario,uf,br,km,municipio,causa_acidente,tipo_acidente,classificacao_acidente,fase_dia,sentido_via,condicao_metereologica,tipo_pista,tracado_via,uso_solo,pessoas,mortos,feridos_leves,feridos_graves,ilesos,ignorados,feridos,veiculos,latitude,longitude,regional,delegacia,uop
447413,2022-05-02,segunda-feira,18:20:00,PE,232,"305,3",SERTANIA,Desvio temporário,Colisão frontal,Com Vítimas Fatais,Plena Noite,Crescente,Chuva,Simples,Reta,Não,3,1,0,1,1,0,1,2,"-8,19109556","-37,44132256",SPRF-PE,DEL04-PE,UOP02-DEL04-PE
447590,2022-04-22,sexta-feira,13:40:00,PE,101,76,RECIFE,Velocidade Incompatível,Saída de leito carroçável,Com Vítimas Fatais,Pleno dia,Decrescente,Céu Claro,Dupla,Viaduto,Sim,2,1,0,0,1,0,0,2,"-8,11813811","-34,94329214",SPRF-PE,DEL01-PE,UOP01-DEL01-PE
447676,2022-05-04,quarta-feira,07:50:00,PE,428,"187,8",PETROLINA,Condutor deixou de manter distância do veículo da frente,Colisão traseira,Com Vítimas Feridas,Pleno dia,Crescente,Céu Claro,Simples,Reta,Sim,2,0,1,0,1,0,1,2,"-9,36400596","-40,48266808",SPRF-PE,DEL06-PE,UOP01-DEL06-PE
448211,2022-05-07,sábado,04:30:00,PE,232,56,POMBOS,Demais falhas mecânicas ou elétricas,Colisão traseira,Com Vítimas Feridas,Amanhecer,Decrescente,Céu Claro,Dupla,Reta,Não,3,0,1,1,1,0,2,2,"-8,13762681","-35,37336212",SPRF-PE,DEL02-PE,UOP02-DEL02PE
448329,2022-05-07,sábado,16:00:00,PE,101,"85,8",JABOATAO DOS GUARARAPES,Entrada inopinada do pedestre,Atropelamento de Pedestre,Com Vítimas Fatais,Pleno dia,Decrescente,Nublado,Dupla,Reta,Não,3,1,0,1,1,0,1,3,"-8,182058","-34,962012",SPRF-PE,DEL01-PE,UOP01-DEL01-PE
448393,2022-05-07,sábado,22:10:00,PE,116,24,SALGUEIRO,Condutor deixou de manter distância do veículo da frente,Colisão traseira,Com Vítimas Feridas,Plena Noite,Crescente,Nublado,Simples,Reta,Não,2,0,0,1,0,1,1,2,"-8,052562","-39,13718",SPRF-PE,DEL05-PE,UOP01-DEL05-PE
448531,2022-05-08,domingo,15:17:00,PE,232,"181,5",BELO JARDIM,Acesso irregular,Colisão transversal,Com Vítimas Feridas,Pleno dia,Decrescente,Céu Claro,Simples,Reta,Sim,3,0,1,1,1,0,2,2,"-8,347333","-36,442786",SPRF-PE,DEL03-PE,UOP02-DEL03-PE
448637,2022-05-08,domingo,21:00:00,PE,232,453,SAO JOSE DO BELMONTE,Reação tardia ou ineficiente do condutor,Colisão traseira,Sem Vítimas,Plena Noite,Crescente,Céu Claro,Simples,Reta,Não,2,0,0,0,2,0,0,2,"-7,99350616","-38,65927493",SPRF-PE,DEL04-PE,UOP01-DEL04-PE
448735,2022-05-09,segunda-feira,12:45:00,PE,101,"52,5",PAULISTA,Condutor deixou de manter distância do veículo da frente,Saída de leito carroçável,Com Vítimas Feridas,Pleno dia,Decrescente,Nublado,Dupla,Reta,Sim,5,0,3,1,1,0,4,3,"-7,92358799","-34,89607201",SPRF-PE,DEL01-PE,UOP02-DEL01-PE
448785,2022-02-16,quarta-feira,06:45:00,PE,101,"73,4",RECIFE,Ausência de reação do condutor,Saída de leito carroçável,Com Vítimas Feridas,Pleno dia,Decrescente,Chuva,Dupla,Curva,Não,1,0,1,0,0,0,1,1,"-8,093369","-34,947464",SPRF-PE,DEL01-PE,UOP01-DEL01-PE
448905,2022-05-10,terça-feira,05:30:00,PE,232,463,MIRANDIBA,Ultrapassagem Indevida,Colisão lateral mesmo sentido,Sem Vítimas,Pleno dia,Decrescente,Céu Claro,Simples,Curva,Não,3,0,0,0,3,0,0,2,"-8,02597343","-38,74003812",SPRF-PE,DEL05-PE,UOP01-DEL05-PE
448930,2022-05-10,terça-feira,13:40:00,PE,101,"189,6",PALMARES,Mal súbito do condutor,Colisão traseira,Com Vítimas Feridas,Pleno dia,Decrescente,Sol,Dupla,Reta,Não,3,0,1,0,2,0,1,3,"-8,69036647","-35,60430503",SPRF-PE,DEL01-PE,UOP03-DEL01-PE
448931,2022-05-10,terça-feira,13:19:00,PE,232,"82,6",GRAVATA,Ausência de reação do condutor,Saída de leito carroçável,Com Vítimas Fatais,Pleno dia,Crescente,Céu Claro,Dupla,Reta,Sim,2,1,0,0,1,0,0,2,"-8,19905415","-35,58715194",SPRF-PE,DEL02-PE,UOP02-DEL02PE
448947,2022-05-10,terça-feira,14:00:00,PE,101,73,RECIFE,Ausência de reação do condutor,Colisão transversal,Com Vítimas Feridas,Pleno dia,Decrescente,Sol,Dupla,Retorno Regulamentado,Sim,3,0,2,0,1,0,2,2,"-8,09921962","-34,95006859",SPRF-PE,DEL01-PE,UOP01-DEL01-PE
449011,2022-05-10,terça-feira,20:30:00,PE,407,"105,4",PETROLINA,Demais falhas mecânicas ou elétricas,Colisão traseira,Com Vítimas Feridas,Plena Noite,Decrescente,Céu Claro,Simples,Reta,Não,3,0,2,0,1,0,2,2,"-9,228751","-40,62363",SPRF-PE,DEL06-PE,UOP01-DEL06-PE
449151,2022-02-15,terça-feira,21:08:00,PE,316,28,ARARIPINA,Transitar no acostamento,Colisão lateral mesmo sentido,Sem Vítimas,Plena Noite,Crescente,Ignorado,Simples,Reta,Não,2,0,0,0,2,0,0,2,"-7,61746864","-40,48060285",SPRF-PE,DEL05-PE,UOP02-DEL05-PE
449288,2022-05-11,quarta-feira,19:50:00,PE,101,"58,8",RECIFE,Mal súbito do condutor,Colisão lateral sentido oposto,Com Vítimas Feridas,Plena Noite,Crescente,Céu Claro,Dupla,Ponte,Sim,3,0,2,0,1,0,2,3,"-7,97063209","-34,92064675",SPRF-PE,DEL01-PE,UOP02-DEL01-PE
449329,2022-05-12,quinta-feira,00:30:00,PE,101,"54,4",PAULISTA,Ingestão de álcool pelo condutor,Saída de leito carroçável,Com Vítimas Feridas,Plena Noite,Decrescente,Céu Claro,Simples,Curva,Sim,1,0,1,0,0,0,1,1,"-7,93961103","-34,90356584",SPRF-PE,DEL01-PE,UOP02-DEL01-PE
449557,2022-05-13,sexta-feira,07:20:00,PE,101,34,IGARASSU,Ausência de reação do condutor,Colisão traseira,Com Vítimas Feridas,Pleno dia,Crescente,Chuva,Dupla,Reta,Não,2,0,0,1,1,0,1,2,"-7,77092801","-34,93524623",SPRF-PE,DEL01-PE,UOP02-DEL01-PE
449612,2022-05-13,sexta-feira,11:35:00,PE,408,63,CARPINA,Acessar a via sem observar a presença dos outros veículos,Queda de ocupante de veículo,Com Vítimas Feridas,Pleno dia,Decrescente,Céu Claro,Simples,Reta,Sim,3,0,0,1,0,2,1,3,"-7,840093","-35,240428",SPRF-PE,DEL01-PE,UOP01-DEL01-PE
449627,2022-05-13,sexta-feira,15:25:00,PE,407,"66,3",PETROLINA,Mal súbito do condutor,Colisão com objeto,Com Vítimas Fatais,Pleno dia,Decrescente,Sol,Simples,Declive,Não,4,3,0,0,1,0,0,2,"-8,89749109","-40,75149321",SPRF-PE,DEL06-PE,UOP02-DEL06-PE
449650,2022-05-13,sexta-feira,10:40:00,PE,232,"81,8",GRAVATA,Acumulo de água sobre o pavimento,Saída de leito carroçável,Sem Vítimas,Pleno dia,Crescente,Garoa/Chuvisco,Dupla,Reta,Sim,1,0,0,0,1,0,0,1,"-8,19697746","-35,57850408",SPRF-PE,DEL02-PE,UOP02-DEL02PE
449804,2022-05-14,sábado,12:20:00,PE,101,"43,8",IGARASSU,Reação tardia ou ineficiente do condutor,Engavetamento,Com Vítimas Feridas,Pleno dia,Crescente,Nublado,Múltipla,Reta,Sim,6,0,3,0,3,0,3,4,"-7,84753808","-34,90977038",SPRF-PE,DEL01-PE,UOP02-DEL01-PE
449873,2022-05-14,sábado,16:00:00,PE,316,238,BELEM DE SAO FRANCISCO,Demais falhas mecânicas ou elétricas,Incêndio,Sem Vítimas,Pleno dia,Crescente,Céu Claro,Simples,Reta,Não,1,0,0,0,1,0,0,1,"-8,62871324","-39,06725909",SPRF-PE,DEL05-PE,UOP03-DEL05-PE
450457,2022-05-17,terça-feira,17:11:00,PE,101,51,ABREU E LIMA,Manobra de mudança de faixa,Saída de leito carroçável,Com Vítimas Feridas,Anoitecer,Decrescente,Céu Claro,Múltipla,Reta,Sim,3,0,2,0,1,0,2,2,"-7,9169968","-34,89689272",SPRF-PE,DEL01-PE,UOP02-DEL01-PE
450520,2022-02-13,domingo,17:15:00,PE,116,"27,5",SALGUEIRO,Transitar na contramão,Colisão frontal,Com Vítimas Feridas,Pleno dia,Crescente,Céu Claro,Simples,Reta,Sim,2,0,1,0,1,0,1,2,"-8,08148825","-39,12864815",SPRF-PE,DEL05-PE,UOP01-DEL05-PE
450646,2022-05-18,quarta-feira,20:30:00,PE,316,4,ARARIPINA,Transitar na contramão,Colisão transversal,Com Vítimas Fatais,Plena Noite,Decrescente,Céu Claro,Simples,Reta,Não,4,1,2,1,0,0,3,2,"-7,46125825","-40,62917726",SPRF-PE,DEL05-PE,UOP02-DEL05-PE
450665,2022-05-19,quinta-feira,04:45:00,PE,101,"4,7",GOIANA,Manobra de mudança de faixa,Colisão lateral mesmo sentido,Sem Vítimas,Amanhecer,Crescente,Nublado,Dupla,Reta,Não,2,0,0,0,2,0,0,2,"-7,53264499","-34,99145786",SPRF-PE,DEL01-PE,UOP02-DEL01-PE
450736,2022-05-19,quinta-feira,15:15:00,PE,116,29,SALGUEIRO,Carga excessiva e/ou mal acondicionada,Tombamento,Com Vítimas Feridas,Pleno dia,Crescente,Céu Claro,Simples,Aclive;Ponte;Reta             ,Não,1,0,1,0,0,0,1,1,"-8,09494","-39,124596",SPRF-PE,DEL05-PE,UOP01-DEL05-PE
451037,2022-05-21,sábado,01:00:00,PE,101,"86,2",JABOATAO DOS GUARARAPES,Acostamento em desnível,Tombamento,Com Vítimas Feridas,Plena Noite,Decrescente,Nublado,Dupla,Reta,Não,1,0,1,0,0,0,1,1,"-8,18470013","-34,96816895",SPRF-PE,DEL01-PE,UOP01-DEL01-PE
451105,2022-05-21,sábado,10:40:00,PE,101,"48,5",ABREU E LIMA,Acessar a via sem observar a presença dos outros veículos,Colisão transversal,Com Vítimas Feridas,Pleno dia,Decrescente,Céu Claro,Múltipla,Reta,Sim,2,0,0,1,1,0,1,2,"-7,89174705","-34,9033493",SPRF-PE,DEL01-PE,UOP02-DEL01-PE
451142,2022-05-21,sábado,14:00:00,PE,101,70,RECIFE,Reação tardia ou ineficiente do condutor,Colisão traseira,Com Vítimas Feridas,Pleno dia,Decrescente,Céu Claro,Simples,Curva,Sim,2,0,1,0,1,0,1,2,"-8,06704799","-34,93862629",SPRF-PE,DEL01-PE,UOP01-DEL01-PE
451153,2022-05-21,sábado,14:30:00,PE,423,"60,6",LAJEDO,Velocidade Incompatível,Colisão lateral sentido oposto,Com Vítimas Feridas,Pleno dia,Crescente,Céu Claro,Simples,Reta,Sim,3,0,1,0,2,0,1,2,"-8,657389","-36,325698",SPRF-PE,DEL03-PE,UOP01-DEL03-PE
451298,2022-05-22,domingo,06:46:00,PE,116,31,SALGUEIRO,Acessar a via sem observar a presença dos outros veículos,Colisão lateral mesmo sentido,Com Vítimas Fatais,Pleno dia,Crescente,Céu Claro,Simples,Curva,Não,2,1,0,0,0,1,0,2,"-8,11305","-39,123844",SPRF-PE,DEL05-PE,UOP01-DEL05-PE
451314,2022-05-22,domingo,09:56:00,PE,232,125,CARUARU,Manobra de mudança de faixa,Capotamento,Com Vítimas Feridas,Pleno dia,Crescente,Céu Claro,Dupla,Reta,Não,2,0,1,0,1,0,1,2,"-8,30807114","-35,94580097",SPRF-PE,DEL02-PE,UOP01-DEL02-PE
451453,2022-05-23,segunda-feira,02:47:00,PE,316,299,FLORESTA,Ingestão de álcool pelo condutor,Colisão frontal,Com Vítimas Fatais,Plena Noite,Crescente,Nublado,Simples,Ponte,Não,3,1,0,1,0,1,1,2,"-8,61538377","-38,61337608",SPRF-PE,DEL04-PE,UOP03-DEL04-PE
451509,2022-05-23,segunda-feira,04:10:00,PE,116,6,SALGUEIRO,Avarias e/ou desgaste excessivo no pneu,Tombamento,Com Vítimas Feridas,Pleno dia,Crescente,Céu Claro,Simples,Curva,Não,2,0,1,0,1,0,1,1,"-7,905812","-39,117022",SPRF-PE,DEL05-PE,UOP01-DEL05-PE
451685,2022-05-24,terça-feira,08:00:00,PE,232,"7,5",RECIFE,Acessar a via sem observar a presença dos outros veículos,Colisão lateral mesmo sentido,Com Vítimas Feridas,Pleno dia,Decrescente,Nublado,Dupla,Reta,Sim,2,0,1,0,1,0,1,2,"-8,06795766","-34,94535414",SPRF-PE,DEL01-PE,UOP01-DEL01-PE
451698,2022-05-24,terça-feira,10:30:00,PE,101,"91,4",CABO DE SANTO AGOSTINHO,Condutor deixou de manter distância do veículo da frente,Colisão transversal,Com Vítimas Feridas,Pleno dia,Decrescente,Chuva,Dupla,Reta,Sim,5,0,1,0,4,0,1,2,"-8,22399812","-34,99290474",SPRF-PE,DEL01-PE,UOP01-DEL01-PE
451748,2022-05-24,terça-feira,15:45:00,PE,101,40,IGARASSU,Condutor deixou de manter distância do veículo da frente,Colisão traseira,Com Vítimas Feridas,Pleno dia,Decrescente,Chuva,Múltipla,Reta,Sim,3,0,1,0,1,1,1,3,"-7,821475","-34,916545",SPRF-PE,DEL01-PE,UOP02-DEL01-PE
451825,2022-05-24,terça-feira,21:00:00,PE,424,"47,6",VENTUROSA,Chuva,Derramamento de carga,Sem Vítimas,Plena Noite,Crescente,Garoa/Chuvisco,Simples,Curva;Aclive                  ,Não,2,0,0,0,2,0,0,1,"-8,69835023","-36,78668889",SPRF-PE,DEL03-PE,UOP01-DEL03-PE
451877,2022-05-25,quarta-feira,08:35:00,PE,101,"83,6",JABOATAO DOS GUARARAPES,Acessar a via sem observar a presença dos outros veículos,Colisão transversal,Com Vítimas Feridas,Pleno dia,Crescente,Chuva,Dupla,Reta,Sim,3,0,2,0,1,0,2,2,"-8,175172","-34,942642",SPRF-PE,DEL01-PE,UOP01-DEL01-PE
452356,2022-05-27,sexta-feira,18:21:00,PE,232,117,CARUARU,Ausência de reação do condutor,Saída de leito carroçável,Com Vítimas Fatais,Plena Noite,Crescente,Chuva,Dupla,Reta,Não,1,1,0,0,0,0,0,1,"-8,29529153","-35,8754959",SPRF-PE,DEL02-PE,UOP01-DEL02-PE
452644,2022-05-28,sábado,20:30:00,PE,407,"99,9",PETROLINA,Pedestre andava na pista,Atropelamento de Pedestre,Com Vítimas Fatais,Plena Noite,Crescente,Céu Claro,Simples,Reta,Não,3,2,0,0,0,1,0,2,"-9,16794101","-40,63520122",SPRF-PE,DEL06-PE,UOP02-DEL06-PE
452713,2022-05-29,domingo,08:00:00,PE,407,"123,8",PETROLINA,Velocidade Incompatível,Tombamento,Com Vítimas Fatais,Pleno dia,Crescente,Céu Claro,Simples,Reta,Sim,2,1,0,0,1,0,0,2,"-9,37155186","-40,54021597",SPRF-PE,DEL06-PE,UOP01-DEL06-PE
453108,2022-05-31,terça-feira,11:25:00,PE,423,"114,6",PARANATAMA,Condutor deixou de manter distância do veículo da frente,Colisão traseira,Com Vítimas Feridas,Pleno dia,Crescente,Nublado,Simples,Reta,Não,2,0,1,0,1,0,1,2,"-8,8998297","-36,64277108",SPRF-PE,DEL03-PE,UOP01-DEL03-PE
453182,2022-05-31,terça-feira,19:00:00,PE,428,"189,7",PETROLINA,Condutor desrespeitou a iluminação vermelha do semáforo,Colisão transversal,Sem Vítimas,Plena Noite,Crescente,Céu Claro,Dupla,Retorno Regulamentado,Sim,2,0,0,0,2,0,0,2,"-9,3779122","-40,50412509",SPRF-PE,DEL06-PE,UOP01-DEL06-PE
453210,2022-05-31,terça-feira,20:30:00,PE,232,458,MIRANDIBA,Condutor Dormindo,Tombamento,Sem Vítimas,Plena Noite,Decrescente,Ignorado,Simples,Reta,Não,1,0,0,0,1,0,0,1,"-8,021237","-38,710278",SPRF-PE,DEL05-PE,UOP01-DEL05-PE
453289,2022-05-11,quarta-feira,16:40:00,PE,101,26,MORENO,Acessar a via sem observar a presença dos outros veículos,Saída de leito carroçável,Com Vítimas Feridas,Pleno dia,Crescente,Nublado,Dupla,Reta,Não,3,0,1,0,2,0,1,2,"-8,114424","-35,125227",SPRF-PE,DEL01-PE,UOP02-DEL01-PE
453388,2022-06-01,quarta-feira,23:40:00,PE,423,177,AGUAS BELAS,Transitar no acostamento,Colisão lateral mesmo sentido,Com Vítimas Fatais,Plena Noite,Crescente,Chuva,Simples,Interseção de Vias,Sim,2,1,0,0,0,1,0,2,"-9,13016345","-37,11460498",SPRF-AL,DEL03-AL,UOP02-DEL03-AL
453437,2022-06-02,quinta-feira,07:00:00,PE,232,"58,8",POMBOS,Pista esburacada,Colisão traseira,Com Vítimas Feridas,Pleno dia,Decrescente,Céu Claro,Dupla,Reta,Sim,3,0,1,0,2,0,1,2,"-8,14462866","-35,39034714",SPRF-PE,DEL02-PE,UOP02-DEL02PE
453536,2022-06-02,quinta-feira,18:40:00,PE,424,"13,9",PEDRA,Reação tardia ou ineficiente do condutor,Colisão lateral sentido oposto,Sem Vítimas,Plena Noite,Decrescente,Chuva,Simples,Reta,Não,3,0,0,0,3,0,0,3,"-8,49825471","-36,98339299",SPRF-PE,DEL04-PE,UOP02-DEL04-PE
453562,2022-06-02,quinta-feira,23:20:00,PE,232,14,JABOATAO DOS GUARARAPES,Ausência de reação do condutor,Colisão traseira,Com Vítimas Feridas,Plena Noite,Decrescente,Chuva,Dupla,Reta,Sim,3,0,2,0,1,0,2,2,"-8,09025488","-35,02052302",SPRF-PE,DEL01-PE,UOP01-DEL01-PE
453574,2022-06-03,sexta-feira,03:30:00,PE,101,92,CABO DE SANTO AGOSTINHO,Reação tardia ou ineficiente do condutor,Saída de leito carroçável,Com Vítimas Feridas,Plena Noite,Decrescente,Chuva,Dupla,Reta,Não,1,0,1,0,0,0,1,1,"-8,23201792","-34,99778611",SPRF-PE,DEL01-PE,UOP01-DEL01-PE
453686,2022-06-03,sexta-feira,14:30:00,PE,116,42,SALGUEIRO,Demais falhas mecânicas ou elétricas,Tombamento,Sem Vítimas,Pleno dia,Crescente,Garoa/Chuvisco,Simples,Curva;Aclive                  ,Não,3,0,0,0,1,2,0,2,"-8,205779","-39,104805",SPRF-PE,DEL05-PE,UOP01-DEL05-PE
453933,2022-06-04,sábado,18:10:00,PE,232,197,SANHARO,Ingestão de álcool pelo condutor,Colisão frontal,Com Vítimas Feridas,Plena Noite,Crescente,Chuva,Simples,Reta,Sim,5,0,0,4,1,0,4,2,"-8,36891793","-36,580362",SPRF-PE,DEL03-PE,UOP02-DEL03-PE
454199,2022-06-06,segunda-feira,01:40:00,PE,232,62,POMBOS,Problema com o freio,Colisão lateral mesmo sentido,Com Vítimas Feridas,Plena Noite,Decrescente,Nublado,Dupla,Declive;Curva                 ,Não,2,0,1,1,0,0,2,2,"-8,15598579","-35,42308007",SPRF-PE,DEL02-PE,UOP02-DEL02PE
454511,2022-06-07,terça-feira,17:39:00,PE,101,"82,9",JABOATAO DOS GUARARAPES,Reação tardia ou ineficiente do condutor,Engavetamento,Com Vítimas Feridas,Anoitecer,Decrescente,Céu Claro,Dupla,Viaduto,Sim,6,0,1,1,4,0,2,5,"-8,175172","-34,942642",SPRF-PE,DEL01-PE,UOP01-DEL01-PE
454512,2022-06-07,terça-feira,14:12:00,PE,104,17,TAQUARITINGA DO NORTE,Demais falhas mecânicas ou elétricas,Colisão transversal,Com Vítimas Feridas,Pleno dia,Decrescente,Céu Claro,Simples,Reta,Não,2,0,0,1,1,0,1,2,"-7,931927","-36,11956",SPRF-PE,DEL02-PE,UOP01-DEL02-PE
454708,2022-06-08,quarta-feira,20:10:00,PE,423,"63,8",LAJEDO,Ingestão de álcool e/ou substâncias psicoativas pelo pedestre,Atropelamento de Pedestre,Com Vítimas Fatais,Plena Noite,Crescente,Nublado,Simples,Reta;Aclive                   ,Não,3,1,1,0,0,1,1,3,"-8,66219547","-36,34708912",SPRF-PE,DEL03-PE,UOP01-DEL03-PE
454867,2022-06-09,quinta-feira,16:15:00,PE,428,84,SANTA MARIA DA BOA VISTA,Pedestre cruzava a pista fora da faixa,Atropelamento de Pedestre,Com Vítimas Feridas,Pleno dia,Crescente,Céu Claro,Simples,Declive,Sim,2,0,1,0,0,1,1,2,"-8,79836855","-39,83115382",SPRF-PE,DEL06-PE,UOP03-DEL06-PE
455134,2022-06-11,sábado,00:30:00,PE,423,"103,6",GARANHUNS,Transitar na contramão,Colisão frontal,Com Vítimas Fatais,Plena Noite,Crescente,Garoa/Chuvisco,Simples,Reta,Não,3,1,0,2,0,0,2,2,"-8,87451577","-36,54667007",SPRF-PE,DEL03-PE,UOP01-DEL03-PE
455242,2022-06-11,sábado,18:00:00,PE,232,"408,1",SERRA TALHADA,Transitar na contramão,Colisão lateral sentido oposto,Com Vítimas Feridas,Plena Noite,Decrescente,Nublado,Simples,Reta,Sim,2,0,0,1,1,0,1,2,"-7,98391393","-38,27946967",SPRF-PE,DEL04-PE,UOP01-DEL04-PE
455473,2022-06-12,domingo,19:50:00,PE,232,"353,4",FLORES,Reação tardia ou ineficiente do condutor,Colisão frontal,Com Vítimas Fatais,Plena Noite,Decrescente,Céu Claro,Simples,Reta,Não,2,1,0,0,1,0,0,2,"-8,06062868","-37,81332091",SPRF-PE,DEL04-PE,UOP02-DEL04-PE
455562,2022-06-13,segunda-feira,08:10:00,PE,232,7,RECIFE,Acessar a via sem observar a presença dos outros veículos,Colisão lateral mesmo sentido,Sem Vítimas,Pleno dia,Decrescente,Céu Claro,Dupla,Interseção de Vias,Sim,2,0,0,0,2,0,0,2,"-8,07333497","-34,96184301",SPRF-PE,DEL01-PE,UOP01-DEL01-PE
455747,2022-06-14,terça-feira,07:52:00,PE,101,45,IGARASSU,Reação tardia ou ineficiente do condutor,Engavetamento,Sem Vítimas,Pleno dia,Decrescente,Céu Claro,Múltipla,Reta,Sim,4,0,0,0,4,0,0,4,"-7,86521297","-34,90715176",SPRF-PE,DEL01-PE,UOP02-DEL01-PE
455779,2022-06-14,terça-feira,12:59:00,PE,316,287,BELEM DE SAO FRANCISCO,Reação tardia ou ineficiente do condutor,Colisão frontal,Com Vítimas Feridas,Pleno dia,Crescente,Nublado,Simples,Ponte;Declive;Reta            ,Não,3,0,1,2,0,0,3,2,"-8,65078679","-38,71584407",SPRF-PE,DEL04-PE,UOP03-DEL04-PE
455874,2022-06-14,terça-feira,20:55:00,PE,101,41,IGARASSU,Condutor deixou de manter distância do veículo da frente,Colisão traseira,Com Vítimas Feridas,Pleno dia,Crescente,Céu Claro,Múltipla,Interseção de Vias,Sim,4,0,1,0,2,1,1,3,"-7,83038346","-34,91426785",SPRF-PE,DEL01-PE,UOP02-DEL01-PE
455950,2022-06-15,quarta-feira,10:20:00,PE,232,291,SERTANIA,Chuva,Saída de leito carroçável,Com Vítimas Feridas,Pleno dia,Crescente,Chuva,Simples,Curva,Não,2,0,2,0,0,0,2,1,"-8,29907379","-37,3757158",SPRF-PE,DEL04-PE,UOP02-DEL04-PE
456012,2022-06-15,quarta-feira,13:50:00,PE,101,107,CABO DE SANTO AGOSTINHO,Manobra de mudança de faixa,Colisão lateral mesmo sentido,Sem Vítimas,Pleno dia,Crescente,Chuva,Dupla,Reta,Não,2,0,0,0,2,0,0,2,"-8,30976839","-35,08440011",SPRF-PE,DEL01-PE,UOP03-DEL01-PE
456059,2022-06-15,quarta-feira,19:08:00,PE,232,"25,5",MORENO,Condutor deixou de manter distância do veículo da frente,Colisão traseira,Com Vítimas Feridas,Plena Noite,Decrescente,Nublado,Dupla,Reta,Não,3,0,2,0,0,1,2,2,"-8,11191765","-35,10836516",SPRF-PE,DEL01-PE,UOP01-DEL01-PE
456108,2022-06-16,quinta-feira,00:30:00,PE,232,"8,5",RECIFE,Retorno proibido,Colisão transversal,Com Vítimas Feridas,Plena Noite,Decrescente,Céu Claro,Dupla,Reta;Em Obras                 ,Não,2,0,1,0,1,0,1,2,"-8,07583727","-34,97015791",SPRF-PE,DEL01-PE,UOP01-DEL01-PE
456235,2022-06-16,quinta-feira,17:30:00,PE,424,90,GARANHUNS,Manobra de mudança de faixa,Colisão transversal,Com Vítimas Feridas,Anoitecer,Crescente,Chuva,Simples,Reta,Sim,5,0,2,0,2,1,2,3,"-8,89635706","-36,50157593",SPRF-PE,DEL03-PE,UOP01-DEL03-PE
456291,2022-06-17,sexta-feira,00:05:00,PE,316,296,ITACURUBA,Pista esburacada,Derramamento de carga,Com Vítimas Feridas,Plena Noite,Decrescente,Nublado,Simples,Reta,Não,3,0,1,0,2,0,1,1,"-8,62420972","-38,6390001",SPRF-PE,DEL04-PE,UOP03-DEL04-PE
456339,2022-06-17,sexta-feira,10:00:00,PE,408,67,PAUDALHO,Reação tardia ou ineficiente do condutor,Colisão traseira,Com Vítimas Feridas,Pleno dia,Decrescente,Nublado,Dupla,Reta,Não,3,0,1,0,0,2,1,3,"-7,861007","-35,210028",SPRF-PE,DEL01-PE,UOP01-DEL01-PE
456377,2022-06-17,sexta-feira,17:30:00,PE,101,"66,5",RECIFE,Condutor deixou de manter distância do veículo da frente,Colisão traseira,Com Vítimas Feridas,Anoitecer,Crescente,Céu Claro,Múltipla,Reta,Sim,2,0,1,0,1,0,1,2,"-8,03368534","-34,94184125",SPRF-PE,DEL01-PE,UOP01-DEL01-PE
456420,2022-06-17,sexta-feira,08:30:00,PE,101,189,PALMARES,Reação tardia ou ineficiente do condutor,Tombamento,Com Vítimas Feridas,Pleno dia,Decrescente,Céu Claro,Dupla,Curva;Retorno Regulamentado   ,Sim,1,0,1,0,0,0,1,1,"-8,69036647","-35,60430503",SPRF-PE,DEL01-PE,UOP03-DEL01-PE
456445,2022-06-18,sábado,00:00:00,PE,232,182,BELO JARDIM,Ausência de sinalização,Colisão frontal,Com Vítimas Feridas,Plena Noite,Decrescente,Chuva,Simples,Reta,Sim,5,0,2,1,2,0,3,2,"-8,346327","-36,438035",SPRF-PE,DEL03-PE,UOP02-DEL03-PE
456473,2022-06-18,sábado,04:31:00,PE,232,234,PESQUEIRA,Transitar na contramão,Colisão frontal,Com Vítimas Feridas,Amanhecer,Decrescente,Garoa/Chuvisco,Simples,Reta,Não,2,0,0,1,1,0,1,2,"-8,40708897","-36,910579",SPRF-PE,DEL04-PE,UOP02-DEL04-PE
456593,2022-06-18,sábado,18:44:00,PE,408,66,CARPINA,Ultrapassagem Indevida,Colisão traseira,Com Vítimas Feridas,Plena Noite,Decrescente,Céu Claro,Dupla,Reta,Sim,6,0,5,0,1,0,5,2,"-7,85456416","-35,22363707",SPRF-PE,DEL01-PE,UOP01-DEL01-PE
456677,2022-06-19,domingo,04:53:00,PE,232,"133,1",CARUARU,Condutor deixou de manter distância do veículo da frente,Colisão traseira,Com Vítimas Feridas,Amanhecer,Decrescente,Chuva,Dupla,Reta,Sim,3,0,1,0,2,0,1,2,"-8,30607988","-36,01576003",SPRF-PE,DEL02-PE,UOP01-DEL02-PE
456753,2022-06-19,domingo,12:20:00,PE,104,79,AGRESTINA,Reação tardia ou ineficiente do condutor,Colisão lateral sentido oposto,Sem Vítimas,Pleno dia,Crescente,Nublado,Dupla,Reta,Não,2,0,0,0,2,0,0,2,"-8,389074","-35,974712",SPRF-PE,DEL02-PE,UOP01-DEL02-PE