id,data_inversa,dia_semana,horario,uf,br,km,municipio,causa_acidente,tipo_acidente,classificacao_acidente,fase_dia,sentido_via,condicao_metereologica,tipo_pista,tracado_via,uso_solo,pessoas,mortos,feridos_leves,feridos_graves,ilesos,ignorados,feridos,veiculos,latitude,longitude,regional,delegacia,uop
457104,2022-06-21,terça-feira,10:05:00,PE,101,54,PAULISTA,Manobra de mudança de faixa,Colisão lateral mesmo sentido,Sem Vítimas,Pleno dia,Crescente,Céu Claro,Dupla,Ponte;Reta                    ,Não,2,0,0,0,2,0,0,2,"-7,93961103","-34,90356584",SPRF-PE,DEL01-PE,UOP02-DEL01-PE
457198,2022-06-21,terça-feira,19:35:00,PE,232,"178,4",BELO JARDIM,Pedestre cruzava a pista fora da faixa,Atropelamento de Pedestre,Com Vítimas Fatais,Plena Noite,Decrescente,Nublado,Simples,Reta,Sim,3,1,0,0,1,1,0,2,"-8,347448","-36,411818",SPRF-PE,DEL03-PE,UOP02-DEL03-PE
457369,2022-06-22,quarta-feira,18:00:00,PE,101,"73,9",RECIFE,Transitar no acostamento,Colisão lateral mesmo sentido,Sem Vítimas,Plena Noite,Crescente,Chuva,Dupla,Reta;Em Obras                 ,Sim,3,0,0,0,3,0,0,2,"-8,102779","-34,948531",SPRF-PE,DEL01-PE,UOP01-DEL01-PE
457454,2022-06-23,quinta-feira,07:00:00,PE,232,"25,6",MORENO,Demais falhas mecânicas ou elétricas,Incêndio,Sem Vítimas,Pleno dia,Crescente,Nublado,Dupla,Reta,Não,2,0,0,0,2,0,0,1,"-8,11191765","-35,10836516",SPRF-PE,DEL01-PE,UOP01-DEL01-PE
457557,2022-06-23,quinta-feira,14:20:00,PE,101,"162,3",GAMELEIRA,Demais falhas mecânicas ou elétricas,Incêndio,Sem Vítimas,Pleno dia,Decrescente,Garoa/Chuvisco,Dupla,Reta,Sim,1,0,0,0,1,0,0,1,"-8,55169716","-35,43739509",SPRF-PE,DEL01-PE,UOP03-DEL01-PE
457753,2022-06-24,sexta-feira,15:35:00,PE,428,183,PETROLINA,Ingestão de álcool pelo condutor,Colisão frontal,Com Vítimas Feridas,Pleno dia,Decrescente,Céu Claro,Simples,Reta,Sim,2,0,1,0,1,0,1,2,"-9,32412987","-40,46211325",SPRF-PE,DEL06-PE,UOP01-DEL06-PE
457760,2022-06-24,sexta-feira,17:00:00,PE,101,80,JABOATAO DOS GUARARAPES,Ausência de reação do condutor,Colisão traseira,Com Vítimas Feridas,Pleno dia,Decrescente,Sol,Dupla,Reta,Sim,3,0,1,1,1,0,2,2,"-8,15112589","-34,9428866",SPRF-PE,DEL01-PE,UOP01-DEL01-PE
457971,2022-06-25,sábado,18:40:00,PE,232,27,MORENO,Demais falhas mecânicas ou elétricas,Incêndio,Sem Vítimas,Plena Noite,Crescente,Céu Claro,Dupla,Reta,Não,1,0,0,0,1,0,0,1,"-8,11418416","-35,12568999",SPRF-PE,DEL01-PE,UOP01-DEL01-PE
458193,2022-06-05,domingo,19:15:00,PE,423,"82,2",JUCATI,Acessar a via sem observar a presença dos outros veículos,Colisão transversal,Com Vítimas Fatais,Plena Noite,Crescente,Garoa/Chuvisco,Simples,Reta,Não,4,2,0,0,0,2,0,4,"-8,78236498","-36,43093004",SPRF-PE,DEL03-PE,UOP01-DEL03-PE
458226,2022-06-26,domingo,22:10:00,PE,232,"392,7",SERRA TALHADA,Ingestão de álcool pelo condutor,Colisão lateral sentido oposto,Sem Vítimas,Plena Noite,Crescente,Nublado,Simples,Reta,Não,3,0,0,0,3,0,0,3,"-8,02959891","-38,15663598",SPRF-PE,DEL04-PE,UOP01-DEL04-PE
458310,2022-06-27,segunda-feira,12:37:00,PE,101,74,RECIFE,Demais falhas mecânicas ou elétricas,Eventos atípicos,Com Vítimas Feridas,Pleno dia,Decrescente,Céu Claro,Dupla,Reta,Sim,3,0,1,1,1,0,2,2,"-8,10146485","-34,94901577",SPRF-PE,DEL01-PE,UOP01-DEL01-PE
458472,2022-06-28,terça-feira,10:10:00,PE,424,0,ARCOVERDE,Conversão proibida,Colisão traseira,Sem Vítimas,Pleno dia,Decrescente,Céu Claro,Simples,Rotatória,Sim,2,0,0,0,2,0,0,2,"-8,43086","-37,06536",SPRF-PE,DEL04-PE,UOP02-DEL04-PE
458502,2022-06-28,terça-feira,12:30:00,PE,101,"209,1",XEXEU,Reação tardia ou ineficiente do condutor,Colisão traseira,Com Vítimas Feridas,Pleno dia,Crescente,Sol,Dupla,Reta,Sim,3,0,2,0,1,0,2,2,"-8,83806024","-35,63692618",SPRF-PE,DEL01-PE,UOP03-DEL01-PE
458719,2022-06-29,quarta-feira,13:00:00,PE,104,21,TAQUARITINGA DO NORTE,Acostamento em desnível,Saída de leito carroçável,Com Vítimas Feridas,Pleno dia,Crescente,Céu Claro,Simples,Declive;Curva                 ,Não,1,0,1,0,0,0,1,1,"-7,964189","-36,124378",SPRF-PE,DEL02-PE,UOP01-DEL02-PE
458896,2022-06-30,quinta-feira,22:10:00,PE,424,"79,4",GARANHUNS,Sinalização mal posicionada,Colisão traseira,Com Vítimas Feridas,Plena Noite,Crescente,Garoa/Chuvisco,Simples,Aclive,Não,2,0,0,1,1,0,1,2,"-8,827574","-36,551026",SPRF-PE,DEL03-PE,UOP01-DEL03-PE
458951,2022-06-23,quinta-feira,01:23:00,PE,101,"127,8",ESCADA,Pedestre andava na pista,Atropelamento de Pedestre,Com Vítimas Fatais,Plena Noite,Crescente,Céu Claro,Múltipla,Reta,Sim,2,1,0,0,0,1,0,2,"-8,37472564","-35,23663257",SPRF-PE,DEL01-PE,UOP03-DEL01-PE
459009,2022-07-01,sexta-feira,14:13:00,PE,232,62,POMBOS,Problema com o freio,Colisão traseira,Com Vítimas Feridas,Pleno dia,Decrescente,Nublado,Dupla,Curva,Não,2,0,1,0,1,0,1,2,"-8,15598579","-35,42308007",SPRF-PE,DEL02-PE,UOP02-DEL02PE
459070,2022-07-01,sexta-feira,19:17:00,PE,424,64,CAETES,Transitar na contramão,Colisão frontal,Com Vítimas Feridas,Plena Noite,Crescente,Nevoeiro/Neblina,Simples,Reta,Não,4,0,1,0,3,0,1,2,"-8,753403","-36,667581",SPRF-PE,DEL03-PE,UOP01-DEL03-PE
459099,2022-07-01,sexta-feira,20:00:00,PE,232,"370,9",FLORES,Acessar a via sem observar a presença dos outros veículos,Colisão transversal,Com Vítimas Feridas,Plena Noite,Decrescente,Céu Claro,Simples,Reta,Não,3,0,2,0,1,0,2,2,"-8,0321374","-37,96567213",SPRF-PE,DEL04-PE,UOP01-DEL04-PE
459108,2022-07-01,sexta-feira,21:55:00,PE,101,"60,5",RECIFE,Manobra de mudança de faixa,Colisão lateral mesmo sentido,Com Vítimas Feridas,Plena Noite,Crescente,Nublado,Dupla,Reta,Sim,2,0,1,0,1,0,1,2,"-7,98344307","-34,93176727",SPRF-PE,DEL01-PE,UOP02-DEL01-PE
459170,2022-07-01,sexta-feira,21:30:00,PE,116,2,SALGUEIRO,Carga excessiva e/ou mal acondicionada,Tombamento,Com Vítimas Feridas,Plena Noite,Decrescente,Garoa/Chuvisco,Simples,Reta,Não,2,0,2,0,0,0,2,1,"-7,873192","-39,099377",SPRF-PE,DEL05-PE,UOP01-DEL05-PE
459206,2022-07-02,sábado,07:45:00,PE,316,"74,8",OURICURI,Ausência de reação do condutor,Colisão traseira,Com Vítimas Feridas,Pleno dia,Crescente,Garoa/Chuvisco,Simples,Reta,Não,2,0,0,1,1,0,1,2,"-7,82841159","-40,15111969",SPRF-PE,DEL05-PE,UOP02-DEL05-PE
459303,2022-07-02,sábado,18:40:00,PE,423,"179,4",AGUAS BELAS,Pista esburacada,Saída de leito carroçável,Com Vítimas Feridas,Plena Noite,Decrescente,Chuva,Simples,Reta,Não,1,0,1,0,0,0,1,1,"-9,13075762","-37,13273498",SPRF-AL,DEL03-AL,UOP02-DEL03-AL
459408,2022-07-03,domingo,08:40:00,PE,116,"33,5",SALGUEIRO,Condutor deixou de manter distância do veículo da frente,Colisão traseira,Com Vítimas Feridas,Pleno dia,Decrescente,Céu Claro,Simples,Reta,Não,2,0,0,1,0,1,1,2,"-8,127007","-39,115208",SPRF-PE,DEL05-PE,UOP01-DEL05-PE
459519,2022-07-03,domingo,18:15:00,PE,316,81,OURICURI,Acessar a via sem observar a presença dos outros veículos,Colisão lateral mesmo sentido,Com Vítimas Feridas,Plena Noite,Crescente,Céu Claro,Simples,Reta,Sim,3,0,2,0,1,0,2,2,"-7,86751496","-40,10182598",SPRF-PE,DEL05-PE,UOP02-DEL05-PE
459925,2022-07-05,terça-feira,19:45:00,PE,232,"449,5",SAO JOSE DO BELMONTE,Demais falhas mecânicas ou elétricas,Saída de leito carroçável,Com Vítimas Feridas,Plena Noite,Crescente,Nublado,Simples,Curva,Não,2,0,2,0,0,0,2,1,"-7,98629482","-38,62748158",SPRF-PE,DEL04-PE,UOP01-DEL04-PE
460061,2022-07-06,quarta-feira,09:30:00,PE,423,182,AGUAS BELAS,Condutor deixou de manter distância do veículo da frente,Colisão traseira,Com Vítimas Feridas,Pleno dia,Crescente,Chuva,Simples,Reta;Ponte                    ,Não,5,0,2,1,2,0,3,2,"-9,13504335","-37,15938706",SPRF-AL,DEL03-AL,UOP02-DEL03-AL
460182,2022-07-06,quarta-feira,17:30:00,PE,101,"80,9",JABOATAO DOS GUARARAPES,Trafegar com motocicleta (ou similar) entre as faixas,Colisão lateral mesmo sentido,Com Vítimas Feridas,Amanhecer,Decrescente,Céu Claro,Dupla,Reta,Não,3,0,0,1,2,0,1,3,"-8,15112589","-34,9428866",SPRF-PE,DEL01-PE,UOP01-DEL01-PE
460355,2022-07-08,sexta-feira,07:50:00,PE,101,"79,6",JABOATAO DOS GUARARAPES,Problema com o freio,Colisão frontal,Com Vítimas Feridas,Pleno dia,Decrescente,Céu Claro,Dupla,Reta,Sim,3,0,1,0,2,0,1,2,"-8,14366112","-34,94723453",SPRF-PE,DEL01-PE,UOP01-DEL01-PE
460373,2022-07-08,sexta-feira,09:10:00,PE,101,78,RECIFE,Manobra de mudança de faixa,Colisão lateral mesmo sentido,Sem Vítimas,Pleno dia,Crescente,Nublado,Dupla,Reta,Sim,2,0,0,0,2,0,0,2,"-8,133763","-34,947327",SPRF-PE,DEL01-PE,UOP01-DEL01-PE
460462,2022-07-08,sexta-feira,16:20:00,PE,101,"66,8",RECIFE,Acessar a via sem observar a presença dos outros veículos,Colisão lateral mesmo sentido,Sem Vítimas,Pleno dia,Decrescente,Nublado,Dupla,Interseção de Vias,Sim,2,0,0,0,2,0,0,2,"-8,04049044","-34,94227409",SPRF-PE,DEL01-PE,UOP01-DEL01-PE
460892,2022-07-10,domingo,14:45:00,PE,232,"9,5",RECIFE,Condutor deixou de manter distância do veículo da frente,Colisão traseira,Sem Vítimas,Pleno dia,Decrescente,Céu Claro,Dupla,Declive,Sim,2,0,0,0,2,0,0,2,"-8,07764447","-34,97863609",SPRF-PE,DEL01-PE,UOP01-DEL01-PE
461025,2022-07-11,segunda-feira,05:50:00,PE,232,59,POMBOS,Condutor deixou de manter distância do veículo da frente,Colisão traseira,Com Vítimas Feridas,Amanhecer,Decrescente,Nublado,Dupla,Declive,Não,2,0,1,0,0,1,1,2,"-8,1471233","-35,39890998",SPRF-PE,DEL02-PE,UOP02-DEL02PE
461261,2022-07-12,terça-feira,08:10:00,PE,101,"123,7",ESCADA,Mal súbito do condutor,Colisão traseira,Com Vítimas Feridas,Pleno dia,Decrescente,Sol,Dupla,Reta,Não,2,0,1,0,1,0,1,2,"-8,35963442","-35,20419694",SPRF-PE,DEL01-PE,UOP03-DEL01-PE
461311,2022-07-12,terça-feira,17:00:00,PE,232,"277,7",SERTANIA,Transitar na contramão,Colisão frontal,Com Vítimas Fatais,Anoitecer,Decrescente,Céu Claro,Simples,Declive;Reta                  ,Sim,3,2,0,0,1,0,0,2,"-8,36441811","-37,26769611",SPRF-PE,DEL04-PE,UOP02-DEL04-PE
461421,2022-07-13,quarta-feira,07:40:00,PE,423,"42,8",CACHOEIRINHA,Transitar na contramão,Colisão frontal,Com Vítimas Feridas,Pleno dia,Decrescente,Chuva,Simples,Reta,Não,3,0,0,1,1,1,1,3,"-8,50897803","-36,25103394",SPRF-PE,DEL03-PE,UOP01-DEL03-PE
461477,2022-07-13,quarta-feira,13:30:00,PE,104,"0,6",TAQUARITINGA DO NORTE,Reação tardia ou ineficiente do condutor,Colisão frontal,Com Vítimas Feridas,Pleno dia,Crescente,Garoa/Chuvisco,Simples,Reta;Declive                  ,Não,2,0,1,0,0,1,1,2,"-7,783875","-36,10333",SPRF-PE,DEL02-PE,UOP01-DEL02-PE
461558,2022-06-16,quinta-feira,11:30:00,PE,232,"557,5",PARNAMIRIM,Transitar na contramão,Colisão frontal,Com Vítimas Fatais,Pleno dia,Crescente,Céu Claro,Simples,Reta,Não,4,1,1,0,2,0,1,2,"-8,09398724","-39,54986293",SPRF-PE,DEL05-PE,UOP01-DEL05-PE
461567,2022-07-14,quinta-feira,04:30:00,PE,101,"115,7",IPOJUCA,Pista esburacada,Tombamento,Sem Vítimas,Amanhecer,Crescente,Chuva,Dupla,Curva,Não,1,0,0,0,1,0,0,1,"-8,33783596","-35,14164006",SPRF-PE,DEL01-PE,UOP03-DEL01-PE
461663,2022-06-29,quarta-feira,05:30:00,PE,101,"76,5",RECIFE,Manobra de mudança de faixa,Colisão lateral mesmo sentido,Com Vítimas Feridas,Amanhecer,Decrescente,Garoa/Chuvisco,Dupla,Reta,Sim,3,0,0,1,2,0,1,3,"-8,12445","-34,943743",SPRF-PE,DEL01-PE,UOP01-DEL01-PE
461744,2022-07-15,sexta-feira,05:35:00,PE,110,"96,6",SERTANIA,Condutor Dormindo,Saída de leito carroçável,Com Vítimas Feridas,Amanhecer,Decrescente,Céu Claro,Simples,Reta,Não,4,0,0,4,0,0,4,1,"-8,34796366","-37,26585388",SPRF-PE,DEL04-PE,UOP02-DEL04-PE
461788,2022-07-15,sexta-feira,11:25:00,PE,101,68,RECIFE,Trafegar com motocicleta (ou similar) entre as faixas,Colisão lateral mesmo sentido,Com Vítimas Feridas,Pleno dia,Decrescente,Céu Claro,Múltipla,Viaduto,Sim,2,0,1,0,1,0,1,2,"-8,05074296","-34,94580619",SPRF-PE,DEL01-PE,UOP01-DEL01-PE
461901,2022-07-15,sexta-feira,18:30:00,PE,232,339,CUSTODIA,Ingestão de álcool pelo condutor,Colisão lateral sentido oposto,Com Vítimas Feridas,Plena Noite,Crescente,Céu Claro,Simples,Reta,Não,2,0,1,0,1,0,1,2,"-8,08234604","-37,68530299",SPRF-PE,DEL04-PE,UOP02-DEL04-PE
461950,2022-07-16,sábado,03:15:00,PE,407,127,PETROLINA,Condutor desrespeitou a iluminação vermelha do semáforo,Colisão transversal,Com Vítimas Feridas,Plena Noite,Crescente,Céu Claro,Simples,Interseção de Vias,Sim,3,0,1,0,1,1,1,2,"-9,3908678","-40,52038627",SPRF-PE,DEL06-PE,UOP01-DEL06-PE
462473,2022-07-18,segunda-feira,20:00:00,PE,101,"78,7",RECIFE,Reação tardia ou ineficiente do condutor,Colisão traseira,Com Vítimas Fatais,Plena Noite,Crescente,Céu Claro,Dupla,Curva,Sim,4,2,0,0,2,0,0,4,"-8,13496499","-34,94738614",SPRF-PE,DEL01-PE,UOP01-DEL01-PE
462807,2022-07-20,quarta-feira,14:20:00,PE,101,"65,6",RECIFE,Ausência de reação do condutor,Colisão traseira,Com Vítimas Feridas,Pleno dia,Decrescente,Nublado,Múltipla,Reta,Sim,3,0,1,0,2,0,1,3,"-8,031838","-34,942488",SPRF-PE,DEL01-PE,UOP01-DEL01-PE
462847,2022-07-20,quarta-feira,18:00:00,PE,232,10,JABOATAO DOS GUARARAPES,Reação tardia ou ineficiente do condutor,Saída de leito carroçável,Com Vítimas Feridas,Plena Noite,Decrescente,Chuva,Dupla,Reta;Em Obras                 ,Não,2,0,1,0,1,0,1,1,"-8,07917241","-34,98718609",SPRF-PE,DEL01-PE,UOP01-DEL01-PE
462875,2022-07-20,quarta-feira,19:00:00,PE,232,101,BEZERROS,Ausência de reação do condutor,Saída de leito carroçável,Sem Vítimas,Plena Noite,Decrescente,Garoa/Chuvisco,Dupla,Reta;Declive                  ,Sim,1,0,0,0,1,0,0,1,"-8,24194679","-35,75097313",SPRF-PE,DEL02-PE,UOP02-DEL02PE
462880,2022-07-20,quarta-feira,15:00:00,PE,101,192,PALMARES,Reação tardia ou ineficiente do condutor,Colisão traseira,Com Vítimas Feridas,Pleno dia,Crescente,Nublado,Múltipla,Reta;Aclive                   ,Não,2,0,0,1,1,0,1,2,"-8,71282291","-35,60955915",SPRF-PE,DEL01-PE,UOP03-DEL01-PE
462923,2022-07-21,quinta-feira,05:49:00,PE,101,"128,2",ESCADA,Deficiência do Sistema de Iluminação/Sinalização,Colisão lateral mesmo sentido,Sem Vítimas,Pleno dia,Decrescente,Céu Claro,Dupla,Reta,Sim,2,0,0,0,2,0,0,2,"-8,37986492","-35,24406405",SPRF-PE,DEL01-PE,UOP03-DEL01-PE
463137,2022-07-22,sexta-feira,07:00:00,PE,424,"85,8",GARANHUNS,Acessar a via sem observar a presença dos outros veículos,Colisão transversal,Sem Vítimas,Pleno dia,Decrescente,Nevoeiro/Neblina,Simples,Declive,Não,2,0,0,0,2,0,0,2,"-8,85702308","-36,51218326",SPRF-PE,DEL03-PE,UOP01-DEL03-PE
463306,2022-07-22,sexta-feira,19:25:00,PE,101,"69,6",RECIFE,Ausência de reação do condutor,Colisão lateral mesmo sentido,Sem Vítimas,Plena Noite,Decrescente,Nublado,Simples,Curva,Sim,2,0,0,0,2,0,0,2,"-8,05951606","-34,94581024",SPRF-PE,DEL01-PE,UOP01-DEL01-PE
463354,2022-07-22,sexta-feira,21:00:00,PE,423,"68,7",JUPI,Neblina,Saída de leito carroçável,Com Vítimas Feridas,Plena Noite,Crescente,Garoa/Chuvisco,Simples,Reta,Não,1,0,1,0,0,0,1,1,"-8,67263685","-36,39346504",SPRF-PE,DEL03-PE,UOP01-DEL03-PE
463593,2022-07-24,domingo,02:00:00,PE,423,"42,5",CACHOEIRINHA,Ingestão de álcool pelo condutor,Colisão frontal,Com Vítimas Feridas,Plena Noite,Decrescente,Garoa/Chuvisco,Simples,Reta,Não,5,0,1,1,3,0,2,2,"-8,50897803","-36,25103394",SPRF-PE,DEL03-PE,UOP01-DEL03-PE
463607,2022-07-24,domingo,04:15:00,PE,101,"115,7",IPOJUCA,Afundamento ou ondulação no pavimento,Tombamento,Sem Vítimas,Amanhecer,Crescente,Céu Claro,Dupla,Curva,Não,1,0,0,0,1,0,0,1,"-8,33783596","-35,14164006",SPRF-PE,DEL01-PE,UOP03-DEL01-PE
463729,2022-07-24,domingo,16:30:00,PE,423,"93,6",GARANHUNS,Acessar a via sem observar a presença dos outros veículos,Colisão lateral mesmo sentido,Sem Vítimas,Pleno dia,Decrescente,Céu Claro,Simples,Curva,Não,2,0,0,0,2,0,0,2,"-8,86972012","-36,46323792",SPRF-PE,DEL03-PE,UOP01-DEL03-PE
463754,2022-07-24,domingo,18:00:00,PE,101,119,ESCADA,Condutor deixou de manter distância do veículo da frente,Colisão traseira,Sem Vítimas,Plena Noite,Decrescente,Céu Claro,Dupla,Reta,Não,2,0,0,0,2,0,0,2,"-8,35291472","-35,16929901",SPRF-PE,DEL01-PE,UOP03-DEL01-PE
463943,2022-07-25,segunda-feira,08:45:00,PE,101,"2,3",JABOATAO DOS GUARARAPES,Transitar na contramão,Colisão frontal,Sem Vítimas,Pleno dia,Crescente,Céu Claro,Simples,Reta,Sim,2,0,0,0,1,1,0,2,"-8,196266","-34,957588",SPRF-PE,DEL01-PE,UOP02-DEL01-PE
463992,2022-07-25,segunda-feira,15:28:00,PE,232,447,SAO JOSE DO BELMONTE,Ausência de reação do condutor,Colisão traseira,Com Vítimas Feridas,Pleno dia,Crescente,Céu Claro,Simples,Reta,Não,3,0,0,1,2,0,1,3,"-7,99961227","-38,61712517",SPRF-PE,DEL04-PE,UOP01-DEL04-PE
464280,2022-06-17,sexta-feira,18:10:00,PE,101,85,JABOATAO DOS GUARARAPES,Velocidade Incompatível,Colisão transversal,Com Vítimas Feridas,Plena Noite,Crescente,Céu Claro,Simples,Reta,Sim,3,0,0,2,1,0,2,2,"-8,193938","-34,956614",SPRF-PE,DEL01-PE,UOP01-DEL01-PE
464311,2022-07-27,quarta-feira,15:15:00,PE,232,74,GRAVATA,Manobra de mudança de faixa,Colisão lateral mesmo sentido,Com Vítimas Feridas,Pleno dia,Decrescente,Nublado,Dupla,Aclive;Reta                   ,Não,2,0,0,1,1,0,1,2,"-8,19466678","-35,51728814",SPRF-PE,DEL02-PE,UOP02-DEL02PE
464480,2022-07-28,quinta-feira,13:45:00,PE,101,80,JABOATAO DOS GUARARAPES,Condutor deixou de manter distância do veículo da frente,Colisão lateral mesmo sentido,Com Vítimas Feridas,Pleno dia,Decrescente,Céu Claro,Dupla,Reta,Sim,3,0,1,0,2,0,1,2,"-8,152057","-34,942513",SPRF-PE,DEL01-PE,UOP01-DEL01-PE
464823,2022-07-30,sábado,07:30:00,PE,101,86,JABOATAO DOS GUARARAPES,Ingestão de álcool pelo condutor,Colisão com objeto,Sem Vítimas,Pleno dia,Crescente,Chuva,Dupla,Reta,Não,1,0,0,0,0,1,0,1,"-8,18470013","-34,96816895",SPRF-PE,DEL01-PE,UOP01-DEL01-PE
464877,2022-07-30,sábado,14:00:00,PE,232,"104,8",BEZERROS,Demais falhas mecânicas ou elétricas,Saída de leito carroçável,Com Vítimas Feridas,Pleno dia,Crescente,Céu Claro,Dupla,Rotatória,Não,3,0,1,0,2,0,1,1,"-8,2553139","-35,77427504",SPRF-PE,DEL02-PE,UOP02-DEL02PE
465594,2022-08-03,quarta-feira,02:42:00,PE,101,89,CABO DE SANTO AGOSTINHO,Condutor Dormindo,Tombamento,Com Vítimas Feridas,Plena Noite,Crescente,Chuva,Dupla,Reta,Não,1,0,1,0,0,0,1,1,"-8,20760697","-34,98372005",SPRF-PE,DEL01-PE,UOP01-DEL01-PE
465724,2022-08-03,quarta-feira,17:10:00,PE,423,99,GARANHUNS,Manobra de mudança de faixa,Colisão lateral sentido oposto,Sem Vítimas,Pleno dia,Decrescente,Garoa/Chuvisco,Simples,Reta,Não,2,0,0,0,2,0,0,2,"-8,87808191","-36,51252399",SPRF-PE,DEL03-PE,UOP01-DEL03-PE
466008,2022-08-05,sexta-feira,06:20:00,PE,232,"19,8",MORENO,Reação tardia ou ineficiente do condutor,Tombamento,Com Vítimas Feridas,Amanhecer,Crescente,Céu Claro,Dupla,Curva,Não,1,0,1,0,0,0,1,1,"-8,09543537","-35,07136107",SPRF-PE,DEL01-PE,UOP01-DEL01-PE
466105,2022-08-05,sexta-feira,16:30:00,PE,232,"16,8",JABOATAO DOS GUARARAPES,Ausência de reação do condutor,Colisão traseira,Com Vítimas Feridas,Pleno dia,Decrescente,Céu Claro,Dupla,Reta,Não,8,0,6,1,1,0,7,5,"-8,09414193","-35,03716601",SPRF-PE,DEL01-PE,UOP01-DEL01-PE
466142,2022-08-05,sexta-feira,19:10:00,PE,232,"195,7",SANHARO,Manobra de mudança de faixa,Colisão frontal,Sem Vítimas,Plena Noite,Crescente,Nublado,Simples,Reta,Não,2,0,0,0,1,1,0,2,"-8,36547121","-36,5628009",SPRF-PE,DEL03-PE,UOP02-DEL03-PE
466320,2022-08-06,sábado,15:30:00,PE,423,"107,8",GARANHUNS,Transitar na contramão,Colisão frontal,Com Vítimas Fatais,Pleno dia,Crescente,Céu Claro,Simples,Reta,Não,3,1,0,1,0,1,1,3,"-8,8839803","-36,58154392",SPRF-PE,DEL03-PE,UOP01-DEL03-PE
466346,2022-08-06,sábado,18:50:00,PE,104,"52,9",CARUARU,Condutor Dormindo,Colisão traseira,Sem Vítimas,Plena Noite,Crescente,Céu Claro,Dupla,Reta,Não,2,0,0,0,2,0,0,2,"-8,167598","-35,97684",SPRF-PE,DEL02-PE,UOP01-DEL02-PE
466385,2022-08-06,sábado,20:30:00,PE,101,"7,4",GOIANA,Velocidade Incompatível,Colisão traseira,Com Vítimas Feridas,Plena Noite,Crescente,Céu Claro,Múltipla,Reta,Sim,5,0,0,3,0,2,3,2,"-7,55997111","-34,99072674",SPRF-PE,DEL01-PE,UOP02-DEL01-PE
466510,2022-08-06,sábado,16:10:00,PE,232,241,ARCOVERDE,Velocidade Incompatível,Colisão lateral sentido oposto,Sem Vítimas,Pleno dia,Decrescente,Céu Claro,Simples,Curva,Não,3,0,0,0,2,1,0,3,"-8,41518942","-36,970926",SPRF-PE,DEL04-PE,UOP02-DEL04-PE
466604,2022-08-07,domingo,19:30:00,PE,428,24,CABROBO,Manobra de mudança de faixa,Tombamento,Com Vítimas Fatais,Plena Noite,Crescente,Ignorado,Simples,Reta,Não,3,1,0,1,0,1,1,2,"-8,48458005","-39,43306197",SPRF-PE,DEL05-PE,UOP03-DEL05-PE
466638,2022-08-08,segunda-feira,00:30:00,PE,101,71,RECIFE,Retorno proibido,Colisão transversal,Com Vítimas Feridas,Plena Noite,Crescente,Céu Claro,Dupla,Reta,Sim,4,0,2,0,1,1,2,2,"-8,07663102","-34,93466",SPRF-PE,DEL01-PE,UOP01-DEL01-PE
466733,2022-08-08,segunda-feira,10:40:00,PE,316,228,BELEM DE SAO FRANCISCO,Transitar na contramão,Colisão lateral sentido oposto,Com Vítimas Feridas,Pleno dia,Decrescente,Céu Claro,Simples,Declive;Reta                  ,Não,2,0,1,0,1,0,1,2,"-8,58789694","-39,14793897",SPRF-PE,DEL05-PE,UOP03-DEL05-PE
466984,2022-08-09,terça-feira,16:00:00,PE,116,"43,3",SALGUEIRO,Reação tardia ou ineficiente do condutor,Saída de leito carroçável,Com Vítimas Feridas,Pleno dia,Crescente,Céu Claro,Simples,Curva,Não,1,0,1,0,0,0,1,1,"-8,2145","-39,103329",SPRF-PE,DEL05-PE,UOP01-DEL05-PE
467008,2022-08-09,terça-feira,18:50:00,PE,232,410,SERRA TALHADA,Transitar no acostamento,Colisão transversal,Com Vítimas Feridas,Plena Noite,Crescente,Céu Claro,Simples,Curva,Não,2,0,1,0,1,0,1,2,"-7,98261841","-38,30039606",SPRF-PE,DEL04-PE,UOP01-DEL04-PE
467081,2022-08-10,quarta-feira,08:00:00,PE,104,"72,9",CARUARU,Condutor deixou de manter distância do veículo da frente,Colisão traseira,Sem Vítimas,Pleno dia,Crescente,Céu Claro,Simples,Reta,Não,3,0,0,0,3,0,0,3,"-8,341347","-35,982346",SPRF-PE,DEL02-PE,UOP01-DEL02-PE
467364,2022-08-11,quinta-feira,12:40:00,PE,232,250,ARCOVERDE,Acessar a via sem observar a presença dos outros veículos,Colisão lateral mesmo sentido,Sem Vítimas,Pleno dia,Crescente,Céu Claro,Simples,Interseção de Vias,Sim,2,0,0,0,1,1,0,2,"-8,42331849","-37,0523054",SPRF-PE,DEL04-PE,UOP02-DEL04-PE
467480,2022-08-12,sexta-feira,08:10:00,PE,232,"5,8",RECIFE,Condutor deixou de manter distância do veículo da frente,Colisão lateral mesmo sentido,Sem Vítimas,Pleno dia,Crescente,Céu Claro,Dupla,Em Obras,Não,2,0,0,0,2,0,0,2,"-8,06795766","-34,94535414",SPRF-PE,DEL01-PE,UOP01-DEL01-PE
467541,2022-08-12,sexta-feira,12:45:00,PE,101,78,RECIFE,Manobra de mudança de faixa,Colisão lateral mesmo sentido,Com Vítimas Feridas,Pleno dia,Crescente,Céu Claro,Dupla,Reta,Sim,3,0,2,0,1,0,2,2,"-8,13496499","-34,94738614",SPRF-PE,DEL01-PE,UOP01-DEL01-PE