id,data_inversa,dia_semana,horario,uf,br,km,municipio,causa_acidente,tipo_acidente,classificacao_acidente,fase_dia,sentido_via,condicao_metereologica,tipo_pista,tracado_via,uso_solo,pessoas,mortos,feridos_leves,feridos_graves,ilesos,ignorados,feridos,veiculos,latitude,longitude,regional,delegacia,uop
468259,2022-08-15,segunda-feira,10:48:00,PE,101,78,JABOATAO DOS GUARARAPES,Mal súbito do condutor,Saída de leito carroçável,Com Vítimas Feridas,Pleno dia,Crescente,Céu Claro,Dupla,Curva,Sim,1,0,1,0,0,0,1,1,"-8,141323","-34,946612",SPRF-PE,DEL01-PE,UOP01-DEL01-PE
468282,2022-08-15,segunda-feira,13:30:00,PE,424,"87,7",GARANHUNS,Condutor deixou de manter distância do veículo da frente,Colisão lateral mesmo sentido,Com Vítimas Feridas,Pleno dia,Crescente,Chuva,Simples,Reta;Aclive                   ,Não,3,0,2,0,0,1,2,2,"-8,88271844","-36,50834084",SPRF-PE,DEL03-PE,UOP01-DEL03-PE
468661,2022-08-17,quarta-feira,11:00:00,PE,424,"83,7",GARANHUNS,Demais falhas mecânicas ou elétricas,Tombamento,Com Vítimas Feridas,Pleno dia,Decrescente,Céu Claro,Simples,Reta,Não,2,0,1,0,1,0,1,1,"-8,84593423","-36,52457016",SPRF-PE,DEL03-PE,UOP01-DEL03-PE
468737,2022-08-17,quarta-feira,20:36:00,PE,232,"305,5",SERTANIA,Reação tardia ou ineficiente do condutor,Saída de leito carroçável,Com Vítimas Fatais,Plena Noite,Crescente,Céu Claro,Simples,Reta,Não,2,1,1,0,0,0,1,1,"-8,19109556","-37,44132256",SPRF-PE,DEL04-PE,UOP02-DEL04-PE
469286,2022-08-20,sábado,18:15:00,PE,101,"74,1",RECIFE,Condutor deixou de manter distância do veículo da frente,Colisão lateral mesmo sentido,Com Vítimas Feridas,Plena Noite,Decrescente,Céu Claro,Dupla,Curva,Não,3,0,1,0,0,2,1,3,"-8,093369","-34,947464",SPRF-PE,DEL01-PE,UOP01-DEL01-PE
469289,2022-08-20,sábado,18:29:00,PE,101,70,RECIFE,Manobra de mudança de faixa,Colisão traseira,Com Vítimas Feridas,Plena Noite,Crescente,Céu Claro,Dupla,Reta,Sim,2,0,0,1,0,1,1,2,"-8,06776119","-34,94265074",SPRF-PE,DEL01-PE,UOP01-DEL01-PE
469711,2022-08-22,segunda-feira,17:00:00,PE,428,182,PETROLINA,Transitar na contramão,Colisão frontal,Com Vítimas Fatais,Pleno dia,Crescente,Céu Claro,Simples,Reta,Sim,2,1,0,0,1,0,0,2,"-9,31614989","-40,45800722",SPRF-PE,DEL06-PE,UOP01-DEL06-PE
469822,2022-07-30,sábado,05:20:00,PE,424,"12,4",PEDRA,Ingestão de álcool pelo condutor,Colisão frontal,Com Vítimas Feridas,Amanhecer,Crescente,Céu Claro,Simples,Reta,Não,2,0,0,1,1,0,1,2,"-8,49803522","-36,99233497",SPRF-PE,DEL04-PE,UOP02-DEL04-PE
469868,2022-08-23,terça-feira,15:27:00,PE,104,66,CARUARU,Manobra de mudança de faixa,Colisão lateral mesmo sentido,Com Vítimas Fatais,Pleno dia,Decrescente,Chuva,Múltipla,Viaduto;Aclive                ,Sim,2,1,0,0,1,0,0,2,"-8,2937","-35,9864",SPRF-PE,DEL02-PE,UOP01-DEL02-PE
469876,2022-08-23,terça-feira,16:40:00,PE,407,128,PETROLINA,Estacionar ou parar em local proibido,Colisão traseira,Com Vítimas Feridas,Pleno dia,Decrescente,Sol,Dupla,Reta,Sim,2,0,1,0,1,0,1,2,"-9,39387565","-40,51133888",SPRF-PE,DEL06-PE,UOP01-DEL06-PE
469881,2022-08-23,terça-feira,15:50:00,PE,423,"67,2",JUPI,Demais falhas mecânicas ou elétricas,Derramamento de carga,Sem Vítimas,Pleno dia,Decrescente,Nublado,Simples,Reta,Não,2,0,0,0,1,1,0,1,"-8,67054427","-36,38419094",SPRF-PE,DEL03-PE,UOP01-DEL03-PE
469885,2022-08-23,terça-feira,17:50:00,PE,423,80,JUCATI,Reação tardia ou ineficiente do condutor,Colisão traseira,Com Vítimas Fatais,Pleno dia,Crescente,Chuva,Simples,Declive,Não,4,1,0,0,2,1,0,3,"-8,76622817","-36,42895847",SPRF-PE,DEL03-PE,UOP01-DEL03-PE
469965,2022-08-23,terça-feira,18:10:00,PE,423,94,GARANHUNS,Demais falhas na via,Colisão traseira,Sem Vítimas,Plena Noite,Decrescente,Chuva,Simples,Aclive,Sim,2,0,0,0,2,0,0,2,"-8,874732","-36,46946",SPRF-PE,DEL03-PE,UOP01-DEL03-PE
469978,2022-08-24,quarta-feira,08:41:00,PE,232,5,JABOATAO DOS GUARARAPES,Transitar no acostamento,Colisão transversal,Sem Vítimas,Pleno dia,Crescente,Céu Claro,Dupla,Reta,Sim,2,0,0,0,2,0,0,2,"-8,06795766","-34,94535414",SPRF-PE,DEL01-PE,UOP01-DEL01-PE
469983,2022-08-24,quarta-feira,08:50:00,PE,101,"68,5",RECIFE,Condutor deixou de manter distância do veículo da frente,Colisão traseira,Com Vítimas Feridas,Pleno dia,Crescente,Céu Claro,Dupla,Reta,Sim,2,0,1,0,1,0,1,2,"-8,05074296","-34,94580619",SPRF-PE,DEL01-PE,UOP01-DEL01-PE
470217,2022-08-25,quinta-feira,17:00:00,PE,101,"45,4",IGARASSU,Condutor deixou de manter distância do veículo da frente,Colisão traseira,Sem Vítimas,Pleno dia,Decrescente,Céu Claro,Múltipla,Reta,Sim,2,0,0,0,2,0,0,2,"-7,86521297","-34,90715176",SPRF-PE,DEL01-PE,UOP02-DEL01-PE
470248,2022-08-25,quinta-feira,08:48:00,PE,116,26,SALGUEIRO,Acessar a via sem observar a presença dos outros veículos,Atropelamento de Pedestre,Com Vítimas Feridas,Pleno dia,Crescente,Céu Claro,Simples,Reta,Sim,2,0,1,0,1,0,1,2,"-8,069921","-39,13364",SPRF-PE,DEL05-PE,UOP01-DEL05-PE
470251,2022-08-25,quinta-feira,18:30:00,PE,101,"80,4",JABOATAO DOS GUARARAPES,Ingestão de álcool pelo condutor,Colisão traseira,Sem Vítimas,Plena Noite,Decrescente,Nublado,Dupla,Reta,Sim,3,0,0,0,3,0,0,3,"-8,154948","-34,941563",SPRF-PE,DEL01-PE,UOP01-DEL01-PE
470372,2022-08-26,sexta-feira,10:00:00,PE,101,"51,5",PAULISTA,Ultrapassagem Indevida,Colisão lateral mesmo sentido,Com Vítimas Feridas,Pleno dia,Decrescente,Sol,Múltipla,Reta,Sim,2,0,0,1,1,0,1,2,"-7,9169968","-34,89689272",SPRF-PE,DEL01-PE,UOP02-DEL01-PE
470471,2022-08-26,sexta-feira,19:10:00,PE,407,129,PETROLINA,Faixas de trânsito com largura insuficiente,Colisão lateral mesmo sentido,Com Vítimas Feridas,Plena Noite,Crescente,Céu Claro,Simples,Ponte,Sim,4,0,3,0,1,0,3,2,"-9,40095","-40,503649",SPRF-PE,DEL06-PE,UOP01-DEL06-PE
470592,2022-08-27,sábado,11:30:00,PE,101,"82,5",JABOATAO DOS GUARARAPES,Demais falhas na via,Colisão traseira,Com Vítimas Feridas,Pleno dia,Crescente,Céu Claro,Múltipla,Reta,Sim,2,0,0,1,1,0,1,2,"-8,168383","-34,9376",SPRF-PE,DEL01-PE,UOP01-DEL01-PE
470600,2022-08-27,sábado,11:00:00,PE,423,97,GARANHUNS,Pedestre andava na pista,Atropelamento de Pedestre,Com Vítimas Fatais,Pleno dia,Crescente,Sol,Simples,Reta,Sim,2,1,0,0,1,0,0,2,"-8,8796227","-36,49484286",SPRF-PE,DEL03-PE,UOP01-DEL03-PE
470610,2022-08-27,sábado,12:30:00,PE,101,123,ESCADA,Demais falhas mecânicas ou elétricas,Colisão com objeto,Com Vítimas Feridas,Pleno dia,Crescente,Chuva,Dupla,Reta,Não,1,0,1,0,0,0,1,1,"-8,35963442","-35,20419694",SPRF-PE,DEL01-PE,UOP03-DEL01-PE
470958,2022-08-28,domingo,22:51:00,PE,423,62,LAJEDO,Transitar na contramão,Colisão frontal,Com Vítimas Feridas,Plena Noite,Decrescente,Céu Claro,Simples,Reta,Sim,3,0,0,2,1,0,2,2,"-8,66011023","-36,33781395",SPRF-PE,DEL03-PE,UOP01-DEL03-PE
470968,2022-08-28,domingo,15:40:00,PE,423,108,GARANHUNS,Acessar a via sem observar a presença dos outros veículos,Colisão transversal,Sem Vítimas,Pleno dia,Decrescente,Céu Claro,Simples,Reta,Não,8,0,0,0,3,5,0,2,"-8,88624339","-36,59029116",SPRF-PE,DEL03-PE,UOP01-DEL03-PE
470970,2022-08-29,segunda-feira,00:30:00,PE,423,89,GARANHUNS,Reação tardia ou ineficiente do condutor,Colisão lateral sentido oposto,Com Vítimas Feridas,Plena Noite,Decrescente,Céu Claro,Simples,Reta,Não,2,0,1,0,1,0,1,2,"-8,83774896","-36,45604009",SPRF-PE,DEL03-PE,UOP01-DEL03-PE
470999,2022-08-29,segunda-feira,07:10:00,PE,316,33,ARARIPINA,Conversão proibida,Colisão transversal,Com Vítimas Fatais,Pleno dia,Decrescente,Céu Claro,Simples,Reta,Sim,2,1,0,0,1,0,0,2,"-7,63446174","-40,44091289",SPRF-PE,DEL05-PE,UOP02-DEL05-PE
471016,2022-08-29,segunda-feira,08:00:00,PE,232,"9,2",RECIFE,Acessar a via sem observar a presença dos outros veículos,Colisão lateral mesmo sentido,Sem Vítimas,Pleno dia,Decrescente,Céu Claro,Múltipla,Em Obras,Sim,2,0,0,0,2,0,0,2,"-8,07764447","-34,97863609",SPRF-PE,DEL01-PE,UOP01-DEL01-PE
471024,2022-07-01,sexta-feira,04:30:00,PE,101,103,CABO DE SANTO AGOSTINHO,Objeto estático sobre o leito carroçável,Derramamento de carga,Sem Vítimas,Plena Noite,Decrescente,Nublado,Múltipla,Reta,Sim,2,0,0,0,2,0,0,2,"-8,29241321","-35,05598304",SPRF-PE,DEL01-PE,UOP03-DEL01-PE
471395,2022-08-31,quarta-feira,10:45:00,PE,101,"79,8",JABOATAO DOS GUARARAPES,Manobra de mudança de faixa,Colisão lateral mesmo sentido,Com Vítimas Feridas,Pleno dia,Crescente,Céu Claro,Dupla,Reta,Sim,2,0,1,0,1,0,1,2,"-8,14366112","-34,94723453",SPRF-PE,DEL01-PE,UOP01-DEL01-PE
471657,2022-09-01,quinta-feira,18:10:00,PE,232,144,SAO CAITANO,Ingestão de álcool pelo condutor,Colisão lateral mesmo sentido,Sem Vítimas,Plena Noite,Crescente,Nublado,Dupla,Reta,Não,2,0,0,0,2,0,0,2,"-8,32522249","-36,11250878",SPRF-PE,DEL03-PE,UOP02-DEL03-PE
471780,2022-09-02,sexta-feira,12:00:00,PE,101,45,IGARASSU,Manobra de mudança de faixa,Colisão lateral mesmo sentido,Sem Vítimas,Pleno dia,Crescente,Céu Claro,Múltipla,Reta,Sim,4,0,0,0,4,0,0,2,"-7,86521297","-34,90715176",SPRF-PE,DEL01-PE,UOP02-DEL01-PE
471787,2022-09-02,sexta-feira,12:10:00,PE,232,334,CUSTODIA,Desrespeitar a preferência no cruzamento,Colisão transversal,Com Vítimas Feridas,Pleno dia,Decrescente,Céu Claro,Simples,Reta,Sim,6,0,0,1,5,0,1,4,"-8,08607274","-37,64060855",SPRF-PE,DEL04-PE,UOP02-DEL04-PE
471944,2022-09-03,sábado,01:55:00,PE,101,137,RIBEIRAO,Condutor Dormindo,Saída de leito carroçável,Com Vítimas Feridas,Plena Noite,Decrescente,Céu Claro,Dupla,Curva,Não,1,0,1,0,0,0,1,1,"-8,41675194","-35,31126636",SPRF-PE,DEL01-PE,UOP03-DEL01-PE
472101,2022-09-03,sábado,19:00:00,PE,101,"48,6",ABREU E LIMA,Manobra de mudança de faixa,Colisão lateral mesmo sentido,Com Vítimas Feridas,Plena Noite,Decrescente,Céu Claro,Múltipla,Reta,Sim,3,0,1,0,2,0,1,2,"-7,90938602","-34,90123228",SPRF-PE,DEL01-PE,UOP02-DEL01-PE
472492,2022-09-05,segunda-feira,03:20:00,PE,232,"357,9",FLORES,Reação tardia ou ineficiente do condutor,Colisão traseira,Com Vítimas Feridas,Plena Noite,Crescente,Céu Claro,Simples,Aclive,Não,2,0,1,0,0,1,1,2,"-8,04849067","-37,84054579",SPRF-PE,DEL04-PE,UOP01-DEL04-PE
472572,2022-08-19,sexta-feira,12:40:00,PE,101,71,RECIFE,Reação tardia ou ineficiente do condutor,Colisão lateral mesmo sentido,Sem Vítimas,Pleno dia,Crescente,Sol,Dupla,Reta,Sim,2,0,0,0,2,0,0,2,"-8,07663102","-34,94277871",SPRF-PE,DEL01-PE,UOP01-DEL01-PE
472741,2022-09-06,terça-feira,12:10:00,PE,101,"49,8",ABREU E LIMA,Pedestre cruzava a pista fora da faixa,Atropelamento de Pedestre,Com Vítimas Feridas,Pleno dia,Decrescente,Céu Claro,Múltipla,Reta,Sim,4,0,0,1,1,2,1,2,"-7,9005152","-34,90180641",SPRF-PE,DEL01-PE,UOP02-DEL01-PE
472779,2022-09-06,terça-feira,16:00:00,PE,232,"9,2",RECIFE,Acessar a via sem observar a presença dos outros veículos,Colisão lateral mesmo sentido,Com Vítimas Feridas,Pleno dia,Decrescente,Céu Claro,Múltipla,Em Obras,Sim,4,0,1,0,1,2,1,4,"-8,07764447","-34,97863609",SPRF-PE,DEL01-PE,UOP01-DEL01-PE
473193,2022-09-08,quinta-feira,19:30:00,PE,101,"65,3",RECIFE,Mal súbito do condutor,Colisão traseira,Com Vítimas Feridas,Plena Noite,Crescente,Céu Claro,Dupla,Reta,Sim,2,0,1,0,1,0,1,2,"-8,02478597","-34,94276635",SPRF-PE,DEL01-PE,UOP01-DEL01-PE
473210,2022-09-08,quinta-feira,23:00:00,PE,232,178,BELO JARDIM,Ingestão de álcool pelo condutor,Colisão frontal,Com Vítimas Feridas,Plena Noite,Decrescente,Céu Claro,Simples,Reta,Sim,2,0,0,1,1,0,1,2,"-8,34823","-36,410271",SPRF-PE,DEL03-PE,UOP02-DEL03-PE
473381,2022-09-09,sexta-feira,15:00:00,PE,407,122,PETROLINA,Conversão proibida,Colisão transversal,Com Vítimas Fatais,Pleno dia,Decrescente,Céu Claro,Simples,Reta,Sim,3,1,0,1,0,1,1,2,"-9,35368726","-40,55051642",SPRF-PE,DEL06-PE,UOP01-DEL06-PE
473390,2022-09-09,sexta-feira,20:00:00,PE,101,"77,9",RECIFE,Condutor usando celular,Colisão transversal,Com Vítimas Feridas,Plena Noite,Decrescente,Céu Claro,Dupla,Reta,Sim,2,0,1,0,1,0,1,2,"-8,126982","-34,94386",SPRF-PE,DEL01-PE,UOP01-DEL01-PE
473446,2022-09-10,sábado,06:20:00,PE,232,68,GRAVATA,Demais falhas mecânicas ou elétricas,Colisão com objeto,Com Vítimas Feridas,Pleno dia,Decrescente,Nublado,Dupla,Declive;Curva                 ,Não,1,0,1,0,0,0,1,1,"-8,176922","-35,478498",SPRF-PE,DEL02-PE,UOP02-DEL02PE
473889,2022-09-12,segunda-feira,04:00:00,PE,423,43,CACHOEIRINHA,Transitar na contramão,Colisão frontal,Com Vítimas Feridas,Plena Noite,Crescente,Céu Claro,Simples,Reta,Não,4,0,1,0,3,0,1,2,"-8,51683426","-36,25551854",SPRF-PE,DEL03-PE,UOP01-DEL03-PE
473909,2022-09-12,segunda-feira,06:36:00,PE,101,66,RECIFE,Ausência de reação do condutor,Engavetamento,Com Vítimas Feridas,Pleno dia,Crescente,Céu Claro,Múltipla,Reta,Sim,7,0,3,0,4,0,3,4,"-8,03368534","-34,94184125",SPRF-PE,DEL01-PE,UOP01-DEL01-PE
473922,2022-09-12,segunda-feira,08:24:00,PE,232,127,CARUARU,Manobra de mudança de faixa,Colisão traseira,Com Vítimas Feridas,Pleno dia,Crescente,Céu Claro,Dupla,Aclive,Sim,4,0,1,1,2,0,2,3,"-8,30610303","-35,96342301",SPRF-PE,DEL02-PE,UOP01-DEL02-PE
473923,2022-09-12,segunda-feira,07:25:00,PE,232,47,VITORIA DE SANTO ANTAO,Avarias e/ou desgaste excessivo no pneu,Colisão com objeto,Com Vítimas Feridas,Pleno dia,Decrescente,Céu Claro,Simples,Reta,Não,1,0,1,0,0,0,1,1,"-8,13769724","-35,29733789",SPRF-PE,DEL01-PE,UOP01-DEL01-PE
473932,2022-09-12,segunda-feira,09:50:00,PE,316,2,ARARIPINA,Ausência de reação do condutor,Engavetamento,Com Vítimas Feridas,Pleno dia,Crescente,Céu Claro,Simples,Aclive,Não,3,0,1,0,2,0,1,3,"-7,45235805","-40,64460202",SPRF-PE,DEL05-PE,UOP02-DEL05-PE
473974,2022-09-12,segunda-feira,15:00:00,PE,101,82,JABOATAO DOS GUARARAPES,Manobra de mudança de faixa,Colisão transversal,Com Vítimas Feridas,Pleno dia,Crescente,Céu Claro,Dupla,Reta,Sim,3,0,1,0,2,0,1,2,"-8,168383","-34,9376",SPRF-PE,DEL01-PE,UOP01-DEL01-PE
474113,2022-09-13,terça-feira,06:00:00,PE,423,53,LAJEDO,Demais falhas mecânicas ou elétricas,Saída de leito carroçável,Com Vítimas Feridas,Pleno dia,Decrescente,Céu Claro,Simples,Reta,Não,1,0,0,1,0,0,1,1,"-8,59893","-36,29195398",SPRF-PE,DEL03-PE,UOP01-DEL03-PE
474183,2022-09-13,terça-feira,15:30:00,PE,101,74,RECIFE,Manobra de mudança de faixa,Colisão lateral mesmo sentido,Com Vítimas Feridas,Pleno dia,Decrescente,Céu Claro,Dupla,Curva,Sim,2,0,1,0,0,1,1,2,"-8,10146485","-34,94901577",SPRF-PE,DEL01-PE,UOP01-DEL01-PE
474242,2022-09-13,terça-feira,22:00:00,PE,101,"80,2",JABOATAO DOS GUARARAPES,Acessar a via sem observar a presença dos outros veículos,Colisão lateral mesmo sentido,Com Vítimas Feridas,Plena Noite,Decrescente,Céu Claro,Dupla,Reta,Não,4,0,1,0,3,0,1,3,"-8,15112589","-34,9428866",SPRF-PE,DEL01-PE,UOP01-DEL01-PE
474281,2022-09-14,quarta-feira,06:10:00,PE,232,28,MORENO,Reação tardia ou ineficiente do condutor,Colisão traseira,Com Vítimas Feridas,Pleno dia,Crescente,Céu Claro,Dupla,Reta,Não,3,0,0,1,2,0,1,3,"-8,11290892","-35,13442099",SPRF-PE,DEL01-PE,UOP01-DEL01-PE
474347,2022-09-14,quarta-feira,13:01:00,PE,232,5,RECIFE,Acessar a via sem observar a presença dos outros veículos,Colisão lateral mesmo sentido,Sem Vítimas,Pleno dia,Crescente,Céu Claro,Dupla,Em Obras,Sim,2,0,0,0,2,0,0,2,"-8,06795766","-34,94535414",SPRF-PE,DEL01-PE,UOP01-DEL01-PE
474437,2022-09-14,quarta-feira,19:45:00,PE,101,"60,9",RECIFE,Ausência de reação do condutor,Colisão lateral mesmo sentido,Sem Vítimas,Plena Noite,Crescente,Céu Claro,Dupla,Reta,Não,4,0,0,0,4,0,0,2,"-7,98344307","-34,93176727",SPRF-PE,DEL01-PE,UOP02-DEL01-PE
474496,2022-09-15,quinta-feira,07:28:00,PE,232,7,RECIFE,Reação tardia ou ineficiente do condutor,Colisão traseira,Sem Vítimas,Pleno dia,Crescente,Céu Claro,Dupla,Reta,Não,2,0,0,0,2,0,0,2,"-8,074072","-34,964565",SPRF-PE,DEL01-PE,UOP01-DEL01-PE
474530,2022-09-15,quinta-feira,12:00:00,PE,232,"6,6",RECIFE,Ausência de reação do condutor,Colisão lateral mesmo sentido,Sem Vítimas,Pleno dia,Crescente,Sol,Dupla,Reta,Sim,2,0,0,0,2,0,0,2,"-8,07079525","-34,9535389",SPRF-PE,DEL01-PE,UOP01-DEL01-PE
474642,2022-09-16,sexta-feira,03:45:00,PE,101,60,RECIFE,Curva acentuada,Capotamento,Com Vítimas Feridas,Plena Noite,Decrescente,Nublado,Dupla,Retorno Regulamentado;Reta;Dec,Sim,1,0,0,1,0,0,1,1,"-7,98344307","-34,93176727",SPRF-PE,DEL01-PE,UOP02-DEL01-PE
474780,2022-09-16,sexta-feira,18:10:00,PE,101,"65,6",RECIFE,Trafegar com motocicleta (ou similar) entre as faixas,Colisão lateral mesmo sentido,Com Vítimas Feridas,Plena Noite,Crescente,Céu Claro,Dupla,Reta,Sim,2,0,1,0,1,0,1,2,"-8,031594","-34,942476",SPRF-PE,DEL01-PE,UOP01-DEL01-PE
474918,2022-09-17,sábado,08:01:00,PE,101,"50,4",ABREU E LIMA,Manobra de mudança de faixa,Colisão traseira,Sem Vítimas,Pleno dia,Decrescente,Céu Claro,Múltipla,Reta,Sim,2,0,0,0,2,0,0,2,"-7,91376271","-34,89926755",SPRF-PE,DEL01-PE,UOP02-DEL01-PE
474970,2022-09-17,sábado,13:21:00,PE,101,74,RECIFE,Condutor deixou de manter distância do veículo da frente,Colisão traseira,Com Vítimas Feridas,Pleno dia,Decrescente,Céu Claro,Dupla,Reta,Sim,2,0,0,1,1,0,1,2,"-8,10146485","-34,94901577",SPRF-PE,DEL01-PE,UOP01-DEL01-PE
475613,2022-09-20,terça-feira,14:35:00,PE,101,"48,2",ABREU E LIMA,Manobra de mudança de faixa,Colisão lateral mesmo sentido,Com Vítimas Feridas,Pleno dia,Decrescente,Céu Claro,Múltipla,Reta,Sim,4,0,1,0,3,0,1,3,"-7,89174705","-34,9033493",SPRF-PE,DEL01-PE,UOP02-DEL01-PE
475752,2022-09-21,quarta-feira,11:05:00,PE,101,70,RECIFE,Condutor deixou de manter distância do veículo da frente,Colisão traseira,Sem Vítimas,Pleno dia,Decrescente,Céu Claro,Dupla,Reta,Sim,2,0,0,0,2,0,0,2,"-8,06776119","-34,94265074",SPRF-PE,DEL01-PE,UOP01-DEL01-PE
475759,2022-09-21,quarta-feira,10:55:00,PE,232,7,JABOATAO DOS GUARARAPES,Condutor deixou de manter distância do veículo da frente,Colisão traseira,Com Vítimas Feridas,Pleno dia,Decrescente,Céu Claro,Múltipla,Reta,Não,3,0,1,0,2,0,1,3,"-8,07333497","-34,96184301",SPRF-PE,DEL01-PE,UOP01-DEL01-PE
476040,2022-09-22,quinta-feira,17:50:00,PE,232,"179,7",BELO JARDIM,Ausência de reação do condutor,Colisão frontal,Com Vítimas Feridas,Anoitecer,Crescente,Nublado,Simples,Reta,Sim,2,0,0,1,1,0,1,2,"-8,34397529","-36,42642617",SPRF-PE,DEL03-PE,UOP02-DEL03-PE
476208,2022-09-23,sexta-feira,17:30:00,PE,232,"178,8",BELO JARDIM,Acessar a via sem observar a presença dos outros veículos,Colisão transversal,Com Vítimas Feridas,Anoitecer,Crescente,Céu Claro,Simples,Reta,Sim,4,0,2,1,1,0,3,2,"-8,347448","-36,411818",SPRF-PE,DEL03-PE,UOP02-DEL03-PE
476225,2022-09-23,sexta-feira,17:50:00,PE,232,"181,2",BELO JARDIM,Acessar a via sem observar a presença dos outros veículos,Colisão traseira,Com Vítimas Feridas,Plena Noite,Decrescente,Céu Claro,Simples,Reta,Sim,3,0,1,1,0,1,2,2,"-8,346873","-36,440561",SPRF-PE,DEL03-PE,UOP02-DEL03-PE
476493,2022-09-24,sábado,16:15:00,PE,232,145,SAO CAITANO,Reação tardia ou ineficiente do condutor,Colisão com objeto,Sem Vítimas,Pleno dia,Decrescente,Céu Claro,Simples,Reta,Sim,1,0,0,0,1,0,0,1,"-8,32868","-36,120811",SPRF-PE,DEL03-PE,UOP02-DEL03-PE
476853,2022-08-08,segunda-feira,17:20:00,PE,232,"9,6",JABOATAO DOS GUARARAPES,Frear bruscamente,Engavetamento,Com Vítimas Feridas,Anoitecer,Crescente,Céu Claro,Dupla,Em Obras;Reta                 ,Sim,6,0,2,0,4,0,2,6,"-8,07917241","-34,98718609",SPRF-PE,DEL01-PE,UOP01-DEL01-PE
477000,2022-09-26,segunda-feira,12:30:00,PE,232,"187,1",SANHARO,Condutor deixou de manter distância do veículo da frente,Colisão traseira,Com Vítimas Feridas,Pleno dia,Crescente,Céu Claro,Simples,Reta,Não,5,0,4,0,1,0,4,2,"-8,353769","-36,491964",SPRF-PE,DEL03-PE,UOP02-DEL03-PE
477020,2022-09-26,segunda-feira,12:00:00,PE,232,221,PESQUEIRA,Ausência de reação do condutor,Colisão lateral sentido oposto,Com Vítimas Feridas,Pleno dia,Crescente,Céu Claro,Simples,Reta,Não,2,0,1,0,1,0,1,2,"-8,40095324","-36,79199096",SPRF-PE,DEL03-PE,UOP02-DEL03-PE
477096,2022-09-26,segunda-feira,21:20:00,PE,101,52,PAULISTA,Manobra de mudança de faixa,Saída de leito carroçável,Com Vítimas Feridas,Plena Noite,Decrescente,Céu Claro,Dupla,Curva,Sim,3,0,2,0,0,1,2,2,"-7,92358799","-34,89607201",SPRF-PE,DEL01-PE,UOP02-DEL01-PE
477155,2022-09-27,terça-feira,07:20:00,PE,101,"63,5",RECIFE,Reação tardia ou ineficiente do condutor,Colisão traseira,Com Vítimas Feridas,Pleno dia,Crescente,Céu Claro,Dupla,Reta,Sim,3,0,2,0,1,0,2,2,"-8,012485","-34,938461",SPRF-PE,DEL01-PE,UOP01-DEL01-PE
477417,2022-09-28,quarta-feira,16:00:00,PE,101,"187,3",PALMARES,Demais falhas mecânicas ou elétricas,Colisão com objeto,Sem Vítimas,Pleno dia,Crescente,Céu Claro,Dupla,Curva,Não,1,0,0,0,1,0,0,1,"-8,686644","-35,587478",SPRF-PE,DEL01-PE,UOP03-DEL01-PE
477421,2022-09-28,quarta-feira,17:09:00,PE,428,186,PETROLINA,Acessar a via sem observar a presença dos outros veículos,Colisão frontal,Com Vítimas Feridas,Anoitecer,Crescente,Céu Claro,Dupla,Reta,Sim,2,0,0,1,1,0,1,2,"-9,34807826","-40,47441248",SPRF-PE,DEL06-PE,UOP01-DEL06-PE
477599,2022-09-29,quinta-feira,17:00:00,PE,232,11,JABOATAO DOS GUARARAPES,Transitar na contramão,Colisão lateral sentido oposto,Sem Vítimas,Anoitecer,Decrescente,Céu Claro,Simples,Curva,Não,2,0,0,0,1,1,0,2,"-8,08195464","-34,99545022",SPRF-PE,DEL01-PE,UOP01-DEL01-PE
477675,2022-09-29,quinta-feira,22:35:00,PE,232,508,SALGUEIRO,Iluminação deficiente,Atropelamento de Pedestre,Com Vítimas Feridas,Plena Noite,Crescente,Céu Claro,Simples,Reta;Declive                  ,Sim,4,0,2,1,1,0,3,3,"-8,06223271","-39,12095006",SPRF-PE,DEL05-PE,UOP01-DEL05-PE
477750,2022-09-30,sexta-feira,11:45:00,PE,101,"98,5",CABO DE SANTO AGOSTINHO,Fumaça,Colisão lateral mesmo sentido,Com Vítimas Feridas,Pleno dia,Decrescente,Nublado,Dupla,Reta,Não,2,0,1,0,1,0,1,2,"-8,25653422","-35,03811793",SPRF-PE,DEL01-PE,UOP03-DEL01-PE
477751,2022-09-30,sexta-feira,12:30:00,PE,101,136,RIBEIRAO,Curva acentuada,Tombamento,Sem Vítimas,Pleno dia,Decrescente,Céu Claro,Dupla,Curva,Não,1,0,0,0,1,0,0,1,"-8,41439454","-35,3044618",SPRF-PE,DEL01-PE,UOP03-DEL01-PE
477752,2022-09-30,sexta-feira,13:30:00,PE,101,"73,7",RECIFE,Desrespeitar a preferência no cruzamento,Colisão transversal,Com Vítimas Feridas,Pleno dia,Decrescente,Céu Claro,Dupla,Reta;Retorno Regulamentado;Int,Sim,2,0,1,0,1,0,1,2,"-8,09916","-34,950001",SPRF-PE,DEL01-PE,UOP01-DEL01-PE