id,data_inversa,dia_semana,horario,uf,br,km,municipio,causa_acidente,tipo_acidente,classificacao_acidente,fase_dia,sentido_via,condicao_metereologica,tipo_pista,tracado_via,uso_solo,pessoas,mortos,feridos_leves,feridos_graves,ilesos,ignorados,feridos,veiculos,latitude,longitude,regional,delegacia,uop
486103,2022-11-11,sexta-feira,15:15:00,PE,232,6,RECIFE,Condutor deixou de manter distância do veículo da frente,Colisão traseira,Sem Vítimas,Pleno dia,Crescente,Sol,Dupla,Reta,Sim,3,0,0,0,3,0,0,3,"-8,07079525","-34,9535389",SPRF-PE,DEL01-PE,UOP01-DEL01-PE
486249,2022-11-12,sábado,05:30:00,PE,101,"76,7",RECIFE,Condutor deixou de manter distância do veículo da frente,Colisão traseira,Sem Vítimas,Amanhecer,Crescente,Chuva,Dupla,Reta,Sim,2,0,0,0,1,1,0,2,"-8,126328","-34,943958",SPRF-PE,DEL01-PE,UOP01-DEL01-PE
486442,2022-11-12,sábado,18:00:00,PE,423,62,LAJEDO,Transitar na contramão,Colisão frontal,Com Vítimas Fatais,Plena Noite,Crescente,Nublado,Simples,Reta,Sim,4,1,0,0,2,1,0,3,"-8,66011023","-36,33781395",SPRF-PE,DEL03-PE,UOP01-DEL03-PE
486449,2022-11-12,sábado,20:30:00,PE,232,"465,1",MIRANDIBA,Transitar na contramão,Colisão frontal,Com Vítimas Fatais,Plena Noite,Decrescente,Céu Claro,Simples,Reta,Não,2,1,0,0,1,0,0,2,"-8,02484479","-38,75777201",SPRF-PE,DEL05-PE,UOP01-DEL05-PE
486607,2022-11-13,domingo,13:15:00,PE,101,137,ESCADA,Curva acentuada,Saída de leito carroçável,Sem Vítimas,Pleno dia,Crescente,Nublado,Dupla,Curva,Não,1,0,0,0,1,0,0,1,"-8,41675194","-35,31126636",SPRF-PE,DEL01-PE,UOP03-DEL01-PE
486816,2022-11-14,segunda-feira,14:40:00,PE,423,104,GARANHUNS,Transitar na contramão,Colisão lateral sentido oposto,Com Vítimas Feridas,Pleno dia,Crescente,Céu Claro,Simples,Aclive;Reta                   ,Não,2,0,1,0,1,0,1,2,"-8,87705776","-36,55534007",SPRF-PE,DEL03-PE,UOP01-DEL03-PE
486886,2022-11-14,segunda-feira,21:30:00,PE,232,"12,5",JABOATAO DOS GUARARAPES,Entrada inopinada do pedestre,Atropelamento de Pedestre,Com Vítimas Fatais,Plena Noite,Decrescente,Chuva,Dupla,Reta;Aclive                   ,Não,2,1,0,0,1,0,0,2,"-8,087742","-35,008757",SPRF-PE,DEL01-PE,UOP01-DEL01-PE
486976,2022-11-15,terça-feira,11:20:00,PE,232,"4,5",RECIFE,Ausência de reação do condutor,Colisão traseira,Com Vítimas Feridas,Pleno dia,Crescente,Céu Claro,Simples,Reta,Sim,2,0,0,1,1,0,1,2,"-8,064473","-34,936928",SPRF-PE,DEL01-PE,UOP01-DEL01-PE
487146,2022-11-16,quarta-feira,05:40:00,PE,101,"37,8",ITAPISSUMA,Acumulo de areia ou detritos sobre o pavimento,Colisão transversal,Com Vítimas Feridas,Pleno dia,Decrescente,Céu Claro,Dupla,Aclive,Não,2,0,0,1,0,1,1,2,"-7,79726705","-34,9274932",SPRF-PE,DEL01-PE,UOP02-DEL01-PE
487237,2022-11-16,quarta-feira,14:00:00,PE,101,"49,4",ABREU E LIMA,Manobra de mudança de faixa,Colisão lateral mesmo sentido,Sem Vítimas,Pleno dia,Decrescente,Céu Claro,Múltipla,Reta,Sim,3,0,0,0,1,2,0,3,"-7,9005152","-34,90180641",SPRF-PE,DEL01-PE,UOP02-DEL01-PE
487315,2022-11-16,quarta-feira,20:30:00,PE,232,330,CUSTODIA,Ingestão de álcool pelo condutor,Colisão transversal,Sem Vítimas,Plena Noite,Crescente,Céu Claro,Simples,Reta,Não,2,0,0,0,2,0,0,2,"-8,09012961","-37,60830897",SPRF-PE,DEL04-PE,UOP02-DEL04-PE
487340,2022-11-16,quarta-feira,20:15:00,PE,101,"78,8",RECIFE,Reação tardia ou ineficiente do condutor,Saída de leito carroçável,Com Vítimas Feridas,Plena Noite,Crescente,Céu Claro,Dupla,Curva,Sim,2,0,1,0,1,0,1,2,"-8,13496499","-34,94738614",SPRF-PE,DEL01-PE,UOP01-DEL01-PE
487598,2022-11-18,sexta-feira,11:57:00,PE,104,51,CARUARU,Velocidade Incompatível,Saída de leito carroçável,Com Vítimas Feridas,Pleno dia,Decrescente,Céu Claro,Dupla,Reta,Não,1,0,1,0,0,0,1,1,"-8,159284","-35,982044",SPRF-PE,DEL02-PE,UOP01-DEL02-PE
488070,2022-11-20,domingo,18:58:00,PE,423,22,SAO CAITANO,Ultrapassagem Indevida,Colisão frontal,Com Vítimas Fatais,Plena Noite,Crescente,Céu Claro,Dupla,Reta,Sim,2,1,0,0,1,0,0,2,"-8,4192339","-36,19365318",SPRF-PE,DEL03-PE,UOP02-DEL03-PE
488174,2022-11-24,quinta-feira,04:25:00,PE,232,"281,5",SERTANIA,Reação tardia ou ineficiente do condutor,Saída de leito carroçável,Com Vítimas Feridas,Amanhecer,Crescente,Céu Claro,Simples,Reta,Não,1,0,1,0,0,0,1,1,"-8,34770731","-37,29960517",SPRF-PE,DEL04-PE,UOP02-DEL04-PE
488182,2022-11-24,quinta-feira,04:10:00,PE,232,"258,6",ARCOVERDE,Iluminação deficiente,Colisão traseira,Com Vítimas Fatais,Plena Noite,Decrescente,Céu Claro,Simples,Reta,Não,2,1,0,0,0,1,0,2,"-8,40763741","-37,11127205",SPRF-PE,DEL04-PE,UOP02-DEL04-PE
488228,2022-11-21,segunda-feira,20:00:00,PE,232,"128,8",CARUARU,Pedestre cruzava a pista fora da faixa,Atropelamento de Pedestre,Com Vítimas Fatais,Plena Noite,Crescente,Céu Claro,Dupla,Reta,Sim,2,1,0,0,0,1,0,2,"-8,301073","-35,984417",SPRF-PE,DEL02-PE,UOP01-DEL02-PE
488236,2022-11-21,segunda-feira,18:00:00,PE,101,"68,8",RECIFE,Transitar na calçada,Queda de ocupante de veículo,Com Vítimas Feridas,Plena Noite,Decrescente,Céu Claro,Múltipla,Reta,Sim,2,0,0,1,1,0,1,2,"-8,057993","-34,946113",SPRF-PE,DEL01-PE,UOP01-DEL01-PE
488392,2022-11-23,quarta-feira,16:00:00,PE,101,56,PAULISTA,Ingestão de álcool pelo condutor,Colisão traseira,Sem Vítimas,Pleno dia,Decrescente,Céu Claro,Dupla,Reta,Sim,3,0,0,0,3,0,0,3,"-7,9554509","-34,91140727",SPRF-PE,DEL01-PE,UOP02-DEL01-PE
488614,2022-11-26,sábado,01:58:00,PE,101,25,ITAPISSUMA,Ausência de reação do condutor,Colisão traseira,Com Vítimas Feridas,Plena Noite,Crescente,Céu Claro,Dupla,Aclive,Não,3,0,1,1,1,0,2,2,"-7,7009082","-34,9229207",SPRF-PE,DEL01-PE,UOP02-DEL01-PE
488715,2022-11-23,quarta-feira,00:45:00,PE,423,18,SAO CAITANO,Condutor deixou de manter distância do veículo da frente,Colisão traseira,Com Vítimas Feridas,Plena Noite,Decrescente,Céu Claro,Simples,Reta,Não,2,0,1,0,1,0,1,2,"-8,33033097","-36,14470299",SPRF-PE,DEL03-PE,UOP02-DEL03-PE
488757,2022-11-26,sábado,10:00:00,PE,101,30,ITAPISSUMA,Manobra de mudança de faixa,Colisão com objeto,Com Vítimas Feridas,Pleno dia,Decrescente,Céu Claro,Dupla,Curva,Não,2,0,1,0,0,1,1,2,"-7,73816195","-34,94265811",SPRF-PE,DEL01-PE,UOP02-DEL01-PE
488763,2022-11-22,terça-feira,16:20:00,PE,101,"53,5",RECIFE,Manobra de mudança de faixa,Colisão lateral mesmo sentido,Com Vítimas Feridas,Pleno dia,Crescente,Nublado,Dupla,Ponte;Reta                    ,Sim,4,0,3,0,1,0,3,2,"-7,93124094","-34,90068606",SPRF-PE,DEL01-PE,UOP02-DEL01-PE
489041,2022-11-27,domingo,07:39:00,PE,101,"64,2",RECIFE,Manobra de mudança de faixa,Queda de ocupante de veículo,Com Vítimas Feridas,Pleno dia,Crescente,Céu Claro,Dupla,Curva,Sim,2,0,1,0,1,0,1,2,"-8,0162921","-34,94045886",SPRF-PE,DEL01-PE,UOP01-DEL01-PE
489060,2022-11-27,domingo,06:00:00,PE,407,100,PETROLINA,Ingestão de álcool pelo condutor,Colisão lateral sentido oposto,Com Vítimas Feridas,Pleno dia,Decrescente,Garoa/Chuvisco,Simples,Reta,Não,2,0,1,0,1,0,1,2,"-9,184902","-40,634316",SPRF-PE,DEL06-PE,UOP01-DEL06-PE
489070,2022-11-23,quarta-feira,18:57:00,PE,101,56,PAULISTA,Conversão proibida,Colisão transversal,Com Vítimas Fatais,Plena Noite,Decrescente,Céu Claro,Dupla,Reta,Sim,2,1,0,0,1,0,0,2,"-7,963071","-34,914831",SPRF-PE,DEL01-PE,UOP02-DEL01-PE
489101,2022-11-23,quarta-feira,13:00:00,PE,232,83,GRAVATA,Pedestre cruzava a pista fora da faixa,Atropelamento de Pedestre,Com Vítimas Feridas,Pleno dia,Crescente,Céu Claro,Dupla,Retorno Regulamentado,Não,2,0,0,1,1,0,1,2,"-8,2024868","-35,59542005",SPRF-PE,DEL02-PE,UOP02-DEL02PE
489158,2022-11-27,domingo,13:40:00,PE,232,197,SANHARO,Condutor Dormindo,Colisão frontal,Com Vítimas Feridas,Pleno dia,Decrescente,Céu Claro,Simples,Reta,Sim,2,0,1,1,0,0,2,2,"-8,36891793","-36,580362",SPRF-PE,DEL03-PE,UOP02-DEL03-PE
489217,2022-11-27,domingo,19:30:00,PE,232,10,JABOATAO DOS GUARARAPES,Ingestão de álcool pelo condutor,Tombamento,Sem Vítimas,Plena Noite,Decrescente,Céu Claro,Dupla,Curva,Sim,1,0,0,0,1,0,0,1,"-8,07895","-34,984069",SPRF-PE,DEL01-PE,UOP01-DEL01-PE
489271,2022-11-28,segunda-feira,01:43:00,PE,232,"13,9",JABOATAO DOS GUARARAPES,Ausência de reação do condutor,Saída de leito carroçável,Com Vítimas Feridas,Plena Noite,Decrescente,Céu Claro,Dupla,Reta,Sim,1,0,1,0,0,0,1,1,"-8,090449","-35,020409",SPRF-PE,DEL01-PE,UOP01-DEL01-PE
489283,2022-11-28,segunda-feira,05:55:00,PE,101,7,GOIANA,Ausência de reação do condutor,Colisão traseira,Com Vítimas Feridas,Pleno dia,Decrescente,Céu Claro,Múltipla,Reta,Sim,9,0,8,0,1,0,8,2,"-7,55997111","-34,99072674",SPRF-PE,DEL01-PE,UOP02-DEL01-PE
489353,2022-11-21,segunda-feira,15:15:00,PE,408,84,PAUDALHO,Reação tardia ou ineficiente do condutor,Saída de leito carroçável,Com Vítimas Feridas,Pleno dia,Crescente,Céu Claro,Dupla,Curva,Não,1,0,1,0,0,0,1,1,"-7,95123498","-35,10915987",SPRF-PE,DEL01-PE,UOP01-DEL01-PE
489538,2022-11-28,segunda-feira,23:00:00,PE,232,"173,3",BELO JARDIM,Ausência de reação do condutor,Saída de leito carroçável,Com Vítimas Feridas,Plena Noite,Crescente,Nublado,Simples,Reta,Não,1,0,0,1,0,0,1,1,"-8,33916255","-36,36917103",SPRF-PE,DEL03-PE,UOP02-DEL03-PE
489603,2022-10-04,terça-feira,10:50:00,PE,423,"86,2",GARANHUNS,Transitar na contramão,Colisão frontal,Com Vítimas Fatais,Pleno dia,Decrescente,Céu Claro,Simples,Reta,Não,3,1,0,0,1,1,0,3,"-8,81401714","-36,4452687",SPRF-PE,DEL03-PE,UOP01-DEL03-PE
489666,2022-11-29,terça-feira,11:30:00,PE,101,"144,7",RIBEIRAO,Demais falhas mecânicas ou elétricas,Saída de leito carroçável,Com Vítimas Feridas,Pleno dia,Crescente,Nublado,Dupla,Reta,Não,1,0,1,0,0,0,1,1,"-8,45351687","-35,35716511",SPRF-PE,DEL01-PE,UOP03-DEL01-PE
489939,2022-11-30,quarta-feira,21:48:00,PE,101,68,RECIFE,Condutor deixou de manter distância do veículo da frente,Colisão lateral mesmo sentido,Sem Vítimas,Plena Noite,Crescente,Garoa/Chuvisco,Dupla,Reta,Sim,2,0,0,0,2,0,0,2,"-8,042334","-34,943096",SPRF-PE,DEL01-PE,UOP01-DEL01-PE
489973,2022-12-01,quinta-feira,01:00:00,PE,232,482,VERDEJANTE,Transitar na contramão,Colisão transversal,Sem Vítimas,Plena Noite,Crescente,Nublado,Simples,Reta,Não,2,0,0,0,1,1,0,2,"-8,00832162","-38,91254425",SPRF-PE,DEL05-PE,UOP01-DEL05-PE
490126,2022-12-01,quinta-feira,21:30:00,PE,232,95,BEZERROS,Manobra de mudança de faixa,Saída de leito carroçável,Com Vítimas Feridas,Plena Noite,Crescente,Nublado,Dupla,Reta,Não,2,0,2,0,0,0,2,1,"-8,22740988","-35,69941904",SPRF-PE,DEL02-PE,UOP02-DEL02PE
490424,2022-12-03,sábado,02:10:00,PE,232,210,PESQUEIRA,Condutor deixou de manter distância do veículo da frente,Colisão traseira,Com Vítimas Feridas,Plena Noite,Decrescente,Céu Claro,Simples,Aclive,Não,2,0,1,0,1,0,1,2,"-8,36537624","-36,69766903",SPRF-PE,DEL03-PE,UOP02-DEL03-PE
490453,2022-11-21,segunda-feira,20:30:00,PE,232,"15,5",JABOATAO DOS GUARARAPES,Condutor Dormindo,Saída de leito carroçável,Com Vítimas Feridas,Plena Noite,Decrescente,Céu Claro,Múltipla,Curva,Não,1,0,1,0,0,0,1,1,"-8,09137732","-35,02917918",SPRF-PE,DEL01-PE,UOP01-DEL01-PE
490463,2022-12-02,sexta-feira,19:18:00,PE,232,412,SERRA TALHADA,Ausência de reação do condutor,Colisão frontal,Sem Vítimas,Plena Noite,Decrescente,Céu Claro,Simples,Reta,Sim,2,0,0,0,0,2,0,2,"-7,98377927","-38,3208774",SPRF-PE,DEL04-PE,UOP01-DEL04-PE
490474,2022-12-03,sábado,07:15:00,PE,232,"55,3",POMBOS,Condutor Dormindo,Saída de leito carroçável,Com Vítimas Fatais,Pleno dia,Crescente,Céu Claro,Dupla,Reta,Sim,2,1,0,0,1,0,0,2,"-8,13255758","-35,36570027",SPRF-PE,DEL02-PE,UOP02-DEL02PE
490516,2022-12-03,sábado,13:40:00,PE,101,80,JABOATAO DOS GUARARAPES,Acessar a via sem observar a presença dos outros veículos,Colisão lateral mesmo sentido,Sem Vítimas,Pleno dia,Crescente,Céu Claro,Dupla,Curva,Sim,2,0,0,0,2,0,0,2,"-8,15112589","-34,9428866",SPRF-PE,DEL01-PE,UOP01-DEL01-PE
490622,2022-12-03,sábado,18:20:00,PE,232,330,CUSTODIA,Ingestão de álcool pelo condutor,Colisão lateral mesmo sentido,Com Vítimas Fatais,Plena Noite,Crescente,Céu Claro,Simples,Reta,Sim,2,1,0,0,1,0,0,2,"-8,09012961","-37,60830897",SPRF-PE,DEL04-PE,UOP02-DEL04-PE
490677,2022-12-04,domingo,06:50:00,PE,424,38,VENTUROSA,Reação tardia ou ineficiente do condutor,Colisão traseira,Com Vítimas Fatais,Pleno dia,Crescente,Céu Claro,Simples,Reta,Não,3,1,1,0,1,0,1,2,"-8,642627","-36,834539",SPRF-PE,DEL04-PE,UOP02-DEL04-PE
490770,2022-12-04,domingo,18:15:00,PE,110,105,SERTANIA,Demais falhas mecânicas ou elétricas,Incêndio,Sem Vítimas,Plena Noite,Decrescente,Nublado,Simples,Reta,Não,1,0,0,0,1,0,0,1,"-8,401968","-37,360338",SPRF-PE,DEL04-PE,UOP02-DEL04-PE
490836,2022-12-05,segunda-feira,03:30:00,PE,423,122,SALOA,Ingestão de álcool pelo condutor,Colisão traseira,Com Vítimas Feridas,Plena Noite,Crescente,Céu Claro,Simples,Reta,Sim,2,0,1,0,1,0,1,2,"-8,91969478","-36,71197083",SPRF-PE,DEL03-PE,UOP01-DEL03-PE
491102,2022-12-06,terça-feira,10:30:00,PE,101,"38,8",IGARASSU,Problema com o freio,Colisão com objeto,Sem Vítimas,Pleno dia,Crescente,Sol,Múltipla,Declive,Não,1,0,0,0,1,0,0,1,"-7,80600806","-34,92522908",SPRF-PE,DEL01-PE,UOP02-DEL01-PE
491323,2022-11-26,sábado,23:20:00,PE,101,77,RECIFE,Velocidade Incompatível,Saída de leito carroçável,Com Vítimas Feridas,Plena Noite,Decrescente,Céu Claro,Dupla,Reta,Sim,1,0,1,0,0,0,1,1,"-8,126982","-34,94386",SPRF-PE,DEL01-PE,UOP01-DEL01-PE
491439,2022-12-08,quinta-feira,00:10:00,PE,423,"80,2",JUCATI,Demais falhas mecânicas ou elétricas,Colisão com objeto,Sem Vítimas,Plena Noite,Crescente,Céu Claro,Simples,Reta;Declive                  ,Não,2,0,0,0,2,0,0,2,"-8,76622817","-36,42895847",SPRF-PE,DEL03-PE,UOP01-DEL03-PE
491477,2022-12-08,quinta-feira,06:40:00,PE,316,"58,1",TRINDADE,Acessar a via sem observar a presença dos outros veículos,Colisão transversal,Com Vítimas Feridas,Pleno dia,Crescente,Sol,Simples,Reta,Sim,2,0,1,0,1,0,1,2,"-7,75370631","-40,26496546",SPRF-PE,DEL05-PE,UOP02-DEL05-PE
491900,2022-12-10,sábado,07:55:00,PE,101,"82,5",RECIFE,Condutor deixou de manter distância do veículo da frente,Colisão traseira,Com Vítimas Feridas,Pleno dia,Crescente,Céu Claro,Dupla,Reta,Sim,2,0,1,0,0,1,1,2,"-8,173942","-34,941758",SPRF-PE,DEL01-PE,UOP01-DEL01-PE
491904,2022-12-10,sábado,08:45:00,PE,101,67,RECIFE,Velocidade Incompatível,Engavetamento,Com Vítimas Feridas,Pleno dia,Decrescente,Céu Claro,Dupla,Reta,Sim,5,0,0,1,4,0,1,4,"-8,048022","-34,945216",SPRF-PE,DEL01-PE,UOP01-DEL01-PE
491971,2022-12-10,sábado,15:00:00,PE,232,"54,3",POMBOS,Carga excessiva e/ou mal acondicionada,Tombamento,Com Vítimas Feridas,Pleno dia,Crescente,Sol,Dupla,Retorno Regulamentado;Curva   ,Não,1,0,1,0,0,0,1,1,"-8,12919504","-35,35716398",SPRF-PE,DEL02-PE,UOP02-DEL02PE
492147,2022-12-11,domingo,09:30:00,PE,101,136,RIBEIRAO,Obras na pista,Colisão traseira,Com Vítimas Feridas,Pleno dia,Decrescente,Céu Claro,Dupla,Em Obras,Não,3,0,0,1,1,1,1,3,"-8,412286","-35,299557",SPRF-PE,DEL01-PE,UOP03-DEL01-PE
492218,2022-12-11,domingo,17:50:00,PE,101,"20,3",GOIANA,Manobra de mudança de faixa,Saída de leito carroçável,Com Vítimas Feridas,Plena Noite,Crescente,Céu Claro,Dupla,Reta,Não,3,0,1,1,0,1,2,2,"-7,663371","-34,93613",SPRF-PE,DEL01-PE,UOP02-DEL01-PE
492505,2022-12-13,terça-feira,05:00:00,PE,232,"307,9",SERTANIA,Condutor Dormindo,Colisão com objeto,Com Vítimas Feridas,Amanhecer,Decrescente,Céu Claro,Simples,Reta,Não,1,0,0,1,0,0,1,1,"-8,17813014","-37,45401618",SPRF-PE,DEL04-PE,UOP02-DEL04-PE
492658,2022-12-13,terça-feira,20:40:00,PE,232,7,RECIFE,Acessar a via sem observar a presença dos outros veículos,Colisão transversal,Com Vítimas Feridas,Plena Noite,Decrescente,Céu Claro,Dupla,Reta,Sim,2,0,1,0,1,0,1,2,"-8,07333497","-34,96184301",SPRF-PE,DEL01-PE,UOP01-DEL01-PE
492850,2022-11-21,segunda-feira,20:35:00,PE,423,81,JUCATI,Demais falhas mecânicas ou elétricas,Incêndio,Sem Vítimas,Plena Noite,Decrescente,Céu Claro,Simples,Aclive,Não,1,0,0,0,1,0,0,1,"-8,77445381","-36,42734142",SPRF-PE,DEL03-PE,UOP01-DEL03-PE
492880,2022-12-15,quinta-feira,06:55:00,PE,101,"50,7",ABREU E LIMA,Demais falhas mecânicas ou elétricas,Incêndio,Sem Vítimas,Pleno dia,Decrescente,Céu Claro,Múltipla,Reta,Sim,1,0,0,0,1,0,0,1,"-7,90938602","-34,90123228",SPRF-PE,DEL01-PE,UOP02-DEL01-PE
492983,2022-12-15,quinta-feira,16:20:00,PE,232,101,BEZERROS,Manobra de mudança de faixa,Colisão lateral mesmo sentido,Sem Vítimas,Pleno dia,Crescente,Céu Claro,Dupla,Reta,Sim,2,0,0,0,2,0,0,2,"-8,24194679","-35,75097313",SPRF-PE,DEL02-PE,UOP02-DEL02PE
493013,2022-12-15,quinta-feira,19:10:00,PE,232,"253,8",ARCOVERDE,Ingestão de álcool pelo condutor,Colisão frontal,Com Vítimas Feridas,Plena Noite,Decrescente,Céu Claro,Simples,Reta,Sim,5,0,2,0,3,0,2,3,"-8,42522112","-37,07235809",SPRF-PE,DEL04-PE,UOP02-DEL04-PE
493015,2022-12-15,quinta-feira,20:30:00,PE,104,"63,4",CARUARU,Ausência de reação do condutor,Colisão traseira,Com Vítimas Fatais,Plena Noite,Crescente,Céu Claro,Dupla,Reta,Sim,3,1,0,1,1,0,1,2,"-8,2783","-35,9815",SPRF-PE,DEL02-PE,UOP01-DEL02-PE
493105,2022-12-16,sexta-feira,08:40:00,PE,232,96,SAIRE,Manobra de mudança de faixa,Colisão com objeto,Com Vítimas Feridas,Pleno dia,Crescente,Céu Claro,Dupla,Reta,Não,3,0,1,0,2,0,1,3,"-8,23076854","-35,70778281",SPRF-PE,DEL02-PE,UOP02-DEL02PE
493143,2022-12-15,quinta-feira,19:10:00,PE,232,413,SERRA TALHADA,Obstrução na via,Colisão traseira,Com Vítimas Feridas,Plena Noite,Crescente,Nublado,Simples,Reta,Não,4,0,3,0,1,0,3,2,"-7,98690265","-38,3265996",SPRF-PE,DEL04-PE,UOP01-DEL04-PE
493822,2022-12-19,segunda-feira,10:27:00,PE,101,37,IGARASSU,Manobra de mudança de faixa,Colisão lateral mesmo sentido,Com Vítimas Feridas,Pleno dia,Decrescente,Céu Claro,Dupla,Interseção de Vias,Não,2,0,1,0,1,0,1,2,"-7,79726705","-34,9274932",SPRF-PE,DEL01-PE,UOP02-DEL01-PE
493879,2022-12-19,segunda-feira,15:30:00,PE,101,"85,7",JABOATAO DOS GUARARAPES,Estacionar ou parar em local proibido,Colisão traseira,Com Vítimas Feridas,Pleno dia,Decrescente,Céu Claro,Dupla,Reta,Não,3,0,2,0,1,0,2,3,"-8,18065563","-34,95965322",SPRF-PE,DEL01-PE,UOP01-DEL01-PE
493892,2022-12-19,segunda-feira,16:30:00,PE,101,"13,7",GOIANA,Condutor Dormindo,Colisão traseira,Com Vítimas Feridas,Pleno dia,Decrescente,Céu Claro,Dupla,Reta,Não,2,0,1,0,1,0,1,2,"-7,615824","-34,9722181",SPRF-PE,DEL01-PE,UOP02-DEL01-PE
493946,2022-12-19,segunda-feira,21:10:00,PE,316,108,BODOCO,Deficiência do Sistema de Iluminação/Sinalização,Colisão traseira,Com Vítimas Feridas,Plena Noite,Decrescente,Céu Claro,Simples,Reta,Não,3,0,1,0,0,2,1,3,"-7,96586164","-39,88066827",SPRF-PE,DEL05-PE,UOP02-DEL05-PE
494023,2022-12-20,terça-feira,15:35:00,PE,232,"189,1",SANHARO,Ultrapassagem Indevida,Colisão frontal,Com Vítimas Fatais,Pleno dia,Crescente,Céu Claro,Simples,Reta,Não,14,2,10,1,1,0,11,5,"-8,35542691","-36,50966301",SPRF-PE,DEL03-PE,UOP02-DEL03-PE
494265,2022-12-21,quarta-feira,15:30:00,PE,232,"449,5",SAO JOSE DO BELMONTE,Problema com o freio,Saída de leito carroçável,Sem Vítimas,Pleno dia,Decrescente,Céu Claro,Simples,Reta,Não,1,0,0,0,1,0,0,1,"-7,98629482","-38,62748158",SPRF-PE,DEL04-PE,UOP01-DEL04-PE
494391,2022-12-15,quinta-feira,16:45:00,PE,232,"405,9",SERRA TALHADA,Carga excessiva e/ou mal acondicionada,Tombamento,Com Vítimas Feridas,Anoitecer,Decrescente,Céu Claro,Simples,Reta,Não,2,0,2,0,0,0,2,1,"-7,98758264","-38,26134682",SPRF-PE,DEL04-PE,UOP01-DEL04-PE
494459,2022-12-22,quinta-feira,15:10:00,PE,423,"116,3",PARANATAMA,Acessar a via sem observar a presença dos outros veículos,Colisão transversal,Com Vítimas Fatais,Pleno dia,Decrescente,Céu Claro,Simples,Reta,Não,2,1,0,0,1,0,0,2,"-8,9043579","-36,66026303",SPRF-PE,DEL03-PE,UOP01-DEL03-PE
494461,2022-12-22,quinta-feira,14:00:00,PE,232,253,ARCOVERDE,Condutor deixou de manter distância do veículo da frente,Colisão traseira,Com Vítimas Feridas,Pleno dia,Decrescente,Céu Claro,Simples,Reta,Sim,4,0,2,0,2,0,2,2,"-8,42522112","-37,07235809",SPRF-PE,DEL04-PE,UOP02-DEL04-PE
494510,2022-12-22,quinta-feira,19:00:00,PE,101,"52,4",PAULISTA,Velocidade Incompatível,Tombamento,Com Vítimas Feridas,Plena Noite,Crescente,Vento,Dupla,Aclive;Curva                  ,Não,1,0,1,0,0,0,1,1,"-7,92358799","-34,89607201",SPRF-PE,DEL01-PE,UOP02-DEL01-PE
494590,2022-12-23,sexta-feira,04:40:00,PE,101,71,RECIFE,Demais falhas mecânicas ou elétricas,Incêndio,Sem Vítimas,Pleno dia,Decrescente,Céu Claro,Dupla,Reta,Sim,1,0,0,0,1,0,0,1,"-8,07663102","-34,94277871",SPRF-PE,DEL01-PE,UOP01-DEL01-PE
494603,2022-12-21,quarta-feira,21:00:00,PE,428,73,SANTA MARIA DA BOA VISTA,Demais falhas mecânicas ou elétricas,Saída de leito carroçável,Com Vítimas Feridas,Plena Noite,Decrescente,Ignorado,Simples,Curva,Não,2,0,1,0,0,1,1,1,"-8,72018283","-39,77321719",SPRF-PE,DEL06-PE,UOP03-DEL06-PE
494622,2022-11-17,quinta-feira,11:45:00,PE,101,57,PAULISTA,Acesso irregular,Colisão transversal,Com Vítimas Feridas,Pleno dia,Crescente,Céu Claro,Dupla,Reta,Sim,2,0,0,1,1,0,1,2,"-7,96346213","-34,91513486",SPRF-PE,DEL01-PE,UOP02-DEL01-PE
494728,2022-12-23,sexta-feira,14:30:00,PE,423,51,LAJEDO,Transitar na contramão,Colisão lateral sentido oposto,Com Vítimas Feridas,Pleno dia,Decrescente,Céu Claro,Simples,Reta,Não,2,0,0,1,1,0,1,2,"-8,58132103","-36,28787087",SPRF-PE,DEL03-PE,UOP01-DEL03-PE
494920,2022-12-24,sábado,03:40:00,PE,423,"106,7",GARANHUNS,Objeto estático sobre o leito carroçável,Colisão com objeto,Com Vítimas Fatais,Amanhecer,Crescente,Nevoeiro/Neblina,Simples,Reta,Não,2,1,0,0,1,0,0,2,"-8,88331","-36,579148",SPRF-PE,DEL03-PE,UOP01-DEL03-PE
494968,2022-12-07,quarta-feira,19:00:00,PE,232,180,BELO JARDIM,Transitar na contramão,Colisão frontal,Com Vítimas Feridas,Plena Noite,Crescente,Céu Claro,Simples,Reta,Sim,2,0,1,0,1,0,1,2,"-8,34449745","-36,4288801",SPRF-PE,DEL03-PE,UOP02-DEL03-PE
495396,2022-12-26,segunda-feira,12:30:00,PE,101,"78,9",JABOATAO DOS GUARARAPES,Velocidade Incompatível,Colisão lateral mesmo sentido,Com Vítimas Fatais,Pleno dia,Crescente,Céu Claro,Dupla,Curva,Sim,2,1,1,0,0,0,1,2,"-8,13496499","-34,94738614",SPRF-PE,DEL01-PE,UOP01-DEL01-PE
495541,2022-12-27,terça-feira,03:30:00,PE,101,122,ESCADA,Animais na Pista,Atropelamento de Animal,Com Vítimas Fatais,Plena Noite,Crescente,Céu Claro,Dupla,Reta,Não,3,1,0,1,1,0,1,3,"-8,35939636","-35,19500398",SPRF-PE,DEL01-PE,UOP03-DEL01-PE