id,data_inversa,dia_semana,horario,uf,br,km,municipio,causa_acidente,tipo_acidente,classificacao_acidente,fase_dia,sentido_via,condicao_metereologica,tipo_pista,tracado_via,uso_solo,pessoas,mortos,feridos_leves,feridos_graves,ilesos,ignorados,feridos,veiculos,latitude,longitude,regional,delegacia,uop
408387,2022-01-13,quinta-feira,11:40:00,PE,408,"72,4",PAUDALHO,Ingestão de álcool pelo condutor,Colisão traseira,Com Vítimas Feridas,Pleno dia,Decrescente,Sol,Dupla,Reta;Aclive                   ,Sim,6,0,4,1,1,0,5,2,"-7,88298505","-35,18197309",SPRF-PE,DEL01-PE,UOP01-DEL01-PE
408507,2022-01-14,sexta-feira,06:45:00,PE,101,"71,9",RECIFE,Trafegar com motocicleta (ou similar) entre as faixas,Colisão lateral mesmo sentido,Com Vítimas Feridas,Pleno dia,Decrescente,Nublado,Dupla,Reta,Sim,2,0,1,0,1,0,1,2,"-8,078611","-34,94294",SPRF-PE,DEL01-PE,UOP01-DEL01-PE
408510,2022-01-14,sexta-feira,05:40:00,PE,101,"96,5",CABO DE SANTO AGOSTINHO,Acumulo de água sobre o pavimento,Saída de leito carroçável,Com Vítimas Feridas,Pleno dia,Decrescente,Chuva,Dupla,Reta,Sim,1,0,1,0,0,0,1,1,"-8,26309","-35,016674",SPRF-PE,DEL01-PE,UOP01-DEL01-PE
408556,2022-01-14,sexta-feira,11:15:00,PE,232,509,SALGUEIRO,Conversão proibida,Colisão transversal,Com Vítimas Feridas,Pleno dia,Decrescente,Céu Claro,Simples,Curva,Sim,2,0,1,0,0,1,1,2,"-8,06449154","-39,1298447",SPRF-PE,DEL05-PE,UOP01-DEL05-PE
408688,2022-01-14,sexta-feira,23:00:00,PE,101,188,PALMARES,Velocidade Incompatível,Capotamento,Sem Vítimas,Plena Noite,Decrescente,Céu Claro,Dupla,Curva,Sim,1,0,0,0,0,1,0,1,"-8,6909807","-35,5954771",SPRF-PE,DEL01-PE,UOP01-DEL01-PE
408755,2022-01-15,sábado,01:10:00,PE,408,"100,5",SAO LOURENCO DA MATA,Ingestão de álcool pelo condutor,Colisão com objeto,Com Vítimas Feridas,Plena Noite,Crescente,Ignorado,Dupla,Viaduto,Sim,1,0,1,0,0,0,1,1,"-8,045984","-35,010049",SPRF-PE,DEL01-PE,UOP01-DEL01-PE
408771,2022-01-15,sábado,10:10:00,PE,232,"256,9",ARCOVERDE,Transitar na contramão,Colisão lateral sentido oposto,Com Vítimas Feridas,Pleno dia,Crescente,Sol,Simples,Reta,Sim,2,0,0,1,1,0,1,2,"-8,40988226","-37,09335003",SPRF-PE,DEL03-PE,UOP02-DEL03-PE
408774,2022-01-15,sábado,06:07:00,PE,424,"8,3",ARCOVERDE,Ausência de reação do condutor,Saída de leito carroçável,Sem Vítimas,Amanhecer,Crescente,Céu Claro,Simples,Reta,Não,1,0,0,0,1,0,0,1,"-8,49209998","-37,02686998",SPRF-PE,DEL03-PE,UOP02-DEL03-PE
408792,2022-01-15,sábado,12:35:00,PE,101,"70,5",RECIFE,Condutor deixou de manter distância do veículo da frente,Colisão traseira,Com Vítimas Feridas,Pleno dia,Decrescente,Nublado,Dupla,Reta,Sim,2,0,1,0,1,0,1,2,"-8,072087","-34,942462",SPRF-PE,DEL01-PE,UOP01-DEL01-PE
408815,2022-01-15,sábado,15:30:00,PE,104,"77,9",CARUARU,Velocidade Incompatível,Saída de leito carroçável,Com Vítimas Feridas,Pleno dia,Crescente,Céu Claro,Simples,Aclive;Curva                  ,Não,1,0,0,1,0,0,1,1,"-8,3856","-35,9819",SPRF-PE,DEL02-PE,UOP01-DEL02-PE
408920,2022-01-16,domingo,01:30:00,PE,232,"297,7",SERTANIA,Animais na Pista,Atropelamento de Animal,Com Vítimas Fatais,Plena Noite,Crescente,Céu Claro,Simples,Reta,Não,2,1,1,0,0,0,1,1,"-8,25029924","-37,39955734",SPRF-PE,DEL03-PE,UOP02-DEL03-PE
408921,2022-01-16,domingo,03:47:00,PE,232,197,SANHARO,Condutor Dormindo,Colisão frontal,Com Vítimas Fatais,Plena Noite,Decrescente,Céu Claro,Simples,Reta,Sim,3,2,0,0,1,0,0,2,"-8,36891793","-36,580362",SPRF-PE,DEL02-PE,UOP03-DEL02-PE
408962,2022-01-16,domingo,07:30:00,PE,424,"89,1",GARANHUNS,Ingestão de álcool pelo condutor,Saída de leito carroçável,Sem Vítimas,Pleno dia,Decrescente,Céu Claro,Simples,Curva,Sim,1,0,0,0,0,1,0,1,"-8,89138375","-36,50571483",SPRF-PE,DEL03-PE,UOP01-DEL03-PE
408964,2022-01-16,domingo,08:10:00,PE,101,"55,6",RECIFE,Entrada inopinada do pedestre,Atropelamento de Pedestre,Com Vítimas Feridas,Pleno dia,Decrescente,Céu Claro,Dupla,Reta,Sim,2,0,1,0,0,1,1,2,"-7,94806621","-34,9062148",SPRF-PE,DEL01-PE,UOP02-DEL01-PE
408995,2022-01-16,domingo,13:30:00,PE,101,"53,8",PAULISTA,Ingestão de álcool e/ou substâncias psicoativas pelo pedestre,Colisão com objeto,Com Vítimas Fatais,Pleno dia,Decrescente,Sol,Múltipla,Reta,Sim,6,1,3,0,0,2,3,1,"-7,93124094","-34,90068606",SPRF-PE,DEL01-PE,UOP02-DEL01-PE
409052,2022-01-16,domingo,16:05:00,PE,423,101,GARANHUNS,Acessar a via sem observar a presença dos outros veículos,Colisão lateral mesmo sentido,Com Vítimas Feridas,Pleno dia,Decrescente,Céu Claro,Simples,Reta,Não,4,0,0,1,3,0,1,2,"-8,874693","-36,529876",SPRF-PE,DEL03-PE,UOP01-DEL03-PE
409202,2022-01-16,domingo,18:20:00,PE,101,80,JABOATAO DOS GUARARAPES,Ingestão de álcool pelo condutor,Colisão lateral mesmo sentido,Sem Vítimas,Plena Noite,Decrescente,Céu Claro,Múltipla,Aclive;Reta                   ,Sim,2,0,0,0,2,0,0,2,"-8,15404572","-34,94180739",SPRF-PE,DEL01-PE,UOP01-DEL01-PE
409301,2022-01-16,domingo,21:00:00,PE,407,"125,7",PETROLINA,Reação tardia ou ineficiente do condutor,Atropelamento de Pedestre,Com Vítimas Feridas,Plena Noite,Crescente,Céu Claro,Dupla,Reta,Sim,2,0,0,1,0,1,1,2,"-9,37739336","-40,53595733",SPRF-PE,DEL06-PE,UOP01-DEL06-PE
409344,2022-01-16,domingo,21:30:00,PE,232,83,GRAVATA,Velocidade Incompatível,Queda de ocupante de veículo,Com Vítimas Fatais,Plena Noite,Crescente,Nublado,Simples,Declive,Sim,2,1,0,1,0,0,1,1,"-8,2024868","-35,59542005",SPRF-PE,DEL02-PE,UOP02-DEL02PE
409374,2022-01-16,domingo,20:20:00,PE,104,"80,8",AGRESTINA,Reação tardia ou ineficiente do condutor,Colisão traseira,Com Vítimas Feridas,Plena Noite,Decrescente,Céu Claro,Simples,Reta,Não,4,0,3,0,0,1,3,2,"-8,397874","-35,973396",SPRF-PE,DEL02-PE,UOP01-DEL02-PE
409398,2022-01-17,segunda-feira,08:00:00,PE,424,101,GARANHUNS,Condutor deixou de manter distância do veículo da frente,Colisão traseira,Com Vítimas Feridas,Pleno dia,Crescente,Céu Claro,Simples,Interseção de Vias,Não,2,0,1,0,1,0,1,2,"-8,96537965","-36,51714353",SPRF-PE,DEL03-PE,UOP01-DEL03-PE
409420,2022-01-17,segunda-feira,08:10:00,PE,232,"203,2",PESQUEIRA,Conversão proibida,Colisão lateral mesmo sentido,Sem Vítimas,Pleno dia,Decrescente,Sol,Simples,Reta,Não,2,0,0,0,2,0,0,2,"-8,37188729","-36,63471898",SPRF-PE,DEL03-PE,UOP02-DEL03-PE
409422,2022-01-17,segunda-feira,09:10:00,PE,408,"41,4",NAZARE DA MATA,Condutor Dormindo,Colisão lateral sentido oposto,Com Vítimas Feridas,Pleno dia,Crescente,Céu Claro,Simples,Curva,Não,2,0,1,1,0,0,2,2,"-7,66168","-35,250234",SPRF-PE,DEL01-PE,UOP02-DEL01-PE
409484,2022-01-17,segunda-feira,14:40:00,PE,232,"8,5",RECIFE,Condutor deixou de manter distância do veículo da frente,Colisão traseira,Com Vítimas Feridas,Pleno dia,Decrescente,Céu Claro,Dupla,Reta,Sim,3,0,2,0,1,0,2,2,"-8,07583727","-34,97015791",SPRF-PE,DEL01-PE,UOP01-DEL01-PE
409485,2022-01-17,segunda-feira,16:45:00,PE,104,60,CARUARU,Acessar a via sem observar a presença dos outros veículos,Saída de leito carroçável,Com Vítimas Feridas,Pleno dia,Crescente,Céu Claro,Dupla,Curva,Sim,4,0,3,0,0,1,3,2,"-8,2438","-35,9752",SPRF-PE,DEL02-PE,UOP01-DEL02-PE
409519,2022-01-17,segunda-feira,18:50:00,PE,232,"412,1",SERRA TALHADA,Ingestão de álcool pelo condutor,Colisão transversal,Com Vítimas Feridas,Plena Noite,Decrescente,Nublado,Simples,Reta,Sim,4,0,2,0,2,0,2,2,"-7,98377927","-38,3208774",SPRF-PE,DEL04-PE,UOP01-DEL04-PE
409524,2022-01-17,segunda-feira,18:30:00,PE,408,95,SAO LOURENCO DA MATA,Manobra de mudança de faixa,Colisão traseira,Com Vítimas Feridas,Plena Noite,Crescente,Céu Claro,Dupla,Aclive,Sim,2,0,1,0,0,1,1,2,"-8,018617","-35,041756",SPRF-PE,DEL01-PE,UOP01-DEL01-PE
409581,2022-01-18,terça-feira,03:00:00,PE,101,"70,8",RECIFE,Pedestre cruzava a pista fora da faixa,Atropelamento de Pedestre,Com Vítimas Fatais,Plena Noite,Decrescente,Céu Claro,Simples,Viaduto,Sim,3,1,0,1,0,1,1,2,"-8,07522559","-34,94042873",SPRF-PE,DEL01-PE,UOP01-DEL01-PE
409604,2022-01-18,terça-feira,07:30:00,PE,232,"40,6",VITORIA DE SANTO ANTAO,Acessar a via sem observar a presença dos outros veículos,Colisão traseira,Com Vítimas Feridas,Pleno dia,Crescente,Céu Claro,Dupla,Retorno Regulamentado;Reta    ,Não,2,0,0,1,1,0,1,2,"-8,114046","-35,240275",SPRF-PE,DEL01-PE,UOP01-DEL01-PE
409633,2022-01-18,terça-feira,09:30:00,PE,232,247,ARCOVERDE,Velocidade Incompatível,Saída de leito carroçável,Com Vítimas Feridas,Pleno dia,Crescente,Céu Claro,Simples,Reta;Em Obras                 ,Não,1,0,1,0,0,0,1,1,"-8,42267285","-37,02554205",SPRF-PE,DEL03-PE,UOP02-DEL03-PE
409727,2022-01-18,terça-feira,16:00:00,PE,101,"30,5",IGARASSU,Demais falhas mecânicas ou elétricas,Tombamento,Com Vítimas Feridas,Pleno dia,Crescente,Céu Claro,Dupla,Declive;Curva                 ,Não,2,0,2,0,0,0,2,1,"-7,73816195","-34,94265811",SPRF-PE,DEL01-PE,UOP02-DEL01-PE
409739,2022-01-18,terça-feira,17:37:00,PE,101,96,CABO DE SANTO AGOSTINHO,Ausência de reação do condutor,Colisão lateral mesmo sentido,Com Vítimas Feridas,Anoitecer,Crescente,Nublado,Simples,Reta,Sim,4,0,2,0,1,1,2,2,"-8,25146993","-35,021805",SPRF-PE,DEL01-PE,UOP01-DEL01-PE
409759,2022-01-18,terça-feira,19:40:00,PE,101,51,PAULISTA,Acessar a via sem observar a presença dos outros veículos,Colisão transversal,Com Vítimas Fatais,Plena Noite,Crescente,Vento,Dupla,Curva,Sim,2,1,0,0,1,0,0,2,"-7,9169968","-34,89689272",SPRF-PE,DEL01-PE,UOP02-DEL01-PE
409778,2022-01-18,terça-feira,19:50:00,PE,104,28,TORITAMA,Reação tardia ou ineficiente do condutor,Colisão traseira,Com Vítimas Feridas,Plena Noite,Crescente,Céu Claro,Simples,Reta,Não,2,0,0,1,0,1,1,2,"-8,0065","-36,0709",SPRF-PE,DEL02-PE,UOP01-DEL02-PE
409823,2022-01-19,quarta-feira,08:23:00,PE,232,"5,3",RECIFE,Condutor deixou de manter distância do veículo da frente,Saída de leito carroçável,Com Vítimas Feridas,Pleno dia,Decrescente,Céu Claro,Dupla,Reta,Sim,2,0,1,0,1,0,1,2,"-8,06934248","-34,94821787",SPRF-PE,DEL01-PE,UOP01-DEL01-PE
409897,2022-01-19,quarta-feira,17:45:00,PE,101,10,GOIANA,Reação tardia ou ineficiente do condutor,Saída de leito carroçável,Com Vítimas Feridas,Anoitecer,Decrescente,Céu Claro,Dupla,Curva,Não,1,0,1,0,0,0,1,1,"-7,58679204","-34,98736241",SPRF-PE,DEL01-PE,UOP02-DEL01-PE
409960,2022-01-20,quinta-feira,01:50:00,PE,101,10,GOIANA,Condutor Dormindo,Saída de leito carroçável,Com Vítimas Feridas,Plena Noite,Decrescente,Céu Claro,Dupla,Declive,Não,1,0,0,1,0,0,1,1,"-7,58679204","-34,98736241",SPRF-PE,DEL01-PE,UOP02-DEL01-PE
409961,2022-01-20,quinta-feira,04:35:00,PE,232,"7,5",RECIFE,Ingestão de substâncias psicoativas pelo condutor,Colisão traseira,Com Vítimas Feridas,Amanhecer,Decrescente,Chuva,Dupla,Reta,Não,3,0,0,2,0,1,2,2,"-8,07333497","-34,96184301",SPRF-PE,DEL01-PE,UOP01-DEL01-PE
409984,2022-01-20,quinta-feira,08:15:00,PE,428,"184,5",PETROLINA,Acesso irregular,Colisão transversal,Com Vítimas Feridas,Pleno dia,Crescente,Céu Claro,Simples,Reta,Sim,2,0,1,0,1,0,1,2,"-9,33211208","-40,46621385",SPRF-PE,DEL06-PE,UOP01-DEL06-PE
410057,2022-01-20,quinta-feira,14:40:00,PE,428,"162,9",PETROLINA,Velocidade Incompatível,Colisão traseira,Com Vítimas Feridas,Pleno dia,Crescente,Sol,Simples,Reta,Não,2,0,0,1,0,1,1,1,"-9,16269207","-40,36612188",SPRF-PE,DEL06-PE,UOP01-DEL06-PE
410062,2022-01-20,quinta-feira,16:20:00,PE,101,"96,4",CABO DE SANTO AGOSTINHO,Condutor deixou de manter distância do veículo da frente,Colisão traseira,Com Vítimas Feridas,Pleno dia,Crescente,Céu Claro,Dupla,Declive,Não,7,0,1,0,6,0,1,3,"-8,25146993","-35,021805",SPRF-PE,DEL01-PE,UOP01-DEL01-PE
410102,2022-01-05,quarta-feira,12:30:00,PE,232,331,CUSTODIA,Velocidade Incompatível,Colisão traseira,Com Vítimas Feridas,Pleno dia,Crescente,Céu Claro,Simples,Reta,Sim,4,0,0,1,3,0,1,4,"-8,08916179","-37,62141598",SPRF-PE,DEL03-PE,UOP02-DEL03-PE
410195,2022-01-21,sexta-feira,12:00:00,PE,101,68,RECIFE,Acessar a via sem observar a presença dos outros veículos,Atropelamento de Pedestre,Com Vítimas Feridas,Pleno dia,Crescente,Céu Claro,Dupla,Reta,Sim,3,0,1,0,1,1,1,3,"-8,05074296","-34,94580619",SPRF-PE,DEL01-PE,UOP01-DEL01-PE
410215,2022-01-21,sexta-feira,12:30:00,PE,232,"80,8",GRAVATA,Ingestão de álcool pelo condutor,Colisão lateral mesmo sentido,Com Vítimas Feridas,Pleno dia,Decrescente,Sol,Múltipla,Reta,Não,2,0,1,0,1,0,1,2,"-8,19579864","-35,56962305",SPRF-PE,DEL02-PE,UOP02-DEL02PE
410237,2022-01-21,sexta-feira,16:50:00,PE,232,148,SAO CAITANO,Condutor deixou de manter distância do veículo da frente,Colisão traseira,Com Vítimas Feridas,Pleno dia,Decrescente,Céu Claro,Dupla,Reta,Sim,2,0,2,0,0,0,2,2,"-8,3299704","-36,14553018",SPRF-PE,DEL02-PE,UOP03-DEL02-PE
410291,2022-01-21,sexta-feira,21:45:00,PE,232,"408,9",SERRA TALHADA,Manobra de mudança de faixa,Colisão transversal,Com Vítimas Feridas,Plena Noite,Crescente,Céu Claro,Simples,Reta,Sim,3,0,0,1,2,0,1,2,"-7,98371447","-38,28047709",SPRF-PE,DEL04-PE,UOP01-DEL04-PE
410328,2022-01-21,sexta-feira,21:30:00,PE,428,"34,5",OROCO,Acessar a via sem observar a presença dos outros veículos,Atropelamento de Pedestre,Com Vítimas Fatais,Plena Noite,Decrescente,Céu Claro,Simples,Reta,Não,2,1,0,0,0,1,0,2,"-8,5320588","-39,51148312",SPRF-PE,DEL05-PE,UOP03-DEL05-PE
410461,2022-01-22,sábado,17:50:00,PE,232,142,SAO CAITANO,Reação tardia ou ineficiente do condutor,Colisão com objeto,Com Vítimas Feridas,Anoitecer,Crescente,Céu Claro,Dupla,Reta,Não,2,0,1,0,1,0,1,1,"-8,32242118","-36,09480698",SPRF-PE,DEL02-PE,UOP03-DEL02-PE
410484,2022-01-22,sábado,20:15:00,PE,101,112,CABO DE SANTO AGOSTINHO,Carga excessiva e/ou mal acondicionada,Tombamento,Com Vítimas Feridas,Plena Noite,Crescente,Céu Claro,Dupla,Curva,Não,2,0,2,0,0,0,2,1,"-8,3278918","-35,119238",SPRF-PE,DEL01-PE,UOP01-DEL01-PE
410490,2022-01-22,sábado,20:45:00,PE,101,90,CABO DE SANTO AGOSTINHO,Acessar a via sem observar a presença dos outros veículos,Colisão transversal,Com Vítimas Feridas,Plena Noite,Crescente,Céu Claro,Simples,Reta,Sim,4,0,0,4,0,0,4,2,"-8,2329881","-34,9773382",SPRF-PE,DEL01-PE,UOP01-DEL01-PE
410512,2022-01-22,sábado,23:00:00,PE,232,"256,1",ARCOVERDE,Pedestre andava na pista,Atropelamento de Pedestre,Com Vítimas Fatais,Plena Noite,Crescente,Céu Claro,Simples,Reta,Não,2,1,0,0,0,1,0,2,"-8,40988226","-37,09335003",SPRF-PE,DEL03-PE,UOP02-DEL03-PE
410635,2022-01-23,domingo,13:40:00,PE,101,"69,7",RECIFE,Velocidade Incompatível,Saída de leito carroçável,Com Vítimas Feridas,Pleno dia,Decrescente,Céu Claro,Simples,Curva,Não,1,0,0,1,0,0,1,1,"-8,06558807","-34,9443303",SPRF-PE,DEL01-PE,UOP01-DEL01-PE
410640,2022-01-23,domingo,10:00:00,PE,423,"62,7",LAJEDO,Conversão proibida,Colisão traseira,Com Vítimas Feridas,Pleno dia,Crescente,Céu Claro,Simples,Reta,Não,2,0,1,0,1,0,1,2,"-8,66011023","-36,33781395",SPRF-PE,DEL03-PE,UOP01-DEL03-PE
410659,2022-01-23,domingo,16:00:00,PE,408,"104,7",JABOATAO DOS GUARARAPES,Ausência de reação do condutor,Colisão traseira,Com Vítimas Feridas,Pleno dia,Decrescente,Céu Claro,Múltipla,Reta,Sim,3,0,1,0,2,0,1,2,"-8,064443","-34,99006",SPRF-PE,DEL01-PE,UOP01-DEL01-PE
410688,2022-01-23,domingo,15:00:00,PE,423,"93,8",GARANHUNS,Reação tardia ou ineficiente do condutor,Colisão traseira,Sem Vítimas,Pleno dia,Crescente,Nublado,Múltipla,Rotatória,Sim,2,0,0,0,2,0,0,2,"-8,874031","-36,469503",SPRF-PE,DEL03-PE,UOP01-DEL03-PE
410700,2022-01-23,domingo,19:00:00,PE,101,"29,8",ITAPISSUMA,Iluminação deficiente,Capotamento,Com Vítimas Feridas,Plena Noite,Crescente,Céu Claro,Dupla,Reta,Não,2,0,0,2,0,0,2,1,"-7,72939697","-34,94185854",SPRF-PE,DEL01-PE,UOP02-DEL01-PE
410712,2022-01-23,domingo,16:30:00,PE,232,"419,6",SERRA TALHADA,Ausência de reação do condutor,Eventos atípicos,Com Vítimas Feridas,Pleno dia,Decrescente,Céu Claro,Simples,Reta,Não,2,0,0,1,0,1,1,2,"-7,99920674","-38,37890636",SPRF-PE,DEL04-PE,UOP01-DEL04-PE
410776,2022-01-24,segunda-feira,01:45:00,PE,232,"132,3",CARUARU,Ingestão de álcool pelo condutor,Saída de leito carroçável,Sem Vítimas,Plena Noite,Crescente,Céu Claro,Dupla,Reta,Sim,1,0,0,0,0,1,0,1,"-8,304536","-36,010216",SPRF-PE,DEL02-PE,UOP03-DEL02-PE
410857,2022-01-24,segunda-feira,07:15:00,PE,101,89,JABOATAO DOS GUARARAPES,Acessar a via sem observar a presença dos outros veículos,Atropelamento de Pedestre,Com Vítimas Fatais,Pleno dia,Decrescente,Céu Claro,Simples,Reta,Sim,2,1,1,0,0,0,1,2,"-8,214267","-34,964121",SPRF-PE,DEL01-PE,UOP01-DEL01-PE
410911,2022-01-24,segunda-feira,15:00:00,PE,101,"51,3",PAULISTA,Manobra de mudança de faixa,Colisão lateral mesmo sentido,Com Vítimas Feridas,Pleno dia,Decrescente,Céu Claro,Múltipla,Reta,Sim,2,0,1,0,1,0,1,2,"-7,92088251","-34,89397472",SPRF-PE,DEL01-PE,UOP02-DEL01-PE
411019,2022-01-25,terça-feira,10:10:00,PE,101,"49,9",ABREU E LIMA,Acessar a via sem observar a presença dos outros veículos,Colisão transversal,Sem Vítimas,Pleno dia,Crescente,Céu Claro,Múltipla,Retorno Regulamentado,Sim,2,0,0,0,2,0,0,2,"-7,9005152","-34,90180641",SPRF-PE,DEL01-PE,UOP02-DEL01-PE
411092,2022-01-25,terça-feira,19:35:00,PE,101,"56,8",PAULISTA,Pedestre andava na pista,Atropelamento de Pedestre,Com Vítimas Feridas,Plena Noite,Decrescente,Nublado,Dupla,Reta,Sim,2,0,0,1,1,0,1,2,"-7,9554509","-34,91140727",SPRF-PE,DEL01-PE,UOP02-DEL01-PE
411186,2022-01-26,quarta-feira,11:00:00,PE,232,"10,8",JABOATAO DOS GUARARAPES,Mal súbito do condutor,Colisão traseira,Com Vítimas Fatais,Pleno dia,Crescente,Sol,Dupla,Reta,Sim,2,1,0,0,1,0,0,2,"-8,079519","-34,989429",SPRF-PE,DEL01-PE,UOP01-DEL01-PE
411216,2022-01-26,quarta-feira,15:00:00,PE,232,"6,5",RECIFE,Acumulo de óleo sobre o pavimento,Tombamento,Com Vítimas Feridas,Pleno dia,Decrescente,Céu Claro,Dupla,Reta,Sim,1,0,1,0,0,0,1,1,"-8,07079525","-34,9535389",SPRF-PE,DEL01-PE,UOP01-DEL01-PE
411338,2022-01-27,quinta-feira,09:00:00,PE,232,67,GRAVATA,Velocidade Incompatível,Colisão com objeto,Sem Vítimas,Pleno dia,Decrescente,Céu Claro,Dupla,Declive,Não,1,0,0,0,1,0,0,1,"-8,16727986","-35,464311",SPRF-PE,DEL02-PE,UOP02-DEL02PE
411344,2022-01-27,quinta-feira,10:35:00,PE,232,"109,5",BEZERROS,Reação tardia ou ineficiente do condutor,Saída de leito carroçável,Com Vítimas Fatais,Pleno dia,Crescente,Céu Claro,Dupla,Curva,Não,2,1,0,1,0,0,1,1,"-8,28036785","-35,81085313",SPRF-PE,DEL02-PE,UOP02-DEL02PE
411440,2022-01-27,quinta-feira,16:44:00,PE,232,"126,9",CARUARU,Condutor deixou de manter distância do veículo da frente,Colisão traseira,Sem Vítimas,Pleno dia,Crescente,Céu Claro,Dupla,Viaduto,Sim,2,0,0,0,2,0,0,2,"-8,30568945","-35,96533298",SPRF-PE,DEL02-PE,UOP03-DEL02-PE
411481,2022-01-27,quinta-feira,20:00:00,PE,423,"121,9",PARANATAMA,Manobra de mudança de faixa,Colisão frontal,Com Vítimas Feridas,Plena Noite,Decrescente,Céu Claro,Simples,Reta,Não,3,0,0,2,1,0,2,2,"-8,9156581","-36,70400598",SPRF-PE,DEL03-PE,UOP01-DEL03-PE
411542,2022-01-28,sexta-feira,08:10:00,PE,101,"71,2",RECIFE,Transitar no acostamento,Colisão lateral mesmo sentido,Com Vítimas Feridas,Pleno dia,Decrescente,Céu Claro,Dupla,Reta,Não,2,0,1,0,1,0,1,2,"-8,07663102","-34,94277871",SPRF-PE,DEL01-PE,UOP01-DEL01-PE
411555,2022-01-28,sexta-feira,09:30:00,PE,101,77,RECIFE,Mal súbito do condutor,Saída de leito carroçável,Com Vítimas Fatais,Pleno dia,Crescente,Céu Claro,Dupla,Reta,Sim,1,1,0,0,0,0,0,1,"-8,122501","-34,943549",SPRF-PE,DEL01-PE,UOP01-DEL01-PE
411807,2022-01-29,sábado,15:30:00,PE,232,101,BEZERROS,Condutor Dormindo,Saída de leito carroçável,Com Vítimas Feridas,Pleno dia,Crescente,Nublado,Dupla,Reta;Declive                  ,Sim,3,0,3,0,0,0,3,1,"-8,24194679","-35,75097313",SPRF-PE,DEL02-PE,UOP02-DEL02PE
411861,2022-01-29,sábado,19:30:00,PE,407,"118,4",PETROLINA,Acessar a via sem observar a presença dos outros veículos,Colisão transversal,Com Vítimas Feridas,Plena Noite,Decrescente,Garoa/Chuvisco,Simples,Retorno Regulamentado,Não,3,0,1,0,2,0,1,2,"-9,32245397","-40,56878794",SPRF-PE,DEL06-PE,UOP02-DEL06-PE
411885,2022-01-29,sábado,23:40:00,PE,101,51,ABREU E LIMA,Acessar a via sem observar a presença dos outros veículos,Atropelamento de Pedestre,Sem Vítimas,Plena Noite,Crescente,Céu Claro,Dupla,Reta,Sim,2,0,0,0,1,1,0,2,"-7,918843","-34,896017",SPRF-PE,DEL01-PE,UOP02-DEL01-PE
411889,2022-01-29,sábado,23:50:00,PE,428,185,PETROLINA,Acesso irregular,Colisão transversal,Com Vítimas Feridas,Plena Noite,Crescente,Nublado,Simples,Reta,Sim,2,0,1,0,1,0,1,2,"-9,35229291","-40,47661006",SPRF-PE,DEL06-PE,UOP01-DEL06-PE
411905,2022-01-30,domingo,06:00:00,PE,101,76,RECIFE,Entrada inopinada do pedestre,Atropelamento de Pedestre,Com Vítimas Feridas,Pleno dia,Decrescente,Sol,Dupla,Curva,Sim,2,0,1,1,0,0,2,2,"-8,11813811","-34,94329214",SPRF-PE,DEL01-PE,UOP01-DEL01-PE
411906,2022-01-30,domingo,05:10:00,PE,101,57,RECIFE,Ausência de reação do condutor,Colisão com objeto,Com Vítimas Feridas,Plena Noite,Crescente,Céu Claro,Dupla,Ponte,Sim,1,0,0,1,0,0,1,1,"-7,976316","-34,925082",SPRF-PE,DEL01-PE,UOP02-DEL01-PE
411987,2022-01-30,domingo,16:20:00,PE,101,65,RECIFE,Acessar a via sem observar a presença dos outros veículos,Colisão traseira,Com Vítimas Feridas,Pleno dia,Crescente,Céu Claro,Múltipla,Reta,Sim,2,0,1,0,1,0,1,2,"-8,02478597","-34,94276635",SPRF-PE,DEL01-PE,UOP01-DEL01-PE
411993,2022-01-30,domingo,16:40:00,PE,101,44,IGARASSU,Ausência de reação do condutor,Colisão lateral mesmo sentido,Com Vítimas Feridas,Pleno dia,Crescente,Céu Claro,Múltipla,Reta,Sim,2,0,1,0,1,0,1,2,"-7,85637001","-34,90842109",SPRF-PE,DEL01-PE,UOP02-DEL01-PE
412003,2022-01-30,domingo,17:20:00,PE,101,45,IGARASSU,Ingestão de álcool pelo condutor,Colisão traseira,Sem Vítimas,Anoitecer,Crescente,Nublado,Múltipla,Reta,Sim,3,0,0,0,3,0,0,2,"-7,85637001","-34,90842109",SPRF-PE,DEL01-PE,UOP02-DEL01-PE
412051,2022-01-30,domingo,20:30:00,PE,423,"94,9",GARANHUNS,Ingestão de álcool pelo condutor,Colisão frontal,Com Vítimas Feridas,Plena Noite,Crescente,Nublado,Simples,Reta,Sim,5,0,0,2,0,3,2,3,"-8,874732","-36,46946",SPRF-PE,DEL03-PE,UOP01-DEL03-PE
412061,2022-01-30,domingo,21:35:00,PE,232,"133,5",CARUARU,Acesso irregular,Colisão transversal,Com Vítimas Feridas,Plena Noite,Decrescente,Nublado,Dupla,Viaduto,Sim,2,0,0,1,1,0,1,2,"-8,30607988","-36,01576003",SPRF-PE,DEL02-PE,UOP03-DEL02-PE