id,data_inversa,dia_semana,horario,uf,br,km,municipio,causa_acidente,tipo_acidente,classificacao_acidente,fase_dia,sentido_via,condicao_metereologica,tipo_pista,tracado_via,uso_solo,pessoas,mortos,feridos_leves,feridos_graves,ilesos,ignorados,feridos,veiculos,latitude,longitude,regional,delegacia,uop
412064,2022-01-30,domingo,20:30:00,PE,101,"141,3",RIBEIRAO,Demais falhas mecânicas ou elétricas,Incêndio,Sem Vítimas,Plena Noite,Decrescente,Nublado,Dupla,Curva,Não,1,0,0,0,0,1,0,1,"-8,44013935","-35,33528377",SPRF-PE,DEL01-PE,UOP01-DEL01-PE
412124,2022-01-31,segunda-feira,08:50:00,PE,104,"131,8",QUIPAPA,Avarias e/ou desgaste excessivo no pneu,Saída de leito carroçável,Com Vítimas Feridas,Pleno dia,Decrescente,Céu Claro,Simples,Curva,Não,3,0,0,3,0,0,3,1,"-8,784293","-36,016506",SPRF-PE,DEL02-PE,UOP01-DEL02-PE
412162,2022-01-07,sexta-feira,10:20:00,PE,423,"19,1",SAO CAITANO,Ultrapassagem Indevida,Colisão frontal,Com Vítimas Feridas,Pleno dia,Decrescente,Nublado,Simples,Reta,Não,4,0,0,1,3,0,1,2,"-8,33379683","-36,15201612",SPRF-PE,DEL02-PE,UOP03-DEL02-PE
412169,2022-01-16,domingo,03:25:00,PE,104,"68,7",CARUARU,Reação tardia ou ineficiente do condutor,Colisão traseira,Com Vítimas Feridas,Plena Noite,Decrescente,Nublado,Dupla,Reta,Não,3,0,2,0,1,0,2,2,"-8,3107","-35,9904",SPRF-PE,DEL02-PE,UOP01-DEL02-PE
412201,2022-01-31,segunda-feira,17:10:00,PE,101,"69,8",RECIFE,Acumulo de areia ou detritos sobre o pavimento,Tombamento,Com Vítimas Feridas,Pleno dia,Crescente,Nublado,Múltipla,Curva,Sim,1,0,1,0,0,0,1,1,"-8,066215","-34,943595",SPRF-PE,DEL01-PE,UOP01-DEL01-PE
412207,2022-01-31,segunda-feira,18:00:00,PE,232,"133,3",CARUARU,Obras na pista,Queda de ocupante de veículo,Com Vítimas Feridas,Anoitecer,Crescente,Céu Claro,Dupla,Reta,Sim,1,0,1,0,0,0,1,1,"-8,30667677","-36,01796865",SPRF-PE,DEL02-PE,UOP03-DEL02-PE
412264,2022-01-10,segunda-feira,12:00:00,PE,423,59,LAJEDO,Acessar a via sem observar a presença dos outros veículos,Colisão frontal,Com Vítimas Feridas,Pleno dia,Crescente,Céu Claro,Simples,Reta,Sim,3,0,0,1,2,0,1,2,"-8,64676387","-36,31558317",SPRF-PE,DEL03-PE,UOP01-DEL03-PE
412281,2022-01-01,sábado,11:00:00,PE,101,"49,4",ABREU E LIMA,Reação tardia ou ineficiente do condutor,Colisão traseira,Com Vítimas Feridas,Pleno dia,Crescente,Céu Claro,Múltipla,Reta,Sim,3,0,0,2,1,0,2,2,"-7,9005152","-34,90180641",SPRF-PE,DEL01-PE,UOP02-DEL01-PE
412302,2022-01-15,sábado,07:00:00,PE,232,"138,6",CARUARU,Estacionar ou parar em local proibido,Colisão lateral mesmo sentido,Com Vítimas Feridas,Pleno dia,Decrescente,Sol,Dupla,Interseção de Vias,Não,3,0,2,0,1,0,2,2,"-8,319332","-36,064512",SPRF-PE,DEL02-PE,UOP03-DEL02-PE
412325,2022-01-15,sábado,10:40:00,PE,101,44,IGARASSU,Condutor deixou de manter distância do veículo da frente,Colisão traseira,Com Vítimas Feridas,Pleno dia,Crescente,Nublado,Múltipla,Reta,Sim,2,0,1,0,1,0,1,2,"-7,85637001","-34,90842109",SPRF-PE,DEL01-PE,UOP02-DEL01-PE
412348,2022-02-01,terça-feira,16:00:00,PE,232,221,PESQUEIRA,Acessar a via sem observar a presença dos outros veículos,Colisão transversal,Com Vítimas Feridas,Pleno dia,Decrescente,Céu Claro,Simples,Reta,Não,2,0,0,1,1,0,1,2,"-8,40095324","-36,79199096",SPRF-PE,DEL03-PE,UOP02-DEL03-PE
412433,2022-02-02,quarta-feira,07:45:00,PE,408,103,RECIFE,Acessar a via sem observar a presença dos outros veículos,Colisão lateral mesmo sentido,Com Vítimas Feridas,Pleno dia,Decrescente,Céu Claro,Dupla,Interseção de Vias,Sim,3,0,1,0,2,0,1,2,"-8,065005","-34,989961",SPRF-PE,DEL01-PE,UOP01-DEL01-PE
412457,2022-02-02,quarta-feira,10:30:00,PE,232,"9,3",RECIFE,Condutor deixou de manter distância do veículo da frente,Colisão traseira,Com Vítimas Feridas,Pleno dia,Crescente,Céu Claro,Simples,Reta,Não,2,0,1,0,1,0,1,2,"-8,07764447","-34,97863609",SPRF-PE,DEL01-PE,UOP01-DEL01-PE
412588,2022-02-03,quinta-feira,06:00:00,PE,101,"35,6",IGARASSU,Condutor Dormindo,Saída de leito carroçável,Com Vítimas Feridas,Pleno dia,Decrescente,Céu Claro,Dupla,Declive,Não,1,0,0,1,0,0,1,1,"-7,77952193","-34,93231384",SPRF-PE,DEL01-PE,UOP02-DEL01-PE
412635,2022-02-03,quinta-feira,09:30:00,PE,101,82,JABOATAO DOS GUARARAPES,Manobra de mudança de faixa,Colisão lateral mesmo sentido,Com Vítimas Feridas,Pleno dia,Decrescente,Nublado,Dupla,Reta,Sim,2,0,1,0,1,0,1,2,"-8,168383","-34,9376",SPRF-PE,DEL01-PE,UOP01-DEL01-PE
412642,2022-01-14,sexta-feira,16:40:00,PE,428,178,PETROLINA,Ausência de reação do condutor,Colisão transversal,Com Vítimas Feridas,Pleno dia,Crescente,Céu Claro,Simples,Reta,Não,2,0,1,0,1,0,1,2,"-9,293414","-40,446267",SPRF-PE,DEL06-PE,UOP01-DEL06-PE
412650,2022-02-03,quinta-feira,13:00:00,PE,232,508,SALGUEIRO,Conversão proibida,Colisão transversal,Com Vítimas Feridas,Pleno dia,Crescente,Céu Claro,Simples,Reta,Sim,2,0,1,0,1,0,1,2,"-8,06223271","-39,12095006",SPRF-PE,DEL05-PE,UOP01-DEL05-PE
412664,2022-02-03,quinta-feira,14:32:00,PE,428,186,PETROLINA,Condutor deixou de manter distância do veículo da frente,Colisão traseira,Sem Vítimas,Pleno dia,Crescente,Céu Claro,Simples,Reta,Sim,2,0,0,0,2,0,0,2,"-9,36269157","-40,48187256",SPRF-PE,DEL06-PE,UOP01-DEL06-PE
412676,2022-02-03,quinta-feira,16:10:00,PE,101,72,RECIFE,Mal súbito do condutor,Saída de leito carroçável,Com Vítimas Feridas,Pleno dia,Crescente,Sol,Dupla,Reta,Sim,1,0,1,0,0,0,1,1,"-8,08493106","-34,9450639",SPRF-PE,DEL01-PE,UOP01-DEL01-PE
412691,2022-02-03,quinta-feira,19:35:00,PE,428,185,PETROLINA,Acessar a via sem observar a presença dos outros veículos,Colisão transversal,Com Vítimas Feridas,Plena Noite,Crescente,Céu Claro,Simples,Reta,Sim,2,0,2,0,0,0,2,2,"-9,34009199","-40,47032001",SPRF-PE,DEL06-PE,UOP01-DEL06-PE
412800,2022-02-04,sexta-feira,11:30:00,PE,232,"5,1",RECIFE,Condutor deixou de manter distância do veículo da frente,Colisão traseira,Sem Vítimas,Pleno dia,Decrescente,Sol,Dupla,Reta,Sim,2,0,0,0,2,0,0,2,"-8,068933","-34,94742",SPRF-PE,DEL01-PE,UOP01-DEL01-PE
412814,2022-02-04,sexta-feira,13:20:00,PE,408,76,PAUDALHO,Ausência de reação do condutor,Colisão traseira,Com Vítimas Feridas,Pleno dia,Decrescente,Céu Claro,Dupla,Declive,Sim,3,0,1,1,1,0,2,2,"-7,913693","-35,170002",SPRF-PE,DEL01-PE,UOP01-DEL01-PE
412823,2022-02-04,sexta-feira,14:10:00,PE,232,"135,6",CARUARU,Retorno proibido,Colisão transversal,Com Vítimas Fatais,Pleno dia,Decrescente,Sol,Dupla,Em Obras;Reta                 ,Sim,2,1,0,0,1,0,0,2,"-8,31300237","-36,03970714",SPRF-PE,DEL02-PE,UOP03-DEL02-PE
412835,2022-02-04,sexta-feira,15:55:00,PE,101,78,RECIFE,Conversão proibida,Colisão transversal,Com Vítimas Feridas,Pleno dia,Decrescente,Sol,Dupla,Reta,Sim,2,0,1,0,0,1,1,2,"-8,137378","-34,947502",SPRF-PE,DEL01-PE,UOP01-DEL01-PE
412928,2022-02-05,sábado,00:00:00,PE,232,"45,1",VITORIA DE SANTO ANTAO,Entrada inopinada do pedestre,Atropelamento de Pedestre,Com Vítimas Fatais,Plena Noite,Crescente,Nublado,Dupla,Reta,Não,3,1,0,0,0,2,0,2,"-8,129095","-35,282807",SPRF-PE,DEL01-PE,UOP01-DEL01-PE
413023,2022-02-05,sábado,11:00:00,PE,408,103,RECIFE,Entrada inopinada do pedestre,Atropelamento de Pedestre,Com Vítimas Feridas,Pleno dia,Crescente,Céu Claro,Dupla,Reta,Sim,2,0,2,0,0,0,2,2,"-8,05746154","-34,99468175",SPRF-PE,DEL01-PE,UOP01-DEL01-PE
413067,2022-02-05,sábado,15:30:00,PE,232,"79,5",GRAVATA,Ingestão de álcool pelo condutor,Engavetamento,Com Vítimas Feridas,Pleno dia,Crescente,Sol,Simples,Interseção de Vias,Sim,4,0,1,0,3,0,1,4,"-8,19460572","-35,56074803",SPRF-PE,DEL02-PE,UOP02-DEL02PE
413070,2022-02-05,sábado,15:35:00,PE,408,"65,7",CARPINA,Reação tardia ou ineficiente do condutor,Saída de leito carroçável,Sem Vítimas,Pleno dia,Decrescente,Céu Claro,Dupla,Declive,Sim,1,0,0,0,0,1,0,1,"-7,85059029","-35,23198016",SPRF-PE,DEL01-PE,UOP01-DEL01-PE
413120,2022-02-05,sábado,20:30:00,PE,232,"79,3",GRAVATA,Ultrapassagem Indevida,Colisão frontal,Com Vítimas Feridas,Plena Noite,Crescente,Céu Claro,Simples,Reta,Sim,3,0,0,1,1,1,1,3,"-8,19460572","-35,56074803",SPRF-PE,DEL02-PE,UOP02-DEL02PE
413142,2022-02-05,sábado,23:10:00,PE,101,52,PAULISTA,Ausência de sinalização,Colisão lateral sentido oposto,Com Vítimas Feridas,Plena Noite,Decrescente,Céu Claro,Simples,Curva;Viaduto                 ,Sim,2,0,0,1,1,0,1,2,"-7,92358799","-34,89607201",SPRF-PE,DEL01-PE,UOP02-DEL01-PE
413166,2022-02-06,domingo,02:20:00,PE,232,94,SAIRE,Velocidade Incompatível,Saída de leito carroçável,Sem Vítimas,Plena Noite,Crescente,Céu Claro,Dupla,Curva,Não,1,0,0,0,0,1,0,1,"-8,226999","-35,697924",SPRF-PE,DEL02-PE,UOP02-DEL02PE
413288,2022-02-06,domingo,17:00:00,PE,101,"51,6",ABREU E LIMA,Manobra de mudança de faixa,Colisão lateral mesmo sentido,Com Vítimas Feridas,Anoitecer,Decrescente,Céu Claro,Dupla,Reta,Sim,2,0,1,0,1,0,1,2,"-7,9169968","-34,89689272",SPRF-PE,DEL01-PE,UOP02-DEL01-PE
413298,2022-02-06,domingo,16:10:00,PE,101,68,RECIFE,Animais na Pista,Saída de leito carroçável,Com Vítimas Feridas,Pleno dia,Crescente,Céu Claro,Múltipla,Reta,Sim,1,0,1,0,0,0,1,1,"-8,05074296","-34,94580619",SPRF-PE,DEL01-PE,UOP01-DEL01-PE
413303,2022-02-06,domingo,18:00:00,PE,101,78,JABOATAO DOS GUARARAPES,Acessar a via sem observar a presença dos outros veículos,Atropelamento de Pedestre,Com Vítimas Feridas,Plena Noite,Crescente,Céu Claro,Simples,Reta,Sim,2,0,1,0,1,0,1,2,"-8,13496499","-34,94738614",SPRF-PE,DEL01-PE,UOP01-DEL01-PE
413307,2022-02-06,domingo,17:30:00,PE,232,"61,8",POMBOS,Manobra de mudança de faixa,Colisão lateral mesmo sentido,Com Vítimas Feridas,Anoitecer,Decrescente,Céu Claro,Dupla,Reta,Não,2,0,0,1,0,1,1,2,"-8,1519066","-35,4153532",SPRF-PE,DEL02-PE,UOP02-DEL02PE
413310,2022-02-06,domingo,18:50:00,PE,232,"221,5",PESQUEIRA,Ingestão de álcool pelo condutor,Colisão lateral sentido oposto,Com Vítimas Feridas,Plena Noite,Decrescente,Céu Claro,Simples,Reta,Não,2,0,0,1,1,0,1,2,"-8,40095324","-36,79199096",SPRF-PE,DEL03-PE,UOP02-DEL03-PE
413311,2022-02-06,domingo,18:40:00,PE,408,"35,4",ALIANCA,Velocidade Incompatível,Saída de leito carroçável,Com Vítimas Fatais,Plena Noite,Crescente,Nublado,Simples,Curva,Não,2,2,0,0,0,0,0,1,"-7,61111798","-35,23973919",SPRF-PE,DEL01-PE,UOP02-DEL01-PE
413329,2022-02-06,domingo,20:00:00,PE,428,186,PETROLINA,Ingestão de álcool pelo condutor,Colisão frontal,Sem Vítimas,Plena Noite,Crescente,Céu Claro,Simples,Reta,Sim,2,0,0,0,2,0,0,2,"-9,34807826","-40,47441248",SPRF-PE,DEL06-PE,UOP01-DEL06-PE
413451,2022-02-07,segunda-feira,07:50:00,PE,232,409,SERRA TALHADA,Acessar a via sem observar a presença dos outros veículos,Atropelamento de Pedestre,Com Vítimas Feridas,Pleno dia,Crescente,Céu Claro,Simples,Reta,Sim,2,0,1,0,0,1,1,2,"-7,981944","-38,289467",SPRF-PE,DEL04-PE,UOP01-DEL04-PE
413452,2022-02-07,segunda-feira,08:20:00,PE,232,110,BEZERROS,Reação tardia ou ineficiente do condutor,Colisão traseira,Com Vítimas Feridas,Pleno dia,Crescente,Céu Claro,Dupla,Reta,Não,3,0,0,1,2,0,1,3,"-8,28634529","-35,81755579",SPRF-PE,DEL02-PE,UOP02-DEL02PE
413474,2022-02-07,segunda-feira,10:40:00,PE,101,10,GOIANA,Acessar a via sem observar a presença dos outros veículos,Colisão transversal,Com Vítimas Feridas,Pleno dia,Decrescente,Sol,Múltipla,Reta,Não,2,0,1,0,0,1,1,2,"-7,58679204","-34,98736241",SPRF-PE,DEL01-PE,UOP02-DEL01-PE
413522,2022-02-07,segunda-feira,14:45:00,PE,101,"74,3",RECIFE,Frear bruscamente,Colisão traseira,Com Vítimas Feridas,Pleno dia,Crescente,Céu Claro,Dupla,Curva;Aclive                  ,Sim,3,0,2,0,1,0,2,2,"-8,105649","-34,948863",SPRF-PE,DEL01-PE,UOP01-DEL01-PE
413589,2022-02-07,segunda-feira,19:40:00,PE,101,"88,4",JABOATAO DOS GUARARAPES,Entrada inopinada do pedestre,Atropelamento de Pedestre,Com Vítimas Fatais,Plena Noite,Decrescente,Céu Claro,Dupla,Reta,Não,2,1,0,0,1,0,0,2,"-8,19971387","-34,9785382",SPRF-PE,DEL01-PE,UOP01-DEL01-PE
413605,2022-02-07,segunda-feira,12:15:00,PE,101,26,IGARASSU,Ausência de reação do condutor,Saída de leito carroçável,Sem Vítimas,Pleno dia,Crescente,Céu Claro,Dupla,Reta,Não,1,0,0,0,1,0,0,1,"-7,70826223","-34,92811677",SPRF-PE,DEL01-PE,UOP02-DEL01-PE
413607,2022-02-07,segunda-feira,20:00:00,PE,423,112,PARANATAMA,Ingestão de álcool pelo condutor,Colisão traseira,Com Vítimas Feridas,Plena Noite,Crescente,Céu Claro,Simples,Reta,Não,3,0,2,1,0,0,3,2,"-8,89529604","-36,62527899",SPRF-PE,DEL03-PE,UOP01-DEL03-PE
413618,2022-02-08,terça-feira,06:20:00,PE,232,"31,9",MORENO,Acumulo de areia ou detritos sobre o pavimento,Saída de leito carroçável,Com Vítimas Feridas,Pleno dia,Decrescente,Céu Claro,Dupla,Declive,Sim,4,0,4,0,0,0,4,1,"-8,105333","-35,167953",SPRF-PE,DEL01-PE,UOP01-DEL01-PE
413629,2022-02-07,segunda-feira,22:03:00,PE,316,33,ARARIPINA,Acessar a via sem observar a presença dos outros veículos,Colisão transversal,Sem Vítimas,Plena Noite,Decrescente,Céu Claro,Simples,Reta,Não,4,0,0,0,2,2,0,3,"-7,63446174","-40,44091289",SPRF-PE,DEL05-PE,UOP02-DEL05-PE
413676,2022-02-08,terça-feira,11:20:00,PE,407,"129,2",PETROLINA,Reação tardia ou ineficiente do condutor,Colisão traseira,Com Vítimas Feridas,Pleno dia,Decrescente,Céu Claro,Dupla,Ponte,Não,2,0,1,0,1,0,1,2,"-9,39958299","-40,50459298",SPRF-PE,DEL06-PE,UOP01-DEL06-PE
413678,2022-02-08,terça-feira,11:50:00,PE,232,128,CARUARU,Ausência de sinalização,Colisão frontal,Com Vítimas Feridas,Pleno dia,Crescente,Sol,Múltipla,Aclive;Reta                   ,Sim,3,0,0,1,2,0,1,3,"-8,30399306","-35,97216301",SPRF-PE,DEL02-PE,UOP03-DEL02-PE
413693,2022-02-08,terça-feira,11:20:00,PE,424,"7,5",ARCOVERDE,Desvio temporário,Colisão frontal,Com Vítimas Feridas,Pleno dia,Decrescente,Céu Claro,Simples,Reta,Não,2,0,1,0,1,0,1,2,"-8,48502712","-37,03232027",SPRF-PE,DEL03-PE,UOP02-DEL03-PE
413700,2022-02-08,terça-feira,13:20:00,PE,428,"187,9",PETROLINA,Ausência de reação do condutor,Colisão traseira,Com Vítimas Feridas,Pleno dia,Crescente,Céu Claro,Simples,Rotatória,Sim,2,0,1,0,1,0,1,2,"-9,37436449","-40,48820794",SPRF-PE,DEL06-PE,UOP01-DEL06-PE
413726,2022-02-08,terça-feira,13:45:00,PE,232,94,SAIRE,Reação tardia ou ineficiente do condutor,Capotamento,Com Vítimas Feridas,Pleno dia,Decrescente,Céu Claro,Dupla,Reta,Não,5,0,5,0,0,0,5,1,"-8,22473335","-35,69081624",SPRF-PE,DEL02-PE,UOP02-DEL02PE
413744,2022-02-08,terça-feira,18:45:00,PE,232,"367,2",FLORES,Transitar na contramão,Colisão frontal,Com Vítimas Feridas,Plena Noite,Crescente,Céu Claro,Simples,Aclive,Não,7,0,6,1,0,0,7,2,"-8,0401841","-37,93969602",SPRF-PE,DEL04-PE,UOP01-DEL04-PE
413794,2022-02-09,quarta-feira,06:40:00,PE,101,"68,4",RECIFE,Manobra de mudança de faixa,Colisão lateral mesmo sentido,Com Vítimas Feridas,Pleno dia,Crescente,Sol,Múltipla,Reta,Sim,2,0,1,0,0,1,1,2,"-8,05074296","-34,94580619",SPRF-PE,DEL01-PE,UOP01-DEL01-PE
413821,2022-02-09,quarta-feira,08:30:00,PE,423,101,GARANHUNS,Acessar a via sem observar a presença dos outros veículos,Atropelamento de Pedestre,Com Vítimas Feridas,Pleno dia,Crescente,Céu Claro,Simples,Curva,Não,2,0,0,1,0,1,1,2,"-8,874693","-36,529876",SPRF-PE,DEL03-PE,UOP01-DEL03-PE
413855,2022-02-09,quarta-feira,07:00:00,PE,408,67,PAUDALHO,Avarias e/ou desgaste excessivo no pneu,Saída de leito carroçável,Com Vítimas Fatais,Pleno dia,Decrescente,Céu Claro,Dupla,Reta,Não,2,1,1,0,0,0,1,1,"-7,8584244","-35,21553619",SPRF-PE,DEL01-PE,UOP01-DEL01-PE
413861,2022-02-09,quarta-feira,13:35:00,PE,101,"71,1",RECIFE,Condutor deixou de manter distância do veículo da frente,Colisão traseira,Com Vítimas Feridas,Pleno dia,Crescente,Céu Claro,Dupla,Reta,Sim,2,0,1,0,1,0,1,2,"-8,07663102","-34,94277871",SPRF-PE,DEL01-PE,UOP01-DEL01-PE
413879,2022-02-09,quarta-feira,15:45:00,PE,101,"78,5",JABOATAO DOS GUARARAPES,Condutor deixou de manter distância do veículo da frente,Colisão traseira,Com Vítimas Feridas,Pleno dia,Crescente,Sol,Dupla,Reta,Sim,2,0,1,0,1,0,1,2,"-8,13496499","-34,94738614",SPRF-PE,DEL01-PE,UOP01-DEL01-PE
413982,2022-02-10,quinta-feira,07:30:00,PE,423,"94,9",GARANHUNS,Acessar a via sem observar a presença dos outros veículos,Colisão transversal,Com Vítimas Feridas,Pleno dia,Crescente,Céu Claro,Simples,Reta,Sim,2,0,1,0,1,0,1,2,"-8,878583","-36,477271",SPRF-PE,DEL03-PE,UOP01-DEL03-PE
414049,2022-02-10,quinta-feira,14:30:00,PE,101,74,RECIFE,Manobra de mudança de faixa,Saída de leito carroçável,Com Vítimas Feridas,Pleno dia,Crescente,Céu Claro,Dupla,Curva,Sim,1,0,1,0,0,0,1,1,"-8,10146485","-34,94901577",SPRF-PE,DEL01-PE,UOP01-DEL01-PE
414066,2022-02-10,quinta-feira,16:40:00,PE,101,44,IGARASSU,Transitar na contramão,Atropelamento de Pedestre,Com Vítimas Feridas,Pleno dia,Decrescente,Céu Claro,Múltipla,Reta,Sim,2,0,0,1,1,0,1,2,"-7,85637001","-34,90842109",SPRF-PE,DEL01-PE,UOP02-DEL01-PE
414143,2022-02-11,sexta-feira,00:40:00,PE,232,"7,2",RECIFE,Pedestre andava na pista,Atropelamento de Pedestre,Com Vítimas Feridas,Plena Noite,Decrescente,Céu Claro,Dupla,Reta,Sim,6,0,1,0,4,1,1,4,"-8,074023","-34,963531",SPRF-PE,DEL01-PE,UOP01-DEL01-PE
414168,2022-02-11,sexta-feira,06:30:00,PE,101,69,RECIFE,Restrição de visibilidade em curvas horizontais,Colisão transversal,Com Vítimas Feridas,Pleno dia,Crescente,Sol,Simples,Retorno Regulamentado,Sim,2,0,2,0,0,0,2,2,"-8,066303","-34,943536",SPRF-PE,DEL01-PE,UOP01-DEL01-PE
414201,2022-02-11,sexta-feira,07:30:00,PE,101,66,RECIFE,Condutor deixou de manter distância do veículo da frente,Engavetamento,Sem Vítimas,Pleno dia,Crescente,Sol,Dupla,Reta,Sim,3,0,0,0,2,1,0,3,"-8,03368534","-34,94184125",SPRF-PE,DEL01-PE,UOP01-DEL01-PE
414235,2022-02-11,sexta-feira,12:55:00,PE,101,"128,1",ESCADA,Transitar na contramão,Colisão frontal,Com Vítimas Feridas,Pleno dia,Crescente,Nublado,Múltipla,Reta,Sim,2,0,0,1,1,0,1,2,"-8,37986492","-35,24406405",SPRF-PE,DEL01-PE,UOP01-DEL01-PE
414262,2022-02-11,sexta-feira,11:00:00,PE,232,"410,2",SERRA TALHADA,Conversão proibida,Colisão transversal,Sem Vítimas,Pleno dia,Crescente,Nublado,Simples,Reta,Sim,2,0,0,0,2,0,0,2,"-7,98261841","-38,30039606",SPRF-PE,DEL04-PE,UOP01-DEL04-PE
414280,2022-02-11,sexta-feira,15:30:00,PE,232,4,RECIFE,Ausência de reação do condutor,Colisão traseira,Com Vítimas Feridas,Pleno dia,Crescente,Sol,Múltipla,Reta,Sim,3,0,1,0,2,0,1,3,"-8,064473","-34,936928",SPRF-PE,DEL01-PE,UOP01-DEL01-PE
414367,2022-02-12,sábado,00:30:00,PE,424,"69,2",CAETES,Pedestre andava na pista,Atropelamento de Pedestre,Com Vítimas Fatais,Plena Noite,Crescente,Céu Claro,Simples,Declive,Sim,2,1,0,0,0,1,0,2,"-8,77398589","-36,62798492",SPRF-PE,DEL03-PE,UOP01-DEL03-PE
414542,2022-02-12,sábado,18:25:00,PE,232,408,SERRA TALHADA,Iluminação deficiente,Colisão transversal,Com Vítimas Feridas,Plena Noite,Crescente,Nublado,Simples,Retorno Regulamentado,Sim,2,0,0,1,1,0,1,2,"-7,98371447","-38,28047709",SPRF-PE,DEL04-PE,UOP01-DEL04-PE
414561,2022-02-12,sábado,20:00:00,PE,101,20,GOIANA,Acumulo de areia ou detritos sobre o pavimento,Tombamento,Com Vítimas Feridas,Plena Noite,Crescente,Céu Claro,Dupla,Retorno Regulamentado,Não,3,0,1,0,2,0,1,2,"-7,66042701","-34,93780401",SPRF-PE,DEL01-PE,UOP02-DEL01-PE
414574,2022-02-12,sábado,21:05:00,PE,428,188,PETROLINA,Condutor deixou de manter distância do veículo da frente,Colisão traseira,Com Vítimas Feridas,Plena Noite,Crescente,Nublado,Simples,Rotatória,Sim,2,0,1,0,1,0,1,2,"-9,37506","-40,48874",SPRF-PE,DEL06-PE,UOP01-DEL06-PE
414618,2022-02-13,domingo,01:00:00,PE,428,"187,9",PETROLINA,Velocidade Incompatível,Colisão com objeto,Com Vítimas Feridas,Plena Noite,Decrescente,Céu Claro,Simples,Rotatória,Sim,1,0,1,0,0,0,1,1,"-9,37507372","-40,4886049",SPRF-PE,DEL06-PE,UOP01-DEL06-PE
414748,2022-02-13,domingo,14:45:00,PE,232,"103,3",BEZERROS,Animais na Pista,Atropelamento de Animal,Com Vítimas Feridas,Pleno dia,Decrescente,Céu Claro,Dupla,Reta;Declive                  ,Não,2,0,1,1,0,0,2,1,"-8,25219029","-35,76584983",SPRF-PE,DEL02-PE,UOP02-DEL02PE
414750,2022-02-13,domingo,13:40:00,PE,101,98,CABO DE SANTO AGOSTINHO,Condutor deixou de manter distância do veículo da frente,Colisão traseira,Com Vítimas Feridas,Pleno dia,Crescente,Céu Claro,Dupla,Reta,Sim,6,0,1,1,4,0,2,2,"-8,25146993","-35,021805",SPRF-PE,DEL01-PE,UOP01-DEL01-PE
414778,2022-02-13,domingo,17:50:00,PE,101,"64,7",RECIFE,Acessar a via sem observar a presença dos outros veículos,Atropelamento de Pedestre,Com Vítimas Feridas,Anoitecer,Crescente,Céu Claro,Dupla,Reta,Sim,2,0,1,0,0,1,1,2,"-8,0162921","-34,94045886",SPRF-PE,DEL01-PE,UOP01-DEL01-PE
414833,2022-02-13,domingo,21:20:00,PE,232,275,SERTANIA,Ingestão de álcool pelo condutor,Queda de ocupante de veículo,Com Vítimas Feridas,Plena Noite,Decrescente,Céu Claro,Simples,Reta,Não,2,0,0,1,1,0,1,1,"-8,37767902","-37,25556603",SPRF-PE,DEL03-PE,UOP02-DEL03-PE
414904,2022-02-14,segunda-feira,07:10:00,PE,232,32,MORENO,Acumulo de areia ou detritos sobre o pavimento,Colisão com objeto,Com Vítimas Feridas,Pleno dia,Decrescente,Céu Claro,Dupla,Reta,Não,1,0,1,0,0,0,1,1,"-8,10541732","-35,1665671",SPRF-PE,DEL01-PE,UOP01-DEL01-PE
414956,2022-02-14,segunda-feira,16:00:00,PE,104,"66,6",CARUARU,Acostamento em desnível,Queda de ocupante de veículo,Com Vítimas Feridas,Pleno dia,Crescente,Nublado,Dupla,Declive,Não,2,0,1,0,1,0,1,1,"-8,2937","-35,9864",SPRF-PE,DEL02-PE,UOP01-DEL02-PE
414974,2022-02-14,segunda-feira,17:25:00,PE,232,"143,4",SAO CAITANO,Demais falhas mecânicas ou elétricas,Incêndio,Sem Vítimas,Anoitecer,Crescente,Nublado,Dupla,Reta,Não,1,0,0,0,1,0,0,1,"-8,32340108","-36,10375899",SPRF-PE,DEL02-PE,UOP03-DEL02-PE
414978,2022-01-31,segunda-feira,18:00:00,PE,408,"81,9",PAUDALHO,Velocidade Incompatível,Colisão frontal,Com Vítimas Fatais,Plena Noite,Crescente,Céu Claro,Simples,Curva,Sim,2,1,0,1,0,0,1,2,"-7,9346824604","-35,1301265016",SPRF-PE,DEL01-PE,UOP01-DEL01-PE
414988,2022-02-14,segunda-feira,18:38:00,PE,232,128,CARUARU,Entrada inopinada do pedestre,Atropelamento de Pedestre,Com Vítimas Feridas,Plena Noite,Crescente,Céu Claro,Dupla,Declive;Reta                  ,Sim,4,0,0,1,3,0,1,2,"-8,30399306","-35,97216301",SPRF-PE,DEL02-PE,UOP03-DEL02-PE
414995,2022-02-14,segunda-feira,20:10:00,PE,408,"91,7",SAO LOURENCO DA MATA,Iluminação deficiente,Atropelamento de Pedestre,Com Vítimas Fatais,Plena Noite,Crescente,Céu Claro,Dupla,Aclive,Não,2,1,0,0,0,1,0,2,"-7,99473192","-35,07007592",SPRF-PE,DEL01-PE,UOP01-DEL01-PE