id,data_inversa,dia_semana,horario,uf,br,km,municipio,causa_acidente,tipo_acidente,classificacao_acidente,fase_dia,sentido_via,condicao_metereologica,tipo_pista,tracado_via,uso_solo,pessoas,mortos,feridos_leves,feridos_graves,ilesos,ignorados,feridos,veiculos,latitude,longitude,regional,delegacia,uop
415021,2022-02-14,segunda-feira,21:05:00,PE,428,"180,7",PETROLINA,Animais na Pista,Atropelamento de Animal,Com Vítimas Feridas,Plena Noite,Crescente,Céu Claro,Simples,Reta,Não,1,0,1,0,0,0,1,1,"-9,30645468","-40,45303345",SPRF-PE,DEL06-PE,UOP01-DEL06-PE
415115,2022-02-15,terça-feira,15:00:00,PE,104,51,CARUARU,Avarias e/ou desgaste excessivo no pneu,Tombamento,Com Vítimas Feridas,Pleno dia,Crescente,Céu Claro,Dupla,Reta,Não,2,0,1,1,0,0,2,1,"-8,1685","-35,9769",SPRF-PE,DEL02-PE,UOP01-DEL02-PE
415129,2022-02-15,terça-feira,16:50:00,PE,232,"7,6",RECIFE,Condutor deixou de manter distância do veículo da frente,Colisão lateral mesmo sentido,Sem Vítimas,Anoitecer,Crescente,Céu Claro,Dupla,Reta,Sim,2,0,0,0,1,1,0,2,"-8,07333497","-34,96184301",SPRF-PE,DEL01-PE,UOP01-DEL01-PE
415143,2022-02-15,terça-feira,17:50:00,PE,101,46,IGARASSU,Acessar a via sem observar a presença dos outros veículos,Atropelamento de Pedestre,Com Vítimas Feridas,Plena Noite,Decrescente,Vento,Múltipla,Reta,Sim,2,0,1,0,1,0,1,2,"-7,87406004","-34,90588126",SPRF-PE,DEL01-PE,UOP02-DEL01-PE
415165,2022-02-15,terça-feira,19:17:00,PE,101,106,CABO DE SANTO AGOSTINHO,Iluminação deficiente,Saída de leito carroçável,Com Vítimas Feridas,Plena Noite,Decrescente,Nublado,Dupla,Curva,Sim,4,0,2,1,1,0,3,1,"-8,30807754","-35,07573296",SPRF-PE,DEL01-PE,UOP01-DEL01-PE
415200,2022-02-15,terça-feira,23:50:00,PE,101,92,CABO DE SANTO AGOSTINHO,Animais na Pista,Atropelamento de Animal,Sem Vítimas,Plena Noite,Crescente,Nublado,Simples,Reta,Sim,1,0,0,0,0,1,0,1,"-8,23201792","-34,99778611",SPRF-PE,DEL01-PE,UOP01-DEL01-PE
415254,2022-02-16,quarta-feira,10:29:00,PE,232,"65,2",GRAVATA,Condutor Dormindo,Tombamento,Com Vítimas Feridas,Pleno dia,Decrescente,Céu Claro,Dupla,Reta,Não,1,0,0,1,0,0,1,1,"-8,16454496","-35,44785302",SPRF-PE,DEL02-PE,UOP02-DEL02PE
415266,2022-02-16,quarta-feira,11:55:00,PE,101,44,IGARASSU,Ausência de reação do condutor,Colisão traseira,Com Vítimas Feridas,Pleno dia,Decrescente,Céu Claro,Múltipla,Reta,Sim,3,0,0,1,2,0,1,2,"-7,85567","-34,908543",SPRF-PE,DEL01-PE,UOP02-DEL01-PE
415311,2022-02-16,quarta-feira,13:00:00,PE,232,507,SALGUEIRO,Ausência de reação do condutor,Colisão traseira,Com Vítimas Feridas,Pleno dia,Decrescente,Sol,Simples,Reta,Sim,4,0,2,1,0,1,3,2,"-8,06038759","-39,11191706",SPRF-PE,DEL05-PE,UOP01-DEL05-PE
415325,2022-02-15,terça-feira,14:30:00,PE,,,RECIFE,Reação tardia ou ineficiente do condutor,Colisão com objeto,Sem Vítimas,Pleno dia,Não Informado,Sol,Simples,Reta,Sim,1,0,0,0,1,0,0,1,"-8,08475459","-34,88645196",,,
415366,2022-02-16,quarta-feira,19:05:00,PE,101,"70,5",RECIFE,Entrada inopinada do pedestre,Atropelamento de Pedestre,Com Vítimas Feridas,Plena Noite,Crescente,Céu Claro,Dupla,Reta,Sim,2,0,0,1,0,1,1,2,"-8,06776119","-34,94265074",SPRF-PE,DEL01-PE,UOP01-DEL01-PE
415372,2022-02-16,quarta-feira,19:27:00,PE,232,"191,4",SANHARO,Transitar na contramão,Colisão frontal,Com Vítimas Fatais,Plena Noite,Crescente,Céu Claro,Simples,Reta,Não,2,1,0,0,0,1,0,2,"-8,35709895","-36,52773",SPRF-PE,DEL02-PE,UOP03-DEL02-PE
415402,2022-02-17,quinta-feira,00:20:00,PE,428,"106,3",SANTA MARIA DA BOA VISTA,Animais na Pista,Atropelamento de Animal,Sem Vítimas,Plena Noite,Crescente,Céu Claro,Simples,Reta,Não,3,0,0,0,3,0,0,1,"-8,86431829","-40,00325882",SPRF-PE,DEL06-PE,UOP03-DEL06-PE
415494,2022-01-24,segunda-feira,10:20:00,PE,101,"44,2",IGARASSU,Ausência de reação do condutor,Colisão transversal,Com Vítimas Feridas,Pleno dia,Crescente,Céu Claro,Múltipla,Reta,Sim,2,0,1,1,0,0,2,2,"-7,8563700112","-34,9084210855",SPRF-PE,DEL01-PE,UOP02-DEL01-PE
415727,2022-02-18,sexta-feira,20:30:00,PE,408,"63,8",CARPINA,Transitar na contramão,Colisão frontal,Sem Vítimas,Plena Noite,Decrescente,Céu Claro,Simples,Curva,Sim,2,0,0,0,1,1,0,2,"-7,846257","-35,239035",SPRF-PE,DEL01-PE,UOP01-DEL01-PE
415820,2022-02-19,sábado,09:36:00,PE,101,"113,2",IPOJUCA,Manobra de mudança de faixa,Saída de leito carroçável,Com Vítimas Feridas,Pleno dia,Crescente,Sol,Dupla,Curva,Não,2,0,2,0,0,0,2,1,"-8,33107097","-35,12666499",SPRF-PE,DEL01-PE,UOP01-DEL01-PE
415851,2022-02-19,sábado,12:40:00,PE,101,70,RECIFE,Pedestre andava na pista,Atropelamento de Pedestre,Com Vítimas Fatais,Pleno dia,Crescente,Céu Claro,Dupla,Viaduto,Sim,2,1,0,0,1,0,0,2,"-8,06776119","-34,94265074",SPRF-PE,DEL01-PE,UOP01-DEL01-PE
415915,2022-02-19,sábado,19:05:00,PE,423,40,CACHOEIRINHA,Animais na Pista,Atropelamento de Animal,Com Vítimas Feridas,Plena Noite,Crescente,Nevoeiro/Neblina,Simples,Curva,Não,1,0,0,1,0,0,1,1,"-8,49546007","-36,23936082",SPRF-PE,DEL03-PE,UOP01-DEL03-PE
415989,2022-02-20,domingo,02:00:00,PE,232,250,ARCOVERDE,Ausência de reação do condutor,Queda de ocupante de veículo,Com Vítimas Fatais,Plena Noite,Crescente,Céu Claro,Simples,Reta,Sim,1,1,0,0,0,0,0,1,"-8,42350887","-37,05286107",SPRF-PE,DEL03-PE,UOP02-DEL03-PE
415991,2022-02-20,domingo,03:20:00,PE,428,"146,4",PETROLINA,Manobra de mudança de faixa,Colisão frontal,Com Vítimas Fatais,Plena Noite,Crescente,Chuva,Simples,Reta,Não,2,1,0,1,0,0,1,2,"-9,04255811","-40,29488199",SPRF-PE,DEL06-PE,UOP01-DEL06-PE
416052,2022-02-20,domingo,11:30:00,PE,104,64,CARUARU,Acessar a via sem observar a presença dos outros veículos,Colisão lateral mesmo sentido,Sem Vítimas,Pleno dia,Decrescente,Céu Claro,Simples,Reta,Sim,2,0,0,0,2,0,0,2,"-8,2783","-35,9815",SPRF-PE,DEL02-PE,UOP01-DEL02-PE
416088,2022-02-20,domingo,16:10:00,PE,428,"184,5",PETROLINA,Acessar a via sem observar a presença dos outros veículos,Colisão transversal,Com Vítimas Feridas,Pleno dia,Crescente,Céu Claro,Simples,Reta;Interseção de Vias       ,Sim,2,0,1,0,1,0,1,2,"-9,33211208","-40,46621385",SPRF-PE,DEL06-PE,UOP01-DEL06-PE
416100,2022-02-20,domingo,09:35:00,PE,232,"412,8",SERRA TALHADA,Reação tardia ou ineficiente do condutor,Colisão lateral mesmo sentido,Com Vítimas Feridas,Pleno dia,Crescente,Nublado,Simples,Reta,Sim,2,0,1,0,1,0,1,2,"-7,98377927","-38,3208774",SPRF-PE,DEL04-PE,UOP01-DEL04-PE
416124,2022-02-20,domingo,19:10:00,PE,232,"10,8",JABOATAO DOS GUARARAPES,Ausência de reação do condutor,Engavetamento,Com Vítimas Feridas,Plena Noite,Decrescente,Nublado,Dupla,Reta;Declive                  ,Sim,5,0,2,0,3,0,2,3,"-8,081645","-34,994715",SPRF-PE,DEL01-PE,UOP01-DEL01-PE
416128,2022-02-20,domingo,18:30:00,PE,316,71,OURICURI,Ingestão de álcool pelo condutor,Colisão traseira,Com Vítimas Feridas,Plena Noite,Decrescente,Céu Claro,Simples,Viaduto,Não,2,0,0,1,0,1,1,2,"-7,812196","-40,172565",SPRF-PE,DEL05-PE,UOP02-DEL05-PE
416179,2022-02-20,domingo,22:10:00,PE,101,"103,2",CABO DE SANTO AGOSTINHO,Acessar a via sem observar a presença dos outros veículos,Colisão transversal,Sem Vítimas,Plena Noite,Decrescente,Nublado,Múltipla,Interseção de Vias,Sim,3,0,0,0,1,2,0,2,"-8,29241321","-35,05598304",SPRF-PE,DEL01-PE,UOP01-DEL01-PE
416190,2022-02-20,domingo,23:20:00,PE,316,44,ARARIPINA,Animais na Pista,Atropelamento de Animal,Com Vítimas Feridas,Plena Noite,Crescente,Céu Claro,Simples,Reta,Não,4,0,2,2,0,0,4,1,"-7,68455688","-40,3628659",SPRF-PE,DEL05-PE,UOP02-DEL05-PE
416216,2022-02-21,segunda-feira,04:10:00,PE,101,48,ABREU E LIMA,Condutor Dormindo,Saída de leito carroçável,Com Vítimas Feridas,Amanhecer,Decrescente,Chuva,Múltipla,Reta,Sim,2,0,2,0,0,0,2,1,"-7,89174705","-34,9033493",SPRF-PE,DEL01-PE,UOP02-DEL01-PE
416217,2022-02-21,segunda-feira,04:05:00,PE,104,"65,4",CARUARU,Ingestão de álcool pelo condutor,Colisão com objeto,Com Vítimas Feridas,Plena Noite,Crescente,Céu Claro,Dupla,Curva,Sim,1,0,0,1,0,0,1,1,"-8,28226918","-35,98149061",SPRF-PE,DEL02-PE,UOP01-DEL02-PE
416285,2022-02-21,segunda-feira,07:00:00,PE,101,69,RECIFE,Reação tardia ou ineficiente do condutor,Colisão traseira,Com Vítimas Feridas,Pleno dia,Crescente,Céu Claro,Dupla,Reta,Sim,4,0,2,0,1,1,2,4,"-8,06728591","-34,9418769",SPRF-PE,DEL01-PE,UOP01-DEL01-PE
416360,2022-02-21,segunda-feira,18:22:00,PE,101,18,CABO DE SANTO AGOSTINHO,Acessar a via sem observar a presença dos outros veículos,Colisão transversal,Com Vítimas Feridas,Plena Noite,Decrescente,Céu Claro,Simples,Interseção de Vias,Sim,2,0,1,0,1,0,1,2,"-8,294212","-35,056331",SPRF-PE,DEL01-PE,UOP01-DEL01-PE
416373,2022-02-21,segunda-feira,15:00:00,PE,232,"63,9",POMBOS,Manobra de mudança de faixa,Colisão lateral mesmo sentido,Sem Vítimas,Pleno dia,Decrescente,Céu Claro,Dupla,Declive,Não,2,0,0,0,1,1,0,2,"-8,16454496","-35,44785302",SPRF-PE,DEL02-PE,UOP02-DEL02PE
416380,2022-02-21,segunda-feira,18:49:00,PE,232,"12,5",JABOATAO DOS GUARARAPES,Condutor deixou de manter distância do veículo da frente,Colisão traseira,Com Vítimas Feridas,Plena Noite,Decrescente,Céu Claro,Dupla,Reta,Não,2,0,2,0,0,0,2,2,"-8,086209","-35,003795",SPRF-PE,DEL01-PE,UOP01-DEL01-PE
416426,2022-02-22,terça-feira,06:00:00,PE,428,2,CABROBO,Mal súbito do condutor,Saída de leito carroçável,Com Vítimas Fatais,Pleno dia,Decrescente,Céu Claro,Simples,Reta,Não,1,1,0,0,0,0,0,1,"-8,539874","-39,242958",SPRF-PE,DEL05-PE,UOP01-DEL05-PE
416488,2022-02-22,terça-feira,14:20:00,PE,101,76,RECIFE,Velocidade Incompatível,Colisão traseira,Com Vítimas Feridas,Pleno dia,Decrescente,Céu Claro,Dupla,Reta,Sim,2,0,1,0,1,0,1,2,"-8,11813811","-34,94329214",SPRF-PE,DEL01-PE,UOP01-DEL01-PE
416532,2022-02-22,terça-feira,18:15:00,PE,101,"65,4",RECIFE,Manobra de mudança de faixa,Colisão lateral mesmo sentido,Com Vítimas Feridas,Plena Noite,Crescente,Céu Claro,Dupla,Reta,Sim,2,0,1,0,0,1,1,2,"-8,02478597","-34,94276635",SPRF-PE,DEL01-PE,UOP01-DEL01-PE
416565,2022-02-22,terça-feira,23:25:00,PE,101,"75,9",RECIFE,Ingestão de álcool pelo condutor,Colisão com objeto,Sem Vítimas,Plena Noite,Crescente,Céu Claro,Dupla,Reta,Sim,1,0,0,0,1,0,0,1,"-8,119279","-34,943134",SPRF-PE,DEL01-PE,UOP01-DEL01-PE
416568,2022-02-22,terça-feira,22:55:00,PE,428,181,PETROLINA,Reação tardia ou ineficiente do condutor,Colisão traseira,Sem Vítimas,Plena Noite,Decrescente,Céu Claro,Simples,Reta,Não,4,0,0,0,4,0,0,2,"-9,32233574","-40,46118736",SPRF-PE,DEL06-PE,UOP01-DEL06-PE
416614,2022-02-23,quarta-feira,09:00:00,PE,101,"100,7",CABO DE SANTO AGOSTINHO,Acessar a via sem observar a presença dos outros veículos,Colisão transversal,Com Vítimas Feridas,Pleno dia,Decrescente,Nublado,Simples,Reta,Sim,2,0,1,0,1,0,1,2,"-8,26699309","-35,05234386",SPRF-PE,DEL01-PE,UOP01-DEL01-PE
416754,2022-02-24,quinta-feira,03:50:00,PE,428,188,PETROLINA,Condutor Dormindo,Capotamento,Com Vítimas Feridas,Plena Noite,Decrescente,Céu Claro,Múltipla,Curva,Sim,1,0,1,0,0,0,1,1,"-9,36400596","-40,48266808",SPRF-PE,DEL06-PE,UOP01-DEL06-PE
417047,2022-02-20,domingo,15:44:00,PE,232,"131,8",CARUARU,Ingestão de álcool pelo condutor,Colisão com objeto,Com Vítimas Feridas,Pleno dia,Crescente,Céu Claro,Simples,Reta,Sim,1,0,0,1,0,0,1,1,"-8,303434","-36,007097",SPRF-PE,DEL02-PE,UOP03-DEL02-PE
417048,2022-02-25,sexta-feira,08:00:00,PE,232,139,CARUARU,Avarias e/ou desgaste excessivo no pneu,Tombamento,Com Vítimas Feridas,Pleno dia,Decrescente,Céu Claro,Dupla,Reta,Não,2,0,2,0,0,0,2,1,"-8,31947086","-36,06799801",SPRF-PE,DEL02-PE,UOP03-DEL02-PE
417123,2022-02-25,sexta-feira,14:40:00,PE,101,51,ABREU E LIMA,Afundamento ou ondulação no pavimento,Tombamento,Com Vítimas Feridas,Pleno dia,Decrescente,Sol,Múltipla,Reta,Sim,3,0,2,0,1,0,2,2,"-7,9169968","-34,89689272",SPRF-PE,DEL01-PE,UOP02-DEL01-PE
417189,2022-02-25,sexta-feira,19:15:00,PE,101,"60,4",RECIFE,Reação tardia ou ineficiente do condutor,Tombamento,Com Vítimas Feridas,Plena Noite,Decrescente,Céu Claro,Dupla,Reta,Sim,1,0,1,0,0,0,1,1,"-7,98344307","-34,93176727",SPRF-PE,DEL01-PE,UOP02-DEL01-PE
417214,2022-02-25,sexta-feira,19:00:00,PE,101,70,RECIFE,Pedestre cruzava a pista fora da faixa,Atropelamento de Pedestre,Com Vítimas Fatais,Plena Noite,Crescente,Nublado,Dupla,Reta,Sim,2,1,0,1,0,0,1,2,"-8,069935","-34,939902",SPRF-PE,DEL01-PE,UOP01-DEL01-PE
417219,2022-02-25,sexta-feira,20:15:00,PE,101,"45,6",IGARASSU,Participar de racha,Colisão traseira,Com Vítimas Feridas,Plena Noite,Crescente,Vento,Múltipla,Reta;Aclive                   ,Sim,2,0,1,0,0,1,1,2,"-7,86521297","-34,90715176",SPRF-PE,DEL01-PE,UOP02-DEL01-PE
417242,2022-02-25,sexta-feira,23:30:00,PE,407,128,PETROLINA,Desrespeitar a preferência no cruzamento,Colisão transversal,Com Vítimas Feridas,Plena Noite,Crescente,Céu Claro,Dupla,Interseção de Vias,Sim,1,0,1,0,0,0,1,1,"-9,39387565","-40,51133888",SPRF-PE,DEL06-PE,UOP01-DEL06-PE
417248,2022-02-25,sexta-feira,22:30:00,PE,101,86,JABOATAO DOS GUARARAPES,Acessar a via sem observar a presença dos outros veículos,Colisão transversal,Com Vítimas Feridas,Plena Noite,Crescente,Nublado,Simples,Reta,Sim,2,0,1,0,1,0,1,2,"-8,205027","-34,961556",SPRF-PE,DEL01-PE,UOP01-DEL01-PE
417250,2022-02-25,sexta-feira,23:00:00,PE,101,84,JABOATAO DOS GUARARAPES,Estacionar ou parar em local proibido,Colisão traseira,Sem Vítimas,Plena Noite,Crescente,Céu Claro,Dupla,Reta,Não,3,0,0,0,3,0,0,3,"-8,17778559","-34,95087297",SPRF-PE,DEL01-PE,UOP01-DEL01-PE
417309,2022-02-25,sexta-feira,23:10:00,PE,407,128,PETROLINA,Desrespeitar a preferência no cruzamento,Tombamento,Sem Vítimas,Plena Noite,Crescente,Céu Claro,Dupla,Declive,Sim,1,0,0,0,1,0,0,1,"-9,39387565","-40,51133888",SPRF-PE,DEL06-PE,UOP01-DEL06-PE
417349,2022-02-26,sábado,10:55:00,PE,408,"95,3",SAO LOURENCO DA MATA,Acessar a via sem observar a presença dos outros veículos,Atropelamento de Pedestre,Com Vítimas Feridas,Pleno dia,Decrescente,Céu Claro,Dupla,Declive,Não,2,0,1,0,1,0,1,2,"-8,01186091","-35,04237616",SPRF-PE,DEL01-PE,UOP01-DEL01-PE
417373,2022-02-26,sábado,12:50:00,PE,101,5,CABO DE SANTO AGOSTINHO,Pedestre cruzava a pista fora da faixa,Atropelamento de Pedestre,Com Vítimas Fatais,Pleno dia,Decrescente,Chuva,Simples,Reta,Sim,2,1,0,0,1,0,0,2,"-8,214314","-34,964124",SPRF-PE,DEL01-PE,UOP02-DEL01-PE
417400,2022-02-26,sábado,15:10:00,PE,232,42,VITORIA DE SANTO ANTAO,Ausência de reação do condutor,Capotamento,Com Vítimas Feridas,Pleno dia,Decrescente,Céu Claro,Dupla,Interseção de Vias,Sim,1,0,1,0,0,0,1,1,"-8,11528219","-35,25204496",SPRF-PE,DEL01-PE,UOP01-DEL01-PE
417450,2022-02-26,sábado,20:30:00,PE,101,64,RECIFE,Ingestão de álcool pelo condutor,Colisão com objeto,Com Vítimas Feridas,Plena Noite,Crescente,Nublado,Dupla,Reta,Sim,1,0,0,1,0,0,1,1,"-8,0162921","-34,94045886",SPRF-PE,DEL01-PE,UOP01-DEL01-PE
417452,2022-02-26,sábado,20:20:00,PE,101,"63,9",RECIFE,Reação tardia ou ineficiente do condutor,Colisão lateral mesmo sentido,Com Vítimas Feridas,Plena Noite,Crescente,Céu Claro,Dupla,Viaduto,Sim,3,0,3,0,0,0,3,2,"-8,016629","-34,940898",SPRF-PE,DEL01-PE,UOP01-DEL01-PE
417497,2022-02-26,sábado,22:00:00,PE,101,7,GOIANA,Condutor Dormindo,Saída de leito carroçável,Com Vítimas Feridas,Plena Noite,Decrescente,Céu Claro,Dupla,Curva,Não,2,0,1,1,0,0,2,1,"-7,55997111","-34,99072674",SPRF-PE,DEL01-PE,UOP02-DEL01-PE
417573,2022-02-27,domingo,05:00:00,PE,423,"117,7",PARANATAMA,Ausência de sinalização,Saída de leito carroçável,Com Vítimas Feridas,Pleno dia,Decrescente,Céu Claro,Simples,Reta,Não,1,0,1,0,0,0,1,1,"-8,90662085","-36,66901104",SPRF-PE,DEL03-PE,UOP01-DEL03-PE
417583,2022-02-27,domingo,06:45:00,PE,232,26,MORENO,Ausência de reação do condutor,Saída de leito carroçável,Sem Vítimas,Pleno dia,Decrescente,Nublado,Dupla,Reta,Não,1,0,0,0,0,1,0,1,"-8,11361508","-35,11226177",SPRF-PE,DEL01-PE,UOP01-DEL01-PE
417604,2022-02-27,domingo,11:40:00,PE,424,"87,6",GARANHUNS,Acessar a via sem observar a presença dos outros veículos,Colisão transversal,Com Vítimas Feridas,Pleno dia,Crescente,Céu Claro,Simples,Curva,Sim,5,0,3,0,2,0,3,2,"-8,879656","-36,507005",SPRF-PE,DEL03-PE,UOP01-DEL03-PE
417629,2022-02-27,domingo,15:20:00,PE,232,"413,3",SERRA TALHADA,Acessar a via sem observar a presença dos outros veículos,Colisão transversal,Com Vítimas Feridas,Pleno dia,Crescente,Céu Claro,Simples,Reta,Sim,5,0,1,0,4,0,1,2,"-7,98857087","-38,32972307",SPRF-PE,DEL04-PE,UOP01-DEL04-PE
417649,2022-02-27,domingo,17:50:00,PE,232,414,SERRA TALHADA,Condutor deixou de manter distância do veículo da frente,Colisão traseira,Com Vítimas Feridas,Plena Noite,Crescente,Céu Claro,Simples,Reta,Sim,2,0,2,0,0,0,2,1,"-7,98834762","-38,32700729",SPRF-PE,DEL04-PE,UOP01-DEL04-PE
417665,2022-02-27,domingo,18:00:00,PE,104,65,CARUARU,Ingestão de álcool pelo condutor,Queda de ocupante de veículo,Com Vítimas Feridas,Plena Noite,Crescente,Céu Claro,Simples,Interseção de Vias,Sim,1,0,1,0,0,0,1,1,"-8,2867","-35,9838",SPRF-PE,DEL02-PE,UOP01-DEL02-PE
417694,2022-02-27,domingo,20:40:00,PE,232,134,CARUARU,Ausência de reação do condutor,Queda de ocupante de veículo,Com Vítimas Feridas,Plena Noite,Decrescente,Nublado,Dupla,Reta,Sim,2,0,2,0,0,0,2,1,"-8,30853497","-36,02442101",SPRF-PE,DEL02-PE,UOP03-DEL02-PE
417744,2022-02-28,segunda-feira,00:05:00,PE,232,47,VITORIA DE SANTO ANTAO,Animais na Pista,Atropelamento de Animal,Com Vítimas Feridas,Plena Noite,Crescente,Nublado,Múltipla,Reta,Não,3,0,2,0,1,0,2,3,"-8,13769724","-35,29733789",SPRF-PE,DEL01-PE,UOP01-DEL01-PE
417862,2022-02-28,segunda-feira,17:35:00,PE,101,"57,8",PAULISTA,Trafegar com motocicleta (ou similar) entre as faixas,Colisão traseira,Com Vítimas Feridas,Plena Noite,Decrescente,Céu Claro,Dupla,Reta,Não,2,0,1,0,1,0,1,2,"-7,96346213","-34,91513486",SPRF-PE,DEL01-PE,UOP02-DEL01-PE
417939,2022-03-01,terça-feira,04:15:00,PE,232,68,GRAVATA,Reação tardia ou ineficiente do condutor,Saída de leito carroçável,Com Vítimas Feridas,Plena Noite,Decrescente,Céu Claro,Simples,Curva,Não,5,0,1,0,4,0,1,1,"-8,17708379","-35,48060417",SPRF-PE,DEL02-PE,UOP02-DEL02PE
417977,2022-03-01,terça-feira,09:40:00,PE,423,60,LAJEDO,Acessar a via sem observar a presença dos outros veículos,Colisão transversal,Com Vítimas Feridas,Pleno dia,Decrescente,Céu Claro,Simples,Reta,Não,2,0,1,0,1,0,1,2,"-8,65394006","-36,32109791",SPRF-PE,DEL03-PE,UOP01-DEL03-PE
418000,2022-03-01,terça-feira,13:50:00,PE,101,"128,1",ESCADA,Condutor deixou de manter distância do veículo da frente,Colisão traseira,Com Vítimas Feridas,Pleno dia,Decrescente,Nublado,Dupla,Reta,Sim,2,0,1,0,0,1,1,2,"-8,37986492","-35,24406405",SPRF-PE,DEL01-PE,UOP01-DEL01-PE
418007,2022-03-01,terça-feira,16:00:00,PE,408,62,CARPINA,Ausência de reação do condutor,Colisão traseira,Com Vítimas Feridas,Pleno dia,Crescente,Céu Claro,Simples,Reta,Não,2,0,1,0,1,0,1,2,"-7,83198297","-35,24473969",SPRF-PE,DEL01-PE,UOP01-DEL01-PE
418050,2022-03-01,terça-feira,18:53:00,PE,101,"47,8",ABREU E LIMA,Condutor deixou de manter distância do veículo da frente,Colisão traseira,Sem Vítimas,Plena Noite,Crescente,Céu Claro,Múltipla,Reta,Sim,3,0,0,0,2,1,0,3,"-7,88290701","-34,90461208",SPRF-PE,DEL01-PE,UOP02-DEL01-PE
418068,2022-03-01,terça-feira,20:00:00,PE,116,"27,3",SALGUEIRO,Ausência de reação do condutor,Queda de ocupante de veículo,Com Vítimas Feridas,Plena Noite,Crescente,Céu Claro,Simples,Reta,Sim,1,0,1,0,0,0,1,1,"-8,078546","-39,130867",SPRF-PE,DEL05-PE,UOP01-DEL05-PE
418082,2022-03-01,terça-feira,22:00:00,PE,232,136,CARUARU,Demais falhas na via,Tombamento,Com Vítimas Feridas,Plena Noite,Crescente,Céu Claro,Dupla,Em Obras,Não,1,0,1,0,0,0,1,1,"-8,31339932","-36,04175591",SPRF-PE,DEL02-PE,UOP03-DEL02-PE
418145,2022-03-02,quarta-feira,11:10:00,PE,101,"43,5",IGARASSU,Condutor deixou de manter distância do veículo da frente,Colisão lateral mesmo sentido,Com Vítimas Feridas,Pleno dia,Decrescente,Céu Claro,Múltipla,Reta,Sim,2,0,1,0,1,0,1,2,"-7,84753808","-34,90977038",SPRF-PE,DEL01-PE,UOP02-DEL01-PE
418170,2022-03-02,quarta-feira,15:00:00,PE,101,54,PAULISTA,Demais falhas mecânicas ou elétricas,Colisão traseira,Com Vítimas Feridas,Pleno dia,Crescente,Céu Claro,Simples,Reta,Não,2,0,1,0,1,0,1,2,"-7,93961103","-34,90356584",SPRF-PE,DEL01-PE,UOP02-DEL01-PE
418195,2022-03-02,quarta-feira,17:20:00,PE,423,73,JUPI,Ingestão de álcool pelo condutor,Queda de ocupante de veículo,Com Vítimas Feridas,Pleno dia,Decrescente,Céu Claro,Simples,Declive,Não,2,0,1,0,0,1,1,1,"-8,709851","-36,41926432",SPRF-PE,DEL03-PE,UOP01-DEL03-PE
418212,2022-03-02,quarta-feira,18:30:00,PE,101,41,IGARASSU,Condutor deixou de manter distância do veículo da frente,Colisão traseira,Com Vítimas Feridas,Plena Noite,Crescente,Nublado,Dupla,Reta,Sim,2,0,1,0,1,0,1,2,"-7,83038346","-34,91426785",SPRF-PE,DEL01-PE,UOP02-DEL01-PE
418221,2022-03-02,quarta-feira,19:20:00,PE,104,"41,9",CARUARU,Demais falhas mecânicas ou elétricas,Incêndio,Sem Vítimas,Plena Noite,Decrescente,Céu Claro,Dupla,Curva,Não,1,0,0,0,1,0,0,1,"-8,1007","-36,0284",SPRF-PE,DEL02-PE,UOP01-DEL02-PE
418236,2022-03-02,quarta-feira,20:55:00,PE,423,"73,9",JUPI,Ausência de reação do condutor,Queda de ocupante de veículo,Com Vítimas Feridas,Plena Noite,Crescente,Céu Claro,Simples,Reta,Sim,1,0,0,1,0,0,1,1,"-8,709851","-36,41926432",SPRF-PE,DEL03-PE,UOP01-DEL03-PE
418291,2022-03-03,quinta-feira,07:00:00,PE,101,"45,3",IGARASSU,Reação tardia ou ineficiente do condutor,Colisão frontal,Com Vítimas Fatais,Amanhecer,Crescente,Céu Claro,Múltipla,Reta,Sim,2,1,0,0,1,0,0,2,"-7,866912","-34,907078",SPRF-PE,DEL01-PE,UOP02-DEL01-PE
418315,2022-03-03,quinta-feira,07:20:00,PE,101,"47,5",ABREU E LIMA,Condutor deixou de manter distância do veículo da frente,Colisão traseira,Sem Vítimas,Pleno dia,Crescente,Céu Claro,Múltipla,Reta,Sim,2,0,0,0,2,0,0,2,"-7,88290701","-34,90461208",SPRF-PE,DEL01-PE,UOP02-DEL01-PE
418323,2022-03-03,quinta-feira,10:30:00,PE,101,51,ABREU E LIMA,Reação tardia ou ineficiente do condutor,Colisão traseira,Com Vítimas Feridas,Pleno dia,Crescente,Sol,Múltipla,Reta,Sim,2,0,0,1,1,0,1,2,"-7,9169968","-34,89689272",SPRF-PE,DEL01-PE,UOP02-DEL01-PE
418368,2022-03-03,quinta-feira,14:15:00,PE,408,100,RECIFE,Demais falhas mecânicas ou elétricas,Saída de leito carroçável,Com Vítimas Feridas,Pleno dia,Crescente,Sol,Dupla,Reta,Sim,2,0,2,0,0,0,2,1,"-8,04364056","-35,01674995",SPRF-PE,DEL01-PE,UOP01-DEL01-PE