id,data_inversa,dia_semana,horario,uf,br,km,municipio,causa_acidente,tipo_acidente,classificacao_acidente,fase_dia,sentido_via,condicao_metereologica,tipo_pista,tracado_via,uso_solo,pessoas,mortos,feridos_leves,feridos_graves,ilesos,ignorados,feridos,veiculos,latitude,longitude,regional,delegacia,uop
418485,2022-03-04,sexta-feira,00:15:00,PE,424,113,GARANHUNS,Neblina,Atropelamento de Animal,Sem Vítimas,Plena Noite,Crescente,Céu Claro,Simples,Reta,Não,1,0,0,0,1,0,0,1,"-9,024019","-36,452339",SPRF-PE,DEL03-PE,UOP01-DEL03-PE
418510,2022-03-04,sexta-feira,07:00:00,PE,101,44,IGARASSU,Pedestre andava na pista,Atropelamento de Pedestre,Sem Vítimas,Amanhecer,Decrescente,Sol,Múltipla,Reta,Sim,2,0,0,0,1,1,0,2,"-7,85637001","-34,90842109",SPRF-PE,DEL01-PE,UOP02-DEL01-PE
418542,2022-03-04,sexta-feira,10:38:00,PE,101,"58,2",RECIFE,Ausência de reação do condutor,Tombamento,Com Vítimas Feridas,Pleno dia,Decrescente,Céu Claro,Simples,Aclive;Curva                  ,Sim,1,0,1,0,0,0,1,1,"-7,97063209","-34,92064675",SPRF-PE,DEL01-PE,UOP02-DEL01-PE
418581,2022-03-04,sexta-feira,14:30:00,PE,101,71,RECIFE,Transitar no acostamento,Tombamento,Com Vítimas Feridas,Pleno dia,Decrescente,Nublado,Dupla,Reta,Sim,1,0,1,0,0,0,1,1,"-8,07663102","-34,94277871",SPRF-PE,DEL01-PE,UOP01-DEL01-PE
418622,2022-03-04,sexta-feira,19:00:00,PE,101,"69,7",RECIFE,Condutor deixou de manter distância do veículo da frente,Colisão traseira,Com Vítimas Feridas,Plena Noite,Crescente,Chuva,Múltipla,Reta,Não,3,0,0,1,1,1,1,3,"-8,05951606","-34,94581024",SPRF-PE,DEL01-PE,UOP01-DEL01-PE
418667,2022-03-04,sexta-feira,22:40:00,PE,101,"72,3",RECIFE,Ausência de reação do condutor,Colisão traseira,Com Vítimas Feridas,Plena Noite,Crescente,Chuva,Dupla,Reta,Sim,3,0,1,0,2,0,1,2,"-8,08493106","-34,9450639",SPRF-PE,DEL01-PE,UOP01-DEL01-PE
418684,2022-03-05,sábado,04:40:00,PE,101,71,RECIFE,Animais na Pista,Atropelamento de Animal,Com Vítimas Feridas,Amanhecer,Crescente,Chuva,Dupla,Reta,Não,1,0,1,0,0,0,1,1,"-8,07663102","-34,94277871",SPRF-PE,DEL01-PE,UOP01-DEL01-PE
418741,2022-03-05,sábado,10:20:00,PE,101,37,ITAPISSUMA,Ingestão de álcool pelo condutor,Queda de ocupante de veículo,Com Vítimas Feridas,Pleno dia,Crescente,Nublado,Dupla,Reta,Não,1,0,1,0,0,0,1,1,"-7,79726705","-34,9274932",SPRF-PE,DEL01-PE,UOP02-DEL01-PE
418838,2022-03-05,sábado,20:00:00,PE,101,"126,5",ESCADA,Pista esburacada,Queda de ocupante de veículo,Com Vítimas Feridas,Plena Noite,Decrescente,Chuva,Simples,Aclive,Sim,1,0,0,1,0,0,1,1,"-8,36958202","-35,22919699",SPRF-PE,DEL01-PE,UOP01-DEL01-PE
418855,2022-03-05,sábado,21:15:00,PE,101,86,JABOATAO DOS GUARARAPES,Animais na Pista,Atropelamento de Animal,Com Vítimas Feridas,Plena Noite,Crescente,Chuva,Dupla,Reta,Sim,3,0,1,0,1,1,1,3,"-8,18458127","-34,96820569",SPRF-PE,DEL01-PE,UOP01-DEL01-PE
418863,2022-03-05,sábado,20:45:00,PE,232,268,SERTANIA,Animais na Pista,Atropelamento de Animal,Com Vítimas Feridas,Plena Noite,Crescente,Nublado,Simples,Reta,Não,2,0,1,0,1,0,1,1,"-8,40626526","-37,20062302",SPRF-PE,DEL03-PE,UOP02-DEL03-PE
418864,2022-03-05,sábado,22:48:00,PE,232,"211,1",PESQUEIRA,Pedestre andava na pista,Atropelamento de Pedestre,Com Vítimas Fatais,Plena Noite,Crescente,Nublado,Simples,Reta,Sim,2,1,0,0,1,0,0,2,"-8,36899532","-36,70578682",SPRF-PE,DEL03-PE,UOP02-DEL03-PE
418928,2022-03-06,domingo,06:00:00,PE,101,"39,3",IGARASSU,Condutor Dormindo,Saída de leito carroçável,Sem Vítimas,Pleno dia,Decrescente,Céu Claro,Dupla,Reta,Não,1,0,0,0,1,0,0,1,"-7,81259899","-34,91890497",SPRF-PE,DEL01-PE,UOP02-DEL01-PE
418952,2022-03-06,domingo,10:05:00,PE,101,"20,9",GOIANA,Avarias e/ou desgaste excessivo no pneu,Tombamento,Com Vítimas Feridas,Pleno dia,Decrescente,Nublado,Dupla,Curva,Não,2,0,1,1,0,0,2,1,"-7,66042701","-34,93780401",SPRF-PE,DEL01-PE,UOP02-DEL01-PE
419014,2022-03-06,domingo,17:30:00,PE,104,"96,4",AGRESTINA,Manobra de mudança de faixa,Capotamento,Com Vítimas Feridas,Anoitecer,Crescente,Céu Claro,Simples,Declive,Não,3,0,1,0,1,1,1,2,"-8,531186","-35,938961",SPRF-PE,DEL02-PE,UOP01-DEL02-PE
419022,2022-03-06,domingo,15:40:00,PE,232,"449,9",SAO JOSE DO BELMONTE,Acessar a via sem observar a presença dos outros veículos,Colisão transversal,Com Vítimas Feridas,Pleno dia,Crescente,Nublado,Simples,Reta,Não,3,0,2,0,1,0,2,2,"-7,98409771","-38,63685608",SPRF-PE,DEL04-PE,UOP01-DEL04-PE
419040,2022-03-06,domingo,20:45:00,PE,101,"64,2",RECIFE,Chuva,Colisão traseira,Com Vítimas Feridas,Plena Noite,Decrescente,Chuva,Dupla,Reta,Não,4,0,2,0,2,0,2,2,"-8,0162921","-34,94045886",SPRF-PE,DEL01-PE,UOP01-DEL01-PE
419062,2022-03-06,domingo,22:20:00,PE,428,185,PETROLINA,Acessar a via sem observar a presença dos outros veículos,Colisão transversal,Com Vítimas Feridas,Plena Noite,Crescente,Céu Claro,Simples,Reta,Não,2,0,1,0,0,1,1,2,"-9,3521707","-40,47651009",SPRF-PE,DEL06-PE,UOP01-DEL06-PE
419065,2022-03-06,domingo,21:50:00,PE,408,"67,4",CARPINA,Condutor deixou de manter distância do veículo da frente,Colisão traseira,Com Vítimas Feridas,Plena Noite,Decrescente,Nublado,Dupla,Reta,Não,2,0,1,0,0,1,1,2,"-7,8584244","-35,21553619",SPRF-PE,DEL01-PE,UOP01-DEL01-PE
419072,2022-03-06,domingo,20:10:00,PE,423,"94,8",GARANHUNS,Ingestão de álcool pelo condutor,Saída de leito carroçável,Sem Vítimas,Plena Noite,Decrescente,Céu Claro,Simples,Curva,Sim,1,0,0,0,1,0,0,1,"-8,874732","-36,46946",SPRF-PE,DEL03-PE,UOP01-DEL03-PE
419129,2022-03-07,segunda-feira,07:40:00,PE,232,"7,1",RECIFE,Condutor deixou de manter distância do veículo da frente,Engavetamento,Sem Vítimas,Pleno dia,Decrescente,Nublado,Dupla,Reta,Sim,3,0,0,0,3,0,0,3,"-8,073788","-34,962825",SPRF-PE,DEL01-PE,UOP01-DEL01-PE
419146,2022-03-07,segunda-feira,08:00:00,PE,408,79,PAUDALHO,Reação tardia ou ineficiente do condutor,Atropelamento de Animal,Sem Vítimas,Pleno dia,Decrescente,Sol,Dupla,Reta,Sim,1,0,0,0,1,0,0,1,"-7,92735072","-35,14679086",SPRF-PE,DEL01-PE,UOP01-DEL01-PE
419150,2022-03-07,segunda-feira,08:15:00,PE,101,"115,4",IPOJUCA,Manobra de mudança de faixa,Colisão traseira,Com Vítimas Feridas,Pleno dia,Crescente,Sol,Dupla,Reta,Não,2,0,1,0,1,0,1,2,"-8,33783596","-35,14164006",SPRF-PE,DEL01-PE,UOP01-DEL01-PE
419192,2022-03-07,segunda-feira,10:10:00,PE,424,"76,2",GARANHUNS,Acessar a via sem observar a presença dos outros veículos,Colisão transversal,Com Vítimas Feridas,Pleno dia,Crescente,Céu Claro,Simples,Reta,Não,6,0,4,2,0,0,6,2,"-8,80996529","-36,5762862",SPRF-PE,DEL03-PE,UOP01-DEL03-PE
419269,2022-03-08,terça-feira,00:05:00,PE,101,"82,5",JABOATAO DOS GUARARAPES,Reação tardia ou ineficiente do condutor,Colisão lateral mesmo sentido,Com Vítimas Feridas,Plena Noite,Crescente,Céu Claro,Dupla,Reta,Sim,2,0,1,0,1,0,1,2,"-8,171979","-34,939846",SPRF-PE,DEL01-PE,UOP01-DEL01-PE
419345,2022-03-08,terça-feira,12:30:00,PE,101,"62,1",RECIFE,Transitar na contramão,Colisão traseira,Com Vítimas Feridas,Pleno dia,Decrescente,Céu Claro,Simples,Reta,Sim,4,0,1,0,3,0,1,4,"-7,99905898","-34,93899295",SPRF-PE,DEL01-PE,UOP02-DEL01-PE
419373,2022-03-08,terça-feira,14:00:00,PE,428,"177,6",PETROLINA,Reação tardia ou ineficiente do condutor,Colisão traseira,Com Vítimas Feridas,Pleno dia,Decrescente,Céu Claro,Simples,Declive,Não,2,0,0,1,1,0,1,2,"-9,27622623","-40,43753454",SPRF-PE,DEL06-PE,UOP01-DEL06-PE
419377,2022-03-08,terça-feira,17:10:00,PE,232,401,SERRA TALHADA,Obstrução na via,Colisão transversal,Com Vítimas Feridas,Anoitecer,Decrescente,Céu Claro,Simples,Reta,Não,3,0,2,0,1,0,2,2,"-8,01192014","-38,23408003",SPRF-PE,DEL04-PE,UOP01-DEL04-PE
419401,2022-03-08,terça-feira,19:00:00,PE,101,"17,3",GOIANA,Velocidade Incompatível,Saída de leito carroçável,Sem Vítimas,Plena Noite,Crescente,Céu Claro,Dupla,Reta,Não,1,0,0,0,1,0,0,1,"-7,64064477","-34,95599769",SPRF-PE,DEL01-PE,UOP02-DEL01-PE
419430,2022-03-08,terça-feira,18:15:00,PE,104,"68,6",CARUARU,Pedestre cruzava a pista fora da faixa,Atropelamento de Pedestre,Com Vítimas Feridas,Plena Noite,Crescente,Nublado,Dupla,Reta,Não,2,0,0,2,0,0,2,2,"-8,3107","-35,9904",SPRF-PE,DEL02-PE,UOP01-DEL02-PE
419478,2022-03-09,quarta-feira,08:20:00,PE,232,"32,8",MORENO,Acessar a via sem observar a presença dos outros veículos,Colisão lateral mesmo sentido,Com Vítimas Feridas,Pleno dia,Crescente,Sol,Dupla,Reta,Não,2,0,1,0,0,1,1,2,"-8,10541732","-35,1665671",SPRF-PE,DEL01-PE,UOP01-DEL01-PE
419554,2022-03-09,quarta-feira,17:05:00,PE,232,"80,7",GRAVATA,Ultrapassagem Indevida,Colisão lateral mesmo sentido,Com Vítimas Feridas,Anoitecer,Crescente,Céu Claro,Múltipla,Curva,Não,2,0,1,0,1,0,1,2,"-8,19579864","-35,56962305",SPRF-PE,DEL02-PE,UOP02-DEL02PE
419557,2022-02-25,sexta-feira,07:16:00,PE,232,403,SERRA TALHADA,Transitar na contramão,Colisão transversal,Com Vítimas Feridas,Pleno dia,Crescente,Céu Claro,Simples,Reta,Sim,4,0,0,1,3,0,1,2,"-8,00147098","-38,24433438",SPRF-PE,DEL04-PE,UOP01-DEL04-PE
419567,2022-03-09,quarta-feira,17:30:00,PE,428,11,CABROBO,Entrada inopinada do pedestre,Atropelamento de Pedestre,Com Vítimas Feridas,Anoitecer,Crescente,Céu Claro,Simples,Reta,Sim,3,0,0,1,1,1,1,2,"-8,5063914","-39,3161128",SPRF-PE,DEL05-PE,UOP03-DEL05-PE
419574,2022-03-09,quarta-feira,19:10:00,PE,101,"45,8",IGARASSU,Entrada inopinada do pedestre,Atropelamento de Pedestre,Com Vítimas Feridas,Plena Noite,Decrescente,Céu Claro,Múltipla,Reta,Sim,2,0,0,1,0,1,1,2,"-7,86521297","-34,90715176",SPRF-PE,DEL01-PE,UOP02-DEL01-PE
419586,2022-03-09,quarta-feira,12:05:00,PE,407,128,PETROLINA,Desrespeitar a preferência no cruzamento,Colisão transversal,Com Vítimas Feridas,Pleno dia,Crescente,Céu Claro,Dupla,Rotatória,Sim,3,0,1,0,2,0,1,2,"-9,39387565","-40,51133888",SPRF-PE,DEL06-PE,UOP01-DEL06-PE
419604,2022-03-09,quarta-feira,19:15:00,PE,428,"34,2",OROCO,Ultrapassagem Indevida,Colisão frontal,Com Vítimas Fatais,Plena Noite,Crescente,Céu Claro,Simples,Reta,Não,2,1,1,0,0,0,1,2,"-8,5320588","-39,51148312",SPRF-PE,DEL05-PE,UOP03-DEL05-PE
419637,2022-03-10,quinta-feira,03:30:00,PE,104,22,TAQUARITINGA DO NORTE,Acesso irregular,Colisão com objeto,Com Vítimas Fatais,Plena Noite,Decrescente,Céu Claro,Simples,Reta,Não,2,1,0,0,0,1,0,1,"-7,967257","-36,116974",SPRF-PE,DEL02-PE,UOP01-DEL02-PE
419656,2022-03-10,quinta-feira,07:45:00,PE,101,44,IGARASSU,Entrada inopinada do pedestre,Atropelamento de Pedestre,Com Vítimas Feridas,Pleno dia,Decrescente,Céu Claro,Dupla,Reta,Sim,2,0,2,0,0,0,2,2,"-7,85637001","-34,90842109",SPRF-PE,DEL01-PE,UOP02-DEL01-PE
419664,2022-02-22,terça-feira,19:30:00,PE,232,"100,9",BEZERROS,Acessar a via sem observar a presença dos outros veículos,Colisão transversal,Com Vítimas Feridas,Plena Noite,Crescente,Céu Claro,Simples,Reta,Sim,3,0,1,2,0,0,3,2,"-8,23791176","-35,74297705",SPRF-PE,DEL02-PE,UOP02-DEL02PE
419695,2022-03-10,quinta-feira,13:00:00,PE,428,186,PETROLINA,Acessar a via sem observar a presença dos outros veículos,Colisão transversal,Com Vítimas Feridas,Pleno dia,Crescente,Sol,Simples,Reta,Sim,4,0,1,0,1,2,1,3,"-9,36312321","-40,48229049",SPRF-PE,DEL06-PE,UOP01-DEL06-PE
419716,2022-03-10,quinta-feira,14:20:00,PE,232,"17,6",JABOATAO DOS GUARARAPES,Ausência de reação do condutor,Colisão com objeto,Com Vítimas Feridas,Pleno dia,Decrescente,Céu Claro,Dupla,Reta,Não,3,0,2,1,0,0,3,1,"-8,09565202","-35,04581599",SPRF-PE,DEL01-PE,UOP01-DEL01-PE
419725,2022-03-10,quinta-feira,12:30:00,PE,101,92,CABO DE SANTO AGOSTINHO,Reação tardia ou ineficiente do condutor,Engavetamento,Sem Vítimas,Pleno dia,Crescente,Céu Claro,Dupla,Reta,Não,3,0,0,0,3,0,0,3,"-8,23201792","-34,99778611",SPRF-PE,DEL01-PE,UOP01-DEL01-PE
419740,2022-03-10,quinta-feira,17:05:00,PE,232,"10,7",JABOATAO DOS GUARARAPES,Velocidade Incompatível,Colisão traseira,Com Vítimas Feridas,Anoitecer,Decrescente,Céu Claro,Dupla,Reta,Sim,2,0,1,0,1,0,1,2,"-8,080916","-34,993477",SPRF-PE,DEL01-PE,UOP01-DEL01-PE
419752,2022-03-10,quinta-feira,18:35:00,PE,101,"43,1",IGARASSU,Reação tardia ou ineficiente do condutor,Atropelamento de Pedestre,Com Vítimas Fatais,Plena Noite,Crescente,Nublado,Múltipla,Reta,Sim,2,1,0,0,0,1,0,2,"-7,84753808","-34,90977038",SPRF-PE,DEL01-PE,UOP02-DEL01-PE
419764,2022-01-21,sexta-feira,23:40:00,PE,232,"9,3",RECIFE,Ingestão de álcool pelo condutor,Colisão traseira,Sem Vítimas,Plena Noite,Decrescente,Céu Claro,Dupla,Reta,Sim,3,0,0,0,3,0,0,2,"-8,078468","-34,981888",SPRF-PE,DEL01-PE,UOP01-DEL01-PE
419786,2022-01-23,domingo,06:00:00,PE,110,"137,2",IBIMIRIM,Demais falhas mecânicas ou elétricas,Incêndio,Sem Vítimas,Pleno dia,Crescente,Céu Claro,Simples,Reta,Não,1,0,0,0,1,0,0,1,"-8,50885757","-37,60567305",SPRF-PE,DEL03-PE,UOP02-DEL03-PE
419871,2022-03-11,sexta-feira,10:15:00,PE,232,251,ARCOVERDE,Transitar na contramão,Colisão transversal,Com Vítimas Feridas,Pleno dia,Decrescente,Céu Claro,Simples,Rotatória,Sim,3,0,1,0,2,0,1,2,"-8,429241","-37,060127",SPRF-PE,DEL03-PE,UOP02-DEL03-PE
419885,2022-01-23,domingo,08:50:00,PE,424,"54,1",CAETES,Transitar na contramão,Colisão frontal,Sem Vítimas,Pleno dia,Crescente,Sol,Simples,Declive,Não,2,0,0,0,1,1,0,2,"-8,72983547","-36,75431311",SPRF-PE,DEL03-PE,UOP01-DEL03-PE
419972,2022-03-11,sexta-feira,19:20:00,PE,232,"408,1",SERRA TALHADA,Acessar a via sem observar a presença dos outros veículos,Colisão lateral mesmo sentido,Com Vítimas Feridas,Plena Noite,Decrescente,Nublado,Simples,Reta,Não,3,0,2,0,1,0,2,2,"-7,98371447","-38,28047709",SPRF-PE,DEL04-PE,UOP01-DEL04-PE
420045,2022-03-12,sábado,05:30:00,PE,428,34,OROCO,Manobra de mudança de faixa,Colisão frontal,Com Vítimas Feridas,Amanhecer,Crescente,Céu Claro,Simples,Reta,Não,2,0,1,1,0,0,2,2,"-8,5320588","-39,51148312",SPRF-PE,DEL05-PE,UOP03-DEL05-PE
420174,2022-03-12,sábado,15:20:00,PE,408,"52,5",NAZARE DA MATA,Condutor deixou de manter distância do veículo da frente,Colisão traseira,Sem Vítimas,Pleno dia,Crescente,Nublado,Simples,Reta,Sim,2,0,0,0,2,0,0,2,"-7,750885","-35,232666",SPRF-PE,DEL01-PE,UOP02-DEL01-PE
420213,2022-03-12,sábado,21:30:00,PE,424,70,CAETES,Ingestão de álcool pelo condutor,Colisão traseira,Com Vítimas Fatais,Plena Noite,Decrescente,Céu Claro,Simples,Reta,Sim,4,1,1,0,0,2,1,2,"-8,77912908","-36,62060205",SPRF-PE,DEL03-PE,UOP01-DEL03-PE
420264,2022-03-13,domingo,05:35:00,PE,428,"187,1",PETROLINA,Ingestão de álcool pelo condutor,Colisão lateral sentido oposto,Sem Vítimas,Amanhecer,Decrescente,Céu Claro,Simples,Reta,Sim,2,0,0,0,2,0,0,2,"-9,35604301","-40,47854198",SPRF-PE,DEL06-PE,UOP01-DEL06-PE
420357,2022-03-13,domingo,13:38:00,PE,423,"61,7",LAJEDO,Ingestão de álcool pelo condutor,Colisão frontal,Sem Vítimas,Pleno dia,Crescente,Céu Claro,Simples,Reta,Sim,5,0,0,0,5,0,0,2,"-8,65805731","-36,32866993",SPRF-PE,DEL03-PE,UOP01-DEL03-PE
420392,2022-03-13,domingo,15:40:00,PE,232,147,SAO CAITANO,Pedestre andava na pista,Saída de leito carroçável,Com Vítimas Feridas,Pleno dia,Decrescente,Nublado,Dupla,Reta,Sim,4,0,3,1,0,0,4,1,"-8,33373137","-36,13751116",SPRF-PE,DEL02-PE,UOP03-DEL02-PE
420409,2022-03-13,domingo,19:00:00,PE,101,"88,5",JABOATAO DOS GUARARAPES,Acessar a via sem observar a presença dos outros veículos,Colisão transversal,Com Vítimas Feridas,Plena Noite,Decrescente,Céu Claro,Simples,Reta,Sim,2,0,1,0,1,0,1,2,"-8,219595","-34,965525",SPRF-PE,DEL01-PE,UOP01-DEL01-PE
420435,2022-03-13,domingo,20:00:00,PE,232,178,BELO JARDIM,Ingestão de álcool pelo condutor,Colisão traseira,Com Vítimas Feridas,Plena Noite,Decrescente,Nublado,Simples,Reta,Sim,2,0,1,0,0,1,1,2,"-8,347448","-36,411818",SPRF-PE,DEL02-PE,UOP03-DEL02-PE
420482,2022-03-13,domingo,23:47:00,PE,428,188,PETROLINA,Ingestão de álcool e/ou substâncias psicoativas pelo pedestre,Colisão traseira,Sem Vítimas,Plena Noite,Decrescente,Céu Claro,Simples,Reta,Sim,2,0,0,0,2,0,0,2,"-9,36400596","-40,48266808",SPRF-PE,DEL06-PE,UOP01-DEL06-PE
420495,2022-03-14,segunda-feira,05:20:00,PE,104,40,CARUARU,Ingestão de álcool pelo condutor,Saída de leito carroçável,Sem Vítimas,Pleno dia,Crescente,Céu Claro,Dupla,Reta,Não,1,0,0,0,1,0,0,1,"-8,0938","-36,0334",SPRF-PE,DEL02-PE,UOP01-DEL02-PE
420501,2022-03-14,segunda-feira,06:30:00,PE,101,"81,7",JABOATAO DOS GUARARAPES,Condutor deixou de manter distância do veículo da frente,Colisão traseira,Com Vítimas Feridas,Pleno dia,Crescente,Nublado,Dupla,Reta,Sim,2,0,1,0,1,0,1,2,"-8,1597489","-34,94024569",SPRF-PE,DEL01-PE,UOP01-DEL01-PE
420507,2022-03-14,segunda-feira,06:40:00,PE,408,"96,5",SAO LOURENCO DA MATA,Acessar a via sem observar a presença dos outros veículos,Colisão lateral mesmo sentido,Com Vítimas Feridas,Pleno dia,Crescente,Nublado,Múltipla,Reta,Sim,2,0,1,0,1,0,1,2,"-8,02062","-35,041045",SPRF-PE,DEL01-PE,UOP01-DEL01-PE
420517,2022-03-14,segunda-feira,07:10:00,PE,423,"107,2",GARANHUNS,Acessar a via sem observar a presença dos outros veículos,Colisão transversal,Com Vítimas Fatais,Pleno dia,Crescente,Céu Claro,Simples,Reta,Não,2,1,0,0,1,0,0,2,"-8,8839803","-36,58154392",SPRF-PE,DEL03-PE,UOP01-DEL03-PE
420526,2022-03-14,segunda-feira,08:55:00,PE,408,"66,7",PAUDALHO,Manobra de mudança de faixa,Capotamento,Com Vítimas Feridas,Pleno dia,Crescente,Céu Claro,Múltipla,Reta,Sim,2,0,1,0,1,0,1,1,"-7,85456416","-35,22363707",SPRF-PE,DEL01-PE,UOP01-DEL01-PE
420573,2022-03-14,segunda-feira,12:18:00,PE,101,"51,1",ABREU E LIMA,Ausência de reação do condutor,Colisão transversal,Com Vítimas Feridas,Pleno dia,Decrescente,Nublado,Múltipla,Reta,Sim,3,0,2,0,1,0,2,2,"-7,9169968","-34,89689272",SPRF-PE,DEL01-PE,UOP02-DEL01-PE
420583,2022-03-14,segunda-feira,13:30:00,PE,232,"135,8",CARUARU,Demais falhas na via,Queda de ocupante de veículo,Com Vítimas Feridas,Pleno dia,Crescente,Chuva,Dupla,Aclive,Não,1,0,1,0,0,0,1,1,"-8,31562619","-36,04803085",SPRF-PE,DEL02-PE,UOP03-DEL02-PE
420594,2022-03-14,segunda-feira,12:10:00,PE,101,18,CABO DE SANTO AGOSTINHO,Acumulo de água sobre o pavimento,Colisão lateral sentido oposto,Sem Vítimas,Pleno dia,Decrescente,Chuva,Simples,Curva,Sim,2,0,0,0,2,0,0,2,"-8,294066","-35,052687",SPRF-PE,DEL01-PE,UOP01-DEL01-PE
420603,2022-03-04,sexta-feira,19:00:00,PE,232,508,SALGUEIRO,Transitar na contramão,Colisão frontal,Com Vítimas Feridas,Plena Noite,Decrescente,Céu Claro,Simples,Reta,Sim,3,0,0,3,0,0,3,2,"-8,06223271","-39,12095006",SPRF-PE,DEL05-PE,UOP01-DEL05-PE
420618,2022-03-14,segunda-feira,16:10:00,PE,104,"29,1",TORITAMA,Manobra de mudança de faixa,Colisão frontal,Com Vítimas Feridas,Pleno dia,Decrescente,Céu Claro,Simples,Reta,Sim,3,0,0,1,2,0,1,2,"-8,0078","-36,0621",SPRF-PE,DEL02-PE,UOP01-DEL02-PE
420675,2022-03-14,segunda-feira,20:30:00,PE,232,34,MORENO,Ingestão de álcool pelo condutor,Colisão lateral mesmo sentido,Com Vítimas Feridas,Plena Noite,Crescente,Céu Claro,Dupla,Viaduto,Sim,2,0,1,0,1,0,1,2,"-8,10702537","-35,18394691",SPRF-PE,DEL01-PE,UOP01-DEL01-PE
420693,2022-03-15,terça-feira,04:45:00,PE,232,27,MORENO,Condutor deixou de manter distância do veículo da frente,Colisão traseira,Sem Vítimas,Amanhecer,Decrescente,Céu Claro,Dupla,Reta,Não,2,0,0,0,2,0,0,2,"-8,11418416","-35,12568999",SPRF-PE,DEL01-PE,UOP01-DEL01-PE
420786,2022-03-15,terça-feira,15:30:00,PE,101,"80,5",JABOATAO DOS GUARARAPES,Reação tardia ou ineficiente do condutor,Colisão traseira,Com Vítimas Feridas,Pleno dia,Decrescente,Céu Claro,Dupla,Reta,Sim,2,0,1,0,1,0,1,2,"-8,1597489","-34,94024569",SPRF-PE,DEL01-PE,UOP01-DEL01-PE
420879,2022-03-16,quarta-feira,07:10:00,PE,101,58,RECIFE,Transitar no acostamento,Atropelamento de Pedestre,Com Vítimas Feridas,Pleno dia,Crescente,Sol,Dupla,Reta,Sim,2,0,0,1,1,0,1,2,"-7,97063209","-34,92064675",SPRF-PE,DEL01-PE,UOP02-DEL01-PE
420880,2022-03-16,quarta-feira,06:40:00,PE,232,"10,6",JABOATAO DOS GUARARAPES,Manobra de mudança de faixa,Colisão transversal,Com Vítimas Feridas,Pleno dia,Decrescente,Nublado,Dupla,Declive;Reta                  ,Sim,3,0,3,0,0,0,3,2,"-8,080711","-34,993208",SPRF-PE,DEL01-PE,UOP01-DEL01-PE
420889,2022-03-15,terça-feira,16:50:00,PE,428,"189,8",PETROLINA,Desrespeitar a preferência no cruzamento,Tombamento,Com Vítimas Feridas,Pleno dia,Decrescente,Céu Claro,Dupla,Reta,Sim,2,0,1,1,0,0,2,1,"-9,37197508","-40,48679585",SPRF-PE,DEL06-PE,UOP01-DEL06-PE
420906,2022-03-16,quarta-feira,07:45:00,PE,232,"111,2",BEZERROS,Ausência de reação do condutor,Colisão traseira,Sem Vítimas,Pleno dia,Crescente,Sol,Dupla,Reta,Não,2,0,0,0,2,0,0,2,"-8,2922971","-35,82419791",SPRF-PE,DEL02-PE,UOP02-DEL02PE
420965,2022-03-16,quarta-feira,15:00:00,PE,101,163,GAMELEIRA,Desrespeitar a preferência no cruzamento,Colisão transversal,Com Vítimas Feridas,Pleno dia,Crescente,Chuva,Dupla,Reta,Não,2,0,0,1,1,0,1,2,"-8,55039544","-35,44619699",SPRF-PE,DEL01-PE,UOP01-DEL01-PE
421020,2022-03-16,quarta-feira,20:10:00,PE,101,82,JABOATAO DOS GUARARAPES,Condutor deixou de manter distância do veículo da frente,Colisão traseira,Com Vítimas Feridas,Plena Noite,Crescente,Nublado,Múltipla,Reta,Sim,2,0,1,0,1,0,1,2,"-8,168383","-34,9376",SPRF-PE,DEL01-PE,UOP01-DEL01-PE
421089,2022-01-24,segunda-feira,20:15:00,PE,232,133,CARUARU,Demais falhas na via,Tombamento,Com Vítimas Feridas,Plena Noite,Crescente,Céu Claro,Dupla,Reta,Sim,1,0,1,0,0,0,1,1,"-8,30607988","-36,01576003",SPRF-PE,DEL02-PE,UOP03-DEL02-PE
421102,2022-03-12,sábado,21:20:00,PE,101,98,CABO DE SANTO AGOSTINHO,Animais na Pista,Atropelamento de Animal,Com Vítimas Feridas,Plena Noite,Crescente,Nublado,Dupla,Reta,Não,1,0,1,0,0,0,1,1,"-8,25653422","-35,03811793",SPRF-PE,DEL01-PE,UOP01-DEL01-PE
421151,2022-03-17,quinta-feira,18:20:00,PE,101,"83,5",JABOATAO DOS GUARARAPES,Acessar a via sem observar a presença dos outros veículos,Colisão transversal,Com Vítimas Feridas,Plena Noite,Decrescente,Nublado,Simples,Reta,Sim,3,0,2,0,0,1,2,2,"-8,1793458","-34,94666219",SPRF-PE,DEL01-PE,UOP01-DEL01-PE
421238,2022-01-30,domingo,17:30:00,PE,407,125,PETROLINA,Velocidade Incompatível,Colisão traseira,Com Vítimas Feridas,Pleno dia,Decrescente,Céu Claro,Dupla,Reta,Sim,4,0,0,2,1,1,2,3,"-9,37739336","-40,53595733",SPRF-PE,DEL06-PE,UOP01-DEL06-PE
421252,2022-03-18,sexta-feira,08:30:00,PE,424,"54,5",CAETES,Demais falhas mecânicas ou elétricas,Capotamento,Com Vítimas Feridas,Pleno dia,Decrescente,Céu Claro,Simples,Declive;Reta                  ,Não,2,0,1,1,0,0,2,1,"-8,73125345","-36,74803913",SPRF-PE,DEL03-PE,UOP01-DEL03-PE