id,data_inversa,dia_semana,horario,uf,br,km,municipio,causa_acidente,tipo_acidente,classificacao_acidente,fase_dia,sentido_via,condicao_metereologica,tipo_pista,tracado_via,uso_solo,pessoas,mortos,feridos_leves,feridos_graves,ilesos,ignorados,feridos,veiculos,latitude,longitude,regional,delegacia,uop
447527,2022-05-03,terça-feira,10:00:00,PE,101,60,RECIFE,Demais falhas mecânicas ou elétricas,Colisão traseira,Com Vítimas Feridas,Pleno dia,Decrescente,Garoa/Chuvisco,Dupla,Curva,Sim,2,0,1,0,0,1,1,2,"-7,98344307","-34,93176727",SPRF-PE,DEL01-PE,UOP02-DEL01-PE
447549,2022-05-03,terça-feira,13:08:00,PE,232,"128,9",CARUARU,Reação tardia ou ineficiente do condutor,Colisão traseira,Com Vítimas Feridas,Pleno dia,Decrescente,Céu Claro,Dupla,Reta,Não,2,0,1,0,1,0,1,2,"-8,30399306","-35,97216301",SPRF-PE,DEL02-PE,UOP01-DEL02-PE
447596,2022-05-03,terça-feira,17:20:00,PE,232,81,GRAVATA,Manobra de mudança de faixa,Colisão transversal,Com Vítimas Feridas,Pleno dia,Decrescente,Céu Claro,Dupla,Reta,Sim,3,0,3,0,0,0,3,2,"-8,1975263","-35,57930946",SPRF-PE,DEL02-PE,UOP02-DEL02PE
447629,2022-05-03,terça-feira,21:10:00,PE,232,"17,4",JABOATAO DOS GUARARAPES,Reação tardia ou ineficiente do condutor,Colisão traseira,Com Vítimas Feridas,Plena Noite,Crescente,Nublado,Dupla,Retorno Regulamentado;Reta    ,Sim,2,0,1,0,0,1,1,2,"-8,09565202","-35,04581599",SPRF-PE,DEL01-PE,UOP01-DEL01-PE
447656,2022-05-04,quarta-feira,05:05:00,PE,423,45,CACHOEIRINHA,Condutor deixou de manter distância do veículo da frente,Colisão traseira,Com Vítimas Feridas,Amanhecer,Crescente,Céu Claro,Simples,Reta,Não,4,0,1,0,2,1,1,2,"-8,53254404","-36,26449193",SPRF-PE,DEL03-PE,UOP01-DEL03-PE
447765,2022-05-04,quarta-feira,18:45:00,PE,104,17,TAQUARITINGA DO NORTE,Animais na Pista,Atropelamento de Animal,Sem Vítimas,Plena Noite,Decrescente,Céu Claro,Simples,Reta,Não,1,0,0,0,1,0,0,1,"-7,931927","-36,11956",SPRF-PE,DEL02-PE,UOP01-DEL02-PE
447779,2022-05-04,quarta-feira,19:53:00,PE,101,82,JABOATAO DOS GUARARAPES,Área urbana sem a presença de local apropriado para a travessia de pedestres,Atropelamento de Pedestre,Sem Vítimas,Plena Noite,Crescente,Céu Claro,Múltipla,Interseção de Vias,Sim,3,0,0,0,2,1,0,2,"-8,170748","-34,93864",SPRF-PE,DEL01-PE,UOP01-DEL01-PE
447831,2022-05-05,quinta-feira,06:00:00,PE,101,"71,8",RECIFE,Pista Escorregadia,Tombamento,Com Vítimas Feridas,Pleno dia,Decrescente,Céu Claro,Dupla,Reta,Sim,2,0,1,0,0,1,1,2,"-8,07663102","-34,94277871",SPRF-PE,DEL01-PE,UOP01-DEL01-PE
447832,2022-05-05,quinta-feira,06:00:00,PE,232,134,CARUARU,Ingestão de álcool pelo condutor,Colisão com objeto,Com Vítimas Feridas,Amanhecer,Decrescente,Céu Claro,Dupla,Reta,Sim,2,0,0,2,0,0,2,1,"-8,30853497","-36,02442101",SPRF-PE,DEL02-PE,UOP01-DEL02-PE
447850,2022-05-05,quinta-feira,08:15:00,PE,428,"189,8",PETROLINA,Condutor desrespeitou a iluminação vermelha do semáforo,Colisão transversal,Com Vítimas Feridas,Pleno dia,Crescente,Céu Claro,Dupla,Reta,Sim,2,0,1,0,1,0,1,2,"-9,37793495","-40,50442262",SPRF-PE,DEL06-PE,UOP01-DEL06-PE
447880,2022-05-05,quinta-feira,11:10:00,PE,101,68,RECIFE,Animais na Pista,Colisão traseira,Com Vítimas Feridas,Pleno dia,Decrescente,Céu Claro,Dupla,Reta,Sim,3,0,1,0,2,0,1,2,"-8,049642","-34,945581",SPRF-PE,DEL01-PE,UOP01-DEL01-PE
447931,2022-01-05,quarta-feira,21:20:00,PE,101,"85,3",JABOATAO DOS GUARARAPES,Desvio temporário,Colisão lateral mesmo sentido,Com Vítimas Feridas,Plena Noite,Crescente,Nublado,Dupla,Desvio Temporário,Não,3,0,0,2,1,0,2,2,"-8,182011","-34,962357",SPRF-PE,DEL01-PE,UOP01-DEL01-PE
447977,2022-05-05,quinta-feira,20:00:00,PE,423,"103,3",GARANHUNS,Pedestre andava na pista,Atropelamento de Pedestre,Com Vítimas Fatais,Plena Noite,Crescente,Céu Claro,Simples,Reta,Não,4,1,0,0,1,2,0,2,"-8,87451577","-36,54667007",SPRF-PE,DEL03-PE,UOP01-DEL03-PE
448073,2022-05-06,sexta-feira,14:25:00,PE,423,"52,4",LAJEDO,Ingestão de álcool pelo condutor,Colisão frontal,Com Vítimas Fatais,Pleno dia,Decrescente,Céu Claro,Simples,Reta,Não,3,1,0,0,2,0,0,2,"-8,59012507","-36,28991571",SPRF-PE,DEL03-PE,UOP01-DEL03-PE
448119,2022-05-06,sexta-feira,18:25:00,PE,423,"83,3",JUCATI,Transitar na contramão,Colisão frontal,Com Vítimas Fatais,Plena Noite,Crescente,Céu Claro,Simples,Declive,Não,7,3,1,3,0,0,4,2,"-8,79028092","-36,43450918",SPRF-PE,DEL03-PE,UOP01-DEL03-PE
448129,2022-05-06,sexta-feira,18:05:00,PE,101,49,ABREU E LIMA,Condutor deixou de manter distância do veículo da frente,Colisão transversal,Com Vítimas Feridas,Anoitecer,Crescente,Céu Claro,Dupla,Retorno Regulamentado,Sim,2,0,1,0,1,0,1,2,"-7,9005152","-34,90180641",SPRF-PE,DEL01-PE,UOP02-DEL01-PE
448157,2022-05-06,sexta-feira,20:30:00,PE,232,179,BELO JARDIM,Acessar a via sem observar a presença dos outros veículos,Colisão transversal,Sem Vítimas,Plena Noite,Decrescente,Céu Claro,Dupla,Interseção de Vias,Sim,2,0,0,0,2,0,0,2,"-8,34353242","-36,4199731",SPRF-PE,DEL03-PE,UOP02-DEL03-PE
448250,2022-05-07,sábado,07:20:00,PE,428,184,PETROLINA,Acesso irregular,Colisão transversal,Com Vítimas Feridas,Pleno dia,Decrescente,Céu Claro,Simples,Interseção de Vias,Sim,1,0,1,0,0,0,1,1,"-9,33211208","-40,46621385",SPRF-PE,DEL06-PE,UOP01-DEL06-PE
448306,2022-05-07,sábado,14:40:00,PE,232,"5,8",RECIFE,Manobra de mudança de faixa,Colisão traseira,Com Vítimas Feridas,Pleno dia,Crescente,Chuva,Dupla,Reta,Sim,2,0,1,0,1,0,1,2,"-8,06795766","-34,94535414",SPRF-PE,DEL01-PE,UOP01-DEL01-PE
448369,2022-05-07,sábado,19:41:00,PE,423,96,GARANHUNS,Transitar na contramão,Colisão frontal,Com Vítimas Feridas,Plena Noite,Crescente,Nublado,Simples,Reta;Aclive                   ,Sim,2,0,0,1,1,0,1,2,"-8,88021822","-36,48651678",SPRF-PE,DEL03-PE,UOP01-DEL03-PE
448379,2022-05-07,sábado,21:00:00,PE,101,54,PAULISTA,Pedestre andava na pista,Atropelamento de Pedestre,Com Vítimas Feridas,Plena Noite,Decrescente,Céu Claro,Dupla,Reta,Não,3,0,1,0,2,0,1,2,"-7,93961103","-34,90356584",SPRF-PE,DEL01-PE,UOP02-DEL01-PE
448412,2022-05-07,sábado,23:27:00,PE,232,10,JABOATAO DOS GUARARAPES,Ingestão de álcool pelo condutor,Saída de leito carroçável,Sem Vítimas,Plena Noite,Crescente,Nublado,Dupla,Reta,Não,1,0,0,0,1,0,0,1,"-8,07917241","-34,98718609",SPRF-PE,DEL01-PE,UOP01-DEL01-PE
448431,2022-05-08,domingo,03:20:00,PE,232,"409,6",SERRA TALHADA,Velocidade Incompatível,Queda de ocupante de veículo,Com Vítimas Feridas,Plena Noite,Decrescente,Céu Claro,Simples,Reta,Sim,1,0,1,0,0,0,1,1,"-7,981944","-38,289467",SPRF-PE,DEL04-PE,UOP01-DEL04-PE
448447,2022-05-08,domingo,04:34:00,PE,232,"9,8",JABOATAO DOS GUARARAPES,Ingestão de álcool pelo condutor,Saída de leito carroçável,Sem Vítimas,Amanhecer,Decrescente,Céu Claro,Dupla,Reta;Em Obras                 ,Sim,1,0,0,0,0,1,0,1,"-8,079231","-34,987078",SPRF-PE,DEL01-PE,UOP01-DEL01-PE
448450,2022-05-08,domingo,04:20:00,PE,232,"255,8",ARCOVERDE,Transitar na contramão,Colisão transversal,Com Vítimas Feridas,Amanhecer,Crescente,Garoa/Chuvisco,Simples,Curva,Não,3,0,1,1,1,0,2,2,"-8,4124021","-37,08493608",SPRF-PE,DEL04-PE,UOP02-DEL04-PE
448508,2022-05-08,domingo,12:20:00,PE,101,81,JABOATAO DOS GUARARAPES,Acessar a via sem observar a presença dos outros veículos,Colisão transversal,Com Vítimas Feridas,Pleno dia,Decrescente,Céu Claro,Múltipla,Reta,Sim,2,0,1,0,1,0,1,2,"-8,1597489","-34,94024569",SPRF-PE,DEL01-PE,UOP01-DEL01-PE
448550,2022-05-08,domingo,16:10:00,PE,232,"28,7",MORENO,Manobra de mudança de faixa,Colisão lateral mesmo sentido,Com Vítimas Feridas,Pleno dia,Decrescente,Céu Claro,Dupla,Reta,Não,2,0,1,0,0,1,1,2,"-8,11212","-35,140642",SPRF-PE,DEL01-PE,UOP01-DEL01-PE
448630,2022-05-08,domingo,20:00:00,PE,232,207,PESQUEIRA,Ingestão de álcool pelo condutor,Capotamento,Com Vítimas Feridas,Plena Noite,Decrescente,Nublado,Simples,Declive,Não,1,0,1,0,0,0,1,1,"-8,369249","-36,670749",SPRF-PE,DEL03-PE,UOP02-DEL03-PE
448660,2022-05-09,segunda-feira,01:40:00,PE,101,66,RECIFE,Ausência de reação do condutor,Colisão com objeto,Sem Vítimas,Plena Noite,Decrescente,Céu Claro,Múltipla,Retorno Regulamentado,Sim,2,0,0,0,0,2,0,1,"-8,03368534","-34,94184125",SPRF-PE,DEL01-PE,UOP01-DEL01-PE
448708,2022-05-09,segunda-feira,08:30:00,PE,101,65,RECIFE,Ausência de reação do condutor,Colisão traseira,Com Vítimas Feridas,Pleno dia,Crescente,Nublado,Dupla,Reta,Não,3,0,2,0,1,0,2,2,"-8,02478597","-34,94276635",SPRF-PE,DEL01-PE,UOP01-DEL01-PE
448721,2022-05-09,segunda-feira,10:18:00,PE,232,156,TACAIMBO,Conversão proibida,Colisão transversal,Com Vítimas Fatais,Pleno dia,Decrescente,Céu Claro,Simples,Reta,Não,5,1,4,0,0,0,4,2,"-8,32936019","-36,21722099",SPRF-PE,DEL03-PE,UOP02-DEL03-PE
448728,2022-05-09,segunda-feira,11:40:00,PE,101,76,RECIFE,Entrada inopinada do pedestre,Atropelamento de Pedestre,Sem Vítimas,Pleno dia,Crescente,Céu Claro,Dupla,Reta,Sim,3,0,0,0,1,2,0,2,"-8,11813811","-34,94329214",SPRF-PE,DEL01-PE,UOP01-DEL01-PE
448762,2022-05-09,segunda-feira,14:55:00,PE,101,"65,4",RECIFE,Condutor deixou de manter distância do veículo da frente,Colisão traseira,Com Vítimas Feridas,Pleno dia,Crescente,Nublado,Múltipla,Reta,Sim,3,0,1,0,2,0,1,3,"-8,02478597","-34,94276635",SPRF-PE,DEL01-PE,UOP01-DEL01-PE
448782,2022-05-09,segunda-feira,16:05:00,PE,424,"83,6",GARANHUNS,Ultrapassagem Indevida,Atropelamento de Pedestre,Com Vítimas Feridas,Pleno dia,Decrescente,Céu Claro,Simples,Curva,Não,3,0,0,1,1,1,1,2,"-8,84593423","-36,52457016",SPRF-PE,DEL03-PE,UOP01-DEL03-PE
448848,2022-05-09,segunda-feira,21:05:00,PE,423,18,SAO CAITANO,Condutor deixou de manter distância do veículo da frente,Colisão traseira,Com Vítimas Feridas,Plena Noite,Crescente,Céu Claro,Simples,Reta,Sim,3,0,1,1,0,1,2,2,"-8,33033097","-36,14470299",SPRF-PE,DEL03-PE,UOP02-DEL03-PE
448858,2022-05-09,segunda-feira,22:05:00,PE,423,122,PARANATAMA,Ingestão de álcool e/ou substâncias psicoativas pelo pedestre,Colisão frontal,Com Vítimas Feridas,Plena Noite,Crescente,Céu Claro,Simples,Reta,Não,3,0,2,1,0,0,3,2,"-8,91969478","-36,71197083",SPRF-PE,DEL03-PE,UOP01-DEL03-PE
448868,2022-05-10,terça-feira,04:10:00,PE,101,"44,9",IGARASSU,Animais na Pista,Atropelamento de Animal,Sem Vítimas,Anoitecer,Decrescente,Céu Claro,Múltipla,Reta,Sim,1,0,0,0,1,0,0,1,"-7,85637001","-34,90842109",SPRF-PE,DEL01-PE,UOP02-DEL01-PE
448889,2022-05-10,terça-feira,08:55:00,PE,101,51,ABREU E LIMA,Reação tardia ou ineficiente do condutor,Colisão traseira,Com Vítimas Feridas,Pleno dia,Crescente,Sol,Múltipla,Reta,Sim,2,0,1,0,1,0,1,2,"-7,9169968","-34,89689272",SPRF-PE,DEL01-PE,UOP02-DEL01-PE
448901,2022-02-13,domingo,01:15:00,PE,232,181,BELO JARDIM,Transitar na contramão,Colisão frontal,Com Vítimas Feridas,Plena Noite,Crescente,Céu Claro,Simples,Reta;Interseção de Vias       ,Sim,3,0,0,3,0,0,3,2,"-8,34721","-36,442201",SPRF-PE,DEL02-PE,UOP03-DEL02-PE
448906,2022-02-14,segunda-feira,00:00:00,PE,232,"61,7",POMBOS,Ingestão de álcool pelo condutor,Tombamento,Sem Vítimas,Plena Noite,Crescente,Céu Claro,Dupla,Curva,Não,1,0,0,0,1,0,0,1,"-8,1519066","-35,4153532",SPRF-PE,DEL02-PE,UOP02-DEL02PE
448922,2022-02-13,domingo,19:00:00,PE,101,180,JOAQUIM NABUCO,Condutor deixou de manter distância do veículo da frente,Colisão traseira,Com Vítimas Fatais,Plena Noite,Crescente,Céu Claro,Dupla,Reta,Não,2,1,0,0,1,0,0,2,"-8,635238","-35,560932",SPRF-PE,DEL01-PE,UOP01-DEL01-PE
449000,2022-05-10,terça-feira,18:32:00,PE,104,"21,7",TAQUARITINGA DO NORTE,Manobra de mudança de faixa,Colisão frontal,Com Vítimas Feridas,Plena Noite,Decrescente,Céu Claro,Simples,Reta,Sim,3,0,0,1,2,0,1,2,"-7,967257","-36,116974",SPRF-PE,DEL02-PE,UOP01-DEL02-PE
449015,2022-04-20,quarta-feira,06:40:00,PE,101,"76,6",RECIFE,Reação tardia ou ineficiente do condutor,Colisão traseira,Com Vítimas Feridas,Pleno dia,Crescente,Chuva,Dupla,Declive;Reta                  ,Sim,1,0,1,0,0,0,1,1,"-8,12600087","-34,94394506",SPRF-PE,DEL01-PE,UOP01-DEL01-PE
449047,2022-05-11,quarta-feira,01:14:00,PE,408,100,SAO LOURENCO DA MATA,Reação tardia ou ineficiente do condutor,Saída de leito carroçável,Sem Vítimas,Plena Noite,Decrescente,Nublado,Múltipla,Curva,Sim,1,0,0,0,0,1,0,1,"-8,04364056","-35,01674995",SPRF-PE,DEL01-PE,UOP01-DEL01-PE
449064,2022-05-11,quarta-feira,07:35:00,PE,101,68,RECIFE,Condutor deixou de manter distância do veículo da frente,Queda de ocupante de veículo,Com Vítimas Feridas,Pleno dia,Crescente,Garoa/Chuvisco,Dupla,Reta;Aclive                   ,Sim,1,0,1,0,0,0,1,1,"-8,051013","-34,946072",SPRF-PE,DEL01-PE,UOP01-DEL01-PE
449074,2022-05-11,quarta-feira,08:30:00,PE,101,27,IGARASSU,Demais falhas mecânicas ou elétricas,Tombamento,Com Vítimas Feridas,Pleno dia,Crescente,Nublado,Dupla,Reta,Não,2,0,2,0,0,0,2,1,"-7,71433379","-34,93478417",SPRF-PE,DEL01-PE,UOP02-DEL01-PE
449076,2022-05-11,quarta-feira,08:55:00,PE,104,65,CARUARU,Reação tardia ou ineficiente do condutor,Colisão lateral mesmo sentido,Com Vítimas Feridas,Pleno dia,Decrescente,Céu Claro,Múltipla,Interseção de Vias,Sim,2,0,1,0,1,0,1,2,"-8,27611131","-35,98226309",SPRF-PE,DEL02-PE,UOP01-DEL02-PE
449123,2022-02-12,sábado,16:45:00,PE,316,19,ARARIPINA,Chuva,Saída de leito carroçável,Sem Vítimas,Pleno dia,Decrescente,Céu Claro,Simples,Reta,Não,1,0,0,0,0,1,0,1,"-7,55297709","-40,53977312",SPRF-PE,DEL05-PE,UOP02-DEL05-PE
449155,2022-05-11,quarta-feira,11:15:00,PE,101,192,PALMARES,Velocidade Incompatível,Capotamento,Com Vítimas Feridas,Pleno dia,Decrescente,Chuva,Dupla,Reta,Não,2,0,0,1,1,0,1,1,"-8,71282291","-35,60955915",SPRF-PE,DEL01-PE,UOP03-DEL01-PE
449209,2022-05-11,quarta-feira,13:20:00,PE,424,69,CAETES,Ausência de reação do condutor,Colisão traseira,Com Vítimas Feridas,Pleno dia,Decrescente,Céu Claro,Simples,Reta,Sim,3,0,1,0,2,0,1,2,"-8,77398589","-36,62798492",SPRF-PE,DEL03-PE,UOP01-DEL03-PE
449225,2022-05-11,quarta-feira,15:30:00,PE,101,"69,8",RECIFE,Manobra de mudança de faixa,Colisão traseira,Com Vítimas Feridas,Pleno dia,Decrescente,Céu Claro,Dupla,Viaduto,Sim,2,0,1,0,1,0,1,2,"-8,065841","-34,943433",SPRF-PE,DEL01-PE,UOP01-DEL01-PE
449307,2022-05-11,quarta-feira,21:09:00,PE,104,64,CARUARU,Ausência de reação do condutor,Colisão transversal,Com Vítimas Feridas,Plena Noite,Crescente,Garoa/Chuvisco,Dupla,Interseção de Vias,Sim,2,0,0,1,1,0,1,2,"-8,2783","-35,9815",SPRF-PE,DEL02-PE,UOP01-DEL02-PE
449310,2022-05-11,quarta-feira,21:55:00,PE,232,"94,8",SAIRE,Curva acentuada,Saída de leito carroçável,Sem Vítimas,Plena Noite,Crescente,Céu Claro,Dupla,Curva,Não,1,0,0,0,1,0,0,1,"-8,22473335","-35,69081624",SPRF-PE,DEL02-PE,UOP02-DEL02PE
449378,2022-05-12,quinta-feira,08:40:00,PE,423,20,SAO CAITANO,Reação tardia ou ineficiente do condutor,Capotamento,Com Vítimas Feridas,Pleno dia,Crescente,Céu Claro,Simples,Curva,Não,1,0,1,0,0,0,1,1,"-8,33932508","-36,15909991",SPRF-PE,DEL03-PE,UOP02-DEL03-PE
449425,2022-05-12,quinta-feira,14:20:00,PE,101,"68,1",RECIFE,Condutor deixou de manter distância do veículo da frente,Colisão traseira,Com Vítimas Feridas,Pleno dia,Decrescente,Nublado,Múltipla,Viaduto,Sim,3,0,2,0,1,0,2,2,"-8,03368534","-34,94184125",SPRF-PE,DEL01-PE,UOP01-DEL01-PE
449462,2022-05-12,quinta-feira,18:00:00,PE,232,410,SERRA TALHADA,Transitar no acostamento,Colisão transversal,Com Vítimas Feridas,Plena Noite,Decrescente,Céu Claro,Simples,Reta,Sim,2,0,1,0,1,0,1,2,"-7,98261841","-38,30039606",SPRF-PE,DEL04-PE,UOP01-DEL04-PE
449532,2022-05-13,sexta-feira,02:20:00,PE,101,66,RECIFE,Estacionar ou parar em local proibido,Colisão com objeto,Com Vítimas Feridas,Plena Noite,Decrescente,Nublado,Dupla,Reta,Sim,1,0,1,0,0,0,1,1,"-8,03368534","-34,94184125",SPRF-PE,DEL01-PE,UOP01-DEL01-PE
449534,2022-05-13,sexta-feira,05:30:00,PE,101,"42,1",IGARASSU,Acessar a via sem observar a presença dos outros veículos,Colisão transversal,Sem Vítimas,Pleno dia,Decrescente,Céu Claro,Múltipla,Reta;Retorno Regulamentado    ,Sim,2,0,0,0,1,1,0,2,"-7,83887431","-34,91196739",SPRF-PE,DEL01-PE,UOP02-DEL01-PE
449600,2022-05-13,sexta-feira,11:15:00,PE,104,"1,8",TAQUARITINGA DO NORTE,Velocidade Incompatível,Saída de leito carroçável,Com Vítimas Feridas,Pleno dia,Crescente,Chuva,Simples,Curva,Não,1,0,0,1,0,0,1,1,"-7,792624","-36,101326",SPRF-PE,DEL02-PE,UOP01-DEL02-PE
449652,2022-05-13,sexta-feira,17:30:00,PE,408,86,PAUDALHO,Ausência de reação do condutor,Saída de leito carroçável,Com Vítimas Feridas,Anoitecer,Crescente,Céu Claro,Múltipla,Reta,Sim,4,0,3,0,1,0,3,1,"-7,96010995","-35,09554697",SPRF-PE,DEL01-PE,UOP01-DEL01-PE
449675,2022-05-13,sexta-feira,19:30:00,PE,423,78,JUCATI,Reação tardia ou ineficiente do condutor,Colisão traseira,Sem Vítimas,Plena Noite,Crescente,Garoa/Chuvisco,Simples,Declive,Sim,2,0,0,0,1,1,0,2,"-8,74910298","-36,43120556",SPRF-PE,DEL03-PE,UOP01-DEL03-PE
449677,2022-05-13,sexta-feira,20:00:00,PE,423,85,SAO JOAO,Deficiência do Sistema de Iluminação/Sinalização,Colisão frontal,Com Vítimas Feridas,Plena Noite,Crescente,Garoa/Chuvisco,Simples,Reta,Não,2,0,0,1,1,0,1,2,"-8,80610593","-36,44168015",SPRF-PE,DEL03-PE,UOP01-DEL03-PE
449742,2022-05-14,sábado,05:15:00,PE,428,"183,7",PETROLINA,Objeto estático sobre o leito carroçável,Colisão com objeto,Com Vítimas Feridas,Plena Noite,Decrescente,Céu Claro,Simples,Reta,Sim,1,0,0,1,0,0,1,1,"-9,3374287","-40,46894041",SPRF-PE,DEL06-PE,UOP01-DEL06-PE
449785,2022-05-14,sábado,10:20:00,PE,232,16,JABOATAO DOS GUARARAPES,Acumulo de água sobre o pavimento,Colisão lateral mesmo sentido,Com Vítimas Feridas,Pleno dia,Decrescente,Chuva,Dupla,Reta,Sim,2,0,1,0,1,0,1,2,"-8,09414193","-35,03716601",SPRF-PE,DEL01-PE,UOP01-DEL01-PE
449983,2022-05-15,domingo,08:00:00,PE,408,103,RECIFE,Demais falhas mecânicas ou elétricas,Incêndio,Sem Vítimas,Pleno dia,Crescente,Chuva,Múltipla,Aclive;Reta                   ,Não,1,0,0,0,1,0,0,1,"-8,05746154","-34,99468175",SPRF-PE,DEL01-PE,UOP01-DEL01-PE
450086,2022-05-15,domingo,18:15:00,PE,104,20,TAQUARITINGA DO NORTE,Entrada inopinada do pedestre,Atropelamento de Pedestre,Com Vítimas Fatais,Plena Noite,Crescente,Nublado,Simples,Curva,Sim,2,1,0,0,0,1,0,2,"-7,956497","-36,128529",SPRF-PE,DEL02-PE,UOP01-DEL02-PE
450093,2022-05-15,domingo,18:30:00,PE,428,173,PETROLINA,Ausência de reação do condutor,Colisão traseira,Com Vítimas Feridas,Plena Noite,Decrescente,Céu Claro,Simples,Reta,Não,2,0,0,1,0,1,1,2,"-9,24429991","-40,42112617",SPRF-PE,DEL06-PE,UOP01-DEL06-PE
450167,2022-05-16,segunda-feira,03:00:00,PE,232,"144,1",SAO CAITANO,Ingestão de álcool pelo condutor,Queda de ocupante de veículo,Com Vítimas Feridas,Plena Noite,Crescente,Céu Claro,Simples,Reta,Não,2,0,0,2,0,0,2,1,"-8,32522249","-36,11250878",SPRF-PE,DEL03-PE,UOP02-DEL03-PE
450178,2022-05-16,segunda-feira,05:50:00,PE,232,"108,5",BEZERROS,Condutor Dormindo,Saída de leito carroçável,Com Vítimas Feridas,Pleno dia,Crescente,Céu Claro,Dupla,Reta,Não,3,0,2,0,1,0,2,1,"-8,27730042","-35,80768347",SPRF-PE,DEL02-PE,UOP02-DEL02PE
450200,2022-05-16,segunda-feira,07:49:00,PE,101,82,JABOATAO DOS GUARARAPES,Condutor deixou de manter distância do veículo da frente,Engavetamento,Com Vítimas Feridas,Pleno dia,Crescente,Céu Claro,Dupla,Reta,Sim,5,0,2,0,3,0,2,3,"-8,168383","-34,9376",SPRF-PE,DEL01-PE,UOP01-DEL01-PE
450205,2022-05-16,segunda-feira,08:40:00,PE,101,"41,9",IGARASSU,Ausência de reação do condutor,Saída de leito carroçável,Com Vítimas Feridas,Pleno dia,Crescente,Nublado,Múltipla,Reta,Não,5,0,1,0,4,0,1,1,"-7,83887431","-34,91196739",SPRF-PE,DEL01-PE,UOP02-DEL01-PE
450255,2022-05-16,segunda-feira,13:00:00,PE,101,79,JABOATAO DOS GUARARAPES,Manobra de mudança de faixa,Colisão traseira,Com Vítimas Feridas,Pleno dia,Decrescente,Sol,Dupla,Reta,Sim,2,0,1,0,0,1,1,2,"-8,14366112","-34,94723453",SPRF-PE,DEL01-PE,UOP01-DEL01-PE
450288,2022-05-16,segunda-feira,17:25:00,PE,101,79,RECIFE,Transitar no acostamento,Atropelamento de Pedestre,Com Vítimas Feridas,Plena Noite,Decrescente,Céu Claro,Dupla,Curva,Sim,3,0,1,0,2,0,1,2,"-8,14366112","-34,94723453",SPRF-PE,DEL01-PE,UOP01-DEL01-PE
450299,2022-05-16,segunda-feira,13:45:00,PE,101,"133,8",ESCADA,Reação tardia ou ineficiente do condutor,Saída de leito carroçável,Com Vítimas Feridas,Pleno dia,Decrescente,Céu Claro,Dupla,Reta,Não,1,0,1,0,0,0,1,1,"-8,409712","-35,285527",SPRF-PE,DEL01-PE,UOP03-DEL01-PE
450323,2022-05-16,segunda-feira,17:50:00,PE,101,"184,3",PALMARES,Reação tardia ou ineficiente do condutor,Atropelamento de Pedestre,Com Vítimas Feridas,Anoitecer,Decrescente,Céu Claro,Dupla,Reta,Não,2,0,0,2,0,0,2,2,"-8,66602702","-35,57292197",SPRF-PE,DEL01-PE,UOP03-DEL01-PE
450351,2022-05-16,segunda-feira,12:40:00,PE,101,"123,8",ESCADA,Condutor deixou de manter distância do veículo da frente,Colisão traseira,Sem Vítimas,Pleno dia,Crescente,Céu Claro,Dupla,Interseção de Vias,Sim,2,0,0,0,1,1,0,2,"-8,35963442","-35,20419694",SPRF-PE,DEL01-PE,UOP03-DEL01-PE
450374,2022-05-17,terça-feira,05:20:00,PE,101,82,JABOATAO DOS GUARARAPES,Manobra de mudança de faixa,Queda de ocupante de veículo,Com Vítimas Feridas,Pleno dia,Decrescente,Céu Claro,Dupla,Interseção de Vias,Sim,2,0,1,0,1,0,1,1,"-8,168383","-34,9376",SPRF-PE,DEL01-PE,UOP01-DEL01-PE
450380,2022-05-17,terça-feira,08:15:00,PE,101,72,RECIFE,Mal súbito do condutor,Saída de leito carroçável,Com Vítimas Feridas,Pleno dia,Decrescente,Céu Claro,Dupla,Reta,Sim,1,0,0,1,0,0,1,1,"-8,093556","-34,947819",SPRF-PE,DEL01-PE,UOP01-DEL01-PE
450465,2022-05-17,terça-feira,17:49:00,PE,101,145,RIBEIRAO,Acesso irregular,Colisão transversal,Com Vítimas Fatais,Anoitecer,Decrescente,Céu Claro,Dupla,Reta,Não,2,1,0,0,1,0,0,2,"-8,46213","-35,366471",SPRF-PE,DEL01-PE,UOP03-DEL01-PE
450471,2022-05-17,terça-feira,18:00:00,PE,101,"62,4",RECIFE,Reação tardia ou ineficiente do condutor,Colisão traseira,Com Vítimas Feridas,Plena Noite,Decrescente,Céu Claro,Dupla,Reta,Sim,2,0,1,0,1,0,1,2,"-7,99905898","-34,93899295",SPRF-PE,DEL01-PE,UOP02-DEL01-PE
450482,2022-05-17,terça-feira,17:40:00,PE,104,"83,6",AGRESTINA,Ultrapassagem Indevida,Colisão frontal,Com Vítimas Feridas,Plena Noite,Decrescente,Céu Claro,Simples,Reta,Não,2,0,0,1,1,0,1,2,"-8,422589","-35,963135",SPRF-PE,DEL02-PE,UOP01-DEL02-PE
450503,2022-05-17,terça-feira,21:55:00,PE,104,65,CARUARU,Animais na Pista,Tombamento,Com Vítimas Feridas,Plena Noite,Decrescente,Céu Claro,Dupla,Reta;Viaduto                  ,Sim,3,0,3,0,0,0,3,1,"-8,2867","-35,9838",SPRF-PE,DEL02-PE,UOP01-DEL02-PE