id,data_inversa,dia_semana,horario,uf,br,km,municipio,causa_acidente,tipo_acidente,classificacao_acidente,fase_dia,sentido_via,condicao_metereologica,tipo_pista,tracado_via,uso_solo,pessoas,mortos,feridos_leves,feridos_graves,ilesos,ignorados,feridos,veiculos,latitude,longitude,regional,delegacia,uop
453528,2022-06-02,quinta-feira,18:15:00,PE,232,"112,1",BEZERROS,Ausência de reação do condutor,Saída de leito carroçável,Sem Vítimas,Pleno dia,Crescente,Nublado,Dupla,Curva,Não,1,0,0,0,0,1,0,1,"-8,29729696","-35,83146101",SPRF-PE,DEL02-PE,UOP02-DEL02PE
453551,2022-06-02,quinta-feira,21:20:00,PE,232,"115,7",CARUARU,Manobra de mudança de faixa,Colisão lateral mesmo sentido,Sem Vítimas,Plena Noite,Crescente,Céu Claro,Dupla,Reta,Não,5,0,0,0,5,0,0,2,"-8,29851022","-35,85780302",SPRF-PE,DEL02-PE,UOP01-DEL02-PE
453620,2022-06-02,quinta-feira,15:00:00,PE,101,"60,6",RECIFE,Ausência de reação do condutor,Colisão com objeto,Sem Vítimas,Pleno dia,Crescente,Nublado,Dupla,Reta,Não,3,0,0,0,3,0,0,1,"-7,98344307","-34,93176727",SPRF-PE,DEL01-PE,UOP02-DEL01-PE
453653,2022-05-14,sábado,05:19:00,PE,232,"37,7",VITORIA DE SANTO ANTAO,Condutor Dormindo,Saída de leito carroçável,Com Vítimas Feridas,Amanhecer,Crescente,Nublado,Dupla,Reta,Não,1,0,1,0,0,0,1,1,"-8,11285511","-35,20988897",SPRF-PE,DEL01-PE,UOP01-DEL01-PE
453662,2022-06-03,sexta-feira,11:00:00,PE,104,"1,7",TAQUARITINGA DO NORTE,Acumulo de água sobre o pavimento,Capotamento,Com Vítimas Feridas,Pleno dia,Decrescente,Garoa/Chuvisco,Simples,Curva,Não,1,0,1,0,0,0,1,1,"-7,798334","-36,099885",SPRF-PE,DEL02-PE,UOP01-DEL02-PE
453672,2022-06-03,sexta-feira,13:15:00,PE,424,68,CAETES,Ausência de reação do condutor,Colisão traseira,Com Vítimas Feridas,Pleno dia,Crescente,Garoa/Chuvisco,Simples,Reta,Sim,2,0,0,1,1,0,1,2,"-8,772056","-36,630847",SPRF-PE,DEL03-PE,UOP01-DEL03-PE
453704,2022-06-03,sexta-feira,18:15:00,PE,428,186,PETROLINA,Pista em desnível,Tombamento,Com Vítimas Feridas,Plena Noite,Crescente,Céu Claro,Simples,Em Obras,Sim,1,0,1,0,0,0,1,1,"-9,34807826","-40,47441248",SPRF-PE,DEL06-PE,UOP01-DEL06-PE
453731,2022-06-03,sexta-feira,20:00:00,PE,428,188,PETROLINA,Reação tardia ou ineficiente do condutor,Colisão com objeto,Com Vítimas Feridas,Plena Noite,Decrescente,Céu Claro,Simples,Reta,Sim,1,0,1,0,0,0,1,1,"-9,36400596","-40,48266808",SPRF-PE,DEL06-PE,UOP01-DEL06-PE
453735,2022-06-03,sexta-feira,16:30:00,PE,316,59,TRINDADE,Condutor Dormindo,Colisão com objeto,Com Vítimas Feridas,Anoitecer,Crescente,Nublado,Simples,Reta,Não,1,0,1,0,0,0,1,1,"-7,76160912","-40,26138334",SPRF-PE,DEL05-PE,UOP02-DEL05-PE
453764,2022-06-03,sexta-feira,22:50:00,PE,424,"79,9",GARANHUNS,Ingestão de álcool pelo condutor,Queda de ocupante de veículo,Com Vítimas Feridas,Plena Noite,Crescente,Chuva,Simples,Reta,Não,1,0,0,1,0,0,1,1,"-8,82538475","-36,55412583",SPRF-PE,DEL03-PE,UOP01-DEL03-PE
453793,2022-06-04,sábado,02:45:00,PE,424,14,PEDRA,Reação tardia ou ineficiente do condutor,Colisão traseira,Sem Vítimas,Amanhecer,Crescente,Garoa/Chuvisco,Simples,Reta,Sim,3,0,0,0,2,1,0,3,"-8,49873612","-36,97444401",SPRF-PE,DEL04-PE,UOP02-DEL04-PE
453862,2022-06-04,sábado,12:56:00,PE,232,"55,8",POMBOS,Ausência de reação do condutor,Saída de leito carroçável,Com Vítimas Feridas,Pleno dia,Decrescente,Chuva,Dupla,Reta,Não,2,0,0,2,0,0,2,1,"-8,13255758","-35,36570027",SPRF-PE,DEL02-PE,UOP02-DEL02PE
453882,2022-06-04,sábado,15:35:00,PE,101,44,IGARASSU,Ingestão de álcool pelo condutor,Colisão traseira,Com Vítimas Feridas,Pleno dia,Crescente,Chuva,Múltipla,Reta,Sim,3,0,1,0,2,0,1,2,"-7,85637001","-34,90842109",SPRF-PE,DEL01-PE,UOP02-DEL01-PE
453909,2022-06-04,sábado,17:20:00,PE,232,"86,8",GRAVATA,Acessar a via sem observar a presença dos outros veículos,Colisão traseira,Com Vítimas Feridas,Pleno dia,Decrescente,Céu Claro,Dupla,Reta,Não,2,0,1,0,1,0,1,2,"-8,21286855","-35,62011813",SPRF-PE,DEL02-PE,UOP02-DEL02PE
453913,2022-06-04,sábado,17:15:00,PE,232,245,ARCOVERDE,Ingestão de álcool pelo condutor,Colisão frontal,Com Vítimas Feridas,Anoitecer,Crescente,Chuva,Simples,Declive,Não,4,0,1,1,2,0,2,2,"-8,41869672","-37,00744604",SPRF-PE,DEL04-PE,UOP02-DEL04-PE
453916,2022-06-04,sábado,17:30:00,PE,104,"78,5",AGRESTINA,Transitar na contramão,Colisão frontal,Com Vítimas Feridas,Anoitecer,Crescente,Chuva,Simples,Declive;Reta                  ,Não,2,0,2,0,0,0,2,2,"-8,384866","-35,982338",SPRF-PE,DEL02-PE,UOP01-DEL02-PE
453927,2022-06-04,sábado,18:30:00,PE,101,"61,3",RECIFE,Condutor deixou de manter distância do veículo da frente,Colisão traseira,Com Vítimas Feridas,Plena Noite,Decrescente,Nublado,Dupla,Reta,Sim,2,0,1,0,0,1,1,2,"-7,994094","-34,937675",SPRF-PE,DEL01-PE,UOP02-DEL01-PE
453935,2022-06-04,sábado,17:50:00,PE,408,"56,8",NAZARE DA MATA,Transitar na contramão,Colisão lateral sentido oposto,Com Vítimas Feridas,Plena Noite,Decrescente,Nublado,Simples,Reta,Não,2,0,1,1,0,0,2,2,"-7,77994878","-35,23919365",SPRF-PE,DEL01-PE,UOP01-DEL01-PE
453940,2022-06-04,sábado,19:45:00,PE,232,"177,2",BELO JARDIM,Pedestre cruzava a pista fora da faixa,Atropelamento de Pedestre,Com Vítimas Feridas,Plena Noite,Crescente,Céu Claro,Simples,Reta,Não,3,0,1,2,0,0,3,2,"-8,34884045","-36,4032249",SPRF-PE,DEL03-PE,UOP02-DEL03-PE
453948,2022-06-04,sábado,20:42:00,PE,232,414,SERRA TALHADA,Transitar na contramão,Colisão frontal,Com Vítimas Feridas,Plena Noite,Crescente,Nublado,Simples,Declive,Não,2,0,1,0,0,1,1,2,"-7,99236282","-38,33750809",SPRF-PE,DEL04-PE,UOP01-DEL04-PE
453987,2022-06-04,sábado,23:45:00,PE,101,74,RECIFE,Ingestão de álcool ou de substâncias psicoativas pelo pedestre,Atropelamento de Pedestre,Com Vítimas Feridas,Plena Noite,Crescente,Chuva,Dupla,Curva,Não,4,0,1,1,2,0,2,4,"-8,10146485","-34,94901577",SPRF-PE,DEL01-PE,UOP01-DEL01-PE
454023,2022-05-07,sábado,06:05:00,PE,232,105,BEZERROS,Mal súbito do condutor,Saída de leito carroçável,Com Vítimas Feridas,Pleno dia,Crescente,Nublado,Dupla,Curva,Não,1,0,0,1,0,0,1,1,"-8,25830415","-35,78275595",SPRF-PE,DEL02-PE,UOP02-DEL02PE
454056,2022-06-05,domingo,08:58:00,PE,232,"39,4",VITORIA DE SANTO ANTAO,Velocidade Incompatível,Tombamento,Com Vítimas Feridas,Pleno dia,Crescente,Céu Claro,Dupla,Reta,Não,1,0,1,0,0,0,1,1,"-8,11725249","-35,2270359",SPRF-PE,DEL01-PE,UOP01-DEL01-PE
454065,2022-06-05,domingo,09:00:00,PE,232,96,BEZERROS,Demais falhas na via,Capotamento,Com Vítimas Feridas,Pleno dia,Decrescente,Céu Claro,Dupla,Reta,Não,2,0,2,0,0,0,2,1,"-8,23076854","-35,70778281",SPRF-PE,DEL02-PE,UOP02-DEL02PE
454096,2022-06-05,domingo,13:50:00,PE,232,"57,3",POMBOS,Ingestão de álcool pelo condutor,Colisão traseira,Sem Vítimas,Pleno dia,Crescente,Céu Claro,Dupla,Retorno Regulamentado;Reta    ,Não,2,0,0,0,1,1,0,2,"-8,13762681","-35,37336212",SPRF-PE,DEL02-PE,UOP02-DEL02PE
454107,2022-06-05,domingo,12:20:00,PE,424,"11,7",PEDRA,Demais falhas mecânicas ou elétricas,Incêndio,Sem Vítimas,Pleno dia,Crescente,Sol,Simples,Reta,Não,1,0,0,0,0,1,0,1,"-8,49726767","-37,00122198",SPRF-PE,DEL04-PE,UOP02-DEL04-PE
454112,2022-06-05,domingo,16:00:00,PE,232,"77,9",GRAVATA,Ingestão de álcool pelo condutor,Saída de leito carroçável,Sem Vítimas,Pleno dia,Crescente,Céu Claro,Dupla,Reta,Sim,1,0,0,0,0,1,0,1,"-8,19343863","-35,54300692",SPRF-PE,DEL02-PE,UOP02-DEL02PE
454156,2022-06-05,domingo,19:05:00,PE,232,275,SERTANIA,Manobra de mudança de faixa,Colisão frontal,Com Vítimas Fatais,Plena Noite,Crescente,Céu Claro,Simples,Reta,Não,3,2,0,1,0,0,1,2,"-8,37767902","-37,25556603",SPRF-PE,DEL04-PE,UOP02-DEL04-PE
454159,2022-06-05,domingo,17:47:00,PE,428,185,PETROLINA,Ausência de sinalização,Saída de leito carroçável,Com Vítimas Feridas,Anoitecer,Crescente,Céu Claro,Simples,Em Obras,Sim,1,0,0,1,0,0,1,1,"-9,34009199","-40,47032001",SPRF-PE,DEL06-PE,UOP01-DEL06-PE
454174,2022-06-05,domingo,21:00:00,PE,232,"99,9",BEZERROS,Ingestão de álcool pelo condutor,Tombamento,Com Vítimas Feridas,Plena Noite,Crescente,Céu Claro,Simples,Retorno Regulamentado;Interseç,Sim,2,0,0,2,0,0,2,1,"-8,2367277","-35,73401605",SPRF-PE,DEL02-PE,UOP02-DEL02PE
454192,2022-06-05,domingo,22:40:00,PE,423,82,JUCATI,Ingestão de álcool pelo condutor,Colisão com objeto,Com Vítimas Feridas,Plena Noite,Crescente,Garoa/Chuvisco,Simples,Reta,Não,2,0,1,0,1,0,1,2,"-8,78236498","-36,43093004",SPRF-PE,DEL03-PE,UOP01-DEL03-PE
454260,2022-06-06,segunda-feira,09:49:00,PE,232,"8,5",JABOATAO DOS GUARARAPES,Pista esburacada,Queda de ocupante de veículo,Com Vítimas Feridas,Pleno dia,Crescente,Chuva,Dupla,Em Obras;Aclive               ,Sim,1,0,0,1,0,0,1,1,"-8,07583727","-34,97015791",SPRF-PE,DEL01-PE,UOP01-DEL01-PE
454261,2022-06-06,segunda-feira,10:10:00,PE,428,192,PETROLINA,Condutor deixou de manter distância do veículo da frente,Colisão traseira,Sem Vítimas,Pleno dia,Crescente,Céu Claro,Dupla,Reta,Sim,3,0,0,0,3,0,0,3,"-9,38677993","-40,52459674",SPRF-PE,DEL06-PE,UOP01-DEL06-PE
454265,2022-06-06,segunda-feira,11:19:00,PE,232,"180,1",BELO JARDIM,Pista Escorregadia,Queda de ocupante de veículo,Com Vítimas Feridas,Pleno dia,Decrescente,Chuva,Simples,Reta,Sim,1,0,1,0,0,0,1,1,"-8,34449745","-36,4288801",SPRF-PE,DEL03-PE,UOP02-DEL03-PE
454282,2022-06-06,segunda-feira,11:20:00,PE,101,"42,6",IGARASSU,Manobra de mudança de faixa,Colisão lateral mesmo sentido,Com Vítimas Feridas,Pleno dia,Crescente,Chuva,Múltipla,Reta,Sim,3,0,1,0,2,0,1,2,"-7,844352","-34,91053",SPRF-PE,DEL01-PE,UOP02-DEL01-PE
454343,2022-05-17,terça-feira,17:10:00,PE,104,"17,4",TAQUARITINGA DO NORTE,Acessar a via sem observar a presença dos outros veículos,Colisão lateral mesmo sentido,Sem Vítimas,Anoitecer,Crescente,Céu Claro,Simples,Reta,Não,3,0,0,0,2,1,0,2,"-7,9351","-36,121634",SPRF-PE,DEL02-PE,UOP01-DEL02-PE
454357,2022-06-06,segunda-feira,16:30:00,PE,101,"103,4",CABO DE SANTO AGOSTINHO,Transitar na contramão,Colisão frontal,Com Vítimas Feridas,Anoitecer,Crescente,Chuva,Dupla,Aclive;Curva;Retorno Regulamen,Sim,3,0,1,0,2,0,1,2,"-8,29241321","-35,05598304",SPRF-PE,DEL01-PE,UOP03-DEL01-PE
454452,2022-06-07,terça-feira,12:00:00,PE,407,"120,9",PETROLINA,Ausência de reação do condutor,Colisão frontal,Com Vítimas Fatais,Pleno dia,Decrescente,Céu Claro,Simples,Reta,Não,3,2,0,0,0,1,0,2,"-9,33807091","-40,55965785",SPRF-PE,DEL06-PE,UOP01-DEL06-PE
454481,2022-06-07,terça-feira,15:06:00,PE,408,93,SAO LOURENCO DA MATA,Entrada inopinada do pedestre,Atropelamento de Pedestre,Com Vítimas Feridas,Pleno dia,Crescente,Céu Claro,Dupla,Reta,Sim,2,0,1,0,1,0,1,2,"-8,00201425","-35,05473707",SPRF-PE,DEL01-PE,UOP01-DEL01-PE
454498,2022-06-07,terça-feira,11:30:00,PE,110,"155,4",IBIMIRIM,Demais falhas mecânicas ou elétricas,Capotamento,Sem Vítimas,Pleno dia,Crescente,Nublado,Simples,Reta,Não,3,0,0,0,3,0,0,1,"-8,58090734","-37,7464677",SPRF-BA,DEL07-BA,UOP01-DEL07-BA
454586,2022-06-08,quarta-feira,07:45:00,PE,101,69,RECIFE,Reação tardia ou ineficiente do condutor,Colisão traseira,Com Vítimas Feridas,Pleno dia,Crescente,Céu Claro,Dupla,Reta,Sim,2,0,0,1,1,0,1,2,"-8,05951606","-34,94581024",SPRF-PE,DEL01-PE,UOP01-DEL01-PE
454616,2022-06-08,quarta-feira,10:23:00,PE,101,71,RECIFE,Reação tardia ou ineficiente do condutor,Saída de leito carroçável,Sem Vítimas,Pleno dia,Crescente,Céu Claro,Dupla,Reta,Sim,1,0,0,0,0,1,0,1,"-8,07945","-34,9431",SPRF-PE,DEL01-PE,UOP01-DEL01-PE
454622,2022-06-08,quarta-feira,11:30:00,PE,101,70,RECIFE,Acessar a via sem observar a presença dos outros veículos,Colisão transversal,Com Vítimas Feridas,Pleno dia,Crescente,Céu Claro,Dupla,Interseção de Vias,Sim,4,0,2,0,2,0,2,3,"-8,06776119","-34,94265074",SPRF-PE,DEL01-PE,UOP01-DEL01-PE
454688,2022-06-08,quarta-feira,17:30:00,PE,407,"122,7",PETROLINA,Acessar a via sem observar a presença dos outros veículos,Colisão transversal,Com Vítimas Feridas,Anoitecer,Decrescente,Céu Claro,Simples,Reta,Sim,2,0,1,0,1,0,1,2,"-9,35368726","-40,55051642",SPRF-PE,DEL06-PE,UOP01-DEL06-PE
454715,2022-06-08,quarta-feira,21:46:00,PE,101,43,IGARASSU,Acessar a via sem observar a presença dos outros veículos,Atropelamento de Pedestre,Com Vítimas Feridas,Plena Noite,Crescente,Céu Claro,Múltipla,Reta,Sim,2,0,0,1,0,1,1,2,"-7,849143","-34,90971",SPRF-PE,DEL01-PE,UOP02-DEL01-PE
454754,2022-05-11,quarta-feira,17:45:00,PE,104,58,CARUARU,Animais na Pista,Atropelamento de Animal,Com Vítimas Feridas,Anoitecer,Decrescente,Céu Claro,Dupla,Reta,Não,1,0,0,1,0,0,1,1,"-8,22586797","-35,97762823",SPRF-PE,DEL02-PE,UOP01-DEL02-PE
454768,2022-06-09,quinta-feira,09:00:00,PE,101,73,RECIFE,Velocidade Incompatível,Colisão transversal,Com Vítimas Feridas,Pleno dia,Decrescente,Nublado,Dupla,Reta,Sim,2,0,1,0,1,0,1,2,"-8,099225","-34,95005",SPRF-PE,DEL01-PE,UOP01-DEL01-PE
454807,2022-06-09,quinta-feira,11:00:00,PE,101,68,RECIFE,Reação tardia ou ineficiente do condutor,Colisão traseira,Com Vítimas Feridas,Pleno dia,Crescente,Céu Claro,Simples,Reta,Sim,2,0,1,0,1,0,1,2,"-8,05074296","-34,94580619",SPRF-PE,DEL01-PE,UOP01-DEL01-PE
454813,2022-06-09,quinta-feira,10:20:00,PE,104,95,AGRESTINA,Velocidade Incompatível,Saída de leito carroçável,Com Vítimas Feridas,Pleno dia,Decrescente,Sol,Simples,Declive,Não,1,0,0,1,0,0,1,1,"-8,522284","-35,940399",SPRF-PE,DEL02-PE,UOP03-DEL02-PE
454834,2022-06-06,segunda-feira,08:30:00,PE,,,RECIFE,Acesso irregular,Colisão com objeto,Sem Vítimas,Pleno dia,Não Informado,Chuva,Simples,Reta,Sim,1,0,0,0,1,0,0,1,"-8,095195","-34,8858157",SPRF-PE,,
454887,2022-06-09,quinta-feira,19:15:00,PE,232,540,TERRA NOVA,Ingestão de álcool pelo condutor,Queda de ocupante de veículo,Com Vítimas Feridas,Plena Noite,Crescente,Céu Claro,Simples,Reta,Sim,2,0,2,0,0,0,2,1,"-8,08314316","-39,40479496",SPRF-PE,DEL05-PE,UOP01-DEL05-PE
454928,2022-06-09,quinta-feira,23:10:00,PE,232,409,SERRA TALHADA,Ingestão de álcool pelo condutor,Colisão transversal,Com Vítimas Feridas,Plena Noite,Decrescente,Céu Claro,Simples,Curva,Sim,4,0,0,1,3,0,1,2,"-7,981944","-38,289467",SPRF-PE,DEL04-PE,UOP01-DEL04-PE
454986,2022-06-10,sexta-feira,09:40:00,PE,423,"60,7",LAJEDO,Condutor deixou de manter distância do veículo da frente,Colisão traseira,Sem Vítimas,Pleno dia,Crescente,Céu Claro,Simples,Reta,Não,2,0,0,0,2,0,0,2,"-8,65394006","-36,32109791",SPRF-PE,DEL03-PE,UOP01-DEL03-PE
454992,2022-06-10,sexta-feira,11:30:00,PE,232,28,MORENO,Acumulo de água sobre o pavimento,Colisão transversal,Sem Vítimas,Pleno dia,Crescente,Céu Claro,Dupla,Reta,Não,2,0,0,0,2,0,0,2,"-8,11457101","-35,09513855",SPRF-PE,DEL01-PE,UOP01-DEL01-PE
454998,2022-06-10,sexta-feira,12:00:00,PE,104,"137,6",QUIPAPA,Transitar na contramão,Colisão lateral sentido oposto,Com Vítimas Fatais,Pleno dia,Decrescente,Nublado,Simples,Aclive,Não,2,1,1,0,0,0,1,2,"-8,82924","-36,037376",SPRF-PE,DEL02-PE,UOP03-DEL02-PE
455059,2022-06-10,sexta-feira,16:46:00,PE,232,"4,5",RECIFE,Condutor deixou de manter distância do veículo da frente,Colisão traseira,Sem Vítimas,Pleno dia,Crescente,Céu Claro,Múltipla,Viaduto,Não,2,0,0,0,2,0,0,2,"-8,066433","-34,94149",SPRF-PE,DEL01-PE,UOP01-DEL01-PE
455079,2022-06-10,sexta-feira,19:00:00,PE,232,"95,4",SAIRE,Reação tardia ou ineficiente do condutor,Saída de leito carroçável,Com Vítimas Feridas,Plena Noite,Crescente,Nublado,Dupla,Reta,Não,2,0,1,1,0,0,2,1,"-8,22740988","-35,69941904",SPRF-PE,DEL02-PE,UOP02-DEL02PE
455123,2022-06-11,sábado,01:20:00,PE,101,"85,4",JABOATAO DOS GUARARAPES,Animais na Pista,Atropelamento de Animal,Com Vítimas Fatais,Plena Noite,Decrescente,Chuva,Simples,Reta,Sim,1,1,0,0,0,0,0,1,"-8,194137","-34,956638",SPRF-PE,DEL01-PE,UOP01-DEL01-PE
455204,2022-06-11,sábado,12:10:00,PE,423,"96,4",GARANHUNS,Mal súbito do condutor,Colisão traseira,Com Vítimas Feridas,Pleno dia,Crescente,Nublado,Simples,Reta;Aclive                   ,Sim,2,0,1,0,1,0,1,2,"-8,88021822","-36,48651678",SPRF-PE,DEL03-PE,UOP01-DEL03-PE
455213,2022-06-11,sábado,14:40:00,PE,232,"114,1",CARUARU,Acumulo de água sobre o pavimento,Capotamento,Com Vítimas Feridas,Pleno dia,Crescente,Chuva,Dupla,Curva,Sim,3,0,2,1,0,0,3,1,"-8,30028529","-35,84905306",SPRF-PE,DEL02-PE,UOP02-DEL02PE
455239,2022-06-11,sábado,18:00:00,PE,428,85,SANTA MARIA DA BOA VISTA,Transitar na contramão,Colisão frontal,Com Vítimas Fatais,Anoitecer,Decrescente,Nublado,Simples,Aclive,Não,3,1,2,0,0,0,2,2,"-8,795843","-39,837318",SPRF-PE,DEL06-PE,UOP03-DEL06-PE
455274,2022-06-11,sábado,21:00:00,PE,232,"288,6",SERTANIA,Deficiência do Sistema de Iluminação/Sinalização,Colisão traseira,Com Vítimas Fatais,Plena Noite,Crescente,Céu Claro,Simples,Reta,Não,3,2,0,0,0,1,0,2,"-8,31364762","-37,3583369",SPRF-PE,DEL04-PE,UOP02-DEL04-PE
455313,2022-06-12,domingo,02:00:00,PE,101,"67,8",RECIFE,Transitar na contramão,Saída de leito carroçável,Sem Vítimas,Plena Noite,Crescente,Garoa/Chuvisco,Dupla,Reta,Sim,2,0,0,0,0,2,0,1,"-8,042334","-34,943096",SPRF-PE,DEL01-PE,UOP01-DEL01-PE
455417,2022-06-12,domingo,16:15:00,PE,408,102,SAO LOURENCO DA MATA,Transitar no acostamento,Colisão lateral mesmo sentido,Com Vítimas Feridas,Pleno dia,Crescente,Sol,Dupla,Declive,Não,8,0,0,1,7,0,1,6,"-8,05323195","-35,00247996",SPRF-PE,DEL01-PE,UOP01-DEL01-PE
455465,2022-06-12,domingo,19:40:00,PE,232,17,JABOATAO DOS GUARARAPES,Acessar a via sem observar a presença dos outros veículos,Colisão transversal,Sem Vítimas,Plena Noite,Crescente,Céu Claro,Dupla,Reta,Não,2,0,0,0,2,0,0,1,"-8,09565382","-35,04585028",SPRF-PE,DEL01-PE,UOP01-DEL01-PE
455551,2022-06-13,segunda-feira,06:30:00,PE,101,139,RIBEIRAO,Acessar a via sem observar a presença dos outros veículos,Colisão lateral mesmo sentido,Com Vítimas Feridas,Pleno dia,Crescente,Nublado,Dupla,Reta,Não,2,0,1,0,0,1,1,2,"-8,42830525","-35,32242771",SPRF-PE,DEL01-PE,UOP03-DEL01-PE
455587,2022-06-13,segunda-feira,10:49:00,PE,101,68,RECIFE,Condutor deixou de manter distância do veículo da frente,Colisão traseira,Sem Vítimas,Pleno dia,Decrescente,Sol,Dupla,Viaduto,Sim,2,0,0,0,2,0,0,2,"-8,05074296","-34,94580619",SPRF-PE,DEL01-PE,UOP01-DEL01-PE
455610,2022-06-13,segunda-feira,13:57:00,PE,101,42,IGARASSU,Condutor deixou de manter distância do veículo da frente,Colisão traseira,Sem Vítimas,Pleno dia,Crescente,Céu Claro,Múltipla,Reta,Sim,3,0,0,0,3,0,0,3,"-7,83887431","-34,91196739",SPRF-PE,DEL01-PE,UOP02-DEL01-PE
455620,2022-06-10,sexta-feira,03:50:00,PE,,,CARUARU,Acesso irregular,Colisão com objeto,Sem Vítimas,Plena Noite,Não Informado,Ignorado,Simples,Reta,Não,3,0,0,0,3,0,0,1,"-8,30798257","-35,95790863",SPRF-PE,,
455628,2022-06-13,segunda-feira,16:30:00,PE,101,"79,1",JABOATAO DOS GUARARAPES,Acessar a via sem observar a presença dos outros veículos,Colisão lateral mesmo sentido,Com Vítimas Feridas,Pleno dia,Decrescente,Céu Claro,Múltipla,Interseção de Vias,Sim,2,0,1,1,0,0,2,2,"-8,14366112","-34,94723453",SPRF-PE,DEL01-PE,UOP01-DEL01-PE
455641,2022-06-13,segunda-feira,17:00:00,PE,232,"50,3",VITORIA DE SANTO ANTAO,Condutor deixou de manter distância do veículo da frente,Colisão traseira,Com Vítimas Feridas,Anoitecer,Crescente,Céu Claro,Dupla,Reta;Declive                  ,Não,3,0,1,1,0,1,2,2,"-8,16694024","-35,28308322",SPRF-PE,DEL01-PE,UOP01-DEL01-PE
455646,2022-06-13,segunda-feira,17:50:00,PE,101,"29,6",IGARASSU,Condutor deixou de manter distância do veículo da frente,Colisão traseira,Com Vítimas Feridas,Anoitecer,Crescente,Céu Claro,Dupla,Reta,Não,2,0,1,0,1,0,1,2,"-7,72939697","-34,94185854",SPRF-PE,DEL01-PE,UOP02-DEL01-PE
455699,2022-06-13,segunda-feira,21:00:00,PE,232,49,VITORIA DE SANTO ANTAO,Demais falhas mecânicas ou elétricas,Incêndio,Sem Vítimas,Plena Noite,Decrescente,Céu Claro,Dupla,Reta,Não,1,0,0,0,0,1,0,1,"-8,143676","-35,314419",SPRF-PE,DEL01-PE,UOP01-DEL01-PE
455718,2022-06-14,terça-feira,04:30:00,PE,101,"54,5",PAULISTA,Animais na Pista,Colisão traseira,Com Vítimas Fatais,Amanhecer,Decrescente,Céu Claro,Múltipla,Curva,Sim,2,1,0,0,1,0,0,2,"-7,93961103","-34,90356584",SPRF-PE,DEL01-PE,UOP02-DEL01-PE
455781,2022-06-14,terça-feira,09:00:00,PE,423,"59,7",LAJEDO,Desrespeitar a preferência no cruzamento,Colisão transversal,Com Vítimas Feridas,Pleno dia,Decrescente,Céu Claro,Simples,Reta,Não,2,0,0,1,1,0,1,2,"-8,64676387","-36,31558317",SPRF-PE,DEL03-PE,UOP01-DEL03-PE
455809,2022-06-14,terça-feira,16:00:00,PE,101,76,RECIFE,Demais falhas mecânicas ou elétricas,Queda de ocupante de veículo,Com Vítimas Feridas,Pleno dia,Decrescente,Céu Claro,Dupla,Curva,Sim,2,0,2,0,0,0,2,1,"-8,120175","-34,942786",SPRF-PE,DEL01-PE,UOP01-DEL01-PE
455812,2022-06-14,terça-feira,17:18:00,PE,101,42,IGARASSU,Manobra de mudança de faixa,Colisão lateral mesmo sentido,Com Vítimas Feridas,Pleno dia,Crescente,Céu Claro,Múltipla,Retorno Regulamentado,Sim,1,0,1,0,0,0,1,1,"-7,83887431","-34,91196739",SPRF-PE,DEL01-PE,UOP02-DEL01-PE
455865,2022-06-14,terça-feira,20:50:00,PE,101,"68,5",RECIFE,Condutor deixou de manter distância do veículo da frente,Colisão traseira,Sem Vítimas,Pleno dia,Crescente,Céu Claro,Múltipla,Reta,Sim,2,0,0,0,1,1,0,2,"-8,054671","-34,946286",SPRF-PE,DEL01-PE,UOP01-DEL01-PE
456070,2022-06-15,quarta-feira,18:00:00,PE,110,"229,8",PETROLANDIA,Ultrapassagem Indevida,Colisão frontal,Com Vítimas Fatais,Plena Noite,Crescente,Nublado,Simples,Curva,Não,2,1,0,0,1,0,0,2,"-9,05706303","-38,27627091",SPRF-BA,DEL07-BA,UOP01-DEL07-BA
456230,2022-06-16,quinta-feira,18:08:00,PE,424,"90,7",GARANHUNS,Ausência de reação do condutor,Colisão frontal,Sem Vítimas,Plena Noite,Decrescente,Garoa/Chuvisco,Simples,Reta,Sim,2,0,0,0,2,0,0,2,"-8,89635706","-36,50157593",SPRF-PE,DEL03-PE,UOP01-DEL03-PE
456233,2022-06-16,quinta-feira,17:25:00,PE,428,"188,1",PETROLINA,Acessar a via sem observar a presença dos outros veículos,Colisão traseira,Sem Vítimas,Anoitecer,Decrescente,Céu Claro,Simples,Rotatória,Sim,2,0,0,0,2,0,0,2,"-9,36400596","-40,48266808",SPRF-PE,DEL06-PE,UOP01-DEL06-PE
456287,2022-06-16,quinta-feira,23:30:00,PE,101,"102,6",CABO DE SANTO AGOSTINHO,Entrada inopinada do pedestre,Atropelamento de Pedestre,Com Vítimas Fatais,Plena Noite,Crescente,Garoa/Chuvisco,Dupla,Reta,Não,2,1,0,0,0,1,0,2,"-8,28368856","-35,05795866",SPRF-PE,DEL01-PE,UOP03-DEL01-PE