id,data_inversa,dia_semana,horario,uf,br,km,municipio,causa_acidente,tipo_acidente,classificacao_acidente,fase_dia,sentido_via,condicao_metereologica,tipo_pista,tracado_via,uso_solo,pessoas,mortos,feridos_leves,feridos_graves,ilesos,ignorados,feridos,veiculos,latitude,longitude,regional,delegacia,uop
465399,2022-08-01,segunda-feira,20:00:00,PE,101,73,RECIFE,Reação tardia ou ineficiente do condutor,Colisão traseira,Com Vítimas Feridas,Plena Noite,Crescente,Céu Claro,Múltipla,Ponte,Sim,3,0,3,0,0,0,3,2,"-8,093369","-34,947464",SPRF-PE,DEL01-PE,UOP01-DEL01-PE
465413,2022-08-01,segunda-feira,20:30:00,PE,101,150,RIBEIRAO,Transitar na contramão,Colisão frontal,Com Vítimas Feridas,Plena Noite,Crescente,Céu Claro,Múltipla,Reta,Sim,3,0,2,0,1,0,2,3,"-8,49669957","-35,38211017",SPRF-PE,DEL01-PE,UOP03-DEL01-PE
465470,2022-07-22,sexta-feira,21:25:00,PE,232,"211,3",PESQUEIRA,Ingestão de álcool pelo condutor,Colisão frontal,Com Vítimas Feridas,Plena Noite,Crescente,Céu Claro,Simples,Aclive,Sim,4,0,3,1,0,0,4,3,"-8,36899532","-36,70578682",SPRF-PE,DEL03-PE,UOP02-DEL03-PE
465521,2022-06-17,sexta-feira,00:30:00,PE,407,126,PETROLINA,Demais falhas mecânicas ou elétricas,Tombamento,Com Vítimas Feridas,Plena Noite,Crescente,Céu Claro,Dupla,Reta,Sim,1,0,0,1,0,0,1,1,"-9,38692088","-40,52593052",SPRF-PE,DEL06-PE,UOP01-DEL06-PE
465549,2022-08-02,terça-feira,18:00:00,PE,423,"90,6",GARANHUNS,Condutor deixou de manter distância do veículo da frente,Colisão lateral mesmo sentido,Com Vítimas Feridas,Plena Noite,Decrescente,Garoa/Chuvisco,Simples,Reta,Sim,2,0,0,1,0,1,1,2,"-8,84566879","-36,4596095",SPRF-PE,DEL03-PE,UOP01-DEL03-PE
465580,2022-08-02,terça-feira,18:30:00,PE,316,51,TRINDADE,Acostamento em desnível,Colisão traseira,Com Vítimas Feridas,Anoitecer,Crescente,Céu Claro,Simples,Reta,Não,3,0,1,1,1,0,2,2,"-7,71483069","-40,3301239",SPRF-PE,DEL05-PE,UOP02-DEL05-PE
465587,2022-08-03,quarta-feira,00:40:00,PE,232,"75,9",GRAVATA,Animais na Pista,Atropelamento de Animal,Com Vítimas Feridas,Plena Noite,Crescente,Garoa/Chuvisco,Dupla,Reta,Não,1,0,1,0,0,0,1,1,"-8,19737799","-35,525476",SPRF-PE,DEL02-PE,UOP02-DEL02PE
465649,2022-08-03,quarta-feira,08:30:00,PE,424,85,GARANHUNS,Condutor deixou de manter distância do veículo da frente,Colisão lateral mesmo sentido,Com Vítimas Feridas,Pleno dia,Crescente,Nublado,Simples,Reta;Aclive                   ,Não,2,0,1,0,0,1,1,2,"-8,85702308","-36,51218326",SPRF-PE,DEL03-PE,UOP01-DEL03-PE
465781,2022-08-03,quarta-feira,22:50:00,PE,428,188,PETROLINA,Acessar a via sem observar a presença dos outros veículos,Colisão lateral mesmo sentido,Com Vítimas Feridas,Plena Noite,Crescente,Céu Claro,Múltipla,Reta,Sim,2,0,1,1,0,0,2,2,"-9,36400596","-40,48266808",SPRF-PE,DEL06-PE,UOP01-DEL06-PE
465846,2022-08-04,quinta-feira,08:50:00,PE,101,"49,8",ABREU E LIMA,Ausência de reação do condutor,Colisão transversal,Sem Vítimas,Pleno dia,Decrescente,Céu Claro,Simples,Reta,Sim,2,0,0,0,1,1,0,2,"-7,9005152","-34,90180641",SPRF-PE,DEL01-PE,UOP02-DEL01-PE
465904,2022-08-04,quinta-feira,07:35:00,PE,101,167,AGUA PRETA,Pista Escorregadia,Saída de leito carroçável,Com Vítimas Feridas,Pleno dia,Crescente,Chuva,Dupla,Reta;Declive                  ,Não,1,0,1,0,0,0,1,1,"-8,56679186","-35,47528312",SPRF-PE,DEL01-PE,UOP03-DEL01-PE
466030,2022-08-05,sexta-feira,08:45:00,PE,101,50,ABREU E LIMA,Acessar a via sem observar a presença dos outros veículos,Colisão transversal,Com Vítimas Feridas,Pleno dia,Crescente,Céu Claro,Dupla,Reta,Sim,3,0,2,0,1,0,2,2,"-7,90938602","-34,90123228",SPRF-PE,DEL01-PE,UOP02-DEL01-PE
466034,2022-08-05,sexta-feira,08:20:00,PE,407,"123,3",PETROLINA,Condutor deixou de manter distância do veículo da frente,Colisão traseira,Com Vítimas Feridas,Pleno dia,Decrescente,Céu Claro,Simples,Reta,Sim,3,0,1,0,2,0,1,3,"-9,36149178","-40,54594462",SPRF-PE,DEL06-PE,UOP01-DEL06-PE
466055,2022-08-05,sexta-feira,11:35:00,PE,101,"68,8",RECIFE,Pista em desnível,Tombamento,Com Vítimas Feridas,Pleno dia,Crescente,Sol,Dupla,Reta,Sim,2,0,1,0,1,0,1,1,"-8,05074296","-34,94580619",SPRF-PE,DEL01-PE,UOP01-DEL01-PE
466091,2022-08-05,sexta-feira,14:20:00,PE,423,20,SAO CAITANO,Ingestão de álcool pelo condutor,Saída de leito carroçável,Com Vítimas Feridas,Pleno dia,Crescente,Céu Claro,Simples,Curva,Não,1,0,1,0,0,0,1,1,"-8,33932508","-36,15909991",SPRF-PE,DEL03-PE,UOP02-DEL03-PE
466099,2022-08-05,sexta-feira,15:30:00,PE,104,"78,6",AGRESTINA,Velocidade Incompatível,Capotamento,Com Vítimas Feridas,Pleno dia,Crescente,Sol,Simples,Curva,Não,2,0,0,1,0,1,1,1,"-8,39256365","-35,97430229",SPRF-PE,DEL02-PE,UOP01-DEL02-PE
466144,2022-08-05,sexta-feira,19:26:00,PE,104,69,CARUARU,Pedestre cruzava a pista fora da faixa,Atropelamento de Pedestre,Com Vítimas Fatais,Plena Noite,Crescente,Céu Claro,Dupla,Reta,Não,2,1,0,0,0,1,0,2,"-8,3196","-35,9912",SPRF-PE,DEL02-PE,UOP01-DEL02-PE
466207,2022-08-06,sábado,02:10:00,PE,101,58,PAULISTA,Condutor deixou de manter distância do veículo da frente,Colisão traseira,Com Vítimas Feridas,Plena Noite,Decrescente,Céu Claro,Dupla,Reta,Sim,2,0,0,1,1,0,1,2,"-7,97063209","-34,92064675",SPRF-PE,DEL01-PE,UOP02-DEL01-PE
466208,2022-08-06,sábado,02:15:00,PE,101,58,PAULISTA,Frear bruscamente,Colisão lateral mesmo sentido,Com Vítimas Feridas,Plena Noite,Crescente,Céu Claro,Dupla,Curva,Sim,4,0,3,1,0,0,4,3,"-7,97063209","-34,92064675",SPRF-PE,DEL01-PE,UOP02-DEL01-PE
466217,2022-08-06,sábado,06:00:00,PE,101,70,RECIFE,Manobra de mudança de faixa,Colisão lateral mesmo sentido,Com Vítimas Feridas,Pleno dia,Crescente,Céu Claro,Dupla,Declive,Sim,3,0,2,0,0,1,2,2,"-8,06828022","-34,94051456",SPRF-PE,DEL01-PE,UOP01-DEL01-PE
466277,2022-07-29,sexta-feira,08:00:00,PE,101,167,AGUA PRETA,Ausência de reação do condutor,Colisão lateral mesmo sentido,Sem Vítimas,Pleno dia,Decrescente,Nublado,Dupla,Reta,Não,2,0,0,0,1,1,0,2,"-8,56679186","-35,47528312",SPRF-PE,DEL01-PE,UOP03-DEL01-PE
466311,2022-08-06,sábado,14:25:00,PE,116,"49,5",SALGUEIRO,Ausência de reação do condutor,Tombamento,Com Vítimas Feridas,Pleno dia,Decrescente,Céu Claro,Simples,Reta,Não,1,0,1,0,0,0,1,1,"-8,266694","-39,116516",SPRF-PE,DEL05-PE,UOP01-DEL05-PE
466329,2022-08-06,sábado,17:20:00,PE,423,"61,2",LAJEDO,Desrespeitar a preferência no cruzamento,Colisão transversal,Com Vítimas Feridas,Anoitecer,Crescente,Céu Claro,Simples,Interseção de Vias,Sim,4,0,1,0,3,0,1,2,"-8,65853131","-36,3309288",SPRF-PE,DEL03-PE,UOP01-DEL03-PE
466335,2022-08-06,sábado,17:45:00,PE,101,"44,8",ABREU E LIMA,Ausência de reação do condutor,Colisão traseira,Com Vítimas Feridas,Plena Noite,Decrescente,Céu Claro,Múltipla,Reta,Sim,2,0,1,0,1,0,1,2,"-7,85637001","-34,90842109",SPRF-PE,DEL01-PE,UOP02-DEL01-PE
466364,2022-08-06,sábado,20:00:00,PE,407,124,PETROLINA,Ingestão de álcool pelo condutor,Colisão lateral mesmo sentido,Sem Vítimas,Plena Noite,Decrescente,Céu Claro,Dupla,Rotatória,Sim,4,0,0,0,4,0,0,2,"-9,36929881","-40,54137139",SPRF-PE,DEL06-PE,UOP01-DEL06-PE
466367,2022-08-06,sábado,20:00:00,PE,232,"10,5",JABOATAO DOS GUARARAPES,Ausência de reação do condutor,Capotamento,Com Vítimas Feridas,Plena Noite,Decrescente,Garoa/Chuvisco,Dupla,Reta,Sim,1,0,1,0,0,0,1,1,"-8,079313","-34,986974",SPRF-PE,DEL01-PE,UOP01-DEL01-PE
466371,2022-08-06,sábado,19:00:00,PE,232,"109,6",BEZERROS,Reação tardia ou ineficiente do condutor,Capotamento,Com Vítimas Feridas,Plena Noite,Crescente,Céu Claro,Dupla,Curva,Não,1,0,1,0,0,0,1,1,"-8,28036785","-35,81085313",SPRF-PE,DEL02-PE,UOP02-DEL02PE
466384,2022-08-06,sábado,19:00:00,PE,316,87,OURICURI,Acessar a via sem observar a presença dos outros veículos,Queda de ocupante de veículo,Com Vítimas Feridas,Anoitecer,Crescente,Céu Claro,Simples,Curva,Sim,2,0,0,2,0,0,2,2,"-7,89302781","-40,05470593",SPRF-PE,DEL05-PE,UOP02-DEL05-PE
466417,2022-08-06,sábado,23:40:00,PE,407,"122,2",PETROLINA,Condutor deixou de manter distância do veículo da frente,Colisão traseira,Com Vítimas Feridas,Plena Noite,Crescente,Céu Claro,Simples,Reta,Não,5,0,4,0,0,1,4,2,"-9,35955283","-40,54708242",SPRF-PE,DEL06-PE,UOP01-DEL06-PE
466455,2022-08-07,domingo,05:30:00,PE,232,193,SANHARO,Ingestão de álcool pelo condutor,Colisão frontal,Com Vítimas Feridas,Amanhecer,Decrescente,Céu Claro,Simples,Reta,Não,2,0,1,0,1,0,1,2,"-8,35995128","-36,54559793",SPRF-PE,DEL03-PE,UOP02-DEL03-PE
466531,2022-08-07,domingo,15:10:00,PE,423,93,GARANHUNS,Acessar a via sem observar a presença dos outros veículos,Colisão transversal,Com Vítimas Feridas,Pleno dia,Decrescente,Chuva,Simples,Rotatória,Sim,2,0,1,0,1,0,1,2,"-8,86972012","-36,46323792",SPRF-PE,DEL03-PE,UOP01-DEL03-PE
466554,2022-08-07,domingo,16:40:00,PE,407,125,PETROLINA,Ingestão de álcool pelo condutor,Colisão traseira,Sem Vítimas,Pleno dia,Decrescente,Céu Claro,Dupla,Reta,Não,3,0,0,0,3,0,0,3,"-9,37739336","-40,53595733",SPRF-PE,DEL06-PE,UOP01-DEL06-PE
466568,2022-08-07,domingo,18:30:00,PE,104,"28,2",TORITAMA,Acessar a via sem observar a presença dos outros veículos,Colisão frontal,Com Vítimas Feridas,Plena Noite,Crescente,Nublado,Simples,Aclive,Sim,2,0,1,1,0,0,2,2,"-8,0065","-36,0709",SPRF-PE,DEL02-PE,UOP01-DEL02-PE
466584,2022-08-07,domingo,17:30:00,PE,101,"137,1",ESCADA,Manobra de mudança de faixa,Colisão lateral mesmo sentido,Com Vítimas Feridas,Pleno dia,Decrescente,Nublado,Dupla,Reta,Não,2,0,1,0,1,0,1,2,"-8,41675194","-35,31126636",SPRF-PE,DEL01-PE,UOP03-DEL01-PE
466599,2022-08-07,domingo,20:20:00,PE,232,508,SALGUEIRO,Entrada inopinada do pedestre,Saída de leito carroçável,Com Vítimas Feridas,Plena Noite,Crescente,Céu Claro,Simples,Reta,Sim,2,0,2,0,0,0,2,2,"-8,06223271","-39,12095006",SPRF-PE,DEL05-PE,UOP01-DEL05-PE
466708,2022-08-08,segunda-feira,07:45:00,PE,101,"136,1",ESCADA,Reação tardia ou ineficiente do condutor,Capotamento,Com Vítimas Feridas,Pleno dia,Decrescente,Céu Claro,Dupla,Curva,Não,1,0,1,0,0,0,1,1,"-8,41439454","-35,3044618",SPRF-PE,DEL01-PE,UOP03-DEL01-PE
466774,2022-08-08,segunda-feira,12:45:00,PE,423,88,SAO JOAO,Demais falhas mecânicas ou elétricas,Colisão frontal,Com Vítimas Feridas,Pleno dia,Decrescente,Céu Claro,Simples,Declive,Não,4,0,2,0,2,0,2,2,"-8,82983618","-36,45245561",SPRF-PE,DEL03-PE,UOP01-DEL03-PE
466782,2022-08-08,segunda-feira,14:15:00,PE,101,"39,8",IGARASSU,Acessar a via sem observar a presença dos outros veículos,Colisão transversal,Com Vítimas Fatais,Pleno dia,Decrescente,Céu Claro,Dupla,Reta,Não,2,1,0,0,1,0,0,2,"-7,81259899","-34,91890497",SPRF-PE,DEL01-PE,UOP02-DEL01-PE
466867,2022-08-09,terça-feira,04:40:00,PE,428,94,SANTA MARIA DA BOA VISTA,Reação tardia ou ineficiente do condutor,Colisão com objeto,Com Vítimas Feridas,Amanhecer,Crescente,Céu Claro,Simples,Reta,Não,2,0,2,0,0,0,2,1,"-8,81058587","-39,91203508",SPRF-PE,DEL06-PE,UOP03-DEL06-PE
466873,2022-08-09,terça-feira,06:45:00,PE,104,61,CARUARU,Acesso irregular,Colisão traseira,Sem Vítimas,Pleno dia,Decrescente,Céu Claro,Simples,Interseção de Vias,Não,4,0,0,0,4,0,0,2,"-8,2529","-35,9751",SPRF-PE,DEL02-PE,UOP01-DEL02-PE
466875,2022-08-09,terça-feira,06:40:00,PE,407,115,PETROLINA,Acessar a via sem observar a presença dos outros veículos,Colisão transversal,Com Vítimas Feridas,Amanhecer,Crescente,Céu Claro,Simples,Reta,Não,2,0,1,1,0,0,2,2,"-9,2990308","-40,58250065",SPRF-PE,DEL06-PE,UOP01-DEL06-PE
466891,2022-08-09,terça-feira,07:50:00,PE,428,184,PETROLINA,Acessar a via sem observar a presença dos outros veículos,Colisão transversal,Com Vítimas Feridas,Pleno dia,Crescente,Céu Claro,Simples,Reta,Sim,4,0,3,1,0,0,4,2,"-9,33211208","-40,46621385",SPRF-PE,DEL06-PE,UOP01-DEL06-PE
466909,2022-08-09,terça-feira,07:55:00,PE,408,"35,2",ALIANCA,Ultrapassagem Indevida,Colisão frontal,Com Vítimas Feridas,Pleno dia,Decrescente,Sol,Simples,Reta;Declive                  ,Não,3,0,0,3,0,0,3,2,"-7,61111798","-35,23973919",SPRF-PE,DEL01-PE,UOP02-DEL01-PE
467156,2022-07-14,quinta-feira,20:00:00,PE,232,390,SERRA TALHADA,Animais na Pista,Atropelamento de Animal,Sem Vítimas,Plena Noite,Decrescente,Céu Claro,Simples,Reta,Não,1,0,0,0,1,0,0,1,"-8,03237411","-38,13114166",SPRF-PE,DEL04-PE,UOP01-DEL04-PE
467191,2022-08-10,quarta-feira,19:05:00,PE,428,"183,7",PETROLINA,Acesso irregular,Colisão transversal,Com Vítimas Feridas,Plena Noite,Decrescente,Céu Claro,Simples,Reta,Não,3,0,1,0,1,1,1,2,"-9,34105763","-40,47068336",SPRF-PE,DEL06-PE,UOP01-DEL06-PE
467199,2022-08-10,quarta-feira,19:15:00,PE,423,"94,9",GARANHUNS,Acessar a via sem observar a presença dos outros veículos,Colisão transversal,Com Vítimas Feridas,Plena Noite,Crescente,Céu Claro,Simples,Interseção de Vias;Reta       ,Sim,3,0,1,1,1,0,2,2,"-8,87851015","-36,47724867",SPRF-PE,DEL03-PE,UOP01-DEL03-PE
467239,2022-08-11,quinta-feira,03:30:00,PE,101,70,RECIFE,Ausência de reação do condutor,Colisão traseira,Sem Vítimas,Plena Noite,Crescente,Céu Claro,Múltipla,Interseção de Vias,Sim,2,0,0,0,1,1,0,2,"-8,06776119","-34,94265074",SPRF-PE,DEL01-PE,UOP01-DEL01-PE
467242,2022-08-11,quinta-feira,05:00:00,PE,408,"96,3",SAO LOURENCO DA MATA,Demais falhas na via,Queda de ocupante de veículo,Com Vítimas Feridas,Amanhecer,Crescente,Céu Claro,Dupla,Reta,Sim,2,0,2,0,0,0,2,1,"-8,023569","-35,039838",SPRF-PE,DEL01-PE,UOP01-DEL01-PE
467302,2022-08-11,quinta-feira,13:10:00,PE,232,"91,1",SAIRE,Transitar no acostamento,Colisão traseira,Com Vítimas Feridas,Pleno dia,Crescente,Sol,Dupla,Reta,Não,2,0,0,1,1,0,1,2,"-8,21834835","-35,66463196",SPRF-PE,DEL02-PE,UOP02-DEL02PE
467309,2022-08-11,quinta-feira,12:15:00,PE,424,90,GARANHUNS,Acessar a via sem observar a presença dos outros veículos,Colisão transversal,Com Vítimas Feridas,Pleno dia,Crescente,Céu Claro,Simples,Curva,Sim,3,0,1,1,1,0,2,2,"-8,89635706","-36,50157593",SPRF-PE,DEL03-PE,UOP01-DEL03-PE
467319,2022-08-11,quinta-feira,14:00:00,PE,232,11,JABOATAO DOS GUARARAPES,Acessar a via sem observar a presença dos outros veículos,Colisão traseira,Sem Vítimas,Pleno dia,Decrescente,Céu Claro,Múltipla,Reta,Não,3,0,0,0,1,2,0,2,"-8,08195464","-34,99545022",SPRF-PE,DEL01-PE,UOP01-DEL01-PE
467350,2022-08-11,quinta-feira,16:50:00,PE,428,183,PETROLINA,Ultrapassagem Indevida,Colisão lateral mesmo sentido,Com Vítimas Feridas,Pleno dia,Crescente,Céu Claro,Simples,Reta,Sim,2,0,1,0,1,0,1,2,"-9,32412987","-40,46211325",SPRF-PE,DEL06-PE,UOP01-DEL06-PE
467383,2022-08-11,quinta-feira,19:05:00,PE,232,508,SALGUEIRO,Ingestão de álcool pelo condutor,Atropelamento de Pedestre,Com Vítimas Feridas,Plena Noite,Decrescente,Céu Claro,Simples,Reta,Sim,2,0,0,2,0,0,2,2,"-8,06223271","-39,12095006",SPRF-PE,DEL05-PE,UOP01-DEL05-PE
467396,2022-08-11,quinta-feira,20:25:00,PE,232,"509,9",SALGUEIRO,Ingestão de álcool pelo condutor,Colisão lateral sentido oposto,Com Vítimas Feridas,Plena Noite,Crescente,Céu Claro,Simples,Curva,Sim,2,0,1,0,1,0,1,2,"-8,06719355","-39,13454717",SPRF-PE,DEL05-PE,UOP01-DEL05-PE
467441,2022-08-12,sexta-feira,03:45:00,PE,232,282,SERTANIA,Demais falhas mecânicas ou elétricas,Incêndio,Sem Vítimas,Amanhecer,Crescente,Céu Claro,Simples,Reta,Não,1,0,0,0,0,1,0,1,"-8,34332584","-37,30756591",SPRF-PE,DEL04-PE,UOP02-DEL04-PE
467442,2022-08-12,sexta-feira,04:12:00,PE,232,214,PESQUEIRA,Pedestre andava na pista,Atropelamento de Pedestre,Com Vítimas Fatais,Plena Noite,Crescente,Nevoeiro/Neblina,Simples,Reta,Não,2,1,1,0,0,0,1,2,"-8,37328104","-36,71376998",SPRF-PE,DEL03-PE,UOP02-DEL03-PE
467473,2022-08-12,sexta-feira,07:20:00,PE,428,178,PETROLINA,Frear bruscamente,Capotamento,Com Vítimas Feridas,Pleno dia,Crescente,Céu Claro,Simples,Reta,Não,1,0,1,0,0,0,1,1,"-9,2842098","-40,4416324",SPRF-PE,DEL06-PE,UOP01-DEL06-PE
467474,2022-08-12,sexta-feira,08:10:00,PE,101,56,PAULISTA,Ausência de reação do condutor,Tombamento,Com Vítimas Feridas,Pleno dia,Crescente,Nublado,Dupla,Reta,Não,1,0,1,0,0,0,1,1,"-7,9554509","-34,91140727",SPRF-PE,DEL01-PE,UOP02-DEL01-PE
467568,2022-08-12,sexta-feira,15:40:00,PE,408,74,PAUDALHO,Pedestre cruzava a pista fora da faixa,Atropelamento de Pedestre,Com Vítimas Feridas,Pleno dia,Crescente,Sol,Dupla,Reta,Sim,2,0,1,0,1,0,1,2,"-7,89701706","-35,17300548",SPRF-PE,DEL01-PE,UOP01-DEL01-PE
467580,2022-07-20,quarta-feira,09:45:00,PE,424,"95,2",GARANHUNS,Ultrapassagem Indevida,Capotamento,Com Vítimas Feridas,Pleno dia,Crescente,Céu Claro,Simples,Reta,Não,2,0,2,0,0,0,2,1,"-8,92487901","-36,48949333",SPRF-PE,DEL03-PE,UOP01-DEL03-PE
467583,2022-08-12,sexta-feira,11:30:00,PE,104,88,AGRESTINA,Animais na Pista,Atropelamento de Animal,Com Vítimas Feridas,Pleno dia,Decrescente,Céu Claro,Simples,Interseção de Vias,Sim,1,0,0,1,0,0,1,1,"-8,461552","-35,94022",SPRF-PE,DEL02-PE,UOP03-DEL02-PE
467618,2022-08-12,sexta-feira,18:30:00,PE,101,"41,7",IGARASSU,Demais falhas mecânicas ou elétricas,Eventos atípicos,Sem Vítimas,Plena Noite,Crescente,Vento,Dupla,Interseção de Vias,Sim,2,0,0,0,2,0,0,2,"-7,83475296","-34,91306618",SPRF-PE,DEL01-PE,UOP02-DEL01-PE
467634,2022-08-12,sexta-feira,18:45:00,PE,423,"108,6",CAETES,Ultrapassagem Indevida,Colisão frontal,Com Vítimas Feridas,Plena Noite,Crescente,Céu Claro,Simples,Reta,Não,3,0,0,2,0,1,2,2,"-8,88624339","-36,59029116",SPRF-PE,DEL03-PE,UOP01-DEL03-PE
467635,2022-08-12,sexta-feira,20:00:00,PE,104,81,AGRESTINA,Deficiência do Sistema de Iluminação/Sinalização,Colisão traseira,Com Vítimas Feridas,Plena Noite,Crescente,Nublado,Simples,Reta,Não,3,0,1,0,2,0,1,3,"-8,406442","-35,971077",SPRF-PE,DEL02-PE,UOP01-DEL02-PE
467654,2022-08-12,sexta-feira,20:40:00,PE,232,190,SANHARO,Animais na Pista,Atropelamento de Animal,Sem Vítimas,Plena Noite,Crescente,Céu Claro,Simples,Reta,Não,1,0,0,0,1,0,0,1,"-8,35709895","-36,52773",SPRF-PE,DEL03-PE,UOP02-DEL03-PE
467712,2022-08-13,sábado,05:40:00,PE,101,"70,7",RECIFE,Transitar na contramão,Colisão frontal,Com Vítimas Feridas,Amanhecer,Crescente,Nublado,Simples,Viaduto,Não,3,0,2,0,1,0,2,2,"-8,06776119","-34,94265074",SPRF-PE,DEL01-PE,UOP01-DEL01-PE
467727,2022-08-13,sábado,06:45:00,PE,428,185,PETROLINA,Ingestão de álcool pelo condutor,Colisão frontal,Com Vítimas Feridas,Pleno dia,Crescente,Céu Claro,Simples,Em Obras;Reta                 ,Sim,2,0,0,1,1,0,1,2,"-9,34009199","-40,47032001",SPRF-PE,DEL06-PE,UOP01-DEL06-PE
467741,2022-08-13,sábado,06:45:00,PE,101,69,RECIFE,Ingestão de álcool pelo condutor,Colisão traseira,Com Vítimas Feridas,Pleno dia,Crescente,Céu Claro,Simples,Interseção de Vias,Sim,2,0,1,0,1,0,1,2,"-8,05951606","-34,94581024",SPRF-PE,DEL01-PE,UOP01-DEL01-PE
467743,2022-08-13,sábado,06:40:00,PE,101,67,RECIFE,Demais falhas mecânicas ou elétricas,Incêndio,Sem Vítimas,Pleno dia,Crescente,Nublado,Múltipla,Reta,Não,1,0,0,0,1,0,0,1,"-8,042334","-34,943096",SPRF-PE,DEL01-PE,UOP01-DEL01-PE
467759,2022-08-13,sábado,07:20:00,PE,232,"139,5",CARUARU,Pista esburacada,Tombamento,Com Vítimas Feridas,Pleno dia,Crescente,Nublado,Dupla,Reta,Não,2,0,1,0,1,0,1,2,"-8,31947086","-36,06799801",SPRF-PE,DEL02-PE,UOP01-DEL02-PE
467790,2022-08-13,sábado,12:20:00,PE,101,43,IGARASSU,Ausência de reação do condutor,Colisão traseira,Com Vítimas Feridas,Pleno dia,Crescente,Céu Claro,Dupla,Interseção de Vias,Sim,4,0,2,0,2,0,2,2,"-7,84753808","-34,90977038",SPRF-PE,DEL01-PE,UOP02-DEL01-PE
467793,2022-08-13,sábado,13:00:00,PE,407,129,PETROLINA,Manobra de mudança de faixa,Colisão lateral mesmo sentido,Com Vítimas Feridas,Pleno dia,Crescente,Sol,Dupla,Reta,Não,4,0,2,0,2,0,2,4,"-9,4047437","-40,50420111",SPRF-PE,DEL06-PE,UOP01-DEL06-PE
467850,2022-08-13,sábado,15:30:00,PE,428,31,CABROBO,Reação tardia ou ineficiente do condutor,Colisão traseira,Sem Vítimas,Pleno dia,Decrescente,Sol,Simples,Declive,Não,2,0,0,0,2,0,0,2,"-8,51853319","-39,4874709",SPRF-PE,DEL05-PE,UOP03-DEL05-PE
467854,2022-08-13,sábado,16:45:00,PE,428,"159,8",PETROLINA,Condutor Dormindo,Saída de leito carroçável,Sem Vítimas,Pleno dia,Decrescente,Céu Claro,Simples,Reta,Não,1,0,0,0,0,1,0,1,"-9,13950503","-40,35244194",SPRF-PE,DEL06-PE,UOP01-DEL06-PE
467860,2022-08-13,sábado,17:40:00,PE,104,"87,6",AGRESTINA,Ingestão de álcool pelo condutor,Colisão transversal,Sem Vítimas,Pleno dia,Crescente,Céu Claro,Simples,Reta,Sim,2,0,0,0,1,1,0,2,"-8,454104","-35,945515",SPRF-PE,DEL02-PE,UOP01-DEL02-PE
467862,2022-08-13,sábado,19:00:00,PE,408,"102,5",RECIFE,Reação tardia ou ineficiente do condutor,Colisão lateral mesmo sentido,Com Vítimas Feridas,Plena Noite,Crescente,Céu Claro,Dupla,Reta,Não,2,0,1,0,1,0,1,2,"-8,05323195","-35,00247996",SPRF-PE,DEL01-PE,UOP01-DEL01-PE
467936,2022-08-13,sábado,23:50:00,PE,428,10,CABROBO,Ausência de reação do condutor,Atropelamento de Pedestre,Com Vítimas Feridas,Plena Noite,Crescente,Céu Claro,Simples,Reta;Aclive                   ,Sim,2,0,2,0,0,0,2,2,"-8,506591","-39,315583",SPRF-PE,DEL05-PE,UOP03-DEL05-PE
467951,2022-08-14,domingo,03:40:00,PE,232,8,RECIFE,Demais falhas mecânicas ou elétricas,Incêndio,Sem Vítimas,Plena Noite,Decrescente,Céu Claro,Dupla,Em Obras;Reta                 ,Não,1,0,0,0,0,1,0,1,"-8,07583727","-34,97015791",SPRF-PE,DEL01-PE,UOP01-DEL01-PE
467952,2022-08-14,domingo,03:20:00,PE,101,9,GOIANA,Ingestão de álcool pelo condutor,Colisão lateral mesmo sentido,Com Vítimas Feridas,Plena Noite,Decrescente,Céu Claro,Dupla,Reta,Não,7,0,6,0,0,1,6,3,"-7,57788903","-34,98847822",SPRF-PE,DEL01-PE,UOP02-DEL01-PE
467955,2022-08-14,domingo,03:52:00,PE,408,96,SAO LOURENCO DA MATA,Manobra de mudança de faixa,Colisão lateral mesmo sentido,Sem Vítimas,Plena Noite,Crescente,Céu Claro,Múltipla,Reta,Sim,6,0,0,0,6,0,0,2,"-8,02062","-35,041045",SPRF-PE,DEL01-PE,UOP01-DEL01-PE
467978,2022-08-14,domingo,03:30:00,PE,101,202,XEXEU,Condutor Dormindo,Saída de leito carroçável,Com Vítimas Feridas,Plena Noite,Crescente,Garoa/Chuvisco,Dupla,Reta,Não,1,0,1,0,0,0,1,1,"-8,789545","-35,622338",SPRF-PE,DEL01-PE,UOP03-DEL01-PE
468013,2022-08-14,domingo,08:40:00,PE,101,"46,8",IGARASSU,Reação tardia ou ineficiente do condutor,Colisão traseira,Com Vítimas Feridas,Pleno dia,Decrescente,Céu Claro,Múltipla,Reta,Sim,3,0,2,0,0,1,2,2,"-7,87406004","-34,90588126",SPRF-PE,DEL01-PE,UOP02-DEL01-PE
468056,2022-08-14,domingo,14:40:00,PE,101,157,GAMELEIRA,Velocidade Incompatível,Capotamento,Sem Vítimas,Pleno dia,Crescente,Sol,Dupla,Retorno Regulamentado,Não,1,0,0,0,1,0,0,1,"-8,55352976","-35,3964161",SPRF-PE,DEL01-PE,UOP03-DEL01-PE