id,data_inversa,dia_semana,horario,uf,br,km,municipio,causa_acidente,tipo_acidente,classificacao_acidente,fase_dia,sentido_via,condicao_metereologica,tipo_pista,tracado_via,uso_solo,pessoas,mortos,feridos_leves,feridos_graves,ilesos,ignorados,feridos,veiculos,latitude,longitude,regional,delegacia,uop
473636,2022-09-10,sábado,23:30:00,PE,101,"42,4",IGARASSU,Velocidade Incompatível,Saída de leito carroçável,Com Vítimas Feridas,Plena Noite,Crescente,Nublado,Múltipla,Reta,Sim,3,0,1,1,1,0,2,2,"-7,83038346","-34,91426785",SPRF-PE,DEL01-PE,UOP02-DEL01-PE
473640,2022-09-10,sábado,21:40:00,PE,428,"146,4",PETROLINA,Velocidade Incompatível,Colisão traseira,Com Vítimas Feridas,Plena Noite,Decrescente,Céu Claro,Simples,Reta,Não,3,0,2,0,0,1,2,2,"-9,04953536","-40,29901765",SPRF-PE,DEL06-PE,UOP01-DEL06-PE
473752,2022-09-11,domingo,12:30:00,PE,101,"44,9",IGARASSU,Reação tardia ou ineficiente do condutor,Colisão traseira,Com Vítimas Feridas,Pleno dia,Decrescente,Céu Claro,Múltipla,Reta,Sim,2,0,0,1,1,0,1,2,"-7,86521297","-34,90715176",SPRF-PE,DEL01-PE,UOP02-DEL01-PE
473790,2022-09-11,domingo,16:30:00,PE,232,"16,3",JABOATAO DOS GUARARAPES,Ingestão de álcool pelo condutor,Saída de leito carroçável,Com Vítimas Feridas,Anoitecer,Crescente,Céu Claro,Dupla,Reta,Não,1,0,1,0,0,0,1,1,"-8,09420609","-35,03733695",SPRF-PE,DEL01-PE,UOP01-DEL01-PE
473809,2022-09-11,domingo,19:00:00,PE,232,"79,2",GRAVATA,Transitar na contramão,Colisão frontal,Com Vítimas Feridas,Plena Noite,Crescente,Céu Claro,Simples,Reta,Sim,2,0,1,1,0,0,2,2,"-8,195424","-35,564099",SPRF-PE,DEL02-PE,UOP02-DEL02PE
473811,2022-09-11,domingo,19:50:00,PE,232,412,SERRA TALHADA,Condutor deixou de manter distância do veículo da frente,Colisão traseira,Com Vítimas Feridas,Plena Noite,Crescente,Céu Claro,Simples,Declive;Reta                  ,Não,2,0,1,0,0,1,1,2,"-7,98377927","-38,3208774",SPRF-PE,DEL04-PE,UOP01-DEL04-PE
473819,2022-09-11,domingo,20:40:00,PE,104,"57,1",CARUARU,Ausência de sinalização,Tombamento,Com Vítimas Feridas,Plena Noite,Decrescente,Céu Claro,Dupla,Reta,Sim,1,0,0,1,0,0,1,1,"-8,2181","-35,9747",SPRF-PE,DEL02-PE,UOP01-DEL02-PE
473957,2022-09-12,segunda-feira,12:45:00,PE,408,"89,4",SAO LOURENCO DA MATA,Acessar a via sem observar a presença dos outros veículos,Colisão transversal,Com Vítimas Fatais,Pleno dia,Crescente,Céu Claro,Dupla,Declive;Retorno Regulamentado;,Não,4,1,0,1,1,1,1,3,"-7,983917","-35,079758",SPRF-PE,DEL01-PE,UOP01-DEL01-PE
473986,2022-09-12,segunda-feira,16:40:00,PE,232,"5,6",RECIFE,Entrada inopinada do pedestre,Atropelamento de Pedestre,Com Vítimas Feridas,Pleno dia,Crescente,Céu Claro,Dupla,Em Obras;Reta                 ,Sim,2,0,2,0,0,0,2,2,"-8,0700129","-34,951206",SPRF-PE,DEL01-PE,UOP01-DEL01-PE
474093,2022-09-13,terça-feira,04:50:00,PE,101,"41,9",IGARASSU,Condutor deixou de manter distância do veículo da frente,Colisão traseira,Com Vítimas Feridas,Pleno dia,Crescente,Céu Claro,Múltipla,Reta,Sim,2,0,2,0,0,0,2,2,"-7,83038346","-34,91426785",SPRF-PE,DEL01-PE,UOP02-DEL01-PE
474101,2022-09-13,terça-feira,06:03:00,PE,232,8,RECIFE,Manobra de mudança de faixa,Colisão lateral mesmo sentido,Com Vítimas Feridas,Pleno dia,Decrescente,Céu Claro,Múltipla,Reta,Não,2,0,1,0,1,0,1,2,"-8,07764447","-34,97863609",SPRF-PE,DEL01-PE,UOP01-DEL01-PE
474128,2022-09-13,terça-feira,07:50:00,PE,232,"6,7",RECIFE,Ausência de sinalização,Colisão lateral mesmo sentido,Com Vítimas Feridas,Pleno dia,Decrescente,Céu Claro,Dupla,Em Obras,Não,2,0,2,0,0,0,2,2,"-8,07079525","-34,9535389",SPRF-PE,DEL01-PE,UOP01-DEL01-PE
474157,2022-09-13,terça-feira,10:14:00,PE,232,126,CARUARU,Pista esburacada,Saída de leito carroçável,Com Vítimas Feridas,Pleno dia,Crescente,Céu Claro,Dupla,Reta,Não,1,0,1,0,0,0,1,1,"-8,30819677","-35,95467594",SPRF-PE,DEL02-PE,UOP01-DEL02-PE
474221,2022-09-13,terça-feira,17:50:00,PE,232,"4,8",RECIFE,Velocidade Incompatível,Saída de leito carroçável,Sem Vítimas,Plena Noite,Decrescente,Nublado,Dupla,Viaduto,Não,2,0,0,0,0,2,0,1,"-8,06795766","-34,94535414",SPRF-PE,DEL01-PE,UOP01-DEL01-PE
474307,2022-09-14,quarta-feira,11:05:00,PE,424,"115,4",GARANHUNS,Ingestão de álcool pelo condutor,Saída de leito carroçável,Com Vítimas Fatais,Pleno dia,Decrescente,Sol,Simples,Curva,Não,1,1,0,0,0,0,0,1,"-9,03003974","-36,43736005",SPRF-PE,DEL03-PE,UOP01-DEL03-PE
474388,2022-09-14,quarta-feira,16:45:00,PE,232,"10,6",JABOATAO DOS GUARARAPES,Velocidade Incompatível,Colisão traseira,Com Vítimas Feridas,Pleno dia,Decrescente,Chuva,Dupla,Em Obras;Reta;Interseção de Vi,Sim,2,0,0,1,1,0,1,2,"-8,08217","-34,991742",SPRF-PE,DEL01-PE,UOP01-DEL01-PE
474420,2022-09-14,quarta-feira,19:50:00,PE,101,29,IGARASSU,Ausência de reação do condutor,Colisão com objeto,Com Vítimas Feridas,Plena Noite,Decrescente,Nublado,Dupla,Reta,Não,3,0,2,1,0,0,3,1,"-7,72939697","-34,94185854",SPRF-PE,DEL01-PE,UOP02-DEL01-PE
474440,2022-09-14,quarta-feira,22:00:00,PE,232,508,SALGUEIRO,Acessar a via sem observar a presença dos outros veículos,Colisão transversal,Com Vítimas Feridas,Plena Noite,Crescente,Céu Claro,Simples,Reta,Sim,3,0,1,0,0,2,1,2,"-8,06223271","-39,12095006",SPRF-PE,DEL05-PE,UOP01-DEL05-PE
474490,2022-09-15,quinta-feira,07:50:00,PE,232,"10,1",JABOATAO DOS GUARARAPES,Condutor deixou de manter distância do veículo da frente,Colisão traseira,Com Vítimas Feridas,Pleno dia,Decrescente,Céu Claro,Dupla,Reta;Em Obras;Interseção de Vi,Sim,3,0,1,1,1,0,2,2,"-8,07917241","-34,98718609",SPRF-PE,DEL01-PE,UOP01-DEL01-PE
474547,2022-09-15,quinta-feira,13:50:00,PE,232,"131,8",CARUARU,Demais falhas mecânicas ou elétricas,Eventos atípicos,Com Vítimas Feridas,Pleno dia,Decrescente,Sol,Dupla,Reta,Sim,3,0,1,0,2,0,1,2,"-8,30117613","-35,99843996",SPRF-PE,DEL02-PE,UOP01-DEL02-PE
474581,2022-09-15,quinta-feira,18:50:00,PE,232,"175,3",BELO JARDIM,Condutor deixou de manter distância do veículo da frente,Colisão traseira,Com Vítimas Feridas,Plena Noite,Crescente,Céu Claro,Simples,Reta,Não,3,0,2,1,0,0,3,2,"-8,342776","-36,389926",SPRF-PE,DEL03-PE,UOP02-DEL03-PE
474597,2022-09-15,quinta-feira,20:13:00,PE,101,"58,6",RECIFE,Condutor deixou de manter distância do veículo da frente,Colisão traseira,Com Vítimas Feridas,Plena Noite,Decrescente,Céu Claro,Dupla,Reta,Não,2,0,0,1,1,0,1,2,"-7,97063209","-34,92064675",SPRF-PE,DEL01-PE,UOP02-DEL01-PE
474682,2022-09-16,sexta-feira,08:13:00,PE,232,"79,2",GRAVATA,Condutor deixou de manter distância do veículo da frente,Colisão traseira,Com Vítimas Feridas,Pleno dia,Decrescente,Sol,Simples,Reta,Sim,3,0,2,0,1,0,2,2,"-8,19528564","-35,56264758",SPRF-PE,DEL02-PE,UOP02-DEL02PE
474710,2022-09-16,sexta-feira,11:20:00,PE,407,130,PETROLINA,Manobra de mudança de faixa,Colisão traseira,Sem Vítimas,Pleno dia,Decrescente,Céu Claro,Dupla,Ponte,Sim,5,0,0,0,5,0,0,5,"-9,40536698","-40,50435309",SPRF-PE,DEL06-PE,UOP01-DEL06-PE
474717,2022-09-16,sexta-feira,11:30:00,PE,408,"65,3",CARPINA,Reação tardia ou ineficiente do condutor,Colisão lateral mesmo sentido,Com Vítimas Feridas,Pleno dia,Decrescente,Céu Claro,Dupla,Reta,Sim,2,0,1,0,1,0,1,2,"-7,85059029","-35,23198016",SPRF-PE,DEL01-PE,UOP01-DEL01-PE
474725,2022-09-16,sexta-feira,13:45:00,PE,101,"26,5",IGARASSU,Demais falhas mecânicas ou elétricas,Colisão lateral mesmo sentido,Com Vítimas Feridas,Pleno dia,Decrescente,Céu Claro,Dupla,Reta,Não,3,0,1,0,2,0,1,2,"-7,70826223","-34,92811677",SPRF-PE,DEL01-PE,UOP02-DEL01-PE
474777,2022-09-16,sexta-feira,06:30:00,PE,101,80,JABOATAO DOS GUARARAPES,Condutor deixou de manter distância do veículo da frente,Colisão traseira,Com Vítimas Feridas,Pleno dia,Crescente,Sol,Dupla,Reta,Sim,3,0,0,1,0,2,1,3,"-8,158752","-34,940838",SPRF-PE,DEL01-PE,UOP01-DEL01-PE
474812,2022-09-16,sexta-feira,19:50:00,PE,101,"77,3",RECIFE,Condutor deixou de manter distância do veículo da frente,Colisão lateral mesmo sentido,Com Vítimas Feridas,Plena Noite,Crescente,Céu Claro,Dupla,Reta,Sim,2,0,2,0,0,0,2,2,"-8,131213","-34,945165",SPRF-PE,DEL01-PE,UOP01-DEL01-PE
474827,2022-09-16,sexta-feira,21:00:00,PE,232,"7,4",RECIFE,Ausência de sinalização,Saída de leito carroçável,Com Vítimas Feridas,Plena Noite,Crescente,Nublado,Dupla,Reta,Não,1,0,1,0,0,0,1,1,"-8,07333497","-34,96184301",SPRF-PE,DEL01-PE,UOP01-DEL01-PE
474898,2022-09-17,sábado,04:00:00,PE,232,339,CUSTODIA,Ausência de reação do condutor,Saída de leito carroçável,Com Vítimas Fatais,Plena Noite,Crescente,Céu Claro,Simples,Reta,Não,1,1,0,0,0,0,0,1,"-8,08234604","-37,68530299",SPRF-PE,DEL04-PE,UOP02-DEL04-PE
474909,2022-09-17,sábado,07:00:00,PE,408,100,SAO LOURENCO DA MATA,Demais falhas mecânicas ou elétricas,Queda de ocupante de veículo,Com Vítimas Feridas,Pleno dia,Crescente,Céu Claro,Dupla,Viaduto,Não,1,0,1,0,0,0,1,1,"-8,044574","-35,012285",SPRF-PE,DEL01-PE,UOP01-DEL01-PE
474953,2022-09-17,sábado,09:20:00,PE,316,103,OURICURI,Acessar a via sem observar a presença dos outros veículos,Colisão lateral mesmo sentido,Com Vítimas Feridas,Pleno dia,Decrescente,Sol,Simples,Reta,Não,2,0,0,2,0,0,2,2,"-7,948398","-39,922055",SPRF-PE,DEL05-PE,UOP02-DEL05-PE
474977,2022-09-17,sábado,14:40:00,PE,428,192,PETROLINA,Acessar a via sem observar a presença dos outros veículos,Saída de leito carroçável,Com Vítimas Feridas,Pleno dia,Crescente,Sol,Dupla,Curva,Sim,3,0,1,0,2,0,1,2,"-9,38653766","-40,52425331",SPRF-PE,DEL06-PE,UOP01-DEL06-PE
475006,2022-09-17,sábado,17:00:00,PE,423,"96,9",GARANHUNS,Ingestão de álcool pelo condutor,Colisão traseira,Sem Vítimas,Pleno dia,Crescente,Nublado,Simples,Interseção de Vias,Sim,2,0,0,0,2,0,0,2,"-8,87751372","-36,49917841",SPRF-PE,DEL03-PE,UOP01-DEL03-PE
475008,2022-09-17,sábado,15:30:00,PE,407,125,PETROLINA,Acessar a via sem observar a presença dos outros veículos,Colisão transversal,Com Vítimas Feridas,Pleno dia,Decrescente,Céu Claro,Dupla,Reta,Sim,2,0,0,1,1,0,1,2,"-9,37739336","-40,53595733",SPRF-PE,DEL06-PE,UOP01-DEL06-PE
475018,2022-09-17,sábado,18:10:00,PE,428,187,PETROLINA,Reação tardia ou ineficiente do condutor,Colisão lateral mesmo sentido,Com Vítimas Feridas,Plena Noite,Decrescente,Céu Claro,Dupla,Interseção de Vias,Sim,2,0,1,0,1,0,1,2,"-9,35604301","-40,47854198",SPRF-PE,DEL06-PE,UOP01-DEL06-PE
475021,2022-09-17,sábado,17:25:00,PE,101,"174,8",JOAQUIM NABUCO,Velocidade Incompatível,Capotamento,Com Vítimas Feridas,Anoitecer,Crescente,Céu Claro,Dupla,Curva,Não,2,0,1,0,1,0,1,1,"-8,602919","-35,534279",SPRF-PE,DEL01-PE,UOP03-DEL01-PE
475030,2022-09-17,sábado,19:10:00,PE,423,64,LAJEDO,Ingestão de álcool pelo condutor,Colisão transversal,Com Vítimas Feridas,Plena Noite,Crescente,Céu Claro,Simples,Reta,Não,3,0,2,0,1,0,2,2,"-8,66427961","-36,35636509",SPRF-PE,DEL03-PE,UOP01-DEL03-PE
475063,2022-09-17,sábado,20:20:00,PE,101,"50,9",ABREU E LIMA,Manobra de mudança de faixa,Colisão lateral mesmo sentido,Com Vítimas Feridas,Plena Noite,Crescente,Céu Claro,Múltipla,Reta,Sim,5,0,0,2,3,0,2,2,"-7,91744268","-34,89705205",SPRF-PE,DEL01-PE,UOP02-DEL01-PE
475157,2022-09-18,domingo,06:50:00,PE,232,"10,5",JABOATAO DOS GUARARAPES,Acumulo de água sobre o pavimento,Colisão com objeto,Sem Vítimas,Pleno dia,Crescente,Garoa/Chuvisco,Múltipla,Em Obras,Não,2,0,0,0,0,2,0,2,"-8,08178136","-34,99180913",SPRF-PE,DEL01-PE,UOP01-DEL01-PE
475160,2022-09-18,domingo,08:45:00,PE,101,"22,8",GOIANA,Condutor deixou de manter distância do veículo da frente,Saída de leito carroçável,Com Vítimas Feridas,Pleno dia,Crescente,Chuva,Dupla,Reta,Não,2,0,1,0,0,1,1,2,"-7,667766","-34,93266",SPRF-PE,DEL01-PE,UOP02-DEL01-PE
475176,2022-09-18,domingo,08:30:00,PE,408,"67,8",PAUDALHO,Velocidade Incompatível,Saída de leito carroçável,Com Vítimas Feridas,Pleno dia,Decrescente,Céu Claro,Dupla,Curva,Sim,1,0,0,1,0,0,1,1,"-7,8584244","-35,21553619",SPRF-PE,DEL01-PE,UOP01-DEL01-PE
475193,2022-09-18,domingo,11:25:00,PE,101,69,RECIFE,Acessar a via sem observar a presença dos outros veículos,Colisão transversal,Com Vítimas Feridas,Pleno dia,Decrescente,Céu Claro,Múltipla,Reta,Sim,2,0,1,0,1,0,1,2,"-8,05951606","-34,94581024",SPRF-PE,DEL01-PE,UOP01-DEL01-PE
475216,2022-09-18,domingo,14:30:00,PE,101,67,RECIFE,Acessar a via sem observar a presença dos outros veículos,Colisão lateral mesmo sentido,Sem Vítimas,Pleno dia,Decrescente,Céu Claro,Simples,Curva,Sim,2,0,0,0,1,1,0,2,"-8,042334","-34,943096",SPRF-PE,DEL01-PE,UOP01-DEL01-PE
475279,2022-09-18,domingo,19:10:00,PE,423,"56,1",LAJEDO,Pedestre andava na pista,Atropelamento de Pedestre,Com Vítimas Feridas,Plena Noite,Decrescente,Céu Claro,Simples,Reta,Não,2,0,0,1,0,1,1,2,"-8,62399689","-36,3013734",SPRF-PE,DEL03-PE,UOP01-DEL03-PE
475299,2022-09-18,domingo,21:25:00,PE,101,41,IGARASSU,Ingestão de álcool pelo condutor,Colisão traseira,Com Vítimas Feridas,Pleno dia,Crescente,Céu Claro,Simples,Reta,Sim,2,0,0,1,1,0,1,2,"-7,83038346","-34,91426785",SPRF-PE,DEL01-PE,UOP02-DEL01-PE
475301,2022-09-18,domingo,18:10:00,PE,428,64,SANTA MARIA DA BOA VISTA,Condutor deixou de manter distância do veículo da frente,Colisão transversal,Com Vítimas Feridas,Plena Noite,Crescente,Céu Claro,Simples,Reta,Não,7,0,0,2,5,0,2,2,"-8,65436324","-39,72965878",SPRF-PE,DEL06-PE,UOP03-DEL06-PE
475374,2022-08-31,quarta-feira,18:00:00,PE,104,"82,4",AGRESTINA,Pedestre andava na pista,Atropelamento de Pedestre,Com Vítimas Fatais,Plena Noite,Decrescente,Chuva,Simples,Declive,Não,3,1,0,0,1,1,0,2,"-8,414513","-35,967102",SPRF-PE,DEL02-PE,UOP01-DEL02-PE
475409,2022-09-18,domingo,23:00:00,PE,408,"64,2",CARPINA,Reação tardia ou ineficiente do condutor,Saída de leito carroçável,Sem Vítimas,Plena Noite,Decrescente,Ignorado,Dupla,Rotatória,Sim,1,0,0,0,0,1,0,1,"-7,846511","-35,24029",SPRF-PE,DEL01-PE,UOP01-DEL01-PE
475442,2022-09-18,domingo,11:00:00,PE,116,62,SALGUEIRO,Condutor Dormindo,Saída de leito carroçável,Com Vítimas Feridas,Pleno dia,Crescente,Sol,Simples,Reta,Não,1,0,0,1,0,0,1,1,"-8,30118811","-39,12231445",SPRF-PE,DEL05-PE,UOP03-DEL05-PE
475519,2022-09-19,segunda-feira,20:30:00,PE,232,108,BEZERROS,Demais falhas mecânicas ou elétricas,Incêndio,Sem Vítimas,Plena Noite,Decrescente,Céu Claro,Dupla,Reta,Não,1,0,0,0,0,1,0,1,"-8,27437583","-35,80416315",SPRF-PE,DEL02-PE,UOP02-DEL02PE
475550,2022-09-20,terça-feira,07:10:00,PE,408,"96,1",SAO LOURENCO DA MATA,Ausência de reação do condutor,Colisão traseira,Com Vítimas Feridas,Pleno dia,Crescente,Céu Claro,Dupla,Declive,Sim,2,0,0,1,1,0,1,2,"-8,02062","-35,041045",SPRF-PE,DEL01-PE,UOP01-DEL01-PE
475643,2022-09-20,terça-feira,17:15:00,PE,101,"78,5",JABOATAO DOS GUARARAPES,Pedestre cruzava a pista fora da faixa,Atropelamento de Pedestre,Com Vítimas Feridas,Anoitecer,Decrescente,Céu Claro,Dupla,Curva,Sim,2,0,0,1,1,0,1,2,"-8,13496499","-34,94738614",SPRF-PE,DEL01-PE,UOP01-DEL01-PE
475664,2022-09-20,terça-feira,17:30:00,PE,101,"68,2",RECIFE,Trafegar com motocicleta (ou similar) entre as faixas,Colisão lateral mesmo sentido,Com Vítimas Feridas,Plena Noite,Crescente,Céu Claro,Dupla,Reta;Declive                  ,Sim,2,0,0,1,1,0,1,2,"-8,052781","-34,946242",SPRF-PE,DEL01-PE,UOP01-DEL01-PE
475690,2022-09-20,terça-feira,22:45:00,PE,101,"82,7",JABOATAO DOS GUARARAPES,Reação tardia ou ineficiente do condutor,Saída de leito carroçável,Com Vítimas Feridas,Plena Noite,Decrescente,Céu Claro,Dupla,Curva,Sim,1,0,1,0,0,0,1,1,"-8,177987","-34,949428",SPRF-PE,DEL01-PE,UOP01-DEL01-PE
475723,2022-09-21,quarta-feira,06:50:00,PE,101,57,RECIFE,Manobra de mudança de faixa,Colisão lateral mesmo sentido,Com Vítimas Feridas,Pleno dia,Crescente,Céu Claro,Múltipla,Declive,Não,3,0,1,0,1,1,1,3,"-7,96346213","-34,91513486",SPRF-PE,DEL01-PE,UOP02-DEL01-PE
475733,2022-09-21,quarta-feira,08:40:00,PE,101,70,RECIFE,Manobra de mudança de faixa,Colisão lateral mesmo sentido,Com Vítimas Feridas,Pleno dia,Crescente,Sol,Dupla,Reta,Sim,3,0,1,0,1,1,1,2,"-8,06776119","-34,94265074",SPRF-PE,DEL01-PE,UOP01-DEL01-PE
475744,2022-09-21,quarta-feira,09:35:00,PE,424,"125,7",CORRENTES,Ultrapassagem Indevida,Saída de leito carroçável,Com Vítimas Fatais,Pleno dia,Crescente,Céu Claro,Simples,Declive,Não,1,1,0,0,0,0,0,1,"-9,084191","-36,387796",SPRF-PE,DEL03-PE,UOP01-DEL03-PE
475749,2022-09-21,quarta-feira,10:30:00,PE,101,70,RECIFE,Ausência de reação do condutor,Colisão lateral mesmo sentido,Com Vítimas Feridas,Pleno dia,Decrescente,Céu Claro,Dupla,Reta,Sim,2,0,1,0,1,0,1,2,"-8,06776119","-34,94265074",SPRF-PE,DEL01-PE,UOP01-DEL01-PE
475767,2022-09-21,quarta-feira,11:15:00,PE,101,46,IGARASSU,Manobra de mudança de faixa,Colisão lateral mesmo sentido,Sem Vítimas,Pleno dia,Decrescente,Céu Claro,Múltipla,Reta;Interseção de Vias       ,Sim,2,0,0,0,1,1,0,2,"-7,87406004","-34,90588126",SPRF-PE,DEL01-PE,UOP02-DEL01-PE
475862,2022-09-21,quarta-feira,15:30:00,PE,232,"59,6",POMBOS,Retorno proibido,Colisão transversal,Com Vítimas Fatais,Pleno dia,Decrescente,Céu Claro,Dupla,Reta,Sim,2,1,0,0,0,1,0,2,"-8,1471233","-35,39890998",SPRF-PE,DEL02-PE,UOP02-DEL02PE
475869,2022-09-21,quarta-feira,22:30:00,PE,101,82,JABOATAO DOS GUARARAPES,Condutor deixou de manter distância do veículo da frente,Colisão traseira,Com Vítimas Feridas,Plena Noite,Crescente,Céu Claro,Dupla,Reta,Sim,4,0,2,0,2,0,2,3,"-8,168383","-34,9376",SPRF-PE,DEL01-PE,UOP01-DEL01-PE
475914,2022-09-22,quinta-feira,07:30:00,PE,408,"70,8",PAUDALHO,Pedestre cruzava a pista fora da faixa,Atropelamento de Pedestre,Com Vítimas Feridas,Pleno dia,Decrescente,Nublado,Dupla,Curva,Não,3,0,0,1,2,0,1,2,"-7,87169406","-35,19398501",SPRF-PE,DEL01-PE,UOP01-DEL01-PE
475923,2022-09-22,quinta-feira,07:40:00,PE,408,72,PAUDALHO,Transitar na contramão,Colisão frontal,Com Vítimas Feridas,Pleno dia,Decrescente,Céu Claro,Dupla,Curva,Sim,2,0,0,1,1,0,1,2,"-7,88298505","-35,18197309",SPRF-PE,DEL01-PE,UOP01-DEL01-PE
475953,2022-09-22,quinta-feira,12:00:00,PE,232,"6,2",RECIFE,Obras na pista,Colisão lateral mesmo sentido,Com Vítimas Feridas,Pleno dia,Decrescente,Céu Claro,Dupla,Em Obras,Não,2,0,1,0,1,0,1,2,"-8,07079525","-34,9535389",SPRF-PE,DEL01-PE,UOP01-DEL01-PE
475977,2022-07-24,domingo,17:55:00,PE,101,"71,7",RECIFE,Acesso irregular,Colisão transversal,Com Vítimas Feridas,Plena Noite,Decrescente,Céu Claro,Múltipla,Interseção de Vias,Sim,2,0,1,0,1,0,1,2,"-8,07663102","-34,94277871",SPRF-PE,DEL01-PE,UOP01-DEL01-PE
476061,2022-09-22,quinta-feira,21:58:00,PE,101,51,ABREU E LIMA,Condutor deixou de manter distância do veículo da frente,Colisão traseira,Com Vítimas Feridas,Plena Noite,Crescente,Céu Claro,Múltipla,Reta,Sim,2,0,0,1,1,0,1,2,"-7,9169968","-34,89689272",SPRF-PE,DEL01-PE,UOP02-DEL01-PE
476069,2022-09-22,quinta-feira,22:40:00,PE,428,189,PETROLINA,Ingestão de álcool pelo condutor,Colisão com objeto,Sem Vítimas,Plena Noite,Crescente,Céu Claro,Simples,Reta,Não,4,0,0,0,4,0,0,1,"-9,37197508","-40,48679585",SPRF-PE,DEL06-PE,UOP01-DEL06-PE
476180,2022-09-23,sexta-feira,08:00:00,PE,232,"253,5",ARCOVERDE,Animais na Pista,Atropelamento de Animal,Com Vítimas Feridas,Pleno dia,Crescente,Céu Claro,Simples,Reta,Sim,1,0,0,1,0,0,1,1,"-8,42522112","-37,07235809",SPRF-PE,DEL04-PE,UOP02-DEL04-PE
476264,2022-09-23,sexta-feira,20:00:00,PE,232,110,BEZERROS,Reação tardia ou ineficiente do condutor,Queda de ocupante de veículo,Com Vítimas Feridas,Plena Noite,Crescente,Céu Claro,Dupla,Curva,Não,1,0,0,1,0,0,1,1,"-8,28634529","-35,81755579",SPRF-PE,DEL02-PE,UOP02-DEL02PE
476275,2022-09-23,sexta-feira,19:45:00,PE,232,"308,1",SERTANIA,Demais falhas mecânicas ou elétricas,Incêndio,Sem Vítimas,Plena Noite,Crescente,Céu Claro,Simples,Reta,Não,1,0,0,0,0,1,0,1,"-8,1709842","-37,45960426",SPRF-PE,DEL04-PE,UOP02-DEL04-PE
476283,2022-09-23,sexta-feira,18:00:00,PE,316,"14,3",ARARIPINA,Carga excessiva e/ou mal acondicionada,Tombamento,Com Vítimas Fatais,Plena Noite,Crescente,Céu Claro,Simples,Reta,Não,1,1,0,0,0,0,0,1,"-7,517979","-40,567833",SPRF-PE,DEL05-PE,UOP02-DEL05-PE
476310,2022-09-24,sábado,02:15:00,PE,232,151,SAO CAITANO,Transitar na contramão,Colisão frontal,Com Vítimas Feridas,Plena Noite,Decrescente,Céu Claro,Simples,Reta,Não,1,0,0,1,0,0,1,1,"-8,32643046","-36,17195697",SPRF-PE,DEL03-PE,UOP02-DEL03-PE
476413,2022-09-24,sábado,10:25:00,PE,101,68,RECIFE,Condutor deixou de manter distância do veículo da frente,Colisão traseira,Com Vítimas Feridas,Pleno dia,Crescente,Céu Claro,Dupla,Reta,Sim,2,0,0,1,1,0,1,2,"-8,052286","-34,946218",SPRF-PE,DEL01-PE,UOP01-DEL01-PE
476422,2022-09-24,sábado,10:50:00,PE,101,"111,9",CABO DE SANTO AGOSTINHO,Reação tardia ou ineficiente do condutor,Queda de ocupante de veículo,Com Vítimas Feridas,Pleno dia,Crescente,Sol,Dupla,Curva,Não,1,0,1,0,0,0,1,1,"-8,32226007","-35,11259081",SPRF-PE,DEL01-PE,UOP03-DEL01-PE
476626,2022-09-24,sábado,20:30:00,PE,232,414,SERRA TALHADA,Acessar a via sem observar a presença dos outros veículos,Colisão transversal,Com Vítimas Fatais,Plena Noite,Decrescente,Céu Claro,Simples,Reta,Sim,2,1,0,0,0,1,0,2,"-7,99236282","-38,33750809",SPRF-PE,DEL04-PE,UOP01-DEL04-PE
476662,2022-09-25,domingo,01:40:00,PE,232,"160,5",TACAIMBO,Ingestão de álcool pelo condutor,Colisão frontal,Com Vítimas Fatais,Plena Noite,Decrescente,Céu Claro,Simples,Reta,Não,2,1,0,0,0,1,0,2,"-8,33165566","-36,25343502",SPRF-PE,DEL03-PE,UOP02-DEL03-PE
476709,2022-07-07,quinta-feira,00:04:00,PE,101,"49,9",ABREU E LIMA,Iluminação deficiente,Colisão lateral mesmo sentido,Com Vítimas Feridas,Plena Noite,Crescente,Garoa/Chuvisco,Dupla,Reta,Sim,2,0,0,1,1,0,1,2,"-7,9005152","-34,90180641",SPRF-PE,DEL01-PE,UOP02-DEL01-PE
476750,2022-09-25,domingo,10:40:00,PE,101,160,GAMELEIRA,Pista Escorregadia,Capotamento,Com Vítimas Feridas,Pleno dia,Decrescente,Chuva,Dupla,Curva;Aclive                  ,Não,2,0,2,0,0,0,2,1,"-8,55559186","-35,42237611",SPRF-PE,DEL01-PE,UOP03-DEL01-PE
476754,2022-08-06,sábado,12:30:00,PE,407,"125,4",PETROLINA,Manobra de mudança de faixa,Colisão lateral mesmo sentido,Com Vítimas Feridas,Pleno dia,Decrescente,Céu Claro,Dupla,Reta,Sim,2,0,0,1,0,1,1,2,"-9,38102274","-40,53221762",SPRF-PE,DEL06-PE,UOP01-DEL06-PE
476808,2022-09-25,domingo,17:50:00,PE,232,57,POMBOS,Acessar a via sem observar a presença dos outros veículos,Colisão lateral mesmo sentido,Com Vítimas Feridas,Plena Noite,Crescente,Céu Claro,Dupla,Reta,Não,3,0,2,0,0,1,2,2,"-8,1412132","-35,38181492",SPRF-PE,DEL02-PE,UOP02-DEL02PE