id,data_inversa,dia_semana,horario,uf,br,km,municipio,causa_acidente,tipo_acidente,classificacao_acidente,fase_dia,sentido_via,condicao_metereologica,tipo_pista,tracado_via,uso_solo,pessoas,mortos,feridos_leves,feridos_graves,ilesos,ignorados,feridos,veiculos,latitude,longitude,regional,delegacia,uop
492442,2022-12-12,segunda-feira,17:30:00,PE,232,415,SERRA TALHADA,Animais na Pista,Atropelamento de Animal,Com Vítimas Feridas,Anoitecer,Crescente,Céu Claro,Simples,Reta,Não,2,0,1,1,0,0,2,1,"-7,988824","-38,330195",SPRF-PE,DEL04-PE,UOP01-DEL04-PE
492462,2022-09-18,domingo,11:30:00,PE,423,111,PARANATAMA,Reação tardia ou ineficiente do condutor,Colisão traseira,Com Vítimas Feridas,Pleno dia,Crescente,Céu Claro,Simples,Reta,Não,10,0,5,2,0,3,7,2,"-8,89303549","-36,61653287",SPRF-PE,DEL03-PE,UOP01-DEL03-PE
492471,2022-12-12,segunda-feira,20:35:00,PE,232,109,BEZERROS,Restrição de visibilidade em curvas horizontais,Saída de leito carroçável,Com Vítimas Feridas,Plena Noite,Crescente,Céu Claro,Dupla,Curva,Sim,2,0,1,0,1,0,1,1,"-8,28036785","-35,81085313",SPRF-PE,DEL02-PE,UOP02-DEL02PE
492490,2022-12-13,terça-feira,00:45:00,PE,232,49,VITORIA DE SANTO ANTAO,Velocidade Incompatível,Saída de leito carroçável,Com Vítimas Feridas,Plena Noite,Decrescente,Céu Claro,Dupla,Reta,Não,5,0,4,0,1,0,4,1,"-8,143676","-35,314419",SPRF-PE,DEL01-PE,UOP01-DEL01-PE
492513,2022-12-13,terça-feira,06:50:00,PE,104,"62,5",CARUARU,Avarias e/ou desgaste excessivo no pneu,Capotamento,Sem Vítimas,Pleno dia,Decrescente,Céu Claro,Simples,Reta,Sim,1,0,0,0,1,0,0,1,"-8,2618","-35,976",SPRF-PE,DEL02-PE,UOP01-DEL02-PE
492514,2022-12-13,terça-feira,08:30:00,PE,101,45,IGARASSU,Pedestre cruzava a pista fora da faixa,Atropelamento de Pedestre,Com Vítimas Feridas,Pleno dia,Crescente,Céu Claro,Simples,Reta,Sim,2,0,0,1,1,0,1,2,"-7,86521297","-34,90715176",SPRF-PE,DEL01-PE,UOP02-DEL01-PE
492515,2022-12-12,segunda-feira,14:50:00,PE,232,134,CARUARU,Condutor deixou de manter distância do veículo da frente,Incêndio,Sem Vítimas,Pleno dia,Decrescente,Céu Claro,Dupla,Reta,Sim,1,0,0,0,0,1,0,1,"-8,30853497","-36,02442101",SPRF-PE,DEL02-PE,UOP01-DEL02-PE
492540,2022-12-13,terça-feira,08:30:00,PE,408,"80,3",PAUDALHO,Entrada inopinada do pedestre,Atropelamento de Pedestre,Com Vítimas Fatais,Pleno dia,Crescente,Sol,Dupla,Reta,Sim,3,1,0,0,2,0,0,2,"-7,9310439","-35,13844295",SPRF-PE,DEL01-PE,UOP01-DEL01-PE
492592,2022-12-13,terça-feira,14:40:00,PE,232,234,PESQUEIRA,Ultrapassagem Indevida,Colisão lateral sentido oposto,Com Vítimas Feridas,Pleno dia,Decrescente,Céu Claro,Simples,Curva,Não,3,0,1,0,2,0,1,2,"-8,40708897","-36,910579",SPRF-PE,DEL04-PE,UOP02-DEL04-PE
492606,2022-12-13,terça-feira,16:16:00,PE,423,"77,1",JUCATI,Ultrapassagem Indevida,Colisão frontal,Sem Vítimas,Pleno dia,Decrescente,Céu Claro,Simples,Reta,Não,3,0,0,0,3,0,0,3,"-8,740482","-36,43069893",SPRF-PE,DEL03-PE,UOP01-DEL03-PE
492641,2022-12-13,terça-feira,19:00:00,PE,232,103,BEZERROS,Animais na Pista,Atropelamento de Animal,Com Vítimas Feridas,Plena Noite,Decrescente,Céu Claro,Dupla,Reta,Não,3,0,2,0,1,0,2,1,"-8,25219029","-35,76584983",SPRF-PE,DEL02-PE,UOP02-DEL02PE
492651,2022-12-13,terça-feira,20:08:00,PE,232,"5,4",RECIFE,Obras na pista,Colisão lateral mesmo sentido,Com Vítimas Feridas,Plena Noite,Crescente,Céu Claro,Dupla,Em Obras,Sim,2,0,1,0,1,0,1,2,"-8,069585","-34,950173",SPRF-PE,DEL01-PE,UOP01-DEL01-PE
492729,2022-12-14,quarta-feira,09:15:00,PE,101,48,ABREU E LIMA,Acessar a via sem observar a presença dos outros veículos,Colisão lateral sentido oposto,Com Vítimas Feridas,Pleno dia,Crescente,Céu Claro,Simples,Interseção de Vias;Retorno Reg,Sim,3,0,1,0,2,0,1,2,"-7,893087","-34,90348",SPRF-PE,DEL01-PE,UOP02-DEL01-PE
492739,2022-12-14,quarta-feira,11:05:00,PE,316,"47,4",ARARIPINA,Acessar a via sem observar a presença dos outros veículos,Colisão transversal,Com Vítimas Feridas,Pleno dia,Crescente,Céu Claro,Simples,Declive;Reta                  ,Não,2,0,1,0,1,0,1,2,"-7,70106761","-40,34291968",SPRF-PE,DEL05-PE,UOP02-DEL05-PE
492775,2022-12-14,quarta-feira,16:10:00,PE,408,"79,5",PAUDALHO,Avarias e/ou desgaste excessivo no pneu,Tombamento,Sem Vítimas,Pleno dia,Decrescente,Céu Claro,Dupla,Reta,Não,1,0,0,0,1,0,0,1,"-7,92735072","-35,14679086",SPRF-PE,DEL01-PE,UOP01-DEL01-PE
492779,2022-12-14,quarta-feira,16:40:00,PE,101,68,RECIFE,Condutor deixou de manter distância do veículo da frente,Colisão traseira,Sem Vítimas,Pleno dia,Decrescente,Céu Claro,Dupla,Viaduto,Não,3,0,0,0,3,0,0,3,"-8,05217598","-34,94613647",SPRF-PE,DEL01-PE,UOP01-DEL01-PE
492789,2022-12-14,quarta-feira,17:50:00,PE,232,6,RECIFE,Ausência de reação do condutor,Colisão traseira,Com Vítimas Feridas,Plena Noite,Decrescente,Céu Claro,Dupla,Reta,Não,2,0,0,1,1,0,1,2,"-8,07079525","-34,9535389",SPRF-PE,DEL01-PE,UOP01-DEL01-PE
492795,2022-12-14,quarta-feira,17:55:00,PE,101,74,RECIFE,Ausência de reação do condutor,Colisão traseira,Com Vítimas Feridas,Plena Noite,Crescente,Céu Claro,Dupla,Reta,Sim,2,0,0,1,1,0,1,2,"-8,108104","-34,947793",SPRF-PE,DEL01-PE,UOP01-DEL01-PE
492811,2022-12-14,quarta-feira,19:10:00,PE,316,"34,8",ARARIPINA,Acessar a via sem observar a presença dos outros veículos,Colisão transversal,Com Vítimas Feridas,Plena Noite,Crescente,Céu Claro,Simples,Reta;Interseção de Vias;Decliv,Não,2,0,0,1,1,0,1,2,"-7,63794532","-40,43301114",SPRF-PE,DEL05-PE,UOP02-DEL05-PE
492852,2022-12-14,quarta-feira,23:40:00,PE,232,129,CARUARU,Condutor Dormindo,Queda de ocupante de veículo,Com Vítimas Feridas,Plena Noite,Decrescente,Céu Claro,Dupla,Reta,Não,1,0,1,0,0,0,1,1,"-8,30193507","-35,98092002",SPRF-PE,DEL02-PE,UOP01-DEL02-PE
492879,2022-12-15,quinta-feira,05:30:00,PE,232,377,FLORES,Pedestre cruzava a pista fora da faixa,Atropelamento de Pedestre,Com Vítimas Feridas,Amanhecer,Crescente,Céu Claro,Simples,Reta;Declive                  ,Não,3,0,0,1,0,2,1,2,"-8,03386107","-38,02501395",SPRF-PE,DEL04-PE,UOP01-DEL04-PE
492892,2022-12-15,quinta-feira,08:25:00,PE,101,"70,4",RECIFE,Manobra de mudança de faixa,Colisão lateral mesmo sentido,Com Vítimas Feridas,Pleno dia,Crescente,Céu Claro,Dupla,Reta,Sim,2,0,1,0,0,1,1,2,"-8,076194","-34,935857",SPRF-PE,DEL01-PE,UOP01-DEL01-PE
492927,2022-12-07,quarta-feira,20:00:00,PE,110,238,JATOBA,Transitar na contramão,Colisão frontal,Com Vítimas Feridas,Plena Noite,Crescente,Céu Claro,Simples,Reta,Não,2,0,0,1,0,1,1,2,"-9,12559589","-38,28603612",SPRF-BA,DEL07-BA,UOP01-DEL07-BA
493003,2022-12-07,quarta-feira,20:40:00,PE,104,129,TORITAMA,Reação tardia ou ineficiente do condutor,Colisão lateral mesmo sentido,Com Vítimas Feridas,Plena Noite,Decrescente,Céu Claro,Simples,Reta,Não,2,0,1,0,1,0,1,2,"-8,00517684","-36,07944489",SPRF-PE,DEL02-PE,UOP03-DEL02-PE
493036,2022-12-15,quinta-feira,20:15:00,PE,407,127,PETROLINA,Condutor desrespeitou a iluminação vermelha do semáforo,Colisão transversal,Com Vítimas Feridas,Plena Noite,Crescente,Céu Claro,Dupla,Interseção de Vias,Sim,2,0,2,0,0,0,2,2,"-9,3908678","-40,52038627",SPRF-PE,DEL06-PE,UOP01-DEL06-PE
493051,2022-12-16,sexta-feira,01:00:00,PE,101,58,RECIFE,Ausência de reação do condutor,Capotamento,Com Vítimas Feridas,Plena Noite,Decrescente,Céu Claro,Dupla,Reta,Sim,1,0,1,0,0,0,1,1,"-7,97063209","-34,92064675",SPRF-PE,DEL01-PE,UOP02-DEL01-PE
493054,2022-12-16,sexta-feira,01:40:00,PE,101,57,PAULISTA,Condutor Dormindo,Saída de leito carroçável,Com Vítimas Feridas,Plena Noite,Decrescente,Nublado,Dupla,Reta,Sim,1,0,1,0,0,0,1,1,"-7,96346213","-34,91513486",SPRF-PE,DEL01-PE,UOP02-DEL01-PE
493066,2022-12-16,sexta-feira,04:40:00,PE,232,41,VITORIA DE SANTO ANTAO,Manobra de mudança de faixa,Colisão lateral mesmo sentido,Com Vítimas Feridas,Amanhecer,Decrescente,Céu Claro,Dupla,Reta,Não,3,0,1,0,1,1,1,3,"-8,11394893","-35,243303",SPRF-PE,DEL01-PE,UOP01-DEL01-PE
493089,2022-12-05,segunda-feira,04:00:00,PE,423,37,CACHOEIRINHA,Animais na Pista,Atropelamento de Animal,Sem Vítimas,Plena Noite,Crescente,Chuva,Simples,Reta,Não,1,0,0,0,1,0,0,1,"-8,47542022","-36,22203249",SPRF-PE,DEL03-PE,UOP02-DEL03-PE
493123,2022-12-16,sexta-feira,11:00:00,PE,408,60,CARPINA,Condutor deixou de manter distância do veículo da frente,Colisão lateral mesmo sentido,Com Vítimas Feridas,Pleno dia,Decrescente,Céu Claro,Simples,Reta,Não,3,0,3,0,0,0,3,2,"-7,81426694","-35,24460015",SPRF-PE,DEL01-PE,UOP01-DEL01-PE
493139,2022-12-16,sexta-feira,12:15:00,PE,232,9,RECIFE,Retorno proibido,Colisão transversal,Com Vítimas Feridas,Pleno dia,Crescente,Sol,Dupla,Reta,Sim,3,0,1,1,1,0,2,2,"-8,07764447","-34,97863609",SPRF-PE,DEL01-PE,UOP01-DEL01-PE
493142,2022-11-28,segunda-feira,14:10:00,PE,407,127,PETROLINA,Acessar a via sem observar a presença dos outros veículos,Colisão transversal,Com Vítimas Feridas,Pleno dia,Decrescente,Céu Claro,Simples,Reta,Não,3,0,2,0,0,1,2,2,"-9,3908678","-40,52038627",SPRF-PE,DEL06-PE,UOP01-DEL06-PE
493161,2022-12-16,sexta-feira,14:35:00,PE,101,"69,5",RECIFE,Demais falhas na via,Queda de ocupante de veículo,Com Vítimas Feridas,Pleno dia,Crescente,Sol,Dupla,Reta,Não,2,0,1,0,1,0,1,1,"-8,06483343","-34,94421642",SPRF-PE,DEL01-PE,UOP01-DEL01-PE
493202,2022-12-16,sexta-feira,14:52:00,PE,424,86,GARANHUNS,Desrespeitar a preferência no cruzamento,Colisão transversal,Com Vítimas Feridas,Pleno dia,Decrescente,Céu Claro,Simples,Declive,Não,2,0,1,1,0,0,2,2,"-8,86552886","-36,50934159",SPRF-PE,DEL03-PE,UOP01-DEL03-PE
493230,2022-12-16,sexta-feira,20:50:00,PE,101,"61,2",RECIFE,Reação tardia ou ineficiente do condutor,Colisão lateral mesmo sentido,Com Vítimas Feridas,Plena Noite,Decrescente,Céu Claro,Dupla,Reta,Sim,2,0,1,0,1,0,1,2,"-7,99097103","-34,93598295",SPRF-PE,DEL01-PE,UOP02-DEL01-PE
493232,2022-12-16,sexta-feira,20:25:00,PE,232,110,BEZERROS,Ausência de reação do condutor,Queda de ocupante de veículo,Com Vítimas Feridas,Plena Noite,Crescente,Céu Claro,Dupla,Reta,Não,1,0,0,1,0,0,1,1,"-8,28634529","-35,81755579",SPRF-PE,DEL02-PE,UOP02-DEL02PE
493233,2022-12-16,sexta-feira,16:20:00,PE,408,"66,5",PAUDALHO,Reação tardia ou ineficiente do condutor,Atropelamento de Pedestre,Com Vítimas Feridas,Anoitecer,Decrescente,Sol,Dupla,Reta,Sim,3,0,1,1,0,1,2,2,"-7,856974","-35,218851",SPRF-PE,DEL01-PE,UOP01-DEL01-PE
493295,2022-12-17,sábado,02:40:00,PE,424,"91,9",GARANHUNS,Transitar na contramão,Colisão frontal,Com Vítimas Feridas,Plena Noite,Crescente,Céu Claro,Simples,Curva,Sim,2,0,1,0,1,0,1,2,"-8,90409633","-36,49974647",SPRF-PE,DEL03-PE,UOP01-DEL03-PE
493300,2022-12-17,sábado,02:50:00,PE,104,"107,4",PANELAS,Transitar na contramão,Colisão frontal,Com Vítimas Feridas,Plena Noite,Crescente,Nublado,Simples,Curva,Não,4,0,1,0,3,0,1,2,"-8,618267","-35,978292",SPRF-PE,DEL02-PE,UOP03-DEL02-PE
493410,2022-12-17,sábado,14:20:00,PE,232,"126,9",CARUARU,Ingestão de álcool pelo condutor,Saída de leito carroçável,Com Vítimas Feridas,Pleno dia,Decrescente,Céu Claro,Dupla,Reta,Sim,1,0,0,1,0,0,1,1,"-8,30518733","-35,968557",SPRF-PE,DEL02-PE,UOP01-DEL02-PE
493445,2022-12-17,sábado,17:10:00,PE,101,63,RECIFE,Ausência de reação do condutor,Colisão traseira,Sem Vítimas,Anoitecer,Crescente,Céu Claro,Dupla,Reta,Sim,5,0,0,0,4,1,0,2,"-8,00800604","-34,93756535",SPRF-PE,DEL01-PE,UOP01-DEL01-PE
493446,2022-12-17,sábado,17:50:00,PE,101,3,GOIANA,Condutor deixou de manter distância do veículo da frente,Colisão traseira,Com Vítimas Feridas,Plena Noite,Crescente,Céu Claro,Dupla,Aclive,Não,2,0,1,0,1,0,1,2,"-7,52387351","-34,99333161",SPRF-PE,DEL01-PE,UOP02-DEL01-PE
493457,2022-12-17,sábado,17:40:00,PE,316,85,OURICURI,Frear bruscamente,Capotamento,Com Vítimas Feridas,Pleno dia,Crescente,Céu Claro,Simples,Reta,Sim,1,0,1,0,0,0,1,1,"-7,88417113","-40,0701651",SPRF-PE,DEL05-PE,UOP02-DEL05-PE
493480,2022-12-17,sábado,13:50:00,PE,424,80,GARANHUNS,Ingestão de álcool e/ou substâncias psicoativas pelo pedestre,Tombamento,Com Vítimas Feridas,Pleno dia,Crescente,Céu Claro,Simples,Reta,Não,2,0,1,1,0,0,2,1,"-8,8305209","-36,54673593",SPRF-PE,DEL03-PE,UOP01-DEL03-PE
493515,2022-12-17,sábado,22:20:00,PE,101,40,IGARASSU,Retorno proibido,Colisão transversal,Com Vítimas Feridas,Plena Noite,Decrescente,Céu Claro,Dupla,Reta,Sim,3,0,2,0,1,0,2,2,"-7,821475","-34,916545",SPRF-PE,DEL01-PE,UOP02-DEL01-PE
493575,2022-12-18,domingo,07:00:00,PE,101,"166,5",AGUA PRETA,Demais falhas mecânicas ou elétricas,Saída de leito carroçável,Com Vítimas Feridas,Pleno dia,Crescente,Céu Claro,Dupla,Curva,Não,2,0,1,0,1,0,1,1,"-8,56126018","-35,46857977",SPRF-PE,DEL01-PE,UOP03-DEL01-PE
493577,2022-12-18,domingo,07:00:00,PE,101,"50,1",ABREU E LIMA,Ingestão de álcool pelo condutor,Colisão traseira,Com Vítimas Feridas,Pleno dia,Crescente,Céu Claro,Múltipla,Reta,Sim,2,0,1,0,1,0,1,2,"-7,910868","-34,90175",SPRF-PE,DEL01-PE,UOP02-DEL01-PE
493603,2022-12-18,domingo,09:25:00,PE,101,34,IGARASSU,Reação tardia ou ineficiente do condutor,Saída de leito carroçável,Com Vítimas Feridas,Pleno dia,Decrescente,Céu Claro,Dupla,Reta,Não,1,0,1,0,0,0,1,1,"-7,77092801","-34,93524623",SPRF-PE,DEL01-PE,UOP02-DEL01-PE
493644,2022-12-18,domingo,15:10:00,PE,101,66,RECIFE,Manobra de mudança de faixa,Colisão lateral mesmo sentido,Com Vítimas Feridas,Pleno dia,Crescente,Céu Claro,Dupla,Reta,Sim,4,0,0,2,2,0,2,2,"-8,040755","-34,942852",SPRF-PE,DEL01-PE,UOP01-DEL01-PE
493652,2022-12-18,domingo,15:40:00,PE,101,154,RIBEIRAO,Condutor Dormindo,Saída de leito carroçável,Com Vítimas Feridas,Pleno dia,Crescente,Céu Claro,Dupla,Curva;Em Obras                ,Não,6,0,4,2,0,0,6,1,"-8,52860711","-35,38883966",SPRF-PE,DEL01-PE,UOP03-DEL01-PE
493747,2022-12-18,domingo,23:30:00,PE,232,"274,8",SERTANIA,Ingestão de álcool pelo condutor,Capotamento,Sem Vítimas,Plena Noite,Decrescente,Céu Claro,Simples,Reta,Não,1,0,0,0,1,0,0,1,"-8,38396122","-37,24935312",SPRF-PE,DEL04-PE,UOP02-DEL04-PE
493776,2022-12-18,domingo,19:00:00,PE,316,"241,2",BELEM DE SAO FRANCISCO,Ingestão de álcool pelo condutor,Capotamento,Com Vítimas Feridas,Plena Noite,Decrescente,Nublado,Simples,Reta,Não,1,0,1,0,0,0,1,1,"-8,64098209","-39,04306705",SPRF-PE,DEL05-PE,UOP03-DEL05-PE
493974,2022-12-20,terça-feira,05:40:00,PE,101,47,IGARASSU,Manobra de mudança de faixa,Colisão lateral mesmo sentido,Com Vítimas Feridas,Amanhecer,Crescente,Céu Claro,Dupla,Reta,Sim,2,0,0,1,0,1,1,2,"-7,88290701","-34,90461208",SPRF-PE,DEL01-PE,UOP02-DEL01-PE
494012,2022-12-20,terça-feira,13:20:00,PE,232,29,MORENO,Ausência de reação do condutor,Saída de leito carroçável,Com Vítimas Feridas,Pleno dia,Crescente,Sol,Dupla,Curva,Não,1,0,1,0,0,0,1,1,"-8,10506572","-35,16100451",SPRF-PE,DEL01-PE,UOP01-DEL01-PE
494031,2022-12-20,terça-feira,15:00:00,PE,232,264,SERTANIA,Conversão proibida,Colisão lateral sentido oposto,Com Vítimas Feridas,Pleno dia,Crescente,Céu Claro,Simples,Reta,Não,5,0,2,0,3,0,2,2,"-8,40910972","-37,16489198",SPRF-PE,DEL04-PE,UOP02-DEL04-PE
494044,2022-12-20,terça-feira,15:30:00,PE,316,276,BELEM DE SAO FRANCISCO,Pista esburacada,Saída de leito carroçável,Com Vítimas Feridas,Pleno dia,Decrescente,Céu Claro,Simples,Reta,Não,4,0,1,0,3,0,1,1,"-8,68360279","-38,80988507",SPRF-PE,DEL04-PE,UOP03-DEL04-PE
494050,2022-12-20,terça-feira,17:23:00,PE,428,"185,5",PETROLINA,Acessar a via sem observar a presença dos outros veículos,Colisão lateral mesmo sentido,Com Vítimas Feridas,Pleno dia,Decrescente,Sol,Dupla,Retorno Regulamentado,Sim,2,0,1,0,1,0,1,2,"-9,34009199","-40,47032001",SPRF-PE,DEL06-PE,UOP01-DEL06-PE
494058,2022-12-20,terça-feira,18:00:00,PE,232,"4,3",RECIFE,Acostamento em desnível,Saída de leito carroçável,Com Vítimas Feridas,Plena Noite,Crescente,Céu Claro,Múltipla,Curva,Sim,1,0,1,0,0,0,1,1,"-8,05951606","-34,94581024",SPRF-PE,DEL01-PE,UOP01-DEL01-PE
494174,2022-12-17,sábado,17:30:00,PE,101,"77,3",RECIFE,Acessar a via sem observar a presença dos outros veículos,Colisão lateral mesmo sentido,Com Vítimas Feridas,Anoitecer,Crescente,Céu Claro,Dupla,Retorno Regulamentado,Sim,2,0,1,0,1,0,1,2,"-8,126982","-34,94386",SPRF-PE,DEL01-PE,UOP01-DEL01-PE
494179,2022-12-20,terça-feira,16:55:00,PE,110,"218,9",INAJA,Animais na Pista,Saída de leito carroçável,Com Vítimas Feridas,Pleno dia,Decrescente,Sol,Simples,Reta,Não,1,0,1,0,0,0,1,1,"-8,740788","-37,922442",SPRF-BA,DEL07-BA,UOP01-DEL07-BA
494181,2022-12-21,quarta-feira,07:45:00,PE,232,"86,2",GRAVATA,Manobra de mudança de faixa,Colisão traseira,Com Vítimas Feridas,Pleno dia,Decrescente,Céu Claro,Dupla,Reta,Não,2,0,1,0,1,0,1,2,"-8,21442111","-35,63014269",SPRF-PE,DEL02-PE,UOP02-DEL02PE
494198,2022-12-21,quarta-feira,08:20:00,PE,101,"104,3",CABO DE SANTO AGOSTINHO,Velocidade Incompatível,Colisão com objeto,Com Vítimas Feridas,Pleno dia,Decrescente,Céu Claro,Dupla,Curva,Sim,1,0,1,0,0,0,1,1,"-8,29241321","-35,05598304",SPRF-PE,DEL01-PE,UOP03-DEL01-PE
494335,2022-12-21,quarta-feira,22:24:00,PE,232,"171,9",BELO JARDIM,Ultrapassagem Indevida,Colisão lateral sentido oposto,Com Vítimas Feridas,Plena Noite,Decrescente,Céu Claro,Simples,Curva,Não,9,0,1,0,8,0,1,2,"-8,3388746","-36,358865",SPRF-PE,DEL03-PE,UOP02-DEL03-PE
494392,2022-12-08,quinta-feira,20:45:00,PE,104,"11,7",TAQUARITINGA DO NORTE,Acessar a via sem observar a presença dos outros veículos,Colisão transversal,Com Vítimas Feridas,Plena Noite,Crescente,Céu Claro,Simples,Interseção de Vias,Não,2,0,0,1,1,0,1,2,"-7,880132","-36,107628",SPRF-PE,DEL02-PE,UOP01-DEL02-PE
494405,2022-12-22,quinta-feira,10:20:00,PE,232,"33,8",MORENO,Manobra de mudança de faixa,Queda de ocupante de veículo,Com Vítimas Feridas,Pleno dia,Crescente,Céu Claro,Dupla,Reta,Sim,1,0,1,0,0,0,1,1,"-8,10539025","-35,17523495",SPRF-PE,DEL01-PE,UOP01-DEL01-PE
494406,2022-12-05,segunda-feira,20:20:00,PE,232,"18,6",JABOATAO DOS GUARARAPES,Animais na Pista,Atropelamento de Animal,Com Vítimas Feridas,Plena Noite,Crescente,Chuva,Dupla,Reta,Não,2,0,1,0,1,0,1,2,"-8,097231","-35,058271",SPRF-PE,DEL01-PE,UOP01-DEL01-PE
494423,2022-12-22,quinta-feira,10:00:00,PE,232,229,PESQUEIRA,Reação tardia ou ineficiente do condutor,Saída de leito carroçável,Com Vítimas Feridas,Pleno dia,Crescente,Céu Claro,Dupla,Reta,Não,4,0,2,2,0,0,4,1,"-8,40070446","-36,86507693",SPRF-PE,DEL03-PE,UOP02-DEL03-PE
494434,2022-12-07,quarta-feira,13:40:00,PE,407,124,PETROLINA,Acessar a via sem observar a presença dos outros veículos,Colisão lateral mesmo sentido,Com Vítimas Feridas,Pleno dia,Crescente,Céu Claro,Dupla,Rotatória,Sim,3,0,1,0,2,0,1,2,"-9,36929881","-40,54137139",SPRF-PE,DEL06-PE,UOP01-DEL06-PE
494437,2022-12-22,quinta-feira,09:50:00,PE,101,153,RIBEIRAO,Ausência de reação do condutor,Capotamento,Com Vítimas Feridas,Pleno dia,Crescente,Céu Claro,Dupla,Reta,Não,2,0,2,0,0,0,2,1,"-8,51960799","-35,38997595",SPRF-PE,DEL01-PE,UOP03-DEL01-PE
494451,2022-12-22,quinta-feira,14:27:00,PE,232,15,JABOATAO DOS GUARARAPES,Ausência de reação do condutor,Saída de leito carroçável,Com Vítimas Feridas,Pleno dia,Crescente,Céu Claro,Dupla,Reta,Não,1,0,1,0,0,0,1,1,"-8,09137732","-35,02917918",SPRF-PE,DEL01-PE,UOP01-DEL01-PE
494478,2022-12-22,quinta-feira,14:52:00,PE,316,69,OURICURI,Chuva,Atropelamento de Pedestre,Com Vítimas Fatais,Pleno dia,Decrescente,Chuva,Simples,Declive;Curva                 ,Não,2,1,0,0,1,0,0,2,"-7,80699469","-40,18074296",SPRF-PE,DEL05-PE,UOP02-DEL05-PE
494515,2022-12-22,quinta-feira,18:30:00,PE,232,181,BELO JARDIM,Entrada inopinada do pedestre,Atropelamento de Pedestre,Com Vítimas Fatais,Plena Noite,Decrescente,Céu Claro,Simples,Reta,Não,2,1,0,0,1,0,0,2,"-8,347258","-36,442879",SPRF-PE,DEL03-PE,UOP02-DEL03-PE
494535,2022-12-22,quinta-feira,20:55:00,PE,116,24,SALGUEIRO,Reação tardia ou ineficiente do condutor,Atropelamento de Pedestre,Com Vítimas Feridas,Plena Noite,Decrescente,Nublado,Simples,Reta,Sim,2,0,1,0,0,1,1,2,"-8,052562","-39,13718",SPRF-PE,DEL05-PE,UOP01-DEL05-PE
494550,2022-12-22,quinta-feira,22:20:00,PE,232,"72,3",GRAVATA,Retorno proibido,Colisão traseira,Com Vítimas Feridas,Plena Noite,Crescente,Céu Claro,Dupla,Reta,Sim,2,0,0,1,1,0,1,2,"-8,18714215","-35,50102523",SPRF-PE,DEL02-PE,UOP02-DEL02PE
494556,2022-12-22,quinta-feira,21:00:00,PE,424,96,GARANHUNS,Iluminação deficiente,Colisão transversal,Com Vítimas Fatais,Plena Noite,Decrescente,Céu Claro,Simples,Declive,Não,2,1,0,0,0,1,0,2,"-8,933648","-36,502229",SPRF-PE,DEL03-PE,UOP01-DEL03-PE
494612,2022-12-23,sexta-feira,04:30:00,PE,232,116,CARUARU,Ausência de reação do condutor,Colisão traseira,Com Vítimas Feridas,Amanhecer,Decrescente,Céu Claro,Dupla,Reta,Não,2,0,1,0,1,0,1,2,"-8,2970005","-35,86666391",SPRF-PE,DEL02-PE,UOP01-DEL02-PE
494641,2022-12-17,sábado,15:50:00,PE,101,52,PAULISTA,Reação tardia ou ineficiente do condutor,Colisão traseira,Com Vítimas Feridas,Pleno dia,Crescente,Céu Claro,Dupla,Reta,Sim,2,0,1,0,1,0,1,2,"-7,92358799","-34,89607201",SPRF-PE,DEL01-PE,UOP02-DEL01-PE
494675,2022-12-23,sexta-feira,11:15:00,PE,101,"54,8",PAULISTA,Manobra de mudança de faixa,Colisão lateral mesmo sentido,Com Vítimas Feridas,Pleno dia,Decrescente,Céu Claro,Múltipla,Interseção de Vias;Declive    ,Sim,3,0,1,0,1,1,1,3,"-7,93961103","-34,90356584",SPRF-PE,DEL01-PE,UOP02-DEL01-PE
494685,2022-12-13,terça-feira,19:40:00,PE,408,83,PAUDALHO,Ausência de reação do condutor,Colisão lateral sentido oposto,Com Vítimas Feridas,Plena Noite,Decrescente,Céu Claro,Simples,Reta,Sim,1,0,0,1,0,0,1,1,"-7,94549251","-35,11580722",SPRF-PE,DEL01-PE,UOP01-DEL01-PE
494689,2022-12-23,sexta-feira,10:50:00,PE,232,"288,1",SERTANIA,Condutor deixou de manter distância do veículo da frente,Colisão traseira,Sem Vítimas,Pleno dia,Crescente,Nublado,Simples,Reta,Não,2,0,0,0,2,0,0,2,"-8,31561384","-37,35439392",SPRF-PE,DEL04-PE,UOP02-DEL04-PE
494692,2022-12-23,sexta-feira,12:30:00,PE,232,"129,5",CARUARU,Manobra de mudança de faixa,Colisão lateral mesmo sentido,Com Vítimas Feridas,Pleno dia,Decrescente,Céu Claro,Dupla,Reta,Sim,2,0,1,0,1,0,1,2,"-8,30193507","-35,98092002",SPRF-PE,DEL02-PE,UOP01-DEL02-PE
494754,2022-12-23,sexta-feira,16:20:00,PE,101,69,RECIFE,Manobra de mudança de faixa,Colisão transversal,Com Vítimas Feridas,Pleno dia,Decrescente,Céu Claro,Dupla,Interseção de Vias,Sim,2,0,2,0,0,0,2,2,"-8,05951606","-34,94581024",SPRF-PE,DEL01-PE,UOP01-DEL01-PE