id,data_inversa,dia_semana,horario,uf,br,km,municipio,causa_acidente,tipo_acidente,classificacao_acidente,fase_dia,sentido_via,condicao_metereologica,tipo_pista,tracado_via,uso_solo,pessoas,mortos,feridos_leves,feridos_graves,ilesos,ignorados,feridos,veiculos,latitude,longitude,regional,delegacia,uop
562850,2022-05-20,sexta-feira,04:30:00,PE,232,"119,3",CARUARU,Velocidade Incompatível,Colisão traseira,Com Vítimas Feridas,Plena Noite,Decrescente,Céu Claro,Dupla,Declive;Reta                  ,Não,4,0,0,3,0,1,3,2,"-8,2962792","-35,89314995",SPRF-PE,DEL02-PE,UOP01-DEL02-PE
574161,2022-02-17,quinta-feira,01:40:00,PE,232,"138,1",CARUARU,Animais na Pista,Atropelamento de Animal,Com Vítimas Feridas,Plena Noite,Crescente,Céu Claro,Dupla,Reta,Não,3,0,1,0,2,0,1,1,"-8,31829493","-36,05907802",SPRF-PE,DEL02-PE,UOP03-DEL02-PE
574369,2022-11-12,sábado,05:32:00,PE,101,46,IGARASSU,Ingestão de álcool pelo condutor,Colisão traseira,Sem Vítimas,Amanhecer,Decrescente,Céu Claro,Múltipla,Reta,Sim,2,0,0,0,2,0,0,2,"-7,87406004","-34,90588126",SPRF-PE,DEL01-PE,UOP02-DEL01-PE
574756,2022-08-07,domingo,16:20:00,PE,232,176,BELO JARDIM,Entrada inopinada do pedestre,Atropelamento de Pedestre,Com Vítimas Fatais,Pleno dia,Crescente,Céu Claro,Simples,Reta,Sim,2,1,0,0,1,0,0,2,"-8,34573608","-36,39481995",SPRF-PE,DEL03-PE,UOP02-DEL03-PE
575235,2022-02-11,sexta-feira,00:05:00,PE,232,141,SAO CAITANO,Animais na Pista,Atropelamento de Animal,Sem Vítimas,Plena Noite,Decrescente,Céu Claro,Dupla,Declive,Não,1,0,0,0,0,1,0,1,"-8,32108263","-36,08591505",SPRF-PE,DEL03-PE,UOP02-DEL03-PE
496787,2023-01-02,segunda-feira,10:15:00,PE,101,68,RECIFE,Ausência de reação do condutor,Engavetamento,Com Vítimas Feridas,Pleno dia,Decrescente,Nublado,Simples,Viaduto,Sim,5,0,2,0,3,0,2,3,"-8,05074296","-34,94580619",SPRF-PE,DEL01-PE,UOP01-DEL01-PE
496827,2023-01-02,segunda-feira,13:24:00,PE,101,57,PAULISTA,Reação tardia ou ineficiente do condutor,Colisão traseira,Com Vítimas Feridas,Pleno dia,Crescente,Nublado,Dupla,Curva,Não,3,0,1,0,1,1,1,2,"-7,96346213","-34,91513486",SPRF-PE,DEL01-PE,UOP02-DEL01-PE
496970,2023-01-03,terça-feira,08:15:00,PE,428,189,PETROLINA,Condutor desrespeitou a iluminação vermelha do semáforo,Colisão transversal,Com Vítimas Feridas,Pleno dia,Crescente,Céu Claro,Dupla,Reta,Sim,2,0,1,0,1,0,1,2,"-9,37197508","-40,48679585",SPRF-PE,DEL06-PE,UOP01-DEL06-PE
497018,2023-01-03,terça-feira,07:00:00,PE,407,23,AFRANIO,Curva acentuada,Tombamento,Com Vítimas Feridas,Pleno dia,Crescente,Céu Claro,Simples,Curva,Não,1,0,1,0,0,0,1,1,"-8,62956368","-40,99411011",SPRF-PE,DEL06-PE,UOP02-DEL06-PE
497192,2023-01-04,quarta-feira,12:30:00,PE,101,163,AGUA PRETA,Demais falhas mecânicas ou elétricas,Tombamento,Com Vítimas Feridas,Pleno dia,Decrescente,Céu Claro,Simples,Reta,Não,1,0,1,0,0,0,1,1,"-8,55039544","-35,44619699",SPRF-PE,DEL01-PE,UOP03-DEL01-PE
497308,2023-01-04,quarta-feira,20:35:00,PE,101,35,IGARASSU,Ausência de reação do condutor,Colisão traseira,Com Vítimas Feridas,Plena Noite,Crescente,Céu Claro,Dupla,Reta,Não,2,0,1,0,0,1,1,2,"-7,77952193","-34,93231384",SPRF-PE,DEL01-PE,UOP02-DEL01-PE
497539,2023-01-06,sexta-feira,08:16:00,PE,232,"101,3",BEZERROS,Reação tardia ou ineficiente do condutor,Colisão com objeto,Sem Vítimas,Pleno dia,Crescente,Sol,Dupla,Reta,Sim,1,0,0,0,1,0,0,1,"-8,24601067","-35,7568717",SPRF-PE,DEL02-PE,UOP02-DEL02PE
497638,2023-01-06,sexta-feira,18:10:00,PE,101,64,RECIFE,Condutor deixou de manter distância do veículo da frente,Engavetamento,Com Vítimas Feridas,Plena Noite,Crescente,Céu Claro,Dupla,Reta;Viaduto                  ,Sim,3,0,1,0,2,0,1,3,"-8,01678","-34,941022",SPRF-PE,DEL01-PE,UOP01-DEL01-PE
497767,2023-01-07,sábado,12:40:00,PE,101,"67,5",RECIFE,Trafegar com motocicleta (ou similar) entre as faixas,Colisão lateral mesmo sentido,Com Vítimas Feridas,Pleno dia,Decrescente,Céu Claro,Dupla,Reta,Sim,3,0,0,1,2,0,1,3,"-8,042334","-34,943096",SPRF-PE,DEL01-PE,UOP01-DEL01-PE
497783,2023-01-07,sábado,14:30:00,PE,101,149,RIBEIRAO,Demais falhas mecânicas ou elétricas,Saída de leito carroçável,Sem Vítimas,Pleno dia,Crescente,Céu Claro,Dupla,Curva,Sim,1,0,0,0,1,0,0,1,"-8,49165198","-35,37459703",SPRF-PE,DEL01-PE,UOP03-DEL01-PE
497806,2023-01-07,sábado,17:00:00,PE,101,80,JABOATAO DOS GUARARAPES,Manobra de mudança de faixa,Colisão lateral mesmo sentido,Com Vítimas Feridas,Pleno dia,Crescente,Céu Claro,Dupla,Reta,Sim,2,0,1,0,1,0,1,2,"-8,15112589","-34,9428866",SPRF-PE,DEL01-PE,UOP01-DEL01-PE
497950,2023-01-08,domingo,08:35:00,PE,423,76,JUCATI,Carga excessiva e/ou mal acondicionada,Tombamento,Com Vítimas Feridas,Pleno dia,Crescente,Céu Claro,Simples,Declive;Curva                 ,Não,1,0,1,0,0,0,1,1,"-8,73183901","-36,43146015",SPRF-PE,DEL03-PE,UOP01-DEL03-PE
498648,2023-01-12,quinta-feira,06:22:00,PE,232,41,VITORIA DE SANTO ANTAO,Condutor Dormindo,Tombamento,Com Vítimas Feridas,Pleno dia,Crescente,Céu Claro,Dupla,Reta,Não,1,0,1,0,0,0,1,1,"-8,11394893","-35,243303",SPRF-PE,DEL01-PE,UOP01-DEL01-PE
498692,2023-01-12,quinta-feira,11:07:00,PE,101,163,RIBEIRAO,Demais falhas mecânicas ou elétricas,Saída de leito carroçável,Sem Vítimas,Pleno dia,Crescente,Céu Claro,Múltipla,Curva,Não,1,0,0,0,1,0,0,1,"-8,55039544","-35,44619699",SPRF-PE,DEL01-PE,UOP03-DEL01-PE
498726,2023-01-12,quinta-feira,13:30:00,PE,407,"23,9",AFRANIO,Velocidade Incompatível,Tombamento,Com Vítimas Fatais,Pleno dia,Crescente,Céu Claro,Simples,Curva,Não,1,1,0,0,0,0,0,1,"-8,62237203","-40,99588613",SPRF-PE,DEL06-PE,UOP02-DEL06-PE
498806,2023-01-12,quinta-feira,21:47:00,PE,232,"213,1",PESQUEIRA,Ingestão de álcool pelo condutor,Colisão traseira,Com Vítimas Feridas,Plena Noite,Decrescente,Nublado,Simples,Reta,Sim,3,0,1,0,2,0,1,2,"-8,37683577","-36,7222201",SPRF-PE,DEL03-PE,UOP02-DEL03-PE
498917,2023-01-13,sexta-feira,14:00:00,PE,101,186,PALMARES,Condutor deixou de manter distância do veículo da frente,Colisão traseira,Com Vítimas Feridas,Pleno dia,Decrescente,Sol,Dupla,Reta,Sim,4,0,1,1,1,1,2,3,"-8,68263674","-35,57938824",SPRF-PE,DEL01-PE,UOP03-DEL01-PE
498951,2023-01-13,sexta-feira,14:00:00,PE,116,59,CABROBO,Demais falhas mecânicas ou elétricas,Incêndio,Sem Vítimas,Pleno dia,Decrescente,Sol,Simples,Reta,Não,3,0,0,0,2,1,0,2,"-8,352674","-39,141792",SPRF-PE,DEL05-PE,UOP03-DEL05-PE
499466,2023-01-16,segunda-feira,06:00:00,PE,101,65,RECIFE,Trafegar com motocicleta (ou similar) entre as faixas,Colisão traseira,Com Vítimas Feridas,Pleno dia,Decrescente,Nublado,Múltipla,Reta,Sim,3,0,1,1,0,1,2,2,"-8,02478597","-34,94276635",SPRF-PE,DEL01-PE,UOP01-DEL01-PE
499538,2023-01-16,segunda-feira,12:30:00,PE,408,59,TRACUNHAEM,Desrespeitar a preferência no cruzamento,Colisão lateral sentido oposto,Com Vítimas Feridas,Pleno dia,Crescente,Céu Claro,Simples,Interseção de Vias,Sim,4,0,3,0,1,0,3,2,"-7,807122","-35,243365",SPRF-PE,DEL01-PE,UOP01-DEL01-PE
499647,2023-01-17,terça-feira,00:45:00,PE,232,133,CARUARU,Condutor Dormindo,Tombamento,Com Vítimas Feridas,Plena Noite,Crescente,Céu Claro,Dupla,Reta,Sim,1,0,1,0,0,0,1,1,"-8,29983303","-35,989662",SPRF-PE,DEL02-PE,UOP01-DEL02-PE
499691,2023-01-17,terça-feira,09:13:00,PE,101,73,RECIFE,Ausência de reação do condutor,Tombamento,Com Vítimas Feridas,Pleno dia,Crescente,Sol,Dupla,Curva,Sim,2,0,1,0,1,0,1,2,"-8,093369","-34,947464",SPRF-PE,DEL01-PE,UOP01-DEL01-PE
499905,2023-01-18,quarta-feira,13:35:00,PE,232,"51,6",VITORIA DE SANTO ANTAO,Demais falhas mecânicas ou elétricas,Saída de leito carroçável,Com Vítimas Feridas,Pleno dia,Crescente,Nublado,Dupla,Reta,Não,2,0,1,0,1,0,1,1,"-8,13823439","-35,33196918",SPRF-PE,DEL01-PE,UOP01-DEL01-PE
500110,2023-01-19,quinta-feira,07:25:00,PE,424,89,GARANHUNS,Demais falhas mecânicas ou elétricas,Tombamento,Com Vítimas Feridas,Pleno dia,Crescente,Céu Claro,Simples,Curva;Declive                 ,Sim,1,0,1,0,0,0,1,1,"-8,89138375","-36,50571483",SPRF-PE,DEL03-PE,UOP01-DEL03-PE
500227,2023-01-20,sexta-feira,04:30:00,PE,232,"254,7",ARCOVERDE,Demais falhas mecânicas ou elétricas,Eventos atípicos,Sem Vítimas,Amanhecer,Decrescente,Nublado,Simples,Reta;Aclive                   ,Sim,1,0,0,0,1,0,0,1,"-8,41875994","-37,07859892",SPRF-PE,DEL04-PE,UOP02-DEL04-PE
500261,2023-01-20,sexta-feira,14:25:00,PE,232,"12,1",RECIFE,Ausência de reação do condutor,Colisão traseira,Com Vítimas Feridas,Pleno dia,Decrescente,Céu Claro,Dupla,Reta,Sim,3,0,1,0,1,1,1,3,"-8,08577691","-35,00345603",SPRF-PE,DEL01-PE,UOP01-DEL01-PE
500688,2023-01-24,terça-feira,05:00:00,PE,423,"111,9",PARANATAMA,Condutor Dormindo,Colisão lateral sentido oposto,Com Vítimas Feridas,Amanhecer,Decrescente,Céu Claro,Simples,Reta;Aclive                   ,Não,4,0,4,0,0,0,4,2,"-8,89303549","-36,61653287",SPRF-PE,DEL03-PE,UOP01-DEL03-PE
501087,2023-01-25,quarta-feira,14:02:00,PE,316,85,OURICURI,Conversão proibida,Colisão traseira,Com Vítimas Feridas,Pleno dia,Crescente,Céu Claro,Simples,Declive;Reta                  ,Não,4,0,2,0,2,0,2,2,"-7,88417113","-40,0701651",SPRF-PE,DEL05-PE,UOP02-DEL05-PE
501145,2023-01-25,quarta-feira,19:00:00,PE,101,"62,2",RECIFE,Carga excessiva e/ou mal acondicionada,Colisão com objeto,Com Vítimas Feridas,Plena Noite,Decrescente,Céu Claro,Dupla,Reta,Sim,2,0,1,0,0,1,1,2,"-8,005841","-34,937808",SPRF-PE,DEL01-PE,UOP02-DEL01-PE
501200,2023-01-26,quinta-feira,00:50:00,PE,101,"163,6",GAMELEIRA,Curva acentuada,Saída de leito carroçável,Sem Vítimas,Plena Noite,Decrescente,Céu Claro,Dupla,Curva,Não,1,0,0,0,1,0,0,1,"-8,55039544","-35,44619699",SPRF-PE,DEL01-PE,UOP03-DEL01-PE
501204,2023-01-26,quinta-feira,04:50:00,PE,232,15,JABOATAO DOS GUARARAPES,Demais falhas mecânicas ou elétricas,Incêndio,Sem Vítimas,Pleno dia,Decrescente,Sol,Dupla,Reta,Sim,1,0,0,0,1,0,0,1,"-8,090611","-35,02566",SPRF-PE,DEL01-PE,UOP01-DEL01-PE
501215,2023-01-26,quinta-feira,06:49:00,PE,232,"9,4",JABOATAO DOS GUARARAPES,Ausência de reação do condutor,Colisão lateral mesmo sentido,Com Vítimas Feridas,Pleno dia,Crescente,Nublado,Dupla,Reta;Em Obras                 ,Sim,2,0,1,0,1,0,1,2,"-8,07764447","-34,97863609",SPRF-PE,DEL01-PE,UOP01-DEL01-PE
501277,2023-01-26,quinta-feira,09:30:00,PE,232,"250,9",ARCOVERDE,Reação tardia ou ineficiente do condutor,Colisão traseira,Com Vítimas Feridas,Pleno dia,Crescente,Céu Claro,Simples,Reta,Sim,2,0,1,0,1,0,1,2,"-8,42350887","-37,05286107",SPRF-PE,DEL04-PE,UOP02-DEL04-PE
501307,2023-01-26,quinta-feira,12:28:00,PE,101,"47,7",IGARASSU,Ausência de reação do condutor,Tombamento,Com Vítimas Fatais,Pleno dia,Decrescente,Céu Claro,Múltipla,Reta,Sim,3,1,0,0,1,1,0,3,"-7,882596","-34,904723",SPRF-PE,DEL01-PE,UOP02-DEL01-PE
501339,2023-01-26,quinta-feira,16:22:00,PE,408,"21,1",TIMBAUBA,Ultrapassagem Indevida,Colisão frontal,Com Vítimas Feridas,Pleno dia,Crescente,Céu Claro,Simples,Reta,Não,2,0,0,1,1,0,1,2,"-7,522575","-35,298534",SPRF-PE,DEL01-PE,UOP02-DEL01-PE
501403,2023-01-26,quinta-feira,16:30:00,PE,232,380,FLORES,Manobra de mudança de faixa,Colisão frontal,Com Vítimas Feridas,Pleno dia,Decrescente,Sol,Simples,Reta;Declive                  ,Não,4,0,0,2,2,0,2,2,"-8,04030787","-38,05014604",SPRF-PE,DEL04-PE,UOP01-DEL04-PE
501559,2023-01-27,sexta-feira,16:50:00,PE,101,78,RECIFE,Trafegar com motocicleta (ou similar) entre as faixas,Colisão traseira,Com Vítimas Feridas,Plena Noite,Crescente,Céu Claro,Dupla,Reta,Sim,4,0,0,1,3,0,1,3,"-8,13496499","-34,94738614",SPRF-PE,DEL01-PE,UOP01-DEL01-PE
501571,2023-01-27,sexta-feira,08:45:00,PE,232,"402,8",SERRA TALHADA,Condutor deixou de manter distância do veículo da frente,Tombamento,Com Vítimas Feridas,Pleno dia,Crescente,Céu Claro,Simples,Reta,Não,2,0,1,0,0,1,1,2,"-8,00594179","-38,24424505",SPRF-PE,DEL04-PE,UOP01-DEL04-PE
501985,2023-01-29,domingo,16:52:00,PE,407,100,PETROLINA,Frear bruscamente,Colisão traseira,Com Vítimas Feridas,Pleno dia,Crescente,Céu Claro,Simples,Reta,Não,3,0,1,0,2,0,1,2,"-9,17695798","-40,63468679",SPRF-PE,DEL06-PE,UOP01-DEL06-PE
502109,2023-01-30,segunda-feira,08:10:00,PE,101,42,IGARASSU,Condutor deixou de manter distância do veículo da frente,Colisão traseira,Sem Vítimas,Pleno dia,Decrescente,Céu Claro,Múltipla,Curva,Sim,2,0,0,0,2,0,0,2,"-7,83561003","-34,91245866",SPRF-PE,DEL01-PE,UOP02-DEL01-PE
502433,2023-02-01,quarta-feira,00:05:00,PE,232,439,SAO JOSE DO BELMONTE,Demais falhas mecânicas ou elétricas,Tombamento,Com Vítimas Feridas,Plena Noite,Crescente,Nublado,Simples,Curva;Aclive                  ,Não,2,0,2,0,0,0,2,1,"-7,99961227","-38,61712517",SPRF-PE,DEL04-PE,UOP01-DEL04-PE
502468,2023-02-01,quarta-feira,08:30:00,PE,101,"42,1",IGARASSU,Manobra de mudança de faixa,Colisão traseira,Sem Vítimas,Pleno dia,Crescente,Céu Claro,Múltipla,Reta;Aclive                   ,Sim,2,0,0,0,2,0,0,2,"-7,83887431","-34,91196739",SPRF-PE,DEL01-PE,UOP02-DEL01-PE
502471,2023-02-01,quarta-feira,08:50:00,PE,101,"66,3",RECIFE,Condutor deixou de manter distância do veículo da frente,Colisão traseira,Com Vítimas Feridas,Pleno dia,Crescente,Céu Claro,Dupla,Reta,Sim,3,0,1,0,2,0,1,2,"-8,036207","-34,941559",SPRF-PE,DEL01-PE,UOP01-DEL01-PE
502473,2023-02-01,quarta-feira,08:58:00,PE,101,49,ABREU E LIMA,Manobra de mudança de faixa,Colisão lateral mesmo sentido,Com Vítimas Fatais,Pleno dia,Decrescente,Céu Claro,Dupla,Reta,Sim,4,1,1,0,0,2,1,3,"-7,9005152","-34,90180641",SPRF-PE,DEL01-PE,UOP02-DEL01-PE
502478,2023-02-01,quarta-feira,08:55:00,PE,423,73,JUPI,Pedestre andava na pista,Atropelamento de Pedestre,Com Vítimas Feridas,Pleno dia,Decrescente,Céu Claro,Simples,Reta,Sim,2,0,0,1,1,0,1,2,"-8,709851","-36,41926432",SPRF-PE,DEL03-PE,UOP01-DEL03-PE
502578,2023-02-02,quinta-feira,05:40:00,PE,116,20,SALGUEIRO,Reação tardia ou ineficiente do condutor,Saída de leito carroçável,Com Vítimas Feridas,Pleno dia,Crescente,Céu Claro,Simples,Reta;Declive;Ponte            ,Não,1,0,1,0,0,0,1,1,"-8,017438","-39,143444",SPRF-PE,DEL05-PE,UOP01-DEL05-PE
502638,2023-02-02,quinta-feira,11:35:00,PE,101,"66,9",RECIFE,Reação tardia ou ineficiente do condutor,Colisão lateral mesmo sentido,Com Vítimas Feridas,Pleno dia,Decrescente,Céu Claro,Dupla,Reta,Sim,2,0,0,1,1,0,1,2,"-8,04213706","-34,94284272",SPRF-PE,DEL01-PE,UOP01-DEL01-PE
502678,2023-02-02,quinta-feira,13:19:00,PE,101,"150,4",RIBEIRAO,Reação tardia ou ineficiente do condutor,Colisão traseira,Com Vítimas Feridas,Pleno dia,Decrescente,Céu Claro,Dupla,Reta,Não,2,0,1,0,1,0,1,2,"-8,49669957","-35,38211017",SPRF-PE,DEL01-PE,UOP03-DEL01-PE
503014,2023-02-04,sábado,05:40:00,PE,232,115,CARUARU,Demais falhas mecânicas ou elétricas,Eventos atípicos,Sem Vítimas,Amanhecer,Decrescente,Céu Claro,Dupla,Reta;Declive                  ,Não,1,0,0,0,1,0,0,1,"-8,29751481","-35,86512566",SPRF-PE,DEL02-PE,UOP01-DEL02-PE
503056,2023-02-04,sábado,13:00:00,PE,101,41,IGARASSU,Ultrapassagem Indevida,Colisão lateral mesmo sentido,Sem Vítimas,Pleno dia,Decrescente,Céu Claro,Dupla,Reta,Sim,3,0,0,0,2,1,0,3,"-7,83038346","-34,91426785",SPRF-PE,DEL01-PE,UOP02-DEL01-PE
503314,2023-02-05,domingo,13:45:00,PE,423,25,SAO CAITANO,Demais falhas mecânicas ou elétricas,Saída de leito carroçável,Com Vítimas Feridas,Pleno dia,Crescente,Céu Claro,Simples,Reta;Declive                  ,Não,1,0,1,0,0,0,1,1,"-8,379416","-36,172916",SPRF-PE,DEL03-PE,UOP02-DEL03-PE
503518,2023-02-06,segunda-feira,13:55:00,PE,408,"95,3",SAO LOURENCO DA MATA,Condutor deixou de manter distância do veículo da frente,Colisão traseira,Com Vítimas Feridas,Pleno dia,Crescente,Chuva,Dupla,Aclive;Reta                   ,Sim,2,0,1,0,1,0,1,2,"-8,01186091","-35,04237616",SPRF-PE,DEL01-PE,UOP01-DEL01-PE
503645,2023-02-07,terça-feira,08:11:00,PE,232,"78,8",GRAVATA,Acessar a via sem observar a presença dos outros veículos,Colisão traseira,Com Vítimas Feridas,Pleno dia,Crescente,Céu Claro,Múltipla,Reta,Sim,3,0,1,1,1,0,2,3,"-8,19343658","-35,55186505",SPRF-PE,DEL02-PE,UOP02-DEL02PE
503752,2023-02-07,terça-feira,16:00:00,PE,232,"122,6",CARUARU,Ausência de reação do condutor,Colisão traseira,Com Vítimas Feridas,Pleno dia,Crescente,Céu Claro,Dupla,Reta;Aclive                   ,Não,4,0,1,1,2,0,2,2,"-8,30217741","-35,91946793",SPRF-PE,DEL02-PE,UOP01-DEL02-PE
503763,2023-02-07,terça-feira,21:10:00,PE,232,"9,4",JABOATAO DOS GUARARAPES,Reação tardia ou ineficiente do condutor,Tombamento,Com Vítimas Fatais,Plena Noite,Decrescente,Céu Claro,Simples,Reta;Desvio Temporário;Em Obra,Não,2,1,0,0,1,0,0,2,"-8,07764447","-34,97863609",SPRF-PE,DEL01-PE,UOP01-DEL01-PE
503797,2023-02-08,quarta-feira,05:00:00,PE,101,"3,4",GOIANA,Carga excessiva e/ou mal acondicionada,Derramamento de carga,Com Vítimas Fatais,Amanhecer,Crescente,Céu Claro,Dupla,Curva;Declive                 ,Não,2,1,0,0,1,0,0,2,"-7,527848","-34,991907",SPRF-PE,DEL01-PE,UOP02-DEL01-PE
504049,2023-02-09,quinta-feira,11:35:00,PE,101,46,IGARASSU,Manobra de mudança de faixa,Colisão lateral mesmo sentido,Com Vítimas Feridas,Pleno dia,Crescente,Chuva,Múltipla,Reta,Sim,3,0,0,1,2,0,1,3,"-7,87406004","-34,90588126",SPRF-PE,DEL01-PE,UOP02-DEL01-PE
504073,2023-02-09,quinta-feira,15:00:00,PE,101,"206,4",XEXEU,Carga excessiva e/ou mal acondicionada,Tombamento,Sem Vítimas,Pleno dia,Decrescente,Nublado,Dupla,Curva,Não,1,0,0,0,1,0,0,1,"-8,81905901","-35,63955699",SPRF-PE,DEL01-PE,UOP03-DEL01-PE
504092,2023-02-09,quinta-feira,08:30:00,PE,104,54,CARUARU,Acessar a via sem observar a presença dos outros veículos,Colisão transversal,Com Vítimas Fatais,Pleno dia,Decrescente,Sol,Dupla,Declive,Sim,2,1,0,0,1,0,0,2,"-8,1928","-35,9662",SPRF-PE,DEL02-PE,UOP01-DEL02-PE
504111,2023-02-09,quinta-feira,20:00:00,PE,101,102,CABO DE SANTO AGOSTINHO,Ausência de reação do condutor,Colisão com objeto,Com Vítimas Feridas,Plena Noite,Decrescente,Nublado,Dupla,Reta,Não,1,0,0,1,0,0,1,1,"-8,286216","-35,057718",SPRF-PE,DEL01-PE,UOP03-DEL01-PE
504112,2023-02-09,quinta-feira,19:30:00,PE,101,"45,1",IGARASSU,Condutor deixou de manter distância do veículo da frente,Colisão lateral mesmo sentido,Com Vítimas Feridas,Plena Noite,Decrescente,Chuva,Múltipla,Reta;Declive                  ,Sim,3,0,1,0,2,0,1,3,"-7,86521297","-34,90715176",SPRF-PE,DEL01-PE,UOP02-DEL01-PE
504186,2023-01-21,sábado,13:55:00,PE,104,64,CARUARU,Avarias e/ou desgaste excessivo no pneu,Tombamento,Com Vítimas Feridas,Pleno dia,Crescente,Céu Claro,Dupla,Declive;Reta                  ,Sim,2,0,1,0,0,1,1,2,"-8,2783","-35,9815",SPRF-PE,DEL02-PE,UOP01-DEL02-PE
504235,2023-02-10,sexta-feira,13:30:00,PE,101,"43,2",IGARASSU,Reação tardia ou ineficiente do condutor,Colisão traseira,Com Vítimas Fatais,Pleno dia,Crescente,Céu Claro,Múltipla,Reta,Sim,4,1,1,0,2,0,1,3,"-7,83038346","-34,91426785",SPRF-PE,DEL01-PE,UOP02-DEL01-PE
504378,2023-02-11,sábado,03:05:00,PE,423,"168,8",AGUAS BELAS,Transitar na contramão,Colisão frontal,Com Vítimas Fatais,Plena Noite,Crescente,Céu Claro,Simples,Reta,Não,3,1,0,0,2,0,0,2,"-9,12739114","-37,033023",SPRF-AL,DEL03-AL,UOP02-DEL03-AL
504892,2023-02-13,segunda-feira,08:00:00,PE,423,"93,8",GARANHUNS,Acessar a via sem observar a presença dos outros veículos,Colisão transversal,Sem Vítimas,Pleno dia,Decrescente,Céu Claro,Simples,Rotatória,Sim,2,0,0,0,2,0,0,2,"-8,874732","-36,46946",SPRF-PE,DEL03-PE,UOP01-DEL03-PE
504907,2023-02-13,segunda-feira,12:30:00,PE,101,51,ABREU E LIMA,Manobra de mudança de faixa,Colisão lateral mesmo sentido,Sem Vítimas,Pleno dia,Decrescente,Céu Claro,Múltipla,Reta,Sim,2,0,0,0,2,0,0,2,"-7,9169968","-34,89689272",SPRF-PE,DEL01-PE,UOP02-DEL01-PE
505002,2023-02-13,segunda-feira,21:00:00,PE,101,106,CABO DE SANTO AGOSTINHO,Frear bruscamente,Saída de leito carroçável,Com Vítimas Feridas,Plena Noite,Decrescente,Céu Claro,Múltipla,Reta,Sim,1,0,1,0,0,0,1,1,"-8,30807754","-35,07573296",SPRF-PE,DEL01-PE,UOP03-DEL01-PE
505100,2023-01-30,segunda-feira,15:11:00,PE,101,65,RECIFE,Manobra de mudança de faixa,Colisão traseira,Com Vítimas Feridas,Pleno dia,Decrescente,Céu Claro,Dupla,Reta,Sim,3,0,1,0,2,0,1,2,"-8,02478597","-34,94276635",SPRF-PE,DEL01-PE,UOP01-DEL01-PE
505156,2023-02-14,terça-feira,19:50:00,PE,232,"414,1",SERRA TALHADA,Desrespeitar a preferência no cruzamento,Colisão transversal,Com Vítimas Feridas,Plena Noite,Decrescente,Céu Claro,Simples,Reta;Retorno Regulamentado    ,Sim,3,0,2,0,1,0,2,2,"-7,99236282","-38,33750809",SPRF-PE,DEL04-PE,UOP01-DEL04-PE
505261,2023-02-15,quarta-feira,14:30:00,PE,408,"105,3",JABOATAO DOS GUARARAPES,Acessar a via sem observar a presença dos outros veículos,Colisão lateral mesmo sentido,Sem Vítimas,Pleno dia,Decrescente,Céu Claro,Dupla,Reta,Sim,2,0,0,0,2,0,0,2,"-8,075963","-34,992263",SPRF-PE,DEL01-PE,UOP01-DEL01-PE
505651,2023-02-17,sexta-feira,10:00:00,PE,428,"161,6",PETROLINA,Demais falhas mecânicas ou elétricas,Incêndio,Sem Vítimas,Pleno dia,Crescente,Sol,Simples,Reta,Não,1,0,0,0,1,0,0,1,"-9,15495406","-40,3615739",SPRF-PE,DEL06-PE,UOP01-DEL06-PE
505716,2023-02-17,sexta-feira,18:12:00,PE,101,43,IGARASSU,Condutor deixou de manter distância do veículo da frente,Engavetamento,Com Vítimas Feridas,Plena Noite,Crescente,Nublado,Múltipla,Declive;Reta                  ,Sim,3,0,1,0,1,1,1,3,"-7,84753808","-34,90977038",SPRF-PE,DEL01-PE,UOP02-DEL01-PE
505727,2023-02-17,sexta-feira,18:00:00,PE,101,59,RECIFE,Trafegar com motocicleta (ou similar) entre as faixas,Colisão lateral mesmo sentido,Com Vítimas Feridas,Plena Noite,Decrescente,Céu Claro,Dupla,Reta,Sim,2,0,1,0,0,1,1,2,"-7,97708575","-34,92607318",SPRF-PE,DEL01-PE,UOP02-DEL01-PE
506705,2023-02-22,quarta-feira,20:12:00,PE,428,34,OROCO,Ausência de reação do condutor,Saída de leito carroçável,Com Vítimas Feridas,Plena Noite,Crescente,Céu Claro,Simples,Reta;Ponte                    ,Não,1,0,1,0,0,0,1,1,"-8,5320588","-39,51148312",SPRF-PE,DEL05-PE,UOP03-DEL05-PE
506779,2023-02-23,quinta-feira,07:45:00,PE,104,"65,6",CARUARU,Acessar a via sem observar a presença dos outros veículos,Colisão transversal,Com Vítimas Feridas,Pleno dia,Crescente,Garoa/Chuvisco,Dupla,Reta,Sim,2,0,1,0,1,0,1,2,"-8,2867","-35,9838",SPRF-PE,DEL02-PE,UOP01-DEL02-PE
506797,2023-02-23,quinta-feira,12:25:00,PE,101,"79,9",JABOATAO DOS GUARARAPES,Condutor deixou de manter distância do veículo da frente,Colisão traseira,Sem Vítimas,Pleno dia,Crescente,Nublado,Dupla,Interseção de Vias,Sim,2,0,0,0,2,0,0,2,"-8,154328","-34,942342",SPRF-PE,DEL01-PE,UOP01-DEL01-PE