id,data_inversa,dia_semana,horario,uf,br,km,municipio,causa_acidente,tipo_acidente,classificacao_acidente,fase_dia,sentido_via,condicao_metereologica,tipo_pista,tracado_via,uso_solo,pessoas,mortos,feridos_leves,feridos_graves,ilesos,ignorados,feridos,veiculos,latitude,longitude,regional,delegacia,uop
506837,2023-02-23,quinta-feira,16:00:00,PE,101,"42,5",IGARASSU,Entrada inopinada do pedestre,Atropelamento de Pedestre,Com Vítimas Feridas,Pleno dia,Crescente,Céu Claro,Múltipla,Reta,Sim,2,0,0,1,1,0,1,2,"-7,843645","-34,910957",SPRF-PE,DEL01-PE,UOP02-DEL01-PE
506883,2023-02-23,quinta-feira,21:10:00,PE,232,"204,5",PESQUEIRA,Ultrapassagem Indevida,Saída de leito carroçável,Com Vítimas Feridas,Plena Noite,Crescente,Céu Claro,Simples,Reta;Declive                  ,Não,3,0,2,0,0,1,2,2,"-8,372663","-36,648128",SPRF-PE,DEL03-PE,UOP02-DEL03-PE
506930,2023-02-24,sexta-feira,09:00:00,PE,428,187,PETROLINA,Estacionar ou parar em local proibido,Colisão traseira,Com Vítimas Feridas,Pleno dia,Crescente,Céu Claro,Dupla,Retorno Regulamentado,Sim,2,0,1,0,1,0,1,2,"-9,35604301","-40,47854198",SPRF-PE,DEL06-PE,UOP01-DEL06-PE
507086,2023-02-25,sábado,03:30:00,PE,104,134,QUIPAPA,Problema com o freio,Colisão traseira,Com Vítimas Feridas,Amanhecer,Crescente,Céu Claro,Simples,Reta;Declive                  ,Sim,2,0,1,0,1,0,1,2,"-8,809525","-36,012314",SPRF-PE,DEL02-PE,UOP03-DEL02-PE
507233,2023-02-26,domingo,04:00:00,PE,423,75,JUCATI,Ausência de reação do condutor,Colisão traseira,Com Vítimas Fatais,Plena Noite,Crescente,Céu Claro,Simples,Reta,Não,2,1,0,0,0,1,0,2,"-8,72421234","-36,42879161",SPRF-PE,DEL03-PE,UOP01-DEL03-PE
507234,2023-02-26,domingo,03:50:00,PE,232,"136,8",CARUARU,Ingestão de álcool pelo condutor,Colisão traseira,Com Vítimas Fatais,Plena Noite,Crescente,Céu Claro,Dupla,Reta;Aclive                   ,Não,3,1,0,1,0,1,1,2,"-8,31339932","-36,04175591",SPRF-PE,DEL02-PE,UOP01-DEL02-PE
507318,2023-02-26,domingo,14:46:00,PE,101,"22,8",IGARASSU,Condutor deixou de manter distância do veículo da frente,Colisão traseira,Com Vítimas Feridas,Pleno dia,Decrescente,Céu Claro,Dupla,Aclive,Não,3,0,2,0,0,1,2,2,"-7,67583307","-34,92870811",SPRF-PE,DEL01-PE,UOP02-DEL01-PE
507674,2023-02-28,terça-feira,11:20:00,PE,232,"85,9",GRAVATA,Reação tardia ou ineficiente do condutor,Colisão traseira,Com Vítimas Feridas,Pleno dia,Decrescente,Céu Claro,Dupla,Curva,Não,2,0,1,0,0,1,1,2,"-8,20951081","-35,61182408",SPRF-PE,DEL02-PE,UOP02-DEL02PE
507678,2023-02-28,terça-feira,10:00:00,PE,101,77,RECIFE,Acessar a via sem observar a presença dos outros veículos,Colisão transversal,Com Vítimas Feridas,Pleno dia,Crescente,Céu Claro,Dupla,Reta,Sim,2,0,0,1,0,1,1,2,"-8,126982","-34,94386",SPRF-PE,DEL01-PE,UOP01-DEL01-PE
507895,2023-03-01,quarta-feira,19:20:00,PE,407,"117,1",PETROLINA,Acessar a via sem observar a presença dos outros veículos,Colisão transversal,Com Vítimas Fatais,Plena Noite,Crescente,Céu Claro,Simples,Reta,Não,2,1,0,0,0,1,0,2,"-9,32030577","-40,57004994",SPRF-PE,DEL06-PE,UOP01-DEL06-PE
507961,2023-03-02,quinta-feira,08:30:00,PE,104,"25,7",TAQUARITINGA DO NORTE,Reação tardia ou ineficiente do condutor,Colisão lateral mesmo sentido,Com Vítimas Fatais,Pleno dia,Crescente,Sol,Simples,Reta,Não,5,1,0,2,0,2,2,3,"-7,99140122","-36,0963143",SPRF-PE,DEL02-PE,UOP01-DEL02-PE
508039,2023-03-02,quinta-feira,16:05:00,PE,423,104,GARANHUNS,Carga excessiva e/ou mal acondicionada,Colisão lateral mesmo sentido,Sem Vítimas,Pleno dia,Decrescente,Céu Claro,Simples,Reta;Declive                  ,Não,3,0,0,0,3,0,0,2,"-8,87705776","-36,55534007",SPRF-PE,DEL03-PE,UOP01-DEL03-PE
508127,2023-03-03,sexta-feira,06:09:00,PE,101,"50,3",ABREU E LIMA,Manobra de mudança de faixa,Colisão lateral mesmo sentido,Com Vítimas Feridas,Amanhecer,Crescente,Céu Claro,Múltipla,Reta,Sim,4,0,3,0,0,1,3,3,"-7,909513","-34,902147",SPRF-PE,DEL01-PE,UOP02-DEL01-PE
508330,2023-03-03,sexta-feira,22:22:00,PE,423,55,LAJEDO,Transitar na contramão,Colisão lateral sentido oposto,Com Vítimas Fatais,Plena Noite,Crescente,Céu Claro,Simples,Curva,Não,2,1,0,0,1,0,0,2,"-8,61537298","-36,29867707",SPRF-PE,DEL03-PE,UOP01-DEL03-PE
508368,2023-03-04,sábado,05:40:00,PE,407,127,PETROLINA,Ingestão de álcool pelo condutor,Colisão transversal,Com Vítimas Feridas,Amanhecer,Decrescente,Céu Claro,Simples,Interseção de Vias,Sim,3,0,2,0,1,0,2,2,"-9,39139937","-40,51900506",SPRF-PE,DEL06-PE,UOP01-DEL06-PE
508624,2023-03-05,domingo,05:45:00,PE,316,314,FLORESTA,Manobra de mudança de faixa,Colisão lateral sentido oposto,Com Vítimas Feridas,Pleno dia,Decrescente,Céu Claro,Simples,Reta,Não,3,0,1,0,2,0,1,2,"-8,701356","-38,520309",SPRF-PE,DEL04-PE,UOP03-DEL04-PE
508974,2023-03-07,terça-feira,05:00:00,PE,101,92,CABO DE SANTO AGOSTINHO,Pedestre andava na pista,Atropelamento de Pedestre,Com Vítimas Fatais,Amanhecer,Crescente,Ignorado,Dupla,Reta,Não,2,1,0,0,0,1,0,2,"-8,23201792","-34,99778611",SPRF-PE,DEL01-PE,UOP01-DEL01-PE
509024,2023-03-07,terça-feira,08:50:00,PE,101,73,RECIFE,Acessar a via sem observar a presença dos outros veículos,Colisão transversal,Com Vítimas Feridas,Pleno dia,Decrescente,Céu Claro,Dupla,Curva;Retorno Regulamentado   ,Sim,2,0,1,0,1,0,1,2,"-8,093369","-34,947464",SPRF-PE,DEL01-PE,UOP01-DEL01-PE
509056,2023-03-07,terça-feira,14:40:00,PE,101,71,RECIFE,Ausência de reação do condutor,Colisão traseira,Com Vítimas Feridas,Pleno dia,Decrescente,Céu Claro,Dupla,Reta,Sim,2,0,1,0,1,0,1,2,"-8,07663102","-34,94277871",SPRF-PE,DEL01-PE,UOP01-DEL01-PE
509122,2023-03-07,terça-feira,20:21:00,PE,407,128,PETROLINA,Condutor deixou de manter distância do veículo da frente,Colisão traseira,Com Vítimas Feridas,Plena Noite,Crescente,Céu Claro,Simples,Reta,Sim,3,0,2,0,1,0,2,3,"-9,39958299","-40,50459298",SPRF-PE,DEL06-PE,UOP01-DEL06-PE
509157,2023-03-08,quarta-feira,04:50:00,PE,232,"9,1",RECIFE,Condutor deixou de manter distância do veículo da frente,Colisão traseira,Com Vítimas Feridas,Amanhecer,Decrescente,Céu Claro,Dupla,Em Obras;Reta                 ,Sim,2,0,1,0,1,0,1,2,"-8,078242","-34,981336",SPRF-PE,DEL01-PE,UOP01-DEL01-PE
509187,2023-03-08,quarta-feira,08:05:00,PE,101,"28,6",IGARASSU,Condutor usando celular,Saída de leito carroçável,Com Vítimas Feridas,Pleno dia,Crescente,Nublado,Dupla,Reta,Não,3,0,1,0,2,0,1,1,"-7,72555777","-34,94191936",SPRF-PE,DEL01-PE,UOP02-DEL01-PE
509298,2023-03-08,quarta-feira,19:20:00,PE,104,"119,8",PANELAS,Problema com o freio,Tombamento,Com Vítimas Feridas,Plena Noite,Decrescente,Céu Claro,Simples,Curva;Declive                 ,Não,1,0,1,0,0,0,1,1,"-8,696822","-36,020709",SPRF-PE,DEL02-PE,UOP03-DEL02-PE
509406,2023-03-09,quinta-feira,10:00:00,PE,104,23,TAQUARITINGA DO NORTE,Pedestre andava na pista,Atropelamento de Pedestre,Com Vítimas Fatais,Pleno dia,Crescente,Céu Claro,Simples,Curva,Não,2,1,0,0,1,0,0,2,"-7,97182","-36,109932",SPRF-PE,DEL02-PE,UOP01-DEL02-PE
509538,2023-03-10,sexta-feira,01:14:00,PE,232,16,JABOATAO DOS GUARARAPES,Ausência de reação do condutor,Colisão traseira,Com Vítimas Feridas,Plena Noite,Decrescente,Céu Claro,Dupla,Reta,Sim,2,0,0,1,1,0,1,2,"-8,09414193","-35,03716601",SPRF-PE,DEL01-PE,UOP01-DEL01-PE
510167,2023-03-12,domingo,20:20:00,PE,428,"171,7",PETROLINA,Ausência de reação do condutor,Saída de leito carroçável,Com Vítimas Feridas,Plena Noite,Decrescente,Céu Claro,Simples,Reta,Não,1,0,1,0,0,0,1,1,"-9,22853421","-40,41255764",SPRF-PE,DEL06-PE,UOP01-DEL06-PE
510205,2023-03-13,segunda-feira,02:00:00,PE,232,9,JABOATAO DOS GUARARAPES,Velocidade Incompatível,Saída de leito carroçável,Com Vítimas Feridas,Plena Noite,Crescente,Chuva,Dupla,Reta,Sim,2,0,1,0,1,0,1,1,"-8,07764447","-34,97863609",SPRF-PE,DEL01-PE,UOP01-DEL01-PE
510222,2023-03-13,segunda-feira,04:50:00,PE,101,"56,1",RECIFE,Manobra de mudança de faixa,Colisão traseira,Com Vítimas Feridas,Amanhecer,Crescente,Céu Claro,Dupla,Reta,Sim,2,0,0,1,0,1,1,2,"-7,9554509","-34,91140727",SPRF-PE,DEL01-PE,UOP02-DEL01-PE
510344,2023-03-13,segunda-feira,16:30:00,PE,101,79,JABOATAO DOS GUARARAPES,Manobra de mudança de faixa,Colisão lateral mesmo sentido,Com Vítimas Feridas,Anoitecer,Decrescente,Céu Claro,Dupla,Reta,Sim,2,0,1,0,1,0,1,2,"-8,14366112","-34,94723453",SPRF-PE,DEL01-PE,UOP01-DEL01-PE
510587,2023-03-14,terça-feira,21:40:00,PE,232,"407,1",SERRA TALHADA,Reação tardia ou ineficiente do condutor,Colisão traseira,Com Vítimas Feridas,Plena Noite,Crescente,Chuva,Simples,Declive,Sim,3,0,1,0,2,0,1,3,"-7,9854402","-38,27148304",SPRF-PE,DEL04-PE,UOP01-DEL04-PE
510622,2023-03-15,quarta-feira,07:38:00,PE,101,76,RECIFE,Ausência de reação do condutor,Colisão traseira,Com Vítimas Feridas,Pleno dia,Crescente,Chuva,Dupla,Declive,Sim,3,0,0,1,2,0,1,3,"-8,12491298","-34,94387805",SPRF-PE,DEL01-PE,UOP01-DEL01-PE
510642,2023-03-15,quarta-feira,08:41:00,PE,232,524,SALGUEIRO,Acessar a via sem observar a presença dos outros veículos,Colisão transversal,Com Vítimas Feridas,Pleno dia,Crescente,Chuva,Simples,Interseção de Vias;Reta       ,Não,3,0,0,1,2,0,1,2,"-8,069604","-39,26831",SPRF-PE,DEL05-PE,UOP01-DEL05-PE
510705,2023-03-15,quarta-feira,15:42:00,PE,101,"48,1",ABREU E LIMA,Manobra de mudança de faixa,Colisão lateral mesmo sentido,Com Vítimas Feridas,Pleno dia,Decrescente,Céu Claro,Dupla,Reta,Sim,3,0,1,0,2,0,1,2,"-7,89174705","-34,9033493",SPRF-PE,DEL01-PE,UOP02-DEL01-PE
510765,2023-03-15,quarta-feira,20:28:00,PE,101,"152,3",RIBEIRAO,Ausência de reação do condutor,Colisão com objeto,Com Vítimas Feridas,Plena Noite,Crescente,Chuva,Dupla,Curva,Não,3,0,1,0,2,0,1,3,"-8,51119897","-35,38696321",SPRF-PE,DEL01-PE,UOP03-DEL01-PE
510893,2023-03-16,quinta-feira,12:30:00,PE,232,279,SERTANIA,Acessar a via sem observar a presença dos outros veículos,Colisão transversal,Com Vítimas Feridas,Pleno dia,Decrescente,Céu Claro,Simples,Declive;Reta                  ,Não,8,0,2,1,2,3,3,3,"-8,35573831","-37,28333412",SPRF-PE,DEL04-PE,UOP02-DEL04-PE
511055,2023-03-17,sexta-feira,00:55:00,PE,232,"236,9",ARCOVERDE,Ausência de reação do condutor,Colisão traseira,Sem Vítimas,Plena Noite,Decrescente,Céu Claro,Simples,Reta;Aclive                   ,Não,2,0,0,0,2,0,0,2,"-8,4130238","-36,92650506",SPRF-PE,DEL04-PE,UOP02-DEL04-PE
511128,2023-03-17,sexta-feira,18:13:00,PE,232,76,GRAVATA,Manobra de mudança de faixa,Colisão lateral mesmo sentido,Com Vítimas Feridas,Anoitecer,Crescente,Céu Claro,Dupla,Reta,Sim,2,0,1,0,1,0,1,2,"-8,19541469","-35,53424693",SPRF-PE,DEL02-PE,UOP02-DEL02PE
511412,2023-03-18,sábado,21:50:00,PE,428,"160,7",PETROLINA,Condutor Dormindo,Colisão traseira,Com Vítimas Fatais,Plena Noite,Crescente,Céu Claro,Simples,Reta,Não,3,1,0,1,1,0,1,2,"-9,147232","-40,357009",SPRF-PE,DEL06-PE,UOP01-DEL06-PE
511422,2023-03-18,sábado,23:00:00,PE,232,207,PESQUEIRA,Ausência de reação do condutor,Colisão com objeto,Com Vítimas Fatais,Plena Noite,Decrescente,Chuva,Simples,Aclive,Não,1,1,0,0,0,0,0,1,"-8,369249","-36,670749",SPRF-PE,DEL03-PE,UOP02-DEL03-PE
511883,2023-03-21,terça-feira,01:00:00,PE,424,48,VENTUROSA,Ingestão de álcool pelo condutor,Colisão frontal,Com Vítimas Feridas,Plena Noite,Decrescente,Céu Claro,Simples,Aclive,Não,10,0,4,3,3,0,7,3,"-8,70372814","-36,78837832",SPRF-PE,DEL03-PE,UOP01-DEL03-PE
511922,2023-03-21,terça-feira,07:59:00,PE,232,"9,3",RECIFE,Manobra de mudança de faixa,Colisão lateral mesmo sentido,Sem Vítimas,Pleno dia,Decrescente,Chuva,Dupla,Reta;Em Obras                 ,Sim,2,0,0,0,2,0,0,2,"-8,07764447","-34,97863609",SPRF-PE,DEL01-PE,UOP01-DEL01-PE
511942,2023-03-21,terça-feira,05:50:00,PE,101,"183,5",PALMARES,Ausência de sinalização,Colisão traseira,Com Vítimas Feridas,Pleno dia,Decrescente,Nublado,Dupla,Reta,Não,2,0,1,0,1,0,1,2,"-8,66142762","-35,56549434",SPRF-PE,DEL01-PE,UOP03-DEL01-PE
511984,2023-03-21,terça-feira,14:00:00,PE,104,119,PANELAS,Problema com o freio,Saída de leito carroçável,Com Vítimas Fatais,Pleno dia,Crescente,Nublado,Simples,Curva;Declive                 ,Não,2,1,0,0,0,1,0,2,"-8,69214","-36,023621",SPRF-PE,DEL02-PE,UOP03-DEL02-PE
512085,2023-03-22,quarta-feira,06:10:00,PE,101,130,ESCADA,Velocidade Incompatível,Colisão traseira,Com Vítimas Feridas,Pleno dia,Decrescente,Nublado,Múltipla,Reta,Sim,2,0,0,1,1,0,1,2,"-8,392345","-35,257055",SPRF-PE,DEL01-PE,UOP03-DEL01-PE
512232,2023-03-22,quarta-feira,18:40:00,PE,428,144,PETROLINA,Manobra de mudança de faixa,Colisão frontal,Com Vítimas Feridas,Plena Noite,Decrescente,Chuva,Simples,Reta,Não,3,0,3,0,0,0,3,2,"-9,02360471","-40,2839345",SPRF-PE,DEL06-PE,UOP01-DEL06-PE
512250,2023-03-22,quarta-feira,20:10:00,PE,116,5,SALGUEIRO,Reação tardia ou ineficiente do condutor,Colisão com objeto,Sem Vítimas,Plena Noite,Crescente,Nublado,Simples,Curva,Não,1,0,0,0,1,0,0,1,"-7,89977032","-39,11381721",SPRF-PE,DEL05-PE,UOP01-DEL05-PE
512262,2023-03-22,quarta-feira,22:10:00,PE,232,459,SAO JOSE DO BELMONTE,Animais na Pista,Tombamento,Com Vítimas Feridas,Plena Noite,Crescente,Garoa/Chuvisco,Simples,Declive,Não,1,0,1,0,0,0,1,1,"-8,01935472","-38,70660414",SPRF-PE,DEL05-PE,UOP01-DEL05-PE
512438,2023-03-23,quinta-feira,23:00:00,PE,101,"35,7",IGARASSU,Ausência de reação do condutor,Colisão traseira,Com Vítimas Feridas,Plena Noite,Crescente,Céu Claro,Dupla,Reta;Aclive                   ,Não,2,0,1,0,1,0,1,2,"-7,77952193","-34,93231384",SPRF-PE,DEL01-PE,UOP02-DEL01-PE
512519,2023-03-24,sexta-feira,11:30:00,PE,104,63,CARUARU,Demais falhas mecânicas ou elétricas,Saída de leito carroçável,Com Vítimas Feridas,Pleno dia,Crescente,Sol,Dupla,Declive;Reta                  ,Sim,5,0,1,1,3,0,2,4,"-8,2698","-35,9803",SPRF-PE,DEL02-PE,UOP01-DEL02-PE
512579,2023-03-24,sexta-feira,18:30:00,PE,232,12,JABOATAO DOS GUARARAPES,Entrada inopinada do pedestre,Atropelamento de Pedestre,Com Vítimas Fatais,Plena Noite,Crescente,Nublado,Dupla,Declive;Reta                  ,Não,2,1,0,0,1,0,0,2,"-8,08577691","-35,00345603",SPRF-PE,DEL01-PE,UOP01-DEL01-PE
512582,2023-03-24,sexta-feira,17:40:00,PE,232,"171,3",BELO JARDIM,Ingestão de álcool pelo condutor,Colisão lateral sentido oposto,Com Vítimas Feridas,Anoitecer,Crescente,Nublado,Simples,Reta,Não,2,0,0,1,1,0,1,2,"-8,34239456","-36,35216713",SPRF-PE,DEL03-PE,UOP02-DEL03-PE
512758,2023-03-25,sábado,17:50:00,PE,423,32,SAO CAITANO,Demais falhas mecânicas ou elétricas,Atropelamento de Pedestre,Com Vítimas Feridas,Anoitecer,Decrescente,Céu Claro,Simples,Reta;Aclive;Em Obras          ,Não,1,0,0,1,0,0,1,1,"-8,45069903","-36,21115394",SPRF-PE,DEL03-PE,UOP02-DEL03-PE
513206,2023-03-26,domingo,00:27:00,PE,110,226,PETROLANDIA,Ausência de reação do condutor,Colisão lateral sentido oposto,Com Vítimas Feridas,Plena Noite,Decrescente,Céu Claro,Simples,Reta,Não,2,0,0,1,0,1,1,2,"-9,03930281","-38,25704237",SPRF-BA,DEL07-BA,UOP01-DEL07-BA
513340,2023-01-13,sexta-feira,01:15:00,PE,232,"183,1",BELO JARDIM,Ingestão de álcool pelo condutor,Colisão lateral sentido oposto,Com Vítimas Feridas,Plena Noite,Decrescente,Céu Claro,Simples,Reta,Não,2,0,1,0,1,0,1,2,"-8,34981605","-36,45554399",SPRF-PE,DEL03-PE,UOP02-DEL03-PE
513376,2023-03-28,terça-feira,14:00:00,PE,232,54,POMBOS,Acessar a via sem observar a presença dos outros veículos,Colisão lateral mesmo sentido,Com Vítimas Feridas,Pleno dia,Crescente,Sol,Dupla,Reta,Não,3,0,1,0,2,0,1,2,"-8,12919504","-35,35716398",SPRF-PE,DEL02-PE,UOP02-DEL02PE
513481,2023-03-29,quarta-feira,06:35:00,PE,428,"149,3",PETROLINA,Condutor Dormindo,Colisão frontal,Com Vítimas Feridas,Pleno dia,Crescente,Céu Claro,Simples,Reta,Não,2,0,1,0,1,0,1,2,"-9,06224329","-40,30675951",SPRF-PE,DEL06-PE,UOP01-DEL06-PE
513504,2023-03-29,quarta-feira,09:20:00,PE,101,37,IGARASSU,Reação tardia ou ineficiente do condutor,Colisão traseira,Com Vítimas Feridas,Pleno dia,Decrescente,Chuva,Dupla,Reta,Não,3,0,1,0,1,1,1,3,"-7,79726705","-34,9274932",SPRF-PE,DEL01-PE,UOP02-DEL01-PE
513570,2023-03-29,quarta-feira,16:15:00,PE,101,"0,2",JABOATAO DOS GUARARAPES,Condutor deixou de manter distância do veículo da frente,Colisão traseira,Com Vítimas Fatais,Pleno dia,Decrescente,Chuva,Simples,Reta,Sim,3,1,0,0,2,0,0,3,"-8,183167","-34,950597",SPRF-PE,DEL01-PE,UOP02-DEL01-PE
513641,2023-03-30,quinta-feira,00:05:00,PE,424,88,GARANHUNS,Problema com o freio,Saída de leito carroçável,Com Vítimas Feridas,Plena Noite,Crescente,Garoa/Chuvisco,Simples,Reta;Declive                  ,Não,1,0,0,1,0,0,1,1,"-8,88289772","-36,50848532",SPRF-PE,DEL03-PE,UOP01-DEL03-PE
513737,2023-03-30,quinta-feira,13:12:00,PE,423,42,CACHOEIRINHA,Ausência de reação do condutor,Saída de leito carroçável,Com Vítimas Feridas,Pleno dia,Crescente,Céu Claro,Simples,Reta,Não,1,0,0,1,0,0,1,1,"-8,50897803","-36,25103394",SPRF-PE,DEL03-PE,UOP01-DEL03-PE
514063,2023-04-01,sábado,04:06:00,PE,316,237,BELEM DE SAO FRANCISCO,Demais falhas mecânicas ou elétricas,Tombamento,Com Vítimas Feridas,Amanhecer,Crescente,Nublado,Simples,Declive;Reta                  ,Não,2,0,1,1,0,0,2,1,"-8,62464107","-39,07533303",SPRF-PE,DEL05-PE,UOP03-DEL05-PE
514089,2023-04-01,sábado,05:30:00,PE,428,73,SANTA MARIA DA BOA VISTA,Velocidade Incompatível,Tombamento,Com Vítimas Feridas,Amanhecer,Crescente,Céu Claro,Simples,Declive;Ponte;Curva           ,Não,1,0,1,0,0,0,1,1,"-8,72018283","-39,77321719",SPRF-PE,DEL06-PE,UOP03-DEL06-PE
514115,2023-04-01,sábado,07:00:00,PE,101,136,ESCADA,Acessar a via sem observar a presença dos outros veículos,Tombamento,Com Vítimas Feridas,Pleno dia,Decrescente,Céu Claro,Dupla,Curva;Retorno Regulamentado   ,Não,3,0,1,0,1,1,1,2,"-8,414742","-35,305013",SPRF-PE,DEL01-PE,UOP03-DEL01-PE
514598,2023-04-03,segunda-feira,15:45:00,PE,101,71,RECIFE,Ausência de reação do condutor,Colisão transversal,Com Vítimas Feridas,Pleno dia,Decrescente,Céu Claro,Dupla,Reta,Sim,2,0,1,0,1,0,1,2,"-8,07663102","-34,94277871",SPRF-PE,DEL01-PE,UOP01-DEL01-PE
514696,2023-04-04,terça-feira,03:26:00,PE,101,"107,5",CABO DE SANTO AGOSTINHO,Ausência de reação do condutor,Saída de leito carroçável,Com Vítimas Feridas,Amanhecer,Decrescente,Chuva,Dupla,Reta,Não,1,0,1,0,0,0,1,1,"-8,30976839","-35,08440011",SPRF-PE,DEL01-PE,UOP03-DEL01-PE
514770,2023-04-04,terça-feira,08:22:00,PE,101,92,CABO DE SANTO AGOSTINHO,Manobra de mudança de faixa,Colisão lateral mesmo sentido,Com Vítimas Feridas,Pleno dia,Crescente,Nublado,Dupla,Reta,Sim,4,0,3,0,1,0,3,2,"-8,23201792","-34,99778611",SPRF-PE,DEL01-PE,UOP01-DEL01-PE
514853,2023-04-04,terça-feira,20:45:00,PE,104,97,AGRESTINA,Velocidade Incompatível,Colisão lateral sentido oposto,Sem Vítimas,Plena Noite,Decrescente,Chuva,Simples,Curva,Não,2,0,0,0,1,1,0,2,"-8,539489","-35,936028",SPRF-PE,DEL02-PE,UOP03-DEL02-PE
514872,2023-04-05,quarta-feira,03:00:00,PE,101,25,IGARASSU,Demais falhas mecânicas ou elétricas,Incêndio,Sem Vítimas,Plena Noite,Decrescente,Nublado,Dupla,Reta,Não,1,0,0,0,1,0,0,1,"-7,7009082","-34,9229207",SPRF-PE,DEL01-PE,UOP02-DEL01-PE
514916,2023-03-28,terça-feira,13:20:00,PE,101,"43,1",IGARASSU,Manobra de mudança de faixa,Colisão lateral mesmo sentido,Com Vítimas Feridas,Pleno dia,Crescente,Sol,Múltipla,Reta,Sim,2,0,1,0,1,0,1,2,"-7,84753808","-34,90977038",SPRF-PE,DEL01-PE,UOP02-DEL01-PE
514946,2023-04-05,quarta-feira,12:35:00,PE,101,71,RECIFE,Ausência de reação do condutor,Engavetamento,Sem Vítimas,Pleno dia,Decrescente,Céu Claro,Dupla,Reta,Sim,5,0,0,0,4,1,0,5,"-8,07663102","-34,94277871",SPRF-PE,DEL01-PE,UOP01-DEL01-PE
515027,2023-04-05,quarta-feira,17:00:00,PE,101,83,JABOATAO DOS GUARARAPES,Trafegar com motocicleta (ou similar) entre as faixas,Tombamento,Com Vítimas Feridas,Anoitecer,Decrescente,Céu Claro,Múltipla,Reta,Sim,2,0,0,1,1,0,1,2,"-8,175172","-34,942642",SPRF-PE,DEL01-PE,UOP01-DEL01-PE
515146,2023-04-02,domingo,21:35:00,PE,104,116,PANELAS,Acessar a via sem observar a presença dos outros veículos,Colisão frontal,Com Vítimas Feridas,Plena Noite,Crescente,Céu Claro,Simples,Reta,Sim,2,0,0,1,0,1,1,2,"-8,67058017","-36,01412773",SPRF-PE,DEL02-PE,UOP03-DEL02-PE
515179,2023-04-06,quinta-feira,14:30:00,PE,101,49,ABREU E LIMA,Ausência de reação do condutor,Colisão traseira,Com Vítimas Feridas,Pleno dia,Crescente,Céu Claro,Dupla,Reta,Sim,4,0,0,1,2,1,1,3,"-7,9005152","-34,90180641",SPRF-PE,DEL01-PE,UOP02-DEL01-PE
515544,2023-04-08,sábado,07:20:00,PE,101,"54,9",PAULISTA,Avarias e/ou desgaste excessivo no pneu,Saída de leito carroçável,Com Vítimas Feridas,Pleno dia,Decrescente,Céu Claro,Múltipla,Declive,Sim,1,0,0,1,0,0,1,1,"-7,94806621","-34,9062148",SPRF-PE,DEL01-PE,UOP02-DEL01-PE
515677,2023-04-08,sábado,20:30:00,PE,408,"86,1",PAUDALHO,Ausência de reação do condutor,Saída de leito carroçável,Com Vítimas Feridas,Plena Noite,Decrescente,Chuva,Múltipla,Reta;Aclive                   ,Não,1,0,1,0,0,0,1,1,"-7,96010995","-35,09554697",SPRF-PE,DEL01-PE,UOP01-DEL01-PE
516292,2023-04-11,terça-feira,17:55:00,PE,428,76,SANTA MARIA DA BOA VISTA,Condutor deixou de manter distância do veículo da frente,Colisão traseira,Sem Vítimas,Plena Noite,Decrescente,Céu Claro,Simples,Reta;Aclive                   ,Não,2,0,0,0,2,0,0,2,"-8,7412872","-39,79087579",SPRF-PE,DEL06-PE,UOP03-DEL06-PE
516293,2023-04-11,terça-feira,18:30:00,PE,104,56,CARUARU,Ingestão de álcool pelo condutor,Colisão lateral mesmo sentido,Sem Vítimas,Plena Noite,Decrescente,Céu Claro,Dupla,Reta,Sim,2,0,0,0,2,0,0,2,"-8,2098","-35,9712",SPRF-PE,DEL02-PE,UOP01-DEL02-PE
516382,2023-04-12,quarta-feira,12:55:00,PE,232,"118,5",CARUARU,Condutor deixou de manter distância do veículo da frente,Colisão traseira,Com Vítimas Feridas,Pleno dia,Decrescente,Céu Claro,Dupla,Reta,Não,2,0,1,0,1,0,1,2,"-8,29431633","-35,88437194",SPRF-PE,DEL02-PE,UOP01-DEL02-PE
516534,2023-02-23,quinta-feira,23:00:00,PE,316,"113,9",BODOCO,Manobra de mudança de faixa,Tombamento,Com Vítimas Fatais,Plena Noite,Crescente,Céu Claro,Simples,Declive;Reta                  ,Não,1,1,0,0,0,0,0,1,"-7,98338221","-39,83930609",SPRF-PE,DEL05-PE,UOP02-DEL05-PE
516565,2023-03-28,terça-feira,06:00:00,PE,232,29,MORENO,Manobra de mudança de faixa,Colisão transversal,Sem Vítimas,Pleno dia,Crescente,Céu Claro,Dupla,Reta,Não,2,0,0,0,1,1,0,2,"-8,111269","-35,143135",SPRF-PE,DEL01-PE,UOP01-DEL01-PE