id,data_inversa,dia_semana,horario,uf,br,km,municipio,causa_acidente,tipo_acidente,classificacao_acidente,fase_dia,sentido_via,condicao_metereologica,tipo_pista,tracado_via,uso_solo,pessoas,mortos,feridos_leves,feridos_graves,ilesos,ignorados,feridos,veiculos,latitude,longitude,regional,delegacia,uop
516615,2023-04-13,quinta-feira,13:57:00,PE,232,367,FLORES,Demais falhas mecânicas ou elétricas,Saída de leito carroçável,Com Vítimas Feridas,Pleno dia,Crescente,Sol,Simples,Reta,Não,8,0,7,0,1,0,7,1,"-8,0401841","-37,93969602",SPRF-PE,DEL04-PE,UOP01-DEL04-PE
516648,2023-04-13,quinta-feira,16:30:00,PE,101,68,RECIFE,Manobra de mudança de faixa,Colisão lateral mesmo sentido,Sem Vítimas,Pleno dia,Crescente,Céu Claro,Dupla,Rotatória,Sim,3,0,0,0,2,1,0,2,"-8,052207","-34,94658",SPRF-PE,DEL01-PE,UOP01-DEL01-PE
516716,2023-04-14,sexta-feira,08:00:00,PE,232,400,SERRA TALHADA,Condutor deixou de manter distância do veículo da frente,Colisão traseira,Sem Vítimas,Pleno dia,Crescente,Céu Claro,Simples,Reta,Não,5,0,0,0,4,1,0,3,"-8,01124778","-38,22523106",SPRF-PE,DEL04-PE,UOP01-DEL04-PE
516905,2023-04-15,sábado,01:15:00,PE,101,19,GOIANA,Reação tardia ou ineficiente do condutor,Colisão traseira,Com Vítimas Feridas,Plena Noite,Crescente,Chuva,Dupla,Reta,Não,2,0,0,1,1,0,1,2,"-7,65403379","-34,94408281",SPRF-PE,DEL01-PE,UOP02-DEL01-PE
517387,2023-04-17,segunda-feira,07:00:00,PE,428,89,SANTA MARIA DA BOA VISTA,Reação tardia ou ineficiente do condutor,Colisão traseira,Com Vítimas Feridas,Pleno dia,Crescente,Céu Claro,Simples,Reta,Não,3,0,1,1,0,1,2,2,"-8,78809534","-39,87388239",SPRF-PE,DEL06-PE,UOP03-DEL06-PE
517429,2023-04-17,segunda-feira,14:24:00,PE,232,108,BEZERROS,Velocidade Incompatível,Colisão traseira,Sem Vítimas,Pleno dia,Decrescente,Sol,Dupla,Reta,Não,2,0,0,0,1,1,0,2,"-8,27437583","-35,80416315",SPRF-PE,DEL02-PE,UOP02-DEL02PE
517555,2023-04-18,terça-feira,07:45:00,PE,408,"77,5",PAUDALHO,Reação tardia ou ineficiente do condutor,Colisão traseira,Com Vítimas Feridas,Pleno dia,Crescente,Céu Claro,Dupla,Reta,Não,3,0,1,0,2,0,1,2,"-7,92365927","-35,15513418",SPRF-PE,DEL01-PE,UOP01-DEL01-PE
517628,2023-04-18,terça-feira,14:40:00,PE,407,"128,2",PETROLINA,Trafegar com motocicleta (ou similar) entre as faixas,Colisão lateral mesmo sentido,Com Vítimas Fatais,Pleno dia,Decrescente,Sol,Dupla,Curva,Sim,2,1,0,0,0,1,0,2,"-9,39457487","-40,50920963",SPRF-PE,DEL06-PE,UOP01-DEL06-PE
517918,2023-04-19,quarta-feira,18:00:00,PE,316,23,ARARIPINA,Acessar a via sem observar a presença dos outros veículos,Colisão frontal,Com Vítimas Feridas,Plena Noite,Crescente,Céu Claro,Simples,Declive;Reta                  ,Não,2,0,0,1,1,0,1,2,"-7,55297709","-40,53977312",SPRF-PE,DEL05-PE,UOP02-DEL05-PE
517957,2023-04-20,quinta-feira,07:29:00,PE,101,65,RECIFE,Trafegar com motocicleta (ou similar) entre as faixas,Colisão lateral mesmo sentido,Com Vítimas Feridas,Pleno dia,Crescente,Céu Claro,Múltipla,Reta,Sim,4,0,2,0,2,0,2,3,"-8,02478597","-34,94276635",SPRF-PE,DEL01-PE,UOP01-DEL01-PE
517984,2023-04-20,quinta-feira,10:35:00,PE,101,88,JABOATAO DOS GUARARAPES,Condutor deixou de manter distância do veículo da frente,Colisão traseira,Com Vítimas Feridas,Pleno dia,Decrescente,Céu Claro,Dupla,Reta,Sim,5,0,2,0,3,0,2,4,"-8,19971387","-34,9785382",SPRF-PE,DEL01-PE,UOP01-DEL01-PE
518029,2023-04-20,quinta-feira,14:30:00,PE,232,111,BEZERROS,Mal súbito do condutor,Colisão traseira,Com Vítimas Feridas,Pleno dia,Crescente,Céu Claro,Dupla,Reta,Não,2,0,0,1,1,0,1,2,"-8,2922971","-35,82419791",SPRF-PE,DEL02-PE,UOP02-DEL02PE
518157,2023-04-20,quinta-feira,21:20:00,PE,101,116,IPOJUCA,Ausência de reação do condutor,Colisão com objeto,Com Vítimas Feridas,Plena Noite,Crescente,Céu Claro,Dupla,Reta,Não,1,0,1,0,0,0,1,1,"-8,34532196","-35,14676704",SPRF-PE,DEL01-PE,UOP03-DEL01-PE
518163,2023-04-20,quinta-feira,16:10:00,PE,110,222,PETROLANDIA,Velocidade Incompatível,Colisão traseira,Com Vítimas Feridas,Pleno dia,Decrescente,Sol,Simples,Reta,Não,2,0,1,0,1,0,1,2,"-9,01531065","-38,2309433",SPRF-BA,DEL07-BA,UOP01-DEL07-BA
518628,2023-04-05,quarta-feira,10:00:00,PE,423,"132,1",SALOA,Velocidade Incompatível,Colisão transversal,Com Vítimas Feridas,Pleno dia,Decrescente,Céu Claro,Simples,Curva;Aclive                  ,Não,3,0,2,0,0,1,2,2,"-8,958949","-36,766119",SPRF-PE,DEL03-PE,UOP01-DEL03-PE
518665,2023-04-23,domingo,12:17:00,PE,232,11,JABOATAO DOS GUARARAPES,Ingestão de álcool pelo condutor,Colisão com objeto,Com Vítimas Feridas,Pleno dia,Crescente,Céu Claro,Dupla,Viaduto,Não,3,0,1,0,0,2,1,2,"-8,08195464","-34,99545022",SPRF-PE,DEL01-PE,UOP01-DEL01-PE
518766,2023-04-23,domingo,20:50:00,PE,423,131,SALOA,Condutor deixou de manter distância do veículo da frente,Colisão traseira,Com Vítimas Feridas,Plena Noite,Crescente,Céu Claro,Simples,Declive,Não,2,0,0,1,0,1,1,2,"-8,95917999","-36,76823616",SPRF-PE,DEL03-PE,UOP01-DEL03-PE
518773,2023-04-23,domingo,18:55:00,PE,101,"163,4",AGUA PRETA,Curva acentuada,Tombamento,Sem Vítimas,Plena Noite,Decrescente,Nublado,Dupla,Curva,Não,1,0,0,0,1,0,0,1,"-8,55039544","-35,44619699",SPRF-PE,DEL01-PE,UOP03-DEL01-PE
519064,2023-04-25,terça-feira,07:30:00,PE,116,52,SALGUEIRO,Avarias e/ou desgaste excessivo no pneu,Colisão transversal,Com Vítimas Feridas,Pleno dia,Crescente,Céu Claro,Simples,Reta,Não,5,0,3,0,2,0,3,2,"-8,293407","-39,120644",SPRF-PE,DEL05-PE,UOP01-DEL05-PE
519114,2023-04-25,terça-feira,12:09:00,PE,408,"102,8",SAO LOURENCO DA MATA,Reação tardia ou ineficiente do condutor,Colisão lateral mesmo sentido,Com Vítimas Feridas,Pleno dia,Crescente,Sol,Dupla,Declive,Não,8,0,1,3,4,0,4,6,"-8,05323195","-35,00247996",SPRF-PE,DEL01-PE,UOP01-DEL01-PE
519251,2023-04-26,quarta-feira,06:50:00,PE,104,39,CARUARU,Demais falhas mecânicas ou elétricas,Incêndio,Sem Vítimas,Pleno dia,Crescente,Sol,Dupla,Reta,Sim,1,0,0,0,1,0,0,1,"-8,08173688","-36,04247332",SPRF-PE,DEL02-PE,UOP01-DEL02-PE
519310,2023-04-26,quarta-feira,13:50:00,PE,101,33,IGARASSU,Condutor deixou de manter distância do veículo da frente,Colisão traseira,Com Vítimas Feridas,Pleno dia,Decrescente,Chuva,Dupla,Reta,Não,8,0,1,0,7,0,1,3,"-7,761909","-34,935654",SPRF-PE,DEL01-PE,UOP02-DEL01-PE
519336,2023-04-26,quarta-feira,15:40:00,PE,232,406,SERRA TALHADA,Reação tardia ou ineficiente do condutor,Colisão traseira,Com Vítimas Feridas,Pleno dia,Decrescente,Nublado,Simples,Reta,Não,4,0,2,1,1,0,3,2,"-7,98720861","-38,26249294",SPRF-PE,DEL04-PE,UOP01-DEL04-PE
519487,2023-04-27,quinta-feira,11:45:00,PE,101,"25,1",IGARASSU,Condutor usando celular,Colisão traseira,Com Vítimas Feridas,Pleno dia,Crescente,Sol,Dupla,Retorno Regulamentado;Reta    ,Não,3,0,1,1,1,0,2,2,"-7,7009082","-34,9229207",SPRF-PE,DEL01-PE,UOP02-DEL01-PE
519506,2023-04-26,quarta-feira,10:00:00,PE,232,"45,1",VITORIA DE SANTO ANTAO,Carga excessiva e/ou mal acondicionada,Tombamento,Sem Vítimas,Pleno dia,Crescente,Ignorado,Dupla,Aclive;Curva;Viaduto          ,Não,1,0,0,0,1,0,0,1,"-8,128531","-35,282628",SPRF-PE,DEL01-PE,UOP01-DEL01-PE
519602,2023-04-28,sexta-feira,00:10:00,PE,101,70,RECIFE,Acessar a via sem observar a presença dos outros veículos,Colisão transversal,Com Vítimas Fatais,Plena Noite,Crescente,Nublado,Dupla,Reta;Interseção de Vias       ,Sim,2,1,0,0,1,0,0,2,"-8,07017","-34,942333",SPRF-PE,DEL01-PE,UOP01-DEL01-PE
519650,2023-04-28,sexta-feira,07:05:00,PE,104,57,CARUARU,Ausência de reação do condutor,Colisão com objeto,Sem Vítimas,Pleno dia,Decrescente,Céu Claro,Dupla,Reta,Sim,1,0,0,0,1,0,0,1,"-8,2181","-35,9747",SPRF-PE,DEL02-PE,UOP01-DEL02-PE
519781,2023-04-28,sexta-feira,18:22:00,PE,232,176,BELO JARDIM,Reação tardia ou ineficiente do condutor,Colisão lateral sentido oposto,Com Vítimas Feridas,Plena Noite,Decrescente,Céu Claro,Simples,Reta,Sim,3,0,0,1,2,0,1,2,"-8,34573608","-36,39481995",SPRF-PE,DEL03-PE,UOP02-DEL03-PE
519952,2023-04-29,sábado,10:45:00,PE,101,44,IGARASSU,Acessar a via sem observar a presença dos outros veículos,Colisão lateral mesmo sentido,Sem Vítimas,Pleno dia,Decrescente,Céu Claro,Múltipla,Reta,Sim,2,0,0,0,2,0,0,2,"-7,85637001","-34,90842109",SPRF-PE,DEL01-PE,UOP02-DEL01-PE
520026,2023-04-29,sábado,17:20:00,PE,101,77,RECIFE,Manobra de mudança de faixa,Colisão lateral mesmo sentido,Com Vítimas Feridas,Anoitecer,Decrescente,Céu Claro,Dupla,Reta,Sim,3,0,1,1,0,1,2,2,"-8,126982","-34,94386",SPRF-PE,DEL01-PE,UOP01-DEL01-PE
520116,2023-04-30,domingo,02:45:00,PE,316,297,FLORESTA,Manobra de mudança de faixa,Colisão frontal,Com Vítimas Fatais,Amanhecer,Decrescente,Céu Claro,Simples,Reta,Não,2,1,0,0,1,0,0,2,"-8,6212637","-38,6304581",SPRF-PE,DEL04-PE,UOP03-DEL04-PE
520352,2023-05-01,segunda-feira,10:15:00,PE,232,65,GRAVATA,Velocidade Incompatível,Saída de leito carroçável,Com Vítimas Feridas,Pleno dia,Decrescente,Céu Claro,Dupla,Curva,Não,1,0,1,0,0,0,1,1,"-8,16454496","-35,44785302",SPRF-PE,DEL02-PE,UOP02-DEL02PE
520473,2023-05-01,segunda-feira,19:10:00,PE,232,"209,4",PESQUEIRA,Ingestão de álcool pelo condutor,Colisão lateral sentido oposto,Com Vítimas Feridas,Plena Noite,Decrescente,Céu Claro,Simples,Reta,Sim,5,0,2,2,1,0,4,2,"-8,36666789","-36,68869898",SPRF-PE,DEL03-PE,UOP02-DEL03-PE
520752,2023-05-03,quarta-feira,07:10:00,PE,232,"265,9",SERTANIA,Condutor Dormindo,Colisão lateral sentido oposto,Com Vítimas Feridas,Pleno dia,Decrescente,Céu Claro,Simples,Reta,Não,2,0,1,0,1,0,1,2,"-8,40839508","-37,17389501",SPRF-PE,DEL04-PE,UOP02-DEL04-PE
520803,2023-05-03,quarta-feira,14:00:00,PE,101,39,IGARASSU,Entrada inopinada do pedestre,Atropelamento de Pedestre,Com Vítimas Fatais,Pleno dia,Crescente,Céu Claro,Dupla,Reta,Não,2,1,0,0,1,0,0,2,"-7,818613","-34,9170064",SPRF-PE,DEL01-PE,UOP02-DEL01-PE
520902,2023-05-04,quinta-feira,01:25:00,PE,232,9,JABOATAO DOS GUARARAPES,Condutor deixou de manter distância do veículo da frente,Colisão traseira,Com Vítimas Feridas,Plena Noite,Decrescente,Nublado,Dupla,Reta,Sim,2,0,0,1,0,1,1,2,"-8,07764447","-34,97863609",SPRF-PE,DEL01-PE,UOP01-DEL01-PE
520967,2023-05-04,quinta-feira,12:30:00,PE,232,76,GRAVATA,Problema com o freio,Colisão transversal,Com Vítimas Feridas,Pleno dia,Crescente,Chuva,Dupla,Reta;Declive                  ,Sim,2,0,1,0,1,0,1,2,"-8,19541469","-35,53424693",SPRF-PE,DEL02-PE,UOP02-DEL02PE
521033,2023-05-04,quinta-feira,16:40:00,PE,232,428,SERRA TALHADA,Ausência de reação do condutor,Colisão lateral sentido oposto,Com Vítimas Feridas,Anoitecer,Decrescente,Garoa/Chuvisco,Simples,Aclive;Reta                   ,Não,3,0,1,0,2,0,1,3,"-8,00264034","-38,45581999",SPRF-PE,DEL04-PE,UOP01-DEL04-PE
521082,2023-05-05,sexta-feira,05:30:00,PE,101,81,JABOATAO DOS GUARARAPES,Manobra de mudança de faixa,Colisão lateral mesmo sentido,Com Vítimas Feridas,Amanhecer,Decrescente,Céu Claro,Dupla,Viaduto,Não,5,0,2,0,2,1,2,2,"-8,17024461","-34,93824005",SPRF-PE,DEL01-PE,UOP01-DEL01-PE
521180,2023-05-05,sexta-feira,15:00:00,PE,424,"90,1",GARANHUNS,Transitar na contramão,Colisão frontal,Com Vítimas Feridas,Pleno dia,Decrescente,Céu Claro,Simples,Declive;Reta                  ,Sim,2,0,1,1,0,0,2,2,"-8,89635706","-36,50157593",SPRF-PE,DEL03-PE,UOP01-DEL03-PE
521266,2023-05-05,sexta-feira,22:00:00,PE,423,"110,4",GARANHUNS,Velocidade Incompatível,Colisão traseira,Com Vítimas Fatais,Plena Noite,Crescente,Céu Claro,Simples,Reta;Aclive                   ,Não,3,1,0,0,1,1,0,3,"-8,89077197","-36,60778501",SPRF-PE,DEL03-PE,UOP01-DEL03-PE
521404,2023-05-06,sábado,07:30:00,PE,101,89,JABOATAO DOS GUARARAPES,Acessar a via sem observar a presença dos outros veículos,Tombamento,Sem Vítimas,Pleno dia,Crescente,Céu Claro,Simples,Curva;Aclive;Viaduto;Retorno R,Não,2,0,0,0,0,2,0,2,"-8,20760697","-34,98372005",SPRF-PE,DEL01-PE,UOP01-DEL01-PE
521410,2023-05-06,sábado,15:00:00,PE,232,"416,9",SERRA TALHADA,Ultrapassagem Indevida,Colisão lateral mesmo sentido,Com Vítimas Fatais,Pleno dia,Decrescente,Sol,Simples,Curva,Não,3,1,0,0,2,0,0,3,"-7,99977297","-38,35316401",SPRF-PE,DEL04-PE,UOP01-DEL04-PE
521463,2023-05-06,sábado,20:00:00,PE,104,59,CARUARU,Manobra de mudança de faixa,Colisão lateral mesmo sentido,Sem Vítimas,Pleno dia,Decrescente,Céu Claro,Dupla,Reta,Sim,2,0,0,0,2,0,0,2,"-8,2349","-35,9764",SPRF-PE,DEL02-PE,UOP01-DEL02-PE
521712,2023-05-08,segunda-feira,00:30:00,PE,232,540,TERRA NOVA,Transitar na contramão,Colisão lateral sentido oposto,Com Vítimas Feridas,Plena Noite,Crescente,Céu Claro,Simples,Reta,Não,2,0,0,1,0,1,1,2,"-8,08314316","-39,40479496",SPRF-PE,DEL05-PE,UOP01-DEL05-PE
521787,2023-04-22,sábado,18:45:00,PE,101,83,JABOATAO DOS GUARARAPES,Acessar a via sem observar a presença dos outros veículos,Colisão transversal,Com Vítimas Feridas,Plena Noite,Crescente,Chuva,Dupla,Reta;Retorno Regulamentado    ,Sim,2,0,1,0,1,0,1,2,"-8,175172","-34,942642",SPRF-PE,DEL01-PE,UOP01-DEL01-PE
521792,2023-05-08,segunda-feira,11:55:00,PE,316,119,PARNAMIRIM,Ausência de reação do condutor,Saída de leito carroçável,Com Vítimas Feridas,Pleno dia,Crescente,Céu Claro,Simples,Aclive;Reta                   ,Não,1,0,0,1,0,0,1,1,"-8,00456807","-39,78973403",SPRF-PE,DEL05-PE,UOP02-DEL05-PE
521960,2023-05-09,terça-feira,09:40:00,PE,101,"22,5",GOIANA,Problema com o freio,Saída de leito carroçável,Sem Vítimas,Pleno dia,Crescente,Céu Claro,Dupla,Aclive,Não,1,0,0,0,1,0,0,1,"-7,68041","-34,925803",SPRF-PE,DEL01-PE,UOP02-DEL01-PE
522110,2023-05-10,quarta-feira,08:10:00,PE,232,"71,5",GRAVATA,Demais falhas mecânicas ou elétricas,Colisão lateral mesmo sentido,Sem Vítimas,Pleno dia,Crescente,Céu Claro,Dupla,Reta,Sim,2,0,0,0,2,0,0,2,"-8,186448","-35,499964",SPRF-PE,DEL02-PE,UOP02-DEL02PE
522249,2023-05-11,quinta-feira,05:40:00,PE,423,32,CACHOEIRINHA,Condutor Dormindo,Colisão frontal,Com Vítimas Feridas,Amanhecer,Decrescente,Nublado,Simples,Reta,Não,4,0,1,2,1,0,3,2,"-8,4350169","-36,20232517",SPRF-PE,DEL03-PE,UOP02-DEL03-PE
522264,2023-05-11,quinta-feira,06:46:00,PE,101,"67,5",RECIFE,Ausência de reação do condutor,Colisão traseira,Com Vítimas Feridas,Pleno dia,Crescente,Nublado,Dupla,Reta,Sim,2,0,1,0,1,0,1,2,"-8,042334","-34,943096",SPRF-PE,DEL01-PE,UOP01-DEL01-PE
522284,2023-05-11,quinta-feira,07:45:00,PE,101,"72,6",RECIFE,Trafegar com motocicleta (ou similar) entre as faixas,Colisão lateral mesmo sentido,Com Vítimas Feridas,Pleno dia,Decrescente,Céu Claro,Dupla,Reta,Sim,4,0,2,0,2,0,2,4,"-8,089115","-34,946713",SPRF-PE,DEL01-PE,UOP01-DEL01-PE
522421,2023-05-11,quinta-feira,18:30:00,PE,101,83,JABOATAO DOS GUARARAPES,Ultrapassagem Indevida,Colisão frontal,Com Vítimas Feridas,Pleno dia,Crescente,Céu Claro,Simples,Reta,Sim,3,0,0,2,1,0,2,2,"-8,175172","-34,942642",SPRF-PE,DEL01-PE,UOP01-DEL01-PE
522498,2023-05-12,sexta-feira,05:30:00,PE,232,266,SERTANIA,Demais falhas mecânicas ou elétricas,Incêndio,Sem Vítimas,Pleno dia,Crescente,Céu Claro,Simples,Reta,Não,1,0,0,0,1,0,0,1,"-8,40768218","-37,18289802",SPRF-PE,DEL04-PE,UOP02-DEL04-PE
522534,2023-05-12,sexta-feira,07:57:00,PE,104,67,CARUARU,Mal súbito do condutor,Colisão com objeto,Com Vítimas Feridas,Pleno dia,Crescente,Céu Claro,Dupla,Reta;Aclive                   ,Sim,1,0,0,1,0,0,1,1,"-8,3016","-35,9882",SPRF-PE,DEL02-PE,UOP01-DEL02-PE
522980,2023-05-14,domingo,06:30:00,PE,232,"57,3",POMBOS,Acessar a via sem observar a presença dos outros veículos,Colisão transversal,Com Vítimas Feridas,Pleno dia,Crescente,Nublado,Dupla,Retorno Regulamentado,Não,5,0,2,2,1,0,4,2,"-8,1412132","-35,38181492",SPRF-PE,DEL02-PE,UOP02-DEL02PE
523131,2023-05-14,domingo,20:30:00,PE,407,73,PETROLINA,Transitar na contramão,Colisão frontal,Com Vítimas Fatais,Plena Noite,Crescente,Garoa/Chuvisco,Simples,Aclive;Reta;Em Obras          ,Não,4,3,1,0,0,0,1,2,"-8,95308612","-40,72676897",SPRF-PE,DEL06-PE,UOP02-DEL06-PE
523195,2023-05-15,segunda-feira,05:10:00,PE,424,59,CAETES,Reação tardia ou ineficiente do condutor,Colisão traseira,Sem Vítimas,Pleno dia,Decrescente,Céu Claro,Simples,Reta,Não,2,0,0,0,2,0,0,2,"-8,73986646","-36,71041988",SPRF-PE,DEL03-PE,UOP01-DEL03-PE
523369,2023-05-16,terça-feira,05:10:00,PE,408,"88,6",SAO LOURENCO DA MATA,Condutor deixou de manter distância do veículo da frente,Colisão traseira,Com Vítimas Feridas,Amanhecer,Decrescente,Céu Claro,Dupla,Reta,Não,2,0,0,1,0,1,1,2,"-7,97432974","-35,08598372",SPRF-PE,DEL01-PE,UOP01-DEL01-PE
523427,2023-05-16,terça-feira,13:10:00,PE,101,"69,2",RECIFE,Acessar a via sem observar a presença dos outros veículos,Colisão lateral mesmo sentido,Sem Vítimas,Pleno dia,Decrescente,Céu Claro,Dupla,Interseção de Vias,Sim,2,0,0,0,2,0,0,2,"-8,05951606","-34,94581024",SPRF-PE,DEL01-PE,UOP01-DEL01-PE
523432,2023-05-16,terça-feira,06:30:00,PE,101,80,JABOATAO DOS GUARARAPES,Condutor deixou de manter distância do veículo da frente,Colisão transversal,Com Vítimas Fatais,Pleno dia,Crescente,Céu Claro,Dupla,Retorno Regulamentado,Não,3,1,1,0,1,0,1,2,"-8,15112589","-34,9428866",SPRF-PE,DEL01-PE,UOP01-DEL01-PE
523475,2023-05-16,terça-feira,15:59:00,PE,101,"10,4",GOIANA,Ausência de reação do condutor,Colisão traseira,Com Vítimas Feridas,Pleno dia,Crescente,Céu Claro,Dupla,Aclive,Não,2,0,1,0,1,0,1,2,"-7,61043695","-34,97530291",SPRF-PE,DEL01-PE,UOP02-DEL01-PE
523491,2023-05-16,terça-feira,18:00:00,PE,101,49,ABREU E LIMA,Manobra de mudança de faixa,Colisão lateral mesmo sentido,Com Vítimas Feridas,Plena Noite,Decrescente,Vento,Múltipla,Reta;Aclive                   ,Sim,4,0,1,0,3,0,1,2,"-7,9005152","-34,90180641",SPRF-PE,DEL01-PE,UOP02-DEL01-PE
523545,2023-05-17,quarta-feira,05:00:00,PE,101,37,IGARASSU,Reação tardia ou ineficiente do condutor,Colisão com objeto,Sem Vítimas,Amanhecer,Crescente,Chuva,Dupla,Curva,Não,1,0,0,0,1,0,0,1,"-7,79726705","-34,9274932",SPRF-PE,DEL01-PE,UOP02-DEL01-PE
523618,2023-05-17,quarta-feira,12:10:00,PE,101,"42,2",IGARASSU,Acessar a via sem observar a presença dos outros veículos,Colisão transversal,Com Vítimas Feridas,Pleno dia,Decrescente,Céu Claro,Múltipla,Reta;Declive;Retorno Regulamen,Sim,7,0,0,4,3,0,4,3,"-7,83887431","-34,91196739",SPRF-PE,DEL01-PE,UOP02-DEL01-PE
523718,2023-05-18,quinta-feira,01:20:00,PE,232,29,MORENO,Reação tardia ou ineficiente do condutor,Tombamento,Sem Vítimas,Plena Noite,Decrescente,Céu Claro,Dupla,Curva,Não,3,0,0,0,3,0,0,1,"-8,110811","-35,154206",SPRF-PE,DEL01-PE,UOP01-DEL01-PE
523750,2023-05-18,quinta-feira,06:30:00,PE,232,"261,5",ARCOVERDE,Transitar na contramão,Colisão frontal,Com Vítimas Fatais,Pleno dia,Decrescente,Céu Claro,Simples,Reta,Não,2,1,0,0,1,0,0,2,"-8,40930624","-37,13788894",SPRF-PE,DEL04-PE,UOP02-DEL04-PE
523756,2023-05-18,quinta-feira,07:40:00,PE,423,53,LAJEDO,Sinalização mal posicionada,Colisão traseira,Sem Vítimas,Pleno dia,Decrescente,Céu Claro,Simples,Declive,Não,2,0,0,0,2,0,0,2,"-8,59893","-36,29195398",SPRF-PE,DEL03-PE,UOP01-DEL03-PE
523799,2023-05-18,quinta-feira,11:20:00,PE,232,214,PESQUEIRA,Ausência de reação do condutor,Colisão traseira,Com Vítimas Feridas,Pleno dia,Decrescente,Céu Claro,Simples,Reta;Aclive                   ,Não,3,0,0,1,2,0,1,2,"-8,3804455","-36,73076279",SPRF-PE,DEL03-PE,UOP02-DEL03-PE
524210,2023-05-20,sábado,10:35:00,PE,101,42,IGARASSU,Trafegar com motocicleta (ou similar) entre as faixas,Colisão lateral mesmo sentido,Com Vítimas Fatais,Pleno dia,Crescente,Céu Claro,Dupla,Aclive;Reta                   ,Sim,2,1,0,0,0,1,0,2,"-7,85637001","-34,90842109",SPRF-PE,DEL01-PE,UOP02-DEL01-PE
524261,2023-05-20,sábado,12:45:00,PE,232,253,ARCOVERDE,Transitar na contramão,Colisão frontal,Com Vítimas Feridas,Pleno dia,Crescente,Céu Claro,Simples,Reta,Sim,2,0,0,1,1,0,1,2,"-8,42522112","-37,07235809",SPRF-PE,DEL04-PE,UOP02-DEL04-PE
524278,2023-05-20,sábado,14:14:00,PE,428,47,OROCO,Reação tardia ou ineficiente do condutor,Tombamento,Com Vítimas Feridas,Pleno dia,Decrescente,Céu Claro,Simples,Reta,Sim,1,0,1,0,0,0,1,1,"-8,60699391","-39,59947316",SPRF-PE,DEL05-PE,UOP03-DEL05-PE
524302,2023-05-20,sábado,19:50:00,PE,232,"334,5",CUSTODIA,Condutor deixou de manter distância do veículo da frente,Colisão traseira,Com Vítimas Feridas,Plena Noite,Crescente,Céu Claro,Simples,Reta,Sim,2,0,0,1,1,0,1,2,"-8,08748731","-37,6361501",SPRF-PE,DEL04-PE,UOP02-DEL04-PE
524608,2023-05-22,segunda-feira,06:40:00,PE,232,"4,6",RECIFE,Manobra de mudança de faixa,Colisão lateral mesmo sentido,Com Vítimas Feridas,Pleno dia,Decrescente,Céu Claro,Dupla,Reta;Ponte                    ,Sim,2,0,1,0,0,1,1,2,"-8,064473","-34,936928",SPRF-PE,DEL01-PE,UOP01-DEL01-PE
524657,2023-05-22,segunda-feira,09:30:00,PE,424,"32,2",VENTUROSA,Ultrapassagem Indevida,Colisão lateral mesmo sentido,Com Vítimas Feridas,Pleno dia,Crescente,Garoa/Chuvisco,Simples,Reta,Não,3,0,1,1,0,1,2,3,"-8,59261097","-36,86223494",SPRF-PE,DEL04-PE,UOP02-DEL04-PE
524800,2023-05-23,terça-feira,07:30:00,PE,101,74,RECIFE,Condutor deixou de manter distância do veículo da frente,Colisão traseira,Com Vítimas Feridas,Pleno dia,Crescente,Nublado,Dupla,Reta,Sim,3,0,2,0,0,1,2,2,"-8,10146485","-34,94901577",SPRF-PE,DEL01-PE,UOP01-DEL01-PE
525044,2023-05-24,quarta-feira,14:35:00,PE,232,82,GRAVATA,Ausência de reação do condutor,Colisão com objeto,Com Vítimas Feridas,Pleno dia,Crescente,Chuva,Dupla,Reta;Declive                  ,Sim,2,0,1,0,1,0,1,1,"-8,19905415","-35,58715194",SPRF-PE,DEL02-PE,UOP02-DEL02PE
525087,2023-05-04,quinta-feira,13:00:00,PE,101,110,IPOJUCA,Velocidade Incompatível,Tombamento,Com Vítimas Feridas,Pleno dia,Decrescente,Céu Claro,Múltipla,Curva,Não,2,0,0,1,1,0,1,2,"-8,31648181","-35,10571612",SPRF-PE,DEL01-PE,UOP03-DEL01-PE
525135,2023-05-25,quinta-feira,01:20:00,PE,232,"362,1",FLORES,Ausência de reação do condutor,Tombamento,Com Vítimas Feridas,Plena Noite,Crescente,Céu Claro,Simples,Reta,Não,1,0,1,0,0,0,1,1,"-8,044331","-37,891407",SPRF-PE,DEL04-PE,UOP01-DEL04-PE
525166,2023-03-06,segunda-feira,18:25:00,PE,101,"80,2",JABOATAO DOS GUARARAPES,Velocidade Incompatível,Colisão traseira,Com Vítimas Feridas,Plena Noite,Crescente,Céu Claro,Dupla,Reta,Sim,2,0,1,0,1,0,1,2,"-8,15523","-34,942101",SPRF-PE,DEL01-PE,UOP01-DEL01-PE
525376,2023-05-26,sexta-feira,09:45:00,PE,232,"4,9",RECIFE,Manobra de mudança de faixa,Colisão lateral mesmo sentido,Sem Vítimas,Pleno dia,Crescente,Céu Claro,Dupla,Reta,Sim,2,0,0,0,2,0,0,2,"-8,064473","-34,936928",SPRF-PE,DEL01-PE,UOP01-DEL01-PE