id,data_inversa,dia_semana,horario,uf,br,km,municipio,causa_acidente,tipo_acidente,classificacao_acidente,fase_dia,sentido_via,condicao_metereologica,tipo_pista,tracado_via,uso_solo,pessoas,mortos,feridos_leves,feridos_graves,ilesos,ignorados,feridos,veiculos,latitude,longitude,regional,delegacia,uop
525468,2023-05-26,sexta-feira,15:30:00,PE,104,21,TAQUARITINGA DO NORTE,Ultrapassagem Indevida,Colisão frontal,Sem Vítimas,Pleno dia,Decrescente,Céu Claro,Simples,Reta,Não,4,0,0,0,2,2,0,2,"-7,964189","-36,124378",SPRF-PE,DEL02-PE,UOP01-DEL02-PE
525660,2023-05-27,sábado,14:50:00,PE,407,"61,8",PETROLINA,Ingestão de álcool pelo condutor,Tombamento,Com Vítimas Feridas,Pleno dia,Decrescente,Céu Claro,Simples,Curva,Não,1,0,1,0,0,0,1,1,"-8,86775932","-40,76572202",SPRF-PE,DEL06-PE,UOP02-DEL06-PE
525782,2023-05-27,sábado,23:50:00,PE,101,"189,3",PALMARES,Acessar a via sem observar a presença dos outros veículos,Colisão traseira,Sem Vítimas,Plena Noite,Crescente,Céu Claro,Dupla,Retorno Regulamentado,Não,2,0,0,0,2,0,0,2,"-8,69036647","-35,60430503",SPRF-PE,DEL01-PE,UOP03-DEL01-PE
526227,2023-05-30,terça-feira,07:20:00,PE,408,"100,6",SAO LOURENCO DA MATA,Ausência de reação do condutor,Colisão traseira,Com Vítimas Feridas,Pleno dia,Decrescente,Céu Claro,Dupla,Viaduto;Aclive                ,Sim,2,0,1,0,1,0,1,2,"-8,04364056","-35,01674995",SPRF-PE,DEL01-PE,UOP01-DEL01-PE
526264,2023-05-30,terça-feira,12:20:00,PE,101,49,ABREU E LIMA,Acessar a via sem observar a presença dos outros veículos,Colisão lateral mesmo sentido,Sem Vítimas,Pleno dia,Decrescente,Céu Claro,Múltipla,Reta;Retorno Regulamentado    ,Sim,2,0,0,0,2,0,0,2,"-7,9005152","-34,90180641",SPRF-PE,DEL01-PE,UOP02-DEL01-PE
526292,2023-05-30,terça-feira,12:35:00,PE,101,75,RECIFE,Manobra de mudança de faixa,Colisão lateral mesmo sentido,Com Vítimas Feridas,Pleno dia,Decrescente,Céu Claro,Dupla,Reta;Aclive                   ,Sim,3,0,1,0,1,1,1,2,"-8,10973523","-34,94660151",SPRF-PE,DEL01-PE,UOP01-DEL01-PE
526296,2023-05-29,segunda-feira,08:15:00,PE,232,419,SERRA TALHADA,Transitar na contramão,Colisão lateral sentido oposto,Sem Vítimas,Pleno dia,Decrescente,Céu Claro,Simples,Curva,Não,2,0,0,0,2,0,0,2,"-7,99920674","-38,37890636",SPRF-PE,DEL04-PE,UOP01-DEL04-PE
526362,2023-05-30,terça-feira,18:00:00,PE,428,"33,7",OROCO,Animais na Pista,Atropelamento de Animal,Com Vítimas Feridas,Anoitecer,Decrescente,Céu Claro,Simples,Reta,Não,2,0,1,0,1,0,1,1,"-8,52756025","-39,50347286",SPRF-PE,DEL05-PE,UOP03-DEL05-PE
526405,2023-05-31,quarta-feira,06:50:00,PE,232,140,SAO CAITANO,Manobra de mudança de faixa,Colisão lateral mesmo sentido,Com Vítimas Feridas,Pleno dia,Decrescente,Céu Claro,Dupla,Reta,Sim,2,0,0,1,1,0,1,2,"-8,32046632","-36,07694496",SPRF-PE,DEL02-PE,UOP01-DEL02-PE
526428,2023-05-31,quarta-feira,07:30:00,PE,101,"61,7",RECIFE,Condutor deixou de manter distância do veículo da frente,Colisão traseira,Com Vítimas Fatais,Pleno dia,Crescente,Garoa/Chuvisco,Dupla,Reta,Sim,4,1,0,0,2,1,0,4,"-7,99097103","-34,93598295",SPRF-PE,DEL01-PE,UOP02-DEL01-PE
526479,2023-05-31,quarta-feira,12:00:00,PE,316,302,FLORESTA,Acessar a via sem observar a presença dos outros veículos,Colisão transversal,Com Vítimas Feridas,Pleno dia,Crescente,Céu Claro,Simples,Reta;Interseção de Vias       ,Não,4,0,0,3,1,0,3,2,"-8,60666402","-38,587711",SPRF-PE,DEL04-PE,UOP03-DEL04-PE
526629,2023-06-01,quinta-feira,09:20:00,PE,101,"71,9",RECIFE,Ausência de reação do condutor,Colisão traseira,Com Vítimas Feridas,Pleno dia,Decrescente,Céu Claro,Dupla,Reta,Sim,2,0,1,0,1,0,1,2,"-8,07663102","-34,94277871",SPRF-PE,DEL01-PE,UOP01-DEL01-PE
526637,2023-06-01,quinta-feira,10:25:00,PE,232,"14,5",JABOATAO DOS GUARARAPES,Problema com o freio,Saída de leito carroçável,Com Vítimas Feridas,Pleno dia,Crescente,Céu Claro,Dupla,Curva;Declive                 ,Não,2,0,1,1,0,0,2,1,"-8,09025488","-35,02052302",SPRF-PE,DEL01-PE,UOP01-DEL01-PE
526648,2023-06-01,quinta-feira,10:30:00,PE,423,57,LAJEDO,Acessar a via sem observar a presença dos outros veículos,Colisão traseira,Com Vítimas Feridas,Pleno dia,Decrescente,Céu Claro,Simples,Reta,Não,2,0,1,0,1,0,1,2,"-8,63241321","-36,30454473",SPRF-PE,DEL03-PE,UOP01-DEL03-PE
526946,2023-06-02,sexta-feira,18:20:00,PE,232,"9,3",RECIFE,Condutor deixou de manter distância do veículo da frente,Colisão traseira,Com Vítimas Feridas,Plena Noite,Crescente,Céu Claro,Múltipla,Reta,Sim,3,0,2,0,0,1,2,2,"-8,07764447","-34,97863609",SPRF-PE,DEL01-PE,UOP01-DEL01-PE
527103,2023-06-03,sábado,07:05:00,PE,104,119,PANELAS,Condutor Dormindo,Saída de leito carroçável,Com Vítimas Feridas,Pleno dia,Crescente,Céu Claro,Simples,Curva;Declive                 ,Não,1,0,0,1,0,0,1,1,"-8,69214","-36,023621",SPRF-PE,DEL02-PE,UOP03-DEL02-PE
527224,2023-06-03,sábado,20:15:00,PE,104,43,CARUARU,Ausência de sinalização,Atropelamento de Pedestre,Com Vítimas Feridas,Plena Noite,Decrescente,Céu Claro,Dupla,Reta;Rotatória                ,Não,2,0,0,1,0,1,1,2,"-8,1133","-36,0155",SPRF-PE,DEL02-PE,UOP01-DEL02-PE
527244,2023-06-03,sábado,22:30:00,PE,423,98,GARANHUNS,Transitar na contramão,Colisão lateral sentido oposto,Sem Vítimas,Plena Noite,Crescente,Garoa/Chuvisco,Simples,Reta,Não,4,0,0,0,4,0,0,2,"-8,87617488","-36,50363499",SPRF-PE,DEL03-PE,UOP01-DEL03-PE
527276,2023-06-04,domingo,05:10:00,PE,316,85,OURICURI,Transitar na contramão,Incêndio,Com Vítimas Fatais,Amanhecer,Crescente,Nublado,Simples,Reta,Não,3,1,0,0,1,1,0,3,"-7,89033342","-40,06181717",SPRF-PE,DEL05-PE,UOP02-DEL05-PE
527431,2023-06-04,domingo,16:40:00,PE,428,148,PETROLINA,Ingestão de álcool pelo condutor,Colisão frontal,Com Vítimas Feridas,Anoitecer,Crescente,Céu Claro,Simples,Reta,Não,2,0,0,1,1,0,1,2,"-9,05451581","-40,30219433",SPRF-PE,DEL06-PE,UOP01-DEL06-PE
527448,2023-06-04,domingo,22:00:00,PE,101,70,RECIFE,Ingestão de substâncias psicoativas pelo condutor,Colisão traseira,Com Vítimas Feridas,Plena Noite,Crescente,Céu Claro,Dupla,Reta,Não,4,0,0,1,3,0,1,3,"-8,06776119","-34,94265074",SPRF-PE,DEL01-PE,UOP01-DEL01-PE
527550,2023-06-05,segunda-feira,11:20:00,PE,101,51,ABREU E LIMA,Reação tardia ou ineficiente do condutor,Colisão traseira,Com Vítimas Feridas,Pleno dia,Crescente,Céu Claro,Dupla,Reta;Em Obras                 ,Sim,6,0,3,0,3,0,3,4,"-7,9169968","-34,89689272",SPRF-PE,DEL01-PE,UOP02-DEL01-PE
527994,2023-06-07,quarta-feira,19:10:00,PE,407,122,PETROLINA,Acessar a via sem observar a presença dos outros veículos,Colisão transversal,Com Vítimas Feridas,Plena Noite,Decrescente,Nublado,Simples,Reta,Sim,2,0,1,0,1,0,1,2,"-9,35368726","-40,55051642",SPRF-PE,DEL06-PE,UOP01-DEL06-PE
528048,2023-06-07,quarta-feira,23:55:00,PE,101,42,IGARASSU,Manobra de mudança de faixa,Colisão lateral mesmo sentido,Sem Vítimas,Plena Noite,Crescente,Chuva,Múltipla,Reta;Aclive                   ,Sim,2,0,0,0,2,0,0,2,"-7,83887431","-34,91196739",SPRF-PE,DEL01-PE,UOP02-DEL01-PE
528248,2023-06-08,quinta-feira,21:30:00,PE,101,89,CABO DE SANTO AGOSTINHO,Falta de elemento de contenção que evite a saída do leito carroçável,Saída de leito carroçável,Com Vítimas Feridas,Plena Noite,Crescente,Nublado,Dupla,Reta,Não,3,0,0,1,2,0,1,3,"-8,20760697","-34,98372005",SPRF-PE,DEL01-PE,UOP01-DEL01-PE
528274,2023-06-09,sexta-feira,00:40:00,PE,101,"83,7",JABOATAO DOS GUARARAPES,Ingestão de álcool pelo condutor,Colisão traseira,Sem Vítimas,Plena Noite,Crescente,Chuva,Dupla,Reta,Não,2,0,0,0,2,0,0,2,"-8,175172","-34,942642",SPRF-PE,DEL01-PE,UOP01-DEL01-PE
528360,2023-06-09,sexta-feira,13:20:00,PE,101,"189,6",PALMARES,Acessar a via sem observar a presença dos outros veículos,Colisão lateral mesmo sentido,Sem Vítimas,Pleno dia,Crescente,Chuva,Dupla,Curva,Não,2,0,0,0,2,0,0,2,"-8,69036647","-35,60430503",SPRF-PE,DEL01-PE,UOP03-DEL01-PE
528474,2023-06-10,sábado,02:00:00,PE,232,410,SERRA TALHADA,Transitar na contramão,Colisão lateral sentido oposto,Sem Vítimas,Plena Noite,Crescente,Céu Claro,Simples,Ponte,Sim,2,0,0,0,1,1,0,2,"-7,98261841","-38,30039606",SPRF-PE,DEL04-PE,UOP01-DEL04-PE
528478,2023-06-10,sábado,01:55:00,PE,232,234,ARCOVERDE,Transitar na contramão,Colisão frontal,Sem Vítimas,Plena Noite,Decrescente,Céu Claro,Simples,Curva,Não,2,0,0,0,0,2,0,2,"-8,40708897","-36,910579",SPRF-PE,DEL04-PE,UOP02-DEL04-PE
528593,2023-06-10,sábado,16:40:00,PE,101,78,RECIFE,Acessar a via sem observar a presença dos outros veículos,Colisão lateral mesmo sentido,Com Vítimas Feridas,Pleno dia,Crescente,Céu Claro,Dupla,Reta,Sim,2,0,0,1,1,0,1,2,"-8,13496499","-34,94738614",SPRF-PE,DEL01-PE,UOP01-DEL01-PE
528713,2023-06-11,domingo,04:20:00,PE,423,"75,6",JUCATI,Transitar na contramão,Colisão frontal,Com Vítimas Fatais,Amanhecer,Decrescente,Nevoeiro/Neblina,Simples,Declive,Não,2,1,0,0,1,0,0,2,"-8,72421234","-36,42879161",SPRF-PE,DEL03-PE,UOP01-DEL03-PE
528742,2023-06-11,domingo,07:40:00,PE,232,5,RECIFE,Condutor deixou de manter distância do veículo da frente,Colisão traseira,Sem Vítimas,Pleno dia,Crescente,Chuva,Simples,Reta,Sim,2,0,0,0,2,0,0,2,"-8,067931","-34,946972",SPRF-PE,DEL01-PE,UOP01-DEL01-PE
528899,2023-06-11,domingo,20:50:00,PE,101,78,JABOATAO DOS GUARARAPES,Manobra de mudança de faixa,Colisão lateral mesmo sentido,Sem Vítimas,Plena Noite,Crescente,Chuva,Dupla,Reta,Não,2,0,0,0,2,0,0,2,"-8,13496499","-34,94738614",SPRF-PE,DEL01-PE,UOP01-DEL01-PE
529018,2023-06-12,segunda-feira,09:35:00,PE,101,68,RECIFE,Reação tardia ou ineficiente do condutor,Colisão traseira,Com Vítimas Feridas,Pleno dia,Decrescente,Céu Claro,Dupla,Reta,Sim,3,0,1,0,2,0,1,3,"-8,057674","-34,946116",SPRF-PE,DEL01-PE,UOP01-DEL01-PE
529063,2023-06-12,segunda-feira,14:00:00,PE,101,78,JABOATAO DOS GUARARAPES,Demais falhas mecânicas ou elétricas,Incêndio,Sem Vítimas,Pleno dia,Decrescente,Sol,Múltipla,Reta,Sim,1,0,0,0,1,0,0,1,"-8,13496499","-34,94738614",SPRF-PE,DEL01-PE,UOP01-DEL01-PE
529104,2023-06-12,segunda-feira,18:00:00,PE,101,50,ABREU E LIMA,Trafegar com motocicleta (ou similar) entre as faixas,Colisão lateral mesmo sentido,Com Vítimas Feridas,Plena Noite,Crescente,Céu Claro,Múltipla,Reta,Sim,3,0,0,1,2,0,1,3,"-7,90938602","-34,90123228",SPRF-PE,DEL01-PE,UOP02-DEL01-PE
529206,2023-06-13,terça-feira,07:21:00,PE,116,49,SALGUEIRO,Transitar na contramão,Colisão frontal,Com Vítimas Fatais,Pleno dia,Crescente,Nublado,Simples,Reta;Aclive                   ,Não,4,3,0,0,1,0,0,2,"-8,266694","-39,116516",SPRF-PE,DEL05-PE,UOP01-DEL05-PE
529448,2023-06-13,terça-feira,18:30:00,PE,424,"26,1",VENTUROSA,Reação tardia ou ineficiente do condutor,Colisão com objeto,Sem Vítimas,Plena Noite,Decrescente,Céu Claro,Simples,Reta;Ponte                    ,Não,1,0,0,0,1,0,0,1,"-8,5542719","-36,89884489",SPRF-PE,DEL04-PE,UOP02-DEL04-PE
529531,2023-06-14,quarta-feira,13:30:00,PE,424,"47,9",VENTUROSA,Reação tardia ou ineficiente do condutor,Saída de leito carroçável,Com Vítimas Feridas,Pleno dia,Decrescente,Céu Claro,Simples,Curva;Declive                 ,Não,1,0,1,0,0,0,1,1,"-8,69835023","-36,78668889",SPRF-PE,DEL03-PE,UOP01-DEL03-PE
529583,2023-06-15,quinta-feira,08:40:00,PE,101,"58,9",RECIFE,Condutor deixou de manter distância do veículo da frente,Colisão lateral mesmo sentido,Com Vítimas Feridas,Pleno dia,Crescente,Céu Claro,Dupla,Ponte;Declive                 ,Sim,2,0,1,0,1,0,1,2,"-7,97063209","-34,92064675",SPRF-PE,DEL01-PE,UOP02-DEL01-PE
529594,2023-06-15,quinta-feira,10:00:00,PE,101,"37,2",ITAPISSUMA,Ausência de reação do condutor,Colisão transversal,Sem Vítimas,Pleno dia,Decrescente,Garoa/Chuvisco,Dupla,Reta,Não,2,0,0,0,2,0,0,2,"-7,79726705","-34,9274932",SPRF-PE,DEL01-PE,UOP02-DEL01-PE
529720,2023-06-16,sexta-feira,00:15:00,PE,424,"19,3",PEDRA,Manobra de mudança de faixa,Colisão frontal,Com Vítimas Feridas,Plena Noite,Crescente,Céu Claro,Simples,Reta,Sim,3,0,1,1,1,0,2,2,"-8,505358","-36,932062",SPRF-PE,DEL04-PE,UOP02-DEL04-PE
529822,2023-06-15,quinta-feira,04:50:00,PE,101,117,ESCADA,Acumulo de água sobre o pavimento,Tombamento,Sem Vítimas,Pleno dia,Decrescente,Chuva,Dupla,Reta,Não,1,0,0,0,1,0,0,1,"-8,35274267","-35,15136019",SPRF-PE,DEL01-PE,UOP03-DEL01-PE
529871,2023-06-16,sexta-feira,16:00:00,PE,101,47,IGARASSU,Pedestre andava na pista,Atropelamento de Pedestre,Com Vítimas Fatais,Pleno dia,Crescente,Nublado,Múltipla,Reta,Sim,2,1,0,0,1,0,0,2,"-7,880901","-34,905231",SPRF-PE,DEL01-PE,UOP02-DEL01-PE
529930,2023-06-16,sexta-feira,21:20:00,PE,423,19,SAO CAITANO,Avarias e/ou desgaste excessivo no pneu,Queda de ocupante de veículo,Com Vítimas Fatais,Plena Noite,Crescente,Céu Claro,Dupla,Reta,Não,3,1,1,0,1,0,1,2,"-8,33379683","-36,15201612",SPRF-PE,DEL03-PE,UOP02-DEL03-PE
530385,2023-06-18,domingo,21:10:00,PE,428,13,CABROBO,Transitar na contramão,Colisão frontal,Com Vítimas Fatais,Plena Noite,Decrescente,Céu Claro,Simples,Reta,Não,4,1,0,0,1,2,0,3,"-8,50171811","-39,33382601",SPRF-PE,DEL05-PE,UOP03-DEL05-PE
530417,2023-06-19,segunda-feira,06:05:00,PE,101,77,RECIFE,Ausência de reação do condutor,Colisão traseira,Com Vítimas Fatais,Pleno dia,Crescente,Céu Claro,Dupla,Reta,Sim,3,1,0,0,2,0,0,3,"-8,126982","-34,94386",SPRF-PE,DEL01-PE,UOP01-DEL01-PE
530594,2023-06-20,terça-feira,02:10:00,PE,232,"20,2",MORENO,Manobra de mudança de faixa,Tombamento,Com Vítimas Feridas,Plena Noite,Decrescente,Chuva,Dupla,Reta,Não,2,0,1,0,0,1,1,2,"-8,09543537","-35,07136107",SPRF-PE,DEL01-PE,UOP01-DEL01-PE
530642,2023-06-20,terça-feira,05:30:00,PE,232,"356,1",FLORES,Acesso irregular,Colisão transversal,Com Vítimas Feridas,Amanhecer,Crescente,Céu Claro,Simples,Reta,Sim,9,0,6,0,3,0,6,2,"-8,04849067","-37,84054579",SPRF-PE,DEL04-PE,UOP01-DEL04-PE
530695,2023-06-20,terça-feira,15:40:00,PE,101,45,ABREU E LIMA,Acessar a via sem observar a presença dos outros veículos,Colisão lateral mesmo sentido,Com Vítimas Feridas,Pleno dia,Decrescente,Nublado,Múltipla,Reta,Sim,4,0,0,1,3,0,1,2,"-7,86521297","-34,90715176",SPRF-PE,DEL01-PE,UOP02-DEL01-PE
530747,2023-06-20,terça-feira,17:55:00,PE,232,"275,6",SERTANIA,Transitar na contramão,Colisão frontal,Com Vítimas Feridas,Plena Noite,Decrescente,Nublado,Simples,Reta,Não,3,0,0,1,1,1,1,3,"-8,37767902","-37,25556603",SPRF-PE,DEL04-PE,UOP02-DEL04-PE
530822,2023-06-21,quarta-feira,08:12:00,PE,408,105,JABOATAO DOS GUARARAPES,Chuva,Saída de leito carroçável,Sem Vítimas,Pleno dia,Crescente,Chuva,Dupla,Reta,Não,1,0,0,0,1,0,0,1,"-8,0730937","-34,99190714",SPRF-PE,DEL01-PE,UOP01-DEL01-PE
530829,2023-06-21,quarta-feira,09:30:00,PE,101,"77,9",RECIFE,Manobra de mudança de faixa,Saída de leito carroçável,Com Vítimas Feridas,Pleno dia,Decrescente,Céu Claro,Dupla,Curva,Sim,2,0,1,0,1,0,1,1,"-8,126982","-34,94386",SPRF-PE,DEL01-PE,UOP01-DEL01-PE
530848,2023-06-21,quarta-feira,10:30:00,PE,316,354,PETROLANDIA,Reação tardia ou ineficiente do condutor,Colisão traseira,Com Vítimas Feridas,Pleno dia,Crescente,Garoa/Chuvisco,Simples,Declive;Reta                  ,Não,3,0,2,0,1,0,2,2,"-8,8875646944","-38,2659948404",SPRF-PE,DEL04-PE,UOP03-DEL04-PE
530932,2023-06-21,quarta-feira,17:40:00,PE,101,121,ESCADA,Manobra de mudança de faixa,Colisão lateral mesmo sentido,Com Vítimas Feridas,Plena Noite,Crescente,Chuva,Dupla,Reta,Não,5,0,2,0,3,0,2,2,"-8,35685707","-35,18628296",SPRF-PE,DEL01-PE,UOP03-DEL01-PE
530949,2023-06-21,quarta-feira,21:20:00,PE,232,56,POMBOS,Ausência de reação do condutor,Colisão traseira,Com Vítimas Fatais,Plena Noite,Decrescente,Nublado,Dupla,Declive;Reta                  ,Não,2,1,0,0,0,1,0,2,"-8,13762681","-35,37336212",SPRF-PE,DEL02-PE,UOP02-DEL02PE
531003,2023-06-22,quinta-feira,06:10:00,PE,101,66,RECIFE,Ultrapassagem Indevida,Colisão lateral mesmo sentido,Com Vítimas Feridas,Pleno dia,Crescente,Chuva,Dupla,Reta,Sim,3,0,2,0,1,0,2,2,"-8,041915","-34,943292",SPRF-PE,DEL01-PE,UOP01-DEL01-PE
531030,2023-06-22,quinta-feira,09:20:00,PE,101,"70,6",RECIFE,Entrada inopinada do pedestre,Atropelamento de Pedestre,Sem Vítimas,Pleno dia,Crescente,Nublado,Dupla,Reta,Sim,2,0,0,0,1,1,0,2,"-8,071755","-34,942625",SPRF-PE,DEL01-PE,UOP01-DEL01-PE
531038,2023-06-22,quinta-feira,08:15:00,PE,232,8,RECIFE,Manobra de mudança de faixa,Colisão lateral mesmo sentido,Com Vítimas Feridas,Pleno dia,Crescente,Chuva,Dupla,Reta,Sim,3,0,2,0,1,0,2,2,"-8,07583727","-34,97015791",SPRF-PE,DEL01-PE,UOP01-DEL01-PE
531097,2023-06-22,quinta-feira,15:30:00,PE,101,"81,8",JABOATAO DOS GUARARAPES,Demais falhas mecânicas ou elétricas,Tombamento,Com Vítimas Feridas,Pleno dia,Decrescente,Céu Claro,Dupla,Curva;Viaduto;Declive         ,Sim,2,0,0,1,1,0,1,2,"-8,169528","-34,937317",SPRF-PE,DEL01-PE,UOP01-DEL01-PE
531181,2023-06-23,sexta-feira,00:50:00,PE,316,248,BELEM DE SAO FRANCISCO,Ausência de reação do condutor,Saída de leito carroçável,Com Vítimas Feridas,Pleno dia,Decrescente,Céu Claro,Simples,Curva,Não,1,0,0,1,0,0,1,1,"-8,66960846","-38,98660323",SPRF-PE,DEL05-PE,UOP03-DEL05-PE
531230,2023-06-23,sexta-feira,07:50:00,PE,101,75,RECIFE,Manobra de mudança de faixa,Colisão transversal,Com Vítimas Feridas,Pleno dia,Decrescente,Garoa/Chuvisco,Dupla,Reta,Sim,3,0,2,0,1,0,2,2,"-8,118724","-34,943117",SPRF-PE,DEL01-PE,UOP01-DEL01-PE
531260,2023-06-23,sexta-feira,12:35:00,PE,101,"45,3",IGARASSU,Condutor deixou de manter distância do veículo da frente,Colisão traseira,Com Vítimas Feridas,Pleno dia,Decrescente,Nublado,Múltipla,Reta,Sim,4,0,1,0,2,1,1,3,"-7,86521297","-34,90715176",SPRF-PE,DEL01-PE,UOP02-DEL01-PE
531428,2023-06-03,sábado,04:00:00,PE,423,"128,4",SALOA,Ausência de reação do condutor,Tombamento,Com Vítimas Feridas,Pleno dia,Crescente,Céu Claro,Simples,Declive;Curva                 ,Não,1,0,0,1,0,0,1,1,"-8,9612481","-36,73240198",SPRF-PE,DEL03-PE,UOP01-DEL03-PE
531455,2023-06-24,sábado,06:00:00,PE,101,51,ABREU E LIMA,Curva acentuada,Tombamento,Com Vítimas Feridas,Amanhecer,Decrescente,Nublado,Dupla,Declive;Curva;Viaduto         ,Sim,2,0,2,0,0,0,2,1,"-7,9169968","-34,89689272",SPRF-PE,DEL01-PE,UOP02-DEL01-PE
531536,2023-06-24,sábado,15:20:00,PE,423,"60,7",LAJEDO,Acessar a via sem observar a presença dos outros veículos,Colisão frontal,Sem Vítimas,Pleno dia,Crescente,Garoa/Chuvisco,Simples,Reta,Sim,2,0,0,0,1,1,0,2,"-8,65794795","-36,32831097",SPRF-PE,DEL03-PE,UOP01-DEL03-PE
531653,2023-06-24,sábado,22:30:00,PE,116,5,SALGUEIRO,Ingestão de álcool pelo condutor,Colisão frontal,Com Vítimas Feridas,Plena Noite,Crescente,Céu Claro,Simples,Reta,Não,3,0,2,0,1,0,2,2,"-7,896859","-39,110252",SPRF-PE,DEL05-PE,UOP01-DEL05-PE
532009,2023-06-26,segunda-feira,17:40:00,PE,424,"89,8",GARANHUNS,Ingestão de álcool pelo condutor,Colisão lateral sentido oposto,Sem Vítimas,Plena Noite,Decrescente,Chuva,Simples,Curva;Declive                 ,Sim,3,0,0,0,2,1,0,3,"-8,895017","-36,50062",SPRF-PE,DEL03-PE,UOP01-DEL03-PE
532011,2023-06-26,segunda-feira,12:00:00,PE,423,"131,7",SALOA,Demais falhas mecânicas ou elétricas,Incêndio,Sem Vítimas,Pleno dia,Decrescente,Chuva,Simples,Curva,Não,1,0,0,0,1,0,0,1,"-8,961403","-36,763302",SPRF-PE,DEL03-PE,UOP01-DEL03-PE
532070,2023-06-27,terça-feira,05:23:00,PE,423,"83,2",JUCATI,Ausência de reação do condutor,Colisão traseira,Com Vítimas Feridas,Pleno dia,Crescente,Chuva,Simples,Reta;Declive                  ,Não,2,0,1,0,0,1,1,2,"-8,79028092","-36,43450918",SPRF-PE,DEL03-PE,UOP01-DEL03-PE
532249,2023-06-27,terça-feira,19:30:00,PE,428,179,PETROLINA,Frear bruscamente,Colisão traseira,Sem Vítimas,Plena Noite,Crescente,Garoa/Chuvisco,Simples,Reta,Não,4,0,0,0,3,1,0,4,"-9,29218306","-40,4457509",SPRF-PE,DEL06-PE,UOP01-DEL06-PE
532258,2023-06-28,quarta-feira,04:30:00,PE,101,82,JABOATAO DOS GUARARAPES,Manobra de mudança de faixa,Tombamento,Sem Vítimas,Amanhecer,Decrescente,Céu Claro,Dupla,Curva,Sim,1,0,0,0,1,0,0,1,"-8,172797","-34,939428",SPRF-PE,DEL01-PE,UOP01-DEL01-PE
532492,2023-06-29,quinta-feira,08:10:00,PE,101,"81,8",JABOATAO DOS GUARARAPES,Condutor deixou de manter distância do veículo da frente,Colisão lateral mesmo sentido,Com Vítimas Feridas,Pleno dia,Decrescente,Chuva,Dupla,Reta,Sim,2,0,1,0,1,0,1,2,"-8,166914","-34,938018",SPRF-PE,DEL01-PE,UOP01-DEL01-PE
532503,2023-04-26,quarta-feira,09:28:00,PE,101,70,RECIFE,Acessar a via sem observar a presença dos outros veículos,Colisão lateral mesmo sentido,Com Vítimas Feridas,Pleno dia,Crescente,Céu Claro,Dupla,Reta,Sim,2,0,1,0,1,0,1,2,"-8,06776119","-34,94265074",SPRF-PE,DEL01-PE,UOP01-DEL01-PE
532552,2023-06-29,quinta-feira,08:20:00,PE,232,"4,8",RECIFE,Pista Escorregadia,Colisão lateral mesmo sentido,Sem Vítimas,Pleno dia,Crescente,Chuva,Múltipla,Viaduto;Declive;Em Obras      ,Sim,5,0,0,0,3,2,0,3,"-8,067319","-34,943765",SPRF-PE,DEL01-PE,UOP01-DEL01-PE
532726,2023-06-29,quinta-feira,22:12:00,PE,316,"121,3",PARNAMIRIM,Transitar na contramão,Saída de leito carroçável,Sem Vítimas,Plena Noite,Decrescente,Céu Claro,Dupla,Ponte;Reta                    ,Não,1,0,0,0,1,0,0,1,"-8,01164663","-39,77321685",SPRF-PE,DEL05-PE,UOP02-DEL05-PE
533024,2023-07-01,sábado,16:14:00,PE,101,206,XEXEU,Acessar a via sem observar a presença dos outros veículos,Colisão traseira,Com Vítimas Feridas,Pleno dia,Crescente,Chuva,Dupla,Reta;Retorno Regulamentado    ,Sim,3,0,2,0,1,0,2,2,"-8,81905901","-35,63955699",SPRF-PE,DEL01-PE,UOP03-DEL01-PE
533136,2023-07-02,domingo,03:31:00,PE,232,433,SERRA TALHADA,Transitar na contramão,Colisão frontal,Com Vítimas Fatais,Plena Noite,Crescente,Ignorado,Simples,Curva,Não,2,1,0,0,0,1,0,2,"-8,00939466","-38,5028851",SPRF-PE,DEL04-PE,UOP01-DEL04-PE
533180,2023-07-02,domingo,08:25:00,PE,428,172,PETROLINA,Acessar a via sem observar a presença dos outros veículos,Colisão transversal,Com Vítimas Fatais,Pleno dia,Decrescente,Nublado,Simples,Reta,Não,2,1,0,0,1,0,0,2,"-9,23632318","-40,41701564",SPRF-PE,DEL06-PE,UOP01-DEL06-PE
533364,2023-07-03,segunda-feira,01:41:00,PE,104,"91,5",AGRESTINA,Reação tardia ou ineficiente do condutor,Colisão lateral sentido oposto,Com Vítimas Fatais,Plena Noite,Crescente,Céu Claro,Simples,Reta,Não,5,1,1,1,2,0,2,3,"-8,487702","-35,946243",SPRF-PE,DEL02-PE,UOP03-DEL02-PE
533372,2023-07-03,segunda-feira,04:00:00,PE,101,"86,7",JABOATAO DOS GUARARAPES,Pista esburacada,Colisão lateral mesmo sentido,Com Vítimas Feridas,Plena Noite,Decrescente,Chuva,Dupla,Reta,Não,3,0,1,0,1,1,1,3,"-8,189143","-34,973587",SPRF-PE,DEL01-PE,UOP01-DEL01-PE