id,data_inversa,dia_semana,horario,uf,br,km,municipio,causa_acidente,tipo_acidente,classificacao_acidente,fase_dia,sentido_via,condicao_metereologica,tipo_pista,tracado_via,uso_solo,pessoas,mortos,feridos_leves,feridos_graves,ilesos,ignorados,feridos,veiculos,latitude,longitude,regional,delegacia,uop
533394,2023-07-03,segunda-feira,07:20:00,PE,101,68,RECIFE,Trafegar com motocicleta (ou similar) entre as faixas,Colisão lateral mesmo sentido,Com Vítimas Feridas,Pleno dia,Decrescente,Nublado,Dupla,Declive;Viaduto               ,Sim,2,0,0,1,1,0,1,2,"-8,052101","-34,946107",SPRF-PE,DEL01-PE,UOP01-DEL01-PE
533534,2023-07-03,segunda-feira,17:50:00,PE,232,336,CUSTODIA,Ausência de reação do condutor,Colisão traseira,Com Vítimas Feridas,Anoitecer,Decrescente,Céu Claro,Simples,Reta;Declive                  ,Não,3,0,0,1,1,1,1,3,"-8,08346027","-37,65571502",SPRF-PE,DEL04-PE,UOP02-DEL04-PE
533554,2023-07-04,terça-feira,00:20:00,PE,232,129,CARUARU,Velocidade Incompatível,Colisão traseira,Com Vítimas Fatais,Plena Noite,Crescente,Céu Claro,Dupla,Reta;Declive                  ,Não,2,1,0,0,1,0,0,2,"-8,30193507","-35,98092002",SPRF-PE,DEL02-PE,UOP01-DEL02-PE
533620,2023-07-04,terça-feira,11:50:00,PE,101,"76,7",RECIFE,Ausência de reação do condutor,Engavetamento,Sem Vítimas,Pleno dia,Decrescente,Céu Claro,Dupla,Aclive;Reta                   ,Sim,4,0,0,0,4,0,0,3,"-8,126223","-34,943775",SPRF-PE,DEL01-PE,UOP01-DEL01-PE
533780,2023-06-01,quinta-feira,17:46:00,PE,232,29,MORENO,Avarias e/ou desgaste excessivo no pneu,Saída de leito carroçável,Com Vítimas Feridas,Plena Noite,Decrescente,Céu Claro,Dupla,Reta,Não,3,0,3,0,0,0,3,1,"-8,111269","-35,143135",SPRF-PE,DEL01-PE,UOP01-DEL01-PE
533884,2023-07-05,quarta-feira,12:20:00,PE,101,82,JABOATAO DOS GUARARAPES,Manobra de mudança de faixa,Colisão lateral mesmo sentido,Sem Vítimas,Pleno dia,Decrescente,Nublado,Dupla,Reta,Sim,2,0,0,0,1,1,0,2,"-8,168383","-34,9376",SPRF-PE,DEL01-PE,UOP01-DEL01-PE
533933,2023-07-05,quarta-feira,22:50:00,PE,232,11,JABOATAO DOS GUARARAPES,Deficiência do Sistema de Iluminação/Sinalização,Colisão lateral mesmo sentido,Com Vítimas Feridas,Plena Noite,Decrescente,Garoa/Chuvisco,Dupla,Desvio Temporário,Sim,2,0,0,1,1,0,1,2,"-8,08195464","-34,99545022",SPRF-PE,DEL01-PE,UOP01-DEL01-PE
534005,2023-07-06,quinta-feira,10:10:00,PE,101,64,RECIFE,Ingestão de álcool pelo condutor,Colisão traseira,Com Vítimas Feridas,Pleno dia,Decrescente,Nublado,Dupla,Reta,Sim,2,0,0,1,1,0,1,2,"-8,0162921","-34,94045886",SPRF-PE,DEL01-PE,UOP01-DEL01-PE
534006,2023-07-06,quinta-feira,10:10:00,PE,232,9,JABOATAO DOS GUARARAPES,Reação tardia ou ineficiente do condutor,Colisão traseira,Com Vítimas Feridas,Pleno dia,Decrescente,Nublado,Múltipla,Aclive,Não,2,0,1,0,1,0,1,2,"-8,07764447","-34,97863609",SPRF-PE,DEL01-PE,UOP01-DEL01-PE
534020,2023-06-21,quarta-feira,13:25:00,PE,408,"51,6",NAZARE DA MATA,Acessar a via sem observar a presença dos outros veículos,Colisão transversal,Sem Vítimas,Pleno dia,Crescente,Sol,Dupla,Reta,Sim,2,0,0,0,2,0,0,2,"-7,73723901","-35,23503603",SPRF-PE,DEL01-PE,UOP02-DEL01-PE
534051,2023-07-06,quinta-feira,16:00:00,PE,101,47,ABREU E LIMA,Manobra de mudança de faixa,Colisão lateral mesmo sentido,Sem Vítimas,Pleno dia,Decrescente,Chuva,Múltipla,Reta,Sim,2,0,0,0,1,1,0,2,"-7,88290701","-34,90461208",SPRF-PE,DEL01-PE,UOP02-DEL01-PE
534154,2023-07-07,sexta-feira,04:55:00,PE,408,63,CARPINA,Transitar na contramão,Colisão frontal,Com Vítimas Fatais,Amanhecer,Crescente,Chuva,Simples,Reta,Sim,2,1,0,0,0,1,0,2,"-7,840371","-35,240061",SPRF-PE,DEL01-PE,UOP01-DEL01-PE
534307,2023-07-07,sexta-feira,17:40:00,PE,316,75,OURICURI,Falta de acostamento,Queda de ocupante de veículo,Com Vítimas Feridas,Anoitecer,Crescente,Nublado,Simples,Ponte;Reta                    ,Não,2,0,1,0,0,1,1,2,"-7,83384491","-40,14394393",SPRF-PE,DEL05-PE,UOP02-DEL05-PE
534332,2023-07-07,sexta-feira,11:00:00,PE,104,1,TAQUARITINGA DO NORTE,Chuva,Colisão transversal,Com Vítimas Feridas,Pleno dia,Crescente,Chuva,Simples,Curva,Não,1,0,1,0,0,0,1,1,"-7,792624","-36,101326",SPRF-PE,DEL02-PE,UOP01-DEL02-PE
534565,2023-07-08,sábado,18:45:00,PE,232,194,SANHARO,Ultrapassagem Indevida,Colisão frontal,Com Vítimas Fatais,Plena Noite,Crescente,Céu Claro,Simples,Reta,Não,3,1,0,1,1,0,1,2,"-8,36209062","-36,55441109",SPRF-PE,DEL03-PE,UOP02-DEL03-PE
534619,2023-07-08,sábado,21:00:00,PE,232,421,SERRA TALHADA,Transitar na contramão,Colisão frontal,Com Vítimas Fatais,Plena Noite,Crescente,Garoa/Chuvisco,Simples,Aclive;Reta                   ,Não,3,2,0,0,1,0,0,2,"-7,99602355","-38,39535008",SPRF-PE,DEL04-PE,UOP01-DEL04-PE
534872,2023-07-10,segunda-feira,01:41:00,PE,316,142,PARNAMIRIM,Pedestre andava na pista,Atropelamento de Pedestre,Com Vítimas Fatais,Plena Noite,Crescente,Céu Claro,Dupla,Reta,Não,2,1,0,0,0,1,0,2,"-8,08687166","-39,60015985",SPRF-PE,DEL05-PE,UOP02-DEL05-PE
535049,2023-07-10,segunda-feira,16:07:00,PE,423,"161,8",AGUAS BELAS,Pista esburacada,Colisão lateral sentido oposto,Com Vítimas Feridas,Pleno dia,Decrescente,Nublado,Simples,Reta,Não,3,0,1,1,1,0,2,2,"-9,09475044","-36,98347867",SPRF-PE,DEL03-PE,UOP01-DEL03-PE
535196,2023-07-11,terça-feira,17:50:00,PE,101,79,JABOATAO DOS GUARARAPES,Acessar a via sem observar a presença dos outros veículos,Colisão transversal,Com Vítimas Feridas,Anoitecer,Crescente,Nublado,Dupla,Reta,Sim,3,0,2,0,1,0,2,2,"-8,148408","-34,94403",SPRF-PE,DEL01-PE,UOP01-DEL01-PE
535248,2023-07-11,terça-feira,19:00:00,PE,116,2,SALGUEIRO,Manobra de mudança de faixa,Colisão frontal,Com Vítimas Feridas,Plena Noite,Crescente,Céu Claro,Simples,Reta,Não,4,0,0,2,2,0,2,2,"-7,873192","-39,099377",SPRF-PE,DEL05-PE,UOP01-DEL05-PE
535255,2023-07-11,terça-feira,19:00:00,PE,407,16,AFRANIO,Carga excessiva e/ou mal acondicionada,Tombamento,Com Vítimas Feridas,Plena Noite,Crescente,Céu Claro,Simples,Curva,Não,1,0,1,0,0,0,1,1,"-8,56128192","-40,99442519",SPRF-PE,DEL06-PE,UOP02-DEL06-PE
535286,2023-07-12,quarta-feira,06:00:00,PE,110,"124,6",IBIMIRIM,Avarias e/ou desgaste excessivo no pneu,Capotamento,Com Vítimas Feridas,Pleno dia,Decrescente,Céu Claro,Simples,Reta,Não,1,0,1,0,0,0,1,1,"-8,4680952","-37,49888791",SPRF-PE,DEL04-PE,UOP02-DEL04-PE
535489,2023-07-13,quinta-feira,07:15:00,PE,101,"6,6",GOIANA,Transitar na contramão,Colisão frontal,Com Vítimas Fatais,Pleno dia,Decrescente,Céu Claro,Dupla,Ponte;Reta                    ,Não,2,1,0,0,1,0,0,2,"-7,550887","-34,99136",SPRF-PE,DEL01-PE,UOP02-DEL01-PE
535578,2023-07-13,quinta-feira,16:10:00,PE,316,124,PARNAMIRIM,Ultrapassagem Indevida,Colisão lateral sentido oposto,Com Vítimas Feridas,Pleno dia,Decrescente,Céu Claro,Simples,Ponte,Não,2,0,1,0,0,1,1,2,"-8,02226451","-39,74844622",SPRF-PE,DEL05-PE,UOP02-DEL05-PE
535588,2023-05-23,terça-feira,05:15:00,PE,101,100,CABO DE SANTO AGOSTINHO,Ausência de reação do condutor,Atropelamento de Pedestre,Com Vítimas Fatais,Amanhecer,Crescente,Garoa/Chuvisco,Dupla,Curva,Não,5,1,2,1,0,1,3,3,"-8,259845","-35,046179",SPRF-PE,DEL01-PE,UOP03-DEL01-PE
535617,2023-07-13,quinta-feira,15:00:00,PE,232,385,CALUMBI,Avarias e/ou desgaste excessivo no pneu,Colisão lateral sentido oposto,Com Vítimas Feridas,Pleno dia,Crescente,Céu Claro,Simples,Reta,Não,4,0,2,0,2,0,2,3,"-8,037055","-38,096439",SPRF-PE,DEL04-PE,UOP01-DEL04-PE
536035,2023-07-15,sábado,15:45:00,PE,116,"17,3",SALGUEIRO,Ultrapassagem Indevida,Colisão frontal,Com Vítimas Fatais,Pleno dia,Crescente,Céu Claro,Simples,Curva,Não,3,1,0,0,1,1,0,3,"-7,99306","-39,140823",SPRF-PE,DEL05-PE,UOP01-DEL05-PE
536090,2023-07-15,sábado,21:35:00,PE,423,"70,6",JUPI,Acessar a via sem observar a presença dos outros veículos,Colisão transversal,Sem Vítimas,Plena Noite,Crescente,Céu Claro,Simples,Declive;Reta                  ,Não,3,0,0,0,2,1,0,2,"-8,68393495","-36,40767506",SPRF-PE,DEL03-PE,UOP01-DEL03-PE
536428,2023-07-17,segunda-feira,11:35:00,PE,101,"73,2",RECIFE,Ultrapassagem Indevida,Tombamento,Com Vítimas Fatais,Pleno dia,Crescente,Céu Claro,Dupla,Reta;Ponte                    ,Sim,3,1,0,0,2,0,0,2,"-8,093369","-34,947464",SPRF-PE,DEL01-PE,UOP01-DEL01-PE
536612,2023-07-18,terça-feira,08:20:00,PE,232,410,SERRA TALHADA,Manobra de mudança de faixa,Colisão frontal,Com Vítimas Feridas,Pleno dia,Crescente,Céu Claro,Simples,Reta,Sim,2,0,1,0,1,0,1,2,"-7,98261841","-38,30039606",SPRF-PE,DEL04-PE,UOP01-DEL04-PE
536824,2023-07-19,quarta-feira,15:19:00,PE,101,89,JABOATAO DOS GUARARAPES,Reação tardia ou ineficiente do condutor,Colisão traseira,Com Vítimas Feridas,Pleno dia,Decrescente,Céu Claro,Dupla,Aclive;Reta                   ,Sim,4,0,1,0,3,0,1,3,"-8,20760697","-34,98372005",SPRF-PE,DEL01-PE,UOP01-DEL01-PE
536919,2023-07-20,quinta-feira,05:41:00,PE,428,"189,8",PETROLINA,Condutor desrespeitou a iluminação vermelha do semáforo,Colisão lateral mesmo sentido,Com Vítimas Feridas,Pleno dia,Decrescente,Céu Claro,Dupla,Reta,Sim,2,0,1,0,1,0,1,2,"-9,37800218","-40,50445944",SPRF-PE,DEL06-PE,UOP01-DEL06-PE
537109,2023-07-21,sexta-feira,08:48:00,PE,101,"73,7",RECIFE,Acessar a via sem observar a presença dos outros veículos,Colisão transversal,Com Vítimas Feridas,Pleno dia,Decrescente,Céu Claro,Dupla,Curva,Sim,2,0,1,0,1,0,1,2,"-8,099189","-34,950003",SPRF-PE,DEL01-PE,UOP01-DEL01-PE
537198,2023-07-21,sexta-feira,16:05:00,PE,101,50,ABREU E LIMA,Condutor deixou de manter distância do veículo da frente,Colisão lateral mesmo sentido,Com Vítimas Feridas,Pleno dia,Decrescente,Céu Claro,Múltipla,Reta,Sim,3,0,1,0,2,0,1,3,"-7,90938602","-34,90123228",SPRF-PE,DEL01-PE,UOP02-DEL01-PE
537469,2023-07-22,sábado,19:50:00,PE,101,"44,9",IGARASSU,Mal súbito do condutor,Saída de leito carroçável,Com Vítimas Feridas,Plena Noite,Crescente,Chuva,Múltipla,Reta,Sim,2,0,0,1,0,1,1,2,"-7,86338181","-34,90779161",SPRF-PE,DEL01-PE,UOP02-DEL01-PE
537490,2023-07-22,sábado,19:39:00,PE,232,525,SALGUEIRO,Transitar no Acostamento,Atropelamento de Animal,Com Vítimas Feridas,Plena Noite,Crescente,Céu Claro,Simples,Reta,Não,2,0,0,1,1,0,1,2,"-8,069877","-39,270428",SPRF-PE,DEL05-PE,UOP01-DEL05-PE
537562,2023-07-23,domingo,04:40:00,PE,101,189,PALMARES,Velocidade Incompatível,Capotamento,Com Vítimas Fatais,Amanhecer,Decrescente,Nublado,Dupla,Curva,Sim,1,1,0,0,0,0,0,1,"-8,691145","-35,60774",SPRF-PE,DEL01-PE,UOP03-DEL01-PE
537617,2023-07-23,domingo,10:00:00,PE,316,85,OURICURI,Ultrapassagem Indevida,Colisão frontal,Com Vítimas Feridas,Pleno dia,Crescente,Céu Claro,Simples,Reta,Sim,3,0,0,1,2,0,1,3,"-7,88417113","-40,0701651",SPRF-PE,DEL05-PE,UOP02-DEL05-PE
537766,2023-07-23,domingo,19:50:00,PE,424,"70,5",CAETES,Reação tardia ou ineficiente do condutor,Colisão traseira,Com Vítimas Fatais,Plena Noite,Decrescente,Céu Claro,Simples,Declive;Reta                  ,Não,4,2,0,1,0,1,1,3,"-8,77912908","-36,62060205",SPRF-PE,DEL03-PE,UOP01-DEL03-PE
537899,2023-07-24,segunda-feira,10:45:00,PE,101,"50,2",ABREU E LIMA,Entrada inopinada do pedestre,Atropelamento de Pedestre,Com Vítimas Fatais,Pleno dia,Decrescente,Céu Claro,Múltipla,Reta,Sim,2,1,0,0,1,0,0,2,"-7,908977","-34,901223",SPRF-PE,DEL01-PE,UOP02-DEL01-PE
537948,2023-07-24,segunda-feira,16:30:00,PE,101,"53,8",PAULISTA,Ausência de reação do condutor,Colisão traseira,Com Vítimas Feridas,Pleno dia,Crescente,Céu Claro,Simples,Reta,Não,2,0,0,1,1,0,1,2,"-7,93958","-34,90373",SPRF-PE,DEL01-PE,UOP02-DEL01-PE
538170,2023-07-25,terça-feira,19:36:00,PE,101,49,ABREU E LIMA,Manobra de mudança de faixa,Colisão lateral mesmo sentido,Sem Vítimas,Plena Noite,Decrescente,Céu Claro,Dupla,Reta,Sim,3,0,0,0,2,1,0,3,"-7,9005152","-34,90180641",SPRF-PE,DEL01-PE,UOP02-DEL01-PE
538266,2023-07-26,quarta-feira,09:10:00,PE,316,249,BELEM DE SAO FRANCISCO,Ausência de reação do condutor,Colisão lateral sentido oposto,Com Vítimas Feridas,Pleno dia,Decrescente,Céu Claro,Simples,Curva,Não,3,0,1,0,2,0,1,2,"-8,6737083","-38,97854215",SPRF-PE,DEL05-PE,UOP03-DEL05-PE
538279,2023-07-26,quarta-feira,11:20:00,PE,232,"4,6",RECIFE,Ausência de reação do condutor,Colisão traseira,Sem Vítimas,Pleno dia,Crescente,Céu Claro,Múltipla,Viaduto,Não,5,0,0,0,5,0,0,2,"-8,064473","-34,936928",SPRF-PE,DEL01-PE,UOP01-DEL01-PE
538508,2023-07-27,quinta-feira,17:10:00,PE,428,"182,7",PETROLINA,Acessar a via sem observar a presença dos outros veículos,Colisão lateral mesmo sentido,Com Vítimas Feridas,Pleno dia,Crescente,Céu Claro,Dupla,Retorno Regulamentado,Não,3,0,0,1,1,1,1,3,"-9,33328796","-40,46687901",SPRF-PE,DEL06-PE,UOP01-DEL06-PE
538954,2023-07-29,sábado,13:26:00,PE,316,"124,9",PARNAMIRIM,Demais falhas mecânicas ou elétricas,Incêndio,Sem Vítimas,Pleno dia,Crescente,Céu Claro,Simples,Reta,Não,1,0,0,0,1,0,0,1,"-8,02226451","-39,74844622",SPRF-PE,DEL05-PE,UOP02-DEL05-PE
538955,2023-07-08,sábado,17:40:00,PE,423,114,PARANATAMA,Reação tardia ou ineficiente do condutor,Colisão traseira,Sem Vítimas,Anoitecer,Crescente,Garoa/Chuvisco,Simples,Reta,Não,7,0,0,0,7,0,0,2,"-8,8998297","-36,64277108",SPRF-PE,DEL03-PE,UOP01-DEL03-PE
539103,2023-07-30,domingo,01:00:00,PE,104,137,QUIPAPA,Demais falhas mecânicas ou elétricas,Tombamento,Com Vítimas Feridas,Plena Noite,Crescente,Nublado,Simples,Declive;Reta                  ,Sim,1,0,1,0,0,0,1,1,"-8,825912","-36,029057",SPRF-PE,DEL02-PE,UOP03-DEL02-PE
539336,2023-07-31,segunda-feira,07:00:00,PE,101,"43,5",IGARASSU,Velocidade Incompatível,Engavetamento,Com Vítimas Feridas,Pleno dia,Crescente,Céu Claro,Múltipla,Reta,Sim,4,0,1,0,3,0,1,4,"-7,84948984","-34,90969598",SPRF-PE,DEL01-PE,UOP02-DEL01-PE
539357,2023-07-31,segunda-feira,08:50:00,PE,428,"190,8",PETROLINA,Transitar na contramão,Colisão frontal,Com Vítimas Feridas,Pleno dia,Crescente,Céu Claro,Dupla,Reta,Sim,2,0,1,0,1,0,1,2,"-9,3814636","-40,51318735",SPRF-PE,DEL06-PE,UOP01-DEL06-PE
539409,2023-07-31,segunda-feira,13:30:00,PE,101,"49,5",ABREU E LIMA,Manobra de mudança de faixa,Colisão transversal,Com Vítimas Feridas,Pleno dia,Decrescente,Céu Claro,Dupla,Reta,Sim,3,0,1,1,1,0,2,2,"-7,9005152","-34,90180641",SPRF-PE,DEL01-PE,UOP02-DEL01-PE
539429,2023-07-31,segunda-feira,16:40:00,PE,408,"94,6",SAO LOURENCO DA MATA,Reação tardia ou ineficiente do condutor,Saída de leito carroçável,Com Vítimas Feridas,Pleno dia,Decrescente,Céu Claro,Dupla,Reta,Sim,2,0,0,1,1,0,1,2,"-8,008749","-35,042862",SPRF-PE,DEL01-PE,UOP01-DEL01-PE
539431,2023-07-31,segunda-feira,17:05:00,PE,101,"67,2",RECIFE,Reação tardia ou ineficiente do condutor,Colisão lateral mesmo sentido,Com Vítimas Feridas,Pleno dia,Crescente,Céu Claro,Dupla,Reta,Sim,3,0,1,0,2,0,1,2,"-8,042334","-34,943096",SPRF-PE,DEL01-PE,UOP01-DEL01-PE
539496,2023-07-31,segunda-feira,19:30:00,PE,101,160,GAMELEIRA,Demais falhas mecânicas ou elétricas,Tombamento,Com Vítimas Feridas,Plena Noite,Crescente,Céu Claro,Dupla,Curva,Não,1,0,1,0,0,0,1,1,"-8,55559186","-35,42237611",SPRF-PE,DEL01-PE,UOP03-DEL01-PE
539637,2023-08-01,terça-feira,11:40:00,PE,316,"48,4",ARARIPINA,Condutor Dormindo,Colisão lateral sentido oposto,Com Vítimas Feridas,Pleno dia,Crescente,Céu Claro,Simples,Reta,Não,2,0,1,0,1,0,1,2,"-7,70655988","-40,3362619",SPRF-PE,DEL05-PE,UOP02-DEL05-PE
539660,2023-08-01,terça-feira,18:45:00,PE,101,"46,8",ABREU E LIMA,Manobra de mudança de faixa,Colisão lateral mesmo sentido,Com Vítimas Feridas,Plena Noite,Decrescente,Céu Claro,Múltipla,Reta,Sim,3,0,0,1,1,1,1,3,"-7,87406004","-34,90588126",SPRF-PE,DEL01-PE,UOP02-DEL01-PE
540139,2023-08-04,sexta-feira,08:05:00,PE,104,64,CARUARU,Acessar a via sem observar a presença dos outros veículos,Colisão traseira,Com Vítimas Feridas,Pleno dia,Crescente,Céu Claro,Dupla,Reta,Sim,2,0,1,0,1,0,1,2,"-8,2783","-35,9815",SPRF-PE,DEL02-PE,UOP01-DEL02-PE
540236,2023-08-04,sexta-feira,19:52:00,PE,101,46,IGARASSU,Manobra de mudança de faixa,Colisão lateral mesmo sentido,Com Vítimas Feridas,Plena Noite,Decrescente,Céu Claro,Dupla,Reta,Sim,3,0,2,0,0,1,2,2,"-7,87406004","-34,90588126",SPRF-PE,DEL01-PE,UOP02-DEL01-PE
540368,2023-08-05,sábado,10:15:00,PE,316,292,BELEM DE SAO FRANCISCO,Ultrapassagem Indevida,Colisão transversal,Sem Vítimas,Pleno dia,Decrescente,Céu Claro,Simples,Ponte,Não,12,0,0,0,9,3,0,8,"-8,63600187","-38,67315705",SPRF-PE,DEL04-PE,UOP03-DEL04-PE
540777,2023-08-07,segunda-feira,07:50:00,PE,101,80,JABOATAO DOS GUARARAPES,Trafegar com motocicleta (ou similar) entre as faixas,Colisão lateral mesmo sentido,Com Vítimas Fatais,Pleno dia,Crescente,Céu Claro,Múltipla,Reta,Sim,2,1,0,0,1,0,0,2,"-8,15112589","-34,9428866",SPRF-PE,DEL01-PE,UOP01-DEL01-PE
540875,2023-08-07,segunda-feira,17:00:00,PE,101,"66,4",RECIFE,Trafegar com motocicleta (ou similar) entre as faixas,Colisão lateral mesmo sentido,Com Vítimas Fatais,Anoitecer,Crescente,Céu Claro,Dupla,Viaduto;Reta                  ,Sim,3,1,0,0,1,1,0,3,"-8,03368534","-34,94184125",SPRF-PE,DEL01-PE,UOP01-DEL01-PE
540943,2023-08-08,terça-feira,07:00:00,PE,101,69,RECIFE,Ausência de reação do condutor,Colisão traseira,Sem Vítimas,Pleno dia,Crescente,Céu Claro,Múltipla,Reta,Sim,2,0,0,0,2,0,0,2,"-8,05951606","-34,94581024",SPRF-PE,DEL01-PE,UOP01-DEL01-PE
541210,2023-07-31,segunda-feira,13:58:00,PE,101,72,RECIFE,Ultrapassagem Indevida,Colisão traseira,Sem Vítimas,Pleno dia,Crescente,Céu Claro,Dupla,Reta;Ponte                    ,Sim,2,0,0,0,1,1,0,2,"-8,08493106","-34,9450639",SPRF-PE,DEL01-PE,UOP01-DEL01-PE
541332,2023-08-09,quarta-feira,18:00:00,PE,232,95,BEZERROS,Demais falhas mecânicas ou elétricas,Incêndio,Sem Vítimas,Plena Noite,Decrescente,Céu Claro,Dupla,Reta,Não,1,0,0,0,1,0,0,1,"-8,230993","-35,707967",SPRF-PE,DEL02-PE,UOP02-DEL02PE
541524,2023-08-11,sexta-feira,03:30:00,PE,101,44,IGARASSU,Afundamento ou ondulação no pavimento,Tombamento,Com Vítimas Feridas,Plena Noite,Decrescente,Chuva,Dupla,Declive;Reta                  ,Sim,1,0,1,0,0,0,1,1,"-7,85637001","-34,90842109",SPRF-PE,DEL01-PE,UOP02-DEL01-PE
541575,2023-08-11,sexta-feira,08:30:00,PE,423,39,CACHOEIRINHA,Condutor deixou de manter distância do veículo da frente,Engavetamento,Com Vítimas Feridas,Pleno dia,Crescente,Céu Claro,Simples,Reta,Não,4,0,0,1,3,0,1,4,"-8,48957335","-36,23249049",SPRF-PE,DEL03-PE,UOP02-DEL03-PE
541652,2023-08-11,sexta-feira,17:00:00,PE,232,"140,9",SAO CAITANO,Manobra de mudança de faixa,Colisão lateral mesmo sentido,Com Vítimas Feridas,Pleno dia,Crescente,Nublado,Dupla,Reta,Não,2,0,0,1,0,1,1,2,"-8,32046632","-36,07694496",SPRF-PE,DEL03-PE,UOP02-DEL03-PE
541795,2023-08-12,sábado,06:29:00,PE,101,80,JABOATAO DOS GUARARAPES,Condutor deixou de manter distância do veículo da frente,Colisão traseira,Com Vítimas Feridas,Pleno dia,Crescente,Céu Claro,Dupla,Reta,Sim,3,0,1,0,2,0,1,3,"-8,15112589","-34,9428866",SPRF-PE,DEL01-PE,UOP01-DEL01-PE
541810,2023-07-19,quarta-feira,15:20:00,PE,232,62,POMBOS,Reação tardia ou ineficiente do condutor,Tombamento,Sem Vítimas,Pleno dia,Decrescente,Céu Claro,Dupla,Curva;Declive                 ,Não,2,0,0,0,1,1,0,2,"-8,15598579","-35,42308007",SPRF-PE,DEL02-PE,UOP02-DEL02PE
541906,2023-08-12,sábado,16:10:00,PE,232,"343,7",CUSTODIA,Transitar na contramão,Tombamento,Com Vítimas Fatais,Pleno dia,Crescente,Céu Claro,Simples,Reta,Não,2,1,0,0,1,0,0,2,"-8,08787091","-37,704512",SPRF-PE,DEL04-PE,UOP02-DEL04-PE
541939,2023-08-12,sábado,19:45:00,PE,101,3,JABOATAO DOS GUARARAPES,Demais falhas na via,Colisão lateral mesmo sentido,Com Vítimas Feridas,Plena Noite,Crescente,Céu Claro,Simples,Reta,Sim,2,0,0,1,0,1,1,2,"-8,19862614","-34,95879038",SPRF-PE,DEL01-PE,UOP02-DEL01-PE
542290,2023-08-14,segunda-feira,01:00:00,PE,408,58,TRACUNHAEM,Velocidade Incompatível,Capotamento,Com Vítimas Feridas,Amanhecer,Crescente,Nublado,Simples,Reta,Sim,1,0,1,0,0,0,1,1,"-7,796847","-35,244858",SPRF-PE,DEL01-PE,UOP01-DEL01-PE
542295,2023-08-14,segunda-feira,09:35:00,PE,101,"71,2",RECIFE,Demais falhas na via,Tombamento,Com Vítimas Feridas,Pleno dia,Decrescente,Nublado,Dupla,Reta,Sim,1,0,1,0,0,0,1,1,"-8,079037","-34,942952",SPRF-PE,DEL01-PE,UOP01-DEL01-PE
542486,2023-06-20,terça-feira,20:00:00,PE,423,76,JUCATI,Transitar na contramão,Colisão frontal,Com Vítimas Feridas,Plena Noite,Crescente,Nublado,Simples,Curva;Declive                 ,Não,2,0,1,0,1,0,1,2,"-8,73183901","-36,43146015",SPRF-PE,DEL03-PE,UOP01-DEL03-PE
542491,2023-08-15,terça-feira,09:00:00,PE,101,67,RECIFE,Ausência de reação do condutor,Colisão traseira,Com Vítimas Feridas,Pleno dia,Crescente,Céu Claro,Dupla,Reta,Não,4,0,1,0,3,0,1,4,"-8,042334","-34,943096",SPRF-PE,DEL01-PE,UOP01-DEL01-PE
542566,2023-08-15,terça-feira,19:01:00,PE,428,152,PETROLINA,Ausência de reação do condutor,Colisão lateral mesmo sentido,Sem Vítimas,Plena Noite,Crescente,Céu Claro,Simples,Reta,Não,5,0,0,0,5,0,0,2,"-9,0854229","-40,32046116",SPRF-PE,DEL06-PE,UOP01-DEL06-PE
542570,2023-08-15,terça-feira,18:02:00,PE,101,"197,5",XEXEU,Entrada inopinada do pedestre,Atropelamento de Pedestre,Com Vítimas Fatais,Plena Noite,Decrescente,Chuva,Dupla,Declive;Reta                  ,Não,2,1,0,0,0,1,0,2,"-8,75523097","-35,60154384",SPRF-PE,DEL01-PE,UOP03-DEL01-PE
542589,2023-08-15,terça-feira,20:50:00,PE,101,"47,9",IGARASSU,Acessar a via sem observar a presença dos outros veículos,Colisão lateral mesmo sentido,Com Vítimas Feridas,Plena Noite,Decrescente,Céu Claro,Dupla,Curva,Sim,2,0,0,1,1,0,1,2,"-7,88290701","-34,90461208",SPRF-PE,DEL01-PE,UOP02-DEL01-PE
542716,2023-08-16,quarta-feira,08:20:00,PE,408,35,ALIANCA,Carga excessiva e/ou mal acondicionada,Derramamento de carga,Sem Vítimas,Amanhecer,Crescente,Céu Claro,Simples,Aclive,Não,1,0,0,0,1,0,0,1,"-7,5940327","-35,24470263",SPRF-PE,DEL01-PE,UOP02-DEL01-PE
542793,2023-08-16,quarta-feira,22:40:00,PE,423,"18,3",SAO CAITANO,Reação tardia ou ineficiente do condutor,Colisão lateral mesmo sentido,Sem Vítimas,Plena Noite,Crescente,Chuva,Simples,Curva,Não,2,0,0,0,1,1,0,2,"-8,33033097","-36,14470299",SPRF-PE,DEL03-PE,UOP02-DEL03-PE
543063,2023-08-18,sexta-feira,14:10:00,PE,232,"33,6",MORENO,Reação tardia ou ineficiente do condutor,Colisão traseira,Com Vítimas Feridas,Pleno dia,Crescente,Nublado,Dupla,Reta,Sim,6,0,2,0,4,0,2,3,"-8,10659425","-35,18180609",SPRF-PE,DEL01-PE,UOP01-DEL01-PE
543072,2023-08-18,sexta-feira,12:00:00,PE,316,"90,3",OURICURI,Reação tardia ou ineficiente do condutor,Colisão traseira,Com Vítimas Feridas,Pleno dia,Decrescente,Céu Claro,Simples,Reta,Não,10,0,7,1,2,0,8,2,"-7,90337946","-40,02982219",SPRF-PE,DEL05-PE,UOP02-DEL05-PE