id,data_inversa,dia_semana,horario,uf,br,km,municipio,causa_acidente,tipo_acidente,classificacao_acidente,fase_dia,sentido_via,condicao_metereologica,tipo_pista,tracado_via,uso_solo,pessoas,mortos,feridos_leves,feridos_graves,ilesos,ignorados,feridos,veiculos,latitude,longitude,regional,delegacia,uop
543096,2023-08-18,sexta-feira,14:00:00,PE,104,8,TAQUARITINGA DO NORTE,Chuva,Saída de leito carroçável,Com Vítimas Feridas,Pleno dia,Crescente,Garoa/Chuvisco,Simples,Reta,Não,1,0,1,0,0,0,1,1,"-7,854047","-36,102032",SPRF-PE,DEL02-PE,UOP01-DEL02-PE
543155,2023-08-18,sexta-feira,19:30:00,PE,104,"59,2",CARUARU,Acessar a via sem observar a presença dos outros veículos,Colisão traseira,Com Vítimas Feridas,Plena Noite,Crescente,Nublado,Dupla,Curva,Sim,2,0,1,0,1,0,1,2,"-8,22889422","-35,97878695",SPRF-PE,DEL02-PE,UOP01-DEL02-PE
543221,2023-08-18,sexta-feira,16:40:00,PE,423,27,SAO CAITANO,Ultrapassagem Indevida,Colisão frontal,Com Vítimas Fatais,Anoitecer,Crescente,Garoa/Chuvisco,Simples,Reta,Não,3,1,1,1,0,0,2,2,"-8,39548998","-36,18077804",SPRF-PE,DEL03-PE,UOP02-DEL03-PE
543246,2023-08-19,sábado,07:20:00,PE,424,"91,9",GARANHUNS,Ingestão de álcool pelo condutor,Colisão lateral mesmo sentido,Com Vítimas Feridas,Pleno dia,Decrescente,Nublado,Simples,Reta,Sim,2,0,0,1,1,0,1,2,"-8,90408773","-36,49978995",SPRF-PE,DEL03-PE,UOP01-DEL03-PE
543362,2023-08-19,sábado,17:00:00,PE,104,120,PANELAS,Velocidade Incompatível,Saída de leito carroçável,Com Vítimas Feridas,Anoitecer,Decrescente,Ignorado,Simples,Reta,Não,1,0,1,0,0,0,1,1,"-8,699489","-36,022697",SPRF-PE,DEL02-PE,UOP03-DEL02-PE
543415,2023-08-20,domingo,02:30:00,PE,232,10,JABOATAO DOS GUARARAPES,Ausência de reação do condutor,Colisão traseira,Com Vítimas Fatais,Plena Noite,Crescente,Chuva,Múltipla,Reta,Não,2,1,0,0,1,0,0,2,"-8,07917241","-34,98718609",SPRF-PE,DEL01-PE,UOP01-DEL01-PE
543521,2023-08-20,domingo,14:28:00,PE,232,"341,4",CUSTODIA,Demais falhas mecânicas ou elétricas,Colisão lateral mesmo sentido,Com Vítimas Feridas,Pleno dia,Crescente,Céu Claro,Simples,Reta,Não,2,0,1,0,1,0,1,2,"-8,08787091","-37,704512",SPRF-PE,DEL04-PE,UOP02-DEL04-PE
543793,2023-08-22,terça-feira,00:10:00,PE,116,73,CABROBO,Transitar na contramão,Colisão lateral sentido oposto,Com Vítimas Feridas,Plena Noite,Crescente,Céu Claro,Simples,Curva;Declive                 ,Não,2,0,0,1,1,0,1,2,"-8,465946","-39,197342",SPRF-PE,DEL05-PE,UOP03-DEL05-PE
544344,2023-08-24,quinta-feira,22:25:00,PE,101,77,RECIFE,Acessar a via sem observar a presença dos outros veículos,Atropelamento de Pedestre,Com Vítimas Fatais,Plena Noite,Crescente,Céu Claro,Dupla,Reta,Sim,2,1,0,0,0,1,0,2,"-8,132903","-34,946759",SPRF-PE,DEL01-PE,UOP01-DEL01-PE
544353,2023-08-24,quinta-feira,18:15:00,PE,316,"64,9",TRINDADE,Reação tardia ou ineficiente do condutor,Colisão traseira,Com Vítimas Feridas,Anoitecer,Crescente,Céu Claro,Simples,Reta;Aclive                   ,Não,2,0,1,0,0,1,1,2,"-7,78543662","-40,22695512",SPRF-PE,DEL05-PE,UOP02-DEL05-PE
544357,2023-08-24,quinta-feira,20:20:00,PE,232,334,CUSTODIA,Reação tardia ou ineficiente do condutor,Colisão frontal,Com Vítimas Feridas,Plena Noite,Crescente,Céu Claro,Simples,Reta,Sim,3,0,1,0,2,0,1,2,"-8,08748731","-37,6361501",SPRF-PE,DEL04-PE,UOP02-DEL04-PE
544390,2023-08-24,quinta-feira,18:55:00,PE,428,4,CABROBO,Transitar na contramão,Colisão frontal,Com Vítimas Fatais,Plena Noite,Crescente,Céu Claro,Simples,Reta,Não,5,2,1,1,1,0,2,2,"-8,53181343","-39,25892123",SPRF-PE,DEL05-PE,UOP03-DEL05-PE
544395,2023-08-25,sexta-feira,07:05:00,PE,101,"51,9",PAULISTA,Reação tardia ou ineficiente do condutor,Saída de leito carroçável,Com Vítimas Feridas,Pleno dia,Decrescente,Céu Claro,Dupla,Curva,Sim,1,0,1,0,0,0,1,1,"-7,9169968","-34,89689272",SPRF-PE,DEL01-PE,UOP02-DEL01-PE
544472,2023-08-25,sexta-feira,16:00:00,PE,101,78,JABOATAO DOS GUARARAPES,Acessar a via sem observar a presença dos outros veículos,Colisão lateral mesmo sentido,Com Vítimas Feridas,Pleno dia,Crescente,Céu Claro,Dupla,Aclive;Reta                   ,Sim,2,0,1,0,1,0,1,2,"-8,13763","-34,947539",SPRF-PE,DEL01-PE,UOP01-DEL01-PE
544586,2023-08-26,sábado,01:00:00,PE,232,"318,2",SERTANIA,Reação tardia ou ineficiente do condutor,Colisão lateral sentido oposto,Com Vítimas Feridas,Plena Noite,Crescente,Céu Claro,Simples,Reta,Não,3,0,0,2,1,0,2,2,"-8,12760745","-37,52513618",SPRF-PE,DEL04-PE,UOP02-DEL04-PE
544981,2023-08-27,domingo,11:30:00,PE,428,35,OROCO,Demais falhas mecânicas ou elétricas,Capotamento,Com Vítimas Feridas,Pleno dia,Crescente,Céu Claro,Simples,Reta,Não,2,0,1,1,0,0,2,1,"-8,53655813","-39,51949393",SPRF-PE,DEL05-PE,UOP03-DEL05-PE
545076,2023-08-28,segunda-feira,06:30:00,PE,101,"112,1",IPOJUCA,Velocidade Incompatível,Colisão com objeto,Com Vítimas Feridas,Pleno dia,Decrescente,Céu Claro,Dupla,Curva,Não,1,0,0,1,0,0,1,1,"-8,327907","-35,1212",SPRF-PE,DEL01-PE,UOP03-DEL01-PE
545317,2023-08-29,terça-feira,15:40:00,PE,101,71,RECIFE,Manobra de mudança de faixa,Colisão transversal,Com Vítimas Feridas,Pleno dia,Crescente,Céu Claro,Dupla,Reta,Sim,2,0,0,1,1,0,1,2,"-8,07695","-34,935414",SPRF-PE,DEL01-PE,UOP01-DEL01-PE
545327,2023-08-29,terça-feira,16:20:00,PE,104,65,CARUARU,Velocidade Incompatível,Colisão traseira,Com Vítimas Feridas,Pleno dia,Decrescente,Céu Claro,Dupla,Em Obras;Aclive;Reta          ,Sim,2,0,1,0,1,0,1,2,"-8,2867","-35,9838",SPRF-PE,DEL02-PE,UOP01-DEL02-PE
545378,2023-08-29,terça-feira,22:50:00,PE,101,70,RECIFE,Reação tardia ou ineficiente do condutor,Colisão traseira,Sem Vítimas,Plena Noite,Crescente,Céu Claro,Múltipla,Reta,Sim,3,0,0,0,3,0,0,3,"-8,06776119","-34,94265074",SPRF-PE,DEL01-PE,UOP01-DEL01-PE
545460,2023-08-30,quarta-feira,07:50:00,PE,232,"87,2",GRAVATA,Condutor deixou de manter distância do veículo da frente,Colisão traseira,Com Vítimas Feridas,Pleno dia,Crescente,Céu Claro,Dupla,Reta;Declive                  ,Não,2,0,1,0,0,1,1,2,"-8,214602","-35,633242",SPRF-PE,DEL02-PE,UOP02-DEL02PE
545642,2023-08-31,quinta-feira,12:00:00,PE,101,46,IGARASSU,Afundamento ou ondulação no pavimento,Colisão lateral mesmo sentido,Sem Vítimas,Pleno dia,Crescente,Céu Claro,Múltipla,Reta,Sim,2,0,0,0,1,1,0,2,"-7,87406004","-34,90588126",SPRF-PE,DEL01-PE,UOP02-DEL01-PE
545754,2023-09-01,sexta-feira,02:30:00,PE,101,"68,7",RECIFE,Manobra de mudança de faixa,Colisão lateral mesmo sentido,Com Vítimas Feridas,Plena Noite,Crescente,Céu Claro,Dupla,Reta,Sim,2,0,1,0,0,1,1,2,"-8,05951606","-34,94581024",SPRF-PE,DEL01-PE,UOP01-DEL01-PE
545766,2023-09-01,sexta-feira,05:40:00,PE,101,"61,5",RECIFE,Reação tardia ou ineficiente do condutor,Colisão traseira,Com Vítimas Feridas,Pleno dia,Crescente,Sol,Dupla,Reta,Sim,2,0,1,0,1,0,1,2,"-7,99097103","-34,93598295",SPRF-PE,DEL01-PE,UOP02-DEL01-PE
545918,2023-09-01,sexta-feira,19:04:00,PE,101,46,IGARASSU,Reação tardia ou ineficiente do condutor,Colisão lateral mesmo sentido,Com Vítimas Feridas,Plena Noite,Decrescente,Céu Claro,Múltipla,Reta,Sim,3,0,1,0,2,0,1,3,"-7,87406004","-34,90588126",SPRF-PE,DEL01-PE,UOP02-DEL01-PE
546007,2023-09-02,sábado,03:15:00,PE,101,186,PALMARES,Condutor Dormindo,Tombamento,Com Vítimas Feridas,Plena Noite,Crescente,Céu Claro,Múltipla,Reta,Sim,1,0,1,0,0,0,1,1,"-8,68263674","-35,57938824",SPRF-PE,DEL01-PE,UOP03-DEL01-PE
546174,2023-09-02,sábado,18:45:00,PE,232,"410,4",SERRA TALHADA,Ultrapassagem Indevida,Colisão lateral mesmo sentido,Com Vítimas Feridas,Plena Noite,Crescente,Céu Claro,Simples,Reta,Sim,3,0,0,1,2,0,1,3,"-7,98261841","-38,30039606",SPRF-PE,DEL04-PE,UOP01-DEL04-PE
546210,2023-09-02,sábado,22:55:00,PE,316,59,TRINDADE,Condutor deixou de manter distância do veículo da frente,Colisão traseira,Com Vítimas Feridas,Plena Noite,Decrescente,Céu Claro,Simples,Reta,Sim,2,0,0,1,1,0,1,2,"-7,76160912","-40,26138334",SPRF-PE,DEL05-PE,UOP02-DEL05-PE
546551,2023-09-04,segunda-feira,10:00:00,PE,104,"74,9",CARUARU,Velocidade Incompatível,Colisão lateral sentido oposto,Com Vítimas Fatais,Pleno dia,Crescente,Chuva,Simples,Reta,Não,5,2,1,0,2,0,1,3,"-8,3596","-35,985822",SPRF-PE,DEL02-PE,UOP01-DEL02-PE
546606,2023-09-04,segunda-feira,17:40:00,PE,101,80,JABOATAO DOS GUARARAPES,Trafegar com motocicleta (ou similar) entre as faixas,Colisão lateral mesmo sentido,Com Vítimas Feridas,Plena Noite,Decrescente,Céu Claro,Dupla,Reta,Não,3,0,0,2,1,0,2,2,"-8,15112589","-34,9428866",SPRF-PE,DEL01-PE,UOP01-DEL01-PE
546691,2023-09-05,terça-feira,08:45:00,PE,101,71,RECIFE,Trafegar com motocicleta (ou similar) entre as faixas,Colisão lateral mesmo sentido,Com Vítimas Feridas,Pleno dia,Decrescente,Céu Claro,Dupla,Reta,Sim,4,0,2,1,1,0,3,3,"-8,07663102","-34,94277871",SPRF-PE,DEL01-PE,UOP01-DEL01-PE
546936,2023-09-06,quarta-feira,14:28:00,PE,408,96,SAO LOURENCO DA MATA,Ausência de reação do condutor,Colisão traseira,Com Vítimas Feridas,Pleno dia,Crescente,Céu Claro,Dupla,Aclive,Não,3,0,1,0,2,0,1,3,"-8,02062","-35,041045",SPRF-PE,DEL01-PE,UOP01-DEL01-PE
547140,2023-09-07,quinta-feira,08:45:00,PE,101,46,IGARASSU,Entrada inopinada do pedestre,Atropelamento de Pedestre,Com Vítimas Feridas,Pleno dia,Decrescente,Nublado,Dupla,Reta,Sim,2,0,0,1,1,0,1,2,"-7,87406004","-34,90588126",SPRF-PE,DEL01-PE,UOP02-DEL01-PE
547224,2023-09-07,quinta-feira,17:20:00,PE,101,"51,4",PAULISTA,Condutor deixou de manter distância do veículo da frente,Colisão traseira,Com Vítimas Feridas,Plena Noite,Crescente,Céu Claro,Dupla,Curva,Sim,3,0,0,1,2,0,1,2,"-7,9169968","-34,89689272",SPRF-PE,DEL01-PE,UOP02-DEL01-PE
547292,2023-09-07,quinta-feira,22:10:00,PE,316,87,OURICURI,Ingestão de álcool pelo condutor,Colisão transversal,Com Vítimas Feridas,Plena Noite,Decrescente,Céu Claro,Simples,Reta,Não,2,0,0,1,0,1,1,2,"-7,89302781","-40,05470593",SPRF-PE,DEL05-PE,UOP02-DEL05-PE
547350,2023-09-08,sexta-feira,09:00:00,PE,101,"77,8",RECIFE,Trafegar com motocicleta (ou similar) entre as faixas,Colisão lateral mesmo sentido,Com Vítimas Feridas,Pleno dia,Crescente,Céu Claro,Dupla,Reta,Sim,2,0,1,0,0,1,1,2,"-8,126982","-34,94386",SPRF-PE,DEL01-PE,UOP01-DEL01-PE
547418,2023-09-08,sexta-feira,14:00:00,PE,110,231,PETROLANDIA,Acessar a via sem observar a presença dos outros veículos,Colisão lateral mesmo sentido,Com Vítimas Feridas,Pleno dia,Crescente,Céu Claro,Simples,Reta,Não,3,0,3,0,0,0,3,2,"-9,07159281","-38,28401717",SPRF-BA,DEL07-BA,UOP01-DEL07-BA
547453,2023-09-08,sexta-feira,13:30:00,PE,104,"15,7",TAQUARITINGA DO NORTE,Ausência de reação do condutor,Saída de leito carroçável,Com Vítimas Feridas,Pleno dia,Decrescente,Céu Claro,Simples,Curva,Não,1,0,1,0,0,0,1,1,"-7,914735","-36,116093",SPRF-PE,DEL02-PE,UOP01-DEL02-PE
547535,2023-09-08,sexta-feira,22:16:00,PE,316,302,FLORESTA,Conversão proibida,Colisão traseira,Com Vítimas Feridas,Plena Noite,Crescente,Céu Claro,Simples,Reta;Retorno Regulamentado    ,Não,3,0,2,0,1,0,2,2,"-8,60666402","-38,587711",SPRF-PE,DEL04-PE,UOP03-DEL04-PE
547780,2023-09-10,domingo,08:50:00,PE,101,66,RECIFE,Entrada inopinada do pedestre,Atropelamento de Pedestre,Com Vítimas Fatais,Pleno dia,Decrescente,Céu Claro,Dupla,Reta,Sim,2,1,0,0,1,0,0,2,"-8,03368534","-34,94184125",SPRF-PE,DEL01-PE,UOP01-DEL01-PE
547804,2023-09-10,domingo,11:15:00,PE,428,"49,2",OROCO,Reação tardia ou ineficiente do condutor,Colisão traseira,Sem Vítimas,Pleno dia,Crescente,Sol,Simples,Curva,Não,4,0,0,0,4,0,0,2,"-8,62100363","-39,61060419",SPRF-PE,DEL06-PE,UOP03-DEL06-PE
547963,2023-09-11,segunda-feira,05:50:00,PE,101,51,ABREU E LIMA,Condutor deixou de manter distância do veículo da frente,Queda de ocupante de veículo,Com Vítimas Feridas,Pleno dia,Crescente,Céu Claro,Dupla,Reta,Não,6,0,2,0,4,0,2,3,"-7,9169968","-34,89689272",SPRF-PE,DEL01-PE,UOP02-DEL01-PE
548115,2023-09-11,segunda-feira,17:18:00,PE,424,94,GARANHUNS,Ingestão de álcool pelo condutor,Colisão transversal,Sem Vítimas,Plena Noite,Crescente,Chuva,Simples,Curva,Não,2,0,0,0,1,1,0,2,"-8,91590392","-36,48883344",SPRF-PE,DEL03-PE,UOP01-DEL03-PE
548153,2023-09-12,terça-feira,03:40:00,PE,101,33,ITAPISSUMA,Condutor deixou de manter distância do veículo da frente,Colisão traseira,Com Vítimas Feridas,Amanhecer,Decrescente,Céu Claro,Dupla,Reta,Sim,2,0,1,0,1,0,1,2,"-7,77092801","-34,93524623",SPRF-PE,DEL01-PE,UOP02-DEL01-PE
548157,2023-09-12,terça-feira,06:15:00,PE,232,146,SAO CAITANO,Acessar a via sem observar a presença dos outros veículos,Colisão traseira,Sem Vítimas,Pleno dia,Decrescente,Céu Claro,Dupla,Reta,Sim,3,0,0,0,2,1,0,3,"-8,33218974","-36,12904312",SPRF-PE,DEL03-PE,UOP02-DEL03-PE
548218,2023-09-12,terça-feira,10:20:00,PE,408,73,PAUDALHO,Entrada inopinada do pedestre,Queda de ocupante de veículo,Com Vítimas Feridas,Pleno dia,Decrescente,Nublado,Dupla,Reta,Sim,2,0,0,1,1,0,1,2,"-7,89069683","-35,17793383",SPRF-PE,DEL01-PE,UOP01-DEL01-PE
548250,2023-09-12,terça-feira,01:00:00,PE,101,"92,5",CABO DE SANTO AGOSTINHO,Entrada inopinada do pedestre,Atropelamento de Pedestre,Com Vítimas Fatais,Plena Noite,Crescente,Chuva,Dupla,Reta,Sim,2,1,0,0,0,1,0,2,"-8,23201792","-34,99778611",SPRF-PE,DEL01-PE,UOP01-DEL01-PE
548321,2023-09-12,terça-feira,23:30:00,PE,101,147,RIBEIRAO,Velocidade Incompatível,Tombamento,Com Vítimas Feridas,Plena Noite,Decrescente,Nublado,Dupla,Declive,Sim,1,0,1,0,0,0,1,1,"-8,47458903","-35,37134167",SPRF-PE,DEL01-PE,UOP03-DEL01-PE
548328,2023-09-13,quarta-feira,02:00:00,PE,232,129,CARUARU,Velocidade Incompatível,Saída de leito carroçável,Com Vítimas Feridas,Plena Noite,Crescente,Chuva,Dupla,Reta,Sim,1,0,1,0,0,0,1,1,"-8,30193507","-35,98092002",SPRF-PE,DEL02-PE,UOP01-DEL02-PE
548372,2023-09-13,quarta-feira,09:15:00,PE,101,73,RECIFE,Reação tardia ou ineficiente do condutor,Colisão transversal,Com Vítimas Feridas,Pleno dia,Decrescente,Chuva,Dupla,Curva;Retorno Regulamentado   ,Sim,3,0,2,0,1,0,2,2,"-8,093369","-34,947464",SPRF-PE,DEL01-PE,UOP01-DEL01-PE
548373,2023-09-13,quarta-feira,08:10:00,PE,424,"85,9",GARANHUNS,Condutor deixou de manter distância do veículo da frente,Colisão traseira,Com Vítimas Feridas,Pleno dia,Crescente,Céu Claro,Simples,Aclive;Reta                   ,Sim,3,0,1,1,1,0,2,2,"-8,85702308","-36,51218326",SPRF-PE,DEL03-PE,UOP01-DEL03-PE
548403,2023-09-13,quarta-feira,10:09:00,PE,232,9,JABOATAO DOS GUARARAPES,Reação tardia ou ineficiente do condutor,Saída de leito carroçável,Sem Vítimas,Pleno dia,Crescente,Nublado,Dupla,Reta,Sim,1,0,0,0,1,0,0,1,"-8,07764447","-34,97863609",SPRF-PE,DEL01-PE,UOP01-DEL01-PE
548458,2023-09-13,quarta-feira,18:00:00,PE,316,49,ARARIPINA,Reação tardia ou ineficiente do condutor,Colisão traseira,Com Vítimas Fatais,Plena Noite,Decrescente,Céu Claro,Simples,Reta,Não,3,1,1,0,1,0,1,2,"-7,71202586","-40,32958089",SPRF-PE,DEL05-PE,UOP02-DEL05-PE
548641,2023-09-14,quinta-feira,17:27:00,PE,101,"63,3",RECIFE,Reação tardia ou ineficiente do condutor,Tombamento,Com Vítimas Fatais,Anoitecer,Crescente,Céu Claro,Múltipla,Reta,Sim,4,1,1,0,1,1,1,3,"-8,00800604","-34,93756535",SPRF-PE,DEL01-PE,UOP01-DEL01-PE
548643,2023-09-14,quinta-feira,17:00:00,PE,101,"82,9",JABOATAO DOS GUARARAPES,Reação tardia ou ineficiente do condutor,Colisão lateral mesmo sentido,Sem Vítimas,Anoitecer,Decrescente,Céu Claro,Dupla,Interseção de Vias,Sim,2,0,0,0,2,0,0,2,"-8,168383","-34,9376",SPRF-PE,DEL01-PE,UOP01-DEL01-PE
548706,2023-09-14,quinta-feira,22:40:00,PE,101,11,GOIANA,Ingestão de álcool pelo condutor,Colisão traseira,Com Vítimas Feridas,Plena Noite,Crescente,Nublado,Dupla,Reta,Não,2,0,1,0,1,0,1,2,"-7,59514001","-34,98460002",SPRF-PE,DEL01-PE,UOP02-DEL01-PE
548792,2023-09-15,sexta-feira,13:00:00,PE,232,65,GRAVATA,Problema com o freio,Saída de leito carroçável,Com Vítimas Feridas,Pleno dia,Decrescente,Céu Claro,Dupla,Curva;Declive                 ,Não,1,0,1,0,0,0,1,1,"-8,17043577","-35,45266628",SPRF-PE,DEL02-PE,UOP02-DEL02PE
548800,2023-09-15,sexta-feira,13:15:00,PE,101,"77,3",RECIFE,Ausência de reação do condutor,Colisão lateral mesmo sentido,Sem Vítimas,Pleno dia,Crescente,Céu Claro,Dupla,Curva,Sim,4,0,0,0,4,0,0,2,"-8,129644","-34,944259",SPRF-PE,DEL01-PE,UOP01-DEL01-PE
548816,2023-09-15,sexta-feira,14:50:00,PE,232,138,CARUARU,Acessar a via sem observar a presença dos outros veículos,Saída de leito carroçável,Sem Vítimas,Pleno dia,Crescente,Céu Claro,Dupla,Aclive;Retorno Regulamentado  ,Não,2,0,0,0,1,1,0,2,"-8,31829493","-36,05907802",SPRF-PE,DEL02-PE,UOP01-DEL02-PE
549073,2023-09-16,sábado,17:50:00,PE,101,35,IGARASSU,Ausência de reação do condutor,Colisão traseira,Com Vítimas Feridas,Plena Noite,Crescente,Céu Claro,Dupla,Reta,Não,6,0,0,2,4,0,2,2,"-7,77952193","-34,93231384",SPRF-PE,DEL01-PE,UOP02-DEL01-PE
549137,2023-09-16,sábado,23:00:00,PE,423,76,JUCATI,Transitar na contramão,Colisão frontal,Com Vítimas Feridas,Plena Noite,Crescente,Céu Claro,Simples,Aclive;Reta                   ,Não,2,0,0,1,1,0,1,2,"-8,73183901","-36,43146015",SPRF-PE,DEL03-PE,UOP01-DEL03-PE
549213,2023-09-16,sábado,22:30:00,PE,101,19,GOIANA,Ingestão de álcool pelo condutor,Saída de leito carroçável,Sem Vítimas,Plena Noite,Decrescente,Nublado,Dupla,Curva,Não,1,0,0,0,1,0,0,1,"-7,6609591","-34,9369081",SPRF-PE,DEL01-PE,UOP02-DEL01-PE
549230,2023-09-17,domingo,13:10:00,PE,101,"84,8",JABOATAO DOS GUARARAPES,Entrada inopinada do pedestre,Atropelamento de Pedestre,Com Vítimas Feridas,Pleno dia,Crescente,Céu Claro,Dupla,Ponte,Não,2,0,1,0,1,0,1,2,"-8,18065563","-34,95965322",SPRF-PE,DEL01-PE,UOP01-DEL01-PE
549381,2023-09-18,segunda-feira,01:20:00,PE,423,63,LAJEDO,Transitar na contramão,Colisão frontal,Com Vítimas Feridas,Plena Noite,Decrescente,Garoa/Chuvisco,Simples,Aclive;Reta                   ,Não,2,0,0,1,1,0,1,2,"-8,66219547","-36,34708912",SPRF-PE,DEL03-PE,UOP01-DEL03-PE
549382,2023-09-18,segunda-feira,00:20:00,PE,423,"38,1",CACHOEIRINHA,Reação tardia ou ineficiente do condutor,Saída de leito carroçável,Com Vítimas Feridas,Plena Noite,Decrescente,Chuva,Simples,Reta,Sim,1,0,0,1,0,0,1,1,"-8,48361315","-36,22574878",SPRF-PE,DEL03-PE,UOP02-DEL03-PE
549394,2023-09-18,segunda-feira,04:00:00,PE,232,340,CUSTODIA,Condutor Dormindo,Tombamento,Com Vítimas Feridas,Plena Noite,Crescente,Ignorado,Simples,Reta;Aclive                   ,Não,2,0,0,1,1,0,1,1,"-8,08583603","-37,69469399",SPRF-PE,DEL04-PE,UOP02-DEL04-PE
549576,2023-09-18,segunda-feira,20:57:00,PE,101,"40,4",IGARASSU,Estacionar ou parar em local proibido,Colisão traseira,Com Vítimas Feridas,Plena Noite,Crescente,Chuva,Dupla,Reta,Sim,3,0,0,2,1,0,2,2,"-7,823918","-34,9159",SPRF-PE,DEL01-PE,UOP02-DEL01-PE
549798,2023-09-20,quarta-feira,06:00:00,PE,104,16,TAQUARITINGA DO NORTE,Pista Escorregadia,Colisão com objeto,Com Vítimas Feridas,Amanhecer,Crescente,Garoa/Chuvisco,Simples,Reta,Não,1,0,1,0,0,0,1,1,"-7,923709","-36,116184",SPRF-PE,DEL02-PE,UOP01-DEL02-PE
550158,2023-09-21,quinta-feira,21:00:00,PE,101,30,ITAPISSUMA,Condutor deixou de manter distância do veículo da frente,Colisão traseira,Com Vítimas Feridas,Plena Noite,Decrescente,Ignorado,Dupla,Aclive,Não,2,0,1,0,1,0,1,2,"-7,73816195","-34,94265811",SPRF-PE,DEL01-PE,UOP02-DEL01-PE
550428,2023-09-23,sábado,15:05:00,PE,104,"135,9",QUIPAPA,Condutor Dormindo,Capotamento,Com Vítimas Feridas,Pleno dia,Decrescente,Sol,Simples,Curva;Ponte;Declive           ,Não,1,0,0,1,0,0,1,1,"-8,809525","-36,012314",SPRF-PE,DEL02-PE,UOP03-DEL02-PE
550560,2023-09-24,domingo,02:13:00,PE,407,117,PETROLINA,Ingestão de álcool pelo condutor,Colisão traseira,Sem Vítimas,Plena Noite,Decrescente,Céu Claro,Simples,Reta,Não,2,0,0,0,2,0,0,2,"-9,32344425","-40,56824505",SPRF-PE,DEL06-PE,UOP01-DEL06-PE
550749,2023-09-24,domingo,21:35:00,PE,232,206,PESQUEIRA,Ingestão de álcool pelo condutor,Colisão frontal,Com Vítimas Feridas,Plena Noite,Decrescente,Céu Claro,Dupla,Reta,Não,5,0,1,3,1,0,4,2,"-8,37056848","-36,66177606",SPRF-PE,DEL03-PE,UOP02-DEL03-PE
550780,2023-09-25,segunda-feira,02:00:00,PE,232,"133,5",CARUARU,Reação tardia ou ineficiente do condutor,Colisão traseira,Com Vítimas Feridas,Plena Noite,Crescente,Céu Claro,Dupla,Reta,Sim,2,0,1,0,0,1,1,2,"-8,30853497","-36,02442101",SPRF-PE,DEL02-PE,UOP01-DEL02-PE
550981,2023-09-25,segunda-feira,23:50:00,PE,232,"8,4",RECIFE,Deficiência do Sistema de Iluminação/Sinalização,Colisão traseira,Com Vítimas Feridas,Plena Noite,Crescente,Céu Claro,Múltipla,Reta,Sim,3,0,0,1,2,0,1,2,"-8,07583727","-34,97015791",SPRF-PE,DEL01-PE,UOP01-DEL01-PE
551055,2023-09-26,terça-feira,10:08:00,PE,101,70,RECIFE,Reação tardia ou ineficiente do condutor,Colisão traseira,Com Vítimas Feridas,Pleno dia,Decrescente,Céu Claro,Dupla,Reta,Sim,3,0,2,0,1,0,2,2,"-8,070136","-34,942389",SPRF-PE,DEL01-PE,UOP01-DEL01-PE
551082,2023-09-26,terça-feira,12:10:00,PE,101,101,CABO DE SANTO AGOSTINHO,Condutor Dormindo,Tombamento,Com Vítimas Feridas,Pleno dia,Decrescente,Céu Claro,Dupla,Reta,Não,2,0,1,0,1,0,1,1,"-8,2757433","-35,05378122",SPRF-PE,DEL01-PE,UOP03-DEL01-PE
551164,2023-09-26,terça-feira,19:01:00,PE,316,"4,8",ARARIPINA,Acessar a via sem observar a presença dos outros veículos,Colisão transversal,Com Vítimas Feridas,Plena Noite,Crescente,Céu Claro,Simples,Reta,Não,2,0,0,1,1,0,1,2,"-7,46125825","-40,62917726",SPRF-PE,DEL05-PE,UOP02-DEL05-PE
551203,2023-09-27,quarta-feira,06:00:00,PE,423,85,SAO JOAO,Acesso irregular,Colisão transversal,Sem Vítimas,Amanhecer,Decrescente,Céu Claro,Simples,Reta,Não,2,0,0,0,2,0,0,2,"-8,811144","-36,443924",SPRF-PE,DEL03-PE,UOP01-DEL03-PE
551401,2023-09-28,quinta-feira,02:20:00,PE,232,"120,7",CARUARU,Condutor Dormindo,Saída de leito carroçável,Com Vítimas Fatais,Plena Noite,Decrescente,Nublado,Dupla,Reta;Declive                  ,Não,1,1,0,0,0,0,0,1,"-8,29826697","-35,90192301",SPRF-PE,DEL02-PE,UOP01-DEL02-PE
551409,2023-09-28,quinta-feira,05:20:00,PE,232,120,CARUARU,Velocidade Incompatível,Saída de leito carroçável,Com Vítimas Feridas,Amanhecer,Decrescente,Céu Claro,Dupla,Declive;Reta                  ,Não,1,0,1,0,0,0,1,1,"-8,29826697","-35,90192301",SPRF-PE,DEL02-PE,UOP01-DEL02-PE