id,data_inversa,dia_semana,horario,uf,br,km,municipio,causa_acidente,tipo_acidente,classificacao_acidente,fase_dia,sentido_via,condicao_metereologica,tipo_pista,tracado_via,uso_solo,pessoas,mortos,feridos_leves,feridos_graves,ilesos,ignorados,feridos,veiculos,latitude,longitude,regional,delegacia,uop
551481,2023-09-28,quinta-feira,13:00:00,PE,232,409,SERRA TALHADA,Reação tardia ou ineficiente do condutor,Colisão lateral mesmo sentido,Sem Vítimas,Pleno dia,Crescente,Céu Claro,Simples,Interseção de Vias;Retorno Reg,Sim,2,0,0,0,2,0,0,2,"-7,981944","-38,289467",SPRF-PE,DEL04-PE,UOP01-DEL04-PE
551543,2023-09-28,quinta-feira,21:00:00,PE,232,80,GRAVATA,Ausência de reação do condutor,Colisão traseira,Com Vítimas Fatais,Plena Noite,Crescente,Céu Claro,Simples,Reta,Sim,2,1,0,0,1,0,0,2,"-8,19579864","-35,56962305",SPRF-PE,DEL02-PE,UOP02-DEL02PE
551564,2023-09-28,quinta-feira,22:00:00,PE,101,15,GOIANA,Ausência de reação do condutor,Colisão traseira,Com Vítimas Fatais,Plena Noite,Crescente,Céu Claro,Dupla,Reta,Não,2,1,0,0,1,0,0,2,"-7,62621106","-34,96669711",SPRF-PE,DEL01-PE,UOP02-DEL01-PE
551568,2023-09-29,sexta-feira,00:10:00,PE,232,508,SALGUEIRO,Acessar a via sem observar a presença dos outros veículos,Colisão lateral mesmo sentido,Sem Vítimas,Plena Noite,Crescente,Céu Claro,Simples,Interseção de Vias,Sim,2,0,0,0,2,0,0,2,"-8,06223271","-39,12095006",SPRF-PE,DEL05-PE,UOP01-DEL05-PE
551638,2023-09-29,sexta-feira,10:20:00,PE,101,"42,5",IGARASSU,Manobra de mudança de faixa,Colisão lateral mesmo sentido,Com Vítimas Feridas,Pleno dia,Crescente,Céu Claro,Múltipla,Reta;Aclive                   ,Sim,2,0,1,0,1,0,1,2,"-7,83887431","-34,91196739",SPRF-PE,DEL01-PE,UOP02-DEL01-PE
551664,2023-09-29,sexta-feira,12:55:00,PE,101,15,GOIANA,Ausência de reação do condutor,Tombamento,Com Vítimas Feridas,Pleno dia,Crescente,Céu Claro,Dupla,Reta,Não,1,0,1,0,0,0,1,1,"-7,62621106","-34,96669711",SPRF-PE,DEL01-PE,UOP02-DEL01-PE
551729,2023-09-29,sexta-feira,17:40:00,PE,101,50,ABREU E LIMA,Objeto estático sobre o leito carroçável,Colisão com objeto,Com Vítimas Feridas,Plena Noite,Crescente,Céu Claro,Múltipla,Reta,Sim,2,0,1,0,1,0,1,2,"-7,90938602","-34,90123228",SPRF-PE,DEL01-PE,UOP02-DEL01-PE
551879,2023-09-30,sábado,08:40:00,PE,101,82,JABOATAO DOS GUARARAPES,Manobra de mudança de faixa,Colisão com objeto,Com Vítimas Feridas,Pleno dia,Decrescente,Céu Claro,Dupla,Curva;Viaduto                 ,Sim,3,0,2,0,1,0,2,2,"-8,17092","-34,937647",SPRF-PE,DEL01-PE,UOP01-DEL01-PE
551946,2023-09-30,sábado,16:51:00,PE,101,69,RECIFE,Ultrapassagem Indevida,Colisão traseira,Com Vítimas Feridas,Anoitecer,Crescente,Céu Claro,Múltipla,Reta,Sim,2,0,1,0,1,0,1,2,"-8,05951606","-34,94581024",SPRF-PE,DEL01-PE,UOP01-DEL01-PE
552011,2023-08-23,quarta-feira,07:40:00,PE,423,"102,5",GARANHUNS,Transitar na contramão,Colisão frontal,Com Vítimas Fatais,Pleno dia,Decrescente,Nublado,Simples,Reta;Aclive                   ,Não,7,1,1,1,1,3,2,4,"-8,87197126","-36,53800093",SPRF-PE,DEL03-PE,UOP01-DEL03-PE
552197,2023-10-01,domingo,17:50:00,PE,101,70,RECIFE,Manobra de mudança de faixa,Colisão lateral mesmo sentido,Com Vítimas Feridas,Plena Noite,Crescente,Céu Claro,Dupla,Reta,Sim,3,0,2,0,1,0,2,2,"-8,06776119","-34,94265074",SPRF-PE,DEL01-PE,UOP01-DEL01-PE
552314,2023-10-02,segunda-feira,04:15:00,PE,101,172,JOAQUIM NABUCO,Problema com o freio,Incêndio,Sem Vítimas,Amanhecer,Decrescente,Céu Claro,Dupla,Reta,Não,1,0,0,0,1,0,0,1,"-8,58971231","-35,51252489",SPRF-PE,DEL01-PE,UOP03-DEL01-PE
552402,2023-10-02,segunda-feira,09:15:00,PE,232,"15,8",JABOATAO DOS GUARARAPES,Reação tardia ou ineficiente do condutor,Colisão traseira,Com Vítimas Feridas,Pleno dia,Decrescente,Céu Claro,Dupla,Reta,Não,8,0,8,0,0,0,8,2,"-8,09137732","-35,02917918",SPRF-PE,DEL01-PE,UOP01-DEL01-PE
552699,2023-10-03,terça-feira,21:50:00,PE,423,"25,4",SAO CAITANO,Ultrapassagem Indevida,Colisão frontal,Com Vítimas Feridas,Plena Noite,Crescente,Céu Claro,Simples,Reta,Não,4,0,0,1,1,2,1,4,"-8,379416","-36,172916",SPRF-PE,DEL03-PE,UOP02-DEL03-PE
552807,2023-10-04,quarta-feira,15:25:00,PE,232,11,JABOATAO DOS GUARARAPES,Manobra de mudança de faixa,Colisão traseira,Com Vítimas Feridas,Pleno dia,Crescente,Céu Claro,Dupla,Em Obras;Aclive;Reta          ,Sim,2,0,1,0,1,0,1,2,"-8,082165","-34,995651",SPRF-PE,DEL01-PE,UOP01-DEL01-PE
552917,2023-10-05,quinta-feira,08:00:00,PE,101,57,PAULISTA,Condutor deixou de manter distância do veículo da frente,Engavetamento,Sem Vítimas,Pleno dia,Crescente,Céu Claro,Dupla,Reta;Declive                  ,Não,4,0,0,0,4,0,0,4,"-7,96346213","-34,91513486",SPRF-PE,DEL01-PE,UOP02-DEL01-PE
552942,2023-10-05,quinta-feira,10:05:00,PE,407,117,PETROLINA,Demais falhas mecânicas ou elétricas,Colisão transversal,Com Vítimas Feridas,Pleno dia,Crescente,Céu Claro,Simples,Reta,Sim,2,0,1,0,1,0,1,2,"-9,314647","-40,57336",SPRF-PE,DEL06-PE,UOP01-DEL06-PE
553086,2023-10-06,sexta-feira,06:00:00,PE,101,"11,2",GOIANA,Condutor deixou de manter distância do veículo da frente,Colisão traseira,Com Vítimas Feridas,Pleno dia,Crescente,Céu Claro,Dupla,Reta,Não,2,0,1,0,0,1,1,2,"-7,59514001","-34,98460002",SPRF-PE,DEL01-PE,UOP02-DEL01-PE
553195,2023-04-25,terça-feira,12:09:00,PE,408,"102,8",RECIFE,Velocidade Incompatível,Colisão com objeto,Com Vítimas Feridas,Pleno dia,Crescente,Céu Claro,Dupla,Declive,Não,10,0,2,3,4,1,5,9,"-8,056301","-34,996951",SPRF-PE,DEL01-PE,UOP01-DEL01-PE
553445,2023-10-05,quinta-feira,08:01:00,PE,101,57,PAULISTA,Reação tardia ou ineficiente do condutor,Colisão lateral mesmo sentido,Com Vítimas Feridas,Pleno dia,Crescente,Céu Claro,Dupla,Reta;Declive                  ,Não,2,0,1,0,1,0,1,2,"-7,96346213","-34,91513486",SPRF-PE,DEL01-PE,UOP02-DEL01-PE
553892,2023-10-09,segunda-feira,14:09:00,PE,423,21,SAO CAITANO,Manobra de mudança de faixa,Colisão frontal,Com Vítimas Fatais,Pleno dia,Crescente,Céu Claro,Simples,Reta,Não,2,1,1,0,0,0,1,2,"-8,34587741","-36,16528759",SPRF-PE,DEL03-PE,UOP02-DEL03-PE
553966,2023-10-09,segunda-feira,19:30:00,PE,101,"177,8",JOAQUIM NABUCO,Reação tardia ou ineficiente do condutor,Colisão traseira,Com Vítimas Feridas,Plena Noite,Crescente,Céu Claro,Dupla,Reta,Não,3,0,0,2,0,1,2,2,"-8,620516","-35,549996",SPRF-PE,DEL01-PE,UOP03-DEL01-PE
554205,2023-10-11,quarta-feira,01:05:00,PE,104,"48,2",CARUARU,Reação tardia ou ineficiente do condutor,Tombamento,Com Vítimas Feridas,Plena Noite,Decrescente,Céu Claro,Dupla,Reta,Não,1,0,1,0,0,0,1,1,"-8,1437","-35,9869",SPRF-PE,DEL02-PE,UOP01-DEL02-PE
554262,2023-10-11,quarta-feira,08:20:00,PE,232,70,GRAVATA,Reação tardia ou ineficiente do condutor,Colisão traseira,Com Vítimas Feridas,Pleno dia,Crescente,Céu Claro,Dupla,Túnel;Curva                   ,Não,5,0,0,1,4,0,1,2,"-8,17698676","-35,48742522",SPRF-PE,DEL02-PE,UOP02-DEL02PE
554292,2023-10-11,quarta-feira,13:20:00,PE,101,"64,1",RECIFE,Trafegar com motocicleta (ou similar) entre as faixas,Queda de ocupante de veículo,Com Vítimas Feridas,Pleno dia,Decrescente,Sol,Múltipla,Reta;Viaduto                  ,Sim,3,0,1,1,1,0,2,2,"-8,0162921","-34,94045886",SPRF-PE,DEL01-PE,UOP01-DEL01-PE
554324,2023-10-11,quarta-feira,08:30:00,PE,232,463,MIRANDIBA,Manobra de mudança de faixa,Colisão com objeto,Com Vítimas Feridas,Pleno dia,Decrescente,Céu Claro,Simples,Declive,Não,1,0,1,0,0,0,1,1,"-8,02597343","-38,74003812",SPRF-PE,DEL05-PE,UOP01-DEL05-PE
554385,2023-10-11,quarta-feira,19:40:00,PE,101,67,RECIFE,Trafegar com motocicleta (ou similar) entre as faixas,Colisão lateral mesmo sentido,Com Vítimas Feridas,Plena Noite,Decrescente,Céu Claro,Múltipla,Reta,Sim,4,0,1,1,2,0,2,3,"-8,046094","-34,944681",SPRF-PE,DEL01-PE,UOP01-DEL01-PE
554557,2023-10-12,quinta-feira,13:35:00,PE,101,46,IGARASSU,Condutor deixou de manter distância do veículo da frente,Colisão traseira,Com Vítimas Feridas,Pleno dia,Decrescente,Céu Claro,Múltipla,Reta,Não,3,0,0,2,1,0,2,2,"-7,87406004","-34,90588126",SPRF-PE,DEL01-PE,UOP02-DEL01-PE
554603,2023-10-12,quinta-feira,18:00:00,PE,407,27,AFRANIO,Curva acentuada,Tombamento,Com Vítimas Feridas,Plena Noite,Decrescente,Céu Claro,Simples,Curva,Não,1,0,1,0,0,0,1,1,"-8,647543","-40,971237",SPRF-PE,DEL06-PE,UOP02-DEL06-PE
554660,2023-10-12,quinta-feira,23:42:00,PE,101,186,PALMARES,Condutor deixou de manter distância do veículo da frente,Colisão traseira,Com Vítimas Feridas,Plena Noite,Decrescente,Nublado,Dupla,Reta,Sim,3,0,2,0,1,0,2,2,"-8,68202096","-35,57975119",SPRF-PE,DEL01-PE,UOP03-DEL01-PE
554815,2023-10-13,sexta-feira,21:20:00,PE,101,"20,5",GOIANA,Demais falhas mecânicas ou elétricas,Saída de leito carroçável,Sem Vítimas,Plena Noite,Crescente,Céu Claro,Dupla,Reta,Não,1,0,0,0,1,0,0,1,"-7,66042701","-34,93780401",SPRF-PE,DEL01-PE,UOP02-DEL01-PE
555003,2023-09-16,sábado,16:30:00,PE,101,44,IGARASSU,Acessar a via sem observar a presença dos outros veículos,Colisão transversal,Sem Vítimas,Pleno dia,Crescente,Céu Claro,Múltipla,Reta;Retorno Regulamentado    ,Sim,3,0,0,0,2,1,0,2,"-7,85637001","-34,90842109",SPRF-PE,DEL01-PE,UOP02-DEL01-PE
555082,2023-10-15,domingo,06:20:00,PE,101,"43,9",IGARASSU,Condutor deixou de manter distância do veículo da frente,Colisão traseira,Com Vítimas Feridas,Pleno dia,Crescente,Céu Claro,Múltipla,Reta,Sim,4,0,1,0,3,0,1,2,"-7,8556105","-34,9087675",SPRF-PE,DEL01-PE,UOP02-DEL01-PE
555420,2023-10-16,segunda-feira,18:38:00,PE,101,"26,1",IGARASSU,Ausência de reação do condutor,Colisão traseira,Com Vítimas Feridas,Plena Noite,Crescente,Nublado,Dupla,Reta,Não,2,0,0,1,1,0,1,2,"-7,7103308","-34,93043",SPRF-PE,DEL01-PE,UOP02-DEL01-PE
555448,2023-10-16,segunda-feira,23:40:00,PE,232,169,TACAIMBO,Suicídio (presumido),Colisão frontal,Com Vítimas Fatais,Plena Noite,Crescente,Céu Claro,Simples,Reta,Não,2,1,1,0,0,0,1,2,"-8,3399573","-36,334402",SPRF-PE,DEL03-PE,UOP02-DEL03-PE
555478,2023-10-17,terça-feira,07:14:00,PE,407,126,PETROLINA,Acessar a via sem observar a presença dos outros veículos,Colisão lateral mesmo sentido,Sem Vítimas,Pleno dia,Crescente,Céu Claro,Dupla,Reta,Sim,2,0,0,0,2,0,0,2,"-9,38491309","-40,52809509",SPRF-PE,DEL06-PE,UOP01-DEL06-PE
555572,2023-10-17,terça-feira,15:30:00,PE,232,"116,4",CARUARU,Condutor deixou de manter distância do veículo da frente,Engavetamento,Sem Vítimas,Pleno dia,Crescente,Céu Claro,Dupla,Em Obras;Reta                 ,Não,4,0,0,0,4,0,0,4,"-8,2970005","-35,86666391",SPRF-PE,DEL02-PE,UOP01-DEL02-PE
555659,2023-10-18,quarta-feira,07:15:00,PE,101,74,RECIFE,Condutor deixou de manter distância do veículo da frente,Engavetamento,Com Vítimas Feridas,Pleno dia,Crescente,Céu Claro,Dupla,Reta,Sim,7,0,2,0,4,1,2,6,"-8,10146485","-34,94901577",SPRF-PE,DEL01-PE,UOP01-DEL01-PE
555661,2023-10-18,quarta-feira,07:45:00,PE,101,41,IGARASSU,Ausência de reação do condutor,Colisão traseira,Com Vítimas Feridas,Pleno dia,Decrescente,Céu Claro,Dupla,Reta,Sim,2,0,1,0,1,0,1,2,"-7,83038346","-34,91426785",SPRF-PE,DEL01-PE,UOP02-DEL01-PE
555691,2023-10-18,quarta-feira,10:20:00,PE,232,"47,9",VITORIA DE SANTO ANTAO,Pedestre cruzava a pista fora da faixa,Atropelamento de Pedestre,Com Vítimas Feridas,Pleno dia,Crescente,Céu Claro,Dupla,Reta,Não,3,0,0,1,1,1,1,2,"-8,139997","-35,302067",SPRF-PE,DEL01-PE,UOP01-DEL01-PE
555705,2023-10-18,quarta-feira,12:37:00,PE,104,"64,7",CARUARU,Reação tardia ou ineficiente do condutor,Colisão traseira,Com Vítimas Feridas,Pleno dia,Decrescente,Céu Claro,Dupla,Reta,Sim,2,0,0,1,0,1,1,2,"-8,27232845","-35,98173201",SPRF-PE,DEL02-PE,UOP01-DEL02-PE
555734,2023-10-18,quarta-feira,14:00:00,PE,316,60,TRINDADE,Ausência de reação do condutor,Colisão traseira,Com Vítimas Feridas,Pleno dia,Decrescente,Céu Claro,Simples,Reta,Sim,3,0,1,0,2,0,1,2,"-7,77005418","-40,2584535",SPRF-PE,DEL05-PE,UOP02-DEL05-PE
555768,2023-10-18,quarta-feira,18:00:00,PE,101,45,IGARASSU,Pedestre andava na pista,Atropelamento de Pedestre,Com Vítimas Feridas,Plena Noite,Crescente,Céu Claro,Dupla,Reta,Sim,2,0,0,1,1,0,1,2,"-7,86521297","-34,90715176",SPRF-PE,DEL01-PE,UOP02-DEL01-PE
555904,2023-10-19,quinta-feira,14:00:00,PE,101,46,IGARASSU,Reação tardia ou ineficiente do condutor,Colisão lateral mesmo sentido,Com Vítimas Feridas,Pleno dia,Decrescente,Céu Claro,Dupla,Reta,Sim,4,0,1,0,2,1,1,3,"-7,87406004","-34,90588126",SPRF-PE,DEL01-PE,UOP02-DEL01-PE
555936,2023-10-19,quinta-feira,16:10:00,PE,232,"140,4",SAO CAITANO,Manobra de mudança de faixa,Colisão traseira,Com Vítimas Feridas,Pleno dia,Crescente,Céu Claro,Dupla,Reta,Não,3,0,2,0,1,0,2,2,"-8,32046632","-36,07694496",SPRF-PE,DEL03-PE,UOP02-DEL03-PE
555945,2023-10-19,quinta-feira,16:30:00,PE,116,"26,4",SALGUEIRO,Acessar a via sem observar a presença dos outros veículos,Colisão traseira,Sem Vítimas,Pleno dia,Decrescente,Céu Claro,Simples,Reta,Sim,2,0,0,0,2,0,0,2,"-8,069921","-39,13364",SPRF-PE,DEL05-PE,UOP01-DEL05-PE
556009,2023-10-20,sexta-feira,00:35:00,PE,408,"89,5",SAO LOURENCO DA MATA,Condutor deixou de manter distância do veículo da frente,Colisão traseira,Com Vítimas Feridas,Plena Noite,Decrescente,Céu Claro,Dupla,Reta,Não,4,0,2,0,2,0,2,2,"-7,985384","-35,078504",SPRF-PE,DEL01-PE,UOP01-DEL01-PE
556040,2023-10-20,sexta-feira,07:00:00,PE,101,46,IGARASSU,Demais falhas mecânicas ou elétricas,Colisão traseira,Com Vítimas Feridas,Pleno dia,Crescente,Céu Claro,Múltipla,Reta,Sim,3,0,1,0,2,0,1,3,"-7,87406004","-34,90588126",SPRF-PE,DEL01-PE,UOP02-DEL01-PE
556094,2023-10-20,sexta-feira,11:00:00,PE,101,71,RECIFE,Reação tardia ou ineficiente do condutor,Colisão traseira,Com Vítimas Feridas,Pleno dia,Crescente,Céu Claro,Dupla,Reta,Sim,3,0,2,0,1,0,2,2,"-8,07663102","-34,94277871",SPRF-PE,DEL01-PE,UOP01-DEL01-PE
556145,2023-10-20,sexta-feira,16:25:00,PE,428,"190,4",PETROLINA,Reação tardia ou ineficiente do condutor,Colisão transversal,Com Vítimas Feridas,Pleno dia,Crescente,Sol,Dupla,Interseção de Vias;Reta       ,Sim,3,0,1,0,2,0,1,2,"-9,38038","-40,51082",SPRF-PE,DEL06-PE,UOP01-DEL06-PE
556161,2023-10-20,sexta-feira,17:15:00,PE,101,71,RECIFE,Trafegar com motocicleta (ou similar) entre as faixas,Tombamento,Com Vítimas Fatais,Plena Noite,Crescente,Chuva,Dupla,Reta,Sim,2,1,0,0,1,0,0,2,"-8,07663102","-34,94277871",SPRF-PE,DEL01-PE,UOP01-DEL01-PE
556162,2023-10-20,sexta-feira,18:40:00,PE,408,105,JABOATAO DOS GUARARAPES,Estacionar ou parar em local proibido,Colisão traseira,Com Vítimas Feridas,Plena Noite,Decrescente,Chuva,Dupla,Curva,Não,5,0,2,0,3,0,2,4,"-8,0730937","-34,99190714",SPRF-PE,DEL01-PE,UOP01-DEL01-PE
556433,2023-10-21,sábado,22:10:00,PE,110,221,PETROLANDIA,Reação tardia ou ineficiente do condutor,Colisão frontal,Com Vítimas Feridas,Plena Noite,Decrescente,Céu Claro,Simples,Reta;Em Obras                 ,Não,2,0,0,1,1,0,1,2,"-9,00976043","-38,22464347",SPRF-BA,DEL07-BA,UOP01-DEL07-BA
556621,2023-10-22,domingo,19:00:00,PE,316,56,TRINDADE,Transitar na contramão,Colisão transversal,Com Vítimas Fatais,Plena Noite,Decrescente,Céu Claro,Simples,Reta,Sim,3,2,0,0,0,1,0,2,"-7,74380917","-40,27876107",SPRF-PE,DEL05-PE,UOP02-DEL05-PE
556644,2023-10-22,domingo,23:23:00,PE,101,54,PAULISTA,Reação tardia ou ineficiente do condutor,Colisão traseira,Com Vítimas Fatais,Plena Noite,Decrescente,Céu Claro,Dupla,Reta,Não,2,1,0,0,1,0,0,2,"-7,93961103","-34,90356584",SPRF-PE,DEL01-PE,UOP02-DEL01-PE
556664,2023-10-23,segunda-feira,02:00:00,PE,232,124,CARUARU,Ingestão de álcool pelo condutor,Saída de leito carroçável,Sem Vítimas,Plena Noite,Crescente,Céu Claro,Dupla,Reta;Declive                  ,Não,1,0,0,0,1,0,0,1,"-8,307852","-35,945202",SPRF-PE,DEL02-PE,UOP01-DEL02-PE
556676,2023-10-23,segunda-feira,06:30:00,PE,104,"53,3",CARUARU,Condutor deixou de manter distância do veículo da frente,Colisão traseira,Com Vítimas Feridas,Pleno dia,Crescente,Céu Claro,Dupla,Reta,Sim,3,0,1,0,2,0,1,2,"-8,1837","-35,967",SPRF-PE,DEL02-PE,UOP01-DEL02-PE
556777,2023-10-23,segunda-feira,14:00:00,PE,101,52,PAULISTA,Condutor deixou de manter distância do veículo da frente,Colisão traseira,Com Vítimas Feridas,Pleno dia,Crescente,Céu Claro,Dupla,Reta,Sim,3,0,2,0,1,0,2,2,"-7,92358799","-34,89607201",SPRF-PE,DEL01-PE,UOP02-DEL01-PE
556883,2023-10-24,terça-feira,06:50:00,PE,101,"73,7",RECIFE,Ausência de reação do condutor,Colisão transversal,Com Vítimas Feridas,Pleno dia,Decrescente,Céu Claro,Dupla,Retorno Regulamentado;Curva   ,Sim,4,0,3,0,1,0,3,2,"-8,099197","-34,950033",SPRF-PE,DEL01-PE,UOP01-DEL01-PE
556927,2023-10-24,terça-feira,11:50:00,PE,101,71,RECIFE,Ausência de reação do condutor,Colisão traseira,Com Vítimas Feridas,Pleno dia,Decrescente,Céu Claro,Dupla,Reta,Sim,3,0,1,0,2,0,1,3,"-8,07663102","-34,94277871",SPRF-PE,DEL01-PE,UOP01-DEL01-PE
557115,2023-10-25,quarta-feira,10:36:00,PE,232,53,POMBOS,Fumaça,Colisão traseira,Com Vítimas Feridas,Pleno dia,Crescente,Céu Claro,Dupla,Reta,Não,21,0,8,5,7,1,13,13,"-8,13014263","-35,3484723",SPRF-PE,DEL02-PE,UOP02-DEL02PE
557151,2023-10-25,quarta-feira,15:00:00,PE,101,51,PAULISTA,Acessar a via sem observar a presença dos outros veículos,Colisão lateral mesmo sentido,Sem Vítimas,Pleno dia,Decrescente,Céu Claro,Dupla,Viaduto;Curva;Declive         ,Sim,3,0,0,0,3,0,0,2,"-7,9169968","-34,89689272",SPRF-PE,DEL01-PE,UOP02-DEL01-PE
557310,2023-10-26,quinta-feira,14:20:00,PE,101,"4,1",GOIANA,Manobra de mudança de faixa,Colisão traseira,Com Vítimas Feridas,Pleno dia,Crescente,Nublado,Dupla,Reta,Não,2,0,0,1,0,1,1,2,"-7,53266939","-34,99151945",SPRF-PE,DEL01-PE,UOP02-DEL01-PE
557325,2023-10-26,quinta-feira,15:20:00,PE,424,"96,4",GARANHUNS,Transitar na contramão,Colisão frontal,Sem Vítimas,Pleno dia,Crescente,Céu Claro,Simples,Reta,Não,2,0,0,0,1,1,0,2,"-8,93022089","-36,49644306",SPRF-PE,DEL03-PE,UOP01-DEL03-PE
557472,2023-10-27,sexta-feira,10:20:00,PE,101,60,RECIFE,Condutor deixou de manter distância do veículo da frente,Colisão traseira,Com Vítimas Feridas,Pleno dia,Crescente,Céu Claro,Dupla,Curva,Não,2,0,1,0,0,1,1,2,"-7,98344307","-34,93176727",SPRF-PE,DEL01-PE,UOP02-DEL01-PE
557688,2023-10-27,sexta-feira,22:00:00,PE,316,"341,3",PETROLANDIA,Reação tardia ou ineficiente do condutor,Colisão traseira,Com Vítimas Feridas,Plena Noite,Crescente,Céu Claro,Simples,Reta,Não,3,0,1,0,1,1,1,3,"-8,808069","-38,315831",SPRF-PE,DEL04-PE,UOP03-DEL04-PE
557787,2023-10-28,sábado,19:25:00,PE,232,433,SERRA TALHADA,Ultrapassagem Indevida,Colisão frontal,Com Vítimas Fatais,Plena Noite,Crescente,Céu Claro,Simples,Reta,Não,2,1,0,0,1,0,0,2,"-8,009602","-38,503681",SPRF-PE,DEL04-PE,UOP01-DEL04-PE
558028,2023-10-29,domingo,20:05:00,PE,316,"74,5",OURICURI,Animais na Pista,Atropelamento de Animal,Com Vítimas Fatais,Plena Noite,Crescente,Céu Claro,Simples,Reta,Não,2,1,0,0,0,1,0,2,"-7,82841159","-40,15111969",SPRF-PE,DEL05-PE,UOP02-DEL05-PE
558303,2023-10-31,terça-feira,12:00:00,PE,101,77,RECIFE,Condutor deixou de manter distância do veículo da frente,Colisão traseira,Com Vítimas Feridas,Pleno dia,Decrescente,Sol,Dupla,Reta,Não,3,0,0,1,2,0,1,2,"-8,126982","-34,94386",SPRF-PE,DEL01-PE,UOP01-DEL01-PE
558305,2023-10-31,terça-feira,12:34:00,PE,408,83,PAUDALHO,Carga excessiva e/ou mal acondicionada,Tombamento,Sem Vítimas,Pleno dia,Crescente,Céu Claro,Dupla,Curva;Declive                 ,Não,1,0,0,0,1,0,0,1,"-7,94549251","-35,11580722",SPRF-PE,DEL01-PE,UOP01-DEL01-PE
558356,2023-08-04,sexta-feira,11:00:00,PE,101,70,RECIFE,Frear bruscamente,Saída de leito carroçável,Com Vítimas Feridas,Pleno dia,Crescente,Céu Claro,Múltipla,Reta,Sim,1,0,1,0,0,0,1,1,"-8,07291166","-34,9427247",SPRF-PE,DEL01-PE,UOP01-DEL01-PE
558496,2023-11-01,quarta-feira,13:40:00,PE,101,55,PAULISTA,Reação tardia ou ineficiente do condutor,Colisão traseira,Com Vítimas Feridas,Pleno dia,Decrescente,Sol,Múltipla,Reta,Sim,5,0,0,1,4,0,1,5,"-7,94806621","-34,9062148",SPRF-PE,DEL01-PE,UOP02-DEL01-PE
558553,2023-11-01,quarta-feira,18:10:00,PE,101,83,JABOATAO DOS GUARARAPES,Acessar a via sem observar a presença dos outros veículos,Colisão traseira,Sem Vítimas,Plena Noite,Crescente,Céu Claro,Dupla,Reta,Sim,2,0,0,0,2,0,0,2,"-8,175172","-34,942642",SPRF-PE,DEL01-PE,UOP01-DEL01-PE
558871,2023-11-03,sexta-feira,14:00:00,PE,232,"7,5",RECIFE,Trafegar com motocicleta (ou similar) entre as faixas,Colisão traseira,Com Vítimas Feridas,Pleno dia,Decrescente,Céu Claro,Múltipla,Reta,Não,4,0,0,2,1,1,2,3,"-8,07333497","-34,96184301",SPRF-PE,DEL01-PE,UOP01-DEL01-PE
558879,2023-11-03,sexta-feira,14:55:00,PE,232,"46,8",VITORIA DE SANTO ANTAO,Condutor deixou de manter distância do veículo da frente,Colisão traseira,Com Vítimas Feridas,Pleno dia,Decrescente,Céu Claro,Dupla,Reta,Não,2,0,0,1,1,0,1,2,"-8,13346726","-35,28918683",SPRF-PE,DEL01-PE,UOP01-DEL01-PE
558976,2023-11-03,sexta-feira,22:30:00,PE,428,192,PETROLINA,Ausência de reação do condutor,Tombamento,Com Vítimas Feridas,Plena Noite,Decrescente,Céu Claro,Dupla,Interseção de Vias;Rotatória  ,Não,1,0,1,0,0,0,1,1,"-9,38067769","-40,51113714",SPRF-PE,DEL06-PE,UOP01-DEL06-PE
558988,2023-11-04,sábado,01:55:00,PE,104,"113,6",PANELAS,Ausência de reação do condutor,Colisão traseira,Com Vítimas Feridas,Plena Noite,Crescente,Céu Claro,Simples,Reta,Não,2,0,1,0,1,0,1,2,"-8,643015","-36,0154",SPRF-PE,DEL02-PE,UOP03-DEL02-PE
559083,2023-11-04,sábado,13:16:00,PE,101,"4,9",GOIANA,Fumaça,Engavetamento,Com Vítimas Feridas,Pleno dia,Decrescente,Céu Claro,Dupla,Reta,Não,7,0,4,1,1,1,5,5,"-7,53264499","-34,99145786",SPRF-PE,DEL01-PE,UOP02-DEL01-PE
559501,2023-11-06,segunda-feira,10:00:00,PE,423,"110,5",CAETES,Ausência de reação do condutor,Colisão frontal,Com Vítimas Fatais,Pleno dia,Crescente,Céu Claro,Simples,Reta,Não,2,1,0,0,1,0,0,2,"-8,89077197","-36,60778501",SPRF-PE,DEL03-PE,UOP01-DEL03-PE
559539,2023-11-06,segunda-feira,15:15:00,PE,428,"100,2",SANTA MARIA DA BOA VISTA,Demais falhas mecânicas ou elétricas,Incêndio,Sem Vítimas,Pleno dia,Decrescente,Céu Claro,Simples,Reta,Não,1,0,0,0,1,0,0,1,"-8,83744029","-39,95764882",SPRF-PE,DEL06-PE,UOP03-DEL06-PE
559627,2023-11-06,segunda-feira,20:40:00,PE,101,"190,3",PALMARES,Problema com o freio,Tombamento,Com Vítimas Feridas,Plena Noite,Decrescente,Céu Claro,Dupla,Curva,Não,2,0,2,0,0,0,2,1,"-8,69573052","-35,6103118",SPRF-PE,DEL01-PE,UOP03-DEL01-PE
559752,2023-11-07,terça-feira,17:22:00,PE,101,50,ABREU E LIMA,Manobra de mudança de faixa,Colisão lateral mesmo sentido,Sem Vítimas,Anoitecer,Decrescente,Céu Claro,Múltipla,Reta,Sim,2,0,0,0,2,0,0,2,"-7,90938602","-34,90123228",SPRF-PE,DEL01-PE,UOP02-DEL01-PE