id,data_inversa,dia_semana,horario,uf,br,km,municipio,causa_acidente,tipo_acidente,classificacao_acidente,fase_dia,sentido_via,condicao_metereologica,tipo_pista,tracado_via,uso_solo,pessoas,mortos,feridos_leves,feridos_graves,ilesos,ignorados,feridos,veiculos,latitude,longitude,regional,delegacia,uop
559826,2023-11-08,quarta-feira,02:00:00,PE,423,57,LAJEDO,Demais falhas mecânicas ou elétricas,Incêndio,Sem Vítimas,Plena Noite,Decrescente,Céu Claro,Simples,Reta,Não,1,0,0,0,1,0,0,1,"-8,63241321","-36,30454473",SPRF-PE,DEL03-PE,UOP01-DEL03-PE
559969,2023-11-08,quarta-feira,17:45:00,PE,101,65,RECIFE,Condutor deixou de manter distância do veículo da frente,Colisão lateral mesmo sentido,Sem Vítimas,Plena Noite,Decrescente,Céu Claro,Múltipla,Reta,Sim,3,0,0,0,1,2,0,3,"-8,02478597","-34,94276635",SPRF-PE,DEL01-PE,UOP01-DEL01-PE
560192,2023-11-09,quinta-feira,21:10:00,PE,232,29,MORENO,Reação tardia ou ineficiente do condutor,Tombamento,Com Vítimas Feridas,Plena Noite,Decrescente,Céu Claro,Múltipla,Reta;Aclive                   ,Não,4,0,0,2,0,2,2,2,"-8,111269","-35,143135",SPRF-PE,DEL01-PE,UOP01-DEL01-PE
560387,2023-11-10,sexta-feira,18:20:00,PE,428,"189,6",PETROLINA,Ausência de reação do condutor,Colisão transversal,Com Vítimas Feridas,Plena Noite,Crescente,Céu Claro,Múltipla,Interseção de Vias,Sim,4,0,3,0,1,0,3,2,"-9,37197508","-40,48679585",SPRF-PE,DEL06-PE,UOP01-DEL06-PE
560475,2023-11-11,sábado,00:45:00,PE,423,"175,8",AGUAS BELAS,Deficiência do Sistema de Iluminação/Sinalização,Colisão traseira,Com Vítimas Feridas,Plena Noite,Crescente,Céu Claro,Simples,Reta,Não,2,0,0,1,0,1,1,2,"-9,12954837","-37,09645099",SPRF-AL,DEL03-AL,UOP02-DEL03-AL
560498,2023-09-02,sábado,23:40:00,PE,101,204,PALMARES,Ausência de sinalização,Colisão traseira,Sem Vítimas,Plena Noite,Decrescente,Nevoeiro/Neblina,Dupla,Curva;Aclive                  ,Não,2,0,0,0,2,0,0,2,"-8,80610905","-35,62758381",SPRF-PE,DEL01-PE,UOP03-DEL01-PE
560519,2023-11-11,sábado,08:20:00,PE,101,"68,2",RECIFE,Trafegar com motocicleta (ou similar) entre as faixas,Colisão lateral mesmo sentido,Com Vítimas Feridas,Pleno dia,Decrescente,Céu Claro,Dupla,Reta;Aclive                   ,Sim,2,0,1,0,1,0,1,2,"-8,05074296","-34,94580619",SPRF-PE,DEL01-PE,UOP01-DEL01-PE
560652,2023-11-11,sábado,20:00:00,PE,101,"51,1",ABREU E LIMA,Condutor deixou de manter distância do veículo da frente,Colisão traseira,Com Vítimas Feridas,Plena Noite,Decrescente,Garoa/Chuvisco,Múltipla,Reta,Sim,3,0,2,0,1,0,2,2,"-7,91667","-34,897304",SPRF-PE,DEL01-PE,UOP02-DEL01-PE
560657,2023-11-11,sábado,17:30:00,PE,101,53,PAULISTA,Ausência de reação do condutor,Colisão traseira,Sem Vítimas,Anoitecer,Decrescente,Céu Claro,Dupla,Reta,Não,2,0,0,0,2,0,0,2,"-7,93124094","-34,90068606",SPRF-PE,DEL01-PE,UOP02-DEL01-PE
561057,2023-11-13,segunda-feira,10:30:00,PE,232,252,ARCOVERDE,Acessar a via sem observar a presença dos outros veículos,Colisão lateral mesmo sentido,Sem Vítimas,Pleno dia,Crescente,Céu Claro,Simples,Aclive,Sim,2,0,0,0,2,0,0,2,"-8,43086","-37,06536",SPRF-PE,DEL04-PE,UOP02-DEL04-PE
561089,2023-11-13,segunda-feira,14:00:00,PE,101,50,ABREU E LIMA,Manobra de mudança de faixa,Colisão lateral mesmo sentido,Sem Vítimas,Pleno dia,Crescente,Sol,Múltipla,Reta,Sim,2,0,0,0,2,0,0,2,"-7,90943449","-34,90215898",SPRF-PE,DEL01-PE,UOP02-DEL01-PE
561286,2023-11-14,terça-feira,15:20:00,PE,232,"7,7",JABOATAO DOS GUARARAPES,Reação tardia ou ineficiente do condutor,Colisão traseira,Com Vítimas Fatais,Pleno dia,Decrescente,Sol,Dupla,Curva,Sim,3,1,0,0,1,1,0,3,"-8,0753318","-34,967717",SPRF-PE,DEL01-PE,UOP01-DEL01-PE
561395,2023-11-14,terça-feira,23:30:00,PE,101,21,GOIANA,Ausência de reação do condutor,Colisão traseira,Com Vítimas Feridas,Plena Noite,Crescente,Céu Claro,Dupla,Reta,Não,2,0,1,0,1,0,1,2,"-7,667766","-34,93266",SPRF-PE,DEL01-PE,UOP02-DEL01-PE
561422,2023-11-15,quarta-feira,06:00:00,PE,232,"86,4",GRAVATA,Manobra de mudança de faixa,Colisão lateral mesmo sentido,Com Vítimas Feridas,Pleno dia,Decrescente,Céu Claro,Dupla,Reta,Não,3,0,2,0,0,1,2,2,"-8,213563","-35,623761",SPRF-PE,DEL02-PE,UOP02-DEL02PE
561581,2023-11-16,quinta-feira,06:00:00,PE,101,"45,9",IGARASSU,Reação tardia ou ineficiente do condutor,Colisão com objeto,Sem Vítimas,Pleno dia,Crescente,Céu Claro,Múltipla,Reta,Sim,2,0,0,0,1,1,0,2,"-7,876613","-34,905869",SPRF-PE,DEL01-PE,UOP02-DEL01-PE
561610,2023-09-06,quarta-feira,04:30:00,PE,101,22,GOIANA,Reação tardia ou ineficiente do condutor,Colisão traseira,Com Vítimas Feridas,Amanhecer,Decrescente,Chuva,Dupla,Reta;Aclive                   ,Não,2,0,1,0,1,0,1,2,"-7,67583307","-34,92870811",SPRF-PE,DEL01-PE,UOP02-DEL01-PE
561758,2023-11-17,sexta-feira,04:10:00,PE,316,"108,7",BODOCO,Condutor deixou de manter distância do veículo da frente,Colisão traseira,Com Vítimas Fatais,Amanhecer,Crescente,Céu Claro,Simples,Reta;Aclive                   ,Não,23,7,11,3,2,0,14,2,"-7,96586164","-39,88066827",SPRF-PE,DEL05-PE,UOP02-DEL05-PE
562295,2023-11-19,domingo,16:00:00,PE,101,124,ESCADA,Ingestão de álcool pelo condutor,Colisão com objeto,Com Vítimas Feridas,Pleno dia,Crescente,Céu Claro,Dupla,Reta,Sim,4,0,1,0,0,3,1,1,"-8,362158","-35,215317",SPRF-PE,DEL01-PE,UOP03-DEL01-PE
562493,2023-11-20,segunda-feira,11:50:00,PE,101,49,IGARASSU,Manobra de mudança de faixa,Colisão lateral mesmo sentido,Com Vítimas Feridas,Pleno dia,Decrescente,Céu Claro,Dupla,Reta,Sim,4,0,3,0,1,0,3,3,"-7,9005152","-34,90180641",SPRF-PE,DEL01-PE,UOP02-DEL01-PE
562688,2023-11-21,terça-feira,11:52:00,PE,101,50,ABREU E LIMA,Trafegar com motocicleta (ou similar) entre as faixas,Colisão lateral mesmo sentido,Com Vítimas Feridas,Pleno dia,Crescente,Nublado,Múltipla,Reta,Sim,2,0,0,1,1,0,1,2,"-7,90938602","-34,90123228",SPRF-PE,DEL01-PE,UOP02-DEL01-PE
562737,2023-11-21,terça-feira,14:30:00,PE,101,"202,5",XEXEU,Velocidade Incompatível,Colisão lateral mesmo sentido,Com Vítimas Feridas,Pleno dia,Decrescente,Chuva,Dupla,Curva,Não,4,0,4,0,0,0,4,2,"-8,789545","-35,622338",SPRF-PE,DEL01-PE,UOP03-DEL01-PE
562771,2023-11-21,terça-feira,16:00:00,PE,104,135,QUIPAPA,Velocidade Incompatível,Tombamento,Com Vítimas Feridas,Pleno dia,Crescente,Ignorado,Simples,Curva,Não,2,0,0,2,0,0,2,1,"-8,81962231","-36,01896156",SPRF-PE,DEL02-PE,UOP03-DEL02-PE
562785,2023-11-10,sexta-feira,00:30:00,PE,316,280,BELEM DE SAO FRANCISCO,Animais na Pista,Atropelamento de Animal,Com Vítimas Feridas,Plena Noite,Crescente,Céu Claro,Simples,Reta,Não,2,0,1,0,0,1,1,2,"-8,67159921","-38,77568793",SPRF-PE,DEL04-PE,UOP03-DEL04-PE
563095,2023-11-23,quinta-feira,08:45:00,PE,101,82,JABOATAO DOS GUARARAPES,Manobra de mudança de faixa,Colisão transversal,Com Vítimas Feridas,Pleno dia,Crescente,Céu Claro,Múltipla,Reta,Sim,2,0,1,0,1,0,1,2,"-8,168383","-34,9376",SPRF-PE,DEL01-PE,UOP01-DEL01-PE
563397,2023-11-25,sábado,00:15:00,PE,316,225,BELEM DE SAO FRANCISCO,Transitar na contramão,Colisão frontal,Com Vítimas Feridas,Plena Noite,Crescente,Céu Claro,Simples,Reta,Não,4,0,2,2,0,0,4,2,"-8,57565407","-39,17213704",SPRF-PE,DEL05-PE,UOP03-DEL05-PE
563427,2023-11-25,sábado,06:30:00,PE,232,241,ARCOVERDE,Transitar na contramão,Colisão lateral sentido oposto,Sem Vítimas,Pleno dia,Crescente,Céu Claro,Simples,Reta,Sim,2,0,0,0,2,0,0,2,"-8,41518942","-36,970926",SPRF-PE,DEL04-PE,UOP02-DEL04-PE
563487,2023-11-25,sábado,09:10:00,PE,101,"99,3",CABO DE SANTO AGOSTINHO,Reação tardia ou ineficiente do condutor,Colisão traseira,Com Vítimas Feridas,Pleno dia,Crescente,Nublado,Dupla,Reta,Não,2,0,0,1,1,0,1,2,"-8,26025316","-35,04629883",SPRF-PE,DEL01-PE,UOP03-DEL01-PE
563531,2023-11-25,sábado,15:40:00,PE,101,83,JABOATAO DOS GUARARAPES,Acesso irregular,Colisão transversal,Com Vítimas Feridas,Pleno dia,Crescente,Céu Claro,Dupla,Reta,Sim,2,0,1,0,0,1,1,2,"-8,175172","-34,942642",SPRF-PE,DEL01-PE,UOP01-DEL01-PE
563751,2023-11-26,domingo,14:00:00,PE,316,237,BELEM DE SAO FRANCISCO,Demais falhas mecânicas ou elétricas,Incêndio,Sem Vítimas,Pleno dia,Decrescente,Céu Claro,Simples,Reta,Não,1,0,0,0,1,0,0,1,"-8,66143416","-39,00273108",SPRF-PE,DEL05-PE,UOP03-DEL05-PE
563814,2023-11-26,domingo,18:00:00,PE,424,71,CAETES,Reação tardia ou ineficiente do condutor,Colisão traseira,Sem Vítimas,Plena Noite,Crescente,Céu Claro,Simples,Aclive;Reta                   ,Não,3,0,0,0,2,1,0,3,"-8,78427532","-36,61322121",SPRF-PE,DEL03-PE,UOP01-DEL03-PE
563869,2023-11-27,segunda-feira,05:30:00,PE,408,40,ALIANCA,Ausência de reação do condutor,Colisão transversal,Com Vítimas Feridas,Pleno dia,Decrescente,Chuva,Simples,Reta;Interseção de Vias       ,Não,3,0,1,0,2,0,1,2,"-7,64930515","-35,25214043",SPRF-PE,DEL01-PE,UOP02-DEL01-PE
564032,2023-11-27,segunda-feira,21:37:00,PE,101,39,IGARASSU,Condutor deixou de manter distância do veículo da frente,Colisão traseira,Com Vítimas Feridas,Plena Noite,Decrescente,Chuva,Dupla,Reta,Sim,2,0,1,0,1,0,1,2,"-7,821612","-34,916309",SPRF-PE,DEL01-PE,UOP02-DEL01-PE
564074,2023-11-28,terça-feira,05:00:00,PE,101,107,CABO DE SANTO AGOSTINHO,Carga excessiva e/ou mal acondicionada,Derramamento de carga,Com Vítimas Feridas,Amanhecer,Crescente,Chuva,Dupla,Curva,Não,7,0,1,0,4,2,1,7,"-8,311557","-35,10102",SPRF-PE,DEL01-PE,UOP03-DEL01-PE
564085,2023-11-28,terça-feira,09:20:00,PE,232,"11,3",RECIFE,Reação tardia ou ineficiente do condutor,Colisão traseira,Sem Vítimas,Pleno dia,Decrescente,Céu Claro,Dupla,Declive,Não,2,0,0,0,2,0,0,2,"-8,08195464","-34,99545022",SPRF-PE,DEL01-PE,UOP01-DEL01-PE
564384,2023-11-29,quarta-feira,18:30:00,PE,407,115,PETROLINA,Acessar a via sem observar a presença dos outros veículos,Colisão transversal,Com Vítimas Feridas,Plena Noite,Decrescente,Céu Claro,Simples,Interseção de Vias,Não,4,0,1,0,3,0,1,2,"-9,2990308","-40,58250065",SPRF-PE,DEL06-PE,UOP01-DEL06-PE
564494,2023-11-30,quinta-feira,13:30:00,PE,101,68,RECIFE,Pedestre cruzava a pista fora da faixa,Atropelamento de Pedestre,Com Vítimas Fatais,Pleno dia,Crescente,Céu Claro,Dupla,Reta,Sim,3,1,0,0,2,0,0,3,"-8,05074296","-34,94580619",SPRF-PE,DEL01-PE,UOP01-DEL01-PE
564521,2023-11-30,quinta-feira,15:40:00,PE,232,"133,2",CARUARU,Reação tardia ou ineficiente do condutor,Colisão com objeto,Com Vítimas Feridas,Pleno dia,Decrescente,Sol,Dupla,Declive,Sim,1,0,1,0,0,0,1,1,"-8,30117613","-35,99843996",SPRF-PE,DEL02-PE,UOP01-DEL02-PE
564633,2023-12-01,sexta-feira,05:20:00,PE,101,"51,5",PAULISTA,Carga excessiva e/ou mal acondicionada,Tombamento,Com Vítimas Feridas,Pleno dia,Decrescente,Céu Claro,Dupla,Curva;Declive                 ,Sim,1,0,1,0,0,0,1,1,"-7,9169968","-34,89689272",SPRF-PE,DEL01-PE,UOP02-DEL01-PE
564765,2023-12-01,sexta-feira,10:30:00,PE,101,"112,5",IPOJUCA,Velocidade Incompatível,Tombamento,Com Vítimas Feridas,Pleno dia,Decrescente,Céu Claro,Dupla,Curva;Declive                 ,Não,3,0,2,0,0,1,2,1,"-8,3278918","-35,119238",SPRF-PE,DEL01-PE,UOP03-DEL01-PE
564966,2023-12-02,sábado,13:40:00,PE,101,"77,9",RECIFE,Manobra de mudança de faixa,Colisão lateral mesmo sentido,Com Vítimas Feridas,Pleno dia,Crescente,Céu Claro,Dupla,Reta,Sim,2,0,1,0,0,1,1,2,"-8,133835","-34,947418",SPRF-PE,DEL01-PE,UOP01-DEL01-PE
565115,2023-12-03,domingo,05:25:00,PE,232,"7,7",RECIFE,Velocidade Incompatível,Colisão traseira,Com Vítimas Feridas,Pleno dia,Decrescente,Sol,Múltipla,Reta,Não,2,0,1,0,1,0,1,2,"-8,07333497","-34,96184301",SPRF-PE,DEL01-PE,UOP01-DEL01-PE
565136,2023-12-03,domingo,06:50:00,PE,104,72,CARUARU,Velocidade Incompatível,Saída de leito carroçável,Com Vítimas Feridas,Amanhecer,Decrescente,Céu Claro,Simples,Curva;Declive                 ,Não,2,0,1,1,0,0,2,1,"-8,332917","-35,981609",SPRF-PE,DEL02-PE,UOP01-DEL02-PE
565230,2023-12-03,domingo,12:19:00,PE,101,"120,7",IPOJUCA,Manobra de mudança de faixa,Colisão lateral mesmo sentido,Com Vítimas Feridas,Pleno dia,Decrescente,Nublado,Dupla,Reta,Não,3,0,0,1,0,2,1,2,"-8,35291472","-35,16929901",SPRF-PE,DEL01-PE,UOP03-DEL01-PE
565372,2023-12-04,segunda-feira,08:05:00,PE,232,410,SERRA TALHADA,Acessar a via sem observar a presença dos outros veículos,Colisão transversal,Com Vítimas Feridas,Pleno dia,Crescente,Céu Claro,Simples,Reta,Sim,2,0,1,0,1,0,1,2,"-7,98261841","-38,30039606",SPRF-PE,DEL04-PE,UOP01-DEL04-PE
565411,2023-12-04,segunda-feira,11:05:00,PE,232,178,BELO JARDIM,Manobra de mudança de faixa,Colisão transversal,Com Vítimas Feridas,Pleno dia,Crescente,Chuva,Simples,Reta,Sim,4,0,1,0,3,0,1,3,"-8,347448","-36,411818",SPRF-PE,DEL03-PE,UOP02-DEL03-PE
565518,2023-12-04,segunda-feira,19:35:00,PE,101,61,RECIFE,Reação tardia ou ineficiente do condutor,Tombamento,Com Vítimas Feridas,Plena Noite,Decrescente,Chuva,Dupla,Reta,Sim,2,0,0,1,1,0,1,2,"-7,99097103","-34,93598295",SPRF-PE,DEL01-PE,UOP02-DEL01-PE
565537,2023-12-04,segunda-feira,22:30:00,PE,101,74,RECIFE,Trafegar com motocicleta (ou similar) entre as faixas,Colisão lateral mesmo sentido,Com Vítimas Feridas,Plena Noite,Decrescente,Céu Claro,Dupla,Reta,Sim,3,0,2,0,1,0,2,2,"-8,10146485","-34,94901577",SPRF-PE,DEL01-PE,UOP01-DEL01-PE
565548,2023-12-04,segunda-feira,23:24:00,PE,408,55,NAZARE DA MATA,Ultrapassagem Indevida,Colisão frontal,Com Vítimas Feridas,Plena Noite,Decrescente,Céu Claro,Simples,Reta;Declive                  ,Não,4,0,2,1,1,0,3,2,"-7,77176315","-35,23566726",SPRF-PE,DEL01-PE,UOP01-DEL01-PE
565567,2023-12-04,segunda-feira,17:00:00,PE,407,126,PETROLINA,Condutor deixou de manter distância do veículo da frente,Colisão lateral mesmo sentido,Sem Vítimas,Pleno dia,Decrescente,Céu Claro,Dupla,Rotatória;Interseção de Vias;E,Sim,2,0,0,0,2,0,0,2,"-9,38491309","-40,52809509",SPRF-PE,DEL06-PE,UOP01-DEL06-PE
565666,2023-12-05,terça-feira,14:24:00,PE,101,"114,9",ESCADA,Reação tardia ou ineficiente do condutor,Colisão com objeto,Com Vítimas Feridas,Pleno dia,Crescente,Céu Claro,Dupla,Reta,Não,1,0,0,1,0,0,1,1,"-8,33783596","-35,14164006",SPRF-PE,DEL01-PE,UOP03-DEL01-PE
565783,2023-12-06,quarta-feira,06:20:00,PE,101,"51,4",PAULISTA,Reação tardia ou ineficiente do condutor,Colisão lateral mesmo sentido,Com Vítimas Feridas,Pleno dia,Crescente,Céu Claro,Múltipla,Curva,Sim,2,0,1,0,0,1,1,2,"-7,91989741","-34,895432",SPRF-PE,DEL01-PE,UOP02-DEL01-PE
565849,2023-11-15,quarta-feira,14:10:00,PE,232,"8,7",RECIFE,Estacionar ou parar em local proibido,Derramamento de carga,Com Vítimas Feridas,Pleno dia,Decrescente,Céu Claro,Múltipla,Reta;Viaduto                  ,Não,5,0,2,0,3,0,2,3,"-8,07583727","-34,97015791",SPRF-PE,DEL01-PE,UOP01-DEL01-PE
565981,2023-12-07,quinta-feira,00:30:00,PE,232,409,SERRA TALHADA,Ausência de reação do condutor,Colisão traseira,Com Vítimas Feridas,Plena Noite,Decrescente,Céu Claro,Simples,Reta,Sim,2,0,0,1,1,0,1,2,"-7,981944","-38,289467",SPRF-PE,DEL04-PE,UOP01-DEL04-PE
566013,2023-12-07,quinta-feira,07:40:00,PE,232,506,SALGUEIRO,Reação tardia ou ineficiente do condutor,Colisão frontal,Com Vítimas Feridas,Pleno dia,Decrescente,Céu Claro,Simples,Declive,Sim,3,0,1,0,2,0,1,2,"-8,05986546","-39,10271397",SPRF-PE,DEL05-PE,UOP01-DEL05-PE
566233,2023-12-08,sexta-feira,05:31:00,PE,232,495,VERDEJANTE,Carga excessiva e/ou mal acondicionada,Tombamento,Com Vítimas Feridas,Amanhecer,Crescente,Céu Claro,Simples,Curva,Não,2,0,2,0,0,0,2,1,"-8,01339923","-39,01636695",SPRF-PE,DEL05-PE,UOP01-DEL05-PE
566331,2023-12-08,sexta-feira,13:20:00,PE,101,61,RECIFE,Ausência de reação do condutor,Colisão lateral mesmo sentido,Com Vítimas Feridas,Pleno dia,Decrescente,Céu Claro,Dupla,Reta,Sim,4,0,0,2,2,0,2,3,"-7,99097103","-34,93598295",SPRF-PE,DEL01-PE,UOP02-DEL01-PE
566355,2023-12-08,sexta-feira,15:15:00,PE,232,151,SAO CAITANO,Ausência de reação do condutor,Colisão traseira,Com Vítimas Feridas,Pleno dia,Crescente,Céu Claro,Simples,Reta,Não,2,0,0,1,1,0,1,2,"-8,32744699","-36,15405",SPRF-PE,DEL03-PE,UOP02-DEL03-PE
566487,2023-12-09,sábado,02:30:00,PE,232,"61,4",POMBOS,Pedestre andava na pista,Atropelamento de Pedestre,Com Vítimas Fatais,Plena Noite,Decrescente,Céu Claro,Dupla,Aclive;Reta                   ,Não,5,1,0,1,2,1,1,4,"-8,15486","-35,419208",SPRF-PE,DEL02-PE,UOP02-DEL02PE
566570,2023-12-09,sábado,11:20:00,PE,232,"10,3",RECIFE,Condutor deixou de manter distância do veículo da frente,Engavetamento,Com Vítimas Feridas,Pleno dia,Decrescente,Céu Claro,Múltipla,Em Obras;Reta                 ,Sim,3,0,1,0,2,0,1,3,"-8,07917241","-34,98718609",SPRF-PE,DEL01-PE,UOP01-DEL01-PE
566717,2023-12-09,sábado,18:30:00,PE,101,"206,4",XEXEU,Demais falhas mecânicas ou elétricas,Incêndio,Sem Vítimas,Plena Noite,Crescente,Céu Claro,Dupla,Reta,Não,1,0,0,0,1,0,0,1,"-8,81905901","-35,63955699",SPRF-PE,DEL01-PE,UOP03-DEL01-PE
566996,2023-12-11,segunda-feira,05:00:00,PE,116,"35,6",SALGUEIRO,Reação tardia ou ineficiente do condutor,Colisão com objeto,Com Vítimas Fatais,Amanhecer,Crescente,Céu Claro,Simples,Ponte;Declive                 ,Não,2,2,0,0,0,0,0,1,"-8,144699","-39,111214",SPRF-PE,DEL05-PE,UOP01-DEL05-PE
567104,2023-12-11,segunda-feira,14:20:00,PE,101,"79,7",RECIFE,Trafegar com motocicleta (ou similar) entre as faixas,Tombamento,Com Vítimas Feridas,Pleno dia,Decrescente,Céu Claro,Dupla,Curva,Sim,2,0,0,1,1,0,1,2,"-8,149125","-34,943515",SPRF-PE,DEL01-PE,UOP01-DEL01-PE
567148,2023-11-27,segunda-feira,17:10:00,PE,232,"9,1",JABOATAO DOS GUARARAPES,Reação tardia ou ineficiente do condutor,Engavetamento,Com Vítimas Feridas,Anoitecer,Crescente,Nublado,Dupla,Reta;Declive                  ,Não,6,0,2,0,4,0,2,5,"-8,07764447","-34,97863609",SPRF-PE,DEL01-PE,UOP01-DEL01-PE
567301,2023-12-12,terça-feira,10:45:00,PE,423,"52,8",LAJEDO,Condutor deixou de manter distância do veículo da frente,Colisão traseira,Com Vítimas Feridas,Pleno dia,Decrescente,Céu Claro,Simples,Reta,Não,4,0,1,0,2,1,1,4,"-8,59012507","-36,28991571",SPRF-PE,DEL03-PE,UOP01-DEL03-PE
567447,2023-12-13,quarta-feira,07:35:00,PE,101,117,IPOJUCA,Reação tardia ou ineficiente do condutor,Colisão lateral mesmo sentido,Sem Vítimas,Pleno dia,Crescente,Céu Claro,Dupla,Curva,Não,3,0,0,0,1,2,0,2,"-8,352128","-35,150952",SPRF-PE,DEL01-PE,UOP03-DEL01-PE
567618,2023-12-14,quinta-feira,05:30:00,PE,423,34,SAO CAITANO,Ultrapassagem Indevida,Colisão traseira,Com Vítimas Feridas,Amanhecer,Crescente,Chuva,Simples,Reta,Não,4,0,2,1,1,0,3,2,"-8,45069903","-36,21115394",SPRF-PE,DEL03-PE,UOP02-DEL03-PE
567661,2023-12-14,quinta-feira,09:50:00,PE,407,123,PETROLINA,Ultrapassagem Indevida,Colisão lateral mesmo sentido,Com Vítimas Feridas,Pleno dia,Crescente,Sol,Simples,Reta,Sim,2,0,1,0,1,0,1,2,"-9,3663948","-40,5431151",SPRF-PE,DEL06-PE,UOP01-DEL06-PE
567897,2023-12-15,sexta-feira,09:45:00,PE,101,69,RECIFE,Velocidade Incompatível,Colisão traseira,Com Vítimas Feridas,Pleno dia,Crescente,Céu Claro,Múltipla,Reta,Sim,3,0,1,1,1,0,2,2,"-8,05951606","-34,94581024",SPRF-PE,DEL01-PE,UOP01-DEL01-PE
567937,2023-08-01,terça-feira,09:55:00,PE,232,"254,7",ARCOVERDE,Reação tardia ou ineficiente do condutor,Colisão traseira,Com Vítimas Feridas,Pleno dia,Decrescente,Céu Claro,Simples,Reta,Sim,2,0,0,1,1,0,1,2,"-8,41875994","-37,07859892",SPRF-PE,DEL04-PE,UOP02-DEL04-PE
568001,2023-12-15,sexta-feira,16:50:00,PE,316,25,ARARIPINA,Acessar a via sem observar a presença dos outros veículos,Colisão traseira,Com Vítimas Feridas,Pleno dia,Crescente,Céu Claro,Simples,Reta,Sim,2,0,1,0,1,0,1,2,"-7,59595686","-40,49329368",SPRF-PE,DEL05-PE,UOP02-DEL05-PE
568129,2023-12-16,sábado,04:20:00,PE,428,91,SANTA MARIA DA BOA VISTA,Transitar na contramão,Colisão frontal,Com Vítimas Feridas,Amanhecer,Crescente,Céu Claro,Simples,Reta,Não,2,0,0,1,1,0,1,2,"-8,79715201","-39,88923599",SPRF-PE,DEL06-PE,UOP03-DEL06-PE
568177,2023-12-16,sábado,09:30:00,PE,101,76,RECIFE,Manobra de mudança de faixa,Colisão lateral mesmo sentido,Com Vítimas Feridas,Pleno dia,Crescente,Nublado,Dupla,Reta,Sim,2,0,1,0,0,1,1,2,"-8,11813811","-34,94329214",SPRF-PE,DEL01-PE,UOP01-DEL01-PE
568226,2023-12-16,sábado,12:30:00,PE,232,390,SERRA TALHADA,Reação tardia ou ineficiente do condutor,Colisão traseira,Sem Vítimas,Pleno dia,Crescente,Sol,Simples,Aclive;Em Obras;Reta          ,Não,2,0,0,0,2,0,0,2,"-8,03127188","-38,13857399",SPRF-PE,DEL04-PE,UOP01-DEL04-PE
568242,2023-12-16,sábado,15:10:00,PE,101,67,RECIFE,Reação tardia ou ineficiente do condutor,Engavetamento,Sem Vítimas,Pleno dia,Decrescente,Céu Claro,Dupla,Viaduto;Declive               ,Sim,4,0,0,0,4,0,0,4,"-8,042334","-34,943096",SPRF-PE,DEL01-PE,UOP01-DEL01-PE
568492,2023-12-17,domingo,08:42:00,PE,428,"118,2",LAGOA GRANDE,Demais falhas mecânicas ou elétricas,Incêndio,Sem Vítimas,Pleno dia,Crescente,Céu Claro,Simples,Reta,Não,1,0,0,0,1,0,0,1,"-8,92341","-40,095559",SPRF-PE,DEL06-PE,UOP03-DEL06-PE
568747,2023-12-18,segunda-feira,14:00:00,PE,232,523,SALGUEIRO,Suicídio (presumido),Colisão lateral sentido oposto,Com Vítimas Feridas,Pleno dia,Decrescente,Céu Claro,Simples,Reta,Não,2,0,0,1,1,0,1,2,"-8,06735519","-39,25057298",SPRF-PE,DEL05-PE,UOP01-DEL05-PE
568752,2023-12-18,segunda-feira,15:05:00,PE,423,"73,9",JUPI,Reação tardia ou ineficiente do condutor,Engavetamento,Sem Vítimas,Pleno dia,Decrescente,Nublado,Simples,Reta;Declive                  ,Sim,3,0,0,0,3,0,0,3,"-8,709851","-36,41926432",SPRF-PE,DEL03-PE,UOP01-DEL03-PE
568761,2023-12-18,segunda-feira,14:50:00,PE,423,"67,5",JUPI,Transitar na contramão,Colisão transversal,Com Vítimas Feridas,Pleno dia,Crescente,Céu Claro,Simples,Reta,Não,2,0,0,1,1,0,1,2,"-8,67054427","-36,38419094",SPRF-PE,DEL03-PE,UOP01-DEL03-PE
568843,2023-12-18,segunda-feira,21:15:00,PE,423,154,IATI,Condutor Dormindo,Colisão frontal,Com Vítimas Feridas,Plena Noite,Decrescente,Céu Claro,Simples,Declive;Reta                  ,Não,2,0,0,1,1,0,1,2,"-9,0566026","-36,93412423",SPRF-PE,DEL03-PE,UOP01-DEL03-PE
568911,2023-12-19,terça-feira,08:45:00,PE,101,68,RECIFE,Manobra de mudança de faixa,Colisão lateral mesmo sentido,Sem Vítimas,Pleno dia,Decrescente,Chuva,Múltipla,Rotatória,Sim,2,0,0,0,2,0,0,2,"-8,05074296","-34,94580619",SPRF-PE,DEL01-PE,UOP01-DEL01-PE
568964,2023-12-19,terça-feira,12:45:00,PE,408,"36,2",ALIANCA,Ultrapassagem Indevida,Colisão frontal,Com Vítimas Feridas,Pleno dia,Decrescente,Chuva,Simples,Declive,Não,2,0,0,2,0,0,2,2,"-7,61947891","-35,24140725",SPRF-PE,DEL01-PE,UOP02-DEL01-PE