id,data_inversa,dia_semana,horario,uf,br,km,municipio,causa_acidente,tipo_acidente,classificacao_acidente,fase_dia,sentido_via,condicao_metereologica,tipo_pista,tracado_via,uso_solo,pessoas,mortos,feridos_leves,feridos_graves,ilesos,ignorados,feridos,veiculos,latitude,longitude,regional,delegacia,uop
569028,2023-12-19,terça-feira,19:30:00,PE,101,69,RECIFE,Demais falhas mecânicas ou elétricas,Queda de ocupante de veículo,Com Vítimas Feridas,Plena Noite,Decrescente,Nublado,Dupla,Aclive;Viaduto                ,Sim,3,0,2,0,1,0,2,2,"-8,05951606","-34,94581024",SPRF-PE,DEL01-PE,UOP01-DEL01-PE
569090,2023-12-20,quarta-feira,04:14:00,PE,232,103,BEZERROS,Animais na Pista,Atropelamento de Animal,Sem Vítimas,Plena Noite,Decrescente,Garoa/Chuvisco,Dupla,Reta;Declive                  ,Não,3,0,0,0,3,0,0,3,"-8,25219029","-35,76584983",SPRF-PE,DEL02-PE,UOP02-DEL02PE
569327,2023-12-20,quarta-feira,18:15:00,PE,423,"77,5",JUCATI,Demais falhas mecânicas ou elétricas,Incêndio,Sem Vítimas,Plena Noite,Decrescente,Céu Claro,Simples,Aclive;Reta                   ,Não,1,0,0,0,1,0,0,1,"-8,73604666","-36,4310503",SPRF-PE,DEL03-PE,UOP01-DEL03-PE
569357,2023-12-21,quinta-feira,07:05:00,PE,101,42,IGARASSU,Ausência de reação do condutor,Colisão traseira,Com Vítimas Feridas,Pleno dia,Crescente,Céu Claro,Múltipla,Declive,Sim,2,0,1,0,1,0,1,2,"-7,83887431","-34,91196739",SPRF-PE,DEL01-PE,UOP02-DEL01-PE
569439,2023-12-19,terça-feira,16:25:00,PE,232,30,MORENO,Acesso irregular,Colisão lateral mesmo sentido,Com Vítimas Feridas,Pleno dia,Crescente,Céu Claro,Dupla,Reta,Não,2,0,0,1,0,1,1,2,"-8,111269","-35,143135",SPRF-PE,DEL01-PE,UOP01-DEL01-PE
569522,2023-12-21,quinta-feira,16:30:00,PE,232,53,VITORIA DE SANTO ANTAO,Velocidade Incompatível,Tombamento,Com Vítimas Feridas,Pleno dia,Decrescente,Nublado,Simples,Curva,Não,1,0,1,0,0,0,1,1,"-8,13014263","-35,3484723",SPRF-PE,DEL02-PE,UOP02-DEL02PE
569564,2023-12-21,quinta-feira,19:43:00,PE,316,266,BELEM DE SAO FRANCISCO,Ingestão de álcool pelo condutor,Colisão frontal,Com Vítimas Feridas,Plena Noite,Crescente,Garoa/Chuvisco,Simples,Ponte,Não,2,0,0,1,1,0,1,2,"-8,71630699","-38,89423601",SPRF-PE,DEL05-PE,UOP03-DEL05-PE
569941,2023-12-23,sábado,06:10:00,PE,232,485,VERDEJANTE,Transitar na contramão,Colisão lateral sentido oposto,Com Vítimas Feridas,Pleno dia,Decrescente,Céu Claro,Simples,Reta;Aclive                   ,Não,2,0,0,1,1,0,1,2,"-8,00758456","-38,93223474",SPRF-PE,DEL05-PE,UOP01-DEL05-PE
570332,2023-12-24,domingo,14:10:00,PE,101,"77,8",RECIFE,Velocidade Incompatível,Colisão com objeto,Com Vítimas Feridas,Pleno dia,Decrescente,Céu Claro,Dupla,Curva;Declive                 ,Sim,1,0,0,1,0,0,1,1,"-8,133843","-34,947042",SPRF-PE,DEL01-PE,UOP01-DEL01-PE
570598,2023-12-25,segunda-feira,22:10:00,PE,232,412,SERRA TALHADA,Animais na Pista,Atropelamento de Animal,Sem Vítimas,Plena Noite,Decrescente,Céu Claro,Simples,Ponte;Reta                    ,Não,2,0,0,0,2,0,0,1,"-7,98377927","-38,3208774",SPRF-PE,DEL04-PE,UOP01-DEL04-PE
570599,2023-12-25,segunda-feira,19:20:00,PE,232,"227,3",PESQUEIRA,Transitar na contramão,Colisão frontal,Com Vítimas Fatais,Plena Noite,Crescente,Céu Claro,Simples,Reta,Não,2,1,0,1,0,0,1,2,"-8,40012724","-36,84674304",SPRF-PE,DEL03-PE,UOP02-DEL03-PE
570603,2023-12-25,segunda-feira,21:17:00,PE,423,"58,2",LAJEDO,Animais na Pista,Engavetamento,Com Vítimas Feridas,Plena Noite,Decrescente,Céu Claro,Simples,Reta,Não,11,0,2,2,7,0,4,3,"-8,6395899","-36,31006213",SPRF-PE,DEL03-PE,UOP01-DEL03-PE
570623,2023-12-26,terça-feira,03:00:00,PE,104,119,PANELAS,Demais falhas mecânicas ou elétricas,Capotamento,Com Vítimas Feridas,Plena Noite,Crescente,Céu Claro,Simples,Curva,Não,1,0,1,0,0,0,1,1,"-8,69214","-36,023621",SPRF-PE,DEL02-PE,UOP03-DEL02-PE
570701,2023-12-26,terça-feira,13:40:00,PE,232,6,RECIFE,Condutor deixou de manter distância do veículo da frente,Colisão traseira,Com Vítimas Feridas,Pleno dia,Crescente,Céu Claro,Múltipla,Reta,Sim,4,0,1,0,2,1,1,3,"-8,07079525","-34,9535389",SPRF-PE,DEL01-PE,UOP01-DEL01-PE
570837,2023-12-27,quarta-feira,05:30:00,PE,316,108,OURICURI,Transitar na contramão,Colisão frontal,Com Vítimas Feridas,Amanhecer,Crescente,Céu Claro,Simples,Reta,Não,2,0,2,0,0,0,2,2,"-7,96586164","-39,88066827",SPRF-PE,DEL05-PE,UOP02-DEL05-PE
570996,2023-12-27,quarta-feira,22:00:00,PE,407,"74,2",PETROLINA,Velocidade Incompatível,Tombamento,Com Vítimas Feridas,Plena Noite,Decrescente,Céu Claro,Simples,Declive,Não,2,0,1,1,0,0,2,1,"-8,95517208","-40,7255021",SPRF-PE,DEL06-PE,UOP02-DEL06-PE
571173,2023-12-28,quinta-feira,19:20:00,PE,423,64,CALCADO,Reação tardia ou ineficiente do condutor,Tombamento,Sem Vítimas,Plena Noite,Crescente,Céu Claro,Simples,Reta,Sim,1,0,0,0,0,1,0,1,"-8,66427961","-36,35636509",SPRF-PE,DEL03-PE,UOP01-DEL03-PE
571250,2023-12-29,sexta-feira,06:00:00,PE,408,48,NAZARE DA MATA,Transitar na contramão,Colisão frontal,Com Vítimas Fatais,Pleno dia,Decrescente,Céu Claro,Simples,Declive;Curva                 ,Não,4,1,0,0,3,0,0,4,"-7,71258178","-35,23873456",SPRF-PE,DEL01-PE,UOP02-DEL01-PE
571347,2023-12-29,sexta-feira,15:10:00,PE,104,119,PANELAS,Problema com o freio,Tombamento,Com Vítimas Feridas,Pleno dia,Crescente,Céu Claro,Simples,Curva;Declive                 ,Não,1,0,1,0,0,0,1,1,"-8,690898","-36,023423",SPRF-PE,DEL02-PE,UOP03-DEL02-PE
571669,2023-12-31,domingo,07:15:00,PE,408,27,ALIANCA,Ausência de reação do condutor,Tombamento,Com Vítimas Feridas,Pleno dia,Decrescente,Sol,Simples,Curva,Não,1,0,0,1,0,0,1,1,"-7,550668","-35,256188",SPRF-PE,DEL01-PE,UOP02-DEL01-PE
573975,2023-03-25,sábado,12:30:00,PE,232,32,MORENO,Ausência de reação do condutor,Saída de leito carroçável,Com Vítimas Feridas,Pleno dia,Crescente,Chuva,Dupla,Curva,Não,1,0,1,0,0,0,1,1,"-8,10541732","-35,1665671",SPRF-PE,DEL01-PE,UOP01-DEL01-PE
521715,2023-05-08,segunda-feira,04:15:00,PE,101,49,ABREU E LIMA,Ausência de reação do condutor,Colisão traseira,Com Vítimas Feridas,Amanhecer,Decrescente,Céu Claro,Múltipla,Reta,Não,2,0,1,0,1,0,1,2,"-7,9005152","-34,90180641",SPRF-PE,DEL01-PE,UOP02-DEL01-PE
536050,2023-07-15,sábado,16:50:00,PE,232,250,ARCOVERDE,Ausência de reação do condutor,Engavetamento,Com Vítimas Feridas,Pleno dia,Crescente,Céu Claro,Simples,Reta,Não,6,0,2,0,3,1,2,3,"-8,42350887","-37,05286107",SPRF-PE,DEL04-PE,UOP02-DEL04-PE
496527,2023-01-01,domingo,03:30:00,PE,232,21,MORENO,Acumulo de água sobre o pavimento,Saída de leito carroçável,Com Vítimas Feridas,Amanhecer,Decrescente,Chuva,Dupla,Reta,Não,2,0,2,0,0,0,2,1,"-8,09580234","-35,08012588",SPRF-PE,DEL01-PE,UOP01-DEL01-PE
496558,2023-01-01,domingo,07:00:00,PE,232,11,JABOATAO DOS GUARARAPES,Reação tardia ou ineficiente do condutor,Atropelamento de Pedestre,Com Vítimas Feridas,Pleno dia,Decrescente,Céu Claro,Dupla,Curva,Sim,2,0,0,1,0,1,1,2,"-8,082244","-34,993707",SPRF-PE,DEL01-PE,UOP01-DEL01-PE
496575,2023-01-01,domingo,07:55:00,PE,232,60,POMBOS,Velocidade Incompatível,Colisão com objeto,Com Vítimas Feridas,Pleno dia,Crescente,Céu Claro,Dupla,Reta,Sim,1,0,1,0,0,0,1,1,"-8,14788448","-35,40768085",SPRF-PE,DEL02-PE,UOP02-DEL02PE
496582,2023-01-01,domingo,08:35:00,PE,101,45,IGARASSU,Ausência de reação do condutor,Colisão traseira,Com Vítimas Feridas,Pleno dia,Decrescente,Céu Claro,Múltipla,Reta,Sim,2,0,0,1,1,0,1,2,"-7,86521297","-34,90715176",SPRF-PE,DEL01-PE,UOP02-DEL01-PE
496614,2023-01-01,domingo,14:00:00,PE,232,"130,6",CARUARU,Ingestão de álcool pelo condutor,Colisão com objeto,Com Vítimas Feridas,Pleno dia,Crescente,Nublado,Dupla,Declive;Reta                  ,Sim,1,0,1,0,0,0,1,1,"-8,29966996","-35,99274516",SPRF-PE,DEL02-PE,UOP01-DEL02-PE
496616,2023-01-01,domingo,13:30:00,PE,232,64,POMBOS,Demais falhas mecânicas ou elétricas,Colisão com objeto,Sem Vítimas,Pleno dia,Decrescente,Céu Claro,Dupla,Reta;Declive                  ,Não,1,0,0,0,1,0,0,1,"-8,16152271","-35,43959107",SPRF-PE,DEL02-PE,UOP02-DEL02PE
496625,2023-01-01,domingo,14:45:00,PE,101,37,IGARASSU,Desrespeitar a preferência no cruzamento,Colisão transversal,Com Vítimas Feridas,Pleno dia,Crescente,Céu Claro,Dupla,Reta,Não,3,0,0,2,1,0,2,2,"-7,79726705","-34,9274932",SPRF-PE,DEL01-PE,UOP02-DEL01-PE
496633,2023-01-01,domingo,15:40:00,PE,408,31,ALIANCA,Conversão proibida,Colisão frontal,Com Vítimas Feridas,Pleno dia,Decrescente,Céu Claro,Simples,Curva,Não,4,0,3,0,1,0,3,2,"-7,5940327","-35,24470263",SPRF-PE,DEL01-PE,UOP02-DEL01-PE
496710,2023-01-01,domingo,21:30:00,PE,101,"52,2",PAULISTA,Reação tardia ou ineficiente do condutor,Tombamento,Com Vítimas Feridas,Plena Noite,Crescente,Chuva,Múltipla,Reta,Não,2,0,2,0,0,0,2,1,"-7,92358799","-34,89607201",SPRF-PE,DEL01-PE,UOP02-DEL01-PE
496718,2023-01-01,domingo,22:40:00,PE,101,57,PAULISTA,Ausência de reação do condutor,Saída de leito carroçável,Sem Vítimas,Plena Noite,Crescente,Nublado,Dupla,Reta;Declive                  ,Não,1,0,0,0,0,1,0,1,"-7,96346213","-34,91513486",SPRF-PE,DEL01-PE,UOP02-DEL01-PE
496726,2023-01-01,domingo,23:30:00,PE,232,"51,4",VITORIA DE SANTO ANTAO,Chuva,Saída de leito carroçável,Sem Vítimas,Plena Noite,Decrescente,Chuva,Dupla,Curva,Sim,1,0,0,0,1,0,0,1,"-8,13823439","-35,33196918",SPRF-PE,DEL01-PE,UOP01-DEL01-PE
496760,2023-01-02,segunda-feira,07:15:00,PE,232,"7,8",RECIFE,Condutor deixou de manter distância do veículo da frente,Colisão traseira,Com Vítimas Feridas,Pleno dia,Crescente,Chuva,Simples,Reta;Em Obras                 ,Sim,2,0,1,0,1,0,1,2,"-8,075757","-34,970321",SPRF-PE,DEL01-PE,UOP01-DEL01-PE
496832,2023-01-02,segunda-feira,12:30:00,PE,232,408,SERRA TALHADA,Reação tardia ou ineficiente do condutor,Colisão transversal,Com Vítimas Feridas,Pleno dia,Crescente,Céu Claro,Simples,Reta;Interseção de Vias       ,Não,1,0,0,1,0,0,1,1,"-7,98371447","-38,28047709",SPRF-PE,DEL04-PE,UOP01-DEL04-PE
496850,2023-01-02,segunda-feira,16:30:00,PE,428,188,PETROLINA,Manobra de mudança de faixa,Colisão lateral mesmo sentido,Com Vítimas Feridas,Pleno dia,Crescente,Nublado,Dupla,Reta,Sim,3,0,2,0,1,0,2,2,"-9,36400596","-40,48266808",SPRF-PE,DEL06-PE,UOP01-DEL06-PE
496868,2023-01-02,segunda-feira,17:50:00,PE,101,48,ABREU E LIMA,Iluminação deficiente,Atropelamento de Pedestre,Com Vítimas Feridas,Anoitecer,Decrescente,Céu Claro,Múltipla,Curva,Não,2,0,0,1,0,1,1,2,"-7,89174705","-34,9033493",SPRF-PE,DEL01-PE,UOP02-DEL01-PE
496964,2023-01-03,terça-feira,06:30:00,PE,428,176,PETROLINA,Falta de elemento de contenção que evite a saída do leito carroçável,Saída de leito carroçável,Com Vítimas Feridas,Pleno dia,Decrescente,Céu Claro,Simples,Reta,Não,2,0,1,0,1,0,1,1,"-9,26824308","-40,43343586",SPRF-PE,DEL06-PE,UOP01-DEL06-PE
497001,2023-01-03,terça-feira,11:00:00,PE,232,135,CARUARU,Ausência de reação do condutor,Saída de leito carroçável,Com Vítimas Feridas,Pleno dia,Crescente,Céu Claro,Dupla,Reta,Sim,2,0,1,0,1,0,1,1,"-8,31096592","-36,03308802",SPRF-PE,DEL02-PE,UOP01-DEL02-PE
497029,2023-01-03,terça-feira,13:30:00,PE,101,"74,7",RECIFE,Animais na Pista,Atropelamento de Animal,Com Vítimas Feridas,Pleno dia,Decrescente,Céu Claro,Dupla,Reta,Sim,2,0,1,0,0,1,1,1,"-8,109115","-34,946893",SPRF-PE,DEL01-PE,UOP01-DEL01-PE
497053,2023-01-03,terça-feira,14:40:00,PE,101,"48,2",ABREU E LIMA,Demais falhas na via,Colisão com objeto,Sem Vítimas,Pleno dia,Decrescente,Céu Claro,Múltipla,Reta,Não,2,0,0,0,2,0,0,1,"-7,8910423","-34,9034331",SPRF-PE,DEL01-PE,UOP02-DEL01-PE
497148,2023-01-04,quarta-feira,07:00:00,PE,232,16,JABOATAO DOS GUARARAPES,Acessar a via sem observar a presença dos outros veículos,Colisão lateral mesmo sentido,Com Vítimas Feridas,Pleno dia,Decrescente,Céu Claro,Dupla,Reta,Não,3,0,0,1,0,2,1,3,"-8,09414193","-35,03716601",SPRF-PE,DEL01-PE,UOP01-DEL01-PE
497154,2023-01-04,quarta-feira,06:50:00,PE,408,99,SAO LOURENCO DA MATA,Condutor Dormindo,Saída de leito carroçável,Com Vítimas Feridas,Pleno dia,Crescente,Céu Claro,Dupla,Reta,Não,2,0,1,0,0,1,1,2,"-8,04133634","-35,02531212",SPRF-PE,DEL01-PE,UOP01-DEL01-PE
497162,2023-01-04,quarta-feira,08:00:00,PE,408,"92,5",SAO LOURENCO DA MATA,Pedestre cruzava a pista fora da faixa,Saída de leito carroçável,Com Vítimas Feridas,Pleno dia,Crescente,Céu Claro,Dupla,Declive;Reta                  ,Não,1,0,1,0,0,0,1,1,"-7,99979861","-35,06313386",SPRF-PE,DEL01-PE,UOP01-DEL01-PE
497202,2023-01-04,quarta-feira,12:15:00,PE,423,"196,1",ITAIBA,Manobra de mudança de faixa,Colisão lateral mesmo sentido,Com Vítimas Feridas,Pleno dia,Crescente,Céu Claro,Simples,Reta;Aclive                   ,Não,4,0,1,0,2,1,1,2,"-9,13623085","-37,286076",SPRF-AL,DEL03-AL,UOP02-DEL03-AL
497208,2023-01-04,quarta-feira,10:40:00,PE,316,305,FLORESTA,Reação tardia ou ineficiente do condutor,Colisão traseira,Com Vítimas Feridas,Pleno dia,Decrescente,Céu Claro,Simples,Reta,Não,7,0,1,0,5,1,1,3,"-8,61276295","-38,56374992",SPRF-PE,DEL04-PE,UOP03-DEL04-PE
497350,2023-01-05,quinta-feira,05:40:00,PE,101,67,RECIFE,Ausência de reação do condutor,Queda de ocupante de veículo,Com Vítimas Feridas,Amanhecer,Decrescente,Céu Claro,Dupla,Reta,Sim,1,0,0,1,0,0,1,1,"-8,042334","-34,943096",SPRF-PE,DEL01-PE,UOP01-DEL01-PE
497351,2023-01-05,quinta-feira,06:20:00,PE,101,68,RECIFE,Manobra de mudança de faixa,Colisão lateral mesmo sentido,Com Vítimas Feridas,Pleno dia,Crescente,Nublado,Dupla,Reta;Aclive;Viaduto           ,Não,3,0,1,0,2,0,1,2,"-8,05074296","-34,94580619",SPRF-PE,DEL01-PE,UOP01-DEL01-PE
497423,2023-01-05,quinta-feira,15:20:00,PE,101,"43,5",IGARASSU,Condutor deixou de manter distância do veículo da frente,Colisão traseira,Com Vítimas Feridas,Pleno dia,Decrescente,Céu Claro,Múltipla,Reta,Não,2,0,1,0,1,0,1,2,"-7,84753808","-34,90977038",SPRF-PE,DEL01-PE,UOP02-DEL01-PE
497468,2023-01-05,quinta-feira,16:40:00,PE,424,11,ARCOVERDE,Transitar na contramão,Colisão lateral sentido oposto,Com Vítimas Feridas,Pleno dia,Decrescente,Céu Claro,Simples,Reta,Não,6,0,0,1,5,0,1,2,"-8,49726767","-37,00122198",SPRF-PE,DEL04-PE,UOP02-DEL04-PE
497469,2023-01-05,quinta-feira,19:45:00,PE,101,68,RECIFE,Manobra de mudança de faixa,Colisão lateral mesmo sentido,Com Vítimas Feridas,Plena Noite,Crescente,Céu Claro,Dupla,Viaduto;Reta;Aclive           ,Sim,3,0,2,0,0,1,2,2,"-8,05074296","-34,94580619",SPRF-PE,DEL01-PE,UOP01-DEL01-PE
497482,2023-01-05,quinta-feira,20:40:00,PE,101,"61,4",RECIFE,Reação tardia ou ineficiente do condutor,Colisão traseira,Com Vítimas Feridas,Plena Noite,Crescente,Céu Claro,Dupla,Reta,Sim,3,0,1,0,2,0,1,2,"-7,99097103","-34,93598295",SPRF-PE,DEL01-PE,UOP02-DEL01-PE
497521,2023-01-06,sexta-feira,06:50:00,PE,428,"187,6",PETROLINA,Pedestre cruzava a pista fora da faixa,Atropelamento de Pedestre,Com Vítimas Feridas,Pleno dia,Decrescente,Céu Claro,Dupla,Reta,Sim,2,0,1,0,1,0,1,2,"-9,35604301","-40,47854198",SPRF-PE,DEL06-PE,UOP01-DEL06-PE
497532,2023-01-06,sexta-feira,08:45:00,PE,428,188,PETROLINA,Manobra de mudança de faixa,Colisão lateral mesmo sentido,Com Vítimas Feridas,Pleno dia,Crescente,Céu Claro,Dupla,Curva,Sim,2,0,1,0,1,0,1,2,"-9,36400596","-40,48266808",SPRF-PE,DEL06-PE,UOP01-DEL06-PE
497559,2023-01-06,sexta-feira,10:20:00,PE,232,"97,4",BEZERROS,Acesso irregular,Colisão lateral sentido oposto,Com Vítimas Feridas,Pleno dia,Crescente,Céu Claro,Dupla,Curva,Sim,2,0,1,0,0,1,1,2,"-8,23484","-35,723075",SPRF-PE,DEL02-PE,UOP02-DEL02PE
497597,2023-01-06,sexta-feira,14:45:00,PE,101,53,PAULISTA,Ausência de reação do condutor,Colisão traseira,Com Vítimas Feridas,Pleno dia,Decrescente,Céu Claro,Múltipla,Reta,Sim,2,0,0,1,1,0,1,2,"-7,93124094","-34,90068606",SPRF-PE,DEL01-PE,UOP02-DEL01-PE
497636,2023-01-06,sexta-feira,18:00:00,PE,232,43,VITORIA DE SANTO ANTAO,Acessar a via sem observar a presença dos outros veículos,Colisão transversal,Com Vítimas Feridas,Plena Noite,Decrescente,Céu Claro,Dupla,Retorno Regulamentado,Não,2,0,1,0,1,0,1,2,"-8,117716","-35,259663",SPRF-PE,DEL01-PE,UOP01-DEL01-PE
497644,2023-01-06,sexta-feira,19:16:00,PE,101,"51,2",ABREU E LIMA,Demais falhas na via,Tombamento,Com Vítimas Feridas,Plena Noite,Crescente,Céu Claro,Simples,Reta,Sim,1,0,0,1,0,0,1,1,"-7,9169968","-34,89689272",SPRF-PE,DEL01-PE,UOP02-DEL01-PE
497651,2023-01-06,sexta-feira,16:00:00,PE,408,"85,1",PAUDALHO,Condutor Dormindo,Saída de leito carroçável,Sem Vítimas,Pleno dia,Decrescente,Céu Claro,Dupla,Reta,Não,1,0,0,0,1,0,0,1,"-7,95430093","-35,10252793",SPRF-PE,DEL01-PE,UOP01-DEL01-PE
497666,2023-01-06,sexta-feira,20:40:00,PE,232,"208,6",PESQUEIRA,Conversão proibida,Colisão lateral sentido oposto,Com Vítimas Feridas,Plena Noite,Crescente,Nublado,Simples,Interseção de Vias,Não,2,0,0,1,1,0,1,2,"-8,36794109","-36,67972403",SPRF-PE,DEL03-PE,UOP02-DEL03-PE
497668,2023-01-06,sexta-feira,20:35:00,PE,232,251,ARCOVERDE,Animais na Pista,Atropelamento de Animal,Com Vítimas Feridas,Plena Noite,Crescente,Céu Claro,Simples,Reta,Sim,2,0,1,0,1,0,1,1,"-8,429241","-37,060127",SPRF-PE,DEL04-PE,UOP02-DEL04-PE
497675,2023-01-06,sexta-feira,21:40:00,PE,101,"78,3",RECIFE,Entrada inopinada do pedestre,Atropelamento de Pedestre,Com Vítimas Feridas,Plena Noite,Crescente,Céu Claro,Dupla,Reta,Sim,2,0,0,2,0,0,2,2,"-8,13496499","-34,94738614",SPRF-PE,DEL01-PE,UOP01-DEL01-PE
497692,2023-01-07,sábado,02:00:00,PE,424,"90,3",GARANHUNS,Ingestão de álcool pelo condutor,Saída de leito carroçável,Sem Vítimas,Anoitecer,Crescente,Nevoeiro/Neblina,Simples,Curva;Aclive                  ,Não,1,0,0,0,0,1,0,1,"-8,898688","-36,502983",SPRF-PE,DEL03-PE,UOP01-DEL03-PE
497837,2023-01-07,sábado,20:40:00,PE,428,"173,8",PETROLINA,Ultrapassagem Indevida,Colisão frontal,Com Vítimas Fatais,Plena Noite,Crescente,Céu Claro,Simples,Reta,Não,5,1,0,4,0,0,4,2,"-9,24429991","-40,42112617",SPRF-PE,DEL06-PE,UOP01-DEL06-PE
497848,2023-01-07,sábado,21:20:00,PE,232,5,RECIFE,Ausência de reação do condutor,Colisão traseira,Com Vítimas Feridas,Plena Noite,Crescente,Céu Claro,Dupla,Em Obras;Reta;Desvio Temporári,Não,2,0,0,1,1,0,1,2,"-8,06795766","-34,94535414",SPRF-PE,DEL01-PE,UOP01-DEL01-PE
497856,2023-01-07,sábado,21:50:00,PE,101,70,RECIFE,Acessar a via sem observar a presença dos outros veículos,Atropelamento de Pedestre,Com Vítimas Feridas,Plena Noite,Decrescente,Céu Claro,Dupla,Reta,Sim,2,0,0,1,1,0,1,2,"-8,06776119","-34,94265074",SPRF-PE,DEL01-PE,UOP01-DEL01-PE
497861,2023-01-07,sábado,22:10:00,PE,110,"245,5",JATOBA,Animais na Pista,Queda de ocupante de veículo,Com Vítimas Fatais,Plena Noite,Crescente,Céu Claro,Simples,Reta,Não,3,1,1,1,0,0,2,1,"-9,18237078","-38,25635876",SPRF-BA,DEL07-BA,UOP01-DEL07-BA
497928,2023-01-08,domingo,03:48:00,PE,408,85,PAUDALHO,Velocidade Incompatível,Saída de leito carroçável,Sem Vítimas,Plena Noite,Decrescente,Garoa/Chuvisco,Dupla,Rotatória,Não,1,0,0,0,0,1,0,1,"-7,95430093","-35,10252793",SPRF-PE,DEL01-PE,UOP01-DEL01-PE
497937,2023-01-08,domingo,07:15:00,PE,101,78,RECIFE,Retorno proibido,Colisão lateral mesmo sentido,Com Vítimas Feridas,Pleno dia,Crescente,Céu Claro,Dupla,Curva,Sim,3,0,2,0,0,1,2,2,"-8,13496499","-34,94738614",SPRF-PE,DEL01-PE,UOP01-DEL01-PE
497964,2023-01-08,domingo,11:15:00,PE,232,403,SERRA TALHADA,Manobra de mudança de faixa,Colisão lateral mesmo sentido,Com Vítimas Feridas,Pleno dia,Decrescente,Céu Claro,Simples,Reta,Não,7,0,1,0,6,0,1,2,"-8,003365","-38,244273",SPRF-PE,DEL04-PE,UOP01-DEL04-PE
497978,2023-01-08,domingo,10:28:00,PE,316,"24,6",ARARIPINA,Acessar a via sem observar a presença dos outros veículos,Colisão transversal,Com Vítimas Feridas,Pleno dia,Decrescente,Céu Claro,Simples,Reta;Aclive                   ,Sim,2,0,1,0,1,0,1,2,"-7,588004","-40,49662",SPRF-PE,DEL05-PE,UOP02-DEL05-PE
498026,2023-01-08,domingo,16:00:00,PE,232,360,FLORES,Ausência de reação do condutor,Saída de leito carroçável,Com Vítimas Feridas,Pleno dia,Crescente,Céu Claro,Simples,Declive,Não,4,0,2,0,2,0,2,1,"-8,04483011","-37,876587",SPRF-PE,DEL04-PE,UOP01-DEL04-PE
498068,2023-01-08,domingo,20:15:00,PE,428,"187,2",PETROLINA,Ingestão de álcool ou de substâncias psicoativas pelo pedestre,Atropelamento de Pedestre,Com Vítimas Feridas,Plena Noite,Decrescente,Céu Claro,Dupla,Reta,Sim,2,0,0,1,0,1,1,2,"-9,3694111","-40,48536041",SPRF-PE,DEL06-PE,UOP01-DEL06-PE
498091,2023-01-08,domingo,22:28:00,PE,423,94,GARANHUNS,Transitar na contramão,Colisão frontal,Sem Vítimas,Plena Noite,Decrescente,Nublado,Simples,Reta,Sim,2,0,0,0,2,0,0,2,"-8,874732","-36,46946",SPRF-PE,DEL03-PE,UOP01-DEL03-PE
498095,2023-01-08,domingo,22:15:00,PE,428,"81,9",SANTA MARIA DA BOA VISTA,Animais na Pista,Atropelamento de Animal,Com Vítimas Feridas,Plena Noite,Crescente,Céu Claro,Simples,Reta,Não,1,0,0,1,0,0,1,1,"-8,77720213","-39,81841269",SPRF-PE,DEL06-PE,UOP03-DEL06-PE
498159,2023-01-09,segunda-feira,08:10:00,PE,104,"53,8",CARUARU,Ausência de reação do condutor,Atropelamento de Pedestre,Com Vítimas Fatais,Pleno dia,Crescente,Céu Claro,Dupla,Reta,Não,2,1,0,0,0,1,0,2,"-8,1928","-35,9662",SPRF-PE,DEL02-PE,UOP01-DEL02-PE
498167,2023-01-09,segunda-feira,09:15:00,PE,101,"41,5",IGARASSU,Condutor deixou de manter distância do veículo da frente,Colisão traseira,Com Vítimas Feridas,Pleno dia,Crescente,Nublado,Dupla,Reta,Sim,3,0,2,0,1,0,2,2,"-7,83038346","-34,91426785",SPRF-PE,DEL01-PE,UOP02-DEL01-PE
498209,2023-01-09,segunda-feira,09:54:00,PE,232,290,SERTANIA,Condutor Dormindo,Colisão frontal,Com Vítimas Fatais,Pleno dia,Crescente,Céu Claro,Simples,Reta,Não,4,1,0,3,0,0,3,2,"-8,30538909","-37,36919509",SPRF-PE,DEL04-PE,UOP02-DEL04-PE
498228,2023-01-09,segunda-feira,15:05:00,PE,101,86,JABOATAO DOS GUARARAPES,Ausência de reação do condutor,Colisão traseira,Com Vítimas Feridas,Pleno dia,Decrescente,Céu Claro,Dupla,Reta;Ponte                    ,Sim,7,0,5,0,2,0,5,3,"-8,18470013","-34,96816895",SPRF-PE,DEL01-PE,UOP01-DEL01-PE
498266,2023-01-09,segunda-feira,18:10:00,PE,101,72,RECIFE,Entrada inopinada do pedestre,Atropelamento de Pedestre,Com Vítimas Feridas,Plena Noite,Crescente,Céu Claro,Dupla,Curva,Sim,3,0,2,0,1,0,2,3,"-8,08493106","-34,9450639",SPRF-PE,DEL01-PE,UOP01-DEL01-PE
498316,2023-01-10,terça-feira,00:10:00,PE,232,144,SAO CAITANO,Animais na Pista,Atropelamento de Animal,Com Vítimas Feridas,Plena Noite,Crescente,Céu Claro,Dupla,Reta,Não,2,0,2,0,0,0,2,1,"-8,32522249","-36,11250878",SPRF-PE,DEL03-PE,UOP02-DEL03-PE