id,data_inversa,dia_semana,horario,uf,br,km,municipio,causa_acidente,tipo_acidente,classificacao_acidente,fase_dia,sentido_via,condicao_metereologica,tipo_pista,tracado_via,uso_solo,pessoas,mortos,feridos_leves,feridos_graves,ilesos,ignorados,feridos,veiculos,latitude,longitude,regional,delegacia,uop
498380,2023-01-10,terça-feira,11:30:00,PE,428,156,PETROLINA,Avarias e/ou desgaste excessivo no pneu,Capotamento,Com Vítimas Feridas,Pleno dia,Crescente,Céu Claro,Simples,Reta,Não,5,0,5,0,0,0,5,1,"-9,11632505","-40,33873691",SPRF-PE,DEL06-PE,UOP01-DEL06-PE
498433,2023-01-10,terça-feira,19:30:00,PE,101,72,RECIFE,Ultrapassagem Indevida,Colisão lateral mesmo sentido,Com Vítimas Feridas,Plena Noite,Decrescente,Céu Claro,Múltipla,Reta,Sim,2,0,0,1,1,0,1,2,"-8,08493106","-34,9450639",SPRF-PE,DEL01-PE,UOP01-DEL01-PE
498480,2023-01-11,quarta-feira,07:00:00,PE,232,"82,1",GRAVATA,Reação tardia ou ineficiente do condutor,Colisão traseira,Sem Vítimas,Pleno dia,Crescente,Céu Claro,Múltipla,Reta;Interseção de Vias       ,Sim,2,0,0,0,2,0,0,2,"-8,19905415","-35,58715194",SPRF-PE,DEL02-PE,UOP02-DEL02PE
498482,2023-01-11,quarta-feira,06:50:00,PE,428,"189,9",PETROLINA,Condutor deixou de manter distância do veículo da frente,Colisão lateral mesmo sentido,Com Vítimas Feridas,Pleno dia,Crescente,Céu Claro,Dupla,Reta,Sim,2,0,1,0,1,0,1,2,"-9,37197508","-40,48679585",SPRF-PE,DEL06-PE,UOP01-DEL06-PE
498490,2023-01-11,quarta-feira,07:45:00,PE,101,91,JABOATAO DOS GUARARAPES,Condutor deixou de manter distância do veículo da frente,Colisão traseira,Com Vítimas Feridas,Pleno dia,Decrescente,Nublado,Dupla,Reta,Não,3,0,1,1,1,0,2,2,"-8,21612792","-34,98772817",SPRF-PE,DEL01-PE,UOP01-DEL01-PE
498495,2023-01-11,quarta-feira,07:50:00,PE,101,"17,5",GOIANA,Ausência de reação do condutor,Atropelamento de Pedestre,Com Vítimas Fatais,Pleno dia,Decrescente,Nublado,Dupla,Reta,Não,4,1,0,1,2,0,1,2,"-7,64064477","-34,95599769",SPRF-PE,DEL01-PE,UOP02-DEL01-PE
498527,2023-01-11,quarta-feira,08:00:00,PE,424,"7,2",ARCOVERDE,Acessar a via sem observar a presença dos outros veículos,Colisão transversal,Com Vítimas Feridas,Pleno dia,Crescente,Céu Claro,Simples,Reta,Não,2,0,1,0,1,0,1,2,"-8,48502712","-37,03232027",SPRF-PE,DEL04-PE,UOP02-DEL04-PE
498570,2023-01-11,quarta-feira,17:35:00,PE,101,"84,5",JABOATAO DOS GUARARAPES,Condutor deixou de manter distância do veículo da frente,Colisão traseira,Com Vítimas Feridas,Anoitecer,Decrescente,Céu Claro,Dupla,Reta;Ponte                    ,Não,2,0,0,1,0,1,1,2,"-8,17778559","-34,95087297",SPRF-PE,DEL01-PE,UOP01-DEL01-PE
498585,2023-01-11,quarta-feira,17:50:00,PE,101,74,RECIFE,Acumulo de óleo sobre o pavimento,Tombamento,Com Vítimas Feridas,Anoitecer,Decrescente,Céu Claro,Dupla,Reta,Não,3,0,1,1,1,0,2,3,"-8,10146485","-34,94901577",SPRF-PE,DEL01-PE,UOP01-DEL01-PE
498704,2023-01-12,quinta-feira,12:00:00,PE,101,"72,8",RECIFE,Reação tardia ou ineficiente do condutor,Colisão traseira,Com Vítimas Feridas,Pleno dia,Crescente,Céu Claro,Dupla,Curva,Sim,2,0,2,0,0,0,2,2,"-8,08493106","-34,9450639",SPRF-PE,DEL01-PE,UOP01-DEL01-PE
498729,2023-01-12,quinta-feira,13:30:00,PE,101,52,PAULISTA,Manobra de mudança de faixa,Colisão traseira,Com Vítimas Feridas,Pleno dia,Crescente,Céu Claro,Dupla,Reta,Não,3,0,2,0,1,0,2,2,"-7,92358799","-34,89607201",SPRF-PE,DEL01-PE,UOP02-DEL01-PE
498842,2023-01-13,sexta-feira,06:45:00,PE,101,"74,9",RECIFE,Reação tardia ou ineficiente do condutor,Tombamento,Com Vítimas Feridas,Pleno dia,Decrescente,Céu Claro,Dupla,Reta,Sim,1,0,1,0,0,0,1,1,"-8,112234","-34,94565",SPRF-PE,DEL01-PE,UOP01-DEL01-PE
498864,2023-01-13,sexta-feira,08:00:00,PE,101,"112,6",CABO DE SANTO AGOSTINHO,Ausência de reação do condutor,Capotamento,Com Vítimas Feridas,Pleno dia,Decrescente,Nublado,Dupla,Curva,Não,1,0,1,0,0,0,1,1,"-8,3278918","-35,119238",SPRF-PE,DEL01-PE,UOP03-DEL01-PE
498921,2023-01-13,sexta-feira,15:30:00,PE,232,90,GRAVATA,Ausência de reação do condutor,Saída de leito carroçável,Com Vítimas Feridas,Pleno dia,Crescente,Céu Claro,Dupla,Curva,Sim,2,0,1,0,1,0,1,1,"-8,2172915","-35,65572305",SPRF-PE,DEL02-PE,UOP02-DEL02PE
498955,2023-01-13,sexta-feira,17:45:00,PE,104,"63,5",CARUARU,Animais na Pista,Atropelamento de Animal,Com Vítimas Feridas,Anoitecer,Crescente,Céu Claro,Dupla,Viaduto;Reta;Aclive           ,Sim,2,0,2,0,0,0,2,1,"-8,2698","-35,9803",SPRF-PE,DEL02-PE,UOP01-DEL02-PE
499026,2023-01-14,sábado,00:29:00,PE,101,"79,4",RECIFE,Animais na Pista,Atropelamento de Animal,Com Vítimas Feridas,Plena Noite,Decrescente,Céu Claro,Dupla,Curva;Declive                 ,Sim,1,0,1,0,0,0,1,1,"-8,15112589","-34,9428866",SPRF-PE,DEL01-PE,UOP01-DEL01-PE
499055,2023-01-14,sábado,07:35:00,PE,101,"70,9",RECIFE,Pista esburacada,Tombamento,Com Vítimas Feridas,Pleno dia,Crescente,Nublado,Simples,Aclive;Curva                  ,Sim,2,0,2,0,0,0,2,1,"-8,077014","-34,943227",SPRF-PE,DEL01-PE,UOP01-DEL01-PE
499060,2023-01-14,sábado,08:00:00,PE,101,"80,4",JABOATAO DOS GUARARAPES,Demais falhas mecânicas ou elétricas,Queda de ocupante de veículo,Com Vítimas Feridas,Pleno dia,Crescente,Céu Claro,Dupla,Curva,Sim,2,0,0,1,1,0,1,1,"-8,15112589","-34,9428866",SPRF-PE,DEL01-PE,UOP01-DEL01-PE
499104,2023-01-14,sábado,11:09:00,PE,101,44,IGARASSU,Manobra de mudança de faixa,Colisão traseira,Com Vítimas Feridas,Pleno dia,Crescente,Céu Claro,Dupla,Reta,Sim,2,0,1,0,1,0,1,2,"-7,85637001","-34,90842109",SPRF-PE,DEL01-PE,UOP02-DEL01-PE
499280,2023-01-15,domingo,06:30:00,PE,408,72,PAUDALHO,Ausência de sinalização,Colisão traseira,Com Vítimas Feridas,Pleno dia,Decrescente,Chuva,Dupla,Reta;Aclive                   ,Sim,6,0,2,3,1,0,5,2,"-7,88298505","-35,18197309",SPRF-PE,DEL01-PE,UOP01-DEL01-PE
499320,2023-01-15,domingo,10:50:00,PE,408,35,ALIANCA,Acessar a via sem observar a presença dos outros veículos,Colisão transversal,Com Vítimas Fatais,Pleno dia,Decrescente,Céu Claro,Simples,Curva,Não,3,1,0,0,2,0,0,2,"-7,5940327","-35,24470263",SPRF-PE,DEL01-PE,UOP02-DEL01-PE
499321,2023-01-15,domingo,13:30:00,PE,101,67,RECIFE,Manobra de mudança de faixa,Colisão lateral mesmo sentido,Com Vítimas Feridas,Pleno dia,Crescente,Céu Claro,Múltipla,Reta,Sim,3,0,2,0,1,0,2,2,"-8,042334","-34,943096",SPRF-PE,DEL01-PE,UOP01-DEL01-PE
499331,2023-01-15,domingo,14:50:00,PE,408,103,JABOATAO DOS GUARARAPES,Acesso irregular,Colisão transversal,Com Vítimas Feridas,Pleno dia,Crescente,Céu Claro,Dupla,Reta,Sim,3,0,2,0,1,0,2,2,"-8,05746154","-34,99468175",SPRF-PE,DEL01-PE,UOP01-DEL01-PE
499334,2023-01-15,domingo,14:00:00,PE,408,79,PAUDALHO,Manobra de mudança de faixa,Colisão lateral mesmo sentido,Com Vítimas Feridas,Pleno dia,Crescente,Céu Claro,Dupla,Reta,Não,3,0,2,0,1,0,2,2,"-7,92735072","-35,14679086",SPRF-PE,DEL01-PE,UOP01-DEL01-PE
499336,2023-01-15,domingo,14:30:00,PE,408,"76,4",PAUDALHO,Acesso irregular,Colisão transversal,Com Vítimas Feridas,Pleno dia,Decrescente,Céu Claro,Simples,Rotatória,Não,2,0,1,0,1,0,1,2,"-7,917698","-35,166498",SPRF-PE,DEL01-PE,UOP01-DEL01-PE
499353,2023-01-15,domingo,15:30:00,PE,101,154,RIBEIRAO,Acumulo de água sobre o pavimento,Saída de leito carroçável,Com Vítimas Feridas,Pleno dia,Decrescente,Chuva,Dupla,Curva,Não,4,0,0,4,0,0,4,1,"-8,52860711","-35,38883966",SPRF-PE,DEL01-PE,UOP03-DEL01-PE
499450,2023-01-16,segunda-feira,00:00:00,PE,104,"80,6",AGRESTINA,Transitar na contramão,Colisão frontal,Com Vítimas Fatais,Plena Noite,Crescente,Céu Claro,Simples,Reta,Não,3,1,0,0,2,0,0,2,"-8,397874","-35,973396",SPRF-PE,DEL02-PE,UOP01-DEL02-PE
499475,2023-01-16,segunda-feira,06:35:00,PE,101,"64,5",RECIFE,Animais na Pista,Atropelamento de Animal,Com Vítimas Feridas,Pleno dia,Decrescente,Nublado,Múltipla,Reta,Não,1,0,0,1,0,0,1,1,"-8,021973","-34,942708",SPRF-PE,DEL01-PE,UOP01-DEL01-PE
499478,2023-01-16,segunda-feira,07:00:00,PE,104,"80,7",AGRESTINA,Acessar a via sem observar a presença dos outros veículos,Colisão transversal,Sem Vítimas,Pleno dia,Crescente,Céu Claro,Simples,Reta,Não,3,0,0,0,3,0,0,2,"-8,40431112","-35,97229265",SPRF-PE,DEL02-PE,UOP01-DEL02-PE
499492,2023-01-16,segunda-feira,08:00:00,PE,101,"64,7",RECIFE,Reação tardia ou ineficiente do condutor,Colisão traseira,Com Vítimas Feridas,Pleno dia,Crescente,Céu Claro,Dupla,Reta,Não,4,0,1,0,3,0,1,4,"-8,0162921","-34,94045886",SPRF-PE,DEL01-PE,UOP01-DEL01-PE
499532,2023-01-16,segunda-feira,09:35:00,PE,232,"409,9",SERRA TALHADA,Acesso irregular,Colisão transversal,Sem Vítimas,Pleno dia,Decrescente,Céu Claro,Simples,Interseção de Vias,Sim,2,0,0,0,2,0,0,2,"-7,981944","-38,289467",SPRF-PE,DEL04-PE,UOP01-DEL04-PE
499688,2023-01-17,terça-feira,08:46:00,PE,408,104,JABOATAO DOS GUARARAPES,Reação tardia ou ineficiente do condutor,Engavetamento,Sem Vítimas,Pleno dia,Crescente,Céu Claro,Dupla,Reta,Sim,2,0,0,0,2,0,0,2,"-8,064443","-34,99006",SPRF-PE,DEL01-PE,UOP01-DEL01-PE
499723,2023-01-17,terça-feira,12:30:00,PE,101,68,RECIFE,Pista Escorregadia,Colisão traseira,Com Vítimas Feridas,Pleno dia,Decrescente,Chuva,Dupla,Reta;Rotatória                ,Sim,3,0,2,0,1,0,2,2,"-8,05074296","-34,94580619",SPRF-PE,DEL01-PE,UOP01-DEL01-PE
499733,2023-01-17,terça-feira,13:51:00,PE,316,"66,5",TRINDADE,Animais na Pista,Atropelamento de Animal,Com Vítimas Feridas,Pleno dia,Crescente,Sol,Simples,Declive;Reta                  ,Não,1,0,0,1,0,0,1,1,"-7,796262","-40,199708",SPRF-PE,DEL05-PE,UOP02-DEL05-PE
499751,2023-01-17,terça-feira,17:15:00,PE,101,74,RECIFE,Ausência de reação do condutor,Colisão traseira,Com Vítimas Feridas,Pleno dia,Crescente,Céu Claro,Dupla,Reta,Sim,4,0,2,0,2,0,2,2,"-8,10146485","-34,94901577",SPRF-PE,DEL01-PE,UOP01-DEL01-PE
499754,2023-01-17,terça-feira,17:15:00,PE,101,58,RECIFE,Pista Escorregadia,Tombamento,Com Vítimas Feridas,Pleno dia,Decrescente,Chuva,Dupla,Reta,Não,1,0,0,1,0,0,1,1,"-7,97063209","-34,92064675",SPRF-PE,DEL01-PE,UOP02-DEL01-PE
499796,2023-01-17,terça-feira,21:00:00,PE,101,"53,7",PAULISTA,Acessar a via sem observar a presença dos outros veículos,Atropelamento de Pedestre,Com Vítimas Feridas,Plena Noite,Crescente,Chuva,Múltipla,Reta,Não,2,0,2,0,0,0,2,2,"-7,93124094","-34,90068606",SPRF-PE,DEL01-PE,UOP02-DEL01-PE
499798,2023-01-17,terça-feira,20:55:00,PE,101,"53,7",PAULISTA,Condutor deixou de manter distância do veículo da frente,Colisão traseira,Com Vítimas Feridas,Plena Noite,Crescente,Chuva,Múltipla,Reta,Não,2,0,1,0,1,0,1,2,"-7,93124094","-34,90068606",SPRF-PE,DEL01-PE,UOP02-DEL01-PE
499800,2023-01-17,terça-feira,21:45:00,PE,232,81,GRAVATA,Ingestão de álcool pelo condutor,Colisão transversal,Com Vítimas Feridas,Plena Noite,Crescente,Céu Claro,Múltipla,Reta,Sim,2,0,2,0,0,0,2,2,"-8,19697746","-35,57850408",SPRF-PE,DEL02-PE,UOP02-DEL02PE
499830,2023-01-18,quarta-feira,04:20:00,PE,428,190,PETROLINA,Ingestão de álcool pelo condutor,Colisão traseira,Com Vítimas Feridas,Plena Noite,Crescente,Céu Claro,Dupla,Reta,Sim,3,0,0,1,2,0,1,2,"-9,37605965","-40,49382106",SPRF-PE,DEL06-PE,UOP01-DEL06-PE
499836,2023-01-17,terça-feira,20:00:00,PE,101,"61,7",RECIFE,Condutor Dormindo,Tombamento,Com Vítimas Feridas,Plena Noite,Crescente,Nublado,Dupla,Reta,Sim,2,0,0,2,0,0,2,1,"-7,99097103","-34,93598295",SPRF-PE,DEL01-PE,UOP02-DEL01-PE
499845,2023-01-18,quarta-feira,05:49:00,PE,423,72,JUPI,Pedestre andava na pista,Atropelamento de Pedestre,Com Vítimas Fatais,Amanhecer,Crescente,Céu Claro,Simples,Aclive;Reta                   ,Sim,3,1,0,0,0,2,0,2,"-8,70118191","-36,4154612",SPRF-PE,DEL03-PE,UOP01-DEL03-PE
499860,2023-01-18,quarta-feira,08:20:00,PE,101,70,RECIFE,Pedestre andava na pista,Atropelamento de Pedestre,Com Vítimas Feridas,Pleno dia,Crescente,Céu Claro,Múltipla,Reta,Sim,2,0,0,1,0,1,1,2,"-8,071709","-34,942636",SPRF-PE,DEL01-PE,UOP01-DEL01-PE
499882,2023-01-18,quarta-feira,11:00:00,PE,101,43,IGARASSU,Ausência de reação do condutor,Colisão traseira,Sem Vítimas,Pleno dia,Decrescente,Nublado,Múltipla,Reta,Sim,2,0,0,0,2,0,0,2,"-7,84753808","-34,90977038",SPRF-PE,DEL01-PE,UOP02-DEL01-PE
499903,2023-01-18,quarta-feira,13:55:00,PE,428,"187,6",PETROLINA,Manobra de mudança de faixa,Colisão lateral mesmo sentido,Com Vítimas Feridas,Pleno dia,Crescente,Céu Claro,Dupla,Reta,Sim,2,0,1,0,1,0,1,2,"-9,35604301","-40,47854198",SPRF-PE,DEL06-PE,UOP01-DEL06-PE
499907,2023-01-18,quarta-feira,10:50:00,PE,101,"12,1",GOIANA,Chuva,Capotamento,Com Vítimas Feridas,Pleno dia,Crescente,Chuva,Dupla,Reta,Não,1,0,1,0,0,0,1,1,"-7,60243605","-34,9793841",SPRF-PE,DEL01-PE,UOP02-DEL01-PE
499959,2023-01-18,quarta-feira,20:40:00,PE,101,"76,8",RECIFE,Animais na Pista,Atropelamento de Animal,Com Vítimas Feridas,Plena Noite,Crescente,Céu Claro,Dupla,Reta,Sim,2,0,1,0,1,0,1,1,"-8,11813811","-34,94329214",SPRF-PE,DEL01-PE,UOP01-DEL01-PE
499969,2023-01-18,quarta-feira,21:15:00,PE,232,102,BEZERROS,Pista Escorregadia,Tombamento,Com Vítimas Fatais,Plena Noite,Crescente,Chuva,Dupla,Reta;Declive                  ,Sim,2,1,0,0,1,0,0,2,"-8,24666583","-35,75747436",SPRF-PE,DEL02-PE,UOP02-DEL02PE
500019,2023-01-19,quinta-feira,08:05:00,PE,101,"79,7",JABOATAO DOS GUARARAPES,Manobra de mudança de faixa,Colisão lateral mesmo sentido,Com Vítimas Feridas,Pleno dia,Crescente,Céu Claro,Dupla,Curva,Sim,3,0,0,1,1,1,1,2,"-8,14366112","-34,94723453",SPRF-PE,DEL01-PE,UOP01-DEL01-PE
500043,2023-01-19,quinta-feira,10:05:00,PE,101,70,RECIFE,Manobra de mudança de faixa,Colisão lateral mesmo sentido,Com Vítimas Feridas,Pleno dia,Crescente,Céu Claro,Dupla,Reta,Não,3,0,2,0,1,0,2,2,"-8,06776119","-34,94265074",SPRF-PE,DEL01-PE,UOP01-DEL01-PE
500083,2023-01-19,quinta-feira,15:00:00,PE,232,126,CARUARU,Animais na Pista,Colisão traseira,Com Vítimas Feridas,Pleno dia,Crescente,Nublado,Dupla,Reta;Aclive                   ,Sim,5,0,2,0,3,0,2,2,"-8,3061041","-35,93702498",SPRF-PE,DEL02-PE,UOP01-DEL02-PE
500086,2023-01-19,quinta-feira,14:30:00,PE,101,83,JABOATAO DOS GUARARAPES,Conversão proibida,Colisão transversal,Com Vítimas Feridas,Pleno dia,Crescente,Céu Claro,Simples,Reta,Sim,3,0,1,1,1,0,2,2,"-8,175172","-34,942642",SPRF-PE,DEL01-PE,UOP01-DEL01-PE
500123,2023-01-19,quinta-feira,17:50:00,PE,101,"62,3",RECIFE,Manobra de mudança de faixa,Colisão lateral mesmo sentido,Com Vítimas Feridas,Anoitecer,Crescente,Céu Claro,Dupla,Reta,Sim,7,0,0,2,5,0,2,2,"-7,99905898","-34,93899295",SPRF-PE,DEL01-PE,UOP02-DEL01-PE
500147,2023-01-19,quinta-feira,09:00:00,PE,232,547,PARNAMIRIM,Acessar a via sem observar a presença dos outros veículos,Colisão frontal,Com Vítimas Feridas,Pleno dia,Decrescente,Céu Claro,Simples,Aclive;Reta;Interseção de Vias,Não,2,0,1,0,1,0,1,2,"-8,08638","-39,440124",SPRF-PE,DEL05-PE,UOP01-DEL05-PE
500148,2023-01-19,quinta-feira,21:10:00,PE,232,8,RECIFE,Pista esburacada,Queda de ocupante de veículo,Com Vítimas Feridas,Plena Noite,Crescente,Chuva,Dupla,Desvio Temporário;Em Obras;Ret,Sim,1,0,0,1,0,0,1,1,"-8,07583727","-34,97015791",SPRF-PE,DEL01-PE,UOP01-DEL01-PE
500154,2023-01-19,quinta-feira,22:15:00,PE,101,48,ABREU E LIMA,Acessar a via sem observar a presença dos outros veículos,Colisão transversal,Com Vítimas Feridas,Plena Noite,Decrescente,Céu Claro,Múltipla,Reta,Sim,2,0,1,0,1,0,1,2,"-7,896651","-34,902625",SPRF-PE,DEL01-PE,UOP02-DEL01-PE
500205,2023-01-20,sexta-feira,07:47:00,PE,232,518,SALGUEIRO,Acessar a via sem observar a presença dos outros veículos,Colisão transversal,Com Vítimas Feridas,Pleno dia,Crescente,Céu Claro,Simples,Interseção de Vias,Não,3,0,1,0,2,0,1,2,"-8,06265765","-39,21404785",SPRF-PE,DEL05-PE,UOP01-DEL05-PE
500212,2023-01-20,sexta-feira,08:55:00,PE,101,"68,1",RECIFE,Condutor deixou de manter distância do veículo da frente,Colisão traseira,Sem Vítimas,Pleno dia,Decrescente,Céu Claro,Múltipla,Declive;Viaduto               ,Sim,2,0,0,0,2,0,0,2,"-8,05074296","-34,94580619",SPRF-PE,DEL01-PE,UOP01-DEL01-PE
500270,2023-01-20,sexta-feira,08:00:00,PE,232,113,BEZERROS,Entrada inopinada do pedestre,Atropelamento de Pedestre,Com Vítimas Feridas,Pleno dia,Decrescente,Sol,Dupla,Reta,Sim,2,0,0,1,1,0,1,2,"-8,29906533","-35,8402169",SPRF-PE,DEL02-PE,UOP02-DEL02PE
500280,2023-01-20,sexta-feira,16:15:00,PE,101,"72,2",RECIFE,Acessar a via sem observar a presença dos outros veículos,Colisão transversal,Com Vítimas Feridas,Pleno dia,Crescente,Sol,Simples,Reta,Sim,3,0,2,0,1,0,2,2,"-8,08493106","-34,9450639",SPRF-PE,DEL01-PE,UOP01-DEL01-PE
500343,2023-01-20,sexta-feira,19:30:00,PE,423,50,LAJEDO,Transitar na contramão,Colisão frontal,Com Vítimas Fatais,Plena Noite,Crescente,Céu Claro,Simples,Curva,Não,3,1,2,0,0,0,2,2,"-8,57335227","-36,28367654",SPRF-PE,DEL03-PE,UOP01-DEL03-PE
500370,2023-01-22,domingo,15:10:00,PE,232,"90,1",SAIRE,Acessar a via sem observar a presença dos outros veículos,Colisão lateral mesmo sentido,Com Vítimas Feridas,Pleno dia,Crescente,Sol,Dupla,Reta,Não,2,0,1,0,1,0,1,2,"-8,2173094","-35,65848827",SPRF-PE,DEL02-PE,UOP02-DEL02PE
500401,2023-01-22,domingo,06:00:00,PE,428,"176,1",PETROLINA,Ausência de reação do condutor,Capotamento,Com Vítimas Feridas,Pleno dia,Decrescente,Chuva,Simples,Reta,Não,1,0,1,0,0,0,1,1,"-9,26824308","-40,43343586",SPRF-PE,DEL06-PE,UOP01-DEL06-PE
500425,2023-01-23,segunda-feira,07:20:00,PE,232,380,CALUMBI,Ultrapassagem Indevida,Colisão lateral mesmo sentido,Sem Vítimas,Pleno dia,Decrescente,Céu Claro,Simples,Reta,Não,4,0,0,0,4,0,0,2,"-8,04291256","-38,05698395",SPRF-PE,DEL04-PE,UOP01-DEL04-PE
500458,2023-01-21,sábado,16:25:00,PE,423,"91,3",GARANHUNS,Ingestão de álcool pelo condutor,Colisão traseira,Sem Vítimas,Pleno dia,Crescente,Céu Claro,Simples,Reta;Aclive                   ,Sim,5,0,0,0,5,0,0,2,"-8,856556","-36,463932",SPRF-PE,DEL03-PE,UOP01-DEL03-PE
500462,2023-01-21,sábado,18:30:00,PE,232,"405,2",SERRA TALHADA,Ausência de reação do condutor,Queda de ocupante de veículo,Com Vítimas Feridas,Plena Noite,Decrescente,Nublado,Simples,Reta,Não,1,0,1,0,0,0,1,1,"-7,98895584","-38,25355016",SPRF-PE,DEL04-PE,UOP01-DEL04-PE
500500,2023-01-21,sábado,20:50:00,PE,101,78,RECIFE,Ausência de reação do condutor,Colisão traseira,Com Vítimas Feridas,Plena Noite,Crescente,Céu Claro,Dupla,Curva,Sim,3,0,1,0,2,0,1,2,"-8,1435024142","-34,9474884601",SPRF-PE,DEL01-PE,UOP01-DEL01-PE
500503,2023-01-23,segunda-feira,07:40:00,PE,116,42,SALGUEIRO,Acesso irregular,Colisão transversal,Com Vítimas Feridas,Pleno dia,Crescente,Nublado,Simples,Reta,Não,3,0,3,0,0,0,3,2,"-8,205779","-39,104805",SPRF-PE,DEL05-PE,UOP01-DEL05-PE
500524,2023-01-21,sábado,16:05:00,PE,101,"67,2",RECIFE,Reação tardia ou ineficiente do condutor,Colisão traseira,Com Vítimas Feridas,Pleno dia,Crescente,Céu Claro,Múltipla,Reta,Sim,3,0,2,0,1,0,2,2,"-8,044685","-34,944217",SPRF-PE,DEL01-PE,UOP01-DEL01-PE
500538,2023-01-21,sábado,08:15:00,PE,424,"88,1",GARANHUNS,Manobra de mudança de faixa,Colisão traseira,Com Vítimas Feridas,Pleno dia,Crescente,Céu Claro,Simples,Reta,Sim,3,0,0,2,1,0,2,2,"-8,88289772","-36,50848532",SPRF-PE,DEL03-PE,UOP01-DEL03-PE
500596,2023-01-21,sábado,15:30:00,PE,232,149,SAO CAITANO,Avarias e/ou desgaste excessivo no pneu,Saída de leito carroçável,Sem Vítimas,Pleno dia,Decrescente,Céu Claro,Dupla,Reta,Não,1,0,0,0,1,0,0,1,"-8,32744699","-36,15405",SPRF-PE,DEL03-PE,UOP02-DEL03-PE
500673,2023-01-19,quinta-feira,18:45:00,PE,428,186,PETROLINA,Manobra de mudança de faixa,Colisão lateral mesmo sentido,Com Vítimas Feridas,Plena Noite,Decrescente,Céu Claro,Dupla,Retorno Regulamentado,Sim,2,0,1,0,0,1,1,2,"-9,34807826","-40,47441248",SPRF-PE,DEL06-PE,UOP01-DEL06-PE
500683,2023-01-19,quinta-feira,19:00:00,PE,428,189,PETROLINA,Condutor deixou de manter distância do veículo da frente,Engavetamento,Com Vítimas Feridas,Plena Noite,Decrescente,Céu Claro,Dupla,Reta,Sim,3,0,1,0,2,0,1,3,"-9,37197508","-40,48679585",SPRF-PE,DEL06-PE,UOP01-DEL06-PE
500701,2023-01-20,sexta-feira,20:10:00,PE,232,"82,8",GRAVATA,Animais na Pista,Saída de leito carroçável,Com Vítimas Feridas,Plena Noite,Decrescente,Céu Claro,Dupla,Reta,Não,3,0,1,0,2,0,1,1,"-8,19905415","-35,58715194",SPRF-PE,DEL02-PE,UOP02-DEL02PE
500705,2023-01-20,sexta-feira,18:50:00,PE,101,"64,8",RECIFE,Manobra de mudança de faixa,Colisão lateral mesmo sentido,Sem Vítimas,Plena Noite,Decrescente,Céu Claro,Dupla,Reta,Sim,5,0,0,0,4,1,0,3,"-8,025323","-34,942812",SPRF-PE,DEL01-PE,UOP01-DEL01-PE
500708,2023-01-20,sexta-feira,17:30:00,PE,101,61,RECIFE,Demais falhas mecânicas ou elétricas,Colisão traseira,Com Vítimas Feridas,Plena Noite,Decrescente,Céu Claro,Dupla,Curva,Sim,3,0,3,0,0,0,3,2,"-7,995389","-34,939158",SPRF-PE,DEL01-PE,UOP02-DEL01-PE
500795,2023-01-24,terça-feira,12:15:00,PE,232,"77,9",GRAVATA,Velocidade Incompatível,Colisão transversal,Com Vítimas Feridas,Pleno dia,Crescente,Céu Claro,Dupla,Reta,Sim,2,0,1,0,1,0,1,2,"-8,19343863","-35,54300692",SPRF-PE,DEL02-PE,UOP02-DEL02PE
500813,2023-01-21,sábado,01:20:00,PE,104,"29,4",TORITAMA,Manobra de mudança de faixa,Colisão lateral sentido oposto,Sem Vítimas,Plena Noite,Crescente,Céu Claro,Simples,Reta,Sim,2,0,0,0,2,0,0,2,"-8,0078","-36,0621",SPRF-PE,DEL02-PE,UOP01-DEL02-PE
500814,2023-01-23,segunda-feira,04:00:00,PE,428,73,SANTA MARIA DA BOA VISTA,Acumulo de água sobre o pavimento,Capotamento,Com Vítimas Feridas,Plena Noite,Crescente,Chuva,Simples,Ponte,Não,4,0,4,0,0,0,4,1,"-8,72018283","-39,77321719",SPRF-PE,DEL06-PE,UOP03-DEL06-PE
500851,2023-01-24,terça-feira,15:20:00,PE,424,"77,6",GARANHUNS,Ultrapassagem Indevida,Tombamento,Com Vítimas Feridas,Pleno dia,Crescente,Céu Claro,Simples,Reta,Não,2,0,1,0,0,1,1,2,"-8,8151088","-36,56890186",SPRF-PE,DEL03-PE,UOP01-DEL03-PE
500888,2023-01-24,terça-feira,19:35:00,PE,101,40,IGARASSU,Área urbana sem a presença de local apropriado para a travessia de pedestres,Atropelamento de Pedestre,Com Vítimas Feridas,Plena Noite,Crescente,Nublado,Dupla,Reta;Declive                  ,Sim,2,0,1,0,1,0,1,2,"-7,821475","-34,916545",SPRF-PE,DEL01-PE,UOP02-DEL01-PE
500981,2023-01-21,sábado,18:50:00,PE,424,"16,8",PEDRA,Transitar na contramão,Colisão frontal,Com Vítimas Feridas,Plena Noite,Crescente,Céu Claro,Simples,Reta;Declive                  ,Sim,3,0,1,0,2,0,1,2,"-8,49967931","-36,95655101",SPRF-PE,DEL04-PE,UOP02-DEL04-PE