id,data_inversa,dia_semana,horario,uf,br,km,municipio,causa_acidente,tipo_acidente,classificacao_acidente,fase_dia,sentido_via,condicao_metereologica,tipo_pista,tracado_via,uso_solo,pessoas,mortos,feridos_leves,feridos_graves,ilesos,ignorados,feridos,veiculos,latitude,longitude,regional,delegacia,uop
501003,2023-01-25,quarta-feira,09:21:00,PE,101,73,RECIFE,Ausência de reação do condutor,Colisão com objeto,Com Vítimas Feridas,Pleno dia,Crescente,Sol,Dupla,Curva,Sim,1,0,1,0,0,0,1,1,"-8,0993257","-34,95010953",SPRF-PE,DEL01-PE,UOP01-DEL01-PE
501017,2023-01-25,quarta-feira,10:30:00,PE,101,"49,6",ABREU E LIMA,Acumulo de areia ou detritos sobre o pavimento,Tombamento,Com Vítimas Feridas,Pleno dia,Crescente,Sol,Múltipla,Reta,Sim,1,0,1,0,0,0,1,1,"-7,9005152","-34,90180641",SPRF-PE,DEL01-PE,UOP02-DEL01-PE
501039,2023-01-25,quarta-feira,11:40:00,PE,101,"75,7",RECIFE,Condutor deixou de manter distância do veículo da frente,Colisão traseira,Com Vítimas Feridas,Pleno dia,Crescente,Céu Claro,Dupla,Reta,Sim,2,0,1,0,1,0,1,2,"-8,115797","-34,944499",SPRF-PE,DEL01-PE,UOP01-DEL01-PE
501129,2023-01-25,quarta-feira,18:51:00,PE,101,7,GOIANA,Acesso irregular,Colisão traseira,Com Vítimas Feridas,Plena Noite,Decrescente,Céu Claro,Dupla,Reta,Sim,5,0,3,0,2,0,3,2,"-7,55997111","-34,99072674",SPRF-PE,DEL01-PE,UOP02-DEL01-PE
501159,2023-01-25,quarta-feira,19:56:00,PE,407,"113,9",PETROLINA,Demais falhas mecânicas ou elétricas,Incêndio,Sem Vítimas,Plena Noite,Crescente,Céu Claro,Simples,Reta,Não,2,0,0,0,2,0,0,1,"-9,28341599","-40,59164299",SPRF-PE,DEL06-PE,UOP01-DEL06-PE
501163,2023-01-22,domingo,18:00:00,PE,101,"48,4",ABREU E LIMA,Condutor deixou de manter distância do veículo da frente,Colisão traseira,Com Vítimas Feridas,Plena Noite,Decrescente,Céu Claro,Múltipla,Reta,Sim,2,0,1,0,0,1,1,2,"-7,89174705","-34,9033493",SPRF-PE,DEL01-PE,UOP02-DEL01-PE
501234,2023-01-22,domingo,22:40:00,PE,104,29,TORITAMA,Transitar na contramão,Colisão frontal,Com Vítimas Feridas,Plena Noite,Crescente,Céu Claro,Simples,Reta,Sim,4,0,0,1,3,0,1,2,"-8,00769479","-36,06333017",SPRF-PE,DEL02-PE,UOP01-DEL02-PE
501271,2023-01-26,quinta-feira,09:53:00,PE,232,119,CARUARU,Manobra de mudança de faixa,Colisão com objeto,Com Vítimas Feridas,Pleno dia,Decrescente,Céu Claro,Dupla,Reta,Não,4,0,3,0,1,0,3,1,"-8,2962792","-35,89314995",SPRF-PE,DEL02-PE,UOP01-DEL02-PE
501280,2023-01-22,domingo,09:20:00,PE,232,"9,1",JABOATAO DOS GUARARAPES,Manobra de mudança de faixa,Colisão lateral mesmo sentido,Com Vítimas Feridas,Pleno dia,Decrescente,Céu Claro,Dupla,Reta;Viaduto;Em Obras         ,Sim,2,0,1,0,1,0,1,2,"-8,07764447","-34,97863609",SPRF-PE,DEL01-PE,UOP01-DEL01-PE
501287,2023-01-26,quinta-feira,08:30:00,PE,232,335,CUSTODIA,Ausência de reação do condutor,Saída de leito carroçável,Com Vítimas Feridas,Pleno dia,Decrescente,Céu Claro,Simples,Reta,Não,2,0,0,2,0,0,2,1,"-8,0843408","-37,64570494",SPRF-PE,DEL04-PE,UOP02-DEL04-PE
501322,2023-01-22,domingo,15:15:00,PE,101,69,RECIFE,Ausência de reação do condutor,Saída de leito carroçável,Com Vítimas Feridas,Pleno dia,Crescente,Céu Claro,Simples,Curva,Sim,2,0,2,0,0,0,2,1,"-8,05951606","-34,94581024",SPRF-PE,DEL01-PE,UOP01-DEL01-PE
501330,2023-01-26,quinta-feira,15:20:00,PE,232,"104,6",BEZERROS,Condutor deixou de manter distância do veículo da frente,Colisão traseira,Com Vítimas Feridas,Pleno dia,Crescente,Céu Claro,Dupla,Reta,Não,2,0,1,0,1,0,1,2,"-8,2553139","-35,77427504",SPRF-PE,DEL02-PE,UOP02-DEL02PE
501385,2023-01-26,quinta-feira,18:50:00,PE,232,132,CARUARU,Manobra de mudança de faixa,Colisão lateral mesmo sentido,Sem Vítimas,Plena Noite,Crescente,Céu Claro,Dupla,Reta,Sim,3,0,0,0,3,0,0,2,"-8,30204489","-36,00209534",SPRF-PE,DEL02-PE,UOP01-DEL02-PE
501391,2023-01-26,quinta-feira,19:40:00,PE,101,49,ABREU E LIMA,Pedestre cruzava a pista fora da faixa,Atropelamento de Pedestre,Com Vítimas Feridas,Plena Noite,Crescente,Céu Claro,Múltipla,Reta,Não,2,0,0,1,1,0,1,2,"-7,9005152","-34,90180641",SPRF-PE,DEL01-PE,UOP02-DEL01-PE
501400,2023-01-26,quinta-feira,19:45:00,PE,232,"109,7",BEZERROS,Ausência de sinalização,Colisão com objeto,Com Vítimas Feridas,Plena Noite,Crescente,Vento,Dupla,Reta,Não,2,0,0,2,0,0,2,1,"-8,28730158","-35,81877708",SPRF-PE,DEL02-PE,UOP02-DEL02PE
501428,2023-01-27,sexta-feira,00:33:00,PE,232,"118,3",BEZERROS,Ingestão de álcool pelo condutor,Capotamento,Sem Vítimas,Plena Noite,Decrescente,Céu Claro,Dupla,Reta,Não,1,0,0,0,0,1,0,1,"-8,29431633","-35,88437194",SPRF-PE,DEL02-PE,UOP01-DEL02-PE
501440,2023-01-27,sexta-feira,04:30:00,PE,232,"8,4",RECIFE,Objeto estático sobre o leito carroçável,Colisão com objeto,Com Vítimas Feridas,Plena Noite,Crescente,Nublado,Dupla,Em Obras;Reta                 ,Sim,1,0,1,0,0,0,1,1,"-8,076887","-34,975258",SPRF-PE,DEL01-PE,UOP01-DEL01-PE
501442,2023-01-27,sexta-feira,05:40:00,PE,101,"22,1",GOIANA,Acessar a via sem observar a presença dos outros veículos,Colisão lateral mesmo sentido,Com Vítimas Feridas,Pleno dia,Crescente,Céu Claro,Dupla,Reta,Não,2,0,0,1,0,1,1,2,"-7,67583307","-34,92870811",SPRF-PE,DEL01-PE,UOP02-DEL01-PE
501581,2023-01-27,sexta-feira,19:26:00,PE,104,64,CARUARU,Acessar a via sem observar a presença dos outros veículos,Colisão transversal,Com Vítimas Feridas,Plena Noite,Decrescente,Céu Claro,Dupla,Reta,Sim,3,0,1,0,2,0,1,2,"-8,2783","-35,9815",SPRF-PE,DEL02-PE,UOP01-DEL02-PE
501614,2023-01-27,sexta-feira,21:15:00,PE,316,65,OURICURI,Transitar na contramão,Colisão frontal,Com Vítimas Feridas,Plena Noite,Decrescente,Nublado,Simples,Curva;Aclive                  ,Não,4,0,3,1,0,0,4,2,"-7,78713245","-40,21815308",SPRF-PE,DEL05-PE,UOP02-DEL05-PE
501657,2023-01-28,sábado,07:10:00,PE,232,8,RECIFE,Manobra de mudança de faixa,Colisão lateral mesmo sentido,Com Vítimas Feridas,Pleno dia,Crescente,Céu Claro,Simples,Reta;Em Obras                 ,Sim,2,0,1,0,0,1,1,2,"-8,07583727","-34,97015791",SPRF-PE,DEL01-PE,UOP01-DEL01-PE
501661,2023-01-28,sábado,07:10:00,PE,232,403,SERRA TALHADA,Animais na Pista,Atropelamento de Animal,Com Vítimas Feridas,Pleno dia,Crescente,Céu Claro,Simples,Reta,Não,2,0,2,0,0,0,2,1,"-8,00147098","-38,24433438",SPRF-PE,DEL04-PE,UOP01-DEL04-PE
501672,2023-01-28,sábado,08:38:00,PE,232,"9,2",RECIFE,Condutor deixou de manter distância do veículo da frente,Colisão traseira,Sem Vítimas,Pleno dia,Decrescente,Céu Claro,Múltipla,Em Obras;Reta                 ,Sim,6,0,0,0,4,2,0,2,"-8,07764447","-34,97863609",SPRF-PE,DEL01-PE,UOP01-DEL01-PE
501688,2023-01-28,sábado,10:45:00,PE,232,"173,2",BELO JARDIM,Avarias e/ou desgaste excessivo no pneu,Saída de leito carroçável,Com Vítimas Fatais,Pleno dia,Decrescente,Céu Claro,Simples,Reta,Não,3,1,0,2,0,0,2,1,"-8,33916255","-36,36917103",SPRF-PE,DEL03-PE,UOP02-DEL03-PE
501690,2023-01-28,sábado,06:00:00,PE,232,532,TERRA NOVA,Condutor Dormindo,Saída de leito carroçável,Com Vítimas Feridas,Pleno dia,Crescente,Céu Claro,Simples,Reta,Não,3,0,3,0,0,0,3,1,"-8,07751073","-39,33189201",SPRF-PE,DEL05-PE,UOP01-DEL05-PE
501760,2023-01-28,sábado,16:45:00,PE,424,"104,9",BREJAO,Acesso irregular,Colisão lateral mesmo sentido,Com Vítimas Feridas,Pleno dia,Crescente,Céu Claro,Simples,Declive,Não,3,0,2,0,1,0,2,2,"-8,98516988","-36,50939867",SPRF-PE,DEL03-PE,UOP01-DEL03-PE
501787,2023-01-28,sábado,19:40:00,PE,232,410,SERRA TALHADA,Reação tardia ou ineficiente do condutor,Colisão traseira,Com Vítimas Feridas,Plena Noite,Crescente,Céu Claro,Simples,Reta,Não,3,0,1,0,1,1,1,3,"-7,98261841","-38,30039606",SPRF-PE,DEL04-PE,UOP01-DEL04-PE
501791,2023-01-28,sábado,19:20:00,PE,428,"140,7",PETROLINA,Conversão proibida,Colisão transversal,Com Vítimas Feridas,Plena Noite,Decrescente,Céu Claro,Simples,Curva,Sim,2,0,1,0,1,0,1,2,"-9,00410765","-40,27235985",SPRF-PE,DEL06-PE,UOP03-DEL06-PE
501792,2023-01-28,sábado,17:30:00,PE,423,135,CARUARU,Ausência de reação do condutor,Colisão com objeto,Sem Vítimas,Plena Noite,Crescente,Céu Claro,Dupla,Reta,Não,2,0,0,0,1,1,0,1,"-8,31071093","-36,03210926",SPRF-PE,DEL03-PE,UOP01-DEL03-PE
501796,2023-01-28,sábado,20:40:00,PE,101,"68,8",RECIFE,Pedestre cruzava a pista fora da faixa,Atropelamento de Pedestre,Com Vítimas Feridas,Plena Noite,Decrescente,Céu Claro,Múltipla,Reta,Sim,2,0,1,0,0,1,1,2,"-8,05074296","-34,94580619",SPRF-PE,DEL01-PE,UOP01-DEL01-PE
501853,2023-01-29,domingo,04:15:00,PE,232,24,MORENO,Condutor Dormindo,Saída de leito carroçável,Sem Vítimas,Plena Noite,Crescente,Céu Claro,Múltipla,Reta;Retorno Regulamentado    ,Não,2,0,0,0,0,2,0,1,"-8,104882","-35,103475",SPRF-PE,DEL01-PE,UOP01-DEL01-PE
501914,2023-01-29,domingo,10:40:00,PE,116,24,SALGUEIRO,Retorno proibido,Saída de leito carroçável,Com Vítimas Feridas,Pleno dia,Decrescente,Céu Claro,Simples,Reta,Não,1,0,1,0,0,0,1,1,"-8,061417","-39,135975",SPRF-PE,DEL05-PE,UOP01-DEL05-PE
501937,2023-01-29,domingo,15:20:00,PE,104,"62,6",CARUARU,Condutor deixou de manter distância do veículo da frente,Colisão traseira,Com Vítimas Feridas,Pleno dia,Crescente,Céu Claro,Dupla,Reta,Sim,2,0,0,1,1,0,1,2,"-8,2618","-35,976",SPRF-PE,DEL02-PE,UOP01-DEL02-PE
502040,2023-01-29,domingo,20:45:00,PE,423,"28,4",SAO CAITANO,Animais na Pista,Atropelamento de Animal,Com Vítimas Fatais,Plena Noite,Crescente,Céu Claro,Simples,Reta,Não,1,1,0,0,0,0,0,1,"-8,40754639","-36,18739843",SPRF-PE,DEL03-PE,UOP02-DEL03-PE
502050,2023-01-29,domingo,23:00:00,PE,101,70,RECIFE,Condutor deixou de manter distância do veículo da frente,Colisão traseira,Com Vítimas Feridas,Plena Noite,Decrescente,Céu Claro,Dupla,Curva;Viaduto;Aclive          ,Não,2,0,0,1,0,1,1,2,"-8,06776119","-34,94265074",SPRF-PE,DEL01-PE,UOP01-DEL01-PE
502122,2023-01-30,segunda-feira,10:11:00,PE,104,78,AGRESTINA,Ausência de reação do condutor,Saída de leito carroçável,Sem Vítimas,Pleno dia,Crescente,Céu Claro,Simples,Curva,Não,1,0,0,0,0,1,0,1,"-8,384866","-35,982338",SPRF-PE,DEL02-PE,UOP01-DEL02-PE
502129,2023-01-30,segunda-feira,09:15:00,PE,101,"23,5",GOIANA,Acumulo de água sobre o pavimento,Saída de leito carroçável,Com Vítimas Feridas,Pleno dia,Decrescente,Chuva,Múltipla,Curva;Aclive                  ,Não,2,0,1,0,1,0,1,1,"-7,68357776","-34,92410458",SPRF-PE,DEL01-PE,UOP02-DEL01-PE
502135,2023-01-30,segunda-feira,11:55:00,PE,101,"46,6",IGARASSU,Acessar a via sem observar a presença dos outros veículos,Colisão transversal,Com Vítimas Feridas,Pleno dia,Crescente,Céu Claro,Múltipla,Reta,Sim,2,0,1,0,1,0,1,2,"-7,879963","-34,905045",SPRF-PE,DEL01-PE,UOP02-DEL01-PE
502155,2023-01-30,segunda-feira,14:30:00,PE,101,"73,5",RECIFE,Acessar a via sem observar a presença dos outros veículos,Colisão lateral mesmo sentido,Com Vítimas Feridas,Pleno dia,Crescente,Céu Claro,Dupla,Curva,Sim,3,0,0,1,2,0,1,2,"-8,098066","-34,950263",SPRF-PE,DEL01-PE,UOP01-DEL01-PE
502178,2023-01-30,segunda-feira,17:00:00,PE,101,69,RECIFE,Manobra de mudança de faixa,Colisão lateral mesmo sentido,Com Vítimas Feridas,Pleno dia,Decrescente,Céu Claro,Simples,Reta;Viaduto                  ,Sim,2,0,1,0,1,0,1,2,"-8,05951606","-34,94581024",SPRF-PE,DEL01-PE,UOP01-DEL01-PE
502203,2023-01-30,segunda-feira,18:30:00,PE,232,"5,6",RECIFE,Ausência de reação do condutor,Colisão lateral mesmo sentido,Com Vítimas Feridas,Plena Noite,Crescente,Céu Claro,Dupla,Em Obras;Reta                 ,Sim,4,0,1,0,3,0,1,2,"-8,06795766","-34,94535414",SPRF-PE,DEL01-PE,UOP01-DEL01-PE
502207,2023-01-30,segunda-feira,18:31:00,PE,101,"70,9",RECIFE,Pedestre cruzava a pista fora da faixa,Atropelamento de Pedestre,Com Vítimas Feridas,Plena Noite,Crescente,Céu Claro,Dupla,Reta,Sim,3,0,2,0,0,1,2,2,"-8,06776119","-34,94265074",SPRF-PE,DEL01-PE,UOP01-DEL01-PE
502213,2023-01-30,segunda-feira,10:57:00,PE,232,508,SALGUEIRO,Acessar a via sem observar a presença dos outros veículos,Colisão transversal,Com Vítimas Feridas,Pleno dia,Decrescente,Céu Claro,Simples,Reta,Sim,6,0,3,0,2,1,3,2,"-8,06223271","-39,12095006",SPRF-PE,DEL05-PE,UOP01-DEL05-PE
502425,2023-01-31,terça-feira,22:00:00,PE,101,50,ABREU E LIMA,Demais falhas na via,Colisão com objeto,Com Vítimas Feridas,Plena Noite,Decrescente,Céu Claro,Dupla,Reta,Sim,2,0,2,0,0,0,2,1,"-7,90938602","-34,90123228",SPRF-PE,DEL01-PE,UOP02-DEL01-PE
502458,2023-02-01,quarta-feira,06:35:00,PE,232,"4,9",RECIFE,Ausência de reação do condutor,Colisão lateral mesmo sentido,Sem Vítimas,Pleno dia,Decrescente,Céu Claro,Dupla,Reta;Aclive;Em Obras          ,Não,4,0,0,0,2,2,0,4,"-8,064473","-34,936928",SPRF-PE,DEL01-PE,UOP01-DEL01-PE
502517,2023-02-01,quarta-feira,15:30:00,PE,232,"8,6",RECIFE,Ausência de reação do condutor,Colisão traseira,Com Vítimas Feridas,Pleno dia,Crescente,Céu Claro,Múltipla,Reta,Sim,2,0,0,1,1,0,1,2,"-8,077389","-34,976837",SPRF-PE,DEL01-PE,UOP01-DEL01-PE
502538,2023-02-01,quarta-feira,18:13:00,PE,232,"5,5",RECIFE,Condutor deixou de manter distância do veículo da frente,Colisão traseira,Com Vítimas Feridas,Plena Noite,Decrescente,Céu Claro,Dupla,Em Obras;Reta                 ,Não,8,0,2,0,6,0,2,6,"-8,07079525","-34,9535389",SPRF-PE,DEL01-PE,UOP01-DEL01-PE
502560,2023-02-01,quarta-feira,19:45:00,PE,407,117,PETROLINA,Velocidade Incompatível,Colisão traseira,Com Vítimas Feridas,Plena Noite,Decrescente,Céu Claro,Simples,Reta,Não,2,0,0,1,1,0,1,2,"-9,314647","-40,57336",SPRF-PE,DEL06-PE,UOP01-DEL06-PE
502594,2023-02-02,quinta-feira,07:20:00,PE,101,69,RECIFE,Ultrapassagem Indevida,Colisão lateral mesmo sentido,Com Vítimas Feridas,Pleno dia,Decrescente,Sol,Dupla,Reta,Sim,2,0,1,0,1,0,1,2,"-8,05982451","-34,94570732",SPRF-PE,DEL01-PE,UOP01-DEL01-PE
502602,2023-02-02,quinta-feira,07:48:00,PE,424,"93,1",GARANHUNS,Acessar a via sem observar a presença dos outros veículos,Colisão transversal,Com Vítimas Feridas,Pleno dia,Decrescente,Céu Claro,Simples,Reta,Sim,2,0,1,0,1,0,1,2,"-8,907125","-36,487206",SPRF-PE,DEL03-PE,UOP01-DEL03-PE
502653,2023-01-14,sábado,07:19:00,PE,316,31,ARARIPINA,Ultrapassagem Indevida,Colisão frontal,Com Vítimas Feridas,Amanhecer,Crescente,Chuva,Simples,Declive;Reta                  ,Não,6,0,3,2,1,0,5,2,"-7,62762275","-40,4567719",SPRF-PE,DEL05-PE,UOP02-DEL05-PE
502661,2023-02-02,quinta-feira,14:30:00,PE,101,"106,8",CABO DE SANTO AGOSTINHO,Reação tardia ou ineficiente do condutor,Tombamento,Sem Vítimas,Pleno dia,Decrescente,Sol,Dupla,Reta,Não,2,0,0,0,1,1,0,1,"-8,30807754","-35,07573296",SPRF-PE,DEL01-PE,UOP03-DEL01-PE
502702,2023-02-02,quinta-feira,18:46:00,PE,232,"6,9",RECIFE,Sinalização mal posicionada,Colisão com objeto,Com Vítimas Feridas,Plena Noite,Decrescente,Céu Claro,Dupla,Em Obras;Reta                 ,Sim,2,0,2,0,0,0,2,1,"-8,073327","-34,961481",SPRF-PE,DEL01-PE,UOP01-DEL01-PE
502709,2023-02-02,quinta-feira,19:20:00,PE,101,"2,5",JABOATAO DOS GUARARAPES,Ingestão de álcool pelo condutor,Colisão traseira,Sem Vítimas,Plena Noite,Crescente,Céu Claro,Simples,Reta,Sim,2,0,0,0,2,0,0,2,"-8,11208","-35,0154",SPRF-PE,DEL01-PE,UOP01-DEL01-PE
502783,2023-02-03,sexta-feira,06:50:00,PE,,,RECIFE,Acumulo de areia ou detritos sobre o pavimento,Queda de ocupante de veículo,Com Vítimas Feridas,Pleno dia,Não Informado,Céu Claro,Dupla,Curva;Rotatória               ,Sim,1,0,1,0,0,0,1,1,"-8,0756735","-34,94560003",SPRF-PE,DEL01-PE,
502800,2023-02-03,sexta-feira,09:20:00,PE,101,80,JABOATAO DOS GUARARAPES,Condutor deixou de manter distância do veículo da frente,Colisão lateral mesmo sentido,Com Vítimas Feridas,Pleno dia,Decrescente,Sol,Dupla,Curva,Sim,2,0,1,0,1,0,1,2,"-8,15112589","-34,9428866",SPRF-PE,DEL01-PE,UOP01-DEL01-PE
502829,2023-02-03,sexta-feira,11:50:00,PE,232,"10,6",JABOATAO DOS GUARARAPES,Condutor usando celular,Tombamento,Com Vítimas Feridas,Pleno dia,Crescente,Céu Claro,Simples,Curva,Sim,2,0,1,0,0,1,1,2,"-8,079432","-34,989118",SPRF-PE,DEL01-PE,UOP01-DEL01-PE
502843,2023-02-03,sexta-feira,12:35:00,PE,101,79,JABOATAO DOS GUARARAPES,Acessar a via sem observar a presença dos outros veículos,Colisão lateral mesmo sentido,Com Vítimas Feridas,Pleno dia,Crescente,Céu Claro,Dupla,Reta,Não,2,0,0,1,0,1,1,2,"-8,14366112","-34,94723453",SPRF-PE,DEL01-PE,UOP01-DEL01-PE
502848,2023-02-03,sexta-feira,13:40:00,PE,101,"50,8",ABREU E LIMA,Manobra de mudança de faixa,Colisão lateral mesmo sentido,Com Vítimas Feridas,Pleno dia,Crescente,Céu Claro,Dupla,Reta,Sim,3,0,3,0,0,0,3,2,"-7,90938602","-34,90123228",SPRF-PE,DEL01-PE,UOP02-DEL01-PE
502886,2023-02-03,sexta-feira,17:00:00,PE,428,185,PETROLINA,Animais na Pista,Atropelamento de Animal,Com Vítimas Feridas,Pleno dia,Decrescente,Céu Claro,Dupla,Reta,Sim,1,0,1,0,0,0,1,1,"-9,3585948","-40,47980189",SPRF-PE,DEL06-PE,UOP01-DEL06-PE
502946,2023-02-03,sexta-feira,22:00:00,PE,423,"61,4",LAJEDO,Ausência de sinalização,Atropelamento de Pedestre,Com Vítimas Feridas,Plena Noite,Decrescente,Céu Claro,Simples,Reta,Sim,2,0,0,2,0,0,2,2,"-8,65805731","-36,32866993",SPRF-PE,DEL03-PE,UOP01-DEL03-PE
502956,2023-02-03,sexta-feira,23:40:00,PE,232,127,CARUARU,Condutor deixou de manter distância do veículo da frente,Colisão traseira,Com Vítimas Feridas,Plena Noite,Crescente,Nublado,Dupla,Reta,Sim,5,0,2,0,3,0,2,2,"-8,30610303","-35,96342301",SPRF-PE,DEL02-PE,UOP01-DEL02-PE
502975,2023-02-04,sábado,01:00:00,PE,232,467,MIRANDIBA,Animais na Pista,Atropelamento de Animal,Com Vítimas Feridas,Plena Noite,Crescente,Nublado,Simples,Reta;Ponte;Declive            ,Não,4,0,3,1,0,0,4,1,"-8,02537454","-38,77566207",SPRF-PE,DEL05-PE,UOP01-DEL05-PE
503036,2023-02-04,sábado,11:55:00,PE,408,"94,4",SAO LOURENCO DA MATA,Reação tardia ou ineficiente do condutor,Saída de leito carroçável,Com Vítimas Feridas,Pleno dia,Decrescente,Céu Claro,Dupla,Reta,Sim,1,0,1,0,0,0,1,1,"-8,00449285","-35,042817",SPRF-PE,DEL01-PE,UOP01-DEL01-PE
503078,2023-02-04,sábado,15:30:00,PE,232,127,CARUARU,Condutor Dormindo,Colisão traseira,Com Vítimas Feridas,Pleno dia,Crescente,Céu Claro,Dupla,Reta;Aclive                   ,Não,2,0,1,0,1,0,1,2,"-8,30610303","-35,96342301",SPRF-PE,DEL02-PE,UOP01-DEL02-PE
503088,2023-02-04,sábado,10:45:00,PE,232,214,PESQUEIRA,Ultrapassagem Indevida,Colisão transversal,Com Vítimas Feridas,Pleno dia,Crescente,Céu Claro,Simples,Reta,Não,2,0,0,1,1,0,1,2,"-8,3804455","-36,73076279",SPRF-PE,DEL03-PE,UOP02-DEL03-PE
503092,2023-02-04,sábado,16:23:00,PE,104,63,CARUARU,Velocidade Incompatível,Colisão com objeto,Sem Vítimas,Pleno dia,Decrescente,Sol,Múltipla,Curva,Sim,1,0,0,0,0,1,0,1,"-8,2698","-35,9803",SPRF-PE,DEL02-PE,UOP01-DEL02-PE
503096,2023-02-04,sábado,16:15:00,PE,101,65,RECIFE,Velocidade Incompatível,Colisão transversal,Com Vítimas Feridas,Pleno dia,Decrescente,Nublado,Múltipla,Reta,Sim,2,0,1,1,0,0,2,2,"-8,0162921","-34,94045886",SPRF-PE,DEL01-PE,UOP01-DEL01-PE
503104,2023-02-04,sábado,14:14:00,PE,232,10,JABOATAO DOS GUARARAPES,Obras na pista,Colisão com objeto,Sem Vítimas,Pleno dia,Decrescente,Céu Claro,Dupla,Em Obras,Sim,2,0,0,0,0,2,0,2,"-8,079136","-34,985689",SPRF-PE,DEL01-PE,UOP01-DEL01-PE
503152,2023-02-04,sábado,20:00:00,PE,232,7,RECIFE,Entrada inopinada do pedestre,Atropelamento de Pedestre,Com Vítimas Fatais,Plena Noite,Crescente,Chuva,Dupla,Em Obras;Desvio Temporário;Ret,Não,2,1,0,0,1,0,0,2,"-8,074511","-34,965614",SPRF-PE,DEL01-PE,UOP01-DEL01-PE
503245,2023-02-05,domingo,07:00:00,PE,101,70,RECIFE,Ausência de reação do condutor,Saída de leito carroçável,Sem Vítimas,Pleno dia,Crescente,Sol,Dupla,Reta,Sim,1,0,0,0,0,1,0,1,"-8,07505109","-34,93827224",SPRF-PE,DEL01-PE,UOP01-DEL01-PE
503248,2023-02-05,domingo,05:45:00,PE,101,207,XEXEU,Acumulo de água sobre o pavimento,Saída de leito carroçável,Com Vítimas Feridas,Amanhecer,Crescente,Chuva,Dupla,Curva,Não,1,0,1,0,0,0,1,1,"-8,82545377","-35,64542552",SPRF-PE,DEL01-PE,UOP03-DEL01-PE
503303,2023-02-05,domingo,12:30:00,PE,232,58,POMBOS,Avarias e/ou desgaste excessivo no pneu,Colisão com objeto,Com Vítimas Feridas,Pleno dia,Crescente,Chuva,Dupla,Reta;Declive                  ,Sim,1,0,1,0,0,0,1,1,"-8,14462866","-35,39034714",SPRF-PE,DEL02-PE,UOP02-DEL02PE
503378,2023-02-05,domingo,20:10:00,PE,104,30,TORITAMA,Acessar a via sem observar a presença dos outros veículos,Colisão transversal,Com Vítimas Feridas,Plena Noite,Decrescente,Céu Claro,Simples,Reta,Não,3,0,2,0,1,0,2,2,"-8,0137","-36,0565",SPRF-PE,DEL02-PE,UOP01-DEL02-PE
503389,2023-02-05,domingo,21:00:00,PE,232,409,SERRA TALHADA,Condutor deixou de manter distância do veículo da frente,Colisão traseira,Com Vítimas Feridas,Plena Noite,Crescente,Céu Claro,Simples,Ponte;Reta                    ,Sim,3,0,2,1,0,0,3,2,"-7,981944","-38,289467",SPRF-PE,DEL04-PE,UOP01-DEL04-PE
503409,2023-02-05,domingo,23:30:00,PE,316,85,OURICURI,Animais na Pista,Atropelamento de Animal,Com Vítimas Feridas,Plena Noite,Decrescente,Céu Claro,Dupla,Reta,Não,1,0,0,1,0,0,1,1,"-7,88417113","-40,0701651",SPRF-PE,DEL05-PE,UOP02-DEL05-PE
503487,2023-02-06,segunda-feira,08:00:00,PE,316,41,ARARIPINA,Declive acentuado,Capotamento,Sem Vítimas,Pleno dia,Crescente,Céu Claro,Simples,Declive,Não,1,0,0,0,0,1,0,1,"-7,67084567","-40,38459884",SPRF-PE,DEL05-PE,UOP02-DEL05-PE
503494,2023-02-06,segunda-feira,12:20:00,PE,408,83,PAUDALHO,Chuva,Saída de leito carroçável,Com Vítimas Feridas,Pleno dia,Crescente,Chuva,Dupla,Reta,Não,1,0,1,0,0,0,1,1,"-7,93190518","-35,13698101",SPRF-PE,DEL01-PE,UOP01-DEL01-PE
503559,2023-02-06,segunda-feira,17:40:00,PE,232,"79,9",GRAVATA,Reação tardia ou ineficiente do condutor,Atropelamento de Pedestre,Com Vítimas Feridas,Plena Noite,Decrescente,Nublado,Simples,Reta,Sim,2,0,0,1,1,0,1,2,"-8,19460572","-35,56074803",SPRF-PE,DEL02-PE,UOP02-DEL02PE
503625,2023-02-07,terça-feira,01:40:00,PE,408,105,JABOATAO DOS GUARARAPES,Transitar na contramão,Colisão frontal,Com Vítimas Feridas,Plena Noite,Crescente,Céu Claro,Dupla,Reta,Sim,2,0,1,0,1,0,1,2,"-8,0730937","-34,99190714",SPRF-PE,DEL01-PE,UOP01-DEL01-PE
503668,2023-02-07,terça-feira,12:20:00,PE,232,"58,2",POMBOS,Reação tardia ou ineficiente do condutor,Colisão traseira,Com Vítimas Feridas,Pleno dia,Decrescente,Céu Claro,Dupla,Aclive,Sim,3,0,0,1,2,0,1,2,"-8,143914","-35,388041",SPRF-PE,DEL02-PE,UOP02-DEL02PE
503682,2023-01-28,sábado,05:12:00,PE,316,87,OURICURI,Acesso irregular,Colisão traseira,Sem Vítimas,Amanhecer,Crescente,Garoa/Chuvisco,Simples,Reta,Não,3,0,0,0,2,1,0,2,"-7,89302781","-40,05470593",SPRF-PE,DEL05-PE,UOP02-DEL05-PE