id,data_inversa,dia_semana,horario,uf,br,km,municipio,causa_acidente,tipo_acidente,classificacao_acidente,fase_dia,sentido_via,condicao_metereologica,tipo_pista,tracado_via,uso_solo,pessoas,mortos,feridos_leves,feridos_graves,ilesos,ignorados,feridos,veiculos,latitude,longitude,regional,delegacia,uop
503705,2023-02-07,terça-feira,16:00:00,PE,408,"58,9",TRACUNHAEM,Avarias e/ou desgaste excessivo no pneu,Queda de ocupante de veículo,Com Vítimas Feridas,Pleno dia,Crescente,Céu Claro,Simples,Reta,Sim,2,0,2,0,0,0,2,1,"-7,796847","-35,244858",SPRF-PE,DEL01-PE,UOP01-DEL01-PE
503732,2023-02-07,terça-feira,18:45:00,PE,428,187,PETROLINA,Pedestre cruzava a pista fora da faixa,Atropelamento de Pedestre,Com Vítimas Feridas,Plena Noite,Crescente,Céu Claro,Dupla,Interseção de Vias,Sim,2,0,2,0,0,0,2,2,"-9,35604301","-40,47854198",SPRF-PE,DEL06-PE,UOP01-DEL06-PE
503755,2023-02-07,terça-feira,20:00:00,PE,232,410,SERRA TALHADA,Ausência de reação do condutor,Tombamento,Com Vítimas Feridas,Plena Noite,Crescente,Céu Claro,Simples,Viaduto,Sim,2,0,1,0,0,1,1,1,"-7,98261841","-38,30039606",SPRF-PE,DEL04-PE,UOP01-DEL04-PE
503779,2023-02-07,terça-feira,22:28:00,PE,316,65,OURICURI,Ingestão de álcool pelo condutor,Queda de ocupante de veículo,Com Vítimas Feridas,Plena Noite,Decrescente,Céu Claro,Simples,Reta,Não,3,0,1,1,0,1,2,2,"-7,78713245","-40,21815308",SPRF-PE,DEL05-PE,UOP02-DEL05-PE
503807,2023-02-08,quarta-feira,07:20:00,PE,101,"69,6",RECIFE,Acessar a via sem observar a presença dos outros veículos,Colisão transversal,Com Vítimas Feridas,Pleno dia,Crescente,Nublado,Múltipla,Interseção de Vias,Sim,2,0,1,0,0,1,1,2,"-8,05951606","-34,94581024",SPRF-PE,DEL01-PE,UOP01-DEL01-PE
503828,2023-02-08,quarta-feira,06:45:00,PE,101,"46,7",IGARASSU,Condutor deixou de manter distância do veículo da frente,Colisão traseira,Com Vítimas Feridas,Pleno dia,Crescente,Céu Claro,Dupla,Interseção de Vias;Reta       ,Sim,3,0,1,0,1,1,1,3,"-7,87406004","-34,90588126",SPRF-PE,DEL01-PE,UOP02-DEL01-PE
503890,2023-02-08,quarta-feira,15:50:00,PE,232,194,SANHARO,Acessar a via sem observar a presença dos outros veículos,Colisão transversal,Com Vítimas Fatais,Pleno dia,Crescente,Céu Claro,Simples,Reta,Sim,3,1,0,0,2,0,0,3,"-8,36209062","-36,55441109",SPRF-PE,DEL03-PE,UOP02-DEL03-PE
503915,2023-02-08,quarta-feira,18:00:00,PE,101,"71,2",RECIFE,Condutor deixou de manter distância do veículo da frente,Colisão traseira,Com Vítimas Feridas,Pleno dia,Decrescente,Céu Claro,Dupla,Interseção de Vias,Sim,2,0,2,0,0,0,2,2,"-8,07663102","-34,94277871",SPRF-PE,DEL01-PE,UOP01-DEL01-PE
503948,2023-02-08,quarta-feira,20:15:00,PE,232,22,MORENO,Velocidade Incompatível,Saída de leito carroçável,Com Vítimas Feridas,Plena Noite,Crescente,Céu Claro,Dupla,Reta;Declive                  ,Não,1,0,0,1,0,0,1,1,"-8,09712273","-35,088592",SPRF-PE,DEL01-PE,UOP01-DEL01-PE
503967,2023-02-09,quinta-feira,00:30:00,PE,232,"300,9",SERTANIA,Animais na Pista,Atropelamento de Animal,Com Vítimas Feridas,Plena Noite,Decrescente,Céu Claro,Simples,Reta,Não,5,0,4,1,0,0,5,1,"-8,22802112","-37,41517316",SPRF-PE,DEL04-PE,UOP02-DEL04-PE
503995,2023-02-09,quinta-feira,08:00:00,PE,101,"65,1",RECIFE,Reação tardia ou ineficiente do condutor,Queda de ocupante de veículo,Com Vítimas Feridas,Pleno dia,Crescente,Céu Claro,Múltipla,Reta,Sim,1,0,1,0,0,0,1,1,"-8,026494","-34,943047",SPRF-PE,DEL01-PE,UOP01-DEL01-PE
504050,2023-02-09,quinta-feira,13:15:00,PE,101,37,IGARASSU,Acumulo de água sobre o pavimento,Colisão traseira,Com Vítimas Feridas,Pleno dia,Decrescente,Nublado,Dupla,Declive,Não,3,0,2,0,1,0,2,2,"-7,7972670527","-34,9274932016",SPRF-PE,DEL01-PE,UOP02-DEL01-PE
504105,2023-02-09,quinta-feira,17:25:00,PE,232,43,VITORIA DE SANTO ANTAO,Acessar a via sem observar a presença dos outros veículos,Colisão transversal,Com Vítimas Feridas,Anoitecer,Decrescente,Chuva,Dupla,Reta,Não,2,0,1,0,1,0,1,2,"-8,11729755","-35,26097515",SPRF-PE,DEL01-PE,UOP01-DEL01-PE
504126,2023-02-09,quinta-feira,21:15:00,PE,101,"43,8",IGARASSU,Manobra de mudança de faixa,Colisão lateral sentido oposto,Com Vítimas Feridas,Plena Noite,Decrescente,Céu Claro,Dupla,Reta,Sim,2,0,1,0,0,1,1,2,"-7,84753808","-34,90977038",SPRF-PE,DEL01-PE,UOP02-DEL01-PE
504212,2023-02-10,sexta-feira,09:30:00,PE,232,"5,8",RECIFE,Ausência de reação do condutor,Colisão traseira,Com Vítimas Feridas,Pleno dia,Crescente,Céu Claro,Dupla,Reta;Em Obras                 ,Sim,2,0,2,0,0,0,2,2,"-8,070723","-34,953246",SPRF-PE,DEL01-PE,UOP01-DEL01-PE
504222,2023-02-10,sexta-feira,08:58:00,PE,232,131,CARUARU,Ausência de reação do condutor,Colisão traseira,Com Vítimas Feridas,Pleno dia,Crescente,Céu Claro,Dupla,Declive;Reta                  ,Sim,3,0,1,0,1,1,1,3,"-8,30117613","-35,99843996",SPRF-PE,DEL02-PE,UOP01-DEL02-PE
504275,2023-02-10,sexta-feira,16:15:00,PE,101,71,RECIFE,Manobra de mudança de faixa,Colisão lateral mesmo sentido,Com Vítimas Feridas,Pleno dia,Crescente,Sol,Dupla,Reta,Sim,3,0,2,0,1,0,2,2,"-8,07733807","-34,94313776",SPRF-PE,DEL01-PE,UOP01-DEL01-PE
504286,2023-02-10,sexta-feira,15:20:00,PE,232,252,ARCOVERDE,Transitar na contramão,Colisão frontal,Com Vítimas Feridas,Pleno dia,Crescente,Céu Claro,Simples,Reta,Sim,9,0,6,0,3,0,6,2,"-8,4291","-37,06006",SPRF-PE,DEL04-PE,UOP02-DEL04-PE
504292,2023-02-10,sexta-feira,17:20:00,PE,101,"64,7",RECIFE,Acesso irregular,Colisão transversal,Com Vítimas Feridas,Anoitecer,Decrescente,Céu Claro,Dupla,Reta,Sim,2,0,0,1,1,0,1,2,"-8,024007","-34,942717",SPRF-PE,DEL01-PE,UOP01-DEL01-PE
504295,2023-02-10,sexta-feira,17:30:00,PE,407,"113,6",PETROLINA,Acessar a via sem observar a presença dos outros veículos,Colisão transversal,Com Vítimas Feridas,Anoitecer,Decrescente,Céu Claro,Simples,Reta;Interseção de Vias       ,Não,3,0,1,0,2,0,1,2,"-9,29122319","-40,58707131",SPRF-PE,DEL06-PE,UOP01-DEL06-PE
504307,2023-02-10,sexta-feira,17:40:00,PE,101,"46,9",IGARASSU,Entrada inopinada do pedestre,Atropelamento de Pedestre,Com Vítimas Feridas,Anoitecer,Crescente,Nublado,Múltipla,Reta,Sim,2,0,0,1,1,0,1,2,"-7,87406004","-34,90588126",SPRF-PE,DEL01-PE,UOP02-DEL01-PE
504328,2023-02-10,sexta-feira,19:00:00,PE,116,13,SALGUEIRO,Conversão proibida,Colisão lateral mesmo sentido,Com Vítimas Feridas,Plena Noite,Crescente,Céu Claro,Simples,Reta,Não,2,0,2,0,0,0,2,2,"-7,958386","-39,134304",SPRF-PE,DEL05-PE,UOP01-DEL05-PE
504330,2023-02-10,sexta-feira,19:00:00,PE,,,FLORESTA,Pista esburacada,Saída de leito carroçável,Sem Vítimas,Anoitecer,Não Informado,Céu Claro,Simples,Reta,Não,2,0,0,0,2,0,0,1,"-8,555633","-38,00597",SPRF-PE,DEL04-PE,UOP03-DEL04-PE
504343,2023-02-10,sexta-feira,20:34:00,PE,101,71,RECIFE,Pedestre andava na pista,Atropelamento de Pedestre,Com Vítimas Fatais,Plena Noite,Crescente,Nublado,Dupla,Reta,Sim,2,1,0,0,1,0,0,2,"-8,07663102","-34,94277871",SPRF-PE,DEL01-PE,UOP01-DEL01-PE
504349,2023-02-10,sexta-feira,22:45:00,PE,428,"187,8",PETROLINA,Acumulo de óleo sobre o pavimento,Queda de ocupante de veículo,Com Vítimas Feridas,Plena Noite,Decrescente,Céu Claro,Dupla,Rotatória;Curva               ,Sim,2,0,2,0,0,0,2,1,"-9,36400596","-40,48266808",SPRF-PE,DEL06-PE,UOP01-DEL06-PE
504412,2023-02-11,sábado,05:30:00,PE,232,409,SERRA TALHADA,Condutor desrespeitou a iluminação vermelha do semáforo,Colisão transversal,Com Vítimas Feridas,Pleno dia,Decrescente,Céu Claro,Simples,Reta,Sim,2,0,2,0,0,0,2,2,"-7,981944","-38,289467",SPRF-PE,DEL04-PE,UOP01-DEL04-PE
504452,2023-02-11,sábado,12:15:00,PE,101,69,RECIFE,Acessar a via sem observar a presença dos outros veículos,Colisão lateral mesmo sentido,Com Vítimas Feridas,Pleno dia,Crescente,Céu Claro,Múltipla,Interseção de Vias;Reta       ,Sim,4,0,1,2,1,0,3,3,"-8,063874","-34,944459",SPRF-PE,DEL01-PE,UOP01-DEL01-PE
504484,2023-02-11,sábado,16:00:00,PE,104,64,CARUARU,Acessar a via sem observar a presença dos outros veículos,Colisão lateral mesmo sentido,Com Vítimas Feridas,Pleno dia,Crescente,Céu Claro,Simples,Curva,Sim,2,0,1,0,1,0,1,2,"-8,2783","-35,9815",SPRF-PE,DEL02-PE,UOP01-DEL02-PE
504498,2023-02-11,sábado,11:00:00,PE,423,60,LAJEDO,Ausência de reação do condutor,Colisão traseira,Sem Vítimas,Pleno dia,Decrescente,Céu Claro,Simples,Curva,Sim,2,0,0,0,2,0,0,2,"-8,65394006","-36,32109791",SPRF-PE,DEL03-PE,UOP01-DEL03-PE
504532,2023-02-11,sábado,19:40:00,PE,232,409,SERRA TALHADA,Entrada inopinada do pedestre,Atropelamento de Pedestre,Com Vítimas Feridas,Plena Noite,Crescente,Nublado,Simples,Reta,Sim,2,0,0,1,0,1,1,2,"-7,981944","-38,289467",SPRF-PE,DEL04-PE,UOP01-DEL04-PE
504547,2023-02-11,sábado,19:30:00,PE,232,506,SALGUEIRO,Pedestre cruzava a pista fora da faixa,Atropelamento de Pedestre,Com Vítimas Feridas,Plena Noite,Crescente,Céu Claro,Simples,Reta,Não,2,0,0,2,0,0,2,2,"-8,05986546","-39,10271397",SPRF-PE,DEL05-PE,UOP01-DEL05-PE
504563,2023-02-11,sábado,19:30:00,PE,408,"55,5",NAZARE DA MATA,Pedestre andava na pista,Atropelamento de Pedestre,Com Vítimas Fatais,Plena Noite,Decrescente,Nublado,Simples,Reta,Não,2,1,0,1,0,0,1,2,"-7,777495","-35,238089",SPRF-PE,DEL01-PE,UOP01-DEL01-PE
504579,2023-02-11,sábado,22:56:00,PE,104,"66,5",CARUARU,Reação tardia ou ineficiente do condutor,Colisão com objeto,Sem Vítimas,Plena Noite,Decrescente,Céu Claro,Dupla,Declive,Sim,1,0,0,0,0,1,0,1,"-8,2937","-35,9864",SPRF-PE,DEL02-PE,UOP01-DEL02-PE
504662,2023-02-12,domingo,05:20:00,PE,232,261,ARCOVERDE,Condutor Dormindo,Saída de leito carroçável,Com Vítimas Feridas,Amanhecer,Decrescente,Céu Claro,Simples,Curva,Não,3,0,1,2,0,0,3,1,"-8,40930624","-37,13788894",SPRF-PE,DEL04-PE,UOP02-DEL04-PE
504722,2023-02-12,domingo,17:00:00,PE,104,84,AGRESTINA,Ingestão de álcool pelo condutor,Colisão traseira,Com Vítimas Feridas,Pleno dia,Crescente,Céu Claro,Simples,Reta,Não,2,0,1,0,1,0,1,2,"-8,430662","-35,959164",SPRF-PE,DEL02-PE,UOP01-DEL02-PE
504802,2023-02-12,domingo,20:00:00,PE,232,"13,4",JABOATAO DOS GUARARAPES,Ausência de reação do condutor,Queda de ocupante de veículo,Com Vítimas Feridas,Plena Noite,Crescente,Céu Claro,Dupla,Reta,Não,2,0,2,0,0,0,2,1,"-8,08831567","-35,01203806",SPRF-PE,DEL01-PE,UOP01-DEL01-PE
504817,2023-02-12,domingo,17:30:00,PE,,,AGRESTINA,Pista esburacada,Colisão com objeto,Sem Vítimas,Anoitecer,Não Informado,Céu Claro,Simples,Curva,Não,4,0,0,0,4,0,0,1,"-8,39514","-35,948809",SPRF-PE,DEL02-PE,UOP01-DEL02-PE
504826,2023-02-13,segunda-feira,06:10:00,PE,101,"68,7",RECIFE,Manobra de mudança de faixa,Colisão lateral mesmo sentido,Com Vítimas Feridas,Pleno dia,Crescente,Céu Claro,Dupla,Reta,Sim,2,0,1,0,1,0,1,2,"-8,05074296","-34,94580619",SPRF-PE,DEL01-PE,UOP01-DEL01-PE
505058,2023-02-14,terça-feira,09:30:00,PE,232,"79,2",GRAVATA,Desrespeitar a preferência no cruzamento,Colisão lateral mesmo sentido,Com Vítimas Feridas,Pleno dia,Crescente,Sol,Simples,Interseção de Vias,Sim,3,0,2,0,1,0,2,2,"-8,19460572","-35,56074803",SPRF-PE,DEL02-PE,UOP02-DEL02PE
505073,2023-02-14,terça-feira,10:30:00,PE,232,128,CARUARU,Velocidade Incompatível,Atropelamento de Pedestre,Com Vítimas Feridas,Pleno dia,Decrescente,Céu Claro,Dupla,Reta,Sim,2,0,0,1,0,1,1,2,"-8,30399306","-35,97216301",SPRF-PE,DEL02-PE,UOP01-DEL02-PE
505131,2023-01-09,segunda-feira,18:30:00,PE,101,83,JABOATAO DOS GUARARAPES,Acesso irregular,Colisão transversal,Com Vítimas Feridas,Plena Noite,Crescente,Céu Claro,Dupla,Retorno Regulamentado;Reta    ,Sim,2,0,0,1,0,1,1,2,"-8,175172","-34,942642",SPRF-PE,DEL01-PE,UOP01-DEL01-PE
505157,2023-02-14,terça-feira,20:27:00,PE,232,"75,5",GRAVATA,Reação tardia ou ineficiente do condutor,Colisão traseira,Com Vítimas Feridas,Plena Noite,Crescente,Céu Claro,Dupla,Reta;Declive                  ,Não,2,0,0,1,1,0,1,2,"-8,19737799","-35,525476",SPRF-PE,DEL02-PE,UOP02-DEL02PE
505168,2023-02-14,terça-feira,21:44:00,PE,316,120,PARNAMIRIM,Condutor deixou de manter distância do veículo da frente,Colisão traseira,Com Vítimas Fatais,Plena Noite,Decrescente,Nublado,Simples,Reta,Não,2,1,0,0,0,1,0,2,"-8,0081009","-39,78147295",SPRF-PE,DEL05-PE,UOP02-DEL05-PE
505170,2023-02-14,terça-feira,20:00:00,PE,232,"254,2",ARCOVERDE,Acessar a via sem observar a presença dos outros veículos,Colisão traseira,Com Vítimas Feridas,Plena Noite,Crescente,Céu Claro,Simples,Reta;Declive                  ,Sim,6,0,2,0,4,0,2,2,"-8,41875994","-37,07859892",SPRF-PE,DEL04-PE,UOP02-DEL04-PE
505176,2023-02-14,terça-feira,22:41:00,PE,101,"58,2",RECIFE,Reação tardia ou ineficiente do condutor,Colisão traseira,Com Vítimas Fatais,Plena Noite,Decrescente,Chuva,Dupla,Curva,Sim,3,1,0,1,1,0,1,2,"-7,97063209","-34,92064675",SPRF-PE,DEL01-PE,UOP02-DEL01-PE
505215,2023-02-15,quarta-feira,08:27:00,PE,116,28,SALGUEIRO,Retorno proibido,Colisão lateral mesmo sentido,Sem Vítimas,Pleno dia,Crescente,Céu Claro,Simples,Reta;Aclive                   ,Não,2,0,0,0,2,0,0,2,"-8,086088","-39,126305",SPRF-PE,DEL05-PE,UOP01-DEL05-PE
505223,2023-02-07,terça-feira,16:45:00,PE,408,28,ALIANCA,Condutor deixou de manter distância do veículo da frente,Colisão traseira,Com Vítimas Feridas,Anoitecer,Decrescente,Céu Claro,Dupla,Declive,Não,4,0,3,0,1,0,3,2,"-7,5940327","-35,24470263",SPRF-PE,DEL01-PE,UOP02-DEL01-PE
505227,2023-02-15,quarta-feira,09:00:00,PE,101,"79,6",JABOATAO DOS GUARARAPES,Ausência de reação do condutor,Colisão traseira,Com Vítimas Feridas,Pleno dia,Decrescente,Céu Claro,Dupla,Reta,Sim,2,0,1,0,1,0,1,2,"-8,14366112","-34,94723453",SPRF-PE,DEL01-PE,UOP01-DEL01-PE
505231,2023-02-15,quarta-feira,07:25:00,PE,101,79,JABOATAO DOS GUARARAPES,Condutor deixou de manter distância do veículo da frente,Colisão traseira,Sem Vítimas,Pleno dia,Decrescente,Céu Claro,Dupla,Curva,Não,2,0,0,0,2,0,0,2,"-8,14366112","-34,94723453",SPRF-PE,DEL01-PE,UOP01-DEL01-PE
505289,2023-02-15,quarta-feira,16:20:00,PE,316,303,FLORESTA,Falta de elemento de contenção que evite a saída do leito carroçável,Saída de leito carroçável,Com Vítimas Feridas,Pleno dia,Crescente,Céu Claro,Simples,Reta,Não,3,0,1,0,2,0,1,1,"-8,60774626","-38,57879405",SPRF-PE,DEL04-PE,UOP03-DEL04-PE
505345,2023-02-15,quarta-feira,19:30:00,PE,407,106,PETROLINA,Animais na Pista,Atropelamento de Animal,Com Vítimas Feridas,Plena Noite,Decrescente,Céu Claro,Simples,Reta,Não,3,0,3,0,0,0,3,1,"-9,22873286","-40,62357378",SPRF-PE,DEL06-PE,UOP01-DEL06-PE
505424,2023-02-16,quinta-feira,11:00:00,PE,232,69,CHA GRANDE,Condutor Dormindo,Saída de leito carroçável,Com Vítimas Feridas,Pleno dia,Decrescente,Céu Claro,Simples,Curva,Não,1,0,1,0,0,0,1,1,"-8,17240309","-35,47993595",SPRF-PE,DEL02-PE,UOP02-DEL02PE
505449,2023-02-16,quinta-feira,13:50:00,PE,232,123,CARUARU,Acumulo de água sobre o pavimento,Saída de leito carroçável,Com Vítimas Feridas,Pleno dia,Decrescente,Chuva,Dupla,Retorno Regulamentado;Reta    ,Não,2,0,1,0,1,0,1,1,"-8,30417276","-35,92823905",SPRF-PE,DEL02-PE,UOP01-DEL02-PE
505450,2023-02-16,quinta-feira,14:20:00,PE,424,89,GARANHUNS,Ausência de reação do condutor,Colisão lateral mesmo sentido,Com Vítimas Feridas,Pleno dia,Crescente,Céu Claro,Simples,Curva;Aclive                  ,Sim,3,0,2,1,0,0,3,2,"-8,89138375","-36,50571483",SPRF-PE,DEL03-PE,UOP01-DEL03-PE
505524,2023-02-16,quinta-feira,20:50:00,PE,232,125,CARUARU,Transitar na contramão,Colisão frontal,Com Vítimas Fatais,Plena Noite,Crescente,Céu Claro,Simples,Reta;Ponte                    ,Sim,5,1,1,0,3,0,1,2,"-8,30807114","-35,94580097",SPRF-PE,DEL02-PE,UOP01-DEL02-PE
505582,2023-02-17,sexta-feira,08:00:00,PE,232,"198,4",SANHARO,Acessar a via sem observar a presença dos outros veículos,Colisão transversal,Com Vítimas Feridas,Pleno dia,Crescente,Céu Claro,Simples,Reta,Não,2,0,1,1,0,0,2,2,"-8,36941743","-36,58942097",SPRF-PE,DEL03-PE,UOP02-DEL03-PE
505665,2023-02-17,sexta-feira,15:40:00,PE,104,92,AGRESTINA,Ausência de reação do condutor,Colisão frontal,Com Vítimas Feridas,Pleno dia,Crescente,Céu Claro,Simples,Curva,Não,4,0,1,0,2,1,1,3,"-8,496525","-35,948009",SPRF-PE,DEL02-PE,UOP03-DEL02-PE
505703,2023-02-17,sexta-feira,17:30:00,PE,232,"9,6",JABOATAO DOS GUARARAPES,Condutor deixou de manter distância do veículo da frente,Colisão traseira,Com Vítimas Feridas,Anoitecer,Crescente,Céu Claro,Dupla,Reta;Em Obras                 ,Sim,2,0,1,0,0,1,1,2,"-8,078962","-34,984437",SPRF-PE,DEL01-PE,UOP01-DEL01-PE
505718,2023-02-17,sexta-feira,19:15:00,PE,101,"81,6",JABOATAO DOS GUARARAPES,Acessar a via sem observar a presença dos outros veículos,Colisão transversal,Com Vítimas Feridas,Plena Noite,Crescente,Céu Claro,Dupla,Reta,Não,3,0,3,0,0,0,3,2,"-8,1597489","-34,94024569",SPRF-PE,DEL01-PE,UOP01-DEL01-PE
505770,2023-02-18,sábado,01:04:00,PE,101,52,PAULISTA,Acesso irregular,Colisão transversal,Com Vítimas Feridas,Plena Noite,Decrescente,Céu Claro,Dupla,Reta,Sim,3,0,2,0,1,0,2,2,"-7,92358799","-34,89607201",SPRF-PE,DEL01-PE,UOP02-DEL01-PE
505820,2023-02-18,sábado,07:45:00,PE,232,298,SERTANIA,Ausência de reação do condutor,Saída de leito carroçável,Com Vítimas Feridas,Pleno dia,Crescente,Céu Claro,Simples,Reta,Não,4,0,1,0,3,0,1,1,"-8,24287014","-37,40476121",SPRF-PE,DEL04-PE,UOP02-DEL04-PE
505836,2023-02-18,sábado,07:50:00,PE,104,63,CARUARU,Acessar a via sem observar a presença dos outros veículos,Colisão transversal,Com Vítimas Feridas,Pleno dia,Crescente,Céu Claro,Dupla,Interseção de Vias,Sim,2,0,1,0,1,0,1,2,"-8,26711537","-35,97896045",SPRF-PE,DEL02-PE,UOP01-DEL02-PE
505889,2023-02-18,sábado,11:00:00,PE,232,"489,9",VERDEJANTE,Ultrapassagem Indevida,Colisão frontal,Com Vítimas Feridas,Pleno dia,Crescente,Céu Claro,Simples,Reta;Aclive                   ,Não,6,0,3,2,1,0,5,2,"-8,00589512","-38,96369799",SPRF-PE,DEL05-PE,UOP01-DEL05-PE
505939,2023-02-18,sábado,17:35:00,PE,408,"86,5",PAUDALHO,Acessar a via sem observar a presença dos outros veículos,Colisão transversal,Sem Vítimas,Anoitecer,Decrescente,Céu Claro,Dupla,Curva;Retorno Regulamentado;De,Não,2,0,0,0,2,0,0,2,"-7,963289","-35,092961",SPRF-PE,DEL01-PE,UOP01-DEL01-PE
505958,2023-02-18,sábado,18:45:00,PE,101,"84,9",JABOATAO DOS GUARARAPES,Ingestão de álcool pelo condutor,Colisão frontal,Com Vítimas Feridas,Plena Noite,Crescente,Céu Claro,Simples,Reta,Não,3,0,2,0,1,0,2,2,"-8,189588","-34,9547",SPRF-PE,DEL01-PE,UOP01-DEL01-PE
505991,2023-02-18,sábado,19:00:00,PE,424,20,PEDRA,Acessar a via sem observar a presença dos outros veículos,Colisão lateral sentido oposto,Com Vítimas Feridas,Plena Noite,Crescente,Céu Claro,Simples,Reta,Sim,2,0,1,1,0,0,2,2,"-8,51024896","-36,92901694",SPRF-PE,DEL04-PE,UOP02-DEL04-PE
506018,2023-02-19,domingo,01:30:00,PE,428,188,PETROLINA,Pista Escorregadia,Colisão com objeto,Com Vítimas Feridas,Plena Noite,Crescente,Chuva,Dupla,Curva,Sim,1,0,1,0,0,0,1,1,"-9,36400596","-40,48266808",SPRF-PE,DEL06-PE,UOP01-DEL06-PE
506026,2023-02-19,domingo,02:30:00,PE,232,96,SAIRE,Reação tardia ou ineficiente do condutor,Colisão traseira,Sem Vítimas,Plena Noite,Decrescente,Céu Claro,Dupla,Reta,Não,2,0,0,0,0,2,0,2,"-8,23076854","-35,70778281",SPRF-PE,DEL02-PE,UOP02-DEL02PE
506040,2023-02-19,domingo,04:50:00,PE,101,"41,9",IGARASSU,Ausência de reação do condutor,Colisão com objeto,Sem Vítimas,Amanhecer,Crescente,Céu Claro,Múltipla,Aclive;Reta                   ,Não,1,0,0,0,1,0,0,1,"-7,83038346","-34,91426785",SPRF-PE,DEL01-PE,UOP02-DEL01-PE
506072,2023-02-19,domingo,07:00:00,PE,101,"42,7",IGARASSU,Condutor deixou de manter distância do veículo da frente,Colisão lateral mesmo sentido,Com Vítimas Feridas,Pleno dia,Crescente,Sol,Múltipla,Reta;Retorno Regulamentado    ,Sim,3,0,2,0,1,0,2,2,"-7,83887431","-34,91196739",SPRF-PE,DEL01-PE,UOP02-DEL01-PE
506107,2023-02-19,domingo,11:00:00,PE,101,"55,2",PAULISTA,Manobra de mudança de faixa,Colisão lateral mesmo sentido,Com Vítimas Feridas,Pleno dia,Crescente,Céu Claro,Dupla,Aclive,Não,2,0,1,0,0,1,1,2,"-7,94806621","-34,9062148",SPRF-PE,DEL01-PE,UOP02-DEL01-PE
506121,2023-02-19,domingo,11:16:00,PE,232,460,SAO JOSE DO BELMONTE,Condutor deixou de manter distância do veículo da frente,Colisão traseira,Sem Vítimas,Pleno dia,Decrescente,Céu Claro,Simples,Em Obras;Declive              ,Não,5,0,0,0,4,1,0,2,"-8,02484479","-38,75777201",SPRF-PE,DEL05-PE,UOP01-DEL05-PE
506144,2023-02-19,domingo,15:35:00,PE,423,97,GARANHUNS,Condutor deixou de manter distância do veículo da frente,Colisão traseira,Com Vítimas Feridas,Pleno dia,Crescente,Céu Claro,Simples,Aclive,Sim,3,0,1,0,2,0,1,2,"-8,88021822","-36,48651678",SPRF-PE,DEL03-PE,UOP01-DEL03-PE
506152,2023-02-19,domingo,15:39:00,PE,408,97,SAO LOURENCO DA MATA,Avarias e/ou desgaste excessivo no pneu,Queda de ocupante de veículo,Com Vítimas Feridas,Pleno dia,Crescente,Céu Claro,Dupla,Reta,Não,2,0,2,0,0,0,2,1,"-8,02843077","-35,03684556",SPRF-PE,DEL01-PE,UOP01-DEL01-PE
506196,2023-02-19,domingo,11:00:00,PE,232,"94,1",SAIRE,Demais falhas mecânicas ou elétricas,Tombamento,Com Vítimas Feridas,Pleno dia,Crescente,Céu Claro,Dupla,Aclive;Reta                   ,Não,2,0,2,0,0,0,2,1,"-8,225966","-35,694557",SPRF-PE,DEL02-PE,UOP02-DEL02PE
506205,2023-02-19,domingo,19:15:00,PE,408,"77,7",PAUDALHO,Reação tardia ou ineficiente do condutor,Colisão com objeto,Sem Vítimas,Plena Noite,Crescente,Nublado,Dupla,Reta,Não,1,0,0,0,0,1,0,1,"-7,923083","-35,156473",SPRF-PE,DEL01-PE,UOP01-DEL01-PE
506266,2023-02-20,segunda-feira,02:30:00,PE,232,"209,3",PESQUEIRA,Ingestão de álcool pelo condutor,Colisão lateral sentido oposto,Sem Vítimas,Plena Noite,Crescente,Nublado,Simples,Reta,Sim,2,0,0,0,2,0,0,2,"-8,36666789","-36,68869898",SPRF-PE,DEL03-PE,UOP02-DEL03-PE
506274,2023-02-20,segunda-feira,05:25:00,PE,101,67,RECIFE,Pista Escorregadia,Tombamento,Com Vítimas Feridas,Amanhecer,Crescente,Chuva,Dupla,Reta;Declive;Viaduto          ,Sim,1,0,1,0,0,0,1,1,"-8,042334","-34,943096",SPRF-PE,DEL01-PE,UOP01-DEL01-PE
506299,2023-02-20,segunda-feira,08:45:00,PE,428,188,PETROLINA,Manobra de mudança de faixa,Colisão lateral mesmo sentido,Com Vítimas Feridas,Pleno dia,Crescente,Céu Claro,Dupla,Rotatória,Sim,3,0,2,0,1,0,2,2,"-9,36400596","-40,48266808",SPRF-PE,DEL06-PE,UOP01-DEL06-PE
506344,2023-02-20,segunda-feira,15:00:00,PE,232,23,JABOATAO DOS GUARARAPES,Reação tardia ou ineficiente do condutor,Tombamento,Com Vítimas Feridas,Pleno dia,Crescente,Céu Claro,Dupla,Reta,Não,1,0,1,0,0,0,1,1,"-8,0992185","-35,09713887",SPRF-PE,DEL01-PE,UOP01-DEL01-PE