id,data_inversa,dia_semana,horario,uf,br,km,municipio,causa_acidente,tipo_acidente,classificacao_acidente,fase_dia,sentido_via,condicao_metereologica,tipo_pista,tracado_via,uso_solo,pessoas,mortos,feridos_leves,feridos_graves,ilesos,ignorados,feridos,veiculos,latitude,longitude,regional,delegacia,uop
506379,2023-02-20,segunda-feira,18:50:00,PE,232,"8,5",RECIFE,Condutor deixou de manter distância do veículo da frente,Colisão traseira,Com Vítimas Feridas,Plena Noite,Crescente,Nublado,Dupla,Reta;Em Obras;Desvio Temporári,Sim,2,0,1,0,1,0,1,2,"-8,077013","-34,97546",SPRF-PE,DEL01-PE,UOP01-DEL01-PE
506386,2023-02-20,segunda-feira,19:20:00,PE,101,68,RECIFE,Pedestre cruzava a pista fora da faixa,Atropelamento de Pedestre,Com Vítimas Fatais,Plena Noite,Crescente,Nublado,Dupla,Reta,Sim,2,1,0,0,1,0,0,2,"-8,05074296","-34,94580619",SPRF-PE,DEL01-PE,UOP01-DEL01-PE
506395,2023-02-20,segunda-feira,21:15:00,PE,232,127,CARUARU,Iluminação deficiente,Colisão com objeto,Sem Vítimas,Plena Noite,Crescente,Céu Claro,Simples,Reta;Viaduto                  ,Não,1,0,0,0,1,0,0,1,"-8,30598671","-35,96516132",SPRF-PE,DEL02-PE,UOP01-DEL02-PE
506470,2023-02-21,terça-feira,12:00:00,PE,232,27,MORENO,Manobra de mudança de faixa,Colisão traseira,Com Vítimas Feridas,Pleno dia,Decrescente,Sol,Dupla,Reta;Aclive                   ,Não,3,0,0,1,2,0,1,2,"-8,113119","-35,134044",SPRF-PE,DEL01-PE,UOP01-DEL01-PE
506486,2023-02-21,terça-feira,15:00:00,PE,101,"3,7",GOIANA,Ausência de reação do condutor,Capotamento,Com Vítimas Feridas,Pleno dia,Crescente,Sol,Dupla,Declive,Não,1,0,1,0,0,0,1,1,"-7,52387351","-34,99333161",SPRF-PE,DEL01-PE,UOP02-DEL01-PE
506487,2023-02-21,terça-feira,15:20:00,PE,101,"151,8",RIBEIRAO,Reação tardia ou ineficiente do condutor,Saída de leito carroçável,Com Vítimas Feridas,Pleno dia,Decrescente,Céu Claro,Dupla,Curva,Não,2,0,2,0,0,0,2,1,"-8,50224498","-35,38851271",SPRF-PE,DEL01-PE,UOP03-DEL01-PE
506505,2023-02-21,terça-feira,17:15:00,PE,101,48,ABREU E LIMA,Ausência de reação do condutor,Colisão traseira,Com Vítimas Feridas,Anoitecer,Decrescente,Nublado,Múltipla,Reta,Sim,5,0,1,0,4,0,1,3,"-7,89640531","-34,90259528",SPRF-PE,DEL01-PE,UOP02-DEL01-PE
506516,2023-02-21,terça-feira,18:20:00,PE,424,94,GARANHUNS,Ingestão de álcool pelo condutor,Saída de leito carroçável,Sem Vítimas,Plena Noite,Crescente,Céu Claro,Simples,Aclive,Não,1,0,0,0,1,0,0,1,"-8,91590392","-36,48883344",SPRF-PE,DEL03-PE,UOP01-DEL03-PE
506534,2023-02-21,terça-feira,18:00:00,PE,407,124,PETROLINA,Demais falhas na via,Saída de leito carroçável,Com Vítimas Feridas,Plena Noite,Decrescente,Céu Claro,Dupla,Reta,Sim,2,0,2,0,0,0,2,1,"-9,36929881","-40,54137139",SPRF-PE,DEL06-PE,UOP01-DEL06-PE
506576,2023-02-22,quarta-feira,04:00:00,PE,232,128,CARUARU,Ingestão de álcool pelo condutor,Saída de leito carroçável,Sem Vítimas,Plena Noite,Crescente,Nublado,Dupla,Reta,Sim,1,0,0,0,1,0,0,1,"-8,30399306","-35,97216301",SPRF-PE,DEL02-PE,UOP01-DEL02-PE
506620,2023-02-22,quarta-feira,12:00:00,PE,104,68,CARUARU,Reação tardia ou ineficiente do condutor,Colisão traseira,Com Vítimas Feridas,Pleno dia,Crescente,Chuva,Múltipla,Reta,Sim,2,0,1,0,1,0,1,2,"-8,3107","-35,9904",SPRF-PE,DEL02-PE,UOP01-DEL02-PE
506626,2023-02-05,domingo,14:00:00,PE,232,139,CARUARU,Velocidade Incompatível,Saída de leito carroçável,Com Vítimas Feridas,Pleno dia,Decrescente,Nublado,Dupla,Reta;Aclive                   ,Não,1,0,1,0,0,0,1,1,"-8,31947086","-36,06799801",SPRF-PE,DEL02-PE,UOP01-DEL02-PE
506634,2023-02-22,quarta-feira,11:59:00,PE,101,88,JABOATAO DOS GUARARAPES,Condutor deixou de manter distância do veículo da frente,Colisão traseira,Com Vítimas Feridas,Pleno dia,Decrescente,Nublado,Dupla,Reta,Não,2,0,1,0,1,0,1,2,"-8,19971387","-34,9785382",SPRF-PE,DEL01-PE,UOP01-DEL01-PE
506654,2023-02-22,quarta-feira,14:40:00,PE,424,75,CAETES,Manobra de mudança de faixa,Colisão lateral sentido oposto,Com Vítimas Feridas,Pleno dia,Crescente,Céu Claro,Simples,Reta,Não,5,0,2,3,0,0,5,2,"-8,80482636","-36,58367325",SPRF-PE,DEL03-PE,UOP01-DEL03-PE
506667,2023-02-22,quarta-feira,14:20:00,PE,101,50,ABREU E LIMA,Ausência de reação do condutor,Queda de ocupante de veículo,Com Vítimas Feridas,Pleno dia,Crescente,Nublado,Simples,Reta,Sim,1,0,1,0,0,0,1,1,"-7,92654867","-34,95094172",SPRF-PE,DEL01-PE,UOP02-DEL01-PE
506678,2023-02-22,quarta-feira,17:00:00,PE,101,58,RECIFE,Manobra de mudança de faixa,Tombamento,Com Vítimas Feridas,Pleno dia,Crescente,Nublado,Dupla,Reta,Sim,2,0,1,0,0,1,1,2,"-7,97306898","-34,92168546",SPRF-PE,DEL01-PE,UOP02-DEL01-PE
506692,2023-02-22,quarta-feira,17:30:00,PE,232,"10,8",JABOATAO DOS GUARARAPES,Demais falhas na via,Colisão traseira,Com Vítimas Feridas,Anoitecer,Decrescente,Chuva,Dupla,Em Obras;Declive;Reta         ,Sim,2,0,0,1,1,0,1,2,"-8,081868","-34,995091",SPRF-PE,DEL01-PE,UOP01-DEL01-PE
506695,2023-02-22,quarta-feira,16:57:00,PE,101,"143,4",RIBEIRAO,Acumulo de água sobre o pavimento,Saída de leito carroçável,Com Vítimas Feridas,Anoitecer,Crescente,Chuva,Dupla,Curva,Não,1,0,1,0,0,0,1,1,"-8,44891304","-35,34974899",SPRF-PE,DEL01-PE,UOP03-DEL01-PE
506712,2023-02-22,quarta-feira,18:40:00,PE,101,"69,3",RECIFE,Acumulo de água sobre o pavimento,Saída de leito carroçável,Com Vítimas Feridas,Plena Noite,Decrescente,Chuva,Múltipla,Reta,Sim,1,0,1,0,0,0,1,1,"-8,062054","-34,945006",SPRF-PE,DEL01-PE,UOP01-DEL01-PE
506834,2023-02-23,quinta-feira,15:05:00,PE,101,51,ABREU E LIMA,Reação tardia ou ineficiente do condutor,Colisão transversal,Com Vítimas Feridas,Pleno dia,Decrescente,Céu Claro,Múltipla,Reta,Sim,2,0,0,1,1,0,1,2,"-7,9169968","-34,89689272",SPRF-PE,DEL01-PE,UOP02-DEL01-PE
506838,2023-02-23,quinta-feira,16:30:00,PE,101,"42,5",IGARASSU,Reação tardia ou ineficiente do condutor,Tombamento,Com Vítimas Feridas,Pleno dia,Crescente,Céu Claro,Múltipla,Reta,Sim,1,0,1,0,0,0,1,1,"-7,83887431","-34,91196739",SPRF-PE,DEL01-PE,UOP02-DEL01-PE
506863,2023-02-23,quinta-feira,18:45:00,PE,428,61,SANTA MARIA DA BOA VISTA,Reação tardia ou ineficiente do condutor,Colisão com objeto,Com Vítimas Feridas,Anoitecer,Crescente,Céu Claro,Simples,Reta;Em Obras;Ponte           ,Não,2,0,0,2,0,0,2,1,"-8,63804949","-39,71583366",SPRF-PE,DEL06-PE,UOP03-DEL06-PE
506864,2023-02-23,quinta-feira,19:39:00,PE,232,57,POMBOS,Transitar na contramão,Colisão frontal,Sem Vítimas,Plena Noite,Crescente,Céu Claro,Dupla,Reta,Não,2,0,0,0,2,0,0,2,"-8,14008284","-35,3791523",SPRF-PE,DEL02-PE,UOP02-DEL02PE
506874,2023-02-23,quinta-feira,18:25:00,PE,232,"5,8",RECIFE,Ausência de reação do condutor,Colisão traseira,Com Vítimas Feridas,Plena Noite,Decrescente,Céu Claro,Dupla,Em Obras,Sim,3,0,1,0,2,0,1,3,"-8,06795766","-34,94535414",SPRF-PE,DEL01-PE,UOP01-DEL01-PE
506913,2023-02-24,sexta-feira,06:20:00,PE,101,"79,7",JABOATAO DOS GUARARAPES,Manobra de mudança de faixa,Tombamento,Com Vítimas Feridas,Pleno dia,Decrescente,Céu Claro,Dupla,Reta,Não,1,0,1,0,0,0,1,1,"-8,14366112","-34,94723453",SPRF-PE,DEL01-PE,UOP01-DEL01-PE
506914,2023-02-24,sexta-feira,06:35:00,PE,101,61,RECIFE,Acostamento em desnível,Tombamento,Com Vítimas Feridas,Pleno dia,Crescente,Céu Claro,Dupla,Reta,Sim,1,0,1,0,0,0,1,1,"-7,998535","-34,939427",SPRF-PE,DEL01-PE,UOP02-DEL01-PE
506926,2023-01-11,quarta-feira,16:20:00,PE,428,140,PETROLINA,Acessar a via sem observar a presença dos outros veículos,Colisão transversal,Com Vítimas Feridas,Pleno dia,Crescente,Céu Claro,Simples,Reta,Sim,2,0,1,0,0,1,1,2,"-8,992364","-40,270164",SPRF-PE,DEL06-PE,UOP03-DEL06-PE
507024,2023-02-24,sexta-feira,18:20:00,PE,423,"94,9",GARANHUNS,Pedestre cruzava a pista fora da faixa,Atropelamento de Pedestre,Com Vítimas Feridas,Plena Noite,Crescente,Céu Claro,Simples,Reta,Sim,2,0,1,0,1,0,1,2,"-8,878533","-36,477163",SPRF-PE,DEL03-PE,UOP01-DEL03-PE
507061,2023-02-24,sexta-feira,23:15:00,PE,101,"46,9",ABREU E LIMA,Condutor Dormindo,Colisão com objeto,Com Vítimas Feridas,Plena Noite,Decrescente,Chuva,Múltipla,Reta,Sim,1,0,1,0,0,0,1,1,"-7,87406004","-34,90588126",SPRF-PE,DEL01-PE,UOP02-DEL01-PE
507154,2023-02-25,sábado,16:40:00,PE,101,70,RECIFE,Reação tardia ou ineficiente do condutor,Queda de ocupante de veículo,Com Vítimas Feridas,Pleno dia,Decrescente,Nublado,Simples,Curva,Sim,2,0,2,0,0,0,2,1,"-8,06776119","-34,94265074",SPRF-PE,DEL01-PE,UOP01-DEL01-PE
507224,2023-02-26,domingo,01:40:00,PE,316,142,PARNAMIRIM,Ausência de reação do condutor,Colisão traseira,Com Vítimas Fatais,Plena Noite,Decrescente,Garoa/Chuvisco,Simples,Reta,Não,1,1,0,0,0,0,0,1,"-8,08687166","-39,60015985",SPRF-PE,DEL05-PE,UOP02-DEL05-PE
507276,2023-02-26,domingo,08:51:00,PE,101,51,ABREU E LIMA,Desrespeitar a preferência no cruzamento,Colisão transversal,Com Vítimas Feridas,Pleno dia,Decrescente,Sol,Múltipla,Retorno Regulamentado;Reta    ,Sim,3,0,1,0,2,0,1,2,"-7,9169968","-34,89689272",SPRF-PE,DEL01-PE,UOP02-DEL01-PE
507290,2023-02-26,domingo,12:20:00,PE,101,69,RECIFE,Reação tardia ou ineficiente do condutor,Colisão traseira,Com Vítimas Feridas,Pleno dia,Decrescente,Sol,Múltipla,Reta,Sim,2,0,2,0,0,0,2,2,"-8,05985638","-34,94569659",SPRF-PE,DEL01-PE,UOP01-DEL01-PE
507363,2023-02-26,domingo,19:43:00,PE,101,"31,9",IGARASSU,Animais na Pista,Atropelamento de Animal,Com Vítimas Feridas,Plena Noite,Crescente,Céu Claro,Dupla,Reta,Não,3,0,2,1,0,0,3,1,"-7,74443874","-34,93872764",SPRF-PE,DEL01-PE,UOP02-DEL01-PE
507366,2023-02-26,domingo,19:25:00,PE,116,8,SALGUEIRO,Transitar na contramão,Tombamento,Com Vítimas Feridas,Plena Noite,Decrescente,Nublado,Simples,Reta,Não,1,0,0,1,0,0,1,1,"-7,926006","-39,119897",SPRF-PE,DEL05-PE,UOP01-DEL05-PE
507373,2023-02-26,domingo,20:00:00,PE,232,255,ARCOVERDE,Acessar a via sem observar a presença dos outros veículos,Colisão traseira,Com Vítimas Feridas,Plena Noite,Crescente,Céu Claro,Simples,Reta;Interseção de Vias       ,Sim,2,0,1,0,1,0,1,2,"-8,4124021","-37,08493608",SPRF-PE,DEL04-PE,UOP02-DEL04-PE
507391,2023-02-26,domingo,21:00:00,PE,232,"99,6",BEZERROS,Ingestão de álcool pelo condutor,Colisão lateral sentido oposto,Sem Vítimas,Plena Noite,Crescente,Céu Claro,Simples,Reta,Sim,2,0,0,0,2,0,0,2,"-8,23791176","-35,74297705",SPRF-PE,DEL02-PE,UOP02-DEL02PE
507410,2023-02-26,domingo,23:19:00,PE,408,87,SAO LOURENCO DA MATA,Animais na Pista,Atropelamento de Animal,Com Vítimas Feridas,Plena Noite,Decrescente,Céu Claro,Dupla,Reta,Não,1,0,0,1,0,0,1,1,"-7,96765405","-35,0914341",SPRF-PE,DEL01-PE,UOP01-DEL01-PE
507458,2023-02-27,segunda-feira,09:30:00,PE,232,408,SERRA TALHADA,Transitar na contramão,Colisão frontal,Com Vítimas Feridas,Pleno dia,Decrescente,Céu Claro,Simples,Reta;Aclive                   ,Sim,2,0,2,0,0,0,2,2,"-7,98371447","-38,28047709",SPRF-PE,DEL04-PE,UOP01-DEL04-PE
507460,2023-02-27,segunda-feira,07:30:00,PE,101,"135,9",ESCADA,Acessar a via sem observar a presença dos outros veículos,Colisão traseira,Com Vítimas Feridas,Pleno dia,Crescente,Céu Claro,Dupla,Reta;Declive                  ,Não,3,0,1,0,2,0,1,3,"-8,41464003","-35,30456543",SPRF-PE,DEL01-PE,UOP03-DEL01-PE
507519,2023-02-27,segunda-feira,16:25:00,PE,232,9,RECIFE,Avarias e/ou desgaste excessivo no pneu,Queda de ocupante de veículo,Com Vítimas Feridas,Pleno dia,Decrescente,Céu Claro,Dupla,Em Obras;Reta                 ,Sim,1,0,1,0,0,0,1,1,"-8,07764447","-34,97863609",SPRF-PE,DEL01-PE,UOP01-DEL01-PE
507552,2023-02-27,segunda-feira,17:46:00,PE,101,"75,3",RECIFE,Ausência de reação do condutor,Engavetamento,Com Vítimas Fatais,Anoitecer,Crescente,Nublado,Dupla,Reta,Sim,5,1,0,0,3,1,0,5,"-8,1142","-34,945195",SPRF-PE,DEL01-PE,UOP01-DEL01-PE
507575,2023-02-27,segunda-feira,22:15:00,PE,101,74,RECIFE,Condutor deixou de manter distância do veículo da frente,Colisão traseira,Com Vítimas Feridas,Plena Noite,Crescente,Céu Claro,Dupla,Reta,Sim,2,0,1,0,1,0,1,2,"-8,10146485","-34,94901577",SPRF-PE,DEL01-PE,UOP01-DEL01-PE
507576,2023-02-27,segunda-feira,21:30:00,PE,232,"76,1",GRAVATA,Demais falhas mecânicas ou elétricas,Capotamento,Com Vítimas Feridas,Plena Noite,Crescente,Céu Claro,Dupla,Reta,Não,1,0,1,0,0,0,1,1,"-8,19541469","-35,53424693",SPRF-PE,DEL02-PE,UOP02-DEL02PE
507577,2023-02-27,segunda-feira,19:30:00,PE,316,"59,5",TRINDADE,Acessar a via sem observar a presença dos outros veículos,Colisão frontal,Com Vítimas Feridas,Plena Noite,Decrescente,Céu Claro,Simples,Reta,Não,2,0,1,0,1,0,1,2,"-7,76160912","-40,26138334",SPRF-PE,DEL05-PE,UOP02-DEL05-PE
507579,2023-02-27,segunda-feira,19:43:00,PE,407,122,PETROLINA,Ingestão de álcool pelo condutor,Colisão lateral mesmo sentido,Com Vítimas Feridas,Plena Noite,Decrescente,Céu Claro,Simples,Reta;Interseção de Vias       ,Sim,2,0,1,0,1,0,1,2,"-9,35368726","-40,55051642",SPRF-PE,DEL06-PE,UOP01-DEL06-PE
507663,2023-02-28,terça-feira,05:40:00,PE,232,"6,3",RECIFE,Condutor Dormindo,Saída de leito carroçável,Sem Vítimas,Amanhecer,Crescente,Nublado,Múltipla,Reta,Não,1,0,0,0,0,1,0,1,"-8,071685","-34,957395",SPRF-PE,DEL01-PE,UOP01-DEL01-PE
507698,2023-02-28,terça-feira,14:15:00,PE,101,"200,1",XEXEU,Condutor Dormindo,Saída de leito carroçável,Com Vítimas Feridas,Pleno dia,Decrescente,Céu Claro,Dupla,Curva,Não,4,0,1,0,3,0,1,1,"-8,77234132","-35,6185606",SPRF-PE,DEL01-PE,UOP03-DEL01-PE
507708,2023-02-28,terça-feira,16:30:00,PE,408,84,PAUDALHO,Manobra de mudança de faixa,Colisão lateral mesmo sentido,Com Vítimas Feridas,Pleno dia,Decrescente,Céu Claro,Múltipla,Curva;Aclive                  ,Não,2,0,1,0,0,1,1,2,"-7,95123498","-35,10915987",SPRF-PE,DEL01-PE,UOP01-DEL01-PE
507755,2023-02-28,terça-feira,22:00:00,PE,104,61,CARUARU,Ingestão de álcool pelo condutor,Queda de ocupante de veículo,Com Vítimas Feridas,Plena Noite,Crescente,Céu Claro,Dupla,Reta;Retorno Regulamentado    ,Não,1,0,1,0,0,0,1,1,"-8,2529","-35,9751",SPRF-PE,DEL02-PE,UOP01-DEL02-PE
507782,2023-02-28,terça-feira,07:57:00,PE,407,126,PETROLINA,Acessar a via sem observar a presença dos outros veículos,Colisão transversal,Com Vítimas Feridas,Pleno dia,Decrescente,Céu Claro,Simples,Reta,Sim,2,0,1,0,0,1,1,2,"-9,38491309","-40,52809509",SPRF-PE,DEL06-PE,UOP01-DEL06-PE
507861,2023-03-01,quarta-feira,15:00:00,PE,428,"186,5",PETROLINA,Manobra de mudança de faixa,Colisão lateral mesmo sentido,Com Vítimas Feridas,Pleno dia,Crescente,Sol,Dupla,Reta,Sim,3,0,2,0,1,0,2,2,"-9,364453","-40,483057",SPRF-PE,DEL06-PE,UOP01-DEL06-PE
507870,2023-03-01,quarta-feira,16:45:00,PE,316,5,ARARIPINA,Acesso irregular,Colisão lateral mesmo sentido,Com Vítimas Feridas,Anoitecer,Crescente,Céu Claro,Simples,Reta,Não,3,0,0,1,2,0,1,2,"-7,46774582","-40,62297981",SPRF-PE,DEL05-PE,UOP02-DEL05-PE
507891,2023-03-01,quarta-feira,18:10:00,PE,423,"94,8",GARANHUNS,Acessar a via sem observar a presença dos outros veículos,Colisão lateral mesmo sentido,Com Vítimas Feridas,Plena Noite,Crescente,Céu Claro,Simples,Reta;Aclive                   ,Sim,3,0,2,0,1,0,2,2,"-8,874732","-36,46946",SPRF-PE,DEL03-PE,UOP01-DEL03-PE
507901,2023-03-01,quarta-feira,19:00:00,PE,232,"10,5",JABOATAO DOS GUARARAPES,Acumulo de óleo sobre o pavimento,Queda de ocupante de veículo,Com Vítimas Feridas,Plena Noite,Decrescente,Chuva,Simples,Curva,Sim,1,0,1,0,0,0,1,1,"-8,07917241","-34,98718609",SPRF-PE,DEL01-PE,UOP01-DEL01-PE
507944,2023-03-02,quinta-feira,07:05:00,PE,101,67,RECIFE,Manobra de mudança de faixa,Tombamento,Com Vítimas Feridas,Pleno dia,Crescente,Céu Claro,Dupla,Reta,Sim,2,0,2,0,0,0,2,1,"-8,042334","-34,943096",SPRF-PE,DEL01-PE,UOP01-DEL01-PE
507966,2023-03-02,quinta-feira,07:58:00,PE,101,"82,7",JABOATAO DOS GUARARAPES,Manobra de mudança de faixa,Colisão lateral mesmo sentido,Com Vítimas Feridas,Pleno dia,Crescente,Céu Claro,Dupla,Aclive;Viaduto;Reta           ,Sim,3,0,2,0,1,0,2,2,"-8,175119","-34,942813",SPRF-PE,DEL01-PE,UOP01-DEL01-PE
508049,2023-03-02,quinta-feira,16:00:00,PE,232,234,PESQUEIRA,Demais falhas mecânicas ou elétricas,Incêndio,Sem Vítimas,Pleno dia,Decrescente,Céu Claro,Simples,Reta,Não,1,0,0,0,1,0,0,1,"-8,40708897","-36,910579",SPRF-PE,DEL04-PE,UOP02-DEL04-PE
508121,2023-03-03,sexta-feira,02:50:00,PE,232,197,SANHARO,Transitar na contramão,Colisão frontal,Com Vítimas Feridas,Plena Noite,Decrescente,Céu Claro,Simples,Reta,Não,10,0,7,0,1,2,7,2,"-8,36891793","-36,580362",SPRF-PE,DEL03-PE,UOP02-DEL03-PE
508140,2023-03-03,sexta-feira,07:00:00,PE,101,69,RECIFE,Manobra de mudança de faixa,Colisão traseira,Com Vítimas Feridas,Pleno dia,Crescente,Céu Claro,Dupla,Reta,Sim,3,0,2,0,1,0,2,3,"-8,05951606","-34,94581024",SPRF-PE,DEL01-PE,UOP01-DEL01-PE
508149,2023-03-03,sexta-feira,07:50:00,PE,101,"71,8",RECIFE,Condutor deixou de manter distância do veículo da frente,Colisão traseira,Com Vítimas Feridas,Pleno dia,Decrescente,Nublado,Dupla,Reta,Sim,3,0,1,0,1,1,1,2,"-8,084982","-34,945025",SPRF-PE,DEL01-PE,UOP01-DEL01-PE
508157,2023-03-03,sexta-feira,07:40:00,PE,101,80,JABOATAO DOS GUARARAPES,Acessar a via sem observar a presença dos outros veículos,Colisão transversal,Com Vítimas Feridas,Pleno dia,Decrescente,Céu Claro,Dupla,Reta,Sim,2,0,1,0,1,0,1,2,"-8,15112589","-34,9428866",SPRF-PE,DEL01-PE,UOP01-DEL01-PE
508167,2023-03-03,sexta-feira,08:46:00,PE,101,"44,3",IGARASSU,Reação tardia ou ineficiente do condutor,Tombamento,Com Vítimas Feridas,Pleno dia,Crescente,Céu Claro,Múltipla,Reta,Sim,1,0,0,1,0,0,1,1,"-7,85637001","-34,90842109",SPRF-PE,DEL01-PE,UOP02-DEL01-PE
508178,2023-03-03,sexta-feira,09:00:00,PE,101,"64,7",RECIFE,Reação tardia ou ineficiente do condutor,Queda de ocupante de veículo,Com Vítimas Feridas,Pleno dia,Crescente,Céu Claro,Dupla,Reta,Sim,1,0,1,0,0,0,1,1,"-8,0162921","-34,94045886",SPRF-PE,DEL01-PE,UOP01-DEL01-PE
508202,2023-03-03,sexta-feira,12:00:00,PE,104,"66,1",CARUARU,Obstrução na via,Colisão traseira,Com Vítimas Feridas,Pleno dia,Decrescente,Céu Claro,Múltipla,Reta,Sim,4,0,1,1,1,1,2,3,"-8,2937","-35,9864",SPRF-PE,DEL02-PE,UOP01-DEL02-PE
508291,2023-03-03,sexta-feira,19:50:00,PE,101,"73,3",RECIFE,Fumaça,Incêndio,Sem Vítimas,Plena Noite,Crescente,Céu Claro,Dupla,Curva,Sim,1,0,0,0,1,0,0,1,"-8,093369","-34,947464",SPRF-PE,DEL01-PE,UOP01-DEL01-PE
508317,2023-03-03,sexta-feira,21:55:00,PE,232,506,SALGUEIRO,Ausência de reação do condutor,Colisão traseira,Com Vítimas Feridas,Plena Noite,Decrescente,Garoa/Chuvisco,Simples,Reta;Declive                  ,Não,1,0,0,1,0,0,1,1,"-8,05986546","-39,10271397",SPRF-PE,DEL05-PE,UOP01-DEL05-PE
508375,2023-03-04,sábado,06:45:00,PE,101,"47,7",IGARASSU,Condutor deixou de manter distância do veículo da frente,Colisão traseira,Com Vítimas Feridas,Pleno dia,Crescente,Sol,Dupla,Reta,Sim,2,0,0,1,1,0,1,2,"-7,88290701","-34,90461208",SPRF-PE,DEL01-PE,UOP02-DEL01-PE
508395,2023-03-04,sábado,08:30:00,PE,104,65,CARUARU,Condutor deixou de manter distância do veículo da frente,Colisão traseira,Com Vítimas Feridas,Pleno dia,Decrescente,Céu Claro,Simples,Reta,Sim,3,0,1,0,2,0,1,2,"-8,2867","-35,9838",SPRF-PE,DEL02-PE,UOP01-DEL02-PE
508398,2023-03-04,sábado,08:30:00,PE,101,158,GAMELEIRA,Avarias e/ou desgaste excessivo no pneu,Colisão com objeto,Com Vítimas Feridas,Pleno dia,Crescente,Céu Claro,Dupla,Reta,Não,6,0,5,0,1,0,5,1,"-8,55179162","-35,4051441",SPRF-PE,DEL01-PE,UOP03-DEL01-PE
508424,2023-03-04,sábado,10:45:00,PE,101,65,RECIFE,Condutor Dormindo,Saída de leito carroçável,Sem Vítimas,Pleno dia,Decrescente,Céu Claro,Dupla,Ponte,Sim,1,0,0,0,0,1,0,1,"-8,027797","-34,942852",SPRF-PE,DEL01-PE,UOP01-DEL01-PE
508426,2023-03-04,sábado,11:45:00,PE,101,46,IGARASSU,Acesso irregular,Colisão transversal,Com Vítimas Feridas,Pleno dia,Decrescente,Céu Claro,Múltipla,Reta,Sim,2,0,0,1,1,0,1,2,"-7,87406004","-34,90588126",SPRF-PE,DEL01-PE,UOP02-DEL01-PE
508434,2023-02-12,domingo,04:30:00,PE,423,"172,2",AGUAS BELAS,Animais na Pista,Atropelamento de Animal,Sem Vítimas,Amanhecer,Crescente,Céu Claro,Simples,Reta,Não,2,0,0,0,0,2,0,1,"-9,12811042","-37,06924697",SPRF-AL,DEL03-AL,UOP02-DEL03-AL
508441,2023-03-04,sábado,12:20:00,PE,104,64,CARUARU,Manobra de mudança de faixa,Colisão transversal,Com Vítimas Feridas,Pleno dia,Crescente,Céu Claro,Dupla,Reta,Sim,2,0,1,0,1,0,1,2,"-8,2783","-35,9815",SPRF-PE,DEL02-PE,UOP01-DEL02-PE
508480,2023-03-04,sábado,17:20:00,PE,423,95,GARANHUNS,Pedestre cruzava a pista fora da faixa,Atropelamento de Pedestre,Com Vítimas Feridas,Pleno dia,Crescente,Céu Claro,Simples,Reta,Sim,2,0,0,2,0,0,2,2,"-8,87891989","-36,47796305",SPRF-PE,DEL03-PE,UOP01-DEL03-PE
508486,2023-03-04,sábado,18:50:00,PE,104,"129,6",CARUARU,Manobra de mudança de faixa,Colisão traseira,Com Vítimas Feridas,Plena Noite,Decrescente,Céu Claro,Dupla,Viaduto;Reta                  ,Sim,3,0,2,0,0,1,2,2,"-8,300446","-35,988096",SPRF-PE,DEL02-PE,UOP03-DEL02-PE
508492,2023-03-04,sábado,18:00:00,PE,101,63,RECIFE,Manobra de mudança de faixa,Colisão lateral mesmo sentido,Com Vítimas Feridas,Plena Noite,Crescente,Céu Claro,Múltipla,Reta,Sim,3,0,2,0,1,0,2,2,"-8,012364","-34,939098",SPRF-PE,DEL01-PE,UOP01-DEL01-PE
508512,2023-03-04,sábado,20:30:00,PE,101,74,RECIFE,Transitar na contramão,Colisão frontal,Com Vítimas Feridas,Plena Noite,Crescente,Céu Claro,Dupla,Reta,Sim,2,0,0,2,0,0,2,2,"-8,10146485","-34,94901577",SPRF-PE,DEL01-PE,UOP01-DEL01-PE
508615,2023-01-24,terça-feira,17:35:00,PE,232,"180,9",BELO JARDIM,Acesso irregular,Colisão transversal,Com Vítimas Feridas,Anoitecer,Crescente,Céu Claro,Simples,Reta,Sim,2,0,0,1,1,0,1,2,"-8,34449745","-36,4288801",SPRF-PE,DEL03-PE,UOP02-DEL03-PE
508697,2023-03-05,domingo,17:30:00,PE,101,5,GOIANA,Condutor deixou de manter distância do veículo da frente,Colisão traseira,Com Vítimas Feridas,Anoitecer,Crescente,Nublado,Dupla,Reta,Não,4,0,4,0,0,0,4,2,"-7,541764","-34,991394",SPRF-PE,DEL01-PE,UOP02-DEL01-PE
508717,2023-03-05,domingo,19:00:00,PE,232,145,SAO CAITANO,Transitar na contramão,Colisão lateral sentido oposto,Com Vítimas Feridas,Plena Noite,Decrescente,Céu Claro,Dupla,Reta,Sim,2,0,0,1,1,0,1,2,"-8,32868","-36,120811",SPRF-PE,DEL03-PE,UOP02-DEL03-PE
508721,2023-03-05,domingo,18:45:00,PE,423,112,PARANATAMA,Ausência de reação do condutor,Colisão traseira,Com Vítimas Feridas,Plena Noite,Crescente,Céu Claro,Simples,Reta,Não,2,0,1,0,1,0,1,2,"-8,89529604","-36,62527899",SPRF-PE,DEL03-PE,UOP01-DEL03-PE