id,data_inversa,dia_semana,horario,uf,br,km,municipio,causa_acidente,tipo_acidente,classificacao_acidente,fase_dia,sentido_via,condicao_metereologica,tipo_pista,tracado_via,uso_solo,pessoas,mortos,feridos_leves,feridos_graves,ilesos,ignorados,feridos,veiculos,latitude,longitude,regional,delegacia,uop
508741,2023-03-05,domingo,19:30:00,PE,423,98,GARANHUNS,Transitar na contramão,Colisão lateral sentido oposto,Sem Vítimas,Plena Noite,Crescente,Céu Claro,Simples,Declive,Não,2,0,0,0,1,1,0,2,"-8,87617488","-36,50363499",SPRF-PE,DEL03-PE,UOP01-DEL03-PE
508763,2023-03-05,domingo,21:40:00,PE,104,74,CARUARU,Ultrapassagem Indevida,Colisão frontal,Com Vítimas Feridas,Plena Noite,Crescente,Céu Claro,Simples,Reta,Não,2,0,1,0,1,0,1,2,"-8,349874","-35,985184",SPRF-PE,DEL02-PE,UOP01-DEL02-PE
508903,2023-03-06,segunda-feira,18:25:00,PE,232,48,VITORIA DE SANTO ANTAO,Reação tardia ou ineficiente do condutor,Colisão com objeto,Sem Vítimas,Plena Noite,Decrescente,Nublado,Dupla,Ponte;Reta                    ,Não,2,0,0,0,0,2,0,1,"-8,143695","-35,310229",SPRF-PE,DEL01-PE,UOP01-DEL01-PE
508909,2023-03-06,segunda-feira,18:00:00,PE,101,"45,1",IGARASSU,Pedestre cruzava a pista fora da faixa,Atropelamento de Pedestre,Com Vítimas Feridas,Plena Noite,Decrescente,Céu Claro,Múltipla,Reta,Sim,2,0,0,1,0,1,1,2,"-7,86521297","-34,90715176",SPRF-PE,DEL01-PE,UOP02-DEL01-PE
508914,2023-03-06,segunda-feira,18:50:00,PE,232,29,MORENO,Ausência de reação do condutor,Colisão com objeto,Com Vítimas Feridas,Plena Noite,Decrescente,Céu Claro,Dupla,Reta,Não,4,0,2,0,2,0,2,3,"-8,111269","-35,143135",SPRF-PE,DEL01-PE,UOP01-DEL01-PE
508976,2023-03-07,terça-feira,05:30:00,PE,428,"190,8",PETROLINA,Condutor desrespeitou a iluminação vermelha do semáforo,Colisão transversal,Com Vítimas Feridas,Amanhecer,Decrescente,Céu Claro,Simples,Reta;Interseção de Vias;Viadut,Sim,3,0,3,0,0,0,3,2,"-9,37605965","-40,49382106",SPRF-PE,DEL06-PE,UOP01-DEL06-PE
509007,2023-03-07,terça-feira,08:50:00,PE,101,"153,9",RIBEIRAO,Reação tardia ou ineficiente do condutor,Colisão com objeto,Com Vítimas Feridas,Pleno dia,Decrescente,Sol,Dupla,Curva,Não,1,0,1,0,0,0,1,1,"-8,51960799","-35,38997595",SPRF-PE,DEL01-PE,UOP03-DEL01-PE
509062,2023-03-07,terça-feira,14:20:00,PE,101,61,RECIFE,Entrada inopinada do pedestre,Atropelamento de Pedestre,Com Vítimas Feridas,Pleno dia,Decrescente,Céu Claro,Múltipla,Reta,Não,2,0,1,1,0,0,2,2,"-7,99097103","-34,93598295",SPRF-PE,DEL01-PE,UOP02-DEL01-PE
509082,2023-03-07,terça-feira,11:30:00,PE,232,408,SERRA TALHADA,Acessar a via sem observar a presença dos outros veículos,Colisão transversal,Com Vítimas Feridas,Pleno dia,Crescente,Céu Claro,Simples,Reta,Sim,2,0,1,0,0,1,1,2,"-7,98371447","-38,28047709",SPRF-PE,DEL04-PE,UOP01-DEL04-PE
509112,2023-03-07,terça-feira,19:07:00,PE,428,93,SANTA MARIA DA BOA VISTA,Animais na Pista,Atropelamento de Animal,Com Vítimas Fatais,Plena Noite,Crescente,Céu Claro,Simples,Reta,Não,1,1,0,0,0,0,0,1,"-8,80609979","-39,90444112",SPRF-PE,DEL06-PE,UOP03-DEL06-PE
509179,2023-03-08,quarta-feira,08:10:00,PE,104,65,CARUARU,Ausência de reação do condutor,Colisão traseira,Com Vítimas Feridas,Pleno dia,Crescente,Céu Claro,Dupla,Reta,Sim,4,0,1,0,3,0,1,2,"-8,28670704","-35,98365784",SPRF-PE,DEL02-PE,UOP01-DEL02-PE
509190,2023-03-08,quarta-feira,08:40:00,PE,101,"49,2",ABREU E LIMA,Sinalização encoberta,Colisão transversal,Com Vítimas Feridas,Pleno dia,Decrescente,Garoa/Chuvisco,Dupla,Reta,Sim,3,0,1,0,2,0,1,2,"-7,904901","-34,901444",SPRF-PE,DEL01-PE,UOP02-DEL01-PE
509301,2023-03-08,quarta-feira,19:30:00,PE,407,127,PETROLINA,Acessar a via sem observar a presença dos outros veículos,Colisão transversal,Com Vítimas Feridas,Plena Noite,Crescente,Céu Claro,Simples,Reta,Sim,2,0,1,0,1,0,1,2,"-9,3908678","-40,52038627",SPRF-PE,DEL06-PE,UOP01-DEL06-PE
509337,2023-03-09,quinta-feira,00:45:00,PE,232,180,BELO JARDIM,Manobra de mudança de faixa,Colisão frontal,Com Vítimas Feridas,Plena Noite,Decrescente,Céu Claro,Simples,Reta,Sim,4,0,2,2,0,0,4,2,"-8,34449745","-36,4288801",SPRF-PE,DEL03-PE,UOP02-DEL03-PE
509369,2023-03-09,quinta-feira,07:10:00,PE,232,5,RECIFE,Manobra de mudança de faixa,Colisão transversal,Com Vítimas Feridas,Pleno dia,Decrescente,Céu Claro,Dupla,Reta,Não,2,0,0,1,1,0,1,2,"-8,06795766","-34,94535414",SPRF-PE,DEL01-PE,UOP01-DEL01-PE
509445,2023-03-09,quinta-feira,13:00:00,PE,232,409,SERRA TALHADA,Acessar a via sem observar a presença dos outros veículos,Colisão transversal,Com Vítimas Feridas,Pleno dia,Decrescente,Céu Claro,Múltipla,Interseção de Vias,Sim,4,0,1,0,1,2,1,3,"-7,981944","-38,289467",SPRF-PE,DEL04-PE,UOP01-DEL04-PE
509530,2023-03-09,quinta-feira,23:09:00,PE,232,110,BEZERROS,Pista esburacada,Queda de ocupante de veículo,Com Vítimas Feridas,Plena Noite,Crescente,Céu Claro,Dupla,Reta,Não,1,0,0,1,0,0,1,1,"-8,28634529","-35,81755579",SPRF-PE,DEL02-PE,UOP02-DEL02PE
509559,2023-03-10,sexta-feira,06:30:00,PE,101,"81,4",JABOATAO DOS GUARARAPES,Reação tardia ou ineficiente do condutor,Colisão traseira,Com Vítimas Feridas,Pleno dia,Decrescente,Nublado,Dupla,Reta,Sim,2,0,1,0,1,0,1,2,"-8,166271","-34,938342",SPRF-PE,DEL01-PE,UOP01-DEL01-PE
509607,2023-03-10,sexta-feira,10:20:00,PE,101,70,RECIFE,Condutor deixou de manter distância do veículo da frente,Colisão traseira,Sem Vítimas,Pleno dia,Crescente,Céu Claro,Dupla,Reta,Sim,3,0,0,0,3,0,0,2,"-8,077","-34,935295",SPRF-PE,DEL01-PE,UOP01-DEL01-PE
509648,2023-03-10,sexta-feira,12:10:00,PE,101,"47,3",IGARASSU,Manobra de mudança de faixa,Colisão traseira,Com Vítimas Feridas,Pleno dia,Decrescente,Sol,Múltipla,Retorno Regulamentado;Ponte;Re,Sim,2,0,1,1,0,0,2,1,"-7,88290701","-34,90461208",SPRF-PE,DEL01-PE,UOP02-DEL01-PE
509711,2023-03-10,sexta-feira,20:30:00,PE,232,136,CARUARU,Pedestre cruzava a pista fora da faixa,Atropelamento de Pedestre,Com Vítimas Fatais,Plena Noite,Decrescente,Céu Claro,Dupla,Aclive;Reta                   ,Sim,2,1,0,0,1,0,0,2,"-8,31339932","-36,04175591",SPRF-PE,DEL02-PE,UOP01-DEL02-PE
509713,2023-03-10,sexta-feira,20:45:00,PE,232,"83,4",GRAVATA,Transitar na contramão,Colisão frontal,Com Vítimas Fatais,Plena Noite,Decrescente,Céu Claro,Dupla,Reta;Declive                  ,Não,2,1,0,1,0,0,1,2,"-8,2059894","-35,60359683",SPRF-PE,DEL02-PE,UOP02-DEL02PE
509757,2023-03-11,sábado,03:15:00,PE,101,"48,3",ABREU E LIMA,Transitar na contramão,Colisão frontal,Com Vítimas Fatais,Plena Noite,Decrescente,Céu Claro,Múltipla,Reta,Sim,2,1,0,0,1,0,0,2,"-7,89174705","-34,9033493",SPRF-PE,DEL01-PE,UOP02-DEL01-PE
509780,2023-03-11,sábado,05:30:00,PE,101,"108,5",CABO DE SANTO AGOSTINHO,Velocidade Incompatível,Colisão com objeto,Com Vítimas Feridas,Pleno dia,Decrescente,Nublado,Dupla,Curva;Declive                 ,Não,1,0,1,0,0,0,1,1,"-8,30670238","-35,09303416",SPRF-PE,DEL01-PE,UOP03-DEL01-PE
509883,2023-03-11,sábado,17:07:00,PE,232,20,MORENO,Condutor Dormindo,Saída de leito carroçável,Com Vítimas Feridas,Anoitecer,Crescente,Céu Claro,Dupla,Curva,Não,7,0,5,0,2,0,5,2,"-8,097146","-35,08863",SPRF-PE,DEL01-PE,UOP01-DEL01-PE
509949,2023-03-11,sábado,22:30:00,PE,428,181,PETROLINA,Acessar a via sem observar a presença dos outros veículos,Colisão transversal,Com Vítimas Feridas,Plena Noite,Crescente,Céu Claro,Dupla,Interseção de Vias;Retorno Reg,Sim,2,0,1,0,1,0,1,2,"-9,30816981","-40,45390137",SPRF-PE,DEL06-PE,UOP01-DEL06-PE
509980,2023-03-12,domingo,02:30:00,PE,104,"106,6",PANELAS,Animais na Pista,Atropelamento de Animal,Com Vítimas Fatais,Plena Noite,Decrescente,Céu Claro,Simples,Reta,Não,1,1,0,0,0,0,0,1,"-8,61621937","-35,97162008",SPRF-PE,DEL02-PE,UOP03-DEL02-PE
510036,2023-03-12,domingo,09:30:00,PE,101,63,RECIFE,Acessar a via sem observar a presença dos outros veículos,Colisão lateral mesmo sentido,Com Vítimas Feridas,Pleno dia,Crescente,Céu Claro,Dupla,Reta,Sim,2,0,0,2,0,0,2,2,"-8,015644","-34,940222",SPRF-PE,DEL01-PE,UOP01-DEL01-PE
510054,2023-03-12,domingo,09:30:00,PE,232,11,JABOATAO DOS GUARARAPES,Condutor deixou de manter distância do veículo da frente,Colisão traseira,Com Vítimas Feridas,Pleno dia,Decrescente,Nublado,Dupla,Declive,Não,3,0,2,0,1,0,2,2,"-8,08195464","-34,99545022",SPRF-PE,DEL01-PE,UOP01-DEL01-PE
510078,2023-03-12,domingo,14:15:00,PE,101,58,RECIFE,Reação tardia ou ineficiente do condutor,Saída de leito carroçável,Com Vítimas Feridas,Pleno dia,Decrescente,Sol,Dupla,Reta,Não,1,0,1,0,0,0,1,1,"-7,97063209","-34,92064675",SPRF-PE,DEL01-PE,UOP02-DEL01-PE
510089,2023-03-12,domingo,13:20:00,PE,423,30,SAO CAITANO,Reação tardia ou ineficiente do condutor,Colisão frontal,Com Vítimas Feridas,Pleno dia,Crescente,Céu Claro,Simples,Reta,Não,2,0,0,1,1,0,1,2,"-8,4192339","-36,19365318",SPRF-PE,DEL03-PE,UOP02-DEL03-PE
510096,2023-03-12,domingo,16:20:00,PE,101,60,RECIFE,Velocidade Incompatível,Saída de leito carroçável,Com Vítimas Fatais,Pleno dia,Decrescente,Nublado,Dupla,Curva,Sim,2,1,0,1,0,0,1,1,"-7,98344307","-34,93176727",SPRF-PE,DEL01-PE,UOP02-DEL01-PE
510131,2023-03-12,domingo,19:20:00,PE,101,84,JABOATAO DOS GUARARAPES,Ausência de reação do condutor,Colisão com objeto,Com Vítimas Feridas,Anoitecer,Crescente,Céu Claro,Dupla,Reta,Não,2,0,2,0,0,0,2,1,"-8,17778559","-34,95087297",SPRF-PE,DEL01-PE,UOP01-DEL01-PE
510181,2023-03-12,domingo,22:30:00,PE,101,70,RECIFE,Reação tardia ou ineficiente do condutor,Colisão com objeto,Com Vítimas Feridas,Plena Noite,Crescente,Nublado,Múltipla,Curva,Não,2,0,1,1,0,0,2,1,"-8,06776119","-34,94265074",SPRF-PE,DEL01-PE,UOP01-DEL01-PE
510233,2023-03-13,segunda-feira,05:40:00,PE,101,"176,7",JOAQUIM NABUCO,Reação tardia ou ineficiente do condutor,Saída de leito carroçável,Com Vítimas Feridas,Pleno dia,Decrescente,Céu Claro,Dupla,Curva,Não,2,0,1,1,0,0,2,1,"-8,60776887","-35,5426471",SPRF-PE,DEL01-PE,UOP03-DEL01-PE
510237,2023-03-13,segunda-feira,07:00:00,PE,101,"15,9",GOIANA,Condutor Dormindo,Saída de leito carroçável,Sem Vítimas,Pleno dia,Decrescente,Céu Claro,Dupla,Reta,Não,3,0,0,0,2,1,0,1,"-7,62621106","-34,96669711",SPRF-PE,DEL01-PE,UOP02-DEL01-PE
510310,2023-03-13,segunda-feira,15:40:00,PE,101,46,IGARASSU,Manobra de mudança de faixa,Colisão lateral mesmo sentido,Com Vítimas Feridas,Pleno dia,Decrescente,Céu Claro,Dupla,Reta,Sim,2,0,0,1,1,0,1,2,"-7,875508","-34,905737",SPRF-PE,DEL01-PE,UOP02-DEL01-PE
510354,2023-03-13,segunda-feira,17:30:00,PE,101,"66,9",RECIFE,Acessar a via sem observar a presença dos outros veículos,Colisão traseira,Com Vítimas Feridas,Anoitecer,Decrescente,Céu Claro,Múltipla,Reta,Não,3,0,1,0,1,1,1,2,"-8,03368534","-34,94184125",SPRF-PE,DEL01-PE,UOP01-DEL01-PE
510400,2023-03-14,terça-feira,00:05:00,PE,104,"79,9",CARUARU,Demais falhas mecânicas ou elétricas,Incêndio,Sem Vítimas,Plena Noite,Crescente,Céu Claro,Simples,Reta,Não,2,0,0,0,1,1,0,2,"-8,389074","-35,974712",SPRF-PE,DEL02-PE,UOP01-DEL02-PE
510408,2023-03-14,terça-feira,02:30:00,PE,101,46,IGARASSU,Manobra de mudança de faixa,Colisão lateral mesmo sentido,Com Vítimas Feridas,Plena Noite,Crescente,Céu Claro,Múltipla,Reta,Sim,2,0,1,0,1,0,1,2,"-7,87406004","-34,90588126",SPRF-PE,DEL01-PE,UOP02-DEL01-PE
510453,2023-03-14,terça-feira,10:15:00,PE,232,"12,8",JABOATAO DOS GUARARAPES,Reação tardia ou ineficiente do condutor,Queda de ocupante de veículo,Com Vítimas Feridas,Pleno dia,Crescente,Sol,Dupla,Reta,Não,1,0,1,0,0,0,1,1,"-8,087046","-35,007538",SPRF-PE,DEL01-PE,UOP01-DEL01-PE
510472,2023-03-14,terça-feira,11:50:00,PE,116,33,SALGUEIRO,Demais falhas mecânicas ou elétricas,Incêndio,Sem Vítimas,Pleno dia,Crescente,Céu Claro,Simples,Aclive;Reta                   ,Não,2,0,0,0,2,0,0,1,"-8,127007","-39,115208",SPRF-PE,DEL05-PE,UOP01-DEL05-PE
510524,2023-03-07,terça-feira,05:50:00,PE,232,24,MORENO,Ausência de reação do condutor,Capotamento,Com Vítimas Fatais,Pleno dia,Decrescente,Céu Claro,Dupla,Aclive;Curva                  ,Não,2,1,0,1,0,0,1,1,"-8,10482918","-35,10351264",SPRF-PE,DEL01-PE,UOP01-DEL01-PE
510565,2023-03-14,terça-feira,20:30:00,PE,232,"75,6",GRAVATA,Reação tardia ou ineficiente do condutor,Atropelamento de Animal,Com Vítimas Feridas,Plena Noite,Crescente,Céu Claro,Dupla,Reta,Não,1,0,1,0,0,0,1,1,"-8,19737799","-35,525476",SPRF-PE,DEL02-PE,UOP02-DEL02PE
510595,2023-03-15,quarta-feira,00:40:00,PE,101,80,JABOATAO DOS GUARARAPES,Acessar a via sem observar a presença dos outros veículos,Colisão lateral mesmo sentido,Com Vítimas Feridas,Plena Noite,Crescente,Céu Claro,Dupla,Reta,Sim,2,0,1,0,1,0,1,2,"-8,15112589","-34,9428866",SPRF-PE,DEL01-PE,UOP01-DEL01-PE
510603,2023-03-15,quarta-feira,05:39:00,PE,101,"66,3",RECIFE,Reação tardia ou ineficiente do condutor,Atropelamento de Pedestre,Com Vítimas Feridas,Pleno dia,Crescente,Sol,Dupla,Reta,Sim,3,0,1,0,2,0,1,3,"-8,040085","-34,942546",SPRF-PE,DEL01-PE,UOP01-DEL01-PE
510638,2023-03-15,quarta-feira,09:20:00,PE,101,71,RECIFE,Acostamento em desnível,Tombamento,Com Vítimas Feridas,Pleno dia,Decrescente,Nublado,Dupla,Reta,Sim,1,0,0,1,0,0,1,1,"-8,0766310187","-34,9427787109",SPRF-PE,DEL01-PE,UOP01-DEL01-PE
510749,2023-03-15,quarta-feira,19:25:00,PE,423,"91,8",GARANHUNS,Animais na Pista,Queda de ocupante de veículo,Com Vítimas Feridas,Plena Noite,Decrescente,Garoa/Chuvisco,Simples,Reta,Sim,1,0,1,0,0,0,1,1,"-8,85375408","-36,46278381",SPRF-PE,DEL03-PE,UOP01-DEL03-PE
510756,2023-03-10,sexta-feira,16:15:00,PE,232,"24,4",MORENO,Acessar a via sem observar a presença dos outros veículos,Colisão traseira,Sem Vítimas,Anoitecer,Crescente,Céu Claro,Dupla,Reta,Não,2,0,0,0,2,0,0,2,"-8,10482918","-35,10351264",SPRF-PE,DEL01-PE,UOP01-DEL01-PE
510759,2023-03-15,quarta-feira,20:00:00,PE,423,85,SAO JOAO,Acesso irregular,Colisão lateral mesmo sentido,Com Vítimas Feridas,Plena Noite,Decrescente,Céu Claro,Simples,Reta,Não,2,0,1,0,1,0,1,2,"-8,80610593","-36,44168015",SPRF-PE,DEL03-PE,UOP01-DEL03-PE
510778,2023-03-15,quarta-feira,22:00:00,PE,101,17,GOIANA,Entrada inopinada do pedestre,Atropelamento de Pedestre,Com Vítimas Feridas,Plena Noite,Decrescente,Céu Claro,Dupla,Reta,Não,2,0,0,1,0,1,1,2,"-7,64064477","-34,95599769",SPRF-PE,DEL01-PE,UOP02-DEL01-PE
510836,2023-03-16,quinta-feira,09:00:00,PE,101,70,RECIFE,Trafegar com motocicleta (ou similar) entre as faixas,Colisão traseira,Com Vítimas Feridas,Pleno dia,Decrescente,Céu Claro,Dupla,Reta,Sim,4,0,2,0,2,0,2,2,"-8,075283","-34,942719",SPRF-PE,DEL01-PE,UOP01-DEL01-PE
510876,2023-03-16,quinta-feira,10:30:00,PE,101,"66,1",RECIFE,Velocidade Incompatível,Colisão lateral mesmo sentido,Com Vítimas Feridas,Pleno dia,Decrescente,Nublado,Dupla,Reta,Sim,2,0,1,0,1,0,1,2,"-8,035095","-34,941335",SPRF-PE,DEL01-PE,UOP01-DEL01-PE
510889,2023-03-16,quinta-feira,14:00:00,PE,101,67,RECIFE,Trafegar com motocicleta (ou similar) entre as faixas,Colisão lateral mesmo sentido,Com Vítimas Feridas,Pleno dia,Crescente,Céu Claro,Dupla,Reta,Sim,2,0,1,0,1,0,1,2,"-8,042334","-34,943096",SPRF-PE,DEL01-PE,UOP01-DEL01-PE
510905,2023-03-16,quinta-feira,14:50:00,PE,101,"67,1",RECIFE,Acessar a via sem observar a presença dos outros veículos,Colisão transversal,Com Vítimas Feridas,Pleno dia,Decrescente,Céu Claro,Dupla,Reta,Sim,2,0,1,0,1,0,1,2,"-8,04361","-34,943462",SPRF-PE,DEL01-PE,UOP01-DEL01-PE
510946,2023-03-16,quinta-feira,20:00:00,PE,101,"81,8",JABOATAO DOS GUARARAPES,Acesso irregular,Colisão transversal,Com Vítimas Feridas,Plena Noite,Crescente,Céu Claro,Dupla,Reta,Não,3,0,1,1,0,1,2,2,"-8,166734","-34,93811",SPRF-PE,DEL01-PE,UOP01-DEL01-PE
510950,2023-03-16,quinta-feira,20:50:00,PE,101,79,RECIFE,Velocidade Incompatível,Saída de leito carroçável,Com Vítimas Feridas,Plena Noite,Crescente,Céu Claro,Dupla,Curva,Não,1,0,0,1,0,0,1,1,"-8,14366112","-34,94723453",SPRF-PE,DEL01-PE,UOP01-DEL01-PE
511048,2023-03-17,sexta-feira,10:42:00,PE,101,68,RECIFE,Reação tardia ou ineficiente do condutor,Colisão traseira,Sem Vítimas,Pleno dia,Decrescente,Sol,Dupla,Declive;Reta;Viaduto          ,Sim,2,0,0,0,2,0,0,2,"-8,05074296","-34,94580619",SPRF-PE,DEL01-PE,UOP01-DEL01-PE
511051,2023-03-17,sexta-feira,10:55:00,PE,232,"9,5",RECIFE,Reação tardia ou ineficiente do condutor,Colisão lateral mesmo sentido,Com Vítimas Feridas,Pleno dia,Decrescente,Sol,Múltipla,Curva;Em Obras                ,Sim,2,0,0,1,0,1,1,2,"-8,07764447","-34,97863609",SPRF-PE,DEL01-PE,UOP01-DEL01-PE
511052,2023-03-15,quarta-feira,14:30:00,PE,101,"40,8",IGARASSU,Acesso irregular,Colisão transversal,Com Vítimas Feridas,Pleno dia,Decrescente,Céu Claro,Dupla,Reta,Sim,2,0,0,1,0,1,1,2,"-7,83038346","-34,91426785",SPRF-PE,DEL01-PE,UOP02-DEL01-PE
511060,2023-03-17,sexta-feira,11:40:00,PE,101,"190,7",PALMARES,Ausência de reação do condutor,Colisão traseira,Com Vítimas Fatais,Pleno dia,Decrescente,Céu Claro,Dupla,Curva,Sim,3,1,0,1,0,1,1,2,"-8,696683","-35,610343",SPRF-PE,DEL01-PE,UOP03-DEL01-PE
511070,2023-03-17,sexta-feira,13:50:00,PE,316,60,TRINDADE,Condutor deixou de manter distância do veículo da frente,Colisão traseira,Sem Vítimas,Pleno dia,Crescente,Sol,Simples,Reta,Sim,2,0,0,0,2,0,0,2,"-7,77005418","-40,2584535",SPRF-PE,DEL05-PE,UOP02-DEL05-PE
511085,2023-03-17,sexta-feira,13:38:00,PE,101,68,RECIFE,Condutor deixou de manter distância do veículo da frente,Engavetamento,Sem Vítimas,Pleno dia,Decrescente,Céu Claro,Múltipla,Viaduto,Sim,3,0,0,0,2,1,0,3,"-8,05074296","-34,94580619",SPRF-PE,DEL01-PE,UOP01-DEL01-PE
511121,2023-03-17,sexta-feira,17:35:00,PE,101,"70,9",RECIFE,Reação tardia ou ineficiente do condutor,Atropelamento de Pedestre,Com Vítimas Feridas,Anoitecer,Crescente,Céu Claro,Dupla,Reta,Sim,2,0,0,1,1,0,1,2,"-8,077195","-34,943008",SPRF-PE,DEL01-PE,UOP01-DEL01-PE
511127,2023-03-17,sexta-feira,17:00:00,PE,101,52,PAULISTA,Ingestão de álcool pelo condutor,Saída de leito carroçável,Sem Vítimas,Pleno dia,Crescente,Céu Claro,Dupla,Reta,Sim,2,0,0,0,2,0,0,2,"-7,9235879907","-34,8960720117",SPRF-PE,DEL01-PE,UOP02-DEL01-PE
511168,2023-03-17,sexta-feira,20:43:00,PE,101,"59,9",RECIFE,Ausência de reação do condutor,Queda de ocupante de veículo,Com Vítimas Feridas,Plena Noite,Crescente,Céu Claro,Dupla,Curva,Sim,2,0,2,0,0,0,2,1,"-7,98282272","-34,93201733",SPRF-PE,DEL01-PE,UOP02-DEL01-PE
511193,2023-03-18,sábado,00:55:00,PE,232,178,BELO JARDIM,Conversão proibida,Colisão frontal,Com Vítimas Feridas,Plena Noite,Crescente,Céu Claro,Simples,Reta,Sim,3,0,1,1,0,1,2,2,"-8,347448","-36,411818",SPRF-PE,DEL03-PE,UOP02-DEL03-PE
511206,2023-03-18,sábado,00:15:00,PE,232,481,VERDEJANTE,Condutor Dormindo,Saída de leito carroçável,Com Vítimas Feridas,Plena Noite,Decrescente,Nublado,Simples,Aclive,Não,1,0,0,1,0,0,1,1,"-8,01369607","-38,89781003",SPRF-PE,DEL05-PE,UOP01-DEL05-PE
511247,2023-03-18,sábado,07:35:00,PE,104,"19,8",TAQUARITINGA DO NORTE,Acessar a via sem observar a presença dos outros veículos,Colisão transversal,Com Vítimas Feridas,Pleno dia,Crescente,Céu Claro,Simples,Interseção de Vias,Sim,2,0,0,1,1,0,1,2,"-7,947535","-36,127937",SPRF-PE,DEL02-PE,UOP01-DEL02-PE
511286,2023-03-18,sábado,10:40:00,PE,101,"54,6",PAULISTA,Falta de elemento de contenção que evite a saída do leito carroçável,Colisão com objeto,Com Vítimas Feridas,Pleno dia,Crescente,Nublado,Dupla,Ponte;Reta                    ,Não,2,0,0,2,0,0,2,1,"-7,93961103","-34,90356584",SPRF-PE,DEL01-PE,UOP02-DEL01-PE
511316,2023-03-18,sábado,14:00:00,PE,232,83,GRAVATA,Manobra de mudança de faixa,Colisão lateral mesmo sentido,Sem Vítimas,Pleno dia,Crescente,Céu Claro,Dupla,Retorno Regulamentado,Não,2,0,0,0,2,0,0,2,"-8,2024868","-35,59542005",SPRF-PE,DEL02-PE,UOP02-DEL02PE
511341,2023-03-18,sábado,15:50:00,PE,104,"113,9",PANELAS,Velocidade Incompatível,Colisão com objeto,Com Vítimas Feridas,Pleno dia,Crescente,Chuva,Simples,Reta;Declive                  ,Não,2,0,0,1,1,0,1,1,"-8,643015","-36,0154",SPRF-PE,DEL02-PE,UOP03-DEL02-PE
511351,2023-03-18,sábado,17:50:00,PE,101,"51,3",PAULISTA,Reação tardia ou ineficiente do condutor,Tombamento,Com Vítimas Feridas,Pleno dia,Decrescente,Nublado,Múltipla,Reta,Não,1,0,1,0,0,0,1,1,"-7,9169968","-34,89689272",SPRF-PE,DEL01-PE,UOP02-DEL01-PE
511375,2023-03-18,sábado,19:34:00,PE,232,"190,7",SANHARO,Transitar na contramão,Colisão frontal,Com Vítimas Fatais,Pleno dia,Crescente,Chuva,Simples,Reta,Não,2,1,0,0,1,0,0,2,"-8,35625579","-36,51869702",SPRF-PE,DEL03-PE,UOP02-DEL03-PE
511392,2023-03-18,sábado,19:45:00,PE,232,512,SALGUEIRO,Reação tardia ou ineficiente do condutor,Atropelamento de Pedestre,Com Vítimas Feridas,Plena Noite,Decrescente,Céu Claro,Simples,Reta,Não,3,0,0,3,0,0,3,2,"-8,07319601","-39,15511499",SPRF-PE,DEL05-PE,UOP01-DEL05-PE
511439,2023-03-19,domingo,00:15:00,PE,104,81,AGRESTINA,Demais falhas mecânicas ou elétricas,Colisão com objeto,Sem Vítimas,Plena Noite,Decrescente,Garoa/Chuvisco,Simples,Reta,Não,2,0,0,0,2,0,0,2,"-8,33334827","-35,98140847",SPRF-PE,DEL02-PE,UOP01-DEL02-PE
511449,2023-03-19,domingo,02:40:00,PE,104,"61,5",CARUARU,Demais falhas mecânicas ou elétricas,Capotamento,Sem Vítimas,Plena Noite,Decrescente,Ignorado,Dupla,Reta,Não,1,0,0,0,0,1,0,1,"-8,2529","-35,9751",SPRF-PE,DEL02-PE,UOP01-DEL02-PE
511456,2023-03-19,domingo,03:49:00,PE,232,"109,5",BEZERROS,Ingestão de álcool pelo condutor,Saída de leito carroçável,Com Vítimas Feridas,Plena Noite,Crescente,Céu Claro,Dupla,Curva;Retorno Regulamentado   ,Não,1,0,1,0,0,0,1,1,"-8,28036785","-35,81085313",SPRF-PE,DEL02-PE,UOP02-DEL02PE
511491,2023-03-19,domingo,09:00:00,PE,101,"65,5",RECIFE,Manobra de mudança de faixa,Colisão lateral mesmo sentido,Com Vítimas Feridas,Pleno dia,Crescente,Céu Claro,Dupla,Reta,Sim,3,0,1,0,1,1,1,3,"-8,029251","-34,943251",SPRF-PE,DEL01-PE,UOP01-DEL01-PE
511505,2023-03-19,domingo,10:50:00,PE,104,59,CARUARU,Acumulo de areia ou detritos sobre o pavimento,Saída de leito carroçável,Com Vítimas Feridas,Pleno dia,Crescente,Nublado,Dupla,Curva,Sim,1,0,1,0,0,0,1,1,"-8,2349","-35,9764",SPRF-PE,DEL02-PE,UOP01-DEL02-PE
511514,2023-03-19,domingo,12:12:00,PE,232,4,RECIFE,Manobra de mudança de faixa,Colisão traseira,Com Vítimas Feridas,Pleno dia,Decrescente,Céu Claro,Múltipla,Viaduto,Sim,3,0,2,0,1,0,2,2,"-8,064473","-34,936928",SPRF-PE,DEL01-PE,UOP01-DEL01-PE
511538,2023-03-19,domingo,14:00:00,PE,232,"75,9",GRAVATA,Acumulo de água sobre o pavimento,Saída de leito carroçável,Com Vítimas Feridas,Pleno dia,Crescente,Chuva,Dupla,Reta,Sim,4,0,3,0,1,0,3,1,"-8,195087","-35,535536",SPRF-PE,DEL02-PE,UOP02-DEL02PE