id,data_inversa,dia_semana,horario,uf,br,km,municipio,causa_acidente,tipo_acidente,classificacao_acidente,fase_dia,sentido_via,condicao_metereologica,tipo_pista,tracado_via,uso_solo,pessoas,mortos,feridos_leves,feridos_graves,ilesos,ignorados,feridos,veiculos,latitude,longitude,regional,delegacia,uop
511544,2023-03-19,domingo,15:50:00,PE,101,27,IGARASSU,Reação tardia ou ineficiente do condutor,Capotamento,Com Vítimas Feridas,Pleno dia,Decrescente,Céu Claro,Dupla,Reta,Não,1,0,1,0,0,0,1,1,"-7,71433379","-34,93478417",SPRF-PE,DEL01-PE,UOP02-DEL01-PE
511622,2023-03-19,domingo,18:30:00,PE,423,"61,5",LAJEDO,Acessar a via sem observar a presença dos outros veículos,Colisão frontal,Com Vítimas Feridas,Plena Noite,Decrescente,Céu Claro,Simples,Reta,Sim,2,0,0,1,0,1,1,2,"-8,65805731","-36,32866993",SPRF-PE,DEL03-PE,UOP01-DEL03-PE
511648,2023-03-19,domingo,23:00:00,PE,428,187,PETROLINA,Acessar a via sem observar a presença dos outros veículos,Colisão traseira,Com Vítimas Feridas,Plena Noite,Decrescente,Chuva,Dupla,Reta,Sim,2,0,2,0,0,0,2,1,"-9,35604301","-40,47854198",SPRF-PE,DEL06-PE,UOP01-DEL06-PE
511710,2023-03-20,segunda-feira,09:10:00,PE,101,83,JABOATAO DOS GUARARAPES,Trafegar com motocicleta (ou similar) entre as faixas,Tombamento,Com Vítimas Feridas,Pleno dia,Crescente,Sol,Dupla,Reta,Não,1,0,1,0,0,0,1,1,"-8,175172","-34,942642",SPRF-PE,DEL01-PE,UOP01-DEL01-PE
511713,2023-03-05,domingo,20:00:00,PE,232,416,SERRA TALHADA,Animais na Pista,Atropelamento de Animal,Com Vítimas Feridas,Plena Noite,Decrescente,Ignorado,Simples,Reta,Não,2,0,0,2,0,0,2,1,"-7,99977297","-38,35316401",SPRF-PE,DEL04-PE,UOP01-DEL04-PE
511722,2023-03-20,segunda-feira,08:10:00,PE,101,40,IGARASSU,Acesso irregular,Colisão transversal,Com Vítimas Feridas,Pleno dia,Crescente,Céu Claro,Dupla,Reta,Sim,2,0,2,0,0,0,2,2,"-7,821475","-34,916545",SPRF-PE,DEL01-PE,UOP02-DEL01-PE
511769,2023-03-20,segunda-feira,13:50:00,PE,101,57,RECIFE,Reação tardia ou ineficiente do condutor,Colisão frontal,Com Vítimas Feridas,Pleno dia,Decrescente,Céu Claro,Múltipla,Reta,Sim,2,0,1,0,1,0,1,2,"-7,96346213","-34,91513486",SPRF-PE,DEL01-PE,UOP02-DEL01-PE
511820,2023-03-20,segunda-feira,17:00:00,PE,101,"49,9",ABREU E LIMA,Entrada inopinada do pedestre,Atropelamento de Pedestre,Com Vítimas Feridas,Pleno dia,Crescente,Nublado,Múltipla,Reta,Sim,2,0,0,1,1,0,1,2,"-7,90665657","-34,90212679",SPRF-PE,DEL01-PE,UOP02-DEL01-PE
511835,2023-03-20,segunda-feira,19:30:00,PE,232,9,JABOATAO DOS GUARARAPES,Acesso irregular,Queda de ocupante de veículo,Com Vítimas Feridas,Plena Noite,Decrescente,Céu Claro,Dupla,Desvio Temporário;Reta;Em Obra,Sim,1,0,0,1,0,0,1,1,"-8,07764447","-34,97863609",SPRF-PE,DEL01-PE,UOP01-DEL01-PE
511848,2023-03-20,segunda-feira,20:55:00,PE,232,"9,4",RECIFE,Reação tardia ou ineficiente do condutor,Tombamento,Com Vítimas Feridas,Plena Noite,Crescente,Céu Claro,Simples,Aclive;Desvio Temporário      ,Sim,1,0,1,0,0,0,1,1,"-8,07764447","-34,97863609",SPRF-PE,DEL01-PE,UOP01-DEL01-PE
511903,2023-03-21,terça-feira,08:18:00,PE,101,"69,6",RECIFE,Chuva,Queda de ocupante de veículo,Com Vítimas Feridas,Pleno dia,Decrescente,Chuva,Simples,Reta;Viaduto                  ,Sim,2,0,2,0,0,0,2,1,"-8,064547","-34,943738",SPRF-PE,DEL01-PE,UOP01-DEL01-PE
511910,2023-03-21,terça-feira,08:00:00,PE,232,33,MORENO,Reação tardia ou ineficiente do condutor,Saída de leito carroçável,Com Vítimas Fatais,Pleno dia,Crescente,Chuva,Dupla,Reta,Sim,2,1,0,1,0,0,1,1,"-8,106148","-35,179389",SPRF-PE,DEL01-PE,UOP01-DEL01-PE
511919,2023-03-21,terça-feira,09:15:00,PE,232,"9,6",RECIFE,Reação tardia ou ineficiente do condutor,Colisão traseira,Sem Vítimas,Pleno dia,Decrescente,Chuva,Dupla,Reta;Em Obras                 ,Sim,2,0,0,0,2,0,0,2,"-8,07764447","-34,97863609",SPRF-PE,DEL01-PE,UOP01-DEL01-PE
511940,2023-03-21,terça-feira,11:20:00,PE,232,409,SERRA TALHADA,Acesso irregular,Colisão transversal,Com Vítimas Feridas,Pleno dia,Crescente,Nublado,Múltipla,Interseção de Vias,Não,4,0,2,0,0,2,2,3,"-7,981944","-38,289467",SPRF-PE,DEL04-PE,UOP01-DEL04-PE
511944,2023-03-21,terça-feira,08:00:00,PE,101,137,RIBEIRAO,Acumulo de água sobre o pavimento,Saída de leito carroçável,Com Vítimas Feridas,Pleno dia,Decrescente,Chuva,Dupla,Reta,Não,1,0,1,0,0,0,1,1,"-8,41675194","-35,31126636",SPRF-PE,DEL01-PE,UOP03-DEL01-PE
511975,2023-03-21,terça-feira,14:32:00,PE,101,"50,4",ABREU E LIMA,Estacionar ou parar em local proibido,Colisão traseira,Com Vítimas Feridas,Pleno dia,Crescente,Nublado,Múltipla,Reta,Sim,2,0,0,1,1,0,1,2,"-7,90938602","-34,90123228",SPRF-PE,DEL01-PE,UOP02-DEL01-PE
511979,2023-03-21,terça-feira,14:30:00,PE,428,"190,2",PETROLINA,Acumulo de areia ou detritos sobre o pavimento,Colisão traseira,Sem Vítimas,Pleno dia,Decrescente,Nublado,Dupla,Reta,Sim,2,0,0,0,2,0,0,2,"-9,379734","-40,50844",SPRF-PE,DEL06-PE,UOP01-DEL06-PE
511983,2023-03-21,terça-feira,14:50:00,PE,232,312,SERTANIA,Ausência de reação do condutor,Colisão traseira,Sem Vítimas,Pleno dia,Crescente,Nublado,Simples,Aclive,Não,2,0,0,0,2,0,0,2,"-8,13866415","-37,47312917",SPRF-PE,DEL04-PE,UOP02-DEL04-PE
511992,2023-03-21,terça-feira,14:10:00,PE,423,"72,4",JUPI,Acumulo de água sobre o pavimento,Colisão frontal,Com Vítimas Feridas,Pleno dia,Decrescente,Chuva,Simples,Reta;Aclive                   ,Não,2,0,1,0,1,0,1,2,"-8,70118191","-36,4154612",SPRF-PE,DEL03-PE,UOP01-DEL03-PE
512053,2023-03-21,terça-feira,22:20:00,PE,407,"125,5",PETROLINA,Ausência de sinalização,Tombamento,Com Vítimas Feridas,Plena Noite,Decrescente,Garoa/Chuvisco,Dupla,Reta,Sim,2,0,2,0,0,0,2,1,"-9,37739336","-40,53595733",SPRF-PE,DEL06-PE,UOP01-DEL06-PE
512054,2023-03-21,terça-feira,22:20:00,PE,407,"125,3",PETROLINA,Pista em desnível,Tombamento,Com Vítimas Feridas,Plena Noite,Decrescente,Nublado,Dupla,Reta,Sim,1,0,1,0,0,0,1,1,"-9,38232474","-40,53079069",SPRF-PE,DEL06-PE,UOP01-DEL06-PE
512146,2023-03-22,quarta-feira,12:00:00,PE,424,"87,5",GARANHUNS,Reação tardia ou ineficiente do condutor,Colisão frontal,Com Vítimas Feridas,Pleno dia,Decrescente,Nublado,Simples,Curva;Declive                 ,Sim,2,0,1,0,1,0,1,2,"-8,874289","-36,507607",SPRF-PE,DEL03-PE,UOP01-DEL03-PE
512156,2023-03-22,quarta-feira,13:30:00,PE,232,135,CARUARU,Condutor deixou de manter distância do veículo da frente,Colisão traseira,Sem Vítimas,Pleno dia,Crescente,Céu Claro,Dupla,Reta,Não,5,0,0,0,5,0,0,2,"-8,31096592","-36,03308802",SPRF-PE,DEL02-PE,UOP01-DEL02-PE
512273,2023-03-23,quinta-feira,02:30:00,PE,232,407,SERRA TALHADA,Animais na Pista,Atropelamento de Animal,Com Vítimas Feridas,Plena Noite,Crescente,Nublado,Simples,Reta;Declive                  ,Sim,1,0,0,1,0,0,1,1,"-7,9854402","-38,27148304",SPRF-PE,DEL04-PE,UOP01-DEL04-PE
512347,2023-01-26,quinta-feira,04:45:00,PE,101,68,RECIFE,Reação tardia ou ineficiente do condutor,Tombamento,Com Vítimas Feridas,Amanhecer,Crescente,Céu Claro,Múltipla,Reta,Sim,1,0,1,0,0,0,1,1,"-8,05074296","-34,94580619",SPRF-PE,DEL01-PE,UOP01-DEL01-PE
512369,2023-03-23,quinta-feira,15:35:00,PE,101,45,IGARASSU,Reação tardia ou ineficiente do condutor,Colisão traseira,Com Vítimas Feridas,Pleno dia,Crescente,Céu Claro,Múltipla,Reta,Sim,2,0,1,0,1,0,1,2,"-7,86521297","-34,90715176",SPRF-PE,DEL01-PE,UOP02-DEL01-PE
512416,2023-03-23,quinta-feira,20:30:00,PE,101,"154,8",RIBEIRAO,Demais falhas mecânicas ou elétricas,Incêndio,Sem Vítimas,Plena Noite,Crescente,Chuva,Dupla,Retorno Regulamentado,Não,1,0,0,0,1,0,0,1,"-8,52860711","-35,38883966",SPRF-PE,DEL01-PE,UOP03-DEL01-PE
512473,2023-02-21,terça-feira,06:50:00,PE,101,51,PAULISTA,Velocidade Incompatível,Colisão com objeto,Sem Vítimas,Pleno dia,Decrescente,Nublado,Dupla,Reta,Sim,3,0,0,0,0,3,0,2,"-7,923063","-34,895515",SPRF-PE,DEL01-PE,UOP02-DEL01-PE
512495,2023-03-24,sexta-feira,10:00:00,PE,101,"42,5",IGARASSU,Acumulo de óleo sobre o pavimento,Queda de ocupante de veículo,Com Vítimas Feridas,Pleno dia,Decrescente,Nublado,Múltipla,Reta,Sim,1,0,0,1,0,0,1,1,"-7,83887431","-34,91196739",SPRF-PE,DEL01-PE,UOP02-DEL01-PE
512505,2023-03-24,sexta-feira,11:25:00,PE,101,7,GOIANA,Acessar a via sem observar a presença dos outros veículos,Colisão lateral mesmo sentido,Com Vítimas Feridas,Pleno dia,Crescente,Céu Claro,Dupla,Curva,Não,3,0,2,1,0,0,3,2,"-7,55997111","-34,99072674",SPRF-PE,DEL01-PE,UOP02-DEL01-PE
512516,2023-03-24,sexta-feira,11:00:00,PE,101,94,CABO DE SANTO AGOSTINHO,Manobra de mudança de faixa,Colisão lateral mesmo sentido,Com Vítimas Feridas,Pleno dia,Crescente,Céu Claro,Múltipla,Curva,Não,3,0,0,2,1,0,2,2,"-8,24829064","-35,00697936",SPRF-PE,DEL01-PE,UOP03-DEL01-PE
512535,2023-03-24,sexta-feira,14:30:00,PE,232,"61,4",CARUARU,Acessar a via sem observar a presença dos outros veículos,Colisão transversal,Com Vítimas Feridas,Pleno dia,Decrescente,Sol,Dupla,Retorno Regulamentado,Sim,4,0,2,0,2,0,2,2,"-8,245622","-35,975188",SPRF-PE,DEL02-PE,UOP02-DEL02PE
512594,2023-03-24,sexta-feira,18:30:00,PE,104,48,CARUARU,Condutor deixou de manter distância do veículo da frente,Colisão traseira,Com Vítimas Feridas,Plena Noite,Crescente,Nublado,Dupla,Reta,Não,2,0,0,1,0,1,1,2,"-8,1437","-35,9869",SPRF-PE,DEL02-PE,UOP01-DEL02-PE
512691,2023-03-13,segunda-feira,21:40:00,PE,423,"95,8",GARANHUNS,Entrada inopinada do pedestre,Atropelamento de Pedestre,Com Vítimas Feridas,Plena Noite,Decrescente,Chuva,Simples,Aclive;Reta                   ,Sim,2,0,2,0,0,0,2,2,"-8,87891989","-36,47796305",SPRF-PE,DEL03-PE,UOP01-DEL03-PE
512754,2023-03-25,sábado,17:40:00,PE,428,"187,3",PETROLINA,Entrada inopinada do pedestre,Atropelamento de Pedestre,Com Vítimas Feridas,Anoitecer,Decrescente,Céu Claro,Dupla,Reta,Sim,2,0,0,1,0,1,1,2,"-9,37045962","-40,48586759",SPRF-PE,DEL06-PE,UOP01-DEL06-PE
512755,2023-03-25,sábado,15:20:00,PE,232,163,TACAIMBO,Manobra de mudança de faixa,Colisão com objeto,Sem Vítimas,Pleno dia,Crescente,Céu Claro,Simples,Reta;Interseção de Vias       ,Sim,2,0,0,0,2,0,0,1,"-8,33348442","-36,28057989",SPRF-PE,DEL03-PE,UOP02-DEL03-PE
512756,2023-03-25,sábado,18:25:00,PE,232,181,BELO JARDIM,Transitar na contramão,Colisão frontal,Com Vítimas Fatais,Plena Noite,Crescente,Nublado,Simples,Reta,Sim,2,2,0,0,0,0,0,2,"-8,34627974","-36,43776285",SPRF-PE,DEL03-PE,UOP02-DEL03-PE
512838,2023-03-25,sábado,23:50:00,PE,232,"239,6",ARCOVERDE,Ausência de reação do condutor,Colisão lateral sentido oposto,Com Vítimas Feridas,Plena Noite,Crescente,Céu Claro,Simples,Reta,Não,3,0,1,0,1,1,1,2,"-8,41656773","-36,95265598",SPRF-PE,DEL04-PE,UOP02-DEL04-PE
512847,2023-03-26,domingo,00:10:00,PE,407,"123,6",PETROLINA,Acessar a via sem observar a presença dos outros veículos,Colisão lateral mesmo sentido,Com Vítimas Feridas,Plena Noite,Decrescente,Céu Claro,Simples,Reta,Sim,3,0,2,0,1,0,2,2,"-9,36149178","-40,54594462",SPRF-PE,DEL06-PE,UOP01-DEL06-PE
512853,2023-03-26,domingo,01:10:00,PE,101,46,IGARASSU,Conversão proibida,Colisão lateral mesmo sentido,Com Vítimas Feridas,Plena Noite,Crescente,Nublado,Múltipla,Reta,Sim,5,0,2,0,3,0,2,2,"-7,87406004","-34,90588126",SPRF-PE,DEL01-PE,UOP02-DEL01-PE
512873,2023-03-26,domingo,05:07:00,PE,101,"119,5",IPOJUCA,Ausência de reação do condutor,Colisão com objeto,Com Vítimas Feridas,Amanhecer,Crescente,Chuva,Dupla,Reta,Não,2,0,2,0,0,0,2,1,"-8,353041","-35,174555",SPRF-PE,DEL01-PE,UOP03-DEL01-PE
512959,2023-03-26,domingo,13:11:00,PE,101,"154,4",RIBEIRAO,Reação tardia ou ineficiente do condutor,Saída de leito carroçável,Sem Vítimas,Pleno dia,Crescente,Céu Claro,Dupla,Reta;Declive                  ,Não,1,0,0,0,0,1,0,1,"-8,52860711","-35,38883966",SPRF-PE,DEL01-PE,UOP03-DEL01-PE
513019,2023-03-26,domingo,18:00:00,PE,424,41,VENTUROSA,Reação tardia ou ineficiente do condutor,Colisão com objeto,Com Vítimas Feridas,Plena Noite,Crescente,Céu Claro,Simples,Reta,Não,1,0,0,1,0,0,1,1,"-8,66009298","-36,81936198",SPRF-PE,DEL04-PE,UOP02-DEL04-PE
513051,2023-03-26,domingo,21:40:00,PE,232,"409,8",SERRA TALHADA,Reação tardia ou ineficiente do condutor,Colisão traseira,Com Vítimas Feridas,Plena Noite,Decrescente,Garoa/Chuvisco,Simples,Reta,Sim,3,0,2,0,0,1,2,2,"-7,981944","-38,289467",SPRF-PE,DEL04-PE,UOP01-DEL04-PE
513060,2023-03-26,domingo,22:44:00,PE,101,3,JABOATAO DOS GUARARAPES,Transitar na contramão,Colisão frontal,Com Vítimas Feridas,Plena Noite,Decrescente,Nublado,Simples,Reta,Não,2,0,0,1,1,0,1,2,"-8,11208","-35,0154",SPRF-PE,DEL01-PE,UOP02-DEL01-PE
513096,2023-03-27,segunda-feira,05:20:00,PE,101,"60,3",RECIFE,Manobra de mudança de faixa,Colisão lateral mesmo sentido,Com Vítimas Feridas,Pleno dia,Crescente,Chuva,Dupla,Reta,Não,2,0,0,1,1,0,1,2,"-7,98344307","-34,93176727",SPRF-PE,DEL01-PE,UOP02-DEL01-PE
513104,2023-03-27,segunda-feira,07:20:00,PE,101,"69,4",RECIFE,Manobra de mudança de faixa,Colisão lateral mesmo sentido,Com Vítimas Feridas,Pleno dia,Crescente,Nublado,Múltipla,Reta,Sim,2,0,1,0,1,0,1,2,"-8,063446","-34,944636",SPRF-PE,DEL01-PE,UOP01-DEL01-PE
513148,2023-03-27,segunda-feira,09:35:00,PE,101,1,JABOATAO DOS GUARARAPES,Acessar a via sem observar a presença dos outros veículos,Atropelamento de Pedestre,Com Vítimas Feridas,Pleno dia,Decrescente,Sol,Simples,Reta,Sim,2,0,0,2,0,0,2,2,"-8,186533","-34,953202",SPRF-PE,DEL01-PE,UOP02-DEL01-PE
513167,2023-03-27,segunda-feira,11:27:00,PE,101,73,RECIFE,Condutor deixou de manter distância do veículo da frente,Colisão traseira,Com Vítimas Feridas,Pleno dia,Decrescente,Céu Claro,Dupla,Curva,Sim,2,0,0,1,1,0,1,2,"-8,093369","-34,947464",SPRF-PE,DEL01-PE,UOP01-DEL01-PE
513204,2023-03-27,segunda-feira,13:40:00,PE,232,29,MORENO,Reação tardia ou ineficiente do condutor,Saída de leito carroçável,Com Vítimas Feridas,Pleno dia,Decrescente,Céu Claro,Dupla,Declive;Curva                 ,Não,1,0,1,0,0,0,1,1,"-8,111269","-35,143135",SPRF-PE,DEL01-PE,UOP01-DEL01-PE
513239,2023-03-27,segunda-feira,17:40:00,PE,232,"79,6",GRAVATA,Ultrapassagem Indevida,Colisão frontal,Com Vítimas Feridas,Anoitecer,Decrescente,Céu Claro,Simples,Reta,Sim,2,0,1,1,0,0,2,2,"-8,19460572","-35,56074803",SPRF-PE,DEL02-PE,UOP02-DEL02PE
513250,2023-03-27,segunda-feira,19:20:00,PE,101,68,RECIFE,Condutor deixou de manter distância do veículo da frente,Colisão traseira,Com Vítimas Feridas,Plena Noite,Decrescente,Céu Claro,Dupla,Reta,Sim,5,0,2,0,3,0,2,3,"-8,05074296","-34,94580619",SPRF-PE,DEL01-PE,UOP01-DEL01-PE
513253,2023-03-27,segunda-feira,18:28:00,PE,232,"195,8",SANHARO,Manobra de mudança de faixa,Colisão frontal,Com Vítimas Fatais,Plena Noite,Decrescente,Céu Claro,Simples,Reta,Não,5,1,4,0,0,0,4,2,"-8,36547121","-36,5628009",SPRF-PE,DEL03-PE,UOP02-DEL03-PE
513271,2023-03-27,segunda-feira,22:00:00,PE,423,"97,9",GARANHUNS,Animais na Pista,Atropelamento de Animal,Com Vítimas Feridas,Plena Noite,Decrescente,Céu Claro,Simples,Curva;Declive                 ,Sim,1,0,1,0,0,0,1,1,"-8,87616","-36,503062",SPRF-PE,DEL03-PE,UOP01-DEL03-PE
513291,2023-03-28,terça-feira,02:20:00,PE,101,"50,2",ABREU E LIMA,Pedestre andava na pista,Atropelamento de Pedestre,Sem Vítimas,Plena Noite,Decrescente,Céu Claro,Múltipla,Reta;Declive                  ,Sim,2,0,0,0,1,1,0,2,"-7,90938602","-34,90123228",SPRF-PE,DEL01-PE,UOP02-DEL01-PE
513311,2023-03-28,terça-feira,06:10:00,PE,232,9,JABOATAO DOS GUARARAPES,Reação tardia ou ineficiente do condutor,Engavetamento,Com Vítimas Feridas,Pleno dia,Decrescente,Céu Claro,Dupla,Em Obras;Reta                 ,Não,4,0,1,0,3,0,1,3,"-8,07764447","-34,97863609",SPRF-PE,DEL01-PE,UOP01-DEL01-PE
513316,2023-03-28,terça-feira,06:30:00,PE,428,"189,5",PETROLINA,Condutor deixou de manter distância do veículo da frente,Colisão traseira,Com Vítimas Feridas,Pleno dia,Decrescente,Céu Claro,Dupla,Reta,Sim,3,0,1,1,1,0,2,2,"-9,37197508","-40,48679585",SPRF-PE,DEL06-PE,UOP01-DEL06-PE
513332,2023-03-28,terça-feira,06:00:00,PE,101,82,JABOATAO DOS GUARARAPES,Reação tardia ou ineficiente do condutor,Colisão traseira,Com Vítimas Feridas,Pleno dia,Crescente,Céu Claro,Múltipla,Reta,Sim,2,0,1,0,1,0,1,2,"-8,168383","-34,9376",SPRF-PE,DEL01-PE,UOP01-DEL01-PE
513346,2023-03-24,sexta-feira,19:00:00,PE,423,"121,6",PARANATAMA,Ausência de sinalização,Queda de ocupante de veículo,Com Vítimas Feridas,Plena Noite,Crescente,Céu Claro,Simples,Reta,Sim,1,0,0,1,0,0,1,1,"-8,9156581","-36,70400598",SPRF-PE,DEL03-PE,UOP01-DEL03-PE
513373,2023-03-28,terça-feira,14:15:00,PE,101,42,IGARASSU,Manobra de mudança de faixa,Colisão transversal,Com Vítimas Feridas,Pleno dia,Decrescente,Céu Claro,Múltipla,Aclive;Reta                   ,Sim,3,0,2,0,1,0,2,2,"-7,85637001","-34,90842109",SPRF-PE,DEL01-PE,UOP02-DEL01-PE
513377,2023-03-28,terça-feira,14:30:00,PE,101,69,RECIFE,Condutor deixou de manter distância do veículo da frente,Colisão traseira,Sem Vítimas,Pleno dia,Decrescente,Sol,Dupla,Reta,Não,2,0,0,0,2,0,0,2,"-8,067132","-34,942996",SPRF-PE,DEL01-PE,UOP01-DEL01-PE
513386,2023-03-28,terça-feira,14:00:00,PE,101,35,IGARASSU,Demais falhas mecânicas ou elétricas,Saída de leito carroçável,Com Vítimas Feridas,Pleno dia,Decrescente,Céu Claro,Dupla,Reta,Não,2,0,0,1,1,0,1,1,"-7,77952193","-34,93231384",SPRF-PE,DEL01-PE,UOP02-DEL01-PE
513389,2023-03-28,terça-feira,12:52:00,PE,101,2,JABOATAO DOS GUARARAPES,Ultrapassagem Indevida,Colisão lateral mesmo sentido,Com Vítimas Feridas,Pleno dia,Crescente,Céu Claro,Simples,Reta,Sim,2,0,1,0,1,0,1,2,"-8,19626262","-34,95763779",SPRF-PE,DEL01-PE,UOP02-DEL01-PE
513400,2023-03-28,terça-feira,13:00:00,PE,101,44,IGARASSU,Acessar a via sem observar a presença dos outros veículos,Colisão transversal,Com Vítimas Feridas,Pleno dia,Decrescente,Céu Claro,Múltipla,Retorno Regulamentado;Reta    ,Sim,4,0,2,0,1,1,2,2,"-7,84753808","-34,90977038",SPRF-PE,DEL01-PE,UOP02-DEL01-PE
513404,2023-03-28,terça-feira,16:30:00,PE,101,78,JABOATAO DOS GUARARAPES,Condutor deixou de manter distância do veículo da frente,Colisão traseira,Com Vítimas Feridas,Pleno dia,Crescente,Céu Claro,Dupla,Reta,Sim,2,0,0,1,1,0,1,2,"-8,13496499","-34,94738614",SPRF-PE,DEL01-PE,UOP01-DEL01-PE
513448,2023-03-28,terça-feira,19:00:00,PE,408,53,NAZARE DA MATA,Condutor Dormindo,Colisão lateral sentido oposto,Sem Vítimas,Plena Noite,Crescente,Céu Claro,Simples,Reta,Não,3,0,0,0,3,0,0,3,"-7,760174","-35,233906",SPRF-PE,DEL01-PE,UOP01-DEL01-PE
513458,2023-03-28,terça-feira,22:00:00,PE,428,187,PETROLINA,Acumulo de óleo sobre o pavimento,Queda de ocupante de veículo,Com Vítimas Feridas,Plena Noite,Crescente,Céu Claro,Dupla,Rotatória,Sim,1,0,1,0,0,0,1,1,"-9,35604301","-40,47854198",SPRF-PE,DEL06-PE,UOP01-DEL06-PE
513555,2023-03-29,quarta-feira,15:10:00,PE,101,"41,8",IGARASSU,Pista Escorregadia,Tombamento,Com Vítimas Feridas,Pleno dia,Crescente,Chuva,Múltipla,Reta,Sim,2,0,1,0,1,0,1,1,"-7,83038346","-34,91426785",SPRF-PE,DEL01-PE,UOP02-DEL01-PE
513652,2023-03-30,quinta-feira,06:10:00,PE,101,42,IGARASSU,Acessar a via sem observar a presença dos outros veículos,Colisão transversal,Com Vítimas Feridas,Pleno dia,Crescente,Chuva,Dupla,Reta;Retorno Regulamentado;Int,Sim,2,0,1,0,1,0,1,2,"-7,83887431","-34,91196739",SPRF-PE,DEL01-PE,UOP02-DEL01-PE
513701,2023-03-30,quinta-feira,06:00:00,PE,104,"2,2",TAQUARITINGA DO NORTE,Velocidade Incompatível,Colisão com objeto,Com Vítimas Feridas,Amanhecer,Crescente,Chuva,Simples,Reta,Não,5,0,4,0,1,0,4,1,"-7,801299","-36,099957",SPRF-PE,DEL02-PE,UOP01-DEL02-PE
513815,2023-03-30,quinta-feira,22:00:00,PE,407,61,PETROLINA,Animais na Pista,Queda de ocupante de veículo,Com Vítimas Feridas,Plena Noite,Crescente,Céu Claro,Simples,Reta,Não,1,0,0,1,0,0,1,1,"-8,86114469","-40,7759038",SPRF-PE,DEL06-PE,UOP02-DEL06-PE
513847,2023-03-31,sexta-feira,07:11:00,PE,232,166,TACAIMBO,Ultrapassagem Indevida,Colisão lateral mesmo sentido,Com Vítimas Feridas,Pleno dia,Decrescente,Céu Claro,Simples,Reta,Não,2,0,1,0,0,1,1,2,"-8,33783366","-36,30733704",SPRF-PE,DEL03-PE,UOP02-DEL03-PE
513926,2023-03-31,sexta-feira,15:15:00,PE,101,48,ABREU E LIMA,Acessar a via sem observar a presença dos outros veículos,Colisão transversal,Com Vítimas Feridas,Pleno dia,Decrescente,Céu Claro,Múltipla,Reta;Retorno Regulamentado    ,Sim,2,0,1,0,1,0,1,2,"-7,89174705","-34,9033493",SPRF-PE,DEL01-PE,UOP02-DEL01-PE
514003,2023-03-31,sexta-feira,20:20:00,PE,428,184,PETROLINA,Ausência de reação do condutor,Colisão transversal,Com Vítimas Feridas,Plena Noite,Crescente,Céu Claro,Dupla,Reta;Interseção de Vias       ,Não,4,0,0,1,3,0,1,2,"-9,34677","-40,47363281",SPRF-PE,DEL06-PE,UOP01-DEL06-PE
514027,2023-03-31,sexta-feira,21:00:00,PE,424,83,GARANHUNS,Transitar na contramão,Colisão lateral sentido oposto,Com Vítimas Feridas,Plena Noite,Decrescente,Céu Claro,Simples,Curva,Não,3,0,0,2,1,0,2,2,"-8,84593423","-36,52457016",SPRF-PE,DEL03-PE,UOP01-DEL03-PE
514038,2023-03-31,sexta-feira,23:19:00,PE,101,40,IGARASSU,Reação tardia ou ineficiente do condutor,Capotamento,Com Vítimas Feridas,Plena Noite,Crescente,Céu Claro,Dupla,Reta,Sim,1,0,1,0,0,0,1,1,"-7,821475","-34,916545",SPRF-PE,DEL01-PE,UOP02-DEL01-PE
514175,2023-04-01,sábado,16:40:00,PE,232,220,PESQUEIRA,Ultrapassagem Indevida,Colisão frontal,Com Vítimas Fatais,Pleno dia,Decrescente,Céu Claro,Simples,Declive;Curva                 ,Não,3,1,0,2,0,0,2,2,"-8,39925903","-36,78286999",SPRF-PE,DEL03-PE,UOP02-DEL03-PE
514204,2023-04-01,sábado,19:30:00,PE,101,77,RECIFE,Acesso irregular,Colisão traseira,Com Vítimas Feridas,Plena Noite,Decrescente,Céu Claro,Dupla,Reta,Não,2,0,2,0,0,0,2,2,"-8,126982","-34,94386",SPRF-PE,DEL01-PE,UOP01-DEL01-PE
514284,2023-04-01,sábado,22:30:00,PE,232,120,CARUARU,Reação tardia ou ineficiente do condutor,Saída de leito carroçável,Com Vítimas Feridas,Plena Noite,Decrescente,Céu Claro,Dupla,Reta,Não,1,0,1,0,0,0,1,1,"-8,29826697","-35,90192301",SPRF-PE,DEL02-PE,UOP01-DEL02-PE
514315,2023-01-09,segunda-feira,05:45:00,PE,101,57,PAULISTA,Ausência de reação do condutor,Colisão traseira,Com Vítimas Feridas,Pleno dia,Decrescente,Céu Claro,Dupla,Reta,Não,2,0,0,1,1,0,1,2,"-7,96346213","-34,91513486",SPRF-PE,DEL01-PE,UOP02-DEL01-PE