id,data_inversa,dia_semana,horario,uf,br,km,municipio,causa_acidente,tipo_acidente,classificacao_acidente,fase_dia,sentido_via,condicao_metereologica,tipo_pista,tracado_via,uso_solo,pessoas,mortos,feridos_leves,feridos_graves,ilesos,ignorados,feridos,veiculos,latitude,longitude,regional,delegacia,uop
514323,2023-04-02,domingo,10:30:00,PE,101,103,CABO DE SANTO AGOSTINHO,Acessar a via sem observar a presença dos outros veículos,Colisão frontal,Com Vítimas Feridas,Pleno dia,Crescente,Céu Claro,Simples,Interseção de Vias;Reta;Retorn,Sim,3,0,0,2,1,0,2,2,"-8,29241321","-35,05598304",SPRF-PE,DEL01-PE,UOP03-DEL01-PE
514338,2023-04-02,domingo,10:45:00,PE,104,"45,3",CARUARU,Reação tardia ou ineficiente do condutor,Colisão traseira,Com Vítimas Feridas,Pleno dia,Decrescente,Céu Claro,Dupla,Reta;Declive                  ,Não,2,0,2,0,0,0,2,2,"-8,118566","-36,001262",SPRF-PE,DEL02-PE,UOP01-DEL02-PE
514372,2023-03-25,sábado,17:00:00,PE,424,88,GARANHUNS,Transitar na contramão,Colisão frontal,Com Vítimas Feridas,Anoitecer,Decrescente,Nublado,Simples,Declive;Reta                  ,Sim,3,0,1,0,1,1,1,3,"-8,88289772","-36,50848532",SPRF-PE,DEL03-PE,UOP01-DEL03-PE
514381,2023-04-02,domingo,16:50:00,PE,101,67,RECIFE,Condutor deixou de manter distância do veículo da frente,Colisão traseira,Com Vítimas Feridas,Pleno dia,Crescente,Céu Claro,Múltipla,Reta,Sim,2,0,1,0,1,0,1,2,"-8,042334","-34,943096",SPRF-PE,DEL01-PE,UOP01-DEL01-PE
514419,2023-04-02,domingo,18:40:00,PE,101,54,PAULISTA,Acessar a via sem observar a presença dos outros veículos,Colisão frontal,Com Vítimas Feridas,Plena Noite,Crescente,Céu Claro,Simples,Interseção de Vias,Não,2,0,1,0,1,0,1,2,"-7,93961103","-34,90356584",SPRF-PE,DEL01-PE,UOP02-DEL01-PE
514454,2023-04-02,domingo,18:50:00,PE,407,57,PETROLINA,Animais na Pista,Atropelamento de Animal,Com Vítimas Feridas,Plena Noite,Decrescente,Céu Claro,Simples,Reta,Não,1,0,1,0,0,0,1,1,"-8,84120895","-40,80620097",SPRF-PE,DEL06-PE,UOP02-DEL06-PE
514463,2023-04-02,domingo,21:30:00,PE,232,"97,3",BEZERROS,Ausência de reação do condutor,Saída de leito carroçável,Com Vítimas Feridas,Plena Noite,Crescente,Céu Claro,Dupla,Retorno Regulamentado,Sim,4,0,3,0,1,0,3,1,"-8,23379718","-35,71628894",SPRF-PE,DEL02-PE,UOP02-DEL02PE
514476,2023-04-02,domingo,22:25:00,PE,428,"56,2",SANTA MARIA DA BOA VISTA,Animais na Pista,Atropelamento de Animal,Sem Vítimas,Plena Noite,Crescente,Céu Claro,Simples,Reta;Aclive                   ,Não,1,0,0,0,1,0,0,1,"-8,61340743","-39,67244695",SPRF-PE,DEL06-PE,UOP03-DEL06-PE
514487,2023-04-02,domingo,22:15:00,PE,232,77,GRAVATA,Acessar a via sem observar a presença dos outros veículos,Colisão lateral mesmo sentido,Com Vítimas Feridas,Plena Noite,Decrescente,Céu Claro,Simples,Reta,Sim,3,0,0,1,2,0,1,3,"-8,19343863","-35,54300692",SPRF-PE,DEL02-PE,UOP02-DEL02PE
514508,2023-04-03,segunda-feira,04:00:00,PE,232,121,CARUARU,Velocidade Incompatível,Saída de leito carroçável,Com Vítimas Feridas,Amanhecer,Crescente,Céu Claro,Dupla,Reta,Não,2,0,1,0,1,0,1,1,"-8,30018257","-35,91071184",SPRF-PE,DEL02-PE,UOP01-DEL02-PE
514542,2023-04-03,segunda-feira,08:10:00,PE,101,"77,8",JABOATAO DOS GUARARAPES,Reação tardia ou ineficiente do condutor,Colisão traseira,Com Vítimas Feridas,Pleno dia,Decrescente,Céu Claro,Dupla,Curva,Sim,2,0,0,1,1,0,1,2,"-8,134416","-34,947262",SPRF-PE,DEL01-PE,UOP01-DEL01-PE
514558,2023-04-03,segunda-feira,10:40:00,PE,101,64,RECIFE,Manobra de mudança de faixa,Colisão lateral mesmo sentido,Com Vítimas Feridas,Pleno dia,Decrescente,Sol,Dupla,Reta,Não,2,0,1,0,1,0,1,2,"-8,01883945","-34,94212389",SPRF-PE,DEL01-PE,UOP01-DEL01-PE
514571,2023-01-28,sábado,20:50:00,PE,104,34,TORITAMA,Demais falhas mecânicas ou elétricas,Incêndio,Sem Vítimas,Plena Noite,Decrescente,Céu Claro,Dupla,Declive;Curva                 ,Não,1,0,0,0,0,1,0,1,"-8,035022","-36,052402",SPRF-PE,DEL02-PE,UOP01-DEL02-PE
514595,2023-04-03,segunda-feira,15:30:00,PE,101,72,RECIFE,Condutor usando celular,Colisão traseira,Com Vítimas Feridas,Pleno dia,Crescente,Céu Claro,Dupla,Reta,Sim,2,0,1,0,1,0,1,2,"-8,08493106","-34,9450639",SPRF-PE,DEL01-PE,UOP01-DEL01-PE
514599,2023-03-29,quarta-feira,10:20:00,PE,101,35,IGARASSU,Condutor deixou de manter distância do veículo da frente,Colisão traseira,Sem Vítimas,Pleno dia,Crescente,Céu Claro,Dupla,Em Obras;Reta                 ,Sim,4,0,0,0,4,0,0,2,"-7,77952193","-34,93231384",SPRF-PE,DEL01-PE,UOP02-DEL01-PE
514771,2023-04-04,terça-feira,13:50:00,PE,232,5,RECIFE,Ingestão de álcool pelo condutor,Colisão lateral mesmo sentido,Sem Vítimas,Pleno dia,Decrescente,Céu Claro,Dupla,Declive;Viaduto;Reta          ,Sim,2,0,0,0,2,0,0,2,"-8,06795766","-34,94535414",SPRF-PE,DEL01-PE,UOP01-DEL01-PE
514773,2023-04-04,terça-feira,13:40:00,PE,101,43,IGARASSU,Reação tardia ou ineficiente do condutor,Colisão lateral mesmo sentido,Com Vítimas Feridas,Pleno dia,Crescente,Chuva,Múltipla,Reta,Sim,2,0,1,0,0,1,1,2,"-7,848219","-34,909958",SPRF-PE,DEL01-PE,UOP02-DEL01-PE
514818,2023-04-04,terça-feira,17:32:00,PE,104,"85,4",AGRESTINA,Acessar a via sem observar a presença dos outros veículos,Colisão transversal,Com Vítimas Feridas,Anoitecer,Decrescente,Céu Claro,Simples,Interseção de Vias,Não,2,0,1,0,1,0,1,2,"-8,438719","-35,955177",SPRF-PE,DEL02-PE,UOP01-DEL02-PE
514848,2023-04-04,terça-feira,18:30:00,PE,316,"329,4",FLORESTA,Condutor deixou de manter distância do veículo da frente,Colisão traseira,Com Vítimas Feridas,Plena Noite,Crescente,Céu Claro,Simples,Reta,Não,6,0,2,0,4,0,2,2,"-8,744268","-38,413137",SPRF-PE,DEL04-PE,UOP03-DEL04-PE
514875,2023-04-05,quarta-feira,02:49:00,PE,104,69,CARUARU,Animais na Pista,Atropelamento de Animal,Sem Vítimas,Plena Noite,Decrescente,Nublado,Dupla,Reta,Sim,1,0,0,0,0,1,0,1,"-8,3196","-35,9912",SPRF-PE,DEL02-PE,UOP01-DEL02-PE
514884,2023-04-04,terça-feira,20:00:00,PE,232,8,RECIFE,Pedestre andava na pista,Atropelamento de Pedestre,Com Vítimas Feridas,Plena Noite,Crescente,Céu Claro,Dupla,Reta,Sim,2,0,0,1,1,0,1,2,"-8,07583727","-34,97015791",SPRF-PE,DEL01-PE,UOP01-DEL01-PE
514908,2023-04-05,quarta-feira,08:20:00,PE,101,"78,1",JABOATAO DOS GUARARAPES,Trafegar com motocicleta (ou similar) entre as faixas,Atropelamento de Pedestre,Com Vítimas Feridas,Pleno dia,Crescente,Nublado,Dupla,Reta,Não,2,0,2,0,0,0,2,2,"-8,137522","-34,947467",SPRF-PE,DEL01-PE,UOP01-DEL01-PE
514953,2023-04-05,quarta-feira,13:27:00,PE,232,14,JABOATAO DOS GUARARAPES,Acumulo de areia ou detritos sobre o pavimento,Capotamento,Com Vítimas Feridas,Pleno dia,Decrescente,Céu Claro,Dupla,Curva,Não,1,0,1,0,0,0,1,1,"-8,09025488","-35,02052302",SPRF-PE,DEL01-PE,UOP01-DEL01-PE
515009,2023-04-05,quarta-feira,18:10:00,PE,101,85,JABOATAO DOS GUARARAPES,Manobra de mudança de faixa,Colisão lateral mesmo sentido,Com Vítimas Feridas,Plena Noite,Decrescente,Céu Claro,Dupla,Ponte,Não,2,0,1,0,1,0,1,2,"-8,18065563","-34,95965322",SPRF-PE,DEL01-PE,UOP01-DEL01-PE
515024,2023-04-04,terça-feira,20:00:00,PE,428,170,PETROLINA,Acumulo de areia ou detritos sobre o pavimento,Eventos atípicos,Sem Vítimas,Plena Noite,Decrescente,Céu Claro,Simples,Reta,Não,2,0,0,0,2,0,0,1,"-9,22081788","-40,40797219",SPRF-PE,DEL06-PE,UOP01-DEL06-PE
515053,2023-04-05,quarta-feira,21:20:00,PE,101,62,RECIFE,Ausência de reação do condutor,Colisão frontal,Com Vítimas Feridas,Plena Noite,Decrescente,Céu Claro,Simples,Reta,Sim,2,0,1,0,1,0,1,2,"-7,99905898","-34,93899295",SPRF-PE,DEL01-PE,UOP02-DEL01-PE
515073,2023-04-06,quinta-feira,03:15:00,PE,116,"17,3",SALGUEIRO,Pedestre andava na pista,Atropelamento de Pedestre,Com Vítimas Fatais,Amanhecer,Decrescente,Céu Claro,Simples,Reta,Não,4,1,0,0,0,3,0,3,"-7,99306","-39,140823",SPRF-PE,DEL05-PE,UOP01-DEL05-PE
515093,2023-04-06,quinta-feira,07:00:00,PE,407,128,PETROLINA,Acesso irregular,Atropelamento de Pedestre,Com Vítimas Feridas,Pleno dia,Crescente,Céu Claro,Dupla,Reta,Sim,2,0,0,1,0,1,1,2,"-9,39387565","-40,51133888",SPRF-PE,DEL06-PE,UOP01-DEL06-PE
515104,2023-04-06,quinta-feira,07:15:00,PE,101,"74,5",RECIFE,Acesso irregular,Colisão transversal,Com Vítimas Feridas,Pleno dia,Crescente,Céu Claro,Dupla,Curva,Sim,2,0,0,1,1,0,1,2,"-8,10146485","-34,94901577",SPRF-PE,DEL01-PE,UOP01-DEL01-PE
515110,2023-04-06,quinta-feira,08:20:00,PE,232,"191,3",SANHARO,Avarias e/ou desgaste excessivo no pneu,Saída de leito carroçável,Com Vítimas Feridas,Pleno dia,Decrescente,Céu Claro,Simples,Reta,Não,4,0,3,0,1,0,3,1,"-8,35709895","-36,52773",SPRF-PE,DEL03-PE,UOP02-DEL03-PE
515115,2023-04-06,quinta-feira,07:45:00,PE,101,"64,6",RECIFE,Ausência de reação do condutor,Colisão traseira,Com Vítimas Feridas,Pleno dia,Crescente,Céu Claro,Dupla,Reta,Sim,2,0,0,1,1,0,1,2,"-8,020918","-34,942807",SPRF-PE,DEL01-PE,UOP01-DEL01-PE
515135,2023-04-06,quinta-feira,09:40:00,PE,232,83,GRAVATA,Acessar a via sem observar a presença dos outros veículos,Colisão transversal,Com Vítimas Feridas,Pleno dia,Crescente,Céu Claro,Dupla,Declive;Retorno Regulamentado;,Sim,2,0,1,0,1,0,1,2,"-8,2024868","-35,59542005",SPRF-PE,DEL02-PE,UOP02-DEL02PE
515158,2023-04-06,quinta-feira,12:30:00,PE,408,99,SAO LOURENCO DA MATA,Avarias e/ou desgaste excessivo no pneu,Colisão com objeto,Sem Vítimas,Pleno dia,Crescente,Céu Claro,Dupla,Declive;Reta                  ,Não,1,0,0,0,1,0,0,1,"-8,04133634","-35,02531212",SPRF-PE,DEL01-PE,UOP01-DEL01-PE
515172,2023-04-06,quinta-feira,13:50:00,PE,408,89,SAO LOURENCO DA MATA,Ausência de reação do condutor,Saída de leito carroçável,Com Vítimas Feridas,Pleno dia,Decrescente,Céu Claro,Dupla,Reta,Sim,2,0,1,0,0,1,1,2,"-7,98149086","-35,08112279",SPRF-PE,DEL01-PE,UOP01-DEL01-PE
515201,2023-04-06,quinta-feira,15:50:00,PE,232,"33,7",MORENO,Reação tardia ou ineficiente do condutor,Queda de ocupante de veículo,Com Vítimas Feridas,Pleno dia,Decrescente,Céu Claro,Dupla,Reta,Não,1,0,0,1,0,0,1,1,"-8,10539025","-35,17523495",SPRF-PE,DEL01-PE,UOP01-DEL01-PE
515207,2023-04-06,quinta-feira,16:15:00,PE,408,59,TRACUNHAEM,Acessar a via sem observar a presença dos outros veículos,Colisão transversal,Com Vítimas Feridas,Pleno dia,Decrescente,Céu Claro,Simples,Interseção de Vias,Sim,2,0,1,0,1,0,1,2,"-7,806942","-35,24341",SPRF-PE,DEL01-PE,UOP01-DEL01-PE
515223,2023-04-06,quinta-feira,17:30:00,PE,232,"9,6",JABOATAO DOS GUARARAPES,Acumulo de areia ou detritos sobre o pavimento,Tombamento,Com Vítimas Feridas,Anoitecer,Decrescente,Céu Claro,Múltipla,Reta,Sim,2,0,1,1,0,0,2,1,"-8,07887","-34,984073",SPRF-PE,DEL01-PE,UOP01-DEL01-PE
515238,2023-04-06,quinta-feira,18:20:00,PE,232,26,MORENO,Manobra de mudança de faixa,Colisão lateral mesmo sentido,Com Vítimas Feridas,Plena Noite,Decrescente,Nublado,Dupla,Retorno Regulamentado;Reta    ,Não,2,0,1,0,1,0,1,2,"-8,11374411","-35,116886",SPRF-PE,DEL01-PE,UOP01-DEL01-PE
515334,2023-04-07,sexta-feira,05:52:00,PE,232,"58,6",POMBOS,Ausência de reação do condutor,Saída de leito carroçável,Com Vítimas Fatais,Pleno dia,Crescente,Céu Claro,Dupla,Declive;Curva                 ,Sim,4,1,0,1,2,0,1,2,"-8,14462866","-35,39034714",SPRF-PE,DEL02-PE,UOP02-DEL02PE
515342,2023-04-07,sexta-feira,08:30:00,PE,428,"179,6",PETROLINA,Ausência de reação do condutor,Capotamento,Com Vítimas Feridas,Pleno dia,Decrescente,Nublado,Simples,Reta,Não,4,0,3,0,0,1,3,1,"-9,3001832","-40,44980961",SPRF-PE,DEL06-PE,UOP01-DEL06-PE
515389,2023-04-07,sexta-feira,11:40:00,PE,101,"67,3",RECIFE,Condutor deixou de manter distância do veículo da frente,Engavetamento,Com Vítimas Feridas,Pleno dia,Crescente,Céu Claro,Múltipla,Reta,Sim,5,0,3,0,2,0,3,5,"-8,045518","-34,944549",SPRF-PE,DEL01-PE,UOP01-DEL01-PE
515465,2023-04-07,sexta-feira,18:30:00,PE,232,172,BELO JARDIM,Ingestão de álcool pelo condutor,Colisão frontal,Com Vítimas Feridas,Plena Noite,Crescente,Céu Claro,Simples,Declive;Curva                 ,Não,3,0,0,3,0,0,3,2,"-8,33854887","-36,360134",SPRF-PE,DEL03-PE,UOP02-DEL03-PE
515483,2023-03-05,domingo,19:35:00,PE,116,32,SALGUEIRO,Manobra de mudança de faixa,Colisão frontal,Com Vítimas Feridas,Plena Noite,Crescente,Céu Claro,Simples,Curva,Não,6,0,4,1,1,0,5,2,"-8,119822","-39,119732",SPRF-PE,DEL05-PE,UOP01-DEL05-PE
515543,2023-04-08,sábado,07:30:00,PE,104,"86,3",AGRESTINA,Acessar a via sem observar a presença dos outros veículos,Colisão transversal,Com Vítimas Feridas,Pleno dia,Decrescente,Céu Claro,Simples,Reta,Sim,2,0,1,1,0,0,2,2,"-8,446782","-35,951046",SPRF-PE,DEL02-PE,UOP01-DEL02-PE
515545,2023-04-08,sábado,07:30:00,PE,101,1,JABOATAO DOS GUARARAPES,Acessar a via sem observar a presença dos outros veículos,Colisão transversal,Com Vítimas Feridas,Pleno dia,Decrescente,Chuva,Simples,Reta,Sim,2,0,0,1,1,0,1,2,"-8,178985","-34,946555",SPRF-PE,DEL01-PE,UOP02-DEL01-PE
515550,2023-04-08,sábado,08:35:00,PE,101,80,JABOATAO DOS GUARARAPES,Chuva,Tombamento,Com Vítimas Feridas,Pleno dia,Crescente,Chuva,Dupla,Reta,Sim,1,0,1,0,0,0,1,1,"-8,15112589","-34,9428866",SPRF-PE,DEL01-PE,UOP01-DEL01-PE
515595,2023-04-08,sábado,13:10:00,PE,232,20,MORENO,Acumulo de água sobre o pavimento,Saída de leito carroçável,Com Vítimas Feridas,Pleno dia,Decrescente,Chuva,Dupla,Reta,Não,2,0,1,0,1,0,1,1,"-8,09543537","-35,07136107",SPRF-PE,DEL01-PE,UOP01-DEL01-PE
515596,2023-04-08,sábado,13:55:00,PE,101,23,GOIANA,Demais falhas mecânicas ou elétricas,Saída de leito carroçável,Com Vítimas Feridas,Pleno dia,Decrescente,Céu Claro,Dupla,Aclive;Reta                   ,Não,1,0,1,0,0,0,1,1,"-7,68357776","-34,92410458",SPRF-PE,DEL01-PE,UOP02-DEL01-PE
515684,2023-04-08,sábado,21:35:00,PE,428,185,PETROLINA,Ingestão de álcool e/ou substâncias psicoativas pelo pedestre,Atropelamento de Pedestre,Com Vítimas Feridas,Plena Noite,Decrescente,Céu Claro,Dupla,Reta,Sim,2,0,0,1,0,1,1,2,"-9,350726","-40,475751",SPRF-PE,DEL06-PE,UOP01-DEL06-PE
515699,2023-04-08,sábado,23:30:00,PE,428,152,PETROLINA,Ausência de reação do condutor,Colisão traseira,Com Vítimas Fatais,Plena Noite,Crescente,Céu Claro,Simples,Reta;Em Obras                 ,Não,2,1,0,0,0,1,0,2,"-9,098667","-40,32827",SPRF-PE,DEL06-PE,UOP01-DEL06-PE
515769,2023-04-09,domingo,11:00:00,PE,101,205,XEXEU,Acumulo de areia ou detritos sobre o pavimento,Saída de leito carroçável,Com Vítimas Feridas,Pleno dia,Crescente,Nublado,Dupla,Reta;Aclive                   ,Não,3,0,1,2,0,0,3,1,"-8,813152","-35,63283",SPRF-PE,DEL01-PE,UOP03-DEL01-PE
515790,2023-04-09,domingo,11:25:00,PE,232,508,SALGUEIRO,Acessar a via sem observar a presença dos outros veículos,Colisão frontal,Com Vítimas Feridas,Pleno dia,Crescente,Céu Claro,Simples,Reta,Sim,3,0,2,1,0,0,3,2,"-8,06223271","-39,12095006",SPRF-PE,DEL05-PE,UOP01-DEL05-PE
515800,2023-04-09,domingo,14:20:00,PE,423,38,CACHOEIRINHA,Condutor deixou de manter distância do veículo da frente,Colisão traseira,Com Vítimas Feridas,Pleno dia,Decrescente,Céu Claro,Simples,Reta,Não,5,0,4,0,1,0,4,2,"-8,48361315","-36,22574878",SPRF-PE,DEL03-PE,UOP02-DEL03-PE
515804,2023-04-09,domingo,14:00:00,PE,101,61,RECIFE,Entrada inopinada do pedestre,Atropelamento de Pedestre,Sem Vítimas,Pleno dia,Crescente,Céu Claro,Dupla,Reta,Sim,6,0,0,0,5,1,0,2,"-7,99097103","-34,93598295",SPRF-PE,DEL01-PE,UOP02-DEL01-PE
515882,2023-04-09,domingo,18:30:00,PE,104,79,AGRESTINA,Ultrapassagem Indevida,Colisão frontal,Com Vítimas Feridas,Plena Noite,Crescente,Céu Claro,Simples,Reta,Não,5,0,3,0,0,2,3,2,"-8,389074","-35,974712",SPRF-PE,DEL02-PE,UOP01-DEL02-PE
515924,2023-04-09,domingo,22:20:00,PE,101,"205,9",XEXEU,Acumulo de areia ou detritos sobre o pavimento,Saída de leito carroçável,Com Vítimas Feridas,Plena Noite,Crescente,Garoa/Chuvisco,Dupla,Reta,Não,7,0,5,2,0,0,7,1,"-8,813152","-35,63283",SPRF-PE,DEL01-PE,UOP03-DEL01-PE
515941,2023-04-10,segunda-feira,03:20:00,PE,101,68,RECIFE,Condutor Dormindo,Colisão com objeto,Sem Vítimas,Plena Noite,Crescente,Céu Claro,Dupla,Viaduto,Sim,1,0,0,0,1,0,0,1,"-8,051732","-34,946177",SPRF-PE,DEL01-PE,UOP01-DEL01-PE
515942,2023-04-10,segunda-feira,03:50:00,PE,101,8,GOIANA,Condutor deixou de manter distância do veículo da frente,Colisão traseira,Com Vítimas Feridas,Plena Noite,Crescente,Céu Claro,Dupla,Reta,Não,1,0,1,0,0,0,1,1,"-7,56898134","-34,98959891",SPRF-PE,DEL01-PE,UOP02-DEL01-PE
515956,2023-04-10,segunda-feira,06:45:00,PE,428,186,PETROLINA,Manobra de mudança de faixa,Colisão transversal,Com Vítimas Feridas,Pleno dia,Crescente,Céu Claro,Dupla,Reta,Sim,2,0,1,0,1,0,1,2,"-9,34807826","-40,47441248",SPRF-PE,DEL06-PE,UOP01-DEL06-PE
515971,2023-04-10,segunda-feira,06:14:00,PE,232,32,MORENO,Velocidade Incompatível,Saída de leito carroçável,Com Vítimas Feridas,Pleno dia,Crescente,Céu Claro,Dupla,Curva;Declive                 ,Não,1,0,1,0,0,0,1,1,"-8,10541732","-35,1665671",SPRF-PE,DEL01-PE,UOP01-DEL01-PE
515988,2023-04-10,segunda-feira,08:00:00,PE,101,65,RECIFE,Ausência de reação do condutor,Colisão traseira,Com Vítimas Feridas,Pleno dia,Decrescente,Céu Claro,Dupla,Reta;Interseção de Vias       ,Sim,3,0,1,0,1,1,1,2,"-8,02869834","-34,94289637",SPRF-PE,DEL01-PE,UOP01-DEL01-PE
516065,2023-04-10,segunda-feira,16:00:00,PE,101,50,ABREU E LIMA,Acessar a via sem observar a presença dos outros veículos,Colisão transversal,Com Vítimas Feridas,Pleno dia,Crescente,Nublado,Dupla,Reta,Sim,2,0,1,0,1,0,1,2,"-7,90938602","-34,90123228",SPRF-PE,DEL01-PE,UOP02-DEL01-PE
516071,2023-04-10,segunda-feira,15:50:00,PE,424,87,GARANHUNS,Falta de elemento de contenção que evite a saída do leito carroçável,Saída de leito carroçável,Com Vítimas Feridas,Pleno dia,Crescente,Céu Claro,Simples,Declive;Reta                  ,Sim,2,0,2,0,0,0,2,1,"-8,874289","-36,507607",SPRF-PE,DEL03-PE,UOP01-DEL03-PE
516092,2023-04-10,segunda-feira,18:35:00,PE,232,"212,1",PESQUEIRA,Manobra de mudança de faixa,Colisão frontal,Com Vítimas Fatais,Plena Noite,Crescente,Céu Claro,Simples,Reta,Sim,2,1,0,1,0,0,1,2,"-8,373728","-36,71475",SPRF-PE,DEL03-PE,UOP02-DEL03-PE
516095,2023-04-10,segunda-feira,18:20:00,PE,104,66,CARUARU,Acessar a via sem observar a presença dos outros veículos,Colisão lateral mesmo sentido,Com Vítimas Feridas,Plena Noite,Decrescente,Céu Claro,Dupla,Declive;Interseção de Vias;Ret,Sim,3,0,2,0,1,0,2,2,"-8,2937","-35,9864",SPRF-PE,DEL02-PE,UOP01-DEL02-PE
516171,2023-04-11,terça-feira,06:49:00,PE,101,80,JABOATAO DOS GUARARAPES,Animais na Pista,Atropelamento de Animal,Com Vítimas Feridas,Pleno dia,Decrescente,Céu Claro,Dupla,Reta,Sim,2,0,2,0,0,0,2,1,"-8,15112589","-34,9428866",SPRF-PE,DEL01-PE,UOP01-DEL01-PE
516193,2023-04-11,terça-feira,08:35:00,PE,232,"129,6",CARUARU,Reação tardia ou ineficiente do condutor,Queda de ocupante de veículo,Com Vítimas Feridas,Pleno dia,Crescente,Céu Claro,Dupla,Reta,Sim,1,0,1,0,0,0,1,1,"-8,30193507","-35,98092002",SPRF-PE,DEL02-PE,UOP01-DEL02-PE
516199,2023-04-11,terça-feira,08:30:00,PE,101,94,CABO DE SANTO AGOSTINHO,Manobra de mudança de faixa,Colisão lateral mesmo sentido,Com Vítimas Feridas,Pleno dia,Crescente,Céu Claro,Dupla,Curva;Declive                 ,Não,2,0,1,0,1,0,1,2,"-8,249824","-35,007412",SPRF-PE,DEL01-PE,UOP03-DEL01-PE
516232,2023-04-11,terça-feira,12:15:00,PE,232,27,MORENO,Frear bruscamente,Colisão traseira,Com Vítimas Feridas,Pleno dia,Crescente,Céu Claro,Dupla,Reta,Não,4,0,1,1,1,1,2,4,"-8,11418416","-35,12568999",SPRF-PE,DEL01-PE,UOP01-DEL01-PE
516364,2023-04-12,quarta-feira,10:36:00,PE,101,"42,3",IGARASSU,Acessar a via sem observar a presença dos outros veículos,Colisão lateral mesmo sentido,Com Vítimas Feridas,Pleno dia,Decrescente,Sol,Múltipla,Reta;Aclive                   ,Sim,5,0,1,0,4,0,1,2,"-7,83887431","-34,91196739",SPRF-PE,DEL01-PE,UOP02-DEL01-PE
516420,2023-04-12,quarta-feira,16:19:00,PE,101,"64,8",RECIFE,Reação tardia ou ineficiente do condutor,Colisão traseira,Com Vítimas Feridas,Pleno dia,Crescente,Céu Claro,Dupla,Reta,Sim,2,0,1,0,1,0,1,2,"-8,0162921","-34,94045886",SPRF-PE,DEL01-PE,UOP01-DEL01-PE
516472,2023-02-23,quinta-feira,19:30:00,PE,101,60,RECIFE,Acostamento em desnível,Tombamento,Com Vítimas Feridas,Plena Noite,Crescente,Nublado,Dupla,Curva,Sim,1,0,1,0,0,0,1,1,"-7,9893","-34,93533",SPRF-PE,DEL01-PE,UOP02-DEL01-PE
516496,2023-04-13,quinta-feira,01:00:00,PE,101,70,RECIFE,Reação tardia ou ineficiente do condutor,Capotamento,Sem Vítimas,Plena Noite,Decrescente,Chuva,Dupla,Declive,Sim,1,0,0,0,1,0,0,1,"-8,078846","-34,943277",SPRF-PE,DEL01-PE,UOP01-DEL01-PE
516501,2023-04-13,quinta-feira,04:40:00,PE,232,257,ARCOVERDE,Animais na Pista,Atropelamento de Animal,Com Vítimas Feridas,Amanhecer,Decrescente,Céu Claro,Simples,Reta,Sim,3,0,1,0,2,0,1,1,"-8,40876559","-37,10231195",SPRF-PE,DEL04-PE,UOP02-DEL04-PE
516533,2023-03-24,sexta-feira,19:00:00,PE,101,78,RECIFE,Pedestre andava na pista,Atropelamento de Pedestre,Com Vítimas Feridas,Plena Noite,Crescente,Céu Claro,Dupla,Reta,Sim,2,0,1,0,1,0,1,2,"-8,13496499","-34,94738614",SPRF-PE,DEL01-PE,UOP01-DEL01-PE
516551,2023-04-13,quinta-feira,09:23:00,PE,232,"105,6",BEZERROS,Demais falhas mecânicas ou elétricas,Saída de leito carroçável,Com Vítimas Feridas,Pleno dia,Decrescente,Céu Claro,Dupla,Reta,Não,4,0,4,0,0,0,4,1,"-8,25830415","-35,78275595",SPRF-PE,DEL02-PE,UOP02-DEL02PE
516559,2023-04-04,terça-feira,13:07:00,PE,316,141,PARNAMIRIM,Ausência de reação do condutor,Colisão traseira,Com Vítimas Feridas,Pleno dia,Decrescente,Céu Claro,Simples,Reta;Declive                  ,Não,2,0,1,0,1,0,1,2,"-8,08325373","-39,60839488",SPRF-PE,DEL05-PE,UOP02-DEL05-PE
516599,2023-04-13,quinta-feira,16:25:00,PE,101,"45,6",IGARASSU,Ingestão de álcool pelo condutor,Colisão lateral mesmo sentido,Com Vítimas Feridas,Pleno dia,Crescente,Céu Claro,Múltipla,Reta,Sim,2,0,2,0,0,0,2,2,"-7,869893","-34,906741",SPRF-PE,DEL01-PE,UOP02-DEL01-PE
516613,2023-04-13,quinta-feira,14:00:00,PE,232,51,VITORIA DE SANTO ANTAO,Manobra de mudança de faixa,Colisão lateral mesmo sentido,Com Vítimas Feridas,Pleno dia,Crescente,Céu Claro,Dupla,Reta,Não,2,0,0,1,1,0,1,2,"-8,14252561","-35,31859875",SPRF-PE,DEL01-PE,UOP01-DEL01-PE
516630,2023-04-13,quinta-feira,17:05:00,PE,316,20,ARARIPINA,Acessar a via sem observar a presença dos outros veículos,Colisão transversal,Com Vítimas Fatais,Anoitecer,Decrescente,Céu Claro,Simples,Interseção de Vias;Reta       ,Não,2,1,0,0,1,0,0,2,"-7,56276892","-40,53192258",SPRF-PE,DEL05-PE,UOP02-DEL05-PE