id,data_inversa,dia_semana,horario,uf,br,km,municipio,causa_acidente,tipo_acidente,classificacao_acidente,fase_dia,sentido_via,condicao_metereologica,tipo_pista,tracado_via,uso_solo,pessoas,mortos,feridos_leves,feridos_graves,ilesos,ignorados,feridos,veiculos,latitude,longitude,regional,delegacia,uop
516638,2023-04-13,quinta-feira,19:50:00,PE,232,82,GRAVATA,Acessar a via sem observar a presença dos outros veículos,Saída de leito carroçável,Com Vítimas Feridas,Plena Noite,Crescente,Céu Claro,Dupla,Reta,Sim,1,0,1,0,0,0,1,1,"-8,19905415","-35,58715194",SPRF-PE,DEL02-PE,UOP02-DEL02PE
516651,2023-04-07,sexta-feira,13:30:00,PE,232,"438,1",SERRA TALHADA,Reação tardia ou ineficiente do condutor,Capotamento,Com Vítimas Feridas,Pleno dia,Crescente,Céu Claro,Simples,Curva,Não,1,0,1,0,0,0,1,1,"-8,01100668","-38,54204198",SPRF-PE,DEL04-PE,UOP01-DEL04-PE
516659,2023-04-13,quinta-feira,18:30:00,PE,232,186,BELO JARDIM,Pista Escorregadia,Queda de ocupante de veículo,Com Vítimas Feridas,Plena Noite,Decrescente,Céu Claro,Simples,Reta,Não,1,0,0,1,0,0,1,1,"-8,35289635","-36,48256297",SPRF-PE,DEL03-PE,UOP02-DEL03-PE
516735,2023-04-14,sexta-feira,10:30:00,PE,232,"414,7",SERRA TALHADA,Ultrapassagem Indevida,Colisão lateral mesmo sentido,Com Vítimas Feridas,Pleno dia,Crescente,Céu Claro,Simples,Reta,Sim,2,0,1,1,0,0,2,2,"-7,99236282","-38,33750809",SPRF-PE,DEL04-PE,UOP01-DEL04-PE
516744,2023-04-14,sexta-feira,10:09:00,PE,232,119,CARUARU,Frear bruscamente,Saída de leito carroçável,Com Vítimas Feridas,Pleno dia,Crescente,Sol,Dupla,Reta;Declive                  ,Não,2,0,2,0,0,0,2,1,"-8,2962792","-35,89314995",SPRF-PE,DEL02-PE,UOP01-DEL02-PE
516791,2023-04-14,sexta-feira,13:30:00,PE,232,"31,9",MORENO,Reação tardia ou ineficiente do condutor,Colisão com objeto,Com Vítimas Feridas,Pleno dia,Crescente,Céu Claro,Dupla,Reta,Não,1,0,1,0,0,0,1,1,"-8,105711","-35,165828",SPRF-PE,DEL01-PE,UOP01-DEL01-PE
516857,2023-04-03,segunda-feira,18:10:00,PE,232,40,VITORIA DE SANTO ANTAO,Pedestre cruzava a pista fora da faixa,Atropelamento de Pedestre,Com Vítimas Feridas,Plena Noite,Crescente,Céu Claro,Dupla,Reta,Não,2,0,0,1,1,0,1,2,"-8,1162429","-35,23508889",SPRF-PE,DEL01-PE,UOP01-DEL01-PE
516913,2023-04-15,sábado,03:10:00,PE,101,213,XEXEU,Ausência de reação do condutor,Saída de leito carroçável,Sem Vítimas,Plena Noite,Decrescente,Céu Claro,Dupla,Reta,Sim,1,0,0,0,0,1,0,1,"-8,87151839","-35,62971681",SPRF-PE,DEL01-PE,UOP03-DEL01-PE
516948,2023-04-15,sábado,07:10:00,PE,101,65,RECIFE,Ausência de reação do condutor,Saída de leito carroçável,Com Vítimas Feridas,Pleno dia,Decrescente,Sol,Dupla,Reta,Sim,2,0,2,0,0,0,2,1,"-8,03158796","-34,94237065",SPRF-PE,DEL01-PE,UOP01-DEL01-PE
516960,2023-04-15,sábado,10:00:00,PE,232,409,SERRA TALHADA,Acessar a via sem observar a presença dos outros veículos,Colisão lateral mesmo sentido,Sem Vítimas,Pleno dia,Decrescente,Céu Claro,Simples,Interseção de Vias;Reta       ,Sim,3,0,0,0,1,2,0,3,"-7,981944","-38,289467",SPRF-PE,DEL04-PE,UOP01-DEL04-PE
516979,2023-04-15,sábado,11:55:00,PE,408,61,CARPINA,Ultrapassagem Indevida,Colisão frontal,Com Vítimas Feridas,Pleno dia,Decrescente,Sol,Simples,Reta,Não,3,0,1,2,0,0,3,2,"-7,825076","-35,245508",SPRF-PE,DEL01-PE,UOP01-DEL01-PE
516984,2023-03-03,sexta-feira,06:37:00,PE,232,"105,7",BEZERROS,Condutor Dormindo,Atropelamento de Pedestre,Com Vítimas Fatais,Pleno dia,Decrescente,Céu Claro,Dupla,Reta,Não,3,2,0,0,0,1,0,2,"-8,25830415","-35,78275595",SPRF-PE,DEL02-PE,UOP02-DEL02PE
517044,2023-04-02,domingo,18:40:00,PE,428,17,CABROBO,Pedestre andava na pista,Atropelamento de Pedestre,Com Vítimas Feridas,Plena Noite,Decrescente,Céu Claro,Simples,Reta,Não,4,0,1,2,0,1,3,2,"-8,49693528","-39,37029804",SPRF-PE,DEL05-PE,UOP03-DEL05-PE
517046,2023-04-15,sábado,19:26:00,PE,101,"55,1",PAULISTA,Ausência de reação do condutor,Colisão traseira,Com Vítimas Feridas,Plena Noite,Crescente,Céu Claro,Dupla,Reta;Interseção de Vias;Aclive,Não,2,0,0,1,1,0,1,2,"-7,94806621","-34,9062148",SPRF-PE,DEL01-PE,UOP02-DEL01-PE
517054,2023-04-15,sábado,20:30:00,PE,101,59,RECIFE,Condutor deixou de manter distância do veículo da frente,Colisão traseira,Com Vítimas Feridas,Plena Noite,Crescente,Céu Claro,Dupla,Reta,Não,3,0,2,0,1,0,2,2,"-7,97708575","-34,92607318",SPRF-PE,DEL01-PE,UOP02-DEL01-PE
517056,2023-04-15,sábado,18:40:00,PE,101,"100,9",CABO DE SANTO AGOSTINHO,Manobra de mudança de faixa,Colisão traseira,Sem Vítimas,Plena Noite,Decrescente,Ignorado,Dupla,Reta,Não,4,0,0,0,3,1,0,2,"-8,27604761","-35,05381107",SPRF-PE,DEL01-PE,UOP03-DEL01-PE
517074,2023-04-15,sábado,22:45:00,PE,423,"93,7",GARANHUNS,Condutor deixou de manter distância do veículo da frente,Colisão traseira,Com Vítimas Feridas,Plena Noite,Crescente,Céu Claro,Simples,Reta,Sim,2,0,1,0,0,1,1,2,"-8,87311457","-36,46830082",SPRF-PE,DEL03-PE,UOP01-DEL03-PE
517193,2023-04-16,domingo,14:59:00,PE,101,3,JABOATAO DOS GUARARAPES,Animais na Pista,Queda de ocupante de veículo,Com Vítimas Feridas,Pleno dia,Decrescente,Céu Claro,Simples,Reta,Sim,1,0,1,0,0,0,1,1,"-8,20764529","-34,96252477",SPRF-PE,DEL01-PE,UOP02-DEL01-PE
517194,2023-04-16,domingo,15:00:00,PE,101,"63,6",RECIFE,Conversão proibida,Colisão transversal,Com Vítimas Feridas,Pleno dia,Crescente,Céu Claro,Múltipla,Curva;Interseção de Vias      ,Sim,3,0,1,0,2,0,1,2,"-8,01537603","-34,9401176",SPRF-PE,DEL01-PE,UOP01-DEL01-PE
517213,2023-04-16,domingo,17:20:00,PE,423,"93,8",GARANHUNS,Acessar a via sem observar a presença dos outros veículos,Colisão transversal,Com Vítimas Feridas,Anoitecer,Crescente,Céu Claro,Simples,Reta,Sim,4,0,1,0,3,0,1,2,"-8,86972012","-36,46323792",SPRF-PE,DEL03-PE,UOP01-DEL03-PE
517257,2023-04-16,domingo,20:20:00,PE,101,52,PAULISTA,Manobra de mudança de faixa,Capotamento,Com Vítimas Feridas,Plena Noite,Decrescente,Chuva,Múltipla,Curva,Sim,1,0,1,0,0,0,1,1,"-7,92358799","-34,89607201",SPRF-PE,DEL01-PE,UOP02-DEL01-PE
517270,2023-04-16,domingo,19:01:00,PE,104,30,TORITAMA,Ultrapassagem Indevida,Colisão frontal,Com Vítimas Feridas,Plena Noite,Crescente,Nublado,Simples,Curva,Sim,3,0,2,0,1,0,2,2,"-8,0137","-36,0565",SPRF-PE,DEL02-PE,UOP01-DEL02-PE
517274,2023-04-16,domingo,20:42:00,PE,232,"63,2",POMBOS,Transitar na contramão,Colisão frontal,Com Vítimas Fatais,Plena Noite,Crescente,Chuva,Simples,Reta,Não,2,1,0,0,1,0,0,2,"-8,160531","-35,435101",SPRF-PE,DEL02-PE,UOP02-DEL02PE
517297,2023-04-16,domingo,22:58:00,PE,101,"71,9",RECIFE,Pista Escorregadia,Tombamento,Com Vítimas Feridas,Plena Noite,Crescente,Chuva,Dupla,Reta,Sim,2,0,2,0,0,0,2,1,"-8,078565","-34,943143",SPRF-PE,DEL01-PE,UOP01-DEL01-PE
517337,2023-04-17,segunda-feira,05:40:00,PE,101,133,RIBEIRAO,Ausência de reação do condutor,Colisão lateral mesmo sentido,Com Vítimas Feridas,Pleno dia,Crescente,Céu Claro,Dupla,Reta,Sim,3,0,1,0,1,1,1,2,"-8,40843778","-35,27817804",SPRF-PE,DEL01-PE,UOP03-DEL01-PE
517366,2023-04-17,segunda-feira,08:20:00,PE,232,508,SALGUEIRO,Ingestão de álcool pelo condutor,Colisão transversal,Com Vítimas Feridas,Pleno dia,Crescente,Céu Claro,Simples,Interseção de Vias,Sim,3,0,2,0,0,1,2,2,"-8,06275641","-39,12328005",SPRF-PE,DEL05-PE,UOP01-DEL05-PE
517433,2023-04-17,segunda-feira,14:45:00,PE,101,46,IGARASSU,Manobra de mudança de faixa,Colisão transversal,Com Vítimas Feridas,Pleno dia,Decrescente,Céu Claro,Múltipla,Retorno Regulamentado;Reta    ,Sim,2,0,1,0,1,0,1,2,"-7,87406004","-34,90588126",SPRF-PE,DEL01-PE,UOP02-DEL01-PE
517450,2023-04-17,segunda-feira,16:55:00,PE,232,"235,3",PESQUEIRA,Acumulo de água sobre o pavimento,Colisão com objeto,Com Vítimas Feridas,Plena Noite,Decrescente,Chuva,Simples,Curva,Não,1,0,0,1,0,0,1,1,"-8,408758","-36,922813",SPRF-PE,DEL04-PE,UOP02-DEL04-PE
517452,2023-04-17,segunda-feira,15:40:00,PE,101,70,RECIFE,Velocidade Incompatível,Colisão traseira,Com Vítimas Feridas,Pleno dia,Crescente,Céu Claro,Múltipla,Reta,Sim,2,0,1,0,1,0,1,2,"-8,06776119","-34,94265074",SPRF-PE,DEL01-PE,UOP01-DEL01-PE
517491,2023-04-17,segunda-feira,18:38:00,PE,232,511,SALGUEIRO,Acessar a via sem observar a presença dos outros veículos,Colisão transversal,Com Vítimas Feridas,Anoitecer,Crescente,Céu Claro,Simples,Reta,Sim,2,0,1,1,0,0,2,2,"-8,07019303","-39,14667499",SPRF-PE,DEL05-PE,UOP01-DEL05-PE
517531,2023-04-17,segunda-feira,22:55:00,PE,104,53,CARUARU,Ausência de reação do condutor,Colisão traseira,Com Vítimas Feridas,Plena Noite,Decrescente,Céu Claro,Dupla,Reta,Sim,2,0,1,0,0,1,1,2,"-8,1837","-35,967",SPRF-PE,DEL02-PE,UOP01-DEL02-PE
517554,2023-04-18,terça-feira,06:50:00,PE,408,"77,5",PAUDALHO,Acessar a via sem observar a presença dos outros veículos,Colisão lateral mesmo sentido,Com Vítimas Feridas,Pleno dia,Crescente,Céu Claro,Dupla,Reta,Sim,2,0,0,1,1,0,1,2,"-7,92365927","-35,15513418",SPRF-PE,DEL01-PE,UOP01-DEL01-PE
517578,2023-04-18,terça-feira,07:30:00,PE,101,46,IGARASSU,Condutor deixou de manter distância do veículo da frente,Colisão traseira,Com Vítimas Feridas,Pleno dia,Crescente,Céu Claro,Dupla,Reta,Sim,2,0,1,0,1,0,1,2,"-7,87406004","-34,90588126",SPRF-PE,DEL01-PE,UOP02-DEL01-PE
517588,2023-04-18,terça-feira,09:30:00,PE,104,"63,5",CARUARU,Condutor deixou de manter distância do veículo da frente,Colisão lateral mesmo sentido,Sem Vítimas,Pleno dia,Crescente,Céu Claro,Simples,Reta;Viaduto                  ,Sim,2,0,0,0,2,0,0,2,"-8,2698","-35,9803",SPRF-PE,DEL02-PE,UOP01-DEL02-PE
517762,2023-04-19,quarta-feira,06:50:00,PE,407,129,PETROLINA,Condutor deixou de manter distância do veículo da frente,Colisão lateral mesmo sentido,Com Vítimas Feridas,Pleno dia,Decrescente,Céu Claro,Dupla,Viaduto,Sim,2,0,1,0,1,0,1,2,"-9,39958299","-40,50459298",SPRF-PE,DEL06-PE,UOP01-DEL06-PE
517767,2023-04-19,quarta-feira,08:45:00,PE,101,"64,5",RECIFE,Manobra de mudança de faixa,Colisão lateral mesmo sentido,Com Vítimas Feridas,Pleno dia,Crescente,Céu Claro,Dupla,Curva,Sim,2,0,1,0,1,0,1,2,"-8,020526","-34,942704",SPRF-PE,DEL01-PE,UOP01-DEL01-PE
517783,2023-04-19,quarta-feira,09:41:00,PE,104,"55,5",CARUARU,Condutor Dormindo,Saída de leito carroçável,Com Vítimas Feridas,Pleno dia,Crescente,Céu Claro,Dupla,Reta;Declive                  ,Não,1,0,1,0,0,0,1,1,"-8,2018","-35,9671",SPRF-PE,DEL02-PE,UOP01-DEL02-PE
517797,2023-04-19,quarta-feira,11:10:00,PE,101,"62,9",RECIFE,Estacionar ou parar em local proibido,Colisão lateral mesmo sentido,Com Vítimas Feridas,Pleno dia,Decrescente,Céu Claro,Dupla,Reta,Não,2,0,0,1,1,0,1,2,"-7,99905898","-34,93899295",SPRF-PE,DEL01-PE,UOP02-DEL01-PE
517801,2023-03-27,segunda-feira,18:55:00,PE,428,189,PETROLINA,Conversão proibida,Colisão transversal,Com Vítimas Feridas,Plena Noite,Crescente,Céu Claro,Dupla,Reta,Sim,2,0,0,2,0,0,2,2,"-9,37197508","-40,48679585",SPRF-PE,DEL06-PE,UOP01-DEL06-PE
517824,2023-04-19,quarta-feira,08:40:00,PE,424,"3,9",ARCOVERDE,Reação tardia ou ineficiente do condutor,Saída de leito carroçável,Com Vítimas Feridas,Pleno dia,Crescente,Céu Claro,Simples,Reta,Não,1,0,1,0,0,0,1,1,"-8,45381694","-37,0485949",SPRF-PE,DEL04-PE,UOP02-DEL04-PE
517830,2023-04-19,quarta-feira,14:20:00,PE,316,"84,1",OURICURI,Ultrapassagem Indevida,Colisão transversal,Com Vítimas Feridas,Pleno dia,Decrescente,Céu Claro,Dupla,Reta,Sim,5,0,0,1,3,1,1,2,"-7,87881867","-40,0773593",SPRF-PE,DEL05-PE,UOP02-DEL05-PE
517887,2023-04-19,quarta-feira,16:54:00,PE,232,"87,3",GRAVATA,Reação tardia ou ineficiente do condutor,Colisão lateral mesmo sentido,Com Vítimas Feridas,Anoitecer,Crescente,Céu Claro,Dupla,Reta,Não,3,0,1,1,0,1,2,2,"-8,21448167","-35,63184321",SPRF-PE,DEL02-PE,UOP02-DEL02PE
517965,2023-04-20,quinta-feira,06:00:00,PE,101,10,GOIANA,Ausência de reação do condutor,Colisão traseira,Com Vítimas Feridas,Pleno dia,Crescente,Nevoeiro/Neblina,Dupla,Reta;Aclive                   ,Não,2,0,1,0,1,0,1,2,"-7,58679204","-34,98736241",SPRF-PE,DEL01-PE,UOP02-DEL01-PE
517973,2023-04-20,quinta-feira,09:28:00,PE,101,80,JABOATAO DOS GUARARAPES,Ausência de reação do condutor,Colisão lateral mesmo sentido,Com Vítimas Feridas,Pleno dia,Crescente,Céu Claro,Dupla,Retorno Regulamentado,Sim,2,0,1,0,1,0,1,2,"-8,15112589","-34,9428866",SPRF-PE,DEL01-PE,UOP01-DEL01-PE
517994,2023-04-12,quarta-feira,18:50:00,PE,101,"58,8",PAULISTA,Ausência de reação do condutor,Colisão traseira,Com Vítimas Feridas,Plena Noite,Crescente,Céu Claro,Dupla,Aclive;Reta                   ,Sim,2,0,1,0,1,0,1,2,"-7,97063209","-34,92064675",SPRF-PE,DEL01-PE,UOP02-DEL01-PE
518030,2023-04-20,quinta-feira,15:20:00,PE,101,"75,4",RECIFE,Reação tardia ou ineficiente do condutor,Saída de leito carroçável,Com Vítimas Feridas,Pleno dia,Decrescente,Céu Claro,Dupla,Reta,Sim,1,0,0,1,0,0,1,1,"-8,115001","-34,944659",SPRF-PE,DEL01-PE,UOP01-DEL01-PE
518046,2023-04-20,quinta-feira,16:30:00,PE,101,"49,5",ABREU E LIMA,Entrada inopinada do pedestre,Atropelamento de Pedestre,Com Vítimas Feridas,Pleno dia,Crescente,Céu Claro,Múltipla,Reta;Interseção de Vias       ,Sim,2,0,0,1,1,0,1,2,"-7,9005152","-34,90180641",SPRF-PE,DEL01-PE,UOP02-DEL01-PE
518079,2023-04-20,quinta-feira,17:36:00,PE,232,11,JABOATAO DOS GUARARAPES,Manobra de mudança de faixa,Colisão transversal,Com Vítimas Feridas,Anoitecer,Decrescente,Céu Claro,Simples,Retorno Regulamentado,Sim,2,0,0,1,1,0,1,2,"-8,08577691","-35,00345603",SPRF-PE,DEL01-PE,UOP01-DEL01-PE
518124,2023-04-20,quinta-feira,19:25:00,PE,232,"101,3",BEZERROS,Entrada inopinada do pedestre,Atropelamento de Pedestre,Com Vítimas Fatais,Plena Noite,Decrescente,Céu Claro,Dupla,Reta,Sim,2,1,0,0,1,0,0,2,"-8,24194679","-35,75097313",SPRF-PE,DEL02-PE,UOP02-DEL02PE
518126,2023-04-20,quinta-feira,19:08:00,PE,232,"155,1",SAO CAITANO,Ingestão de álcool pelo condutor,Saída de leito carroçável,Com Vítimas Feridas,Plena Noite,Crescente,Céu Claro,Simples,Reta,Não,2,0,1,1,0,0,2,1,"-8,32878441","-36,20816698",SPRF-PE,DEL03-PE,UOP02-DEL03-PE
518232,2023-04-20,quinta-feira,11:45:00,PE,232,"408,9",SERRA TALHADA,Acumulo de areia ou detritos sobre o pavimento,Tombamento,Com Vítimas Feridas,Pleno dia,Decrescente,Sol,Simples,Aclive;Reta                   ,Sim,1,0,1,0,0,0,1,1,"-7,98371447","-38,28047709",SPRF-PE,DEL04-PE,UOP01-DEL04-PE
518307,2023-04-21,sexta-feira,17:20:00,PE,101,78,RECIFE,Entrada inopinada do pedestre,Atropelamento de Pedestre,Com Vítimas Feridas,Anoitecer,Decrescente,Céu Claro,Dupla,Reta;Declive                  ,Sim,2,0,1,0,1,0,1,2,"-8,13705592","-34,94746685",SPRF-PE,DEL01-PE,UOP01-DEL01-PE
518328,2023-04-21,sexta-feira,18:00:00,PE,424,"94,7",GARANHUNS,Ingestão de álcool pelo condutor,Colisão traseira,Com Vítimas Feridas,Plena Noite,Decrescente,Céu Claro,Simples,Reta;Aclive                   ,Não,4,0,2,0,2,0,2,3,"-8,92071605","-36,4898517",SPRF-PE,DEL03-PE,UOP01-DEL03-PE
518341,2023-04-21,sexta-feira,20:30:00,PE,101,82,JABOATAO DOS GUARARAPES,Velocidade Incompatível,Atropelamento de Pedestre,Com Vítimas Feridas,Plena Noite,Crescente,Céu Claro,Dupla,Curva,Sim,3,0,2,1,0,0,3,2,"-8,168383","-34,9376",SPRF-PE,DEL01-PE,UOP01-DEL01-PE
518342,2023-04-21,sexta-feira,19:30:00,PE,232,408,SERRA TALHADA,Transitar na contramão,Colisão lateral sentido oposto,Sem Vítimas,Plena Noite,Crescente,Céu Claro,Simples,Reta,Sim,3,0,0,0,3,0,0,2,"-7,98371447","-38,28047709",SPRF-PE,DEL04-PE,UOP01-DEL04-PE
518365,2023-04-21,sexta-feira,19:00:00,PE,316,9,ARARIPINA,Ausência de reação do condutor,Colisão com objeto,Com Vítimas Feridas,Plena Noite,Crescente,Céu Claro,Simples,Declive;Curva                 ,Não,2,0,0,2,0,0,2,1,"-7,49328223","-40,59803905",SPRF-PE,DEL05-PE,UOP02-DEL05-PE
518396,2023-04-22,sábado,01:40:00,PE,101,51,ABREU E LIMA,Ausência de reação do condutor,Colisão com objeto,Com Vítimas Feridas,Plena Noite,Crescente,Céu Claro,Dupla,Reta,Sim,1,0,1,0,0,0,1,1,"-7,9169968","-34,89689272",SPRF-PE,DEL01-PE,UOP02-DEL01-PE
518403,2023-04-22,sábado,04:05:00,PE,101,45,IGARASSU,Animais na Pista,Atropelamento de Animal,Sem Vítimas,Plena Noite,Decrescente,Céu Claro,Múltipla,Reta,Sim,2,0,0,0,2,0,0,1,"-7,82149493","-34,91646051",SPRF-PE,DEL01-PE,UOP02-DEL01-PE
518404,2023-04-22,sábado,01:40:00,PE,424,"90,5",GARANHUNS,Ingestão de álcool pelo condutor,Colisão lateral mesmo sentido,Com Vítimas Feridas,Plena Noite,Decrescente,Céu Claro,Simples,Reta,Sim,4,0,1,1,0,2,2,2,"-8,89635706","-36,50157593",SPRF-PE,DEL03-PE,UOP01-DEL03-PE
518407,2023-04-22,sábado,04:18:00,PE,101,58,RECIFE,Ausência de reação do condutor,Saída de leito carroçável,Com Vítimas Feridas,Plena Noite,Crescente,Céu Claro,Dupla,Reta,Não,1,0,1,0,0,0,1,1,"-7,97063209","-34,92064675",SPRF-PE,DEL01-PE,UOP02-DEL01-PE
518411,2023-04-22,sábado,06:00:00,PE,101,"0,1",JABOATAO DOS GUARARAPES,Ultrapassagem Indevida,Colisão lateral sentido oposto,Sem Vítimas,Pleno dia,Crescente,Sol,Simples,Reta,Não,2,0,0,0,1,1,0,2,"-8,11208","-35,0154",SPRF-PE,DEL01-PE,UOP01-DEL01-PE
518417,2023-04-22,sábado,06:30:00,PE,232,"71,1",GRAVATA,Ausência de reação do condutor,Colisão traseira,Com Vítimas Feridas,Pleno dia,Crescente,Céu Claro,Dupla,Reta,Não,2,0,1,0,1,0,1,2,"-8,18344403","-35,49296599",SPRF-PE,DEL02-PE,UOP02-DEL02PE
518443,2023-04-22,sábado,10:05:00,PE,428,"189,9",PETROLINA,Acessar a via sem observar a presença dos outros veículos,Tombamento,Com Vítimas Feridas,Pleno dia,Crescente,Céu Claro,Dupla,Interseção de Vias,Não,1,0,0,1,0,0,1,1,"-9,37819801","-40,50567004",SPRF-PE,DEL06-PE,UOP01-DEL06-PE
518484,2023-04-22,sábado,12:20:00,PE,428,"189,5",PETROLINA,Acessar a via sem observar a presença dos outros veículos,Colisão lateral mesmo sentido,Com Vítimas Feridas,Pleno dia,Crescente,Céu Claro,Dupla,Retorno Regulamentado,Sim,5,0,4,0,1,0,4,2,"-9,37783439","-40,50436556",SPRF-PE,DEL06-PE,UOP01-DEL06-PE
518530,2023-04-22,sábado,17:56:00,PE,104,92,AGRESTINA,Animais na Pista,Atropelamento de Animal,Com Vítimas Fatais,Plena Noite,Crescente,Céu Claro,Simples,Reta;Ponte                    ,Não,3,2,0,1,0,0,1,2,"-8,496525","-35,948009",SPRF-PE,DEL02-PE,UOP03-DEL02-PE
518570,2023-04-22,sábado,23:20:00,PE,104,"118,1",PANELAS,Reação tardia ou ineficiente do condutor,Queda de ocupante de veículo,Com Vítimas Feridas,Plena Noite,Crescente,Céu Claro,Simples,Reta,Não,1,0,1,0,0,0,1,1,"-8,687511","-36,017384",SPRF-PE,DEL02-PE,UOP03-DEL02-PE
518589,2023-04-23,domingo,04:30:00,PE,232,"44,5",VITORIA DE SANTO ANTAO,Animais na Pista,Atropelamento de Animal,Com Vítimas Feridas,Amanhecer,Decrescente,Céu Claro,Dupla,Reta,Não,1,0,1,0,0,0,1,1,"-8,12337542","-35,27098583",SPRF-PE,DEL01-PE,UOP01-DEL01-PE
518594,2023-04-23,domingo,05:30:00,PE,407,"75,9",PETROLINA,Condutor Dormindo,Colisão com objeto,Com Vítimas Feridas,Amanhecer,Decrescente,Céu Claro,Simples,Curva,Não,1,0,0,1,0,0,1,1,"-8,97042107","-40,71596513",SPRF-PE,DEL06-PE,UOP02-DEL06-PE
518627,2023-04-23,domingo,08:30:00,PE,428,11,CABROBO,Acessar a via sem observar a presença dos outros veículos,Colisão lateral mesmo sentido,Com Vítimas Feridas,Pleno dia,Crescente,Céu Claro,Simples,Reta,Sim,2,0,1,0,1,0,1,2,"-8,5063914","-39,3161128",SPRF-PE,DEL05-PE,UOP03-DEL05-PE
518660,2023-04-23,domingo,13:04:00,PE,232,403,SERRA TALHADA,Reação tardia ou ineficiente do condutor,Colisão com objeto,Com Vítimas Feridas,Pleno dia,Crescente,Céu Claro,Simples,Interseção de Vias;Reta       ,Não,1,0,1,0,0,0,1,1,"-8,00147098","-38,24433438",SPRF-PE,DEL04-PE,UOP01-DEL04-PE
518679,2023-04-23,domingo,15:15:00,PE,232,515,SALGUEIRO,Acessar a via sem observar a presença dos outros veículos,Colisão traseira,Com Vítimas Feridas,Pleno dia,Crescente,Céu Claro,Simples,Reta,Não,2,0,1,0,1,0,1,1,"-8,068192","-39,180042",SPRF-PE,DEL05-PE,UOP01-DEL05-PE
518683,2023-04-23,domingo,15:30:00,PE,101,"54,1",PAULISTA,Estacionar ou parar em local proibido,Queda de ocupante de veículo,Sem Vítimas,Pleno dia,Crescente,Céu Claro,Dupla,Reta;Declive                  ,Sim,3,0,0,0,2,1,0,2,"-7,941197","-34,904148",SPRF-PE,DEL01-PE,UOP02-DEL01-PE
518732,2023-04-23,domingo,19:30:00,PE,232,"61,7",POMBOS,Ingestão de álcool pelo condutor,Colisão transversal,Com Vítimas Feridas,Plena Noite,Decrescente,Céu Claro,Simples,Declive;Reta                  ,Não,2,0,0,1,1,0,1,2,"-8,1519066","-35,4153532",SPRF-PE,DEL02-PE,UOP02-DEL02PE
518748,2023-04-23,domingo,21:12:00,PE,101,38,IGARASSU,Chuva,Capotamento,Com Vítimas Feridas,Plena Noite,Crescente,Chuva,Dupla,Curva,Não,3,0,1,0,2,0,1,1,"-7,80600806","-34,92522908",SPRF-PE,DEL01-PE,UOP02-DEL01-PE
518842,2023-04-24,segunda-feira,05:30:00,PE,232,"390,4",SERRA TALHADA,Ausência de reação do condutor,Colisão com objeto,Com Vítimas Feridas,Amanhecer,Decrescente,Céu Claro,Simples,Ponte;Declive                 ,Sim,1,0,0,1,0,0,1,1,"-8,03127188","-38,13857399",SPRF-PE,DEL04-PE,UOP01-DEL04-PE
518846,2023-03-01,quarta-feira,12:15:00,PE,423,95,GARANHUNS,Ausência de reação do condutor,Colisão traseira,Com Vítimas Feridas,Pleno dia,Crescente,Sol,Simples,Reta,Sim,2,0,1,0,0,1,1,2,"-8,87891989","-36,47796305",SPRF-PE,DEL03-PE,UOP01-DEL03-PE
518853,2023-04-02,domingo,11:26:00,PE,101,85,JABOATAO DOS GUARARAPES,Acessar a via sem observar a presença dos outros veículos,Colisão transversal,Com Vítimas Feridas,Pleno dia,Crescente,Céu Claro,Simples,Reta,Sim,4,0,0,1,3,0,1,3,"-8,18065563","-34,95965322",SPRF-PE,DEL01-PE,UOP01-DEL01-PE
518870,2023-04-24,segunda-feira,10:13:00,PE,101,"78,6",JABOATAO DOS GUARARAPES,Acumulo de água sobre o pavimento,Tombamento,Com Vítimas Feridas,Pleno dia,Decrescente,Chuva,Dupla,Curva,Sim,2,0,1,0,1,0,1,2,"-8,14202","-34,946465",SPRF-PE,DEL01-PE,UOP01-DEL01-PE
518871,2023-04-24,segunda-feira,10:00:00,PE,232,"9,1",JABOATAO DOS GUARARAPES,Trafegar com motocicleta (ou similar) entre as faixas,Colisão lateral mesmo sentido,Com Vítimas Feridas,Pleno dia,Crescente,Céu Claro,Dupla,Declive;Reta                  ,Sim,2,0,1,0,1,0,1,2,"-8,077976","-34,980665",SPRF-PE,DEL01-PE,UOP01-DEL01-PE
518925,2023-04-24,segunda-feira,15:23:00,PE,101,"43,3",IGARASSU,Acumulo de areia ou detritos sobre o pavimento,Tombamento,Com Vítimas Feridas,Pleno dia,Decrescente,Céu Claro,Múltipla,Reta,Sim,1,0,0,1,0,0,1,1,"-7,84753808","-34,90977038",SPRF-PE,DEL01-PE,UOP02-DEL01-PE
518952,2023-04-24,segunda-feira,18:00:00,PE,101,"72,1",RECIFE,Animais na Pista,Queda de ocupante de veículo,Com Vítimas Feridas,Plena Noite,Crescente,Céu Claro,Dupla,Reta,Sim,1,0,1,0,0,0,1,1,"-8,08493106","-34,9450639",SPRF-PE,DEL01-PE,UOP01-DEL01-PE