id,data_inversa,dia_semana,horario,uf,br,km,municipio,causa_acidente,tipo_acidente,classificacao_acidente,fase_dia,sentido_via,condicao_metereologica,tipo_pista,tracado_via,uso_solo,pessoas,mortos,feridos_leves,feridos_graves,ilesos,ignorados,feridos,veiculos,latitude,longitude,regional,delegacia,uop
518964,2023-04-24,segunda-feira,17:40:00,PE,101,150,RIBEIRAO,Acessar a via sem observar a presença dos outros veículos,Colisão transversal,Com Vítimas Feridas,Anoitecer,Crescente,Nublado,Simples,Reta,Sim,3,0,1,1,1,0,2,2,"-8,49669957","-35,38211017",SPRF-PE,DEL01-PE,UOP03-DEL01-PE
519038,2023-04-25,terça-feira,07:36:00,PE,101,70,RECIFE,Animais na Pista,Atropelamento de Animal,Com Vítimas Feridas,Pleno dia,Crescente,Céu Claro,Dupla,Reta,Não,2,0,2,0,0,0,2,1,"-8,06776119","-34,94265074",SPRF-PE,DEL01-PE,UOP01-DEL01-PE
519085,2023-04-25,terça-feira,11:20:00,PE,101,68,RECIFE,Trafegar com motocicleta (ou similar) entre as faixas,Colisão lateral mesmo sentido,Com Vítimas Feridas,Pleno dia,Crescente,Céu Claro,Dupla,Viaduto,Sim,2,0,1,0,1,0,1,2,"-8,05074296","-34,94580619",SPRF-PE,DEL01-PE,UOP01-DEL01-PE
519105,2023-04-25,terça-feira,08:00:00,PE,101,50,ABREU E LIMA,Entrada inopinada do pedestre,Atropelamento de Pedestre,Com Vítimas Feridas,Pleno dia,Decrescente,Céu Claro,Múltipla,Reta,Sim,2,0,2,0,0,0,2,2,"-7,90938602","-34,90123228",SPRF-PE,DEL01-PE,UOP02-DEL01-PE
519180,2023-04-05,quarta-feira,20:43:00,PE,101,72,RECIFE,Acessar a via sem observar a presença dos outros veículos,Colisão traseira,Com Vítimas Feridas,Plena Noite,Crescente,Céu Claro,Dupla,Interseção de Vias,Sim,2,0,0,1,1,0,1,2,"-8,083851","-34,944297",SPRF-PE,DEL01-PE,UOP01-DEL01-PE
519203,2023-04-25,terça-feira,20:20:00,PE,101,"53,2",PAULISTA,Pedestre cruzava a pista fora da faixa,Atropelamento de Pedestre,Com Vítimas Fatais,Plena Noite,Crescente,Chuva,Dupla,Reta,Sim,2,1,0,0,1,0,0,2,"-7,933759","-34,902653",SPRF-PE,DEL01-PE,UOP02-DEL01-PE
519213,2023-04-25,terça-feira,07:10:00,PE,101,"64,9",RECIFE,Ausência de reação do condutor,Colisão traseira,Com Vítimas Feridas,Pleno dia,Crescente,Céu Claro,Dupla,Reta,Sim,3,0,1,0,2,0,1,2,"-8,0162921","-34,94045886",SPRF-PE,DEL01-PE,UOP01-DEL01-PE
519283,2023-04-20,quinta-feira,19:00:00,PE,232,26,MORENO,Reação tardia ou ineficiente do condutor,Colisão traseira,Com Vítimas Feridas,Plena Noite,Crescente,Céu Claro,Dupla,Reta,Não,2,0,1,0,1,0,1,2,"-8,11374411","-35,116886",SPRF-PE,DEL01-PE,UOP01-DEL01-PE
519318,2023-04-26,quarta-feira,08:50:00,PE,104,23,TAQUARITINGA DO NORTE,Ausência de sinalização,Colisão frontal,Com Vítimas Fatais,Pleno dia,Decrescente,Sol,Simples,Curva,Não,3,2,0,0,1,0,0,2,"-7,97182","-36,109932",SPRF-PE,DEL02-PE,UOP01-DEL02-PE
519409,2023-04-26,quarta-feira,22:50:00,PE,316,"95,3",OURICURI,Transitar na contramão,Colisão frontal,Com Vítimas Fatais,Plena Noite,Decrescente,Céu Claro,Simples,Reta,Não,2,1,0,0,0,1,0,2,"-7,92066182","-39,98836093",SPRF-PE,DEL05-PE,UOP02-DEL05-PE
519502,2023-04-27,quinta-feira,12:10:00,PE,423,"69,1",JUPI,Reação tardia ou ineficiente do condutor,Colisão transversal,Com Vítimas Feridas,Pleno dia,Decrescente,Nublado,Simples,Reta;Declive                  ,Não,2,0,1,0,1,0,1,2,"-8,67648714","-36,40182687",SPRF-PE,DEL03-PE,UOP01-DEL03-PE
519533,2023-04-27,quinta-feira,15:25:00,PE,316,"14,7",ARARIPINA,Reação tardia ou ineficiente do condutor,Colisão traseira,Com Vítimas Feridas,Pleno dia,Crescente,Céu Claro,Simples,Reta,Não,3,0,0,1,2,0,1,2,"-7,517979","-40,567833",SPRF-PE,DEL05-PE,UOP02-DEL05-PE
519582,2023-04-27,quinta-feira,17:00:00,PE,316,253,BELEM DE SAO FRANCISCO,Animais na Pista,Atropelamento de Animal,Com Vítimas Feridas,Pleno dia,Crescente,Céu Claro,Simples,Reta,Não,2,0,0,2,0,0,2,1,"-8,70498805","-38,96604129",SPRF-PE,DEL05-PE,UOP03-DEL05-PE
519586,2023-04-27,quinta-feira,21:25:00,PE,423,"95,7",GARANHUNS,Ingestão de álcool e/ou substâncias psicoativas pelo pedestre,Atropelamento de Pedestre,Com Vítimas Feridas,Plena Noite,Decrescente,Nublado,Simples,Reta,Sim,2,0,0,2,0,0,2,2,"-8,88021822","-36,48651678",SPRF-PE,DEL03-PE,UOP01-DEL03-PE
519587,2023-04-27,quinta-feira,21:10:00,PE,232,10,JABOATAO DOS GUARARAPES,Obras na pista,Queda de ocupante de veículo,Com Vítimas Feridas,Plena Noite,Decrescente,Nublado,Múltipla,Reta,Não,1,0,1,0,0,0,1,1,"-8,078936","-34,983879",SPRF-PE,DEL01-PE,UOP01-DEL01-PE
519594,2023-04-27,quinta-feira,20:30:00,PE,104,"30,9",TORITAMA,Acessar a via sem observar a presença dos outros veículos,Colisão transversal,Sem Vítimas,Plena Noite,Crescente,Céu Claro,Simples,Reta,Sim,2,0,0,0,1,1,0,2,"-8,00979523","-36,05789602",SPRF-PE,DEL02-PE,UOP01-DEL02-PE
519598,2023-04-27,quinta-feira,23:35:00,PE,101,"45,1",IGARASSU,Ausência de reação do condutor,Colisão traseira,Com Vítimas Feridas,Plena Noite,Decrescente,Céu Claro,Múltipla,Reta,Sim,4,0,3,1,0,0,4,2,"-7,86521297","-34,90715176",SPRF-PE,DEL01-PE,UOP02-DEL01-PE
519618,2023-04-28,sexta-feira,02:30:00,PE,232,"176,3",BELO JARDIM,Ingestão de álcool pelo condutor,Colisão lateral sentido oposto,Com Vítimas Fatais,Plena Noite,Decrescente,Nublado,Simples,Curva,Sim,2,1,0,0,1,0,0,2,"-8,34776195","-36,3984502",SPRF-PE,DEL03-PE,UOP02-DEL03-PE
519652,2023-04-28,sexta-feira,07:05:00,PE,101,"75,4",RECIFE,Reação tardia ou ineficiente do condutor,Colisão lateral mesmo sentido,Com Vítimas Feridas,Pleno dia,Crescente,Céu Claro,Dupla,Reta,Sim,2,0,1,0,1,0,1,2,"-8,10973523","-34,94660151",SPRF-PE,DEL01-PE,UOP01-DEL01-PE
519654,2023-04-28,sexta-feira,07:20:00,PE,232,146,SAO CAITANO,Ausência de reação do condutor,Tombamento,Com Vítimas Feridas,Pleno dia,Decrescente,Céu Claro,Simples,Reta,Sim,2,0,2,0,0,0,2,1,"-8,33218974","-36,12904312",SPRF-PE,DEL03-PE,UOP02-DEL03-PE
519783,2023-04-28,sexta-feira,17:50:00,PE,232,176,BELO JARDIM,Acesso irregular,Colisão frontal,Com Vítimas Feridas,Plena Noite,Crescente,Céu Claro,Simples,Reta,Não,2,0,1,1,0,0,2,2,"-8,34573608","-36,39481995",SPRF-PE,DEL03-PE,UOP02-DEL03-PE
519792,2023-04-20,quinta-feira,23:55:00,PE,232,"119,7",CARUARU,Velocidade Incompatível,Colisão traseira,Com Vítimas Feridas,Plena Noite,Crescente,Céu Claro,Dupla,Reta,Não,2,0,0,1,0,1,1,2,"-8,2962792","-35,89314995",SPRF-PE,DEL02-PE,UOP01-DEL02-PE
519835,2023-04-28,sexta-feira,21:46:00,PE,101,"42,6",IGARASSU,Ausência de reação do condutor,Colisão traseira,Com Vítimas Feridas,Plena Noite,Decrescente,Céu Claro,Múltipla,Reta;Retorno Regulamentado    ,Sim,3,0,0,1,2,0,1,3,"-7,83887431","-34,91196739",SPRF-PE,DEL01-PE,UOP02-DEL01-PE
519853,2023-04-28,sexta-feira,22:40:00,PE,232,127,CARUARU,Iluminação deficiente,Colisão com objeto,Com Vítimas Feridas,Plena Noite,Decrescente,Céu Claro,Simples,Viaduto,Não,5,0,4,0,1,0,4,1,"-8,30610303","-35,96342301",SPRF-PE,DEL02-PE,UOP01-DEL02-PE
519874,2023-04-29,sábado,00:20:00,PE,232,"109,5",BEZERROS,Iluminação deficiente,Saída de leito carroçável,Com Vítimas Feridas,Plena Noite,Crescente,Céu Claro,Dupla,Curva,Não,4,0,4,0,0,0,4,1,"-8,286722","-35,818193",SPRF-PE,DEL02-PE,UOP02-DEL02PE
519911,2023-04-29,sábado,05:30:00,PE,423,100,GARANHUNS,Transitar na contramão,Colisão lateral sentido oposto,Com Vítimas Feridas,Pleno dia,Crescente,Garoa/Chuvisco,Simples,Reta,Não,3,0,1,1,1,0,2,2,"-8,87477127","-36,52085205",SPRF-PE,DEL03-PE,UOP01-DEL03-PE
519936,2023-04-29,sábado,08:30:00,PE,232,221,PESQUEIRA,Avarias e/ou desgaste excessivo no pneu,Saída de leito carroçável,Com Vítimas Feridas,Pleno dia,Crescente,Céu Claro,Simples,Reta,Não,3,0,1,0,2,0,1,1,"-8,40095324","-36,79199096",SPRF-PE,DEL03-PE,UOP02-DEL03-PE
519940,2023-04-29,sábado,09:40:00,PE,101,44,IGARASSU,Trafegar com motocicleta (ou similar) entre as faixas,Colisão lateral mesmo sentido,Com Vítimas Feridas,Pleno dia,Crescente,Céu Claro,Múltipla,Reta,Sim,2,0,1,0,1,0,1,2,"-7,85768518","-34,90847826",SPRF-PE,DEL01-PE,UOP02-DEL01-PE
519982,2023-04-29,sábado,06:00:00,PE,116,62,CABROBO,Ausência de reação do condutor,Atropelamento de Pedestre,Com Vítimas Feridas,Amanhecer,Crescente,Céu Claro,Simples,Reta,Não,2,0,2,0,0,0,2,2,"-8,377298","-39,152939",SPRF-PE,DEL05-PE,UOP03-DEL05-PE
520046,2023-04-29,sábado,18:30:00,PE,423,57,LAJEDO,Ingestão de álcool pelo condutor,Colisão frontal,Com Vítimas Fatais,Plena Noite,Crescente,Nublado,Simples,Reta,Não,2,1,1,0,0,0,1,2,"-8,6395899","-36,31006213",SPRF-PE,DEL03-PE,UOP01-DEL03-PE
520058,2023-04-29,sábado,19:20:00,PE,424,"80,9",GARANHUNS,Transitar na contramão,Colisão lateral sentido oposto,Com Vítimas Feridas,Plena Noite,Crescente,Céu Claro,Simples,Reta,Não,2,0,0,1,0,1,1,2,"-8,8305209","-36,54673593",SPRF-PE,DEL03-PE,UOP01-DEL03-PE
520124,2023-04-30,domingo,03:50:00,PE,232,126,CARUARU,Ausência de reação do condutor,Colisão traseira,Sem Vítimas,Plena Noite,Decrescente,Nublado,Dupla,Reta,Não,1,0,0,0,0,1,0,1,"-8,30819677","-35,95467594",SPRF-PE,DEL02-PE,UOP01-DEL02-PE
520148,2023-04-30,domingo,07:55:00,PE,101,69,RECIFE,Animais na Pista,Atropelamento de Animal,Com Vítimas Feridas,Pleno dia,Crescente,Nublado,Múltipla,Reta,Não,2,0,2,0,0,0,2,1,"-8,05951606","-34,94581024",SPRF-PE,DEL01-PE,UOP01-DEL01-PE
520192,2023-04-30,domingo,13:20:00,PE,232,"14,8",JABOATAO DOS GUARARAPES,Ausência de reação do condutor,Queda de ocupante de veículo,Com Vítimas Feridas,Pleno dia,Crescente,Nublado,Dupla,Reta,Não,1,0,1,0,0,0,1,1,"-8,09025488","-35,02052302",SPRF-PE,DEL01-PE,UOP01-DEL01-PE
520217,2023-04-30,domingo,15:45:00,PE,232,"263,9",SERTANIA,Acessar a via sem observar a presença dos outros veículos,Colisão transversal,Sem Vítimas,Pleno dia,Decrescente,Chuva,Simples,Reta,Não,3,0,0,0,1,2,0,2,"-8,40982182","-37,15589699",SPRF-PE,DEL04-PE,UOP02-DEL04-PE
520221,2023-04-30,domingo,16:00:00,PE,428,"190,5",PETROLINA,Condutor desrespeitou a iluminação vermelha do semáforo,Colisão transversal,Com Vítimas Feridas,Pleno dia,Crescente,Céu Claro,Dupla,Reta,Sim,4,0,2,1,1,0,3,2,"-9,38114122","-40,51105499",SPRF-PE,DEL06-PE,UOP01-DEL06-PE
520270,2023-04-30,domingo,19:00:00,PE,232,"179,1",BELO JARDIM,Manobra de mudança de faixa,Colisão frontal,Com Vítimas Feridas,Plena Noite,Decrescente,Nublado,Simples,Reta,Sim,2,0,0,2,0,0,2,2,"-8,34353242","-36,4199731",SPRF-PE,DEL03-PE,UOP02-DEL03-PE
520290,2023-04-30,domingo,22:10:00,PE,232,"10,1",JABOATAO DOS GUARARAPES,Obras na pista,Colisão com objeto,Com Vítimas Feridas,Plena Noite,Crescente,Nublado,Múltipla,Desvio Temporário;Em Obras    ,Sim,1,0,0,1,0,0,1,1,"-8,07917241","-34,98718609",SPRF-PE,DEL01-PE,UOP01-DEL01-PE
520331,2023-05-01,segunda-feira,07:25:00,PE,101,"69,5",RECIFE,Avarias e/ou desgaste excessivo no pneu,Tombamento,Com Vítimas Feridas,Pleno dia,Crescente,Sol,Dupla,Reta,Sim,2,0,2,0,0,0,2,1,"-8,064176","-34,944436",SPRF-PE,DEL01-PE,UOP01-DEL01-PE
520391,2023-05-01,segunda-feira,14:30:00,PE,232,"35,2",MORENO,Reação tardia ou ineficiente do condutor,Atropelamento de Pedestre,Com Vítimas Feridas,Pleno dia,Decrescente,Céu Claro,Dupla,Reta,Sim,2,0,1,0,1,0,1,2,"-8,110205","-35,197441",SPRF-PE,DEL01-PE,UOP01-DEL01-PE
520428,2023-05-01,segunda-feira,18:00:00,PE,232,409,SERRA TALHADA,Pedestre cruzava a pista fora da faixa,Atropelamento de Pedestre,Com Vítimas Feridas,Plena Noite,Crescente,Nublado,Simples,Reta,Sim,3,0,1,0,0,2,1,2,"-7,981944","-38,289467",SPRF-PE,DEL04-PE,UOP01-DEL04-PE
520468,2023-05-01,segunda-feira,19:00:00,PE,423,63,LAJEDO,Ingestão de álcool pelo condutor,Colisão lateral mesmo sentido,Sem Vítimas,Plena Noite,Crescente,Céu Claro,Simples,Reta,Não,3,0,0,0,2,1,0,2,"-8,66219547","-36,34708912",SPRF-PE,DEL03-PE,UOP01-DEL03-PE
520478,2023-05-01,segunda-feira,18:42:00,PE,316,"62,8",TRINDADE,Animais na Pista,Atropelamento de Animal,Com Vítimas Feridas,Plena Noite,Crescente,Garoa/Chuvisco,Simples,Reta,Não,2,0,0,2,0,0,2,1,"-7,77941812","-40,24368806",SPRF-PE,DEL05-PE,UOP02-DEL05-PE
520500,2023-05-01,segunda-feira,22:31:00,PE,423,34,SAO CAITANO,Reação tardia ou ineficiente do condutor,Saída de leito carroçável,Com Vítimas Feridas,Plena Noite,Crescente,Céu Claro,Simples,Curva,Não,1,0,1,0,0,0,1,1,"-8,41131599","-36,18936501",SPRF-PE,DEL03-PE,UOP02-DEL03-PE
520576,2023-05-02,terça-feira,08:04:00,PE,101,72,RECIFE,Reação tardia ou ineficiente do condutor,Atropelamento de Pedestre,Com Vítimas Feridas,Pleno dia,Decrescente,Sol,Dupla,Reta,Sim,2,0,1,1,0,0,2,2,"-8,094153","-34,947925",SPRF-PE,DEL01-PE,UOP01-DEL01-PE
520613,2023-05-02,terça-feira,11:40:00,PE,407,122,PETROLINA,Acessar a via sem observar a presença dos outros veículos,Colisão transversal,Com Vítimas Feridas,Pleno dia,Decrescente,Céu Claro,Simples,Reta,Sim,2,0,1,0,1,0,1,2,"-9,36499301","-40,54370988",SPRF-PE,DEL06-PE,UOP01-DEL06-PE
520796,2023-05-03,quarta-feira,14:20:00,PE,232,"391,9",SERRA TALHADA,Reação tardia ou ineficiente do condutor,Colisão frontal,Com Vítimas Feridas,Pleno dia,Crescente,Céu Claro,Simples,Reta,Não,4,0,3,1,0,0,4,2,"-8,02539353","-38,18345818",SPRF-PE,DEL04-PE,UOP01-DEL04-PE
520854,2023-05-03,quarta-feira,18:50:00,PE,232,68,GRAVATA,Demais falhas mecânicas ou elétricas,Incêndio,Sem Vítimas,Plena Noite,Crescente,Céu Claro,Dupla,Reta;Aclive                   ,Não,1,0,0,0,1,0,0,1,"-8,16728938","-35,47308397",SPRF-PE,DEL02-PE,UOP02-DEL02PE
520896,2023-05-03,quarta-feira,23:45:00,PE,101,"56,4",PAULISTA,Condutor Dormindo,Tombamento,Com Vítimas Feridas,Pleno dia,Decrescente,Céu Claro,Dupla,Curva,Não,2,0,1,1,0,0,2,1,"-7,961311","-34,913143",SPRF-PE,DEL01-PE,UOP02-DEL01-PE
520908,2023-05-04,quinta-feira,03:30:00,PE,101,59,RECIFE,Animais na Pista,Atropelamento de Animal,Com Vítimas Fatais,Plena Noite,Crescente,Nublado,Dupla,Curva,Sim,1,1,0,0,0,0,0,1,"-7,97708575","-34,92607318",SPRF-PE,DEL01-PE,UOP02-DEL01-PE
520913,2023-05-04,quinta-feira,05:00:00,PE,101,69,RECIFE,Condutor deixou de manter distância do veículo da frente,Colisão traseira,Com Vítimas Feridas,Amanhecer,Crescente,Chuva,Dupla,Reta,Não,2,0,1,0,1,0,1,2,"-8,05951606","-34,94581024",SPRF-PE,DEL01-PE,UOP01-DEL01-PE
520945,2023-05-04,quinta-feira,08:40:00,PE,232,"29,7",MORENO,Ausência de reação do condutor,Colisão traseira,Com Vítimas Feridas,Pleno dia,Crescente,Céu Claro,Dupla,Reta,Não,2,0,1,0,1,0,1,2,"-8,111269","-35,143135",SPRF-PE,DEL01-PE,UOP01-DEL01-PE
521104,2023-02-08,quarta-feira,06:15:00,PE,408,61,CARPINA,Transitar na contramão,Colisão frontal,Com Vítimas Feridas,Pleno dia,Decrescente,Céu Claro,Simples,Reta,Sim,8,0,6,2,0,0,8,2,"-7,82301302","-35,24568219",SPRF-PE,DEL01-PE,UOP01-DEL01-PE
521107,2023-04-23,domingo,16:30:00,PE,232,6,RECIFE,Ausência de reação do condutor,Colisão lateral mesmo sentido,Sem Vítimas,Pleno dia,Crescente,Nublado,Múltipla,Reta,Sim,2,0,0,0,2,0,0,2,"-8,071244","-34,954771",SPRF-PE,DEL01-PE,UOP01-DEL01-PE
521125,2023-05-05,sexta-feira,09:02:00,PE,101,"48,8",ABREU E LIMA,Pedestre cruzava a pista fora da faixa,Atropelamento de Pedestre,Com Vítimas Feridas,Pleno dia,Crescente,Céu Claro,Múltipla,Reta,Sim,3,0,1,0,1,1,1,2,"-7,89174705","-34,9033493",SPRF-PE,DEL01-PE,UOP02-DEL01-PE
521141,2023-05-05,sexta-feira,11:10:00,PE,232,5,RECIFE,Conversão proibida,Colisão transversal,Com Vítimas Feridas,Pleno dia,Crescente,Sol,Múltipla,Reta,Sim,2,0,1,0,1,0,1,2,"-8,068144","-34,945521",SPRF-PE,DEL01-PE,UOP01-DEL01-PE
521148,2023-05-05,sexta-feira,12:20:00,PE,232,8,RECIFE,Condutor deixou de manter distância do veículo da frente,Colisão traseira,Com Vítimas Feridas,Pleno dia,Decrescente,Céu Claro,Dupla,Reta;Aclive                   ,Sim,2,0,0,1,1,0,1,2,"-8,07583727","-34,97015791",SPRF-PE,DEL01-PE,UOP01-DEL01-PE
521179,2023-05-05,sexta-feira,14:20:00,PE,232,182,BELO JARDIM,Manobra de mudança de faixa,Colisão lateral mesmo sentido,Sem Vítimas,Pleno dia,Crescente,Céu Claro,Simples,Reta,Sim,2,0,0,0,2,0,0,2,"-8,34804728","-36,44664994",SPRF-PE,DEL03-PE,UOP02-DEL03-PE
521288,2023-05-06,sábado,01:10:00,PE,101,"71,9",RECIFE,Ausência de reação do condutor,Saída de leito carroçável,Com Vítimas Feridas,Plena Noite,Crescente,Céu Claro,Dupla,Reta,Sim,1,0,1,0,0,0,1,1,"-8,084831","-34,94526",SPRF-PE,DEL01-PE,UOP01-DEL01-PE
521314,2023-05-06,sábado,05:48:00,PE,101,3,JABOATAO DOS GUARARAPES,Ausência de reação do condutor,Colisão frontal,Com Vítimas Feridas,Pleno dia,Crescente,Céu Claro,Simples,Reta,Sim,2,0,0,1,1,0,1,2,"-8,202492","-34,960422",SPRF-PE,DEL01-PE,UOP02-DEL01-PE
521341,2023-05-06,sábado,06:38:00,PE,101,58,RECIFE,Condutor deixou de manter distância do veículo da frente,Colisão traseira,Com Vítimas Feridas,Pleno dia,Decrescente,Céu Claro,Dupla,Reta,Não,2,0,0,1,1,0,1,2,"-7,97063209","-34,92064675",SPRF-PE,DEL01-PE,UOP02-DEL01-PE
521361,2023-05-06,sábado,10:02:00,PE,101,"63,3",RECIFE,Reação tardia ou ineficiente do condutor,Colisão traseira,Com Vítimas Feridas,Pleno dia,Crescente,Céu Claro,Simples,Reta,Sim,2,0,2,0,0,0,2,2,"-8,011964","-34,938445",SPRF-PE,DEL01-PE,UOP01-DEL01-PE
521372,2023-05-06,sábado,12:05:00,PE,423,94,GARANHUNS,Ausência de reação do condutor,Queda de ocupante de veículo,Com Vítimas Feridas,Pleno dia,Decrescente,Céu Claro,Dupla,Reta;Declive                  ,Sim,1,0,1,0,0,0,1,1,"-8,86972012","-36,46323792",SPRF-PE,DEL03-PE,UOP01-DEL03-PE
521380,2023-05-06,sábado,12:39:00,PE,232,123,CARUARU,Manobra de mudança de faixa,Colisão lateral mesmo sentido,Com Vítimas Feridas,Pleno dia,Crescente,Céu Claro,Dupla,Retorno Regulamentado,Não,2,0,1,0,1,0,1,2,"-8,30417276","-35,92823905",SPRF-PE,DEL02-PE,UOP01-DEL02-PE
521465,2023-05-06,sábado,20:45:00,PE,232,"82,5",GRAVATA,Reação tardia ou ineficiente do condutor,Saída de leito carroçável,Com Vítimas Feridas,Plena Noite,Crescente,Céu Claro,Dupla,Reta,Não,1,0,1,0,0,0,1,1,"-8,19862008","-35,58641195",SPRF-PE,DEL02-PE,UOP02-DEL02PE
521533,2023-05-07,domingo,03:00:00,PE,101,64,RECIFE,Ingestão de álcool e/ou substâncias psicoativas pelo pedestre,Colisão com objeto,Com Vítimas Feridas,Plena Noite,Crescente,Céu Claro,Dupla,Reta,Sim,4,0,2,0,2,0,2,3,"-8,0162921","-34,94045886",SPRF-PE,DEL01-PE,UOP01-DEL01-PE
521661,2023-05-07,domingo,18:40:00,PE,316,40,ARARIPINA,Pedestre andava na pista,Atropelamento de Pedestre,Com Vítimas Fatais,Plena Noite,Crescente,Céu Claro,Simples,Reta;Declive                  ,Sim,2,1,0,0,0,1,0,2,"-7,66722544","-40,39243874",SPRF-PE,DEL05-PE,UOP02-DEL05-PE
521663,2023-05-07,domingo,18:10:00,PE,428,"178,3",PETROLINA,Ingestão de álcool pelo condutor,Tombamento,Com Vítimas Fatais,Plena Noite,Decrescente,Céu Claro,Simples,Reta,Não,2,1,1,0,0,0,1,1,"-9,295537","-40,44744",SPRF-PE,DEL06-PE,UOP01-DEL06-PE
521664,2023-05-07,domingo,20:50:00,PE,104,"87,9",AGRESTINA,Transitar na contramão,Colisão frontal,Com Vítimas Feridas,Plena Noite,Crescente,Céu Claro,Simples,Reta;Interseção de Vias       ,Sim,3,0,0,2,1,0,2,2,"-8,454104","-35,945515",SPRF-PE,DEL02-PE,UOP03-DEL02-PE
521717,2023-05-08,segunda-feira,02:30:00,PE,423,"157,1",AGUAS BELAS,Animais na Pista,Capotamento,Com Vítimas Feridas,Pleno dia,Decrescente,Céu Claro,Simples,Reta,Não,5,0,5,0,0,0,5,1,"-9,07249018","-36,9549148",SPRF-PE,DEL03-PE,UOP01-DEL03-PE
521755,2023-05-08,segunda-feira,07:45:00,PE,428,"2,8",CABROBO,Retorno proibido,Colisão transversal,Com Vítimas Fatais,Pleno dia,Decrescente,Céu Claro,Simples,Aclive;Reta                   ,Não,5,1,0,0,2,2,0,3,"-8,539874","-39,242958",SPRF-PE,DEL05-PE,UOP03-DEL05-PE
521812,2023-05-08,segunda-feira,14:20:00,PE,232,112,BEZERROS,Ausência de reação do condutor,Colisão com objeto,Com Vítimas Feridas,Pleno dia,Decrescente,Céu Claro,Dupla,Reta;Declive                  ,Não,1,0,0,1,0,0,1,1,"-8,29729696","-35,83146101",SPRF-PE,DEL02-PE,UOP02-DEL02PE
521833,2023-05-08,segunda-feira,17:10:00,PE,232,11,JABOATAO DOS GUARARAPES,Condutor deixou de manter distância do veículo da frente,Colisão traseira,Com Vítimas Feridas,Anoitecer,Crescente,Céu Claro,Dupla,Reta,Não,2,0,0,1,1,0,1,2,"-8,08195464","-34,99545022",SPRF-PE,DEL01-PE,UOP01-DEL01-PE
521838,2023-05-08,segunda-feira,18:10:00,PE,101,45,IGARASSU,Acessar a via sem observar a presença dos outros veículos,Atropelamento de Pedestre,Com Vítimas Feridas,Anoitecer,Crescente,Céu Claro,Simples,Reta,Sim,2,0,0,1,1,0,1,2,"-7,86521297","-34,90715176",SPRF-PE,DEL01-PE,UOP02-DEL01-PE
521879,2023-05-08,segunda-feira,19:10:00,PE,408,97,SAO LOURENCO DA MATA,Acessar a via sem observar a presença dos outros veículos,Colisão traseira,Com Vítimas Feridas,Plena Noite,Decrescente,Céu Claro,Dupla,Reta,Não,2,0,1,0,1,0,1,2,"-8,02843077","-35,03684556",SPRF-PE,DEL01-PE,UOP01-DEL01-PE
521889,2023-05-08,segunda-feira,21:00:00,PE,428,"186,2",PETROLINA,Velocidade Incompatível,Tombamento,Com Vítimas Feridas,Plena Noite,Decrescente,Céu Claro,Dupla,Reta,Sim,1,0,0,1,0,0,1,1,"-9,36095234","-40,48093379",SPRF-PE,DEL06-PE,UOP01-DEL06-PE
521973,2023-05-09,terça-feira,11:29:00,PE,232,127,CARUARU,Acesso irregular,Colisão frontal,Com Vítimas Feridas,Pleno dia,Crescente,Céu Claro,Simples,Rotatória,Sim,3,0,0,1,2,0,1,2,"-8,30610303","-35,96342301",SPRF-PE,DEL02-PE,UOP01-DEL02-PE
521985,2023-05-09,terça-feira,07:45:00,PE,232,149,SAO CAITANO,Avarias e/ou desgaste excessivo no pneu,Saída de leito carroçável,Sem Vítimas,Pleno dia,Crescente,Céu Claro,Dupla,Reta,Não,1,0,0,0,0,1,0,1,"-8,32744699","-36,15405",SPRF-PE,DEL03-PE,UOP02-DEL03-PE
522042,2023-05-09,terça-feira,19:20:00,PE,101,81,JABOATAO DOS GUARARAPES,Animais na Pista,Atropelamento de Animal,Com Vítimas Feridas,Plena Noite,Decrescente,Céu Claro,Dupla,Reta,Sim,2,0,2,0,0,0,2,1,"-8,1597489","-34,94024569",SPRF-PE,DEL01-PE,UOP01-DEL01-PE
522060,2023-05-09,terça-feira,21:21:00,PE,232,9,RECIFE,Deficiência do Sistema de Iluminação/Sinalização,Colisão com objeto,Com Vítimas Feridas,Plena Noite,Decrescente,Céu Claro,Múltipla,Em Obras;Desvio Temporário    ,Sim,1,0,0,1,0,0,1,1,"-8,07764447","-34,97863609",SPRF-PE,DEL01-PE,UOP01-DEL01-PE
522072,2023-05-10,quarta-feira,00:10:00,PE,232,255,ARCOVERDE,Animais na Pista,Atropelamento de Animal,Sem Vítimas,Plena Noite,Crescente,Céu Claro,Simples,Reta,Sim,2,0,0,0,2,0,0,1,"-8,4124021","-37,08493608",SPRF-PE,DEL04-PE,UOP02-DEL04-PE
522084,2023-05-10,quarta-feira,06:05:00,PE,232,8,RECIFE,Obras na pista,Tombamento,Com Vítimas Feridas,Pleno dia,Decrescente,Céu Claro,Múltipla,Reta;Em Obras                 ,Sim,1,0,0,1,0,0,1,1,"-8,07583727","-34,97015791",SPRF-PE,DEL01-PE,UOP01-DEL01-PE