id,data_inversa,dia_semana,horario,uf,br,km,municipio,causa_acidente,tipo_acidente,classificacao_acidente,fase_dia,sentido_via,condicao_metereologica,tipo_pista,tracado_via,uso_solo,pessoas,mortos,feridos_leves,feridos_graves,ilesos,ignorados,feridos,veiculos,latitude,longitude,regional,delegacia,uop
522121,2023-05-10,quarta-feira,09:45:00,PE,101,"85,4",JABOATAO DOS GUARARAPES,Ausência de reação do condutor,Colisão traseira,Sem Vítimas,Pleno dia,Crescente,Nublado,Dupla,Reta,Sim,2,0,0,0,2,0,0,2,"-8,183587","-34,965515",SPRF-PE,DEL01-PE,UOP01-DEL01-PE
522168,2023-05-10,quarta-feira,15:00:00,PE,423,"181,1",AGUAS BELAS,Modificação proibida,Saída de leito carroçável,Com Vítimas Feridas,Pleno dia,Crescente,Céu Claro,Simples,Reta,Não,2,0,0,2,0,0,2,1,"-9,13377884","-37,15051904",SPRF-AL,DEL03-AL,UOP02-DEL03-AL
522171,2023-05-10,quarta-feira,15:16:00,PE,408,"64,7",CARPINA,Condutor deixou de manter distância do veículo da frente,Colisão traseira,Sem Vítimas,Anoitecer,Decrescente,Céu Claro,Simples,Reta,Sim,2,0,0,0,2,0,0,2,"-7,846511","-35,24029",SPRF-PE,DEL01-PE,UOP01-DEL01-PE
522174,2023-05-10,quarta-feira,15:20:00,PE,101,169,AGUA PRETA,Reação tardia ou ineficiente do condutor,Capotamento,Com Vítimas Feridas,Pleno dia,Crescente,Céu Claro,Dupla,Reta,Não,1,0,1,0,0,0,1,1,"-8,57679958","-35,48941902",SPRF-PE,DEL01-PE,UOP03-DEL01-PE
522304,2023-05-11,quinta-feira,09:53:00,PE,101,69,RECIFE,Ausência de reação do condutor,Colisão traseira,Com Vítimas Feridas,Pleno dia,Crescente,Céu Claro,Dupla,Reta,Sim,2,0,1,0,1,0,1,2,"-8,05951606","-34,94581024",SPRF-PE,DEL01-PE,UOP01-DEL01-PE
522336,2023-05-11,quinta-feira,13:00:00,PE,104,105,CUPIRA,Pedestre andava na pista,Atropelamento de Pedestre,Com Vítimas Feridas,Pleno dia,Decrescente,Céu Claro,Simples,Reta,Não,2,0,1,0,1,0,1,2,"-8,605211","-35,962521",SPRF-PE,DEL02-PE,UOP03-DEL02-PE
522398,2023-03-15,quarta-feira,15:00:00,PE,104,60,CARUARU,Reação tardia ou ineficiente do condutor,Saída de leito carroçável,Com Vítimas Feridas,Pleno dia,Decrescente,Chuva,Dupla,Curva,Sim,1,0,1,0,0,0,1,1,"-8,2438","-35,9752",SPRF-PE,DEL02-PE,UOP01-DEL02-PE
522542,2023-05-12,sexta-feira,13:00:00,PE,232,5,RECIFE,Manobra de mudança de faixa,Colisão traseira,Com Vítimas Feridas,Pleno dia,Decrescente,Sol,Dupla,Reta;Declive;Viaduto          ,Sim,3,0,1,1,1,0,2,2,"-8,06795766","-34,94535414",SPRF-PE,DEL01-PE,UOP01-DEL01-PE
522561,2023-05-12,sexta-feira,15:00:00,PE,101,34,IGARASSU,Ingestão de álcool ou de substâncias psicoativas pelo pedestre,Colisão transversal,Com Vítimas Feridas,Pleno dia,Crescente,Céu Claro,Dupla,Declive;Reta                  ,Sim,2,0,0,1,1,0,1,2,"-7,77092801","-34,93524623",SPRF-PE,DEL01-PE,UOP02-DEL01-PE
522586,2023-05-12,sexta-feira,17:10:00,PE,232,"181,8",BELO JARDIM,Acessar a via sem observar a presença dos outros veículos,Colisão lateral sentido oposto,Com Vítimas Feridas,Pleno dia,Decrescente,Nublado,Simples,Reta,Sim,2,0,0,1,1,0,1,2,"-8,34740931","-36,44310951",SPRF-PE,DEL03-PE,UOP02-DEL03-PE
522624,2023-05-12,sexta-feira,18:10:00,PE,232,5,RECIFE,Acessar a via sem observar a presença dos outros veículos,Colisão lateral mesmo sentido,Com Vítimas Feridas,Plena Noite,Crescente,Céu Claro,Dupla,Curva,Sim,1,0,1,0,0,0,1,1,"-8,06795766","-34,94535414",SPRF-PE,DEL01-PE,UOP01-DEL01-PE
522628,2023-05-12,sexta-feira,18:20:00,PE,116,61,CABROBO,Animais na Pista,Atropelamento de Animal,Com Vítimas Feridas,Plena Noite,Decrescente,Céu Claro,Simples,Reta,Não,2,0,1,0,1,0,1,1,"-8,369183","-39,149014",SPRF-PE,DEL05-PE,UOP03-DEL05-PE
522690,2023-05-13,sábado,05:15:00,PE,101,"181,3",JOAQUIM NABUCO,Entrada inopinada do pedestre,Atropelamento de Pedestre,Com Vítimas Fatais,Amanhecer,Crescente,Céu Claro,Dupla,Reta,Não,2,1,0,0,1,0,0,2,"-8,648383","-35,562324",SPRF-PE,DEL01-PE,UOP03-DEL01-PE
522700,2023-05-13,sábado,06:34:00,PE,408,87,SAO LOURENCO DA MATA,Reação tardia ou ineficiente do condutor,Saída de leito carroçável,Com Vítimas Feridas,Pleno dia,Decrescente,Céu Claro,Dupla,Curva,Não,1,0,1,0,0,0,1,1,"-7,96765405","-35,0914341",SPRF-PE,DEL01-PE,UOP01-DEL01-PE
522719,2023-05-13,sábado,07:05:00,PE,232,11,JABOATAO DOS GUARARAPES,Ausência de sinalização,Colisão frontal,Com Vítimas Feridas,Pleno dia,Crescente,Sol,Simples,Curva,Sim,3,0,2,0,1,0,2,2,"-8,082334","-34,995726",SPRF-PE,DEL01-PE,UOP01-DEL01-PE
522746,2023-05-13,sábado,10:15:00,PE,232,408,SERRA TALHADA,Avarias e/ou desgaste excessivo no pneu,Saída de leito carroçável,Com Vítimas Feridas,Pleno dia,Crescente,Nublado,Simples,Reta,Sim,1,0,0,1,0,0,1,1,"-7,98371447","-38,28047709",SPRF-PE,DEL04-PE,UOP01-DEL04-PE
522783,2023-05-13,sábado,12:00:00,PE,101,"188,7",PALMARES,Acessar a via sem observar a presença dos outros veículos,Colisão transversal,Com Vítimas Fatais,Pleno dia,Crescente,Sol,Dupla,Curva,Sim,3,1,0,1,1,0,1,2,"-8,69023299","-35,60084224",SPRF-PE,DEL01-PE,UOP03-DEL01-PE
522828,2023-05-13,sábado,17:45:00,PE,232,7,RECIFE,Demais falhas na via,Tombamento,Com Vítimas Feridas,Anoitecer,Decrescente,Céu Claro,Múltipla,Reta,Sim,2,0,0,1,1,0,1,1,"-8,07333497","-34,96184301",SPRF-PE,DEL01-PE,UOP01-DEL01-PE
522841,2023-05-13,sábado,18:40:00,PE,232,"8,5",RECIFE,Iluminação deficiente,Atropelamento de Pedestre,Com Vítimas Feridas,Plena Noite,Crescente,Nublado,Múltipla,Reta;Em Obras                 ,Sim,2,0,1,0,1,0,1,2,"-8,07683135","-34,97475028",SPRF-PE,DEL01-PE,UOP01-DEL01-PE
522877,2023-05-13,sábado,20:50:00,PE,101,4,GOIANA,Demais falhas mecânicas ou elétricas,Incêndio,Sem Vítimas,Plena Noite,Crescente,Vento,Múltipla,Curva;Declive                 ,Não,1,0,0,0,1,0,0,1,"-7,53264499","-34,99145786",SPRF-PE,DEL01-PE,UOP02-DEL01-PE
522939,2023-05-14,domingo,02:00:00,PE,101,"70,2",RECIFE,Reação tardia ou ineficiente do condutor,Queda de ocupante de veículo,Com Vítimas Feridas,Plena Noite,Decrescente,Nublado,Dupla,Curva,Sim,1,0,1,0,0,0,1,1,"-8,069842","-34,941792",SPRF-PE,DEL01-PE,UOP01-DEL01-PE
522944,2023-05-14,domingo,03:10:00,PE,104,"67,2",CARUARU,Ingestão de álcool pelo condutor,Colisão traseira,Sem Vítimas,Plena Noite,Crescente,Céu Claro,Dupla,Reta,Sim,2,0,0,0,2,0,0,2,"-8,3016","-35,9882",SPRF-PE,DEL02-PE,UOP01-DEL02-PE
522962,2023-05-14,domingo,05:26:00,PE,407,120,PETROLINA,Condutor deixou de manter distância do veículo da frente,Colisão traseira,Com Vítimas Feridas,Pleno dia,Decrescente,Céu Claro,Simples,Reta,Não,3,0,1,0,1,1,1,3,"-9,33807091","-40,55965785",SPRF-PE,DEL06-PE,UOP01-DEL06-PE
523012,2023-05-14,domingo,12:14:00,PE,232,129,CARUARU,Chuva,Saída de leito carroçável,Com Vítimas Feridas,Pleno dia,Crescente,Chuva,Dupla,Reta;Declive                  ,Sim,1,0,1,0,0,0,1,1,"-8,30193507","-35,98092002",SPRF-PE,DEL02-PE,UOP01-DEL02-PE
523064,2023-05-14,domingo,17:15:00,PE,428,189,PETROLINA,Condutor desrespeitou a iluminação vermelha do semáforo,Colisão transversal,Sem Vítimas,Anoitecer,Crescente,Nublado,Dupla,Interseção de Vias,Sim,2,0,0,0,2,0,0,2,"-9,37197508","-40,48679585",SPRF-PE,DEL06-PE,UOP01-DEL06-PE
523079,2023-05-14,domingo,18:20:00,PE,110,221,PETROLANDIA,Velocidade Incompatível,Colisão transversal,Com Vítimas Fatais,Plena Noite,Decrescente,Céu Claro,Simples,Reta;Rotatória;Interseção de V,Não,6,3,1,1,0,1,2,2,"-9,001169","-38,214895",SPRF-BA,DEL07-BA,UOP01-DEL07-BA
523081,2023-05-14,domingo,17:40:00,PE,407,107,PETROLINA,Transitar na contramão,Colisão transversal,Com Vítimas Feridas,Anoitecer,Decrescente,Nublado,Simples,Interseção de Vias,Não,2,0,0,1,0,1,1,2,"-9,24482932","-40,6145668",SPRF-PE,DEL06-PE,UOP01-DEL06-PE
523186,2023-05-14,domingo,22:00:00,PE,428,180,PETROLINA,Transitar na contramão,Colisão frontal,Com Vítimas Fatais,Plena Noite,Decrescente,Céu Claro,Simples,Reta,Não,2,2,0,0,0,0,0,2,"-9,3001832","-40,44980961",SPRF-PE,DEL06-PE,UOP01-DEL06-PE
523213,2023-05-15,segunda-feira,07:10:00,PE,101,70,RECIFE,Condutor deixou de manter distância do veículo da frente,Colisão traseira,Com Vítimas Feridas,Pleno dia,Crescente,Céu Claro,Dupla,Reta,Não,2,0,1,0,1,0,1,2,"-8,06776119","-34,94265074",SPRF-PE,DEL01-PE,UOP01-DEL01-PE
523292,2023-05-15,segunda-feira,15:30:00,PE,232,"84,3",GRAVATA,Reação tardia ou ineficiente do condutor,Saída de leito carroçável,Com Vítimas Feridas,Pleno dia,Decrescente,Céu Claro,Dupla,Reta,Não,2,0,0,2,0,0,2,1,"-8,2059894","-35,60359683",SPRF-PE,DEL02-PE,UOP02-DEL02PE
523303,2023-05-15,segunda-feira,17:38:00,PE,101,66,RECIFE,Manobra de mudança de faixa,Atropelamento de Pedestre,Com Vítimas Feridas,Plena Noite,Decrescente,Céu Claro,Dupla,Reta,Sim,3,0,3,0,0,0,3,2,"-8,034936","-34,941485",SPRF-PE,DEL01-PE,UOP01-DEL01-PE
523359,2023-05-16,terça-feira,01:00:00,PE,316,303,FLORESTA,Reação tardia ou ineficiente do condutor,Colisão lateral mesmo sentido,Com Vítimas Feridas,Plena Noite,Crescente,Céu Claro,Simples,Ponte,Sim,3,0,1,0,0,2,1,3,"-8,60774626","-38,57879405",SPRF-PE,DEL04-PE,UOP03-DEL04-PE
523361,2023-05-11,quinta-feira,15:00:00,PE,407,127,PETROLINA,Ultrapassagem Indevida,Colisão lateral mesmo sentido,Com Vítimas Feridas,Pleno dia,Crescente,Céu Claro,Simples,Reta,Sim,2,0,1,0,1,0,1,2,"-9,3908678","-40,52038627",SPRF-PE,DEL06-PE,UOP01-DEL06-PE
523423,2023-05-16,terça-feira,08:02:00,PE,232,81,GRAVATA,Reação tardia ou ineficiente do condutor,Colisão transversal,Com Vítimas Feridas,Pleno dia,Decrescente,Sol,Simples,Reta;Declive                  ,Sim,2,0,0,1,1,0,1,2,"-8,19697746","-35,57850408",SPRF-PE,DEL02-PE,UOP02-DEL02PE
523440,2023-05-16,terça-feira,12:08:00,PE,101,"107,5",CABO DE SANTO AGOSTINHO,Ausência de reação do condutor,Saída de leito carroçável,Com Vítimas Feridas,Pleno dia,Decrescente,Céu Claro,Dupla,Reta,Não,1,0,1,0,0,0,1,1,"-8,30976839","-35,08440011",SPRF-PE,DEL01-PE,UOP03-DEL01-PE
523498,2023-05-16,terça-feira,19:13:00,PE,232,5,RECIFE,Área urbana sem a presença de local apropriado para a travessia de pedestres,Atropelamento de Pedestre,Com Vítimas Feridas,Plena Noite,Decrescente,Céu Claro,Dupla,Em Obras;Reta                 ,Sim,2,0,0,2,0,0,2,2,"-8,06795766","-34,94535414",SPRF-PE,DEL01-PE,UOP01-DEL01-PE
523518,2023-05-16,terça-feira,19:40:00,PE,101,54,PAULISTA,Ausência de reação do condutor,Saída de leito carroçável,Com Vítimas Feridas,Plena Noite,Crescente,Céu Claro,Dupla,Reta,Sim,1,0,1,0,0,0,1,1,"-7,93961103","-34,90356584",SPRF-PE,DEL01-PE,UOP02-DEL01-PE
523521,2023-05-16,terça-feira,20:00:00,PE,407,129,PETROLINA,Condutor deixou de manter distância do veículo da frente,Colisão lateral mesmo sentido,Com Vítimas Feridas,Plena Noite,Decrescente,Céu Claro,Dupla,Reta,Não,4,0,1,0,3,0,1,2,"-9,39958299","-40,50459298",SPRF-PE,DEL06-PE,UOP01-DEL06-PE
523533,2023-05-16,terça-feira,21:55:00,PE,408,80,PAUDALHO,Chuva,Saída de leito carroçável,Com Vítimas Feridas,Plena Noite,Decrescente,Chuva,Simples,Interseção de Vias;Rotatória  ,Não,1,0,1,0,0,0,1,1,"-7,933659","-35,130779",SPRF-PE,DEL01-PE,UOP01-DEL01-PE
523611,2023-03-29,quarta-feira,18:30:00,PE,104,101,CUPIRA,Reação tardia ou ineficiente do condutor,Colisão traseira,Com Vítimas Feridas,Plena Noite,Crescente,Chuva,Simples,Reta;Aclive                   ,Não,3,0,1,0,2,0,1,2,"-8,572188","-35,950451",SPRF-PE,DEL02-PE,UOP03-DEL02-PE
523612,2023-05-17,quarta-feira,11:30:00,PE,101,115,CABO DE SANTO AGOSTINHO,Manobra de mudança de faixa,Colisão lateral mesmo sentido,Sem Vítimas,Pleno dia,Decrescente,Chuva,Dupla,Reta;Declive                  ,Não,4,0,0,0,4,0,0,2,"-8,33783596","-35,14164006",SPRF-PE,DEL01-PE,UOP03-DEL01-PE
523667,2023-05-17,quarta-feira,18:10:00,PE,407,126,PETROLINA,Ausência de sinalização,Colisão transversal,Com Vítimas Feridas,Plena Noite,Decrescente,Céu Claro,Simples,Reta,Sim,2,0,1,0,1,0,1,2,"-9,38491309","-40,52809509",SPRF-PE,DEL06-PE,UOP01-DEL06-PE
523712,2023-05-18,quinta-feira,00:40:00,PE,408,88,SAO LOURENCO DA MATA,Ausência de reação do condutor,Capotamento,Sem Vítimas,Plena Noite,Decrescente,Céu Claro,Dupla,Curva,Não,1,0,0,0,0,1,0,1,"-7,97432974","-35,08598372",SPRF-PE,DEL01-PE,UOP01-DEL01-PE
523730,2023-05-01,segunda-feira,17:55:00,PE,104,87,AGRESTINA,Reação tardia ou ineficiente do condutor,Colisão traseira,Sem Vítimas,Plena Noite,Decrescente,Céu Claro,Simples,Reta,Sim,2,0,0,0,1,1,0,2,"-8,454104","-35,945515",SPRF-PE,DEL02-PE,UOP01-DEL02-PE
523787,2023-05-18,quinta-feira,11:20:00,PE,101,"67,2",RECIFE,Condutor deixou de manter distância do veículo da frente,Colisão traseira,Com Vítimas Feridas,Pleno dia,Crescente,Nublado,Dupla,Reta,Sim,3,0,2,0,1,0,2,2,"-8,044826","-34,944264",SPRF-PE,DEL01-PE,UOP01-DEL01-PE
523853,2023-05-18,quinta-feira,17:45:00,PE,104,53,CARUARU,Deficiência do Sistema de Iluminação/Sinalização,Tombamento,Com Vítimas Feridas,Plena Noite,Decrescente,Céu Claro,Dupla,Reta,Sim,1,0,1,0,0,0,1,1,"-8,176012","-35,971417",SPRF-PE,DEL02-PE,UOP01-DEL02-PE
523854,2023-05-18,quinta-feira,17:50:00,PE,101,68,RECIFE,Acessar a via sem observar a presença dos outros veículos,Atropelamento de Pedestre,Com Vítimas Feridas,Anoitecer,Crescente,Céu Claro,Simples,Reta,Sim,2,0,2,0,0,0,2,2,"-8,05045","-34,946015",SPRF-PE,DEL01-PE,UOP01-DEL01-PE
523867,2023-05-18,quinta-feira,18:28:00,PE,407,118,PETROLINA,Transitar na contramão,Colisão frontal,Com Vítimas Fatais,Plena Noite,Decrescente,Céu Claro,Simples,Reta,Não,2,1,0,1,0,0,1,2,"-9,32245397","-40,56878794",SPRF-PE,DEL06-PE,UOP01-DEL06-PE
523871,2023-05-18,quinta-feira,19:15:00,PE,232,"91,4",SAIRE,Mal súbito do condutor,Queda de ocupante de veículo,Com Vítimas Fatais,Plena Noite,Decrescente,Céu Claro,Dupla,Reta,Não,1,1,0,0,0,0,0,1,"-8,2195818","-35,67314386",SPRF-PE,DEL02-PE,UOP02-DEL02PE
523890,2023-05-18,quinta-feira,19:45:00,PE,232,198,SANHARO,Ultrapassagem Indevida,Colisão lateral mesmo sentido,Com Vítimas Feridas,Plena Noite,Crescente,Céu Claro,Simples,Reta,Não,2,0,1,0,0,1,1,2,"-8,36941743","-36,58942097",SPRF-PE,DEL03-PE,UOP02-DEL03-PE
523915,2023-05-19,sexta-feira,03:48:00,PE,423,28,SAO CAITANO,Animais na Pista,Atropelamento de Animal,Com Vítimas Feridas,Plena Noite,Decrescente,Céu Claro,Simples,Reta,Não,14,0,10,0,4,0,10,4,"-8,40340208","-36,18507786",SPRF-PE,DEL03-PE,UOP02-DEL03-PE
523986,2023-05-19,sexta-feira,11:40:00,PE,101,"29,8",ITAPISSUMA,Demais falhas mecânicas ou elétricas,Incêndio,Sem Vítimas,Pleno dia,Crescente,Nublado,Dupla,Reta,Não,1,0,0,0,1,0,0,1,"-7,72939697","-34,94185854",SPRF-PE,DEL01-PE,UOP02-DEL01-PE
524054,2023-05-19,sexta-feira,18:00:00,PE,232,"59,7",POMBOS,Pedestre cruzava a pista fora da faixa,Atropelamento de Pedestre,Com Vítimas Fatais,Anoitecer,Decrescente,Céu Claro,Dupla,Reta,Sim,2,1,0,0,0,1,0,2,"-8,1471233","-35,39890998",SPRF-PE,DEL02-PE,UOP02-DEL02PE
524110,2023-05-19,sexta-feira,20:44:00,PE,316,24,ARARIPINA,Transitar na contramão,Colisão frontal,Com Vítimas Fatais,Plena Noite,Decrescente,Céu Claro,Simples,Reta,Sim,2,2,0,0,0,0,0,2,"-7,588004","-40,49662",SPRF-PE,DEL05-PE,UOP02-DEL05-PE
524125,2023-05-19,sexta-feira,23:10:00,PE,232,"77,7",GRAVATA,Ingestão de álcool pelo condutor,Colisão lateral sentido oposto,Sem Vítimas,Plena Noite,Decrescente,Céu Claro,Simples,Reta,Sim,2,0,0,0,2,0,0,2,"-8,19343863","-35,54300692",SPRF-PE,DEL02-PE,UOP02-DEL02PE
524166,2023-05-20,sábado,04:30:00,PE,232,"12,8",JABOATAO DOS GUARARAPES,Reação tardia ou ineficiente do condutor,Colisão traseira,Com Vítimas Feridas,Amanhecer,Crescente,Ignorado,Dupla,Reta,Não,3,0,2,0,0,1,2,2,"-8,087799","-35,01031",SPRF-PE,DEL01-PE,UOP01-DEL01-PE
524181,2023-05-20,sábado,08:14:00,PE,101,77,RECIFE,Manobra de mudança de faixa,Colisão lateral mesmo sentido,Com Vítimas Feridas,Pleno dia,Crescente,Céu Claro,Dupla,Curva,Sim,3,0,1,0,2,0,1,2,"-8,126982","-34,94386",SPRF-PE,DEL01-PE,UOP01-DEL01-PE
524209,2023-05-17,quarta-feira,07:38:00,PE,104,67,CARUARU,Manobra de mudança de faixa,Colisão lateral mesmo sentido,Com Vítimas Feridas,Pleno dia,Crescente,Céu Claro,Dupla,Reta;Aclive                   ,Sim,2,0,1,0,1,0,1,2,"-8,3016","-35,9882",SPRF-PE,DEL02-PE,UOP01-DEL02-PE
524254,2023-05-20,sábado,15:05:00,PE,232,"55,8",POMBOS,Condutor Dormindo,Capotamento,Com Vítimas Feridas,Pleno dia,Decrescente,Céu Claro,Dupla,Reta,Não,2,0,1,0,1,0,1,1,"-8,13255758","-35,36570027",SPRF-PE,DEL02-PE,UOP02-DEL02PE
524266,2023-05-20,sábado,17:30:00,PE,101,35,IGARASSU,Entrada inopinada do pedestre,Atropelamento de Pedestre,Com Vítimas Fatais,Plena Noite,Decrescente,Céu Claro,Dupla,Reta,Não,5,1,0,0,4,0,0,2,"-7,77952193","-34,93231384",SPRF-PE,DEL01-PE,UOP02-DEL01-PE
524277,2023-05-20,sábado,17:40:00,PE,232,"137,8",CARUARU,Reação tardia ou ineficiente do condutor,Atropelamento de Pedestre,Com Vítimas Fatais,Plena Noite,Decrescente,Céu Claro,Dupla,Reta,Sim,2,1,1,0,0,0,1,2,"-8,31589863","-36,05040211",SPRF-PE,DEL02-PE,UOP01-DEL02-PE
524279,2023-05-20,sábado,15:30:00,PE,232,55,POMBOS,Condutor deixou de manter distância do veículo da frente,Colisão traseira,Sem Vítimas,Pleno dia,Crescente,Nublado,Dupla,Reta;Declive                  ,Sim,3,0,0,0,3,0,0,2,"-8,13255758","-35,36570027",SPRF-PE,DEL02-PE,UOP02-DEL02PE
524291,2023-05-16,terça-feira,18:10:00,PE,,,SERRA TALHADA,Demais falhas na via,Colisão com objeto,Sem Vítimas,Plena Noite,Não Informado,Céu Claro,Simples,Declive,Não,2,0,0,0,2,0,0,1,"-8,00823662","-38,24890137",SPRF-PE,DEL04-PE,UOP01-DEL04-PE
524371,2023-05-21,domingo,02:00:00,PE,101,41,IGARASSU,Velocidade Incompatível,Colisão com objeto,Sem Vítimas,Plena Noite,Decrescente,Céu Claro,Dupla,Viaduto,Sim,1,0,0,0,0,1,0,1,"-7,83038346","-34,91426785",SPRF-PE,DEL01-PE,UOP02-DEL01-PE
524423,2023-05-21,domingo,07:40:00,PE,101,"41,8",IGARASSU,Ausência de reação do condutor,Colisão traseira,Com Vítimas Feridas,Pleno dia,Crescente,Nublado,Múltipla,Reta;Declive                  ,Sim,2,0,1,0,1,0,1,2,"-7,836748","-34,912502",SPRF-PE,DEL01-PE,UOP02-DEL01-PE
524429,2023-04-03,segunda-feira,16:00:00,PE,101,"58,1",RECIFE,Transitar na contramão,Colisão lateral mesmo sentido,Com Vítimas Feridas,Pleno dia,Decrescente,Céu Claro,Dupla,Reta,Não,3,0,1,0,1,1,1,3,"-7,97063209","-34,92064675",SPRF-PE,DEL01-PE,UOP02-DEL01-PE
524459,2023-05-01,segunda-feira,10:45:00,PE,423,"60,3",LAJEDO,Manobra de mudança de faixa,Colisão frontal,Com Vítimas Feridas,Pleno dia,Decrescente,Céu Claro,Simples,Curva;Interseção de Vias      ,Não,2,0,1,0,0,1,1,2,"-8,65645242","-36,32303238",SPRF-PE,DEL03-PE,UOP01-DEL03-PE
524481,2023-05-21,domingo,15:40:00,PE,101,"90,3",JABOATAO DOS GUARARAPES,Reação tardia ou ineficiente do condutor,Saída de leito carroçável,Com Vítimas Feridas,Pleno dia,Decrescente,Sol,Dupla,Curva,Não,2,0,2,0,0,0,2,1,"-8,216097","-34,987662",SPRF-PE,DEL01-PE,UOP01-DEL01-PE
524530,2023-05-21,domingo,19:45:00,PE,407,126,PETROLINA,Acessar a via sem observar a presença dos outros veículos,Colisão transversal,Com Vítimas Feridas,Plena Noite,Decrescente,Céu Claro,Simples,Interseção de Vias,Sim,3,0,2,0,1,0,2,2,"-9,38491309","-40,52809509",SPRF-PE,DEL06-PE,UOP01-DEL06-PE
524537,2023-05-21,domingo,20:45:00,PE,232,"8,4",RECIFE,Reação tardia ou ineficiente do condutor,Colisão traseira,Com Vítimas Feridas,Plena Noite,Crescente,Chuva,Múltipla,Reta,Não,3,0,1,1,1,0,2,3,"-8,076794","-34,973813",SPRF-PE,DEL01-PE,UOP01-DEL01-PE
524550,2023-05-21,domingo,21:25:00,PE,232,409,SERRA TALHADA,Acessar a via sem observar a presença dos outros veículos,Colisão lateral mesmo sentido,Com Vítimas Feridas,Plena Noite,Decrescente,Nublado,Simples,Reta,Não,3,0,3,0,0,0,3,2,"-7,98261841","-38,30039606",SPRF-PE,DEL04-PE,UOP01-DEL04-PE
524630,2023-05-22,segunda-feira,07:48:00,PE,407,126,PETROLINA,Ultrapassagem Indevida,Colisão lateral mesmo sentido,Com Vítimas Feridas,Pleno dia,Crescente,Céu Claro,Simples,Reta,Sim,2,0,1,0,1,0,1,2,"-9,38491309","-40,52809509",SPRF-PE,DEL06-PE,UOP01-DEL06-PE
524669,2023-05-22,segunda-feira,08:00:00,PE,428,191,PETROLINA,Ausência de reação do condutor,Queda de ocupante de veículo,Com Vítimas Feridas,Pleno dia,Crescente,Céu Claro,Dupla,Reta,Sim,2,0,2,0,0,0,2,1,"-9,37766429","-40,50269795",SPRF-PE,DEL06-PE,UOP01-DEL06-PE
524688,2023-05-22,segunda-feira,14:45:00,PE,101,"139,5",RIBEIRAO,Condutor Dormindo,Saída de leito carroçável,Com Vítimas Feridas,Pleno dia,Crescente,Céu Claro,Dupla,Reta;Retorno Regulamentado    ,Não,1,0,1,0,0,0,1,1,"-8,42830525","-35,32242771",SPRF-PE,DEL01-PE,UOP03-DEL01-PE
524699,2023-05-22,segunda-feira,16:40:00,PE,104,"67,1",CARUARU,Reação tardia ou ineficiente do condutor,Colisão traseira,Com Vítimas Feridas,Pleno dia,Crescente,Céu Claro,Múltipla,Reta,Sim,2,0,1,0,1,0,1,2,"-8,29597956","-35,98802799",SPRF-PE,DEL02-PE,UOP01-DEL02-PE
524728,2023-05-22,segunda-feira,18:30:00,PE,101,51,ABREU E LIMA,Entrada inopinada do pedestre,Atropelamento de Pedestre,Com Vítimas Feridas,Plena Noite,Decrescente,Céu Claro,Múltipla,Reta,Sim,2,0,1,1,0,0,2,2,"-7,9169968","-34,89689272",SPRF-PE,DEL01-PE,UOP02-DEL01-PE
524745,2023-05-22,segunda-feira,18:40:00,PE,116,44,SALGUEIRO,Acessar a via sem observar a presença dos outros veículos,Colisão lateral mesmo sentido,Com Vítimas Feridas,Plena Noite,Decrescente,Nublado,Simples,Reta;Interseção de Vias       ,Não,3,0,3,0,0,0,3,2,"-8,223163","-39,105778",SPRF-PE,DEL05-PE,UOP01-DEL05-PE
524808,2023-05-23,terça-feira,07:55:00,PE,101,"78,5",JABOATAO DOS GUARARAPES,Trafegar com motocicleta (ou similar) entre as faixas,Colisão lateral mesmo sentido,Com Vítimas Feridas,Pleno dia,Decrescente,Garoa/Chuvisco,Dupla,Reta,Sim,3,0,1,1,1,0,2,2,"-8,14058","-34,94668",SPRF-PE,DEL01-PE,UOP01-DEL01-PE
524809,2023-05-23,terça-feira,08:30:00,PE,104,61,CARUARU,Manobra de mudança de faixa,Colisão lateral mesmo sentido,Sem Vítimas,Pleno dia,Decrescente,Céu Claro,Dupla,Interseção de Vias,Não,2,0,0,0,2,0,0,2,"-8,2529","-35,9751",SPRF-PE,DEL02-PE,UOP01-DEL02-PE
524836,2023-05-14,domingo,17:00:00,PE,316,332,FLORESTA,Transitar na contramão,Colisão frontal,Com Vítimas Fatais,Plena Noite,Decrescente,Nublado,Simples,Reta,Não,3,1,0,0,2,0,0,2,"-8,75509716","-38,39353207",SPRF-PE,DEL04-PE,UOP03-DEL04-PE
524901,2023-05-23,terça-feira,17:30:00,PE,101,70,RECIFE,Manobra de mudança de faixa,Colisão lateral mesmo sentido,Com Vítimas Feridas,Anoitecer,Crescente,Nublado,Dupla,Reta,Sim,2,0,1,0,1,0,1,2,"-8,06776119","-34,94265074",SPRF-PE,DEL01-PE,UOP01-DEL01-PE