id,data_inversa,dia_semana,horario,uf,br,km,municipio,causa_acidente,tipo_acidente,classificacao_acidente,fase_dia,sentido_via,condicao_metereologica,tipo_pista,tracado_via,uso_solo,pessoas,mortos,feridos_leves,feridos_graves,ilesos,ignorados,feridos,veiculos,latitude,longitude,regional,delegacia,uop
524902,2023-05-23,terça-feira,17:30:00,PE,116,18,SALGUEIRO,Avarias e/ou desgaste excessivo no pneu,Tombamento,Com Vítimas Feridas,Anoitecer,Crescente,Céu Claro,Simples,Curva,Não,2,0,1,1,0,0,2,1,"-8,000403","-39,145691",SPRF-PE,DEL05-PE,UOP01-DEL05-PE
524909,2023-05-23,terça-feira,18:40:00,PE,232,8,RECIFE,Demais falhas na via,Tombamento,Com Vítimas Feridas,Plena Noite,Decrescente,Garoa/Chuvisco,Múltipla,Reta,Sim,1,0,0,1,0,0,1,1,"-8,07657326","-34,97181242",SPRF-PE,DEL01-PE,UOP01-DEL01-PE
524916,2023-05-23,terça-feira,19:00:00,PE,423,"79,4",JUCATI,Acessar a via sem observar a presença dos outros veículos,Colisão traseira,Com Vítimas Feridas,Plena Noite,Crescente,Céu Claro,Simples,Reta,Não,2,0,0,1,1,0,1,2,"-8,75775101","-36,43052006",SPRF-PE,DEL03-PE,UOP01-DEL03-PE
525060,2023-05-24,quarta-feira,17:00:00,PE,423,94,GARANHUNS,Acessar a via sem observar a presença dos outros veículos,Colisão transversal,Com Vítimas Feridas,Anoitecer,Crescente,Chuva,Simples,Interseção de Vias;Reta       ,Sim,2,0,1,0,1,0,1,2,"-8,874732","-36,46946",SPRF-PE,DEL03-PE,UOP01-DEL03-PE
525068,2023-05-24,quarta-feira,17:00:00,PE,232,"105,6",BEZERROS,Ausência de reação do condutor,Saída de leito carroçável,Sem Vítimas,Pleno dia,Crescente,Nublado,Dupla,Reta,Não,1,0,0,0,0,1,0,1,"-8,25830415","-35,78275595",SPRF-PE,DEL02-PE,UOP02-DEL02PE
525091,2023-05-24,quarta-feira,19:30:00,PE,101,"77,5",RECIFE,Manobra de mudança de faixa,Colisão lateral mesmo sentido,Com Vítimas Feridas,Plena Noite,Crescente,Céu Claro,Dupla,Reta,Não,2,0,1,0,1,0,1,2,"-8,126982","-34,94386",SPRF-PE,DEL01-PE,UOP01-DEL01-PE
525113,2023-05-24,quarta-feira,21:24:00,PE,101,"64,9",RECIFE,Ingestão de álcool pelo condutor,Colisão com objeto,Com Vítimas Feridas,Plena Noite,Crescente,Céu Claro,Dupla,Reta,Sim,2,0,1,0,1,0,1,1,"-8,0162921","-34,94045886",SPRF-PE,DEL01-PE,UOP01-DEL01-PE
525125,2023-04-02,domingo,22:44:00,PE,101,65,RECIFE,Reação tardia ou ineficiente do condutor,Colisão com objeto,Com Vítimas Feridas,Plena Noite,Crescente,Céu Claro,Dupla,Reta,Sim,2,0,1,0,1,0,1,1,"-8,02478597","-34,94276635",SPRF-PE,DEL01-PE,UOP01-DEL01-PE
525139,2023-05-25,quinta-feira,04:55:00,PE,423,"25,4",SAO CAITANO,Manobra de mudança de faixa,Colisão frontal,Com Vítimas Fatais,Amanhecer,Decrescente,Chuva,Simples,Curva,Não,3,1,0,1,1,0,1,2,"-8,381685","-36,173338",SPRF-PE,DEL03-PE,UOP02-DEL03-PE
525173,2023-05-25,quinta-feira,08:55:00,PE,423,95,GARANHUNS,Acessar a via sem observar a presença dos outros veículos,Colisão traseira,Com Vítimas Feridas,Pleno dia,Crescente,Céu Claro,Simples,Curva,Sim,2,0,1,0,1,0,1,2,"-8,87891989","-36,47796305",SPRF-PE,DEL03-PE,UOP01-DEL03-PE
525254,2023-05-25,quinta-feira,16:35:00,PE,408,"94,8",SAO LOURENCO DA MATA,Reação tardia ou ineficiente do condutor,Saída de leito carroçável,Sem Vítimas,Pleno dia,Decrescente,Céu Claro,Dupla,Reta;Declive                  ,Não,1,0,0,0,0,1,0,1,"-8,012784","-35,0423",SPRF-PE,DEL01-PE,UOP01-DEL01-PE
525349,2023-05-26,sexta-feira,07:00:00,PE,428,187,PETROLINA,Avarias e/ou desgaste excessivo no pneu,Colisão traseira,Sem Vítimas,Amanhecer,Crescente,Garoa/Chuvisco,Dupla,Reta,Sim,3,0,0,0,3,0,0,2,"-9,35604301","-40,47854198",SPRF-PE,DEL06-PE,UOP01-DEL06-PE
525369,2023-05-26,sexta-feira,07:00:00,PE,101,72,RECIFE,Reação tardia ou ineficiente do condutor,Colisão traseira,Com Vítimas Feridas,Pleno dia,Crescente,Céu Claro,Dupla,Reta,Sim,3,0,1,0,2,0,1,2,"-8,08493106","-34,9450639",SPRF-PE,DEL01-PE,UOP01-DEL01-PE
525373,2023-05-26,sexta-feira,08:02:00,PE,232,"101,9",BEZERROS,Reação tardia ou ineficiente do condutor,Incêndio,Sem Vítimas,Pleno dia,Crescente,Sol,Dupla,Reta,Sim,1,0,0,0,1,0,0,1,"-8,24194679","-35,75097313",SPRF-PE,DEL02-PE,UOP02-DEL02PE
525383,2023-05-26,sexta-feira,10:15:00,PE,428,"191,7",PETROLINA,Estacionar ou parar em local proibido,Colisão traseira,Com Vítimas Feridas,Pleno dia,Decrescente,Garoa/Chuvisco,Dupla,Reta,Sim,2,0,1,0,1,0,1,2,"-9,37766429","-40,50269795",SPRF-PE,DEL06-PE,UOP01-DEL06-PE
525446,2023-05-26,sexta-feira,10:20:00,PE,101,92,CABO DE SANTO AGOSTINHO,Pista Escorregadia,Tombamento,Com Vítimas Feridas,Pleno dia,Decrescente,Chuva,Dupla,Reta,Não,2,0,1,1,0,0,2,1,"-8,23201792","-34,99778611",SPRF-PE,DEL01-PE,UOP01-DEL01-PE
525460,2023-05-26,sexta-feira,18:00:00,PE,101,78,RECIFE,Acessar a via sem observar a presença dos outros veículos,Colisão transversal,Com Vítimas Feridas,Plena Noite,Decrescente,Nublado,Dupla,Reta,Sim,2,0,2,0,0,0,2,2,"-8,137198","-34,947393",SPRF-PE,DEL01-PE,UOP01-DEL01-PE
525492,2023-05-26,sexta-feira,18:58:00,PE,407,"122,1",PETROLINA,Transitar na contramão,Colisão frontal,Com Vítimas Feridas,Plena Noite,Crescente,Nublado,Simples,Reta,Sim,2,0,1,0,1,0,1,2,"-9,35368726","-40,55051642",SPRF-PE,DEL06-PE,UOP01-DEL06-PE
525598,2023-05-27,sábado,08:20:00,PE,101,74,RECIFE,Condutor deixou de manter distância do veículo da frente,Colisão traseira,Com Vítimas Feridas,Pleno dia,Crescente,Céu Claro,Dupla,Reta,Sim,2,0,0,1,0,1,1,2,"-8,10146485","-34,94901577",SPRF-PE,DEL01-PE,UOP01-DEL01-PE
525605,2023-05-27,sábado,09:00:00,PE,101,70,RECIFE,Reação tardia ou ineficiente do condutor,Colisão traseira,Com Vítimas Feridas,Pleno dia,Decrescente,Céu Claro,Dupla,Reta,Não,2,0,1,0,1,0,1,2,"-8,06776119","-34,94265074",SPRF-PE,DEL01-PE,UOP01-DEL01-PE
525676,2023-05-27,sábado,17:00:00,PE,232,"19,3",MORENO,Afundamento ou ondulação no pavimento,Colisão com objeto,Com Vítimas Feridas,Pleno dia,Decrescente,Nublado,Dupla,Declive;Curva                 ,Não,2,0,1,0,1,0,1,1,"-8,09822484","-35,06316202",SPRF-PE,DEL01-PE,UOP01-DEL01-PE
525677,2023-05-27,sábado,17:00:00,PE,428,192,PETROLINA,Manobra de mudança de faixa,Colisão lateral mesmo sentido,Com Vítimas Feridas,Anoitecer,Crescente,Céu Claro,Dupla,Rotatória,Não,1,0,1,0,0,0,1,1,"-9,38067769","-40,51113714",SPRF-PE,DEL06-PE,UOP01-DEL06-PE
525696,2023-05-27,sábado,05:30:00,PE,232,434,SERRA TALHADA,Ausência de reação do condutor,Colisão traseira,Com Vítimas Feridas,Pleno dia,Decrescente,Céu Claro,Simples,Reta,Não,3,0,2,0,0,1,2,2,"-8,00974762","-38,50744192",SPRF-PE,DEL04-PE,UOP01-DEL04-PE
525717,2023-05-27,sábado,19:25:00,PE,101,67,RECIFE,Condutor deixou de manter distância do veículo da frente,Colisão traseira,Com Vítimas Feridas,Plena Noite,Decrescente,Céu Claro,Dupla,Reta,Não,2,0,1,0,1,0,1,2,"-8,042334","-34,943096",SPRF-PE,DEL01-PE,UOP01-DEL01-PE
525718,2023-05-27,sábado,19:00:00,PE,408,"100,5",SAO LOURENCO DA MATA,Manobra de mudança de faixa,Colisão traseira,Sem Vítimas,Plena Noite,Crescente,Céu Claro,Dupla,Declive;Reta                  ,Não,3,0,0,0,3,0,0,3,"-8,04364056","-35,01674995",SPRF-PE,DEL01-PE,UOP01-DEL01-PE
525731,2023-05-27,sábado,21:00:00,PE,232,177,BELO JARDIM,Animais na Pista,Atropelamento de Animal,Com Vítimas Feridas,Plena Noite,Crescente,Céu Claro,Simples,Reta,Não,1,0,0,1,0,0,1,1,"-8,34884045","-36,4032249",SPRF-PE,DEL03-PE,UOP02-DEL03-PE
525746,2023-05-27,sábado,21:45:00,PE,101,"29,7",ITAPISSUMA,Demais falhas mecânicas ou elétricas,Incêndio,Sem Vítimas,Plena Noite,Decrescente,Céu Claro,Dupla,Aclive;Curva                  ,Sim,1,0,0,0,1,0,0,1,"-7,72939697","-34,94185854",SPRF-PE,DEL01-PE,UOP02-DEL01-PE
525789,2023-05-28,domingo,01:10:00,PE,104,41,CARUARU,Condutor Dormindo,Capotamento,Com Vítimas Feridas,Plena Noite,Crescente,Céu Claro,Dupla,Curva;Declive                 ,Não,1,0,1,0,0,0,1,1,"-8,1007","-36,0284",SPRF-PE,DEL02-PE,UOP01-DEL02-PE
525791,2023-05-28,domingo,01:40:00,PE,232,4,RECIFE,Obras na pista,Colisão com objeto,Com Vítimas Feridas,Plena Noite,Crescente,Céu Claro,Dupla,Viaduto,Sim,1,0,0,1,0,0,1,1,"-8,066619","-34,942011",SPRF-PE,DEL01-PE,UOP01-DEL01-PE
525810,2023-05-28,domingo,04:30:00,PE,232,"81,9",GRAVATA,Condutor Dormindo,Saída de leito carroçável,Com Vítimas Fatais,Amanhecer,Crescente,Céu Claro,Dupla,Reta,Sim,1,1,0,0,0,0,0,1,"-8,19697746","-35,57850408",SPRF-PE,DEL02-PE,UOP02-DEL02PE
525842,2023-05-28,domingo,07:15:00,PE,232,"42,3",VITORIA DE SANTO ANTAO,Ausência de reação do condutor,Queda de ocupante de veículo,Com Vítimas Feridas,Pleno dia,Crescente,Céu Claro,Dupla,Reta,Sim,1,0,0,1,0,0,1,1,"-8,115968","-35,255236",SPRF-PE,DEL01-PE,UOP01-DEL01-PE
525845,2023-05-28,domingo,03:30:00,PE,101,206,XEXEU,Condutor Dormindo,Saída de leito carroçável,Sem Vítimas,Plena Noite,Decrescente,Céu Claro,Múltipla,Reta,Não,1,0,0,0,0,1,0,1,"-8,81905901","-35,63955699",SPRF-PE,DEL01-PE,UOP03-DEL01-PE
525873,2023-05-28,domingo,15:00:00,PE,101,70,RECIFE,Animais na Pista,Queda de ocupante de veículo,Com Vítimas Feridas,Pleno dia,Decrescente,Céu Claro,Dupla,Reta,Sim,2,0,2,0,0,0,2,1,"-8,06776119","-34,94265074",SPRF-PE,DEL01-PE,UOP01-DEL01-PE
526010,2023-05-29,segunda-feira,00:15:00,PE,408,69,PAUDALHO,Ausência de reação do condutor,Colisão com objeto,Com Vítimas Feridas,Plena Noite,Decrescente,Chuva,Dupla,Reta,Não,1,0,0,1,0,0,1,1,"-7,87003147","-35,20278623",SPRF-PE,DEL01-PE,UOP01-DEL01-PE
526220,2023-05-30,terça-feira,07:50:00,PE,101,"74,6",RECIFE,Manobra de mudança de faixa,Colisão traseira,Com Vítimas Feridas,Pleno dia,Crescente,Céu Claro,Dupla,Reta,Sim,2,0,1,0,1,0,1,2,"-8,10146485","-34,94901577",SPRF-PE,DEL01-PE,UOP01-DEL01-PE
526276,2023-05-30,terça-feira,12:30:00,PE,428,186,PETROLINA,Condutor deixou de manter distância do veículo da frente,Colisão traseira,Com Vítimas Feridas,Pleno dia,Decrescente,Céu Claro,Dupla,Retorno Regulamentado,Não,2,0,1,0,1,0,1,2,"-9,34807826","-40,47441248",SPRF-PE,DEL06-PE,UOP01-DEL06-PE
526330,2023-05-30,terça-feira,18:18:00,PE,101,92,CABO DE SANTO AGOSTINHO,Reação tardia ou ineficiente do condutor,Atropelamento de Pedestre,Com Vítimas Feridas,Plena Noite,Crescente,Céu Claro,Dupla,Reta,Não,2,0,1,0,1,0,1,2,"-8,23201792","-34,99778611",SPRF-PE,DEL01-PE,UOP01-DEL01-PE
526348,2023-05-30,terça-feira,18:40:00,PE,104,"75,2",AGRESTINA,Reação tardia ou ineficiente do condutor,Colisão traseira,Com Vítimas Feridas,Plena Noite,Decrescente,Céu Claro,Simples,Aclive,Não,2,0,1,0,1,0,1,2,"-8,358562","-35,985699",SPRF-PE,DEL02-PE,UOP01-DEL02-PE
526350,2023-05-30,terça-feira,18:00:00,PE,104,76,CARUARU,Ausência de reação do condutor,Tombamento,Com Vítimas Feridas,Plena Noite,Crescente,Nublado,Simples,Curva;Interseção de Vias      ,Sim,2,0,2,0,0,0,2,1,"-8,367286","-35,985153",SPRF-PE,DEL02-PE,UOP01-DEL02-PE
526438,2023-05-31,quarta-feira,10:00:00,PE,101,"73,5",RECIFE,Ausência de reação do condutor,Colisão transversal,Com Vítimas Feridas,Pleno dia,Crescente,Nublado,Dupla,Reta;Retorno Regulamentado    ,Não,3,0,1,0,2,0,1,2,"-8,093369","-34,947464",SPRF-PE,DEL01-PE,UOP01-DEL01-PE
526494,2023-05-31,quarta-feira,15:30:00,PE,232,4,RECIFE,Reação tardia ou ineficiente do condutor,Colisão com objeto,Com Vítimas Feridas,Pleno dia,Crescente,Céu Claro,Dupla,Viaduto,Sim,2,0,1,0,1,0,1,1,"-8,064473","-34,936928",SPRF-PE,DEL01-PE,UOP01-DEL01-PE
526511,2023-05-31,quarta-feira,16:40:00,PE,407,"126,3",PETROLINA,Manobra de mudança de faixa,Tombamento,Com Vítimas Feridas,Pleno dia,Decrescente,Céu Claro,Dupla,Rotatória,Sim,1,0,0,1,0,0,1,1,"-9,38809683","-40,52547455",SPRF-PE,DEL06-PE,UOP01-DEL06-PE
526535,2023-05-31,quarta-feira,19:20:00,PE,232,127,CARUARU,Avarias e/ou desgaste excessivo no pneu,Queda de ocupante de veículo,Com Vítimas Feridas,Plena Noite,Crescente,Chuva,Dupla,Aclive,Sim,2,0,1,0,1,0,1,1,"-8,30610303","-35,96342301",SPRF-PE,DEL02-PE,UOP01-DEL02-PE
526574,2023-06-01,quinta-feira,04:10:00,PE,423,"28,7",SAO CAITANO,Ingestão de álcool pelo condutor,Saída de leito carroçável,Com Vítimas Feridas,Plena Noite,Crescente,Garoa/Chuvisco,Simples,Reta,Não,2,0,2,0,0,0,2,1,"-8,40340208","-36,18507786",SPRF-PE,DEL03-PE,UOP02-DEL03-PE
526614,2023-06-01,quinta-feira,07:50:00,PE,232,"4,3",RECIFE,Manobra de mudança de faixa,Colisão lateral mesmo sentido,Com Vítimas Feridas,Pleno dia,Decrescente,Céu Claro,Dupla,Reta,Sim,3,0,2,0,1,0,2,2,"-8,064473","-34,936928",SPRF-PE,DEL01-PE,UOP01-DEL01-PE
526649,2023-06-01,quinta-feira,09:35:00,PE,316,330,FLORESTA,Reação tardia ou ineficiente do condutor,Saída de leito carroçável,Com Vítimas Feridas,Pleno dia,Crescente,Nublado,Simples,Reta,Não,2,0,0,2,0,0,2,1,"-8,74635395","-38,40941031",SPRF-PE,DEL04-PE,UOP03-DEL04-PE
526682,2023-06-01,quinta-feira,13:30:00,PE,428,"116,4",SANTA MARIA DA BOA VISTA,Condutor Dormindo,Colisão traseira,Sem Vítimas,Pleno dia,Decrescente,Céu Claro,Simples,Reta,Não,2,0,0,0,2,0,0,2,"-8,91565278","-40,07327608",SPRF-PE,DEL06-PE,UOP03-DEL06-PE
526713,2023-06-01,quinta-feira,18:19:00,PE,101,48,ABREU E LIMA,Acessar a via sem observar a presença dos outros veículos,Colisão lateral mesmo sentido,Com Vítimas Feridas,Plena Noite,Crescente,Céu Claro,Múltipla,Reta,Sim,2,0,1,0,1,0,1,2,"-7,89174705","-34,9033493",SPRF-PE,DEL01-PE,UOP02-DEL01-PE
526715,2023-04-26,quarta-feira,11:30:00,PE,232,69,GRAVATA,Ausência de reação do condutor,Colisão com objeto,Com Vítimas Feridas,Pleno dia,Decrescente,Nublado,Dupla,Declive;Curva                 ,Não,1,0,1,0,0,0,1,1,"-8,17240309","-35,47993595",SPRF-PE,DEL02-PE,UOP02-DEL02PE
526800,2023-06-02,sexta-feira,06:45:00,PE,101,"72,7",RECIFE,Condutor deixou de manter distância do veículo da frente,Colisão traseira,Com Vítimas Feridas,Pleno dia,Decrescente,Céu Claro,Dupla,Reta,Não,2,0,1,0,1,0,1,2,"-8,08493106","-34,9450639",SPRF-PE,DEL01-PE,UOP01-DEL01-PE
526801,2023-06-02,sexta-feira,06:40:00,PE,423,"38,1",CACHOEIRINHA,Reação tardia ou ineficiente do condutor,Queda de ocupante de veículo,Com Vítimas Feridas,Pleno dia,Decrescente,Chuva,Simples,Reta,Sim,1,0,0,1,0,0,1,1,"-8,48361315","-36,22574878",SPRF-PE,DEL03-PE,UOP02-DEL03-PE
526825,2023-06-02,sexta-feira,07:45:00,PE,101,83,JABOATAO DOS GUARARAPES,Ausência de reação do condutor,Colisão traseira,Com Vítimas Feridas,Pleno dia,Decrescente,Céu Claro,Dupla,Retorno Regulamentado,Não,2,0,1,0,1,0,1,2,"-8,175172","-34,942642",SPRF-PE,DEL01-PE,UOP01-DEL01-PE
526864,2023-06-02,sexta-feira,11:40:00,PE,101,71,RECIFE,Avarias e/ou desgaste excessivo no pneu,Tombamento,Com Vítimas Feridas,Pleno dia,Crescente,Sol,Dupla,Curva,Sim,2,0,2,0,0,0,2,1,"-8,083833","-34,944291",SPRF-PE,DEL01-PE,UOP01-DEL01-PE
526947,2023-06-02,sexta-feira,18:30:00,PE,232,"9,5",RECIFE,Condutor deixou de manter distância do veículo da frente,Colisão traseira,Com Vítimas Feridas,Plena Noite,Decrescente,Céu Claro,Múltipla,Reta,Sim,3,0,1,0,2,0,1,2,"-8,07764447","-34,97863609",SPRF-PE,DEL01-PE,UOP01-DEL01-PE
526949,2023-06-02,sexta-feira,19:26:00,PE,101,83,JABOATAO DOS GUARARAPES,Manobra de mudança de faixa,Engavetamento,Com Vítimas Feridas,Plena Noite,Crescente,Céu Claro,Dupla,Retorno Regulamentado,Não,3,0,1,0,2,0,1,3,"-8,175172","-34,942642",SPRF-PE,DEL01-PE,UOP01-DEL01-PE
526974,2023-06-02,sexta-feira,20:55:00,PE,232,"13,2",JABOATAO DOS GUARARAPES,Reação tardia ou ineficiente do condutor,Tombamento,Com Vítimas Feridas,Plena Noite,Decrescente,Céu Claro,Dupla,Reta,Não,2,0,2,0,0,0,2,1,"-8,088133","-35,009964",SPRF-PE,DEL01-PE,UOP01-DEL01-PE
527077,2023-06-03,sábado,09:48:00,PE,101,"50,4",ABREU E LIMA,Ausência de reação do condutor,Colisão transversal,Com Vítimas Feridas,Pleno dia,Crescente,Sol,Múltipla,Reta,Sim,1,0,1,0,0,0,1,1,"-7,90938602","-34,90123228",SPRF-PE,DEL01-PE,UOP02-DEL01-PE
527079,2023-06-03,sábado,09:28:00,PE,104,41,CARUARU,Animais na Pista,Colisão frontal,Sem Vítimas,Pleno dia,Crescente,Céu Claro,Dupla,Declive,Não,1,0,0,0,0,1,0,1,"-8,1007","-36,0284",SPRF-PE,DEL02-PE,UOP01-DEL02-PE
527082,2023-06-03,sábado,10:15:00,PE,104,64,CARUARU,Manobra de mudança de faixa,Colisão lateral mesmo sentido,Com Vítimas Feridas,Pleno dia,Crescente,Sol,Múltipla,Viaduto;Reta;Interseção de Via,Sim,3,0,1,0,2,0,1,3,"-8,2783","-35,9815",SPRF-PE,DEL02-PE,UOP01-DEL02-PE
527100,2023-06-03,sábado,11:00:00,PE,407,123,PETROLINA,Condutor deixou de manter distância do veículo da frente,Colisão traseira,Com Vítimas Feridas,Pleno dia,Crescente,Céu Claro,Simples,Reta,Não,3,0,1,0,1,1,1,2,"-9,36149178","-40,54594462",SPRF-PE,DEL06-PE,UOP01-DEL06-PE
527122,2023-06-03,sábado,13:50:00,PE,232,86,GRAVATA,Acessar a via sem observar a presença dos outros veículos,Colisão transversal,Com Vítimas Feridas,Pleno dia,Decrescente,Céu Claro,Dupla,Reta;Retorno Regulamentado    ,Não,3,0,1,0,2,0,1,2,"-8,214227","-35,627527",SPRF-PE,DEL02-PE,UOP02-DEL02PE
527128,2023-06-03,sábado,15:30:00,PE,101,76,RECIFE,Manobra de mudança de faixa,Queda de ocupante de veículo,Com Vítimas Feridas,Pleno dia,Decrescente,Céu Claro,Dupla,Declive;Reta                  ,Sim,2,0,2,0,0,0,2,1,"-8,11813811","-34,94329214",SPRF-PE,DEL01-PE,UOP01-DEL01-PE
527151,2023-06-03,sábado,15:30:00,PE,101,21,GOIANA,Obras na pista,Saída de leito carroçável,Com Vítimas Feridas,Pleno dia,Decrescente,Céu Claro,Dupla,Reta;Em Obras                 ,Não,1,0,1,0,0,0,1,1,"-7,667766","-34,93266",SPRF-PE,DEL01-PE,UOP02-DEL01-PE
527167,2023-06-03,sábado,16:04:00,PE,101,82,JABOATAO DOS GUARARAPES,Acessar a via sem observar a presença dos outros veículos,Colisão frontal,Com Vítimas Feridas,Pleno dia,Crescente,Céu Claro,Dupla,Interseção de Vias;Reta       ,Sim,2,0,1,0,1,0,1,2,"-8,168383","-34,9376",SPRF-PE,DEL01-PE,UOP01-DEL01-PE
527189,2023-06-03,sábado,19:08:00,PE,232,83,GRAVATA,Acessar a via sem observar a presença dos outros veículos,Colisão transversal,Com Vítimas Feridas,Plena Noite,Decrescente,Céu Claro,Dupla,Reta,Sim,2,0,0,2,0,0,2,2,"-8,2024868","-35,59542005",SPRF-PE,DEL02-PE,UOP02-DEL02PE
527194,2023-06-03,sábado,18:30:00,PE,408,26,TIMBAUBA,Transitar na contramão,Colisão frontal,Com Vítimas Fatais,Plena Noite,Decrescente,Céu Claro,Simples,Aclive;Reta                   ,Não,2,1,0,0,0,1,0,2,"-7,52257159","-35,29948406",SPRF-PE,DEL01-PE,UOP02-DEL01-PE
527246,2023-06-03,sábado,23:30:00,PE,104,66,CARUARU,Ingestão de álcool pelo condutor,Colisão traseira,Sem Vítimas,Plena Noite,Crescente,Garoa/Chuvisco,Dupla,Reta,Sim,4,0,0,0,4,0,0,2,"-8,29387333","-35,98681211",SPRF-PE,DEL02-PE,UOP01-DEL02-PE
527359,2023-06-04,domingo,14:40:00,PE,101,44,ABREU E LIMA,Entrada inopinada do pedestre,Atropelamento de Pedestre,Sem Vítimas,Pleno dia,Decrescente,Céu Claro,Dupla,Reta,Sim,2,0,0,0,1,1,0,2,"-7,84753808","-34,90977038",SPRF-PE,DEL01-PE,UOP02-DEL01-PE
527383,2023-06-04,domingo,17:45:00,PE,232,9,RECIFE,Manobra de mudança de faixa,Colisão lateral mesmo sentido,Com Vítimas Feridas,Anoitecer,Crescente,Céu Claro,Múltipla,Reta,Sim,3,0,1,0,0,2,1,3,"-8,07764447","-34,97863609",SPRF-PE,DEL01-PE,UOP01-DEL01-PE
527387,2023-06-04,domingo,17:30:00,PE,101,27,IGARASSU,Demais falhas mecânicas ou elétricas,Tombamento,Com Vítimas Feridas,Anoitecer,Crescente,Nublado,Múltipla,Reta,Não,2,0,1,1,0,0,2,1,"-7,71433379","-34,93478417",SPRF-PE,DEL01-PE,UOP02-DEL01-PE
527420,2023-06-04,domingo,17:45:00,PE,423,78,JUCATI,Transitar na contramão,Colisão lateral sentido oposto,Com Vítimas Feridas,Anoitecer,Crescente,Céu Claro,Simples,Reta,Não,3,0,1,0,2,0,1,3,"-8,74910298","-36,43120556",SPRF-PE,DEL03-PE,UOP01-DEL03-PE
527429,2023-06-04,domingo,21:10:00,PE,407,"71,7",PETROLINA,Manobra de mudança de faixa,Colisão lateral sentido oposto,Com Vítimas Feridas,Plena Noite,Crescente,Nublado,Simples,Reta,Não,4,0,0,1,0,3,1,3,"-8,93876415","-40,73305834",SPRF-PE,DEL06-PE,UOP02-DEL06-PE
527444,2023-06-04,domingo,22:30:00,PE,101,44,IGARASSU,Ingestão de álcool pelo condutor,Colisão traseira,Sem Vítimas,Plena Noite,Decrescente,Céu Claro,Múltipla,Reta,Sim,4,0,0,0,4,0,0,2,"-7,855744","-34,908507",SPRF-PE,DEL01-PE,UOP02-DEL01-PE
527447,2023-06-04,domingo,20:10:00,PE,423,65,JUPI,Ingestão de álcool pelo condutor,Colisão lateral sentido oposto,Com Vítimas Feridas,Plena Noite,Decrescente,Céu Claro,Simples,Em Obras;Reta                 ,Não,7,0,1,0,6,0,1,2,"-8,66635578","-36,36564305",SPRF-PE,DEL03-PE,UOP01-DEL03-PE
527451,2023-06-04,domingo,22:30:00,PE,232,59,POMBOS,Acessar a via sem observar a presença dos outros veículos,Colisão lateral mesmo sentido,Com Vítimas Feridas,Plena Noite,Crescente,Garoa/Chuvisco,Dupla,Curva,Sim,4,0,1,1,2,0,2,2,"-8,1471233","-35,39890998",SPRF-PE,DEL02-PE,UOP02-DEL02PE
527461,2023-06-04,domingo,18:05:00,PE,232,337,CUSTODIA,Ultrapassagem Indevida,Colisão frontal,Com Vítimas Feridas,Plena Noite,Crescente,Céu Claro,Simples,Aclive;Reta                   ,Não,3,0,2,1,0,0,3,2,"-8,08243169","-37,66570793",SPRF-PE,DEL04-PE,UOP02-DEL04-PE
527463,2023-06-04,domingo,20:30:00,PE,424,19,PEDRA,Transitar na contramão,Colisão frontal,Com Vítimas Feridas,Plena Noite,Decrescente,Céu Claro,Simples,Reta,Não,5,0,1,3,1,0,4,3,"-8,50257626","-36,93358845",SPRF-PE,DEL04-PE,UOP02-DEL04-PE
527531,2023-06-05,segunda-feira,09:40:00,PE,101,45,IGARASSU,Ausência de reação do condutor,Colisão traseira,Com Vítimas Feridas,Pleno dia,Decrescente,Céu Claro,Múltipla,Reta;Declive                  ,Sim,3,0,0,2,1,0,2,2,"-7,86521297","-34,90715176",SPRF-PE,DEL01-PE,UOP02-DEL01-PE
527551,2023-06-05,segunda-feira,11:10:00,PE,428,"186,5",PETROLINA,Manobra de mudança de faixa,Colisão transversal,Com Vítimas Feridas,Pleno dia,Decrescente,Céu Claro,Dupla,Reta;Retorno Regulamentado    ,Sim,2,0,0,1,1,0,1,2,"-9,36373957","-40,48236072",SPRF-PE,DEL06-PE,UOP01-DEL06-PE
527570,2023-06-05,segunda-feira,13:45:00,PE,101,"67,4",RECIFE,Ausência de reação do condutor,Colisão traseira,Com Vítimas Feridas,Pleno dia,Crescente,Céu Claro,Dupla,Reta,Sim,3,0,1,0,2,0,1,2,"-8,042334","-34,943096",SPRF-PE,DEL01-PE,UOP01-DEL01-PE
527597,2023-06-05,segunda-feira,16:40:00,PE,423,"91,9",GARANHUNS,Desrespeitar a preferência no cruzamento,Colisão transversal,Com Vítimas Feridas,Pleno dia,Decrescente,Céu Claro,Simples,Reta;Declive                  ,Sim,5,0,1,0,4,0,1,2,"-8,8614115","-36,46400928",SPRF-PE,DEL03-PE,UOP01-DEL03-PE
527616,2023-06-05,segunda-feira,18:10:00,PE,101,"68,7",RECIFE,Manobra de mudança de faixa,Colisão lateral mesmo sentido,Sem Vítimas,Plena Noite,Decrescente,Nublado,Dupla,Reta;Interseção de Vias       ,Não,2,0,0,0,2,0,0,2,"-8,05475737","-34,94612575",SPRF-PE,DEL01-PE,UOP01-DEL01-PE