id,data_inversa,dia_semana,horario,uf,br,km,municipio,causa_acidente,tipo_acidente,classificacao_acidente,fase_dia,sentido_via,condicao_metereologica,tipo_pista,tracado_via,uso_solo,pessoas,mortos,feridos_leves,feridos_graves,ilesos,ignorados,feridos,veiculos,latitude,longitude,regional,delegacia,uop
530167,2023-06-18,domingo,00:05:00,PE,407,"124,5",PETROLINA,Velocidade Incompatível,Tombamento,Com Vítimas Feridas,Plena Noite,Decrescente,Céu Claro,Dupla,Reta,Sim,1,0,1,0,0,0,1,1,"-9,37776558","-40,53581715",SPRF-PE,DEL06-PE,UOP01-DEL06-PE
530296,2023-06-18,domingo,15:45:00,PE,232,128,CARUARU,Manobra de mudança de faixa,Queda de ocupante de veículo,Com Vítimas Feridas,Pleno dia,Crescente,Garoa/Chuvisco,Dupla,Reta,Sim,3,0,1,0,1,1,1,3,"-8,30399306","-35,97216301",SPRF-PE,DEL02-PE,UOP01-DEL02-PE
530308,2023-06-18,domingo,15:50:00,PE,232,"138,9",CARUARU,Manobra de mudança de faixa,Capotamento,Com Vítimas Feridas,Pleno dia,Crescente,Chuva,Dupla,Retorno Regulamentado,Sim,1,0,0,1,0,0,1,1,"-8,31829493","-36,05907802",SPRF-PE,DEL02-PE,UOP01-DEL02-PE
530310,2023-06-18,domingo,16:15:00,PE,232,"18,6",JABOATAO DOS GUARARAPES,Reação tardia ou ineficiente do condutor,Colisão traseira,Sem Vítimas,Pleno dia,Crescente,Sol,Dupla,Reta,Não,2,0,0,0,2,0,0,2,"-8,097289","-35,057902",SPRF-PE,DEL01-PE,UOP01-DEL01-PE
530336,2023-06-18,domingo,18:40:00,PE,423,65,CALCADO,Ausência de reação do condutor,Colisão frontal,Com Vítimas Fatais,Plena Noite,Crescente,Céu Claro,Simples,Reta,Não,6,1,0,0,5,0,0,2,"-8,66427961","-36,35636509",SPRF-PE,DEL03-PE,UOP01-DEL03-PE
530361,2023-06-18,domingo,20:00:00,PE,232,114,CARUARU,Manobra de mudança de faixa,Colisão transversal,Com Vítimas Feridas,Plena Noite,Decrescente,Céu Claro,Dupla,Retorno Regulamentado,Não,3,0,2,0,0,1,2,2,"-8,30028529","-35,84905306",SPRF-PE,DEL02-PE,UOP02-DEL02PE
530368,2023-06-18,domingo,21:15:00,PE,101,"56,1",RECIFE,Pedestre andava na pista,Atropelamento de Pedestre,Com Vítimas Fatais,Plena Noite,Decrescente,Céu Claro,Dupla,Reta,Não,2,1,0,0,0,1,0,2,"-7,9554509","-34,91140727",SPRF-PE,DEL01-PE,UOP02-DEL01-PE
530389,2023-06-18,domingo,23:00:00,PE,232,"5,2",RECIFE,Acostamento em desnível,Colisão com objeto,Com Vítimas Feridas,Plena Noite,Crescente,Céu Claro,Dupla,Reta;Em Obras                 ,Sim,1,0,1,0,0,0,1,1,"-8,069517","-34,94961",SPRF-PE,DEL01-PE,UOP01-DEL01-PE
530416,2023-06-19,segunda-feira,06:59:00,PE,101,69,RECIFE,Acessar a via sem observar a presença dos outros veículos,Colisão lateral mesmo sentido,Com Vítimas Feridas,Pleno dia,Crescente,Céu Claro,Dupla,Reta,Não,3,0,2,1,0,0,3,2,"-8,05951606","-34,94581024",SPRF-PE,DEL01-PE,UOP01-DEL01-PE
530427,2023-06-19,segunda-feira,06:10:00,PE,101,78,RECIFE,Condutor deixou de manter distância do veículo da frente,Colisão traseira,Sem Vítimas,Pleno dia,Crescente,Sol,Dupla,Reta,Não,2,0,0,0,2,0,0,2,"-8,13723","-34,947595",SPRF-PE,DEL01-PE,UOP01-DEL01-PE
530434,2023-06-19,segunda-feira,07:58:00,PE,232,7,RECIFE,Acessar a via sem observar a presença dos outros veículos,Colisão transversal,Com Vítimas Feridas,Pleno dia,Decrescente,Céu Claro,Dupla,Reta,Sim,4,0,1,0,3,0,1,2,"-8,07333497","-34,96184301",SPRF-PE,DEL01-PE,UOP01-DEL01-PE
530439,2023-06-19,segunda-feira,08:50:00,PE,101,"78,2",RECIFE,Desvio temporário,Colisão lateral mesmo sentido,Com Vítimas Feridas,Pleno dia,Crescente,Céu Claro,Dupla,Reta,Sim,2,0,1,0,1,0,1,2,"-8,137054","-34,947595",SPRF-PE,DEL01-PE,UOP01-DEL01-PE
530449,2023-06-19,segunda-feira,09:00:00,PE,101,"23,9",GOIANA,Demais falhas mecânicas ou elétricas,Tombamento,Com Vítimas Feridas,Pleno dia,Crescente,Céu Claro,Dupla,Aclive,Não,2,0,2,0,0,0,2,1,"-7,68357776","-34,92410458",SPRF-PE,DEL01-PE,UOP02-DEL01-PE
530485,2023-06-19,segunda-feira,12:15:00,PE,101,69,RECIFE,Condutor deixou de manter distância do veículo da frente,Colisão traseira,Sem Vítimas,Pleno dia,Crescente,Sol,Simples,Reta,Sim,3,0,0,0,3,0,0,3,"-8,05951606","-34,94581024",SPRF-PE,DEL01-PE,UOP01-DEL01-PE
530500,2023-06-19,segunda-feira,13:25:00,PE,101,46,IGARASSU,Condutor deixou de manter distância do veículo da frente,Engavetamento,Com Vítimas Feridas,Pleno dia,Decrescente,Céu Claro,Múltipla,Reta,Sim,3,0,1,0,2,0,1,3,"-7,87406004","-34,90588126",SPRF-PE,DEL01-PE,UOP02-DEL01-PE
530520,2023-06-19,segunda-feira,16:00:00,PE,423,109,CAETES,Ingestão de álcool pelo condutor,Colisão lateral mesmo sentido,Sem Vítimas,Pleno dia,Crescente,Chuva,Simples,Reta,Não,2,0,0,0,2,0,0,2,"-8,888511","-36,599037",SPRF-PE,DEL03-PE,UOP01-DEL03-PE
530559,2023-06-19,segunda-feira,19:20:00,PE,101,55,PAULISTA,Demais falhas mecânicas ou elétricas,Tombamento,Com Vítimas Feridas,Plena Noite,Crescente,Chuva,Dupla,Aclive,Não,2,0,0,2,0,0,2,1,"-7,94806621","-34,9062148",SPRF-PE,DEL01-PE,UOP02-DEL01-PE
530560,2023-06-19,segunda-feira,19:40:00,PE,101,185,PALMARES,Ausência de reação do condutor,Colisão frontal,Com Vítimas Feridas,Plena Noite,Crescente,Chuva,Simples,Reta,Sim,3,0,1,0,1,1,1,2,"-8,6742758462","-35,5764607692",SPRF-PE,DEL01-PE,UOP03-DEL01-PE
530561,2023-06-19,segunda-feira,19:25:00,PE,101,55,PAULISTA,Chuva,Colisão com objeto,Com Vítimas Feridas,Plena Noite,Crescente,Chuva,Dupla,Aclive,Não,1,0,1,0,0,0,1,1,"-7,94806621","-34,9062148",SPRF-PE,DEL01-PE,UOP02-DEL01-PE
530659,2023-06-20,terça-feira,11:00:00,PE,101,"153,2",RIBEIRAO,Chuva,Saída de leito carroçável,Com Vítimas Feridas,Pleno dia,Decrescente,Céu Claro,Dupla,Reta,Não,1,0,1,0,0,0,1,1,"-8,51960799","-35,38997595",SPRF-PE,DEL01-PE,UOP03-DEL01-PE
530689,2023-05-24,quarta-feira,00:03:00,PE,232,9,RECIFE,Deficiência do Sistema de Iluminação/Sinalização,Tombamento,Com Vítimas Feridas,Plena Noite,Crescente,Garoa/Chuvisco,Múltipla,Reta,Não,1,0,1,0,0,0,1,1,"-8,07764447","-34,97863609",SPRF-PE,DEL01-PE,UOP01-DEL01-PE
530691,2023-06-20,terça-feira,13:30:00,PE,101,160,RIBEIRAO,Acumulo de água sobre o pavimento,Saída de leito carroçável,Com Vítimas Feridas,Pleno dia,Decrescente,Chuva,Dupla,Curva,Não,1,0,1,0,0,0,1,1,"-8,558487","-35,427237",SPRF-PE,DEL01-PE,UOP03-DEL01-PE
530760,2023-06-20,terça-feira,19:40:00,PE,232,243,ARCOVERDE,Reação tardia ou ineficiente do condutor,Colisão lateral mesmo sentido,Com Vítimas Feridas,Plena Noite,Decrescente,Garoa/Chuvisco,Simples,Reta,Não,3,0,0,1,1,1,1,2,"-8,41700383","-36,9892481",SPRF-PE,DEL04-PE,UOP02-DEL04-PE
530765,2023-06-20,terça-feira,22:45:00,PE,104,56,CARUARU,Demais falhas na via,Queda de ocupante de veículo,Com Vítimas Feridas,Plena Noite,Crescente,Céu Claro,Dupla,Curva,Não,2,0,1,0,1,0,1,1,"-8,2098","-35,9712",SPRF-PE,DEL02-PE,UOP01-DEL02-PE
530782,2023-06-21,quarta-feira,03:30:00,PE,316,25,ARARIPINA,Pedestre andava na pista,Atropelamento de Pedestre,Com Vítimas Feridas,Plena Noite,Crescente,Nublado,Simples,Interseção de Vias;Reta       ,Sim,2,0,0,1,0,1,1,2,"-7,59595686","-40,49329368",SPRF-PE,DEL05-PE,UOP02-DEL05-PE
530791,2023-06-21,quarta-feira,04:01:00,PE,316,25,ARARIPINA,Ingestão de álcool pelo condutor,Colisão traseira,Sem Vítimas,Plena Noite,Decrescente,Garoa/Chuvisco,Simples,Reta,Sim,3,0,0,0,3,0,0,2,"-7,59595686","-40,49329368",SPRF-PE,DEL05-PE,UOP02-DEL05-PE
530812,2023-06-21,quarta-feira,07:50:00,PE,232,5,RECIFE,Acessar a via sem observar a presença dos outros veículos,Atropelamento de Pedestre,Com Vítimas Feridas,Pleno dia,Crescente,Chuva,Dupla,Reta,Sim,2,0,1,0,1,0,1,2,"-8,06795766","-34,94535414",SPRF-PE,DEL01-PE,UOP01-DEL01-PE
530922,2023-06-21,quarta-feira,18:00:00,PE,428,185,PETROLINA,Chuva,Colisão traseira,Sem Vítimas,Plena Noite,Crescente,Nublado,Dupla,Retorno Regulamentado,Sim,2,0,0,0,2,0,0,2,"-9,35731389","-40,47912598",SPRF-PE,DEL06-PE,UOP01-DEL06-PE
530940,2023-06-21,quarta-feira,19:50:00,PE,232,68,GRAVATA,Demais falhas mecânicas ou elétricas,Incêndio,Sem Vítimas,Plena Noite,Crescente,Nublado,Dupla,Aclive;Reta                   ,Não,2,0,0,0,2,0,0,1,"-8,16728938","-35,47308397",SPRF-PE,DEL02-PE,UOP02-DEL02PE
530964,2023-06-21,quarta-feira,22:25:00,PE,101,81,JABOATAO DOS GUARARAPES,Acessar a via sem observar a presença dos outros veículos,Colisão transversal,Com Vítimas Feridas,Plena Noite,Crescente,Céu Claro,Dupla,Reta,Sim,2,0,2,0,0,0,2,2,"-8,165969","-34,938658",SPRF-PE,DEL01-PE,UOP01-DEL01-PE
531105,2023-06-22,quinta-feira,16:20:00,PE,232,"66,5",GRAVATA,Avarias e/ou desgaste excessivo no pneu,Queda de ocupante de veículo,Com Vítimas Feridas,Pleno dia,Crescente,Nublado,Dupla,Reta,Não,2,0,1,0,1,0,1,1,"-8,16611144","-35,45933962",SPRF-PE,DEL02-PE,UOP02-DEL02PE
531144,2023-06-22,quinta-feira,19:45:00,PE,104,"61,5",CARUARU,Retorno proibido,Colisão transversal,Com Vítimas Feridas,Plena Noite,Decrescente,Chuva,Dupla,Retorno Regulamentado;Declive ,Sim,5,0,1,0,3,1,1,3,"-8,2529","-35,9751",SPRF-PE,DEL02-PE,UOP01-DEL02-PE
531158,2023-06-22,quinta-feira,21:48:00,PE,101,184,PALMARES,Acumulo de água sobre o pavimento,Saída de leito carroçável,Com Vítimas Feridas,Plena Noite,Crescente,Chuva,Dupla,Aclive;Reta                   ,Sim,1,0,1,0,0,0,1,1,"-8,66602702","-35,57292197",SPRF-PE,DEL01-PE,UOP03-DEL01-PE
531232,2023-06-23,sexta-feira,07:30:00,PE,407,121,PETROLINA,Acessar a via sem observar a presença dos outros veículos,Colisão transversal,Com Vítimas Feridas,Pleno dia,Decrescente,Céu Claro,Simples,Reta,Não,2,0,1,0,1,0,1,2,"-9,33807091","-40,55965785",SPRF-PE,DEL06-PE,UOP01-DEL06-PE
531251,2023-06-23,sexta-feira,11:05:00,PE,104,66,CARUARU,Reação tardia ou ineficiente do condutor,Colisão traseira,Com Vítimas Feridas,Pleno dia,Decrescente,Nublado,Dupla,Viaduto;Aclive                ,Sim,2,0,1,0,1,0,1,2,"-8,2937","-35,9864",SPRF-PE,DEL02-PE,UOP01-DEL02-PE
531285,2023-06-23,sexta-feira,14:11:00,PE,408,"64,9",CARPINA,Reação tardia ou ineficiente do condutor,Colisão traseira,Sem Vítimas,Pleno dia,Decrescente,Chuva,Dupla,Reta;Aclive                   ,Não,2,0,0,0,2,0,0,2,"-7,846511","-35,24029",SPRF-PE,DEL01-PE,UOP01-DEL01-PE
531293,2023-06-23,sexta-feira,06:50:00,PE,424,"82,1",GARANHUNS,Reação tardia ou ineficiente do condutor,Saída de leito carroçável,Com Vítimas Feridas,Pleno dia,Decrescente,Garoa/Chuvisco,Simples,Reta;Declive                  ,Não,3,0,1,1,1,0,2,1,"-8,84079808","-36,53196006",SPRF-PE,DEL03-PE,UOP01-DEL03-PE
531303,2023-06-23,sexta-feira,15:40:00,PE,101,123,ESCADA,Chuva,Saída de leito carroçável,Com Vítimas Feridas,Pleno dia,Crescente,Chuva,Dupla,Reta,Não,3,0,0,3,0,0,3,1,"-8,35963442","-35,20419694",SPRF-PE,DEL01-PE,UOP03-DEL01-PE
531336,2023-06-23,sexta-feira,17:07:00,PE,423,73,JUPI,Acessar a via sem observar a presença dos outros veículos,Colisão transversal,Com Vítimas Feridas,Anoitecer,Crescente,Nublado,Simples,Reta;Declive                  ,Sim,2,0,0,1,1,0,1,2,"-8,709851","-36,41926432",SPRF-PE,DEL03-PE,UOP01-DEL03-PE
531383,2023-06-23,sexta-feira,18:45:00,PE,316,23,ARARIPINA,Animais na Pista,Atropelamento de Animal,Com Vítimas Feridas,Plena Noite,Decrescente,Nublado,Simples,Reta,Sim,1,0,1,0,0,0,1,1,"-7,58229315","-40,50694911",SPRF-PE,DEL05-PE,UOP02-DEL05-PE
531405,2023-06-23,sexta-feira,23:10:00,PE,232,31,MORENO,Ingestão de álcool pelo condutor,Colisão traseira,Sem Vítimas,Plena Noite,Decrescente,Chuva,Dupla,Curva,Não,2,0,0,0,2,0,0,2,"-8,10678602","-35,15841205",SPRF-PE,DEL01-PE,UOP01-DEL01-PE
531409,2023-06-23,sexta-feira,13:30:00,PE,232,"48,1",VITORIA DE SANTO ANTAO,Demais falhas na via,Eventos atípicos,Sem Vítimas,Pleno dia,Crescente,Nublado,Dupla,Reta,Não,3,0,0,0,3,0,0,1,"-8,14168181","-35,30561909",SPRF-PE,DEL01-PE,UOP01-DEL01-PE
531565,2023-06-24,sábado,16:00:00,PE,424,"16,7",PEDRA,Ausência de reação do condutor,Colisão traseira,Com Vítimas Feridas,Pleno dia,Crescente,Nublado,Simples,Aclive;Reta;Em Obras          ,Sim,3,0,0,1,1,1,1,3,"-8,499972","-36,950078",SPRF-PE,DEL04-PE,UOP02-DEL04-PE
531570,2023-06-24,sábado,18:00:00,PE,232,164,TACAIMBO,Transitar na contramão,Colisão frontal,Com Vítimas Feridas,Plena Noite,Crescente,Chuva,Simples,Reta,Não,5,0,0,4,0,1,4,3,"-8,33555885","-36,28935202",SPRF-PE,DEL03-PE,UOP02-DEL03-PE
531604,2023-06-24,sábado,19:15:00,PE,104,"28,1",TORITAMA,Reação tardia ou ineficiente do condutor,Colisão frontal,Com Vítimas Feridas,Plena Noite,Crescente,Garoa/Chuvisco,Simples,Aclive;Reta                   ,Não,2,0,0,1,1,0,1,2,"-8,005325","-36,078821",SPRF-PE,DEL02-PE,UOP01-DEL02-PE
531611,2023-06-24,sábado,20:05:00,PE,101,"86,7",JABOATAO DOS GUARARAPES,Deficiência do Sistema de Iluminação/Sinalização,Colisão traseira,Com Vítimas Feridas,Plena Noite,Decrescente,Céu Claro,Dupla,Reta,Sim,4,0,0,2,0,2,2,3,"-8,18470013","-34,96816895",SPRF-PE,DEL01-PE,UOP01-DEL01-PE
531616,2023-06-24,sábado,18:30:00,PE,101,85,JABOATAO DOS GUARARAPES,Reação tardia ou ineficiente do condutor,Colisão lateral mesmo sentido,Com Vítimas Feridas,Plena Noite,Decrescente,Nublado,Dupla,Reta,Não,3,0,1,0,0,2,1,3,"-8,18065563","-34,95965322",SPRF-PE,DEL01-PE,UOP01-DEL01-PE
531660,2023-06-24,sábado,23:16:00,PE,232,176,BELO JARDIM,Ingestão de álcool pelo condutor,Colisão frontal,Com Vítimas Feridas,Plena Noite,Decrescente,Chuva,Dupla,Reta,Sim,4,0,3,1,0,0,4,2,"-8,34573608","-36,39481995",SPRF-PE,DEL03-PE,UOP02-DEL03-PE
531677,2023-06-25,domingo,04:40:00,PE,101,"75,6",RECIFE,Ausência de reação do condutor,Colisão com objeto,Com Vítimas Feridas,Plena Noite,Crescente,Chuva,Dupla,Reta,Sim,1,0,1,0,0,0,1,1,"-8,10973523","-34,94660151",SPRF-PE,DEL01-PE,UOP01-DEL01-PE
531680,2023-06-25,domingo,04:20:00,PE,423,"94,5",GARANHUNS,Reação tardia ou ineficiente do condutor,Colisão frontal,Com Vítimas Feridas,Plena Noite,Crescente,Garoa/Chuvisco,Simples,Aclive,Sim,2,0,1,0,0,1,1,2,"-8,874732","-36,46946",SPRF-PE,DEL03-PE,UOP01-DEL03-PE
531761,2023-06-25,domingo,14:40:00,PE,232,"51,6",POMBOS,Condutor deixou de manter distância do veículo da frente,Colisão traseira,Com Vítimas Feridas,Pleno dia,Decrescente,Céu Claro,Dupla,Reta;Declive                  ,Não,4,0,1,0,3,0,1,3,"-8,13823439","-35,33196918",SPRF-PE,DEL01-PE,UOP01-DEL01-PE
531785,2023-06-25,domingo,18:35:00,PE,408,86,PAUDALHO,Ausência de reação do condutor,Colisão com objeto,Com Vítimas Feridas,Plena Noite,Crescente,Chuva,Dupla,Reta,Não,1,0,1,0,0,0,1,1,"-7,96010995","-35,09554697",SPRF-PE,DEL01-PE,UOP01-DEL01-PE
531925,2023-06-26,segunda-feira,11:40:00,PE,423,"91,2",GARANHUNS,Reação tardia ou ineficiente do condutor,Colisão traseira,Com Vítimas Feridas,Pleno dia,Crescente,Céu Claro,Simples,Aclive;Reta                   ,Sim,3,0,1,0,2,0,1,2,"-8,85375408","-36,46278381",SPRF-PE,DEL03-PE,UOP01-DEL03-PE
531957,2023-06-26,segunda-feira,14:00:00,PE,232,142,SAO CAITANO,Manobra de mudança de faixa,Saída de leito carroçável,Com Vítimas Feridas,Pleno dia,Crescente,Chuva,Dupla,Reta,Não,2,0,1,1,0,0,2,1,"-8,32242118","-36,09480698",SPRF-PE,DEL02-PE,UOP01-DEL02-PE
532004,2023-06-26,segunda-feira,18:00:00,PE,110,"257,1",JATOBA,Animais na Pista,Atropelamento de Animal,Com Vítimas Feridas,Plena Noite,Decrescente,Nublado,Simples,Reta,Não,1,0,0,1,0,0,1,1,"-9,26903701","-38,22364301",SPRF-BA,DEL07-BA,UOP01-DEL07-BA
532023,2023-06-26,segunda-feira,18:35:00,PE,428,"187,9",PETROLINA,Ausência de reação do condutor,Colisão lateral mesmo sentido,Com Vítimas Feridas,Plena Noite,Crescente,Céu Claro,Dupla,Rotatória,Sim,2,0,1,0,1,0,1,2,"-9,374518","-40,487719",SPRF-PE,DEL06-PE,UOP01-DEL06-PE
532025,2023-06-26,segunda-feira,21:20:00,PE,101,69,RECIFE,Acumulo de água sobre o pavimento,Colisão com objeto,Com Vítimas Feridas,Plena Noite,Crescente,Chuva,Dupla,Reta,Sim,1,0,1,0,0,0,1,1,"-8,05951606","-34,94581024",SPRF-PE,DEL01-PE,UOP01-DEL01-PE
532028,2023-06-26,segunda-feira,18:10:00,PE,428,"185,3",PETROLINA,Ausência de reação do condutor,Colisão transversal,Com Vítimas Fatais,Anoitecer,Crescente,Céu Claro,Dupla,Reta,Sim,3,1,0,0,1,1,0,3,"-9,35282735","-40,47715187",SPRF-PE,DEL06-PE,UOP01-DEL06-PE
532071,2023-06-02,sexta-feira,16:02:00,PE,407,123,PETROLINA,Acessar a via sem observar a presença dos outros veículos,Colisão transversal,Com Vítimas Feridas,Pleno dia,Decrescente,Céu Claro,Simples,Reta,Sim,2,0,1,0,1,0,1,2,"-9,36817","-40,54215",SPRF-PE,DEL06-PE,UOP01-DEL06-PE
532086,2023-06-27,terça-feira,07:00:00,PE,104,122,PANELAS,Reação tardia ou ineficiente do condutor,Atropelamento de Pedestre,Com Vítimas Fatais,Pleno dia,Crescente,Nublado,Simples,Curva,Não,2,1,0,1,0,0,1,2,"-8,71002263","-36,02556467",SPRF-PE,DEL02-PE,UOP03-DEL02-PE
532221,2023-06-27,terça-feira,19:26:00,PE,101,"54,9",PAULISTA,Iluminação deficiente,Tombamento,Com Vítimas Feridas,Plena Noite,Decrescente,Chuva,Dupla,Reta,Não,3,0,1,0,2,0,1,2,"-7,93961103","-34,90356584",SPRF-PE,DEL01-PE,UOP02-DEL01-PE
532224,2023-06-27,terça-feira,19:46:00,PE,424,119,GARANHUNS,Objeto estático sobre o leito carroçável,Colisão com objeto,Com Vítimas Feridas,Plena Noite,Decrescente,Chuva,Simples,Reta,Não,3,0,2,0,1,0,2,2,"-9,03748115","-36,40711731",SPRF-PE,DEL03-PE,UOP01-DEL03-PE
532247,2023-06-27,terça-feira,21:30:00,PE,232,534,TERRA NOVA,Reação tardia ou ineficiente do condutor,Tombamento,Com Vítimas Feridas,Plena Noite,Crescente,Nublado,Simples,Declive,Não,1,0,0,1,0,0,1,1,"-8,07789234","-39,35023599",SPRF-PE,DEL05-PE,UOP01-DEL05-PE
532252,2023-06-28,quarta-feira,00:30:00,PE,232,"9,1",RECIFE,Ausência de reação do condutor,Tombamento,Com Vítimas Feridas,Plena Noite,Decrescente,Chuva,Dupla,Reta;Viaduto                  ,Sim,1,0,1,0,0,0,1,1,"-8,07917241","-34,98718609",SPRF-PE,DEL01-PE,UOP01-DEL01-PE
532283,2023-06-28,quarta-feira,07:35:00,PE,424,"86,5",GARANHUNS,Acessar a via sem observar a presença dos outros veículos,Colisão transversal,Sem Vítimas,Pleno dia,Decrescente,Garoa/Chuvisco,Simples,Reta,Sim,2,0,0,0,1,1,0,2,"-8,87032664","-36,50819063",SPRF-PE,DEL03-PE,UOP01-DEL03-PE
532353,2023-06-28,quarta-feira,15:45:00,PE,101,79,JABOATAO DOS GUARARAPES,Trafegar com motocicleta (ou similar) entre as faixas,Colisão traseira,Com Vítimas Feridas,Pleno dia,Crescente,Céu Claro,Dupla,Curva,Sim,2,0,1,0,1,0,1,2,"-8,14366112","-34,94723453",SPRF-PE,DEL01-PE,UOP01-DEL01-PE
532380,2023-06-28,quarta-feira,17:20:00,PE,232,"420,3",SERRA TALHADA,Condutor deixou de manter distância do veículo da frente,Colisão traseira,Com Vítimas Feridas,Anoitecer,Crescente,Nublado,Simples,Reta;Aclive                   ,Não,2,0,1,0,1,0,1,2,"-7,9959603","-38,38693612",SPRF-PE,DEL04-PE,UOP01-DEL04-PE
532432,2023-06-28,quarta-feira,19:45:00,PE,101,54,PAULISTA,Demais falhas na via,Saída de leito carroçável,Com Vítimas Feridas,Plena Noite,Decrescente,Chuva,Dupla,Reta,Não,1,0,1,0,0,0,1,1,"-7,93961103","-34,90356584",SPRF-PE,DEL01-PE,UOP02-DEL01-PE
532437,2023-06-28,quarta-feira,19:10:00,PE,232,14,JABOATAO DOS GUARARAPES,Ausência de reação do condutor,Queda de ocupante de veículo,Com Vítimas Feridas,Plena Noite,Decrescente,Chuva,Dupla,Reta,Não,1,0,1,0,0,0,1,1,"-8,09025488","-35,02052302",SPRF-PE,DEL01-PE,UOP01-DEL01-PE
532533,2023-06-29,quinta-feira,11:26:00,PE,232,7,RECIFE,Condutor deixou de manter distância do veículo da frente,Colisão traseira,Sem Vítimas,Pleno dia,Decrescente,Nublado,Múltipla,Reta,Sim,2,0,0,0,2,0,0,2,"-8,074504","-34,964832",SPRF-PE,DEL01-PE,UOP01-DEL01-PE
532542,2023-06-29,quinta-feira,12:40:00,PE,232,103,BEZERROS,Transitar no Acostamento,Colisão traseira,Com Vítimas Feridas,Pleno dia,Decrescente,Chuva,Dupla,Reta,Não,2,0,1,0,1,0,1,2,"-8,25219029","-35,76584983",SPRF-PE,DEL02-PE,UOP02-DEL02PE
532565,2023-06-29,quinta-feira,13:10:00,PE,104,"2,9",TAQUARITINGA DO NORTE,Pista Escorregadia,Capotamento,Com Vítimas Feridas,Pleno dia,Crescente,Chuva,Simples,Reta,Não,1,0,1,0,0,0,1,1,"-7,801299","-36,099957",SPRF-PE,DEL02-PE,UOP01-DEL02-PE
532665,2023-06-29,quinta-feira,22:58:00,PE,101,"54,7",PAULISTA,Chuva,Atropelamento de Pedestre,Com Vítimas Fatais,Plena Noite,Decrescente,Chuva,Dupla,Reta,Sim,3,1,0,0,1,1,0,3,"-7,93961103","-34,90356584",SPRF-PE,DEL01-PE,UOP02-DEL01-PE
532699,2023-06-11,domingo,01:21:00,PE,104,66,CARUARU,Transitar na contramão,Colisão frontal,Com Vítimas Fatais,Plena Noite,Crescente,Céu Claro,Dupla,Curva,Sim,3,1,0,1,1,0,1,2,"-8,2937","-35,9864",SPRF-PE,DEL02-PE,UOP01-DEL02-PE
532788,2023-06-30,sexta-feira,10:50:00,PE,101,"75,7",RECIFE,Condutor deixou de manter distância do veículo da frente,Colisão traseira,Com Vítimas Feridas,Pleno dia,Decrescente,Céu Claro,Dupla,Reta,Não,2,0,1,0,1,0,1,2,"-8,10973523","-34,94660151",SPRF-PE,DEL01-PE,UOP01-DEL01-PE
532789,2023-06-30,sexta-feira,15:30:00,PE,316,248,BELEM DE SAO FRANCISCO,Animais na Pista,Saída de leito carroçável,Com Vítimas Feridas,Pleno dia,Decrescente,Céu Claro,Simples,Reta,Não,2,0,2,0,0,0,2,1,"-8,66960846","-38,98660323",SPRF-PE,DEL05-PE,UOP03-DEL05-PE
532878,2023-07-01,sábado,02:55:00,PE,232,"32,5",MORENO,Entrada inopinada do pedestre,Atropelamento de Pedestre,Com Vítimas Fatais,Plena Noite,Decrescente,Nublado,Dupla,Declive;Reta                  ,Não,3,1,0,0,2,0,0,2,"-8,10541732","-35,1665671",SPRF-PE,DEL01-PE,UOP01-DEL01-PE
532976,2023-07-01,sábado,12:05:00,PE,104,63,CARUARU,Ausência de reação do condutor,Colisão com objeto,Com Vítimas Feridas,Pleno dia,Crescente,Chuva,Dupla,Declive,Sim,1,0,1,0,0,0,1,1,"-8,2698","-35,9803",SPRF-PE,DEL02-PE,UOP01-DEL02-PE
533171,2023-07-02,domingo,07:15:00,PE,101,"76,8",RECIFE,Demais falhas mecânicas ou elétricas,Incêndio,Sem Vítimas,Pleno dia,Crescente,Garoa/Chuvisco,Dupla,Declive;Reta                  ,Sim,1,0,0,0,1,0,0,1,"-8,11813811","-34,94329214",SPRF-PE,DEL01-PE,UOP01-DEL01-PE
533187,2023-06-11,domingo,23:50:00,PE,232,192,SANHARO,Ausência de reação do condutor,Colisão frontal,Com Vítimas Fatais,Plena Noite,Decrescente,Céu Claro,Simples,Reta,Não,5,1,3,0,1,0,3,2,"-8,35793154","-36,53676104",SPRF-PE,DEL03-PE,UOP02-DEL03-PE
533213,2023-07-02,domingo,11:00:00,PE,408,"61,3",CARPINA,Conversão proibida,Colisão traseira,Com Vítimas Feridas,Pleno dia,Decrescente,Nublado,Simples,Declive;Reta                  ,Sim,2,0,0,1,1,0,1,2,"-7,82301302","-35,24568219",SPRF-PE,DEL01-PE,UOP01-DEL01-PE
533310,2023-07-02,domingo,19:40:00,PE,101,"56,1",RECIFE,Acessar a via sem observar a presença dos outros veículos,Colisão lateral sentido oposto,Com Vítimas Feridas,Plena Noite,Decrescente,Chuva,Dupla,Interseção de Vias,Sim,2,0,0,1,0,1,1,2,"-7,9554509","-34,91140727",SPRF-PE,DEL01-PE,UOP02-DEL01-PE