id,data_inversa,dia_semana,horario,uf,br,km,municipio,causa_acidente,tipo_acidente,classificacao_acidente,fase_dia,sentido_via,condicao_metereologica,tipo_pista,tracado_via,uso_solo,pessoas,mortos,feridos_leves,feridos_graves,ilesos,ignorados,feridos,veiculos,latitude,longitude,regional,delegacia,uop
533351,2023-07-02,domingo,22:45:00,PE,423,"75,5",JUCATI,Falta de elemento de contenção que evite a saída do leito carroçável,Saída de leito carroçável,Com Vítimas Feridas,Plena Noite,Crescente,Nublado,Simples,Curva;Declive                 ,Não,2,0,1,0,0,1,1,1,"-8,72813571","-36,43177986",SPRF-PE,DEL03-PE,UOP01-DEL03-PE
533434,2023-07-03,segunda-feira,10:20:00,PE,408,52,NAZARE DA MATA,Condutor deixou de manter distância do veículo da frente,Colisão traseira,Sem Vítimas,Pleno dia,Crescente,Céu Claro,Simples,Reta,Sim,3,0,0,0,3,0,0,2,"-7,74599502","-35,2344547",SPRF-PE,DEL01-PE,UOP02-DEL01-PE
533443,2023-07-03,segunda-feira,11:30:00,PE,101,76,RECIFE,Ausência de reação do condutor,Queda de ocupante de veículo,Com Vítimas Feridas,Pleno dia,Decrescente,Céu Claro,Dupla,Curva,Não,2,0,2,0,0,0,2,1,"-8,11813811","-34,94329214",SPRF-PE,DEL01-PE,UOP01-DEL01-PE
533517,2023-07-03,segunda-feira,18:50:00,PE,101,"64,5",RECIFE,Condutor deixou de manter distância do veículo da frente,Colisão traseira,Com Vítimas Feridas,Plena Noite,Crescente,Céu Claro,Dupla,Reta,Não,2,0,1,0,1,0,1,2,"-8,0162921","-34,94045886",SPRF-PE,DEL01-PE,UOP01-DEL01-PE
533563,2023-07-04,terça-feira,03:50:00,PE,423,"117,7",PARANATAMA,Condutor deixou de manter distância do veículo da frente,Colisão traseira,Com Vítimas Feridas,Amanhecer,Decrescente,Céu Claro,Simples,Reta,Não,3,0,1,0,2,0,1,2,"-8,908622","-36,676697",SPRF-PE,DEL03-PE,UOP01-DEL03-PE
533574,2023-07-04,terça-feira,06:30:00,PE,232,71,GRAVATA,Acessar a via sem observar a presença dos outros veículos,Colisão traseira,Com Vítimas Feridas,Pleno dia,Decrescente,Céu Claro,Dupla,Reta,Não,2,0,1,0,1,0,1,2,"-8,18344403","-35,49296599",SPRF-PE,DEL02-PE,UOP02-DEL02PE
533579,2023-07-04,terça-feira,08:00:00,PE,423,76,JUCATI,Pista esburacada,Tombamento,Com Vítimas Feridas,Pleno dia,Decrescente,Céu Claro,Simples,Aclive,Não,2,0,2,0,0,0,2,1,"-8,7318390136","-36,4314601458",SPRF-PE,DEL03-PE,UOP01-DEL03-PE
533622,2023-07-04,terça-feira,12:00:00,PE,101,"67,5",RECIFE,Condutor deixou de manter distância do veículo da frente,Colisão traseira,Com Vítimas Feridas,Pleno dia,Crescente,Céu Claro,Dupla,Reta,Sim,2,0,0,1,1,0,1,2,"-8,042334","-34,943096",SPRF-PE,DEL01-PE,UOP01-DEL01-PE
533633,2023-02-02,quinta-feira,11:15:00,PE,101,76,RECIFE,Reação tardia ou ineficiente do condutor,Saída de leito carroçável,Com Vítimas Feridas,Pleno dia,Decrescente,Céu Claro,Dupla,Reta,Não,3,0,1,1,0,1,2,2,"-8,11813811","-34,94329214",SPRF-PE,DEL01-PE,UOP01-DEL01-PE
533705,2023-07-04,terça-feira,18:24:00,PE,232,66,CARUARU,Reação tardia ou ineficiente do condutor,Colisão traseira,Com Vítimas Feridas,Plena Noite,Crescente,Garoa/Chuvisco,Dupla,Reta,Sim,4,0,3,0,1,0,3,3,"-8,28796944","-35,98436058",SPRF-PE,DEL02-PE,UOP02-DEL02PE
533721,2023-07-04,terça-feira,18:50:00,PE,232,394,SERRA TALHADA,Animais na Pista,Atropelamento de Animal,Com Vítimas Feridas,Plena Noite,Crescente,Nublado,Simples,Reta,Não,2,0,2,0,0,0,2,1,"-8,02725978","-38,17461297",SPRF-PE,DEL04-PE,UOP01-DEL04-PE
533734,2023-07-04,terça-feira,23:50:00,PE,101,86,JABOATAO DOS GUARARAPES,Manobra de mudança de faixa,Colisão lateral mesmo sentido,Com Vítimas Feridas,Plena Noite,Crescente,Chuva,Dupla,Reta,Sim,2,0,1,0,0,1,1,2,"-8,18470013","-34,96816895",SPRF-PE,DEL01-PE,UOP01-DEL01-PE
533768,2023-07-05,quarta-feira,09:00:00,PE,101,87,JABOATAO DOS GUARARAPES,Condutor deixou de manter distância do veículo da frente,Colisão traseira,Com Vítimas Feridas,Pleno dia,Decrescente,Céu Claro,Dupla,Reta,Não,2,0,1,0,1,0,1,2,"-8,19120206","-34,97449985",SPRF-PE,DEL01-PE,UOP01-DEL01-PE
533793,2023-07-05,quarta-feira,08:15:00,PE,423,"94,6",GARANHUNS,Conversão proibida,Colisão frontal,Com Vítimas Feridas,Pleno dia,Crescente,Céu Claro,Simples,Reta,Não,2,0,1,0,1,0,1,2,"-8,87891989","-36,47796305",SPRF-PE,DEL03-PE,UOP01-DEL03-PE
533808,2023-07-05,quarta-feira,12:14:00,PE,232,182,BELO JARDIM,Acessar a via sem observar a presença dos outros veículos,Colisão frontal,Com Vítimas Feridas,Pleno dia,Decrescente,Céu Claro,Simples,Reta,Não,5,0,5,0,0,0,5,2,"-8,34804728","-36,44664994",SPRF-PE,DEL03-PE,UOP02-DEL03-PE
533994,2023-07-01,sábado,23:10:00,PE,104,67,CARUARU,Reação tardia ou ineficiente do condutor,Colisão traseira,Sem Vítimas,Plena Noite,Crescente,Garoa/Chuvisco,Múltipla,Reta,Sim,2,0,0,0,2,0,0,2,"-8,29451779","-35,98684967",SPRF-PE,DEL02-PE,UOP01-DEL02-PE
534034,2023-07-03,segunda-feira,18:20:00,PE,407,125,PETROLINA,Acessar a via sem observar a presença dos outros veículos,Colisão traseira,Sem Vítimas,Plena Noite,Crescente,Céu Claro,Dupla,Retorno Regulamentado,Sim,2,0,0,0,2,0,0,2,"-9,37739336","-40,53595733",SPRF-PE,DEL06-PE,UOP01-DEL06-PE
534178,2023-07-06,quinta-feira,12:20:00,PE,423,"77,3",JUPI,Condutor deixou de manter distância do veículo da frente,Colisão traseira,Sem Vítimas,Pleno dia,Decrescente,Nublado,Simples,Reta;Aclive                   ,Não,3,0,0,0,2,1,0,3,"-8,740482","-36,43069893",SPRF-PE,DEL03-PE,UOP01-DEL03-PE
534180,2023-07-07,sexta-feira,08:00:00,PE,232,13,JABOATAO DOS GUARARAPES,Acumulo de água sobre o pavimento,Capotamento,Com Vítimas Feridas,Pleno dia,Decrescente,Chuva,Dupla,Reta;Declive                  ,Sim,2,0,2,0,0,0,2,1,"-8,08831567","-35,01203806",SPRF-PE,DEL01-PE,UOP01-DEL01-PE
534231,2023-06-17,sábado,08:50:00,PE,428,"180,7",PETROLINA,Condutor deixou de manter distância do veículo da frente,Colisão traseira,Sem Vítimas,Pleno dia,Decrescente,Céu Claro,Simples,Reta,Não,3,0,0,0,3,0,0,2,"-9,31513013","-40,45737863",SPRF-PE,DEL06-PE,UOP01-DEL06-PE
534244,2023-07-07,sexta-feira,11:25:00,PE,104,"75,7",CARUARU,Manobra de mudança de faixa,Colisão lateral mesmo sentido,Com Vítimas Feridas,Pleno dia,Decrescente,Chuva,Simples,Reta,Não,2,0,1,0,1,0,1,2,"-8,358562","-35,985699",SPRF-PE,DEL02-PE,UOP01-DEL02-PE
534263,2023-07-07,sexta-feira,14:30:00,PE,408,"63,6",CARPINA,Acessar a via sem observar a presença dos outros veículos,Colisão transversal,Com Vítimas Feridas,Pleno dia,Crescente,Chuva,Simples,Interseção de Vias;Reta       ,Sim,2,0,2,0,0,0,2,2,"-7,844983","-35,238542",SPRF-PE,DEL01-PE,UOP01-DEL01-PE
534278,2023-07-07,sexta-feira,15:40:00,PE,101,106,CABO DE SANTO AGOSTINHO,Acumulo de água sobre o pavimento,Saída de leito carroçável,Com Vítimas Feridas,Anoitecer,Decrescente,Chuva,Múltipla,Curva,Não,1,0,1,0,0,0,1,1,"-8,30807754","-35,07573296",SPRF-PE,DEL01-PE,UOP03-DEL01-PE
534279,2023-07-07,sexta-feira,16:15:00,PE,101,106,CABO DE SANTO AGOSTINHO,Ausência de reação do condutor,Capotamento,Com Vítimas Feridas,Pleno dia,Decrescente,Chuva,Dupla,Curva,Não,1,0,1,0,0,0,1,1,"-8,30807754","-35,07573296",SPRF-PE,DEL01-PE,UOP03-DEL01-PE
534283,2023-07-07,sexta-feira,17:10:00,PE,232,"12,9",JABOATAO DOS GUARARAPES,Pista esburacada,Queda de ocupante de veículo,Com Vítimas Feridas,Plena Noite,Crescente,Chuva,Dupla,Reta,Não,1,0,1,0,0,0,1,1,"-8,08577691","-35,00345603",SPRF-PE,DEL01-PE,UOP01-DEL01-PE
534289,2023-07-07,sexta-feira,17:35:00,PE,232,"16,9",JABOATAO DOS GUARARAPES,Acessar a via sem observar a presença dos outros veículos,Colisão traseira,Com Vítimas Feridas,Plena Noite,Decrescente,Chuva,Múltipla,Retorno Regulamentado,Não,3,0,2,0,1,0,2,2,"-8,09414193","-35,03716601",SPRF-PE,DEL01-PE,UOP01-DEL01-PE
534396,2023-07-08,sábado,04:00:00,PE,101,41,IGARASSU,Ausência de reação do condutor,Colisão traseira,Sem Vítimas,Amanhecer,Decrescente,Nublado,Múltipla,Declive;Reta                  ,Sim,2,0,0,0,1,1,0,2,"-7,83038346","-34,91426785",SPRF-PE,DEL01-PE,UOP02-DEL01-PE
534450,2023-07-08,sábado,10:18:00,PE,101,68,RECIFE,Ausência de reação do condutor,Colisão com objeto,Sem Vítimas,Pleno dia,Crescente,Sol,Múltipla,Reta,Sim,1,0,0,0,1,0,0,1,"-8,05074296","-34,94580619",SPRF-PE,DEL01-PE,UOP01-DEL01-PE
534454,2023-07-08,sábado,10:17:00,PE,104,87,AGRESTINA,Entrada inopinada do pedestre,Atropelamento de Pedestre,Com Vítimas Feridas,Pleno dia,Crescente,Nublado,Simples,Reta,Sim,2,0,0,1,0,1,1,2,"-8,454104","-35,945515",SPRF-PE,DEL02-PE,UOP01-DEL02-PE
534509,2023-07-08,sábado,14:50:00,PE,101,68,RECIFE,Acessar a via sem observar a presença dos outros veículos,Colisão lateral mesmo sentido,Com Vítimas Feridas,Pleno dia,Decrescente,Nublado,Dupla,Rotatória,Sim,2,0,1,0,1,0,1,2,"-8,05074296","-34,94580619",SPRF-PE,DEL01-PE,UOP01-DEL01-PE
534548,2023-07-08,sábado,18:18:00,PE,232,13,JABOATAO DOS GUARARAPES,Chuva,Tombamento,Com Vítimas Feridas,Plena Noite,Crescente,Chuva,Dupla,Reta;Aclive                   ,Não,2,0,0,1,1,0,1,1,"-8,08831567","-35,01203806",SPRF-PE,DEL01-PE,UOP01-DEL01-PE
534581,2023-07-08,sábado,19:57:00,PE,423,96,GARANHUNS,Ingestão de álcool pelo condutor,Colisão lateral sentido oposto,Sem Vítimas,Plena Noite,Decrescente,Garoa/Chuvisco,Simples,Curva;Aclive                  ,Não,2,0,0,0,2,0,0,2,"-8,88021822","-36,48651678",SPRF-PE,DEL03-PE,UOP01-DEL03-PE
534653,2023-07-09,domingo,03:15:00,PE,101,"177,7",JOAQUIM NABUCO,Ausência de reação do condutor,Colisão com objeto,Com Vítimas Feridas,Plena Noite,Decrescente,Céu Claro,Dupla,Curva,Não,5,0,2,3,0,0,5,1,"-8,61465005","-35,5476602",SPRF-PE,DEL01-PE,UOP03-DEL01-PE
534667,2023-07-09,domingo,05:58:00,PE,232,10,JABOATAO DOS GUARARAPES,Ausência de reação do condutor,Colisão traseira,Sem Vítimas,Amanhecer,Crescente,Nublado,Dupla,Reta;Em Obras                 ,Não,2,0,0,0,1,1,0,2,"-8,079446","-34,989003",SPRF-PE,DEL01-PE,UOP01-DEL01-PE
534688,2023-07-09,domingo,07:10:00,PE,101,46,IGARASSU,Ingestão de álcool pelo condutor,Colisão traseira,Sem Vítimas,Pleno dia,Decrescente,Nublado,Múltipla,Reta,Sim,2,0,0,0,2,0,0,2,"-7,87406004","-34,90588126",SPRF-PE,DEL01-PE,UOP02-DEL01-PE
534733,2023-07-09,domingo,12:20:00,PE,316,242,BELEM DE SAO FRANCISCO,Animais na Pista,Atropelamento de Animal,Com Vítimas Feridas,Pleno dia,Crescente,Céu Claro,Simples,Reta,Não,1,0,1,0,0,0,1,1,"-8,64506782","-39,03499691",SPRF-PE,DEL05-PE,UOP03-DEL05-PE
534815,2023-07-09,domingo,17:54:00,PE,423,"69,8",JUPI,Ultrapassagem Indevida,Colisão frontal,Com Vítimas Feridas,Plena Noite,Crescente,Garoa/Chuvisco,Simples,Reta,Não,4,0,0,2,0,2,2,2,"-8,67648714","-36,40182687",SPRF-PE,DEL03-PE,UOP01-DEL03-PE
534820,2023-07-09,domingo,18:50:00,PE,101,"40,7",IGARASSU,Condutor deixou de manter distância do veículo da frente,Colisão traseira,Com Vítimas Feridas,Plena Noite,Decrescente,Céu Claro,Dupla,Reta,Sim,3,0,1,0,1,1,1,2,"-7,821475","-34,916545",SPRF-PE,DEL01-PE,UOP02-DEL01-PE
534867,2023-07-10,segunda-feira,00:15:00,PE,232,9,JABOATAO DOS GUARARAPES,Manobra de mudança de faixa,Colisão traseira,Com Vítimas Feridas,Plena Noite,Crescente,Céu Claro,Dupla,Em Obras;Reta                 ,Sim,2,0,1,0,1,0,1,2,"-8,07764447","-34,97863609",SPRF-PE,DEL01-PE,UOP01-DEL01-PE
534944,2023-06-16,sexta-feira,13:30:00,PE,101,"68,8",RECIFE,Trafegar com motocicleta (ou similar) entre as faixas,Tombamento,Com Vítimas Fatais,Pleno dia,Crescente,Céu Claro,Múltipla,Curva,Sim,1,1,0,0,0,0,0,1,"-8,05074296","-34,94580619",SPRF-PE,DEL01-PE,UOP01-DEL01-PE
534948,2023-07-10,segunda-feira,12:07:00,PE,101,70,RECIFE,Acessar a via sem observar a presença dos outros veículos,Colisão lateral mesmo sentido,Com Vítimas Feridas,Pleno dia,Decrescente,Céu Claro,Dupla,Interseção de Vias;Curva      ,Sim,2,0,1,0,1,0,1,2,"-8,06776119","-34,94265074",SPRF-PE,DEL01-PE,UOP01-DEL01-PE
534965,2023-04-23,domingo,07:00:00,PE,407,"46,9",PETROLINA,Reação tardia ou ineficiente do condutor,Saída de leito carroçável,Com Vítimas Feridas,Pleno dia,Decrescente,Céu Claro,Simples,Reta,Não,2,0,0,2,0,0,2,1,"-8,78481585","-40,87824463",SPRF-PE,DEL06-PE,UOP02-DEL06-PE
534978,2023-06-16,sexta-feira,21:30:00,PE,407,68,PETROLINA,Animais na Pista,Saída de leito carroçável,Com Vítimas Feridas,Plena Noite,Decrescente,Céu Claro,Simples,Reta,Não,1,0,1,0,0,0,1,1,"-8,9139989","-40,74412076",SPRF-PE,DEL06-PE,UOP02-DEL06-PE
535161,2023-07-11,terça-feira,08:30:00,PE,423,177,AGUAS BELAS,Ausência de reação do condutor,Capotamento,Com Vítimas Feridas,Pleno dia,Crescente,Nublado,Simples,Reta,Sim,3,0,1,0,2,0,1,1,"-9,13016345","-37,11460498",SPRF-AL,DEL03-AL,UOP02-DEL03-AL
535169,2023-07-11,terça-feira,15:00:00,PE,104,"62,5",CARUARU,Entrada inopinada do pedestre,Atropelamento de Pedestre,Com Vítimas Feridas,Pleno dia,Decrescente,Nublado,Múltipla,Reta,Sim,4,0,0,1,1,2,1,2,"-8,25312284","-35,97514451",SPRF-PE,DEL02-PE,UOP01-DEL02-PE
535261,2023-07-12,quarta-feira,01:10:00,PE,101,70,RECIFE,Frear bruscamente,Saída de leito carroçável,Sem Vítimas,Plena Noite,Crescente,Garoa/Chuvisco,Dupla,Reta,Não,1,0,0,0,1,0,0,1,"-8,06776119","-34,94265074",SPRF-PE,DEL01-PE,UOP01-DEL01-PE
535283,2023-07-12,quarta-feira,07:20:00,PE,101,52,PAULISTA,Reação tardia ou ineficiente do condutor,Queda de ocupante de veículo,Com Vítimas Feridas,Pleno dia,Crescente,Céu Claro,Dupla,Interseção de Vias,Sim,1,0,1,0,0,0,1,1,"-7,92358799","-34,89607201",SPRF-PE,DEL01-PE,UOP02-DEL01-PE
535303,2023-07-12,quarta-feira,08:45:00,PE,232,"9,8",JABOATAO DOS GUARARAPES,Manobra de mudança de faixa,Colisão lateral mesmo sentido,Com Vítimas Feridas,Pleno dia,Decrescente,Céu Claro,Dupla,Reta;Declive;Em Obras         ,Sim,2,0,0,1,1,0,1,2,"-8,079406","-34,987558",SPRF-PE,DEL01-PE,UOP01-DEL01-PE
535306,2023-07-12,quarta-feira,08:25:00,PE,232,"194,7",SANHARO,Acessar a via sem observar a presença dos outros veículos,Colisão transversal,Com Vítimas Feridas,Pleno dia,Crescente,Céu Claro,Simples,Reta,Sim,3,0,1,0,2,0,1,2,"-8,36209062","-36,55441109",SPRF-PE,DEL03-PE,UOP02-DEL03-PE
535312,2023-07-12,quarta-feira,07:10:00,PE,407,11,AFRANIO,Acesso irregular,Saída de leito carroçável,Com Vítimas Feridas,Pleno dia,Decrescente,Sol,Simples,Declive,Não,2,0,2,0,0,0,2,1,"-8,52235038","-41,00629807",SPRF-PE,DEL06-PE,UOP02-DEL06-PE
535322,2023-07-12,quarta-feira,07:58:00,PE,110,147,IBIMIRIM,Demais falhas mecânicas ou elétricas,Incêndio,Sem Vítimas,Pleno dia,Crescente,Céu Claro,Simples,Reta,Sim,1,0,0,0,1,0,0,1,"-8,52665017","-37,69045673",SPRF-PE,DEL04-PE,UOP02-DEL04-PE
535356,2023-07-12,quarta-feira,11:30:00,PE,232,197,SANHARO,Acessar a via sem observar a presença dos outros veículos,Colisão transversal,Com Vítimas Fatais,Pleno dia,Crescente,Céu Claro,Simples,Reta,Sim,7,1,1,1,4,0,2,2,"-8,36891793","-36,580362",SPRF-PE,DEL03-PE,UOP02-DEL03-PE
535382,2023-07-11,terça-feira,11:45:00,PE,101,150,RIBEIRAO,Animais na Pista,Atropelamento de Animal,Sem Vítimas,Pleno dia,Decrescente,Nublado,Dupla,Reta,Não,3,0,0,0,3,0,0,2,"-8,49669957","-35,38211017",SPRF-PE,DEL01-PE,UOP03-DEL01-PE
535469,2023-07-13,quinta-feira,02:30:00,PE,428,"185,8",PETROLINA,Iluminação deficiente,Queda de ocupante de veículo,Com Vítimas Feridas,Plena Noite,Decrescente,Céu Claro,Simples,Reta,Sim,1,0,1,0,0,0,1,1,"-9,36081","-40,48093",SPRF-PE,DEL06-PE,UOP01-DEL06-PE
535517,2023-07-13,quinta-feira,09:50:00,PE,104,"30,1",TORITAMA,Acessar a via sem observar a presença dos outros veículos,Colisão transversal,Sem Vítimas,Pleno dia,Decrescente,Céu Claro,Simples,Aclive;Reta                   ,Sim,3,0,0,0,3,0,0,2,"-8,0137","-36,0565",SPRF-PE,DEL02-PE,UOP01-DEL02-PE
535561,2023-07-07,sexta-feira,09:20:00,PE,428,"189,8",PETROLINA,Condutor desrespeitou a iluminação vermelha do semáforo,Colisão transversal,Com Vítimas Feridas,Pleno dia,Crescente,Céu Claro,Dupla,Interseção de Vias,Sim,2,0,1,1,0,0,2,2,"-9,37792436","-40,50425291",SPRF-PE,DEL06-PE,UOP01-DEL06-PE
535598,2023-07-13,quinta-feira,17:36:00,PE,232,17,JABOATAO DOS GUARARAPES,Ausência de reação do condutor,Colisão traseira,Com Vítimas Feridas,Plena Noite,Decrescente,Nublado,Dupla,Reta,Sim,4,0,2,0,2,0,2,3,"-8,09414193","-35,03716601",SPRF-PE,DEL01-PE,UOP01-DEL01-PE
535730,2023-07-14,sexta-feira,10:15:00,PE,101,68,RECIFE,Acumulo de óleo sobre o pavimento,Tombamento,Com Vítimas Feridas,Pleno dia,Crescente,Céu Claro,Dupla,Curva,Sim,1,0,1,0,0,0,1,1,"-8,05074296","-34,94580619",SPRF-PE,DEL01-PE,UOP01-DEL01-PE
535731,2023-07-14,sexta-feira,10:15:00,PE,101,67,RECIFE,Acumulo de óleo sobre o pavimento,Tombamento,Com Vítimas Feridas,Pleno dia,Crescente,Céu Claro,Dupla,Curva,Sim,1,0,1,0,0,0,1,1,"-8,042334","-34,943096",SPRF-PE,DEL01-PE,UOP01-DEL01-PE
535740,2023-07-14,sexta-feira,09:30:00,PE,101,110,CABO DE SANTO AGOSTINHO,Velocidade Incompatível,Tombamento,Com Vítimas Feridas,Pleno dia,Crescente,Céu Claro,Dupla,Curva,Não,2,0,2,0,0,0,2,1,"-8,317046","-35,107258",SPRF-PE,DEL01-PE,UOP03-DEL01-PE
535751,2023-07-14,sexta-feira,10:50:00,PE,423,"91,3",GARANHUNS,Acessar a via sem observar a presença dos outros veículos,Colisão transversal,Com Vítimas Feridas,Pleno dia,Decrescente,Sol,Simples,Reta;Declive                  ,Sim,3,0,0,2,1,0,2,2,"-8,85375408","-36,46278381",SPRF-PE,DEL03-PE,UOP01-DEL03-PE
535756,2023-07-14,sexta-feira,10:20:00,PE,232,"409,7",SERRA TALHADA,Acessar a via sem observar a presença dos outros veículos,Colisão transversal,Com Vítimas Feridas,Pleno dia,Crescente,Sol,Simples,Retorno Regulamentado;Interseç,Sim,3,0,1,1,1,0,2,2,"-7,981944","-38,289467",SPRF-PE,DEL04-PE,UOP01-DEL04-PE
535765,2023-07-14,sexta-feira,13:00:00,PE,232,47,VITORIA DE SANTO ANTAO,Demais falhas mecânicas ou elétricas,Incêndio,Com Vítimas Feridas,Pleno dia,Crescente,Sol,Dupla,Reta,Não,1,0,1,0,0,0,1,1,"-8,13769724","-35,29733789",SPRF-PE,DEL01-PE,UOP01-DEL01-PE
535814,2023-07-14,sexta-feira,17:13:00,PE,101,50,RECIFE,Trafegar com motocicleta (ou similar) entre as faixas,Colisão lateral mesmo sentido,Sem Vítimas,Anoitecer,Crescente,Céu Claro,Múltipla,Reta,Sim,4,0,0,0,2,2,0,3,"-7,98344307","-34,93176727",SPRF-PE,DEL01-PE,UOP02-DEL01-PE
535827,2023-07-14,sexta-feira,17:57:00,PE,101,"157,3",RIBEIRAO,Acessar a via sem observar a presença dos outros veículos,Colisão lateral mesmo sentido,Com Vítimas Feridas,Anoitecer,Decrescente,Céu Claro,Dupla,Reta,Não,2,0,1,0,0,1,1,2,"-8,55352976","-35,3964161",SPRF-PE,DEL01-PE,UOP03-DEL01-PE
535926,2023-07-15,sábado,05:30:00,PE,316,80,OURICURI,Ausência de reação do condutor,Saída de leito carroçável,Com Vítimas Fatais,Pleno dia,Crescente,Céu Claro,Simples,Reta,Não,4,1,0,3,0,0,3,1,"-7,86203027","-40,10893727",SPRF-PE,DEL05-PE,UOP02-DEL05-PE
535939,2023-07-15,sábado,07:30:00,PE,101,39,IGARASSU,Acesso irregular,Colisão transversal,Com Vítimas Feridas,Pleno dia,Crescente,Sol,Múltipla,Reta;Declive                  ,Não,4,0,2,0,2,0,2,2,"-7,81259899","-34,91890497",SPRF-PE,DEL01-PE,UOP02-DEL01-PE
535973,2023-07-15,sábado,10:20:00,PE,428,187,PETROLINA,Condutor desrespeitou a iluminação vermelha do semáforo,Colisão transversal,Com Vítimas Feridas,Pleno dia,Decrescente,Céu Claro,Dupla,Reta,Sim,3,0,2,0,1,0,2,2,"-9,37806197","-40,50431728",SPRF-PE,DEL06-PE,UOP01-DEL06-PE
535975,2023-07-15,sábado,09:00:00,PE,101,51,ABREU E LIMA,Manobra de mudança de faixa,Colisão lateral mesmo sentido,Com Vítimas Feridas,Pleno dia,Decrescente,Céu Claro,Múltipla,Reta,Sim,2,0,1,0,1,0,1,2,"-7,9169968","-34,89689272",SPRF-PE,DEL01-PE,UOP02-DEL01-PE
536033,2023-07-15,sábado,16:50:00,PE,428,186,PETROLINA,Ingestão de álcool pelo condutor,Colisão lateral mesmo sentido,Com Vítimas Feridas,Pleno dia,Decrescente,Céu Claro,Dupla,Reta,Sim,3,0,2,0,1,0,2,2,"-9,34807826","-40,47441248",SPRF-PE,DEL06-PE,UOP01-DEL06-PE
536076,2023-07-15,sábado,18:30:00,PE,232,515,SALGUEIRO,Condutor deixou de manter distância do veículo da frente,Colisão traseira,Com Vítimas Feridas,Anoitecer,Crescente,Céu Claro,Simples,Reta,Não,6,0,3,0,2,1,3,2,"-8,068192","-39,180042",SPRF-PE,DEL05-PE,UOP01-DEL05-PE
536078,2023-07-15,sábado,18:30:00,PE,104,116,PANELAS,Transitar na contramão,Colisão frontal,Com Vítimas Feridas,Plena Noite,Crescente,Céu Claro,Simples,Reta,Sim,3,0,3,0,0,0,3,2,"-8,669848","-36,014065",SPRF-PE,DEL02-PE,UOP03-DEL02-PE
536155,2023-07-16,domingo,06:50:00,PE,232,131,CARUARU,Transitar na contramão,Colisão frontal,Com Vítimas Feridas,Pleno dia,Crescente,Céu Claro,Simples,Reta,Não,2,0,0,1,1,0,1,2,"-8,30117613","-35,99843996",SPRF-PE,DEL02-PE,UOP01-DEL02-PE
536310,2023-07-16,domingo,21:45:00,PE,232,185,BELO JARDIM,Ultrapassagem Indevida,Colisão frontal,Com Vítimas Fatais,Plena Noite,Crescente,Céu Claro,Simples,Reta,Não,7,1,0,5,1,0,5,2,"-8,35206156","-36,47352905",SPRF-PE,DEL03-PE,UOP02-DEL03-PE
536323,2023-07-16,domingo,21:30:00,PE,423,"62,9",LAJEDO,Animais na Pista,Atropelamento de Animal,Com Vítimas Feridas,Plena Noite,Decrescente,Céu Claro,Simples,Reta,Não,3,0,1,1,1,0,2,1,"-8,66011023","-36,33781395",SPRF-PE,DEL03-PE,UOP01-DEL03-PE
536381,2023-07-07,sexta-feira,12:50:00,PE,423,98,GARANHUNS,Condutor deixou de manter distância do veículo da frente,Colisão traseira,Sem Vítimas,Pleno dia,Decrescente,Garoa/Chuvisco,Simples,Reta;Viaduto                  ,Não,2,0,0,0,2,0,0,2,"-8,87715331","-36,50801897",SPRF-PE,DEL03-PE,UOP01-DEL03-PE
536386,2023-07-17,segunda-feira,08:10:00,PE,101,"70,9",RECIFE,Acumulo de areia ou detritos sobre o pavimento,Tombamento,Com Vítimas Feridas,Pleno dia,Decrescente,Céu Claro,Dupla,Reta,Sim,2,0,1,1,0,0,2,1,"-8,075793","-34,942697",SPRF-PE,DEL01-PE,UOP01-DEL01-PE
536387,2023-07-17,segunda-feira,06:55:00,PE,101,"39,6",IGARASSU,Acessar a via sem observar a presença dos outros veículos,Colisão transversal,Sem Vítimas,Pleno dia,Crescente,Céu Claro,Dupla,Aclive;Reta                   ,Não,2,0,0,0,1,1,0,2,"-7,81259899","-34,91890497",SPRF-PE,DEL01-PE,UOP02-DEL01-PE
536396,2023-07-17,segunda-feira,07:40:00,PE,101,72,RECIFE,Ausência de reação do condutor,Saída de leito carroçável,Sem Vítimas,Pleno dia,Crescente,Céu Claro,Dupla,Curva;Aclive                  ,Sim,1,0,0,0,1,0,0,1,"-8,08493106","-34,9450639",SPRF-PE,DEL01-PE,UOP01-DEL01-PE
536399,2023-07-17,segunda-feira,09:00:00,PE,101,71,RECIFE,Manobra de mudança de faixa,Colisão lateral mesmo sentido,Com Vítimas Feridas,Pleno dia,Decrescente,Céu Claro,Dupla,Reta,Sim,2,0,1,0,1,0,1,2,"-8,07663102","-34,94277871",SPRF-PE,DEL01-PE,UOP01-DEL01-PE