id,data_inversa,dia_semana,horario,uf,br,km,municipio,causa_acidente,tipo_acidente,classificacao_acidente,fase_dia,sentido_via,condicao_metereologica,tipo_pista,tracado_via,uso_solo,pessoas,mortos,feridos_leves,feridos_graves,ilesos,ignorados,feridos,veiculos,latitude,longitude,regional,delegacia,uop
536406,2023-07-17,segunda-feira,08:10:00,PE,101,62,RECIFE,Condutor deixou de manter distância do veículo da frente,Colisão traseira,Com Vítimas Feridas,Pleno dia,Crescente,Céu Claro,Dupla,Curva,Não,3,0,1,0,2,0,1,2,"-7,99905898","-34,93899295",SPRF-PE,DEL01-PE,UOP02-DEL01-PE
536427,2023-07-17,segunda-feira,11:30:00,PE,316,366,PETROLANDIA,Condutor deixou de manter distância do veículo da frente,Colisão traseira,Com Vítimas Feridas,Pleno dia,Decrescente,Sol,Simples,Reta;Ponte                    ,Sim,2,0,1,0,1,0,1,2,"-8,97062593","-38,21759485",SPRF-PE,DEL04-PE,UOP03-DEL04-PE
536429,2023-07-17,segunda-feira,10:00:00,PE,116,"12,7",SALGUEIRO,Reação tardia ou ineficiente do condutor,Saída de leito carroçável,Com Vítimas Fatais,Pleno dia,Decrescente,Céu Claro,Simples,Reta,Não,1,1,0,0,0,0,0,1,"-7,94936","-39,134144",SPRF-PE,DEL05-PE,UOP01-DEL05-PE
536468,2023-07-17,segunda-feira,15:50:00,PE,423,"114,5",PARANATAMA,Condutor deixou de manter distância do veículo da frente,Colisão traseira,Com Vítimas Feridas,Pleno dia,Decrescente,Céu Claro,Simples,Reta,Não,3,0,1,1,1,0,2,2,"-8,8998297","-36,64277108",SPRF-PE,DEL03-PE,UOP01-DEL03-PE
536486,2023-07-17,segunda-feira,17:15:00,PE,101,69,RECIFE,Ausência de reação do condutor,Colisão traseira,Com Vítimas Feridas,Pleno dia,Crescente,Céu Claro,Dupla,Reta,Não,2,0,1,0,0,1,1,2,"-8,05951606","-34,94581024",SPRF-PE,DEL01-PE,UOP01-DEL01-PE
536495,2023-07-17,segunda-feira,17:20:00,PE,101,"71,9",RECIFE,Demais falhas na via,Eventos atípicos,Com Vítimas Feridas,Anoitecer,Crescente,Nublado,Dupla,Reta,Sim,4,0,2,0,2,0,2,1,"-8,077963","-34,943023",SPRF-PE,DEL01-PE,UOP01-DEL01-PE
536496,2023-07-17,segunda-feira,15:20:00,PE,101,"46,3",IGARASSU,Demais falhas mecânicas ou elétricas,Tombamento,Com Vítimas Feridas,Pleno dia,Decrescente,Céu Claro,Múltipla,Reta,Não,2,0,2,0,0,0,2,1,"-7,87406004","-34,90588126",SPRF-PE,DEL01-PE,UOP02-DEL01-PE
536617,2023-07-18,terça-feira,06:40:00,PE,408,22,TIMBAUBA,Velocidade Incompatível,Capotamento,Com Vítimas Feridas,Pleno dia,Decrescente,Céu Claro,Simples,Curva,Não,2,0,0,2,0,0,2,1,"-7,52257159","-35,29948406",SPRF-PE,DEL01-PE,UOP02-DEL01-PE
536672,2023-07-18,terça-feira,14:40:00,PE,232,118,BEZERROS,Acumulo de água sobre o pavimento,Colisão com objeto,Com Vítimas Feridas,Pleno dia,Decrescente,Céu Claro,Dupla,Curva,Não,2,0,1,1,0,0,2,1,"-8,29431633","-35,88437194",SPRF-PE,DEL02-PE,UOP01-DEL02-PE
536679,2023-07-18,terça-feira,14:20:00,PE,101,137,ESCADA,Ausência de reação do condutor,Colisão com objeto,Com Vítimas Feridas,Pleno dia,Decrescente,Céu Claro,Dupla,Curva,Não,5,0,1,0,4,0,1,1,"-8,419416","-35,316572",SPRF-PE,DEL01-PE,UOP03-DEL01-PE
536711,2023-07-18,terça-feira,18:45:00,PE,423,95,GARANHUNS,Demais falhas mecânicas ou elétricas,Colisão transversal,Com Vítimas Feridas,Plena Noite,Crescente,Céu Claro,Simples,Declive;Reta                  ,Sim,2,0,0,1,1,0,1,2,"-8,87899776","-36,47816062",SPRF-PE,DEL03-PE,UOP01-DEL03-PE
536721,2023-07-18,terça-feira,19:35:00,PE,104,"94,9",AGRESTINA,Ingestão de álcool pelo condutor,Colisão lateral sentido oposto,Sem Vítimas,Plena Noite,Crescente,Céu Claro,Simples,Reta,Não,2,0,0,0,2,0,0,2,"-8,513535","-35,942421",SPRF-PE,DEL02-PE,UOP03-DEL02-PE
536727,2023-07-18,terça-feira,20:50:00,PE,101,70,RECIFE,Condutor usando celular,Colisão traseira,Com Vítimas Feridas,Plena Noite,Crescente,Céu Claro,Dupla,Reta,Não,2,0,2,0,0,0,2,2,"-8,07110583","-34,93942022",SPRF-PE,DEL01-PE,UOP01-DEL01-PE
536728,2023-07-02,domingo,18:00:00,PE,408,"81,4",PAUDALHO,Animais na Pista,Atropelamento de Animal,Com Vítimas Fatais,Plena Noite,Decrescente,Céu Claro,Dupla,Reta,Não,2,1,0,0,0,1,0,2,"-7,937583","-35,127267",SPRF-PE,DEL01-PE,UOP01-DEL01-PE
536755,2023-07-18,terça-feira,16:20:00,PE,428,189,PETROLINA,Reação tardia ou ineficiente do condutor,Colisão traseira,Com Vítimas Feridas,Pleno dia,Crescente,Céu Claro,Múltipla,Reta,Sim,3,0,1,0,1,1,1,3,"-9,37197508","-40,48679585",SPRF-PE,DEL06-PE,UOP01-DEL06-PE
536771,2023-06-14,quarta-feira,17:00:00,PE,316,"240,7",BELEM DE SAO FRANCISCO,Animais na Pista,Atropelamento de Animal,Com Vítimas Fatais,Pleno dia,Decrescente,Céu Claro,Simples,Reta,Não,1,1,0,0,0,0,0,1,"-8,640025","-39,044872",SPRF-PE,DEL05-PE,UOP03-DEL05-PE
536799,2023-07-19,quarta-feira,11:20:00,PE,407,"123,3",PETROLINA,Acessar a via sem observar a presença dos outros veículos,Colisão transversal,Com Vítimas Feridas,Pleno dia,Decrescente,Céu Claro,Simples,Interseção de Vias,Sim,2,0,0,1,1,0,1,2,"-9,36805859","-40,54211497",SPRF-PE,DEL06-PE,UOP01-DEL06-PE
536825,2023-07-19,quarta-feira,15:00:00,PE,232,23,MORENO,Acumulo de areia ou detritos sobre o pavimento,Saída de leito carroçável,Com Vítimas Feridas,Pleno dia,Decrescente,Céu Claro,Dupla,Curva,Não,1,0,1,0,0,0,1,1,"-8,0992185","-35,09713887",SPRF-PE,DEL01-PE,UOP01-DEL01-PE
536837,2023-07-19,quarta-feira,16:00:00,PE,101,43,IGARASSU,Manobra de mudança de faixa,Colisão lateral mesmo sentido,Com Vítimas Feridas,Pleno dia,Crescente,Céu Claro,Múltipla,Aclive,Sim,3,0,2,0,1,0,2,2,"-7,84753808","-34,90977038",SPRF-PE,DEL01-PE,UOP02-DEL01-PE
536839,2023-07-19,quarta-feira,15:00:00,PE,101,209,XEXEU,Reação tardia ou ineficiente do condutor,Saída de leito carroçável,Com Vítimas Feridas,Pleno dia,Crescente,Céu Claro,Dupla,Declive;Curva                 ,Não,4,0,4,0,0,0,4,1,"-8,826344","-35,645637",SPRF-PE,DEL01-PE,UOP03-DEL01-PE
536852,2023-07-07,sexta-feira,13:50:00,PE,428,186,PETROLINA,Condutor deixou de manter distância do veículo da frente,Colisão traseira,Com Vítimas Feridas,Pleno dia,Crescente,Céu Claro,Dupla,Reta,Sim,3,0,1,0,1,1,1,2,"-9,34807826","-40,47441248",SPRF-PE,DEL06-PE,UOP01-DEL06-PE
536883,2023-07-19,quarta-feira,19:30:00,PE,232,"175,4",BELO JARDIM,Reação tardia ou ineficiente do condutor,Colisão lateral mesmo sentido,Com Vítimas Feridas,Plena Noite,Decrescente,Nublado,Simples,Aclive;Reta                   ,Sim,2,0,1,0,0,1,1,2,"-8,34100926","-36,38709684",SPRF-PE,DEL03-PE,UOP02-DEL03-PE
536888,2023-07-19,quarta-feira,18:30:00,PE,316,245,BELEM DE SAO FRANCISCO,Animais na Pista,Atropelamento de Animal,Sem Vítimas,Plena Noite,Decrescente,Nublado,Simples,Reta,Não,1,0,0,0,1,0,0,1,"-8,6573448","-39,0107999",SPRF-PE,DEL05-PE,UOP03-DEL05-PE
537038,2023-07-20,quinta-feira,19:00:00,PE,424,86,GARANHUNS,Ingestão de álcool pelo condutor,Colisão lateral sentido oposto,Sem Vítimas,Plena Noite,Crescente,Garoa/Chuvisco,Simples,Aclive,Não,2,0,0,0,2,0,0,2,"-8,86552886","-36,50934159",SPRF-PE,DEL03-PE,UOP01-DEL03-PE
537087,2023-05-03,quarta-feira,18:00:00,PE,428,182,PETROLINA,Reação tardia ou ineficiente do condutor,Colisão com objeto,Com Vítimas Feridas,Plena Noite,Decrescente,Céu Claro,Simples,Reta,Não,1,0,0,1,0,0,1,1,"-9,31614989","-40,45800722",SPRF-PE,DEL06-PE,UOP01-DEL06-PE
537112,2023-07-21,sexta-feira,06:30:00,PE,101,57,RECIFE,Manobra de mudança de faixa,Colisão lateral mesmo sentido,Sem Vítimas,Pleno dia,Crescente,Céu Claro,Dupla,Reta,Sim,2,0,0,0,1,1,0,2,"-7,96346213","-34,91513486",SPRF-PE,DEL01-PE,UOP02-DEL01-PE
537114,2023-07-21,sexta-feira,07:57:00,PE,232,"80,2",GRAVATA,Área urbana sem a presença de local apropriado para a travessia de pedestres,Colisão traseira,Com Vítimas Feridas,Pleno dia,Decrescente,Chuva,Simples,Reta,Sim,2,0,1,0,1,0,1,2,"-8,19645376","-35,5711019",SPRF-PE,DEL02-PE,UOP02-DEL02PE
537203,2023-07-21,sexta-feira,16:15:00,PE,101,"76,9",RECIFE,Entrada inopinada do pedestre,Atropelamento de Pedestre,Com Vítimas Feridas,Pleno dia,Crescente,Céu Claro,Dupla,Reta,Sim,3,0,3,0,0,0,3,2,"-8,11813811","-34,94329214",SPRF-PE,DEL01-PE,UOP01-DEL01-PE
537205,2023-07-21,sexta-feira,15:20:00,PE,104,30,TORITAMA,Condutor desrespeitou a iluminação vermelha do semáforo,Colisão transversal,Com Vítimas Feridas,Pleno dia,Crescente,Sol,Simples,Interseção de Vias;Reta;Rotató,Sim,2,0,1,0,0,1,1,2,"-8,0137","-36,0565",SPRF-PE,DEL02-PE,UOP01-DEL02-PE
537207,2023-07-20,quinta-feira,20:45:00,PE,232,"256,6",ARCOVERDE,Mal súbito do condutor,Tombamento,Com Vítimas Fatais,Plena Noite,Crescente,Chuva,Simples,Reta,Sim,2,1,0,0,0,1,0,2,"-8,40988226","-37,09335003",SPRF-PE,DEL04-PE,UOP02-DEL04-PE
537219,2023-07-21,sexta-feira,17:15:00,PE,232,"410,4",SERRA TALHADA,Conversão proibida,Colisão transversal,Com Vítimas Feridas,Anoitecer,Crescente,Céu Claro,Simples,Interseção de Vias;Curva      ,Sim,2,0,1,0,1,0,1,2,"-7,98261841","-38,30039606",SPRF-PE,DEL04-PE,UOP01-DEL04-PE
537263,2023-07-21,sexta-feira,18:45:00,PE,232,181,BELO JARDIM,Acesso irregular,Colisão frontal,Com Vítimas Feridas,Plena Noite,Decrescente,Céu Claro,Simples,Reta,Sim,2,0,1,0,1,0,1,2,"-8,34627974","-36,43776285",SPRF-PE,DEL03-PE,UOP02-DEL03-PE
537292,2023-07-21,sexta-feira,22:30:00,PE,232,162,TACAIMBO,Manobra de mudança de faixa,Colisão frontal,Com Vítimas Fatais,Plena Noite,Crescente,Céu Claro,Simples,Reta,Não,4,1,2,1,0,0,3,3,"-8,33279019","-36,27154399",SPRF-PE,DEL03-PE,UOP02-DEL03-PE
537315,2023-07-22,sábado,00:30:00,PE,232,110,BEZERROS,Ausência de sinalização,Saída de leito carroçável,Com Vítimas Feridas,Plena Noite,Crescente,Chuva,Dupla,Curva;Retorno Regulamentado   ,Não,2,0,1,1,0,0,2,1,"-8,286734","-35,818229",SPRF-PE,DEL02-PE,UOP02-DEL02PE
537385,2023-07-22,sábado,11:37:00,PE,101,"67,3",RECIFE,Trafegar com motocicleta (ou similar) entre as faixas,Colisão traseira,Com Vítimas Feridas,Pleno dia,Crescente,Sol,Dupla,Reta,Sim,3,0,1,0,2,0,1,2,"-8,042334","-34,943096",SPRF-PE,DEL01-PE,UOP01-DEL01-PE
537404,2023-07-22,sábado,12:40:00,PE,101,"83,4",JABOATAO DOS GUARARAPES,Manobra de mudança de faixa,Colisão lateral mesmo sentido,Com Vítimas Feridas,Pleno dia,Decrescente,Céu Claro,Múltipla,Curva;Interseção de Vias      ,Não,2,0,1,0,1,0,1,2,"-8,175172","-34,942642",SPRF-PE,DEL01-PE,UOP01-DEL01-PE
537405,2023-07-22,sábado,12:37:00,PE,428,140,LAGOA GRANDE,Acessar a via sem observar a presença dos outros veículos,Colisão transversal,Sem Vítimas,Pleno dia,Crescente,Céu Claro,Simples,Reta,Sim,3,0,0,0,2,1,0,2,"-8,992364","-40,270164",SPRF-PE,DEL06-PE,UOP03-DEL06-PE
537441,2023-07-22,sábado,16:21:00,PE,101,78,RECIFE,Ingestão de álcool pelo condutor,Colisão lateral mesmo sentido,Com Vítimas Feridas,Pleno dia,Decrescente,Céu Claro,Dupla,Reta,Sim,2,0,1,0,1,0,1,2,"-8,13496499","-34,94738614",SPRF-PE,DEL01-PE,UOP01-DEL01-PE
537455,2023-07-22,sábado,18:05:00,PE,232,"71,1",GRAVATA,Acessar a via sem observar a presença dos outros veículos,Atropelamento de Pedestre,Com Vítimas Fatais,Plena Noite,Crescente,Chuva,Dupla,Reta,Não,2,1,0,0,1,0,0,2,"-8,1845675","-35,49561918",SPRF-PE,DEL02-PE,UOP02-DEL02PE
537476,2023-07-22,sábado,19:35:00,PE,101,66,RECIFE,Acessar a via sem observar a presença dos outros veículos,Colisão lateral mesmo sentido,Com Vítimas Feridas,Plena Noite,Decrescente,Chuva,Múltipla,Reta,Não,2,0,1,0,1,0,1,2,"-8,03368534","-34,94184125",SPRF-PE,DEL01-PE,UOP01-DEL01-PE
537512,2023-07-22,sábado,20:30:00,PE,232,58,POMBOS,Transitar na contramão,Colisão frontal,Com Vítimas Feridas,Plena Noite,Crescente,Chuva,Dupla,Declive;Reta                  ,Sim,4,0,0,4,0,0,4,2,"-8,14462866","-35,39034714",SPRF-PE,DEL02-PE,UOP02-DEL02PE
537521,2023-07-22,sábado,22:50:00,PE,101,31,IGARASSU,Afundamento ou ondulação no pavimento,Queda de ocupante de veículo,Com Vítimas Feridas,Plena Noite,Crescente,Céu Claro,Dupla,Reta,Não,1,0,1,0,0,0,1,1,"-7,74443874","-34,93872764",SPRF-PE,DEL01-PE,UOP02-DEL01-PE
537594,2023-07-23,domingo,07:00:00,PE,101,50,ABREU E LIMA,Ausência de reação do condutor,Colisão traseira,Com Vítimas Feridas,Pleno dia,Decrescente,Céu Claro,Dupla,Reta,Sim,4,0,2,0,1,1,2,2,"-7,90938602","-34,90123228",SPRF-PE,DEL01-PE,UOP02-DEL01-PE
537626,2023-07-23,domingo,11:24:00,PE,101,69,RECIFE,Acessar a via sem observar a presença dos outros veículos,Atropelamento de Pedestre,Com Vítimas Feridas,Pleno dia,Crescente,Céu Claro,Dupla,Reta,Sim,3,0,1,0,2,0,1,3,"-8,05951606","-34,94581024",SPRF-PE,DEL01-PE,UOP01-DEL01-PE
537658,2023-07-23,domingo,13:40:00,PE,232,12,JABOATAO DOS GUARARAPES,Condutor deixou de manter distância do veículo da frente,Colisão traseira,Com Vítimas Feridas,Pleno dia,Decrescente,Céu Claro,Dupla,Reta,Não,3,0,1,1,0,1,2,2,"-8,08577691","-35,00345603",SPRF-PE,DEL01-PE,UOP01-DEL01-PE
537665,2023-07-23,domingo,13:30:00,PE,232,"12,9",JABOATAO DOS GUARARAPES,Ausência de reação do condutor,Colisão traseira,Com Vítimas Feridas,Pleno dia,Decrescente,Céu Claro,Dupla,Curva;Declive                 ,Não,4,0,1,1,2,0,2,2,"-8,08577691","-35,00345603",SPRF-PE,DEL01-PE,UOP01-DEL01-PE
537676,2023-07-23,domingo,16:06:00,PE,101,44,IGARASSU,Ultrapassagem Indevida,Colisão lateral sentido oposto,Com Vítimas Feridas,Pleno dia,Crescente,Céu Claro,Dupla,Reta,Sim,2,0,1,0,1,0,1,2,"-7,85637001","-34,90842109",SPRF-PE,DEL01-PE,UOP02-DEL01-PE
537686,2023-07-23,domingo,16:30:00,PE,232,"14,7",JABOATAO DOS GUARARAPES,Frear bruscamente,Colisão traseira,Com Vítimas Feridas,Pleno dia,Decrescente,Céu Claro,Dupla,Reta,Sim,8,0,1,0,7,0,1,3,"-8,09025488","-35,02052302",SPRF-PE,DEL01-PE,UOP01-DEL01-PE
537703,2023-07-23,domingo,17:40:00,PE,232,10,RECIFE,Reação tardia ou ineficiente do condutor,Colisão traseira,Sem Vítimas,Anoitecer,Decrescente,Céu Claro,Dupla,Reta;Em Obras                 ,Não,4,0,0,0,4,0,0,4,"-8,07917241","-34,98718609",SPRF-PE,DEL01-PE,UOP01-DEL01-PE
537716,2023-07-23,domingo,18:20:00,PE,101,"71,3",RECIFE,Condutor deixou de manter distância do veículo da frente,Colisão traseira,Com Vítimas Feridas,Plena Noite,Crescente,Garoa/Chuvisco,Dupla,Reta,Sim,2,0,1,0,1,0,1,2,"-8,07663102","-34,94277871",SPRF-PE,DEL01-PE,UOP01-DEL01-PE
537731,2023-07-23,domingo,16:30:00,PE,232,"382,3",CALUMBI,Ultrapassagem Indevida,Saída de leito carroçável,Sem Vítimas,Anoitecer,Crescente,Céu Claro,Simples,Declive;Ponte                 ,Não,1,0,0,0,1,0,0,1,"-8,04140142","-38,06782307",SPRF-PE,DEL04-PE,UOP01-DEL04-PE
537769,2023-07-23,domingo,18:40:00,PE,424,16,PEDRA,Reação tardia ou ineficiente do condutor,Tombamento,Com Vítimas Feridas,Pleno dia,Crescente,Céu Claro,Simples,Declive;Reta                  ,Não,1,0,0,1,0,0,1,1,"-8,49967931","-36,95655101",SPRF-PE,DEL04-PE,UOP02-DEL04-PE
537842,2023-07-24,segunda-feira,06:50:00,PE,101,68,RECIFE,Condutor deixou de manter distância do veículo da frente,Colisão traseira,Com Vítimas Feridas,Pleno dia,Crescente,Chuva,Dupla,Aclive,Não,2,0,1,0,1,0,1,2,"-8,05074296","-34,94580619",SPRF-PE,DEL01-PE,UOP01-DEL01-PE
537852,2023-07-24,segunda-feira,08:15:00,PE,101,71,RECIFE,Acostamento em desnível,Queda de ocupante de veículo,Com Vítimas Feridas,Pleno dia,Decrescente,Sol,Dupla,Reta,Sim,2,0,1,0,1,0,1,1,"-8,078292","-34,942923",SPRF-PE,DEL01-PE,UOP01-DEL01-PE
537888,2023-07-24,segunda-feira,10:40:00,PE,232,410,SERRA TALHADA,Condutor deixou de manter distância do veículo da frente,Colisão traseira,Com Vítimas Feridas,Pleno dia,Decrescente,Céu Claro,Simples,Reta,Não,3,0,1,0,1,1,1,3,"-7,982422","-38,302394",SPRF-PE,DEL04-PE,UOP01-DEL04-PE
537901,2023-07-24,segunda-feira,11:20:00,PE,101,67,RECIFE,Condutor deixou de manter distância do veículo da frente,Colisão traseira,Com Vítimas Feridas,Pleno dia,Decrescente,Céu Claro,Dupla,Reta,Sim,2,0,1,0,1,0,1,2,"-8,042334","-34,943096",SPRF-PE,DEL01-PE,UOP01-DEL01-PE
538002,2023-07-24,segunda-feira,20:45:00,PE,101,80,RECIFE,Pista Escorregadia,Tombamento,Com Vítimas Feridas,Plena Noite,Decrescente,Céu Claro,Dupla,Curva,Sim,2,0,2,0,0,0,2,1,"-8,15112589","-34,9428866",SPRF-PE,DEL01-PE,UOP01-DEL01-PE
538005,2023-07-24,segunda-feira,18:30:00,PE,423,87,SAO JOAO,Reação tardia ou ineficiente do condutor,Colisão com objeto,Com Vítimas Feridas,Plena Noite,Decrescente,Nublado,Simples,Reta,Não,1,0,0,1,0,0,1,1,"-8,81401714","-36,4452687",SPRF-PE,DEL03-PE,UOP01-DEL03-PE
538013,2023-07-24,segunda-feira,22:15:00,PE,104,12,TAQUARITINGA DO NORTE,Demais falhas mecânicas ou elétricas,Incêndio,Sem Vítimas,Plena Noite,Crescente,Nublado,Simples,Interseção de Vias;Reta       ,Não,1,0,0,0,0,1,0,1,"-7,888657","-36,110435",SPRF-PE,DEL02-PE,UOP01-DEL02-PE
538031,2023-07-25,terça-feira,06:40:00,PE,101,51,ABREU E LIMA,Afundamento ou ondulação no pavimento,Colisão lateral mesmo sentido,Sem Vítimas,Pleno dia,Crescente,Sol,Múltipla,Reta,Sim,2,0,0,0,2,0,0,2,"-7,9169968","-34,89689272",SPRF-PE,DEL01-PE,UOP02-DEL01-PE
538064,2023-07-25,terça-feira,10:20:00,PE,101,39,IGARASSU,Ausência de reação do condutor,Saída de leito carroçável,Com Vítimas Feridas,Pleno dia,Crescente,Céu Claro,Dupla,Curva,Não,1,0,1,0,0,0,1,1,"-7,81259899","-34,91890497",SPRF-PE,DEL01-PE,UOP02-DEL01-PE
538072,2023-07-01,sábado,18:20:00,PE,407,"126,2",PETROLINA,Pedestre cruzava a pista fora da faixa,Atropelamento de Pedestre,Com Vítimas Feridas,Plena Noite,Crescente,Ignorado,Dupla,Desvio Temporário;Reta;Em Obra,Sim,2,0,1,1,0,0,2,2,"-9,38491309","-40,52809509",SPRF-PE,DEL06-PE,UOP01-DEL06-PE
538102,2023-07-25,terça-feira,13:45:00,PE,101,"42,8",IGARASSU,Acessar a via sem observar a presença dos outros veículos,Colisão transversal,Com Vítimas Feridas,Pleno dia,Decrescente,Sol,Múltipla,Retorno Regulamentado,Não,2,0,1,0,1,0,1,2,"-7,83887431","-34,91196739",SPRF-PE,DEL01-PE,UOP02-DEL01-PE
538128,2023-07-25,terça-feira,17:50:00,PE,101,"68,1",RECIFE,Transitar na contramão,Colisão transversal,Com Vítimas Feridas,Plena Noite,Crescente,Céu Claro,Dupla,Interseção de Vias,Sim,3,0,1,0,2,0,1,2,"-8,052378","-34,946719",SPRF-PE,DEL01-PE,UOP01-DEL01-PE
538189,2023-07-25,terça-feira,22:41:00,PE,101,"38,3",IGARASSU,Demais falhas mecânicas ou elétricas,Incêndio,Com Vítimas Feridas,Plena Noite,Decrescente,Céu Claro,Dupla,Aclive;Reta                   ,Não,2,0,1,0,1,0,1,1,"-7,80600806","-34,92522908",SPRF-PE,DEL01-PE,UOP02-DEL01-PE
538313,2023-07-26,quarta-feira,17:10:00,PE,101,"81,4",JABOATAO DOS GUARARAPES,Transitar no Acostamento,Atropelamento de Pedestre,Com Vítimas Feridas,Anoitecer,Crescente,Céu Claro,Dupla,Reta,Não,2,0,1,1,0,0,2,2,"-8,1597489","-34,94024569",SPRF-PE,DEL01-PE,UOP01-DEL01-PE
538353,2023-07-26,quarta-feira,19:00:00,PE,101,"64,8",RECIFE,Ausência de reação do condutor,Tombamento,Com Vítimas Feridas,Plena Noite,Decrescente,Nublado,Dupla,Reta,Não,1,0,1,0,0,0,1,1,"-8,0162921","-34,94045886",SPRF-PE,DEL01-PE,UOP01-DEL01-PE
538374,2023-07-26,quarta-feira,21:15:00,PE,428,92,SANTA MARIA DA BOA VISTA,Animais na Pista,Atropelamento de Animal,Com Vítimas Feridas,Plena Noite,Crescente,Céu Claro,Simples,Reta,Não,2,0,2,0,0,0,2,2,"-8,80162047","-39,89683872",SPRF-PE,DEL06-PE,UOP03-DEL06-PE
538410,2023-07-27,quinta-feira,06:20:00,PE,101,"45,3",IGARASSU,Condutor usando celular,Colisão traseira,Com Vítimas Feridas,Pleno dia,Crescente,Céu Claro,Múltipla,Reta,Sim,2,0,1,0,1,0,1,2,"-7,86521297","-34,90715176",SPRF-PE,DEL01-PE,UOP02-DEL01-PE
538422,2023-07-27,quinta-feira,08:00:00,PE,110,260,PETROLANDIA,Manobra de mudança de faixa,Colisão lateral sentido oposto,Com Vítimas Feridas,Pleno dia,Crescente,Nublado,Simples,Reta,Não,2,0,1,0,1,0,1,2,"-9,018475","-38,234471",SPRF-BA,DEL07-BA,UOP01-DEL07-BA
538441,2023-07-27,quinta-feira,09:45:00,PE,101,89,JABOATAO DOS GUARARAPES,Ausência de reação do condutor,Colisão traseira,Com Vítimas Feridas,Pleno dia,Crescente,Nublado,Dupla,Reta,Sim,5,0,1,0,4,0,1,4,"-8,207934","-34,984183",SPRF-PE,DEL01-PE,UOP01-DEL01-PE
538452,2023-07-27,quinta-feira,11:55:00,PE,101,"72,5",RECIFE,Condutor deixou de manter distância do veículo da frente,Colisão traseira,Com Vítimas Feridas,Pleno dia,Decrescente,Céu Claro,Simples,Reta,Sim,3,0,1,0,2,0,1,2,"-8,08493106","-34,9450639",SPRF-PE,DEL01-PE,UOP01-DEL01-PE
538466,2023-07-27,quinta-feira,12:39:00,PE,408,74,PAUDALHO,Acessar a via sem observar a presença dos outros veículos,Colisão transversal,Sem Vítimas,Pleno dia,Crescente,Céu Claro,Múltipla,Interseção de Vias,Sim,2,0,0,0,2,0,0,2,"-7,89701706","-35,17300548",SPRF-PE,DEL01-PE,UOP01-DEL01-PE
538551,2023-07-27,quinta-feira,18:30:00,PE,316,25,ARARIPINA,Ingestão de álcool pelo condutor,Colisão frontal,Com Vítimas Feridas,Plena Noite,Decrescente,Céu Claro,Simples,Aclive,Sim,3,0,1,0,2,0,1,2,"-7,59595686","-40,49329368",SPRF-PE,DEL05-PE,UOP02-DEL05-PE
538822,2023-07-28,sexta-feira,23:15:00,PE,232,"417,3",SERRA TALHADA,Reação tardia ou ineficiente do condutor,Colisão frontal,Com Vítimas Feridas,Plena Noite,Decrescente,Céu Claro,Simples,Reta,Não,2,0,0,1,0,1,1,2,"-8,000298","-38,361745",SPRF-PE,DEL04-PE,UOP01-DEL04-PE
538874,2023-07-28,sexta-feira,20:00:00,PE,232,409,SERRA TALHADA,Área urbana sem a presença de local apropriado para a travessia de pedestres,Atropelamento de Pedestre,Com Vítimas Feridas,Plena Noite,Decrescente,Céu Claro,Simples,Reta,Sim,2,0,1,0,1,0,1,2,"-7,981944","-38,289467",SPRF-PE,DEL04-PE,UOP01-DEL04-PE
538962,2023-07-29,sábado,11:00:00,PE,407,48,PETROLINA,Condutor Dormindo,Colisão com objeto,Com Vítimas Feridas,Pleno dia,Crescente,Sol,Simples,Reta,Não,1,0,0,1,0,0,1,1,"-8,79740558","-40,86708064",SPRF-PE,DEL06-PE,UOP02-DEL06-PE
538966,2023-07-29,sábado,15:00:00,PE,232,79,GRAVATA,Reação tardia ou ineficiente do condutor,Atropelamento de Pedestre,Com Vítimas Feridas,Pleno dia,Decrescente,Sol,Simples,Reta,Sim,2,0,0,1,1,0,1,2,"-8,19460572","-35,56074803",SPRF-PE,DEL02-PE,UOP02-DEL02PE
538989,2023-07-29,sábado,15:57:00,PE,101,"53,2",PAULISTA,Ultrapassagem Indevida,Colisão lateral mesmo sentido,Com Vítimas Feridas,Pleno dia,Decrescente,Céu Claro,Simples,Curva,Sim,2,0,1,0,1,0,1,2,"-7,93124094","-34,90068606",SPRF-PE,DEL01-PE,UOP02-DEL01-PE
539003,2023-07-29,sábado,18:30:00,PE,101,124,ESCADA,Conversão proibida,Colisão transversal,Com Vítimas Fatais,Plena Noite,Decrescente,Céu Claro,Dupla,Retorno Regulamentado;Reta    ,Sim,6,1,2,1,2,0,3,2,"-8,361745","-35,213108",SPRF-PE,DEL01-PE,UOP03-DEL01-PE
539009,2023-07-29,sábado,18:44:00,PE,423,"71,7",JUPI,Transitar na contramão,Colisão frontal,Com Vítimas Fatais,Plena Noite,Crescente,Garoa/Chuvisco,Simples,Aclive,Não,3,1,1,1,0,0,2,2,"-8,69250589","-36,41166726",SPRF-PE,DEL03-PE,UOP01-DEL03-PE