id,data_inversa,dia_semana,horario,uf,br,km,municipio,causa_acidente,tipo_acidente,classificacao_acidente,fase_dia,sentido_via,condicao_metereologica,tipo_pista,tracado_via,uso_solo,pessoas,mortos,feridos_leves,feridos_graves,ilesos,ignorados,feridos,veiculos,latitude,longitude,regional,delegacia,uop
539028,2023-07-29,sábado,18:30:00,PE,110,102,SERTANIA,Avarias e/ou desgaste excessivo no pneu,Tombamento,Com Vítimas Feridas,Plena Noite,Decrescente,Céu Claro,Simples,Reta,Não,2,0,2,0,0,0,2,1,"-8,39309433","-37,33296975",SPRF-PE,DEL04-PE,UOP02-DEL04-PE
539036,2023-07-29,sábado,15:30:00,PE,101,43,IGARASSU,Reação tardia ou ineficiente do condutor,Colisão traseira,Com Vítimas Feridas,Pleno dia,Crescente,Céu Claro,Dupla,Reta,Sim,2,0,1,0,1,0,1,2,"-7,84753808","-34,90977038",SPRF-PE,DEL01-PE,UOP02-DEL01-PE
539077,2023-07-30,domingo,02:30:00,PE,423,"94,8",GARANHUNS,Ingestão de álcool pelo condutor,Colisão frontal,Com Vítimas Feridas,Plena Noite,Crescente,Nublado,Simples,Reta,Sim,3,0,2,0,1,0,2,2,"-8,87898","-36,478289",SPRF-PE,DEL03-PE,UOP01-DEL03-PE
539160,2023-07-30,domingo,10:13:00,PE,104,30,TORITAMA,Conversão proibida,Colisão frontal,Com Vítimas Feridas,Pleno dia,Crescente,Céu Claro,Simples,Reta,Sim,2,0,0,1,1,0,1,2,"-8,0137","-36,0565",SPRF-PE,DEL02-PE,UOP01-DEL02-PE
539189,2023-07-30,domingo,15:30:00,PE,101,68,RECIFE,Ingestão de álcool pelo condutor,Colisão traseira,Com Vítimas Feridas,Pleno dia,Decrescente,Céu Claro,Dupla,Reta,Sim,4,0,1,0,3,0,1,3,"-8,05074296","-34,94580619",SPRF-PE,DEL01-PE,UOP01-DEL01-PE
539202,2023-06-19,segunda-feira,12:00:00,PE,423,85,SAO JOAO,Ausência de reação do condutor,Queda de ocupante de veículo,Com Vítimas Feridas,Pleno dia,Decrescente,Céu Claro,Simples,Reta,Não,1,0,1,0,0,0,1,1,"-8,80610593","-36,44168015",SPRF-PE,DEL03-PE,UOP01-DEL03-PE
539302,2023-07-30,domingo,23:50:00,PE,110,"241,2",JATOBA,Ausência de reação do condutor,Tombamento,Com Vítimas Fatais,Plena Noite,Crescente,Nublado,Simples,Reta,Não,1,1,0,0,0,0,0,1,"-9,148655","-38,28464499",SPRF-BA,DEL07-BA,UOP01-DEL07-BA
539316,2023-07-23,domingo,03:01:00,PE,101,46,IGARASSU,Acessar a via sem observar a presença dos outros veículos,Colisão transversal,Com Vítimas Feridas,Plena Noite,Crescente,Céu Claro,Múltipla,Reta,Sim,3,0,2,0,0,1,2,2,"-7,87406004","-34,90588126",SPRF-PE,DEL01-PE,UOP02-DEL01-PE
539353,2023-07-31,segunda-feira,09:05:00,PE,232,144,SAO CAITANO,Reação tardia ou ineficiente do condutor,Saída de leito carroçável,Com Vítimas Feridas,Pleno dia,Crescente,Céu Claro,Dupla,Reta,Não,1,0,1,0,0,0,1,1,"-8,32522249","-36,11250878",SPRF-PE,DEL02-PE,UOP01-DEL02-PE
539512,2023-08-01,terça-feira,02:00:00,PE,424,92,GARANHUNS,Transitar na contramão,Colisão lateral sentido oposto,Sem Vítimas,Plena Noite,Decrescente,Céu Claro,Simples,Reta,Não,2,0,0,0,0,2,0,2,"-8,9114249","-36,49444397",SPRF-PE,DEL03-PE,UOP01-DEL03-PE
539517,2023-08-01,terça-feira,03:30:00,PE,423,59,LAJEDO,Reação tardia ou ineficiente do condutor,Tombamento,Com Vítimas Fatais,Amanhecer,Crescente,Nevoeiro/Neblina,Simples,Reta,Não,2,1,1,0,0,0,1,1,"-8,64676387","-36,31558317",SPRF-PE,DEL03-PE,UOP01-DEL03-PE
539568,2023-08-01,terça-feira,09:10:00,PE,232,"4,5",RECIFE,Ausência de sinalização,Colisão com objeto,Sem Vítimas,Pleno dia,Decrescente,Céu Claro,Dupla,Declive;Viaduto;Reta          ,Sim,2,0,0,0,1,1,0,2,"-8,066639","-34,941751",SPRF-PE,DEL01-PE,UOP01-DEL01-PE
539714,2023-08-02,quarta-feira,07:00:00,PE,232,"7,7",RECIFE,Manobra de mudança de faixa,Colisão transversal,Com Vítimas Feridas,Pleno dia,Decrescente,Céu Claro,Múltipla,Em Obras;Reta                 ,Sim,2,0,1,0,1,0,1,2,"-8,075407","-34,967798",SPRF-PE,DEL01-PE,UOP01-DEL01-PE
539726,2023-07-29,sábado,10:50:00,PE,232,16,JABOATAO DOS GUARARAPES,Acessar a via sem observar a presença dos outros veículos,Colisão transversal,Com Vítimas Feridas,Pleno dia,Crescente,Céu Claro,Dupla,Reta,Não,3,0,2,0,1,0,2,2,"-8,09414193","-35,03716601",SPRF-PE,DEL01-PE,UOP01-DEL01-PE
539753,2023-08-02,quarta-feira,10:42:00,PE,101,"69,5",RECIFE,Acessar a via sem observar a presença dos outros veículos,Atropelamento de Pedestre,Com Vítimas Feridas,Pleno dia,Decrescente,Céu Claro,Dupla,Reta,Sim,2,0,0,1,1,0,1,2,"-8,05951606","-34,94581024",SPRF-PE,DEL01-PE,UOP01-DEL01-PE
539764,2023-08-02,quarta-feira,12:05:00,PE,101,"50,5",ABREU E LIMA,Ausência de reação do condutor,Colisão lateral mesmo sentido,Com Vítimas Feridas,Pleno dia,Crescente,Céu Claro,Múltipla,Reta,Sim,3,0,0,1,1,1,1,3,"-7,913773","-34,899678",SPRF-PE,DEL01-PE,UOP02-DEL01-PE
539803,2023-08-02,quarta-feira,13:20:00,PE,232,418,SERRA TALHADA,Manobra de mudança de faixa,Colisão lateral mesmo sentido,Com Vítimas Feridas,Pleno dia,Crescente,Céu Claro,Simples,Reta,Não,3,0,1,0,2,0,1,2,"-8,0002425","-38,370411",SPRF-PE,DEL04-PE,UOP01-DEL04-PE
539857,2023-08-02,quarta-feira,20:00:00,PE,407,127,PETROLINA,Ausência de reação do condutor,Colisão traseira,Com Vítimas Feridas,Plena Noite,Crescente,Nublado,Simples,Interseção de Vias,Sim,2,0,1,0,1,0,1,2,"-9,3908678","-40,52038627",SPRF-PE,DEL06-PE,UOP01-DEL06-PE
539893,2023-08-03,quinta-feira,05:30:00,PE,408,"96,1",SAO LOURENCO DA MATA,Animais na Pista,Atropelamento de Animal,Com Vítimas Feridas,Amanhecer,Decrescente,Nublado,Dupla,Curva,Sim,1,0,1,0,0,0,1,1,"-8,02304","-35,039926",SPRF-PE,DEL01-PE,UOP01-DEL01-PE
539902,2023-08-03,quinta-feira,06:50:00,PE,104,60,CARUARU,Retorno proibido,Colisão transversal,Com Vítimas Fatais,Pleno dia,Crescente,Céu Claro,Dupla,Retorno Regulamentado;Reta    ,Não,2,1,1,0,0,0,1,2,"-8,2457346","-35,9753108",SPRF-PE,DEL02-PE,UOP01-DEL02-PE
540015,2023-08-03,quinta-feira,18:00:00,PE,101,"48,7",ABREU E LIMA,Acessar a via sem observar a presença dos outros veículos,Atropelamento de Pedestre,Com Vítimas Feridas,Plena Noite,Crescente,Vento,Múltipla,Reta,Sim,2,0,1,0,1,0,1,2,"-7,89174705","-34,9033493",SPRF-PE,DEL01-PE,UOP02-DEL01-PE
540027,2023-08-03,quinta-feira,17:20:00,PE,116,78,CABROBO,Ultrapassagem Indevida,Colisão lateral mesmo sentido,Com Vítimas Feridas,Anoitecer,Decrescente,Céu Claro,Simples,Reta,Não,3,0,1,1,1,0,2,2,"-8,508235","-39,212662",SPRF-PE,DEL05-PE,UOP03-DEL05-PE
540036,2023-08-03,quinta-feira,18:00:00,PE,101,76,RECIFE,Mal súbito do condutor,Colisão com objeto,Com Vítimas Feridas,Plena Noite,Decrescente,Céu Claro,Dupla,Curva,Não,1,0,0,1,0,0,1,1,"-8,11813811","-34,94329214",SPRF-PE,DEL01-PE,UOP01-DEL01-PE
540051,2023-08-03,quinta-feira,20:30:00,PE,316,75,OURICURI,Ausência de reação do condutor,Tombamento,Com Vítimas Feridas,Plena Noite,Crescente,Céu Claro,Simples,Declive,Não,1,0,0,1,0,0,1,1,"-7,83384491","-40,14394393",SPRF-PE,DEL05-PE,UOP02-DEL05-PE
540060,2023-08-03,quinta-feira,22:00:00,PE,408,"98,5",SAO LOURENCO DA MATA,Entrada inopinada do pedestre,Atropelamento de Pedestre,Com Vítimas Fatais,Plena Noite,Crescente,Nublado,Dupla,Declive;Curva                 ,Não,2,1,0,0,1,0,0,2,"-8,03598572","-35,03218461",SPRF-PE,DEL01-PE,UOP01-DEL01-PE
540068,2023-08-03,quinta-feira,22:50:00,PE,101,3,JABOATAO DOS GUARARAPES,Pedestre andava na pista,Atropelamento de Pedestre,Com Vítimas Feridas,Plena Noite,Crescente,Céu Claro,Simples,Reta,Sim,2,0,1,1,0,0,2,2,"-8,194018","-34,956637",SPRF-PE,DEL01-PE,UOP02-DEL01-PE
540126,2023-08-04,sexta-feira,08:38:00,PE,232,6,RECIFE,Frear bruscamente,Colisão traseira,Com Vítimas Feridas,Pleno dia,Decrescente,Céu Claro,Dupla,Reta,Sim,3,0,3,0,0,0,3,2,"-8,07079525","-34,9535389",SPRF-PE,DEL01-PE,UOP01-DEL01-PE
540148,2023-08-04,sexta-feira,11:40:00,PE,101,70,RECIFE,Acumulo de óleo sobre o pavimento,Queda de ocupante de veículo,Com Vítimas Feridas,Pleno dia,Decrescente,Céu Claro,Simples,Curva,Sim,1,0,1,0,0,0,1,1,"-8,06776119","-34,94265074",SPRF-PE,DEL01-PE,UOP01-DEL01-PE
540278,2023-08-05,sábado,00:48:00,PE,232,5,RECIFE,Ausência de reação do condutor,Queda de ocupante de veículo,Com Vítimas Feridas,Plena Noite,Crescente,Céu Claro,Dupla,Reta,Sim,2,0,2,0,0,0,2,1,"-8,069198","-34,947861",SPRF-PE,DEL01-PE,UOP01-DEL01-PE
540307,2023-08-05,sábado,02:00:00,PE,424,4,ARCOVERDE,Ausência de reação do condutor,Saída de leito carroçável,Sem Vítimas,Plena Noite,Crescente,Céu Claro,Simples,Reta,Não,1,0,0,0,0,1,0,1,"-8,46099318","-37,04336835",SPRF-PE,DEL04-PE,UOP02-DEL04-PE
540357,2023-08-05,sábado,09:46:00,PE,101,41,IGARASSU,Manobra de mudança de faixa,Colisão lateral mesmo sentido,Sem Vítimas,Pleno dia,Decrescente,Céu Claro,Dupla,Reta,Não,2,0,0,0,2,0,0,2,"-7,83038346","-34,91426785",SPRF-PE,DEL01-PE,UOP02-DEL01-PE
540372,2023-08-05,sábado,12:21:00,PE,101,52,PAULISTA,Manobra de mudança de faixa,Colisão traseira,Com Vítimas Feridas,Pleno dia,Decrescente,Céu Claro,Dupla,Reta,Não,2,0,1,0,1,0,1,2,"-7,92358799","-34,89607201",SPRF-PE,DEL01-PE,UOP02-DEL01-PE
540597,2023-08-06,domingo,13:45:00,PE,232,"123,5",CARUARU,Reação tardia ou ineficiente do condutor,Incêndio,Sem Vítimas,Pleno dia,Crescente,Sol,Dupla,Reta,Não,1,0,0,0,1,0,0,1,"-8,30417276","-35,92823905",SPRF-PE,DEL02-PE,UOP01-DEL02-PE
540607,2023-08-06,domingo,15:11:00,PE,408,73,PAUDALHO,Área urbana sem a presença de local apropriado para a travessia de pedestres,Atropelamento de Pedestre,Com Vítimas Feridas,Pleno dia,Crescente,Sol,Dupla,Reta,Sim,3,0,0,1,1,1,1,2,"-7,89069683","-35,17793383",SPRF-PE,DEL01-PE,UOP01-DEL01-PE
540616,2023-08-06,domingo,17:00:00,PE,101,41,IGARASSU,Ingestão de álcool pelo condutor,Tombamento,Com Vítimas Feridas,Pleno dia,Crescente,Céu Claro,Múltipla,Reta,Sim,1,0,0,1,0,0,1,1,"-7,83038346","-34,91426785",SPRF-PE,DEL01-PE,UOP02-DEL01-PE
540642,2023-08-06,domingo,17:40:00,PE,423,"108,6",CAETES,Acessar a via sem observar a presença dos outros veículos,Colisão transversal,Com Vítimas Feridas,Pleno dia,Decrescente,Céu Claro,Simples,Reta,Não,2,0,1,0,0,1,1,2,"-8,88624339","-36,59029116",SPRF-PE,DEL03-PE,UOP01-DEL03-PE
540659,2023-08-06,domingo,18:47:00,PE,101,127,ESCADA,Reação tardia ou ineficiente do condutor,Colisão traseira,Com Vítimas Feridas,Plena Noite,Crescente,Garoa/Chuvisco,Dupla,Reta,Sim,3,0,0,1,2,0,1,3,"-8,37472564","-35,23663257",SPRF-PE,DEL01-PE,UOP03-DEL01-PE
540678,2023-08-06,domingo,20:50:00,PE,408,"95,5",SAO LOURENCO DA MATA,Animais na Pista,Saída de leito carroçável,Com Vítimas Feridas,Plena Noite,Decrescente,Chuva,Dupla,Declive,Não,1,0,1,0,0,0,1,1,"-8,01186091","-35,04237616",SPRF-PE,DEL01-PE,UOP01-DEL01-PE
540719,2023-08-06,domingo,23:50:00,PE,408,"90,7",SAO LOURENCO DA MATA,Animais na Pista,Atropelamento de Animal,Com Vítimas Feridas,Plena Noite,Decrescente,Chuva,Dupla,Reta,Não,1,0,1,0,0,0,1,1,"-7,9886528","-35,07625976",SPRF-PE,DEL01-PE,UOP01-DEL01-PE
540744,2023-08-07,segunda-feira,05:34:00,PE,232,503,SALGUEIRO,Condutor deixou de manter distância do veículo da frente,Colisão traseira,Com Vítimas Feridas,Amanhecer,Decrescente,Céu Claro,Simples,Declive;Reta                  ,Não,3,0,0,2,1,0,2,2,"-8,04856198","-39,07759201",SPRF-PE,DEL05-PE,UOP01-DEL05-PE
540746,2023-08-07,segunda-feira,05:00:00,PE,101,177,JOAQUIM NABUCO,Animais na Pista,Atropelamento de Animal,Com Vítimas Feridas,Amanhecer,Decrescente,Chuva,Dupla,Reta,Não,2,0,1,0,1,0,1,1,"-8,61465005","-35,5476602",SPRF-PE,DEL01-PE,UOP03-DEL01-PE
540779,2023-08-07,segunda-feira,08:20:00,PE,104,"65,3",CARUARU,Condutor deixou de manter distância do veículo da frente,Colisão traseira,Com Vítimas Feridas,Pleno dia,Crescente,Céu Claro,Dupla,Curva,Sim,2,0,1,0,1,0,1,2,"-8,2867","-35,9838",SPRF-PE,DEL02-PE,UOP01-DEL02-PE
540802,2023-08-07,segunda-feira,09:00:00,PE,101,"90,2",CABO DE SANTO AGOSTINHO,Manobra de mudança de faixa,Colisão lateral mesmo sentido,Com Vítimas Feridas,Pleno dia,Crescente,Céu Claro,Dupla,Reta,Não,2,0,0,1,1,0,1,2,"-8,21612792","-34,98772817",SPRF-PE,DEL01-PE,UOP01-DEL01-PE
540870,2023-07-30,domingo,18:29:00,PE,232,194,SANHARO,Acessar a via sem observar a presença dos outros veículos,Colisão transversal,Com Vítimas Feridas,Plena Noite,Crescente,Céu Claro,Simples,Reta,Não,3,0,0,1,2,0,1,2,"-8,36209062","-36,55441109",SPRF-PE,DEL03-PE,UOP02-DEL03-PE
540888,2023-08-07,segunda-feira,17:00:00,PE,101,"89,8",JABOATAO DOS GUARARAPES,Condutor deixou de manter distância do veículo da frente,Colisão traseira,Sem Vítimas,Anoitecer,Crescente,Nublado,Dupla,Reta,Não,2,0,0,0,2,0,0,2,"-8,20760697","-34,98372005",SPRF-PE,DEL01-PE,UOP01-DEL01-PE
540954,2023-08-08,terça-feira,07:25:00,PE,232,18,JABOATAO DOS GUARARAPES,Acumulo de areia ou detritos sobre o pavimento,Queda de ocupante de veículo,Com Vítimas Feridas,Pleno dia,Decrescente,Chuva,Dupla,Reta,Não,1,0,1,0,0,0,1,1,"-8,09696393","-35,054484",SPRF-PE,DEL01-PE,UOP01-DEL01-PE
540971,2023-08-08,terça-feira,08:08:00,PE,101,55,PAULISTA,Condutor deixou de manter distância do veículo da frente,Colisão traseira,Com Vítimas Feridas,Pleno dia,Crescente,Chuva,Dupla,Reta,Não,4,0,1,0,3,0,1,2,"-7,953204","-34,910311",SPRF-PE,DEL01-PE,UOP02-DEL01-PE
541045,2023-08-08,terça-feira,12:20:00,PE,407,"129,8",PETROLINA,Ausência de reação do condutor,Colisão traseira,Com Vítimas Feridas,Pleno dia,Crescente,Sol,Dupla,Reta;Ponte                    ,Sim,2,0,1,0,1,0,1,2,"-9,40584764","-40,50452113",SPRF-PE,DEL06-PE,UOP01-DEL06-PE
541080,2023-08-08,terça-feira,18:21:00,PE,101,52,PAULISTA,Entrada inopinada do pedestre,Atropelamento de Pedestre,Com Vítimas Fatais,Plena Noite,Decrescente,Nublado,Dupla,Reta,Não,2,1,1,0,0,0,1,2,"-7,92358799","-34,89607201",SPRF-PE,DEL01-PE,UOP02-DEL01-PE
541098,2023-08-08,terça-feira,16:00:00,PE,316,302,FLORESTA,Reação tardia ou ineficiente do condutor,Colisão transversal,Com Vítimas Feridas,Pleno dia,Decrescente,Céu Claro,Simples,Interseção de Vias,Sim,5,0,5,0,0,0,5,2,"-8,60666402","-38,587711",SPRF-PE,DEL04-PE,UOP03-DEL04-PE
541119,2023-08-08,terça-feira,17:53:00,PE,232,"117,2",CARUARU,Acessar a via sem observar a presença dos outros veículos,Colisão lateral mesmo sentido,Com Vítimas Feridas,Plena Noite,Crescente,Céu Claro,Dupla,Reta;Rotatória                ,Não,2,0,1,0,1,0,1,2,"-8,29529153","-35,8754959",SPRF-PE,DEL02-PE,UOP01-DEL02-PE
541149,2023-08-09,quarta-feira,06:35:00,PE,101,46,IGARASSU,Ultrapassagem Indevida,Colisão transversal,Com Vítimas Feridas,Pleno dia,Decrescente,Céu Claro,Múltipla,Reta,Sim,2,0,2,0,0,0,2,2,"-7,87406004","-34,90588126",SPRF-PE,DEL01-PE,UOP02-DEL01-PE
541173,2023-08-07,segunda-feira,07:45:00,PE,424,"75,6",CAETES,Acessar a via sem observar a presença dos outros veículos,Colisão transversal,Com Vítimas Feridas,Pleno dia,Decrescente,Nublado,Simples,Reta,Não,3,0,0,1,2,0,1,2,"-8,85702308","-36,51218326",SPRF-PE,DEL03-PE,UOP01-DEL03-PE
541184,2023-08-09,quarta-feira,08:40:00,PE,428,189,PETROLINA,Condutor desrespeitou a iluminação vermelha do semáforo,Colisão transversal,Com Vítimas Feridas,Pleno dia,Crescente,Nublado,Dupla,Retorno Regulamentado;Interseç,Sim,2,0,1,0,1,0,1,2,"-9,37197508","-40,48679585",SPRF-PE,DEL06-PE,UOP01-DEL06-PE
541189,2023-07-13,quinta-feira,13:00:00,PE,407,124,PETROLINA,Desrespeitar a preferência no cruzamento,Queda de ocupante de veículo,Com Vítimas Feridas,Pleno dia,Decrescente,Ignorado,Dupla,Reta;Rotatória                ,Sim,1,0,1,0,0,0,1,1,"-9,37575669","-40,53765774",SPRF-PE,DEL06-PE,UOP01-DEL06-PE
541256,2023-08-09,quarta-feira,16:45:00,PE,408,78,PAUDALHO,Retorno proibido,Colisão transversal,Com Vítimas Fatais,Plena Noite,Decrescente,Céu Claro,Dupla,Reta,Não,3,1,0,0,1,1,0,2,"-7,92365927","-35,15513418",SPRF-PE,DEL01-PE,UOP01-DEL01-PE
541281,2023-08-09,quarta-feira,18:40:00,PE,232,"57,6",POMBOS,Reação tardia ou ineficiente do condutor,Saída de leito carroçável,Com Vítimas Feridas,Plena Noite,Crescente,Céu Claro,Dupla,Reta,Não,2,0,1,0,0,1,1,2,"-8,1412132","-35,38181492",SPRF-PE,DEL02-PE,UOP02-DEL02PE
541303,2023-08-09,quarta-feira,21:00:00,PE,408,67,PAUDALHO,Ausência de reação do condutor,Saída de leito carroçável,Com Vítimas Fatais,Plena Noite,Decrescente,Céu Claro,Dupla,Reta,Sim,1,1,0,0,0,0,0,1,"-7,860431","-35,211291",SPRF-PE,DEL01-PE,UOP01-DEL01-PE
541421,2023-06-13,terça-feira,07:34:00,PE,101,60,RECIFE,Área urbana sem a presença de local apropriado para a travessia de pedestres,Atropelamento de Pedestre,Com Vítimas Feridas,Pleno dia,Crescente,Nublado,Dupla,Declive,Não,3,0,0,1,0,2,1,2,"-7,98344307","-34,93176727",SPRF-PE,DEL01-PE,UOP02-DEL01-PE
541454,2023-08-05,sábado,17:20:00,PE,104,84,AGRESTINA,Reação tardia ou ineficiente do condutor,Colisão lateral sentido oposto,Com Vítimas Feridas,Anoitecer,Crescente,Céu Claro,Simples,Reta,Não,3,0,1,0,2,0,1,2,"-8,430662","-35,959164",SPRF-PE,DEL02-PE,UOP01-DEL02-PE
541482,2023-08-10,quinta-feira,20:30:00,PE,101,68,RECIFE,Manobra de mudança de faixa,Tombamento,Com Vítimas Feridas,Plena Noite,Decrescente,Nublado,Dupla,Rotatória,Sim,2,0,1,0,1,0,1,2,"-8,05074296","-34,94580619",SPRF-PE,DEL01-PE,UOP01-DEL01-PE
541483,2023-08-10,quinta-feira,20:00:00,PE,101,80,JABOATAO DOS GUARARAPES,Condutor deixou de manter distância do veículo da frente,Colisão traseira,Com Vítimas Feridas,Plena Noite,Decrescente,Céu Claro,Simples,Reta,Sim,3,0,2,0,1,0,2,2,"-8,15112589","-34,9428866",SPRF-PE,DEL01-PE,UOP01-DEL01-PE
541494,2023-08-10,quinta-feira,20:30:00,PE,232,40,VITORIA DE SANTO ANTAO,Ausência de reação do condutor,Saída de leito carroçável,Com Vítimas Feridas,Plena Noite,Decrescente,Céu Claro,Dupla,Curva,Não,1,0,1,0,0,0,1,1,"-8,11517172","-35,23667726",SPRF-PE,DEL01-PE,UOP01-DEL01-PE
541496,2023-08-10,quinta-feira,20:45:00,PE,316,"31,3",ARARIPINA,Animais na Pista,Atropelamento de Animal,Com Vítimas Fatais,Plena Noite,Crescente,Céu Claro,Simples,Reta,Não,1,1,0,0,0,0,0,1,"-7,62762275","-40,4567719",SPRF-PE,DEL05-PE,UOP02-DEL05-PE
541564,2023-08-11,sexta-feira,07:30:00,PE,101,87,JABOATAO DOS GUARARAPES,Acessar a via sem observar a presença dos outros veículos,Colisão frontal,Com Vítimas Feridas,Pleno dia,Decrescente,Chuva,Simples,Reta,Sim,2,0,1,0,1,0,1,2,"-8,19120206","-34,97449985",SPRF-PE,DEL01-PE,UOP01-DEL01-PE
541585,2023-08-11,sexta-feira,11:00:00,PE,104,99,CUPIRA,Ultrapassagem Indevida,Colisão frontal,Com Vítimas Feridas,Pleno dia,Crescente,Nublado,Simples,Aclive;Curva                  ,Não,3,0,1,2,0,0,3,2,"-8,555543","-35,943687",SPRF-PE,DEL02-PE,UOP03-DEL02-PE
541607,2023-08-11,sexta-feira,13:30:00,PE,232,7,RECIFE,Manobra de mudança de faixa,Colisão traseira,Com Vítimas Feridas,Pleno dia,Decrescente,Céu Claro,Múltipla,Reta,Não,2,0,1,0,1,0,1,2,"-8,07333497","-34,96184301",SPRF-PE,DEL01-PE,UOP01-DEL01-PE
541617,2023-08-11,sexta-feira,13:30:00,PE,101,48,ABREU E LIMA,Acessar a via sem observar a presença dos outros veículos,Colisão transversal,Sem Vítimas,Pleno dia,Crescente,Céu Claro,Múltipla,Reta;Retorno Regulamentado    ,Sim,3,0,0,0,3,0,0,2,"-7,89174705","-34,9033493",SPRF-PE,DEL01-PE,UOP02-DEL01-PE
541646,2023-08-11,sexta-feira,16:30:00,PE,101,70,RECIFE,Ausência de reação do condutor,Saída de leito carroçável,Com Vítimas Feridas,Pleno dia,Decrescente,Céu Claro,Simples,Curva,Sim,1,0,1,0,0,0,1,1,"-8,06776119","-34,94265074",SPRF-PE,DEL01-PE,UOP01-DEL01-PE
541656,2023-08-11,sexta-feira,16:30:00,PE,423,94,GARANHUNS,Pedestre cruzava a pista fora da faixa,Atropelamento de Pedestre,Com Vítimas Feridas,Pleno dia,Crescente,Garoa/Chuvisco,Dupla,Reta,Sim,2,0,1,0,0,1,1,2,"-8,874732","-36,46946",SPRF-PE,DEL03-PE,UOP01-DEL03-PE
541719,2023-08-11,sexta-feira,16:00:00,PE,428,"187,9",PETROLINA,Manobra de mudança de faixa,Colisão lateral mesmo sentido,Sem Vítimas,Pleno dia,Decrescente,Chuva,Múltipla,Rotatória,Sim,2,0,0,0,2,0,0,2,"-9,3747593","-40,48788071",SPRF-PE,DEL06-PE,UOP01-DEL06-PE
541721,2023-08-11,sexta-feira,21:30:00,PE,232,7,RECIFE,Velocidade Incompatível,Tombamento,Com Vítimas Feridas,Plena Noite,Crescente,Céu Claro,Múltipla,Curva,Não,1,0,0,1,0,0,1,1,"-8,07333497","-34,96184301",SPRF-PE,DEL01-PE,UOP01-DEL01-PE
541740,2023-08-11,sexta-feira,14:47:00,PE,101,"42,8",IGARASSU,Velocidade Incompatível,Colisão transversal,Com Vítimas Feridas,Pleno dia,Decrescente,Céu Claro,Múltipla,Reta;Retorno Regulamentado    ,Sim,2,0,1,0,1,0,1,2,"-7,83887431","-34,91196739",SPRF-PE,DEL01-PE,UOP02-DEL01-PE
541831,2023-08-12,sábado,08:25:00,PE,232,409,SERRA TALHADA,Acessar a via sem observar a presença dos outros veículos,Colisão lateral mesmo sentido,Com Vítimas Feridas,Pleno dia,Crescente,Céu Claro,Simples,Interseção de Vias;Reta       ,Sim,4,0,1,0,3,0,1,2,"-7,981944","-38,289467",SPRF-PE,DEL04-PE,UOP01-DEL04-PE
541895,2023-08-12,sábado,15:45:00,PE,101,"75,6",RECIFE,Avarias e/ou desgaste excessivo no pneu,Queda de ocupante de veículo,Com Vítimas Feridas,Pleno dia,Crescente,Céu Claro,Dupla,Reta,Não,2,0,1,1,0,0,2,1,"-8,10973523","-34,94660151",SPRF-PE,DEL01-PE,UOP01-DEL01-PE
541958,2023-08-12,sábado,18:30:00,PE,407,"117,7",PETROLINA,Ingestão de álcool pelo condutor,Colisão traseira,Sem Vítimas,Plena Noite,Decrescente,Céu Claro,Simples,Reta,Sim,2,0,0,0,2,0,0,2,"-9,32371","-40,568027",SPRF-PE,DEL06-PE,UOP01-DEL06-PE
541963,2023-08-12,sábado,20:25:00,PE,407,123,PETROLINA,Condutor deixou de manter distância do veículo da frente,Colisão traseira,Com Vítimas Feridas,Plena Noite,Crescente,Céu Claro,Simples,Reta,Sim,2,0,1,0,1,0,1,2,"-9,36149178","-40,54594462",SPRF-PE,DEL06-PE,UOP01-DEL06-PE
541982,2023-08-12,sábado,22:25:00,PE,232,328,CUSTODIA,Transitar na contramão,Colisão frontal,Com Vítimas Feridas,Plena Noite,Decrescente,Céu Claro,Simples,Ponte;Reta                    ,Não,3,0,0,2,1,0,2,2,"-8,09113514","-37,59520501",SPRF-PE,DEL04-PE,UOP02-DEL04-PE
542046,2023-08-13,domingo,08:30:00,PE,101,"69,5",RECIFE,Pista Escorregadia,Tombamento,Com Vítimas Feridas,Pleno dia,Crescente,Chuva,Múltipla,Curva,Sim,1,0,1,0,0,0,1,1,"-8,065647","-34,944342",SPRF-PE,DEL01-PE,UOP01-DEL01-PE
542075,2023-08-13,domingo,05:20:00,PE,407,"2,3",AFRANIO,Reação tardia ou ineficiente do condutor,Colisão lateral mesmo sentido,Com Vítimas Feridas,Amanhecer,Crescente,Céu Claro,Simples,Reta,Não,2,0,0,1,1,0,1,1,"-8,48459683","-40,95886052",SPRF-PE,DEL06-PE,UOP02-DEL06-PE
542078,2023-08-13,domingo,11:00:00,PE,101,74,RECIFE,Ultrapassagem Indevida,Colisão lateral mesmo sentido,Com Vítimas Feridas,Pleno dia,Crescente,Céu Claro,Dupla,Reta,Sim,2,0,0,1,1,0,1,2,"-8,10146485","-34,94901577",SPRF-PE,DEL01-PE,UOP01-DEL01-PE