id,data_inversa,dia_semana,horario,uf,br,km,municipio,causa_acidente,tipo_acidente,classificacao_acidente,fase_dia,sentido_via,condicao_metereologica,tipo_pista,tracado_via,uso_solo,pessoas,mortos,feridos_leves,feridos_graves,ilesos,ignorados,feridos,veiculos,latitude,longitude,regional,delegacia,uop
542090,2023-08-13,domingo,12:07:00,PE,232,5,RECIFE,Reação tardia ou ineficiente do condutor,Colisão lateral mesmo sentido,Com Vítimas Feridas,Pleno dia,Decrescente,Céu Claro,Múltipla,Reta,Sim,2,0,1,0,1,0,1,2,"-8,06795766","-34,94535414",SPRF-PE,DEL01-PE,UOP01-DEL01-PE
542111,2023-08-13,domingo,14:30:00,PE,232,10,JABOATAO DOS GUARARAPES,Reação tardia ou ineficiente do condutor,Colisão lateral mesmo sentido,Com Vítimas Feridas,Pleno dia,Decrescente,Céu Claro,Múltipla,Em Obras;Reta                 ,Sim,3,0,2,0,1,0,2,2,"-8,07917241","-34,98718609",SPRF-PE,DEL01-PE,UOP01-DEL01-PE
542122,2023-08-13,domingo,14:00:00,PE,423,79,JUCATI,Ingestão de álcool ou de substâncias psicoativas pelo pedestre,Atropelamento de Pedestre,Com Vítimas Feridas,Pleno dia,Crescente,Céu Claro,Simples,Reta,Sim,2,0,1,0,0,1,1,2,"-8,755247","-36,43082",SPRF-PE,DEL03-PE,UOP01-DEL03-PE
542130,2023-08-13,domingo,16:21:00,PE,232,10,JABOATAO DOS GUARARAPES,Transitar na contramão,Colisão traseira,Com Vítimas Feridas,Pleno dia,Crescente,Céu Claro,Dupla,Reta;Viaduto                  ,Não,2,0,1,0,1,0,1,2,"-8,07917241","-34,98718609",SPRF-PE,DEL01-PE,UOP01-DEL01-PE
542135,2023-08-13,domingo,15:30:00,PE,101,"1,1",GOIANA,Reação tardia ou ineficiente do condutor,Colisão com objeto,Com Vítimas Feridas,Pleno dia,Decrescente,Chuva,Dupla,Reta,Não,1,0,0,1,0,0,1,1,"-7,50897414","-34,98748949",SPRF-PE,DEL01-PE,UOP02-DEL01-PE
542141,2023-08-13,domingo,15:15:00,PE,428,"15,5",CABROBO,Ultrapassagem Indevida,Colisão lateral mesmo sentido,Com Vítimas Feridas,Pleno dia,Decrescente,Céu Claro,Simples,Reta,Não,2,0,0,1,0,1,1,2,"-8,49933524","-39,35206403",SPRF-PE,DEL05-PE,UOP03-DEL05-PE
542159,2023-08-13,domingo,19:00:00,PE,232,407,SERRA TALHADA,Ausência de reação do condutor,Queda de ocupante de veículo,Com Vítimas Feridas,Plena Noite,Crescente,Céu Claro,Simples,Reta,Sim,2,0,1,0,1,0,1,1,"-7,9854402","-38,27148304",SPRF-PE,DEL04-PE,UOP01-DEL04-PE
542170,2023-08-13,domingo,18:54:00,PE,232,8,RECIFE,Condutor deixou de manter distância do veículo da frente,Colisão lateral mesmo sentido,Com Vítimas Feridas,Plena Noite,Decrescente,Céu Claro,Dupla,Reta;Em Obras                 ,Sim,5,0,3,0,2,0,3,3,"-8,07617","-34,970577",SPRF-PE,DEL01-PE,UOP01-DEL01-PE
542175,2023-08-13,domingo,17:40:00,PE,423,57,LAJEDO,Reação tardia ou ineficiente do condutor,Colisão traseira,Com Vítimas Feridas,Anoitecer,Decrescente,Nublado,Simples,Reta,Não,4,0,0,3,1,0,3,2,"-8,632877","-36,305004",SPRF-PE,DEL03-PE,UOP01-DEL03-PE
542178,2023-08-13,domingo,20:15:00,PE,101,69,RECIFE,Reação tardia ou ineficiente do condutor,Colisão com objeto,Sem Vítimas,Plena Noite,Decrescente,Céu Claro,Dupla,Reta,Sim,1,0,0,0,1,0,0,1,"-8,05951606","-34,94581024",SPRF-PE,DEL01-PE,UOP01-DEL01-PE
542198,2023-08-13,domingo,21:10:00,PE,101,"47,7",ABREU E LIMA,Manobra de mudança de faixa,Colisão lateral mesmo sentido,Com Vítimas Feridas,Plena Noite,Decrescente,Nublado,Múltipla,Reta,Sim,2,0,2,0,0,0,2,1,"-7,888595","-34,90375",SPRF-PE,DEL01-PE,UOP02-DEL01-PE
542224,2023-08-13,domingo,22:11:00,PE,101,85,JABOATAO DOS GUARARAPES,Condutor deixou de manter distância do veículo da frente,Colisão traseira,Com Vítimas Feridas,Plena Noite,Crescente,Chuva,Simples,Reta,Sim,2,0,0,1,1,0,1,2,"-8,18065563","-34,95965322",SPRF-PE,DEL01-PE,UOP01-DEL01-PE
542260,2023-08-14,segunda-feira,06:50:00,PE,101,48,ABREU E LIMA,Reação tardia ou ineficiente do condutor,Colisão traseira,Com Vítimas Feridas,Pleno dia,Decrescente,Chuva,Múltipla,Reta,Sim,2,0,1,0,1,0,1,2,"-7,89687219","-34,90253878",SPRF-PE,DEL01-PE,UOP02-DEL01-PE
542271,2023-08-14,segunda-feira,07:40:00,PE,101,67,RECIFE,Manobra de mudança de faixa,Colisão traseira,Com Vítimas Feridas,Pleno dia,Crescente,Garoa/Chuvisco,Dupla,Reta,Sim,3,0,1,0,2,0,1,2,"-8,042334","-34,943096",SPRF-PE,DEL01-PE,UOP01-DEL01-PE
542305,2023-08-14,segunda-feira,10:40:00,PE,232,151,SAO CAITANO,Acessar a via sem observar a presença dos outros veículos,Colisão transversal,Com Vítimas Feridas,Pleno dia,Crescente,Céu Claro,Simples,Reta,Não,4,0,1,0,3,0,1,2,"-8,32643046","-36,17195697",SPRF-PE,DEL03-PE,UOP02-DEL03-PE
542348,2023-08-14,segunda-feira,14:50:00,PE,101,42,IGARASSU,Acessar a via sem observar a presença dos outros veículos,Colisão transversal,Com Vítimas Feridas,Pleno dia,Crescente,Nublado,Múltipla,Reta;Retorno Regulamentado    ,Sim,2,0,1,0,1,0,1,2,"-7,83887431","-34,91196739",SPRF-PE,DEL01-PE,UOP02-DEL01-PE
542354,2023-08-14,segunda-feira,14:00:00,PE,104,20,TAQUARITINGA DO NORTE,Transitar na contramão,Colisão frontal,Com Vítimas Feridas,Pleno dia,Crescente,Céu Claro,Simples,Curva;Declive                 ,Não,3,0,2,0,1,0,2,2,"-7,956497","-36,128529",SPRF-PE,DEL02-PE,UOP01-DEL02-PE
542444,2023-08-14,segunda-feira,19:40:00,PE,424,12,PEDRA,Demais falhas mecânicas ou elétricas,Incêndio,Sem Vítimas,Pleno dia,Decrescente,Céu Claro,Simples,Aclive;Reta                   ,Não,1,0,0,0,0,1,0,1,"-8,49803522","-36,99233497",SPRF-PE,DEL04-PE,UOP02-DEL04-PE
542445,2023-08-15,terça-feira,05:29:00,PE,101,78,JABOATAO DOS GUARARAPES,Ultrapassagem Indevida,Colisão lateral mesmo sentido,Com Vítimas Feridas,Pleno dia,Crescente,Garoa/Chuvisco,Dupla,Reta,Sim,2,0,1,0,0,1,1,2,"-8,13496499","-34,94738614",SPRF-PE,DEL01-PE,UOP01-DEL01-PE
542450,2023-08-15,terça-feira,05:50:00,PE,232,"9,3",JABOATAO DOS GUARARAPES,Manobra de mudança de faixa,Colisão traseira,Com Vítimas Feridas,Amanhecer,Decrescente,Nublado,Dupla,Reta,Sim,2,0,1,0,1,0,1,2,"-8,078493","-34,98247",SPRF-PE,DEL01-PE,UOP01-DEL01-PE
542488,2023-08-02,quarta-feira,16:40:00,PE,428,184,PETROLINA,Reação tardia ou ineficiente do condutor,Queda de ocupante de veículo,Com Vítimas Feridas,Pleno dia,Crescente,Céu Claro,Dupla,Reta,Sim,2,0,1,0,1,0,1,1,"-9,33211208","-40,46621385",SPRF-PE,DEL06-PE,UOP01-DEL06-PE
542555,2023-08-15,terça-feira,17:45:00,PE,232,10,JABOATAO DOS GUARARAPES,Trafegar com motocicleta (ou similar) entre as faixas,Colisão lateral mesmo sentido,Com Vítimas Feridas,Anoitecer,Crescente,Nublado,Múltipla,Interseção de Vias,Não,2,0,1,0,1,0,1,2,"-8,078397","-34,981797",SPRF-PE,DEL01-PE,UOP01-DEL01-PE
542588,2023-08-15,terça-feira,19:00:00,PE,101,74,RECIFE,Objeto estático sobre o leito carroçável,Colisão com objeto,Com Vítimas Feridas,Plena Noite,Decrescente,Céu Claro,Dupla,Curva,Não,1,0,1,0,0,0,1,1,"-8,10146485","-34,94901577",SPRF-PE,DEL01-PE,UOP01-DEL01-PE
542596,2023-08-15,terça-feira,19:35:00,PE,407,124,PETROLINA,Acessar a via sem observar a presença dos outros veículos,Colisão transversal,Com Vítimas Feridas,Plena Noite,Crescente,Céu Claro,Dupla,Rotatória,Sim,2,0,0,2,0,0,2,2,"-9,37598722","-40,53789854",SPRF-PE,DEL06-PE,UOP01-DEL06-PE
542616,2023-08-16,quarta-feira,01:20:00,PE,101,11,GOIANA,Acessar a via sem observar a presença dos outros veículos,Atropelamento de Pedestre,Com Vítimas Fatais,Plena Noite,Decrescente,Vento,Múltipla,Reta,Não,2,1,0,0,1,0,0,2,"-7,59514001","-34,98460002",SPRF-PE,DEL01-PE,UOP02-DEL01-PE
542677,2023-08-16,quarta-feira,10:30:00,PE,101,81,JABOATAO DOS GUARARAPES,Acessar a via sem observar a presença dos outros veículos,Colisão lateral mesmo sentido,Com Vítimas Feridas,Pleno dia,Crescente,Céu Claro,Dupla,Reta,Sim,2,0,1,0,1,0,1,2,"-8,165945","-34,938474",SPRF-PE,DEL01-PE,UOP01-DEL01-PE
542712,2023-08-16,quarta-feira,14:50:00,PE,101,"68,6",RECIFE,Manobra de mudança de faixa,Colisão lateral mesmo sentido,Com Vítimas Feridas,Pleno dia,Decrescente,Céu Claro,Múltipla,Interseção de Vias;Reta       ,Sim,2,0,1,0,1,0,1,2,"-8,05492734","-34,94615793",SPRF-PE,DEL01-PE,UOP01-DEL01-PE
542726,2023-08-16,quarta-feira,15:00:00,PE,232,34,MORENO,Acessar a via sem observar a presença dos outros veículos,Colisão transversal,Com Vítimas Feridas,Pleno dia,Crescente,Sol,Dupla,Reta;Viaduto                  ,Sim,2,0,0,1,1,0,1,2,"-8,10702537","-35,18394691",SPRF-PE,DEL01-PE,UOP01-DEL01-PE
542824,2023-08-17,quinta-feira,07:57:00,PE,101,87,JABOATAO DOS GUARARAPES,Ausência de reação do condutor,Colisão traseira,Com Vítimas Feridas,Pleno dia,Crescente,Céu Claro,Dupla,Reta,Sim,3,0,1,0,2,0,1,3,"-8,19120206","-34,97449985",SPRF-PE,DEL01-PE,UOP01-DEL01-PE
542834,2023-08-17,quinta-feira,07:20:00,PE,101,"40,8",IGARASSU,Pedestre cruzava a pista fora da faixa,Colisão traseira,Com Vítimas Feridas,Pleno dia,Decrescente,Chuva,Dupla,Reta,Sim,3,0,2,0,1,0,2,2,"-7,821475","-34,916545",SPRF-PE,DEL01-PE,UOP02-DEL01-PE
542899,2023-08-17,quinta-feira,16:40:00,PE,428,188,PETROLINA,Ingestão de álcool pelo condutor,Colisão com objeto,Sem Vítimas,Pleno dia,Crescente,Céu Claro,Dupla,Reta,Sim,5,0,0,0,1,4,0,4,"-9,36400596","-40,48266808",SPRF-PE,DEL06-PE,UOP01-DEL06-PE
543111,2023-08-18,sexta-feira,16:00:00,PE,104,"81,4",AGRESTINA,Conversão proibida,Colisão transversal,Com Vítimas Feridas,Pleno dia,Crescente,Chuva,Simples,Reta;Declive                  ,Não,2,0,1,0,1,0,1,2,"-8,406442","-35,971077",SPRF-PE,DEL02-PE,UOP01-DEL02-PE
543125,2023-08-18,sexta-feira,18:00:00,PE,428,192,PETROLINA,Condutor deixou de manter distância do veículo da frente,Colisão traseira,Com Vítimas Feridas,Plena Noite,Decrescente,Céu Claro,Dupla,Reta,Sim,2,0,1,0,1,0,1,2,"-9,38067769","-40,51113714",SPRF-PE,DEL06-PE,UOP01-DEL06-PE
543129,2023-08-18,sexta-feira,17:50:00,PE,423,"76,5",JUCATI,Acostamento em desnível,Capotamento,Com Vítimas Feridas,Anoitecer,Decrescente,Chuva,Simples,Reta;Declive                  ,Não,1,0,1,0,0,0,1,1,"-8,73183901","-36,43146015",SPRF-PE,DEL03-PE,UOP01-DEL03-PE
543164,2023-08-18,sexta-feira,20:10:00,PE,408,98,SAO LOURENCO DA MATA,Animais na Pista,Atropelamento de Animal,Com Vítimas Feridas,Pleno dia,Decrescente,Céu Claro,Dupla,Reta,Não,2,0,0,1,1,0,1,1,"-8,03598572","-35,03218461",SPRF-PE,DEL01-PE,UOP01-DEL01-PE
543234,2023-08-19,sábado,06:40:00,PE,101,8,GOIANA,Acumulo de água sobre o pavimento,Colisão com objeto,Com Vítimas Feridas,Pleno dia,Crescente,Chuva,Dupla,Aclive;Reta                   ,Não,1,0,1,0,0,0,1,1,"-7,56898134","-34,98959891",SPRF-PE,DEL01-PE,UOP02-DEL01-PE
543281,2023-08-19,sábado,11:15:00,PE,101,68,RECIFE,Trafegar com motocicleta (ou similar) entre as faixas,Queda de ocupante de veículo,Com Vítimas Feridas,Pleno dia,Crescente,Chuva,Dupla,Aclive,Sim,2,0,1,1,0,0,2,1,"-8,05074296","-34,94580619",SPRF-PE,DEL01-PE,UOP01-DEL01-PE
543286,2023-08-19,sábado,11:40:00,PE,101,"69,1",RECIFE,Ausência de sinalização,Tombamento,Com Vítimas Feridas,Pleno dia,Decrescente,Chuva,Dupla,Reta,Sim,1,0,0,1,0,0,1,1,"-8,05951606","-34,94581024",SPRF-PE,DEL01-PE,UOP01-DEL01-PE
543351,2023-08-19,sábado,18:00:00,PE,232,305,SERTANIA,Animais na Pista,Atropelamento de Animal,Com Vítimas Feridas,Plena Noite,Decrescente,Céu Claro,Simples,Reta,Não,2,0,1,1,0,0,2,1,"-8,19109556","-37,44132256",SPRF-PE,DEL04-PE,UOP02-DEL04-PE
543378,2023-08-19,sábado,20:45:00,PE,423,"90,5",GARANHUNS,Ingestão de álcool pelo condutor,Colisão traseira,Com Vítimas Feridas,Plena Noite,Crescente,Garoa/Chuvisco,Simples,Reta,Não,4,0,1,0,3,0,1,2,"-8,84566879","-36,4596095",SPRF-PE,DEL03-PE,UOP01-DEL03-PE
543387,2023-08-19,sábado,22:00:00,PE,232,"94,3",GRAVATA,Acumulo de água sobre o pavimento,Saída de leito carroçável,Com Vítimas Feridas,Plena Noite,Crescente,Chuva,Dupla,Reta,Não,4,0,1,1,2,0,2,1,"-8,22473335","-35,69081624",SPRF-PE,DEL02-PE,UOP02-DEL02PE
543435,2023-08-20,domingo,03:23:00,PE,408,99,SAO LOURENCO DA MATA,Reação tardia ou ineficiente do condutor,Colisão traseira,Com Vítimas Feridas,Amanhecer,Crescente,Chuva,Dupla,Declive;Interseção de Vias;Ret,Não,3,0,1,0,0,2,1,3,"-8,04133634","-35,02531212",SPRF-PE,DEL01-PE,UOP01-DEL01-PE
543479,2023-08-20,domingo,08:30:00,PE,424,20,PEDRA,Transitar na contramão,Colisão frontal,Com Vítimas Fatais,Pleno dia,Decrescente,Céu Claro,Simples,Reta,Não,2,1,1,0,0,0,1,2,"-8,51024896","-36,92901694",SPRF-PE,DEL04-PE,UOP02-DEL04-PE
543480,2023-08-20,domingo,10:25:00,PE,101,91,CABO DE SANTO AGOSTINHO,Ausência de reação do condutor,Saída de leito carroçável,Com Vítimas Feridas,Pleno dia,Crescente,Chuva,Dupla,Reta,Não,1,0,1,0,0,0,1,1,"-8,22399812","-34,99290474",SPRF-PE,DEL01-PE,UOP01-DEL01-PE
543490,2023-08-20,domingo,11:35:00,PE,232,133,CARUARU,Ingestão de álcool pelo condutor,Colisão traseira,Com Vítimas Feridas,Pleno dia,Decrescente,Nublado,Dupla,Reta,Sim,3,0,1,0,2,0,1,2,"-8,30607988","-36,01576003",SPRF-PE,DEL02-PE,UOP01-DEL02-PE
543511,2023-08-20,domingo,14:50:00,PE,101,"66,9",RECIFE,Frear bruscamente,Colisão traseira,Com Vítimas Feridas,Pleno dia,Crescente,Chuva,Simples,Reta,Sim,2,0,0,1,1,0,1,2,"-8,03368534","-34,94184125",SPRF-PE,DEL01-PE,UOP01-DEL01-PE
543569,2023-08-20,domingo,19:00:00,PE,232,10,JABOATAO DOS GUARARAPES,Demais falhas mecânicas ou elétricas,Tombamento,Sem Vítimas,Plena Noite,Crescente,Céu Claro,Dupla,Viaduto;Reta                  ,Sim,1,0,0,0,0,1,0,1,"-8,07917241","-34,98718609",SPRF-PE,DEL01-PE,UOP01-DEL01-PE
543570,2023-08-20,domingo,17:59:00,PE,116,24,SALGUEIRO,Ingestão de álcool pelo condutor,Saída de leito carroçável,Com Vítimas Feridas,Plena Noite,Crescente,Céu Claro,Simples,Reta,Sim,1,0,1,0,0,0,1,1,"-8,052562","-39,13718",SPRF-PE,DEL05-PE,UOP01-DEL05-PE
543572,2023-08-20,domingo,18:16:00,PE,232,135,CARUARU,Entrada inopinada do pedestre,Atropelamento de Pedestre,Com Vítimas Fatais,Plena Noite,Crescente,Céu Claro,Dupla,Reta;Declive                  ,Sim,2,1,0,0,0,1,0,2,"-8,31096592","-36,03308802",SPRF-PE,DEL02-PE,UOP01-DEL02-PE
543590,2023-08-20,domingo,20:14:00,PE,408,"95,8",SAO LOURENCO DA MATA,Chuva,Saída de leito carroçável,Sem Vítimas,Plena Noite,Crescente,Chuva,Dupla,Reta,Não,1,0,0,0,0,1,0,1,"-8,019205","-35,041488",SPRF-PE,DEL01-PE,UOP01-DEL01-PE
543592,2023-08-20,domingo,20:00:00,PE,101,"46,7",IGARASSU,Ausência de reação do condutor,Colisão traseira,Com Vítimas Feridas,Plena Noite,Crescente,Chuva,Múltipla,Declive;Reta                  ,Sim,2,0,0,1,1,0,1,2,"-7,87406004","-34,90588126",SPRF-PE,DEL01-PE,UOP02-DEL01-PE
543604,2023-08-20,domingo,20:30:00,PE,232,80,GRAVATA,Ingestão de álcool pelo condutor,Colisão traseira,Com Vítimas Feridas,Plena Noite,Crescente,Garoa/Chuvisco,Múltipla,Reta,Sim,4,0,1,0,3,0,1,2,"-8,19579864","-35,56962305",SPRF-PE,DEL02-PE,UOP02-DEL02PE
543613,2023-08-20,domingo,21:45:00,PE,428,"189,8",PETROLINA,Ingestão de álcool pelo condutor,Colisão transversal,Sem Vítimas,Pleno dia,Crescente,Céu Claro,Dupla,Interseção de Vias;Retorno Reg,Sim,2,0,0,0,2,0,0,2,"-9,37197508","-40,48679585",SPRF-PE,DEL06-PE,UOP01-DEL06-PE
543619,2023-08-20,domingo,21:30:00,PE,423,76,JUCATI,Ingestão de álcool pelo condutor,Colisão lateral sentido oposto,Sem Vítimas,Plena Noite,Decrescente,Céu Claro,Simples,Reta;Aclive                   ,Não,2,0,0,0,2,0,0,2,"-8,73183901","-36,43146015",SPRF-PE,DEL03-PE,UOP01-DEL03-PE
543620,2023-08-20,domingo,22:04:00,PE,101,42,IGARASSU,Reação tardia ou ineficiente do condutor,Colisão com objeto,Sem Vítimas,Plena Noite,Crescente,Céu Claro,Múltipla,Reta,Sim,2,0,0,0,0,2,0,2,"-7,83887431","-34,91196739",SPRF-PE,DEL01-PE,UOP02-DEL01-PE
543621,2023-08-20,domingo,18:20:00,PE,232,121,CARUARU,Reação tardia ou ineficiente do condutor,Colisão traseira,Com Vítimas Feridas,Plena Noite,Crescente,Céu Claro,Dupla,Reta,Não,8,0,2,0,6,0,2,2,"-8,30018257","-35,91071184",SPRF-PE,DEL02-PE,UOP01-DEL02-PE
543625,2023-08-21,segunda-feira,00:10:00,PE,101,42,IGARASSU,Animais na Pista,Atropelamento de Animal,Sem Vítimas,Plena Noite,Decrescente,Céu Claro,Dupla,Reta,Sim,3,0,0,0,3,0,0,1,"-7,83887431","-34,91196739",SPRF-PE,DEL01-PE,UOP02-DEL01-PE
543655,2023-08-21,segunda-feira,07:42:00,PE,101,76,RECIFE,Ausência de reação do condutor,Colisão traseira,Com Vítimas Feridas,Pleno dia,Crescente,Céu Claro,Dupla,Declive;Reta                  ,Sim,2,0,1,0,1,0,1,2,"-8,124577","-34,943872",SPRF-PE,DEL01-PE,UOP01-DEL01-PE
543661,2023-08-21,segunda-feira,07:15:00,PE,232,"129,1",CARUARU,Manobra de mudança de faixa,Colisão lateral mesmo sentido,Com Vítimas Feridas,Pleno dia,Crescente,Nublado,Dupla,Curva,Não,2,0,0,1,1,0,1,2,"-8,300446","-35,986558",SPRF-PE,DEL02-PE,UOP01-DEL02-PE
543705,2023-08-21,segunda-feira,14:20:00,PE,101,76,RECIFE,Transitar no Acostamento,Colisão com objeto,Com Vítimas Feridas,Pleno dia,Decrescente,Céu Claro,Dupla,Reta,Sim,3,0,1,1,1,0,2,2,"-8,11813811","-34,94329214",SPRF-PE,DEL01-PE,UOP01-DEL01-PE
543718,2023-08-21,segunda-feira,15:00:00,PE,316,37,ARARIPINA,Acessar a via sem observar a presença dos outros veículos,Colisão transversal,Com Vítimas Feridas,Pleno dia,Decrescente,Céu Claro,Simples,Reta,Sim,2,0,0,1,1,0,1,2,"-7,65163984","-40,41197275",SPRF-PE,DEL05-PE,UOP02-DEL05-PE
543750,2023-08-21,segunda-feira,17:20:00,PE,232,"5,4",RECIFE,Ultrapassagem Indevida,Saída de leito carroçável,Com Vítimas Feridas,Anoitecer,Crescente,Céu Claro,Dupla,Reta,Sim,2,0,2,0,0,0,2,1,"-8,06795766","-34,94535414",SPRF-PE,DEL01-PE,UOP01-DEL01-PE
543802,2023-08-13,domingo,04:50:00,PE,101,51,ABREU E LIMA,Ausência de reação do condutor,Colisão com objeto,Com Vítimas Feridas,Amanhecer,Crescente,Chuva,Dupla,Reta,Sim,1,0,0,1,0,0,1,1,"-7,9169968","-34,89689272",SPRF-PE,DEL01-PE,UOP02-DEL01-PE
543845,2023-08-22,terça-feira,11:00:00,PE,232,"16,8",JABOATAO DOS GUARARAPES,Demais falhas mecânicas ou elétricas,Capotamento,Com Vítimas Feridas,Pleno dia,Decrescente,Chuva,Dupla,Reta,Não,2,0,2,0,0,0,2,1,"-8,09414193","-35,03716601",SPRF-PE,DEL01-PE,UOP01-DEL01-PE
543862,2023-08-22,terça-feira,13:15:00,PE,101,"185,5",PALMARES,Acessar a via sem observar a presença dos outros veículos,Colisão transversal,Com Vítimas Feridas,Pleno dia,Decrescente,Céu Claro,Dupla,Reta,Sim,3,0,0,2,1,0,2,2,"-8,67427585","-35,57646077",SPRF-PE,DEL01-PE,UOP03-DEL01-PE
543922,2023-08-22,terça-feira,18:30:00,PE,232,"84,9",GRAVATA,Acesso irregular,Saída de leito carroçável,Com Vítimas Feridas,Plena Noite,Decrescente,Céu Claro,Dupla,Reta,Sim,3,0,2,0,0,1,2,2,"-8,209284","-35,61088",SPRF-PE,DEL02-PE,UOP02-DEL02PE
543932,2023-08-22,terça-feira,19:39:00,PE,104,30,TORITAMA,Manobra de mudança de faixa,Colisão frontal,Com Vítimas Feridas,Plena Noite,Crescente,Céu Claro,Simples,Reta,Sim,2,0,1,0,1,0,1,2,"-8,0137","-36,0565",SPRF-PE,DEL02-PE,UOP01-DEL02-PE
543958,2023-08-22,terça-feira,22:30:00,PE,104,67,CARUARU,Velocidade Incompatível,Capotamento,Sem Vítimas,Plena Noite,Decrescente,Céu Claro,Dupla,Aclive;Reta;Em Obras          ,Sim,1,0,0,0,0,1,0,1,"-8,29345","-35,986116",SPRF-PE,DEL02-PE,UOP01-DEL02-PE
544038,2023-06-25,domingo,04:45:00,PE,407,129,PETROLINA,Pedestre andava na pista,Atropelamento de Pedestre,Com Vítimas Fatais,Amanhecer,Crescente,Céu Claro,Dupla,Reta,Sim,2,1,0,0,0,1,0,2,"-9,39958299","-40,50459298",SPRF-PE,DEL06-PE,UOP01-DEL06-PE
544102,2023-08-23,quarta-feira,19:50:00,PE,,,JABOATAO DOS GUARARAPES,Velocidade Incompatível,Colisão com objeto,Com Vítimas Feridas,Plena Noite,Não Informado,Céu Claro,Simples,Reta,Sim,4,0,1,0,3,0,1,2,"-8,108589","-34,997445",SPRF-PE,DEL01-PE,UOP01-DEL01-PE
544107,2023-08-23,quarta-feira,19:40:00,PE,428,"140,1",LAGOA GRANDE,Acesso irregular,Colisão transversal,Com Vítimas Feridas,Plena Noite,Crescente,Céu Claro,Simples,Reta,Sim,2,0,0,1,1,0,1,2,"-8,992364","-40,270164",SPRF-PE,DEL06-PE,UOP03-DEL06-PE
544174,2023-08-24,quinta-feira,07:00:00,PE,428,"191,7",PETROLINA,Reação tardia ou ineficiente do condutor,Tombamento,Com Vítimas Feridas,Pleno dia,Crescente,Céu Claro,Dupla,Reta,Não,1,0,1,0,0,0,1,1,"-9,37766429","-40,50269795",SPRF-PE,DEL06-PE,UOP01-DEL06-PE
544247,2023-08-24,quinta-feira,13:00:00,PE,232,137,CARUARU,Condutor deixou de manter distância do veículo da frente,Colisão traseira,Com Vítimas Feridas,Pleno dia,Crescente,Céu Claro,Dupla,Reta,Não,2,0,1,0,1,0,1,1,"-8,31589863","-36,05040211",SPRF-PE,DEL02-PE,UOP01-DEL02-PE
544276,2023-08-24,quinta-feira,16:01:00,PE,232,"4,4",RECIFE,Acessar a via sem observar a presença dos outros veículos,Colisão traseira,Com Vítimas Feridas,Pleno dia,Decrescente,Céu Claro,Múltipla,Curva;Declive                 ,Não,3,0,1,1,1,0,2,2,"-8,066189","-34,94041",SPRF-PE,DEL01-PE,UOP01-DEL01-PE
544284,2023-08-24,quinta-feira,15:30:00,PE,423,"62,2",LAJEDO,Ingestão de álcool pelo condutor,Colisão transversal,Com Vítimas Feridas,Pleno dia,Decrescente,Sol,Simples,Reta;Interseção de Vias       ,Sim,2,0,1,0,1,0,1,2,"-8,66011023","-36,33781395",SPRF-PE,DEL03-PE,UOP01-DEL03-PE
544339,2023-08-24,quinta-feira,19:40:00,PE,316,34,ARARIPINA,Pedestre andava na pista,Atropelamento de Pedestre,Com Vítimas Fatais,Plena Noite,Crescente,Ignorado,Simples,Reta,Não,3,1,1,1,0,0,2,2,"-7,63794532","-40,43301114",SPRF-PE,DEL05-PE,UOP02-DEL05-PE
544411,2023-08-25,sexta-feira,08:00:00,PE,101,"79,9",JABOATAO DOS GUARARAPES,Reação tardia ou ineficiente do condutor,Colisão traseira,Sem Vítimas,Pleno dia,Crescente,Céu Claro,Múltipla,Declive;Retorno Regulamentado ,Sim,2,0,0,0,2,0,0,2,"-8,14366112","-34,94723453",SPRF-PE,DEL01-PE,UOP01-DEL01-PE
544426,2023-08-25,sexta-feira,09:50:00,PE,101,69,RECIFE,Reação tardia ou ineficiente do condutor,Colisão traseira,Sem Vítimas,Pleno dia,Crescente,Céu Claro,Dupla,Reta,Sim,2,0,0,0,2,0,0,2,"-8,05951606","-34,94581024",SPRF-PE,DEL01-PE,UOP01-DEL01-PE
544439,2023-08-25,sexta-feira,11:30:00,PE,407,126,PETROLINA,Ultrapassagem Indevida,Colisão lateral mesmo sentido,Com Vítimas Feridas,Pleno dia,Decrescente,Céu Claro,Simples,Reta,Sim,2,0,1,0,1,0,1,2,"-9,38491309","-40,52809509",SPRF-PE,DEL06-PE,UOP01-DEL06-PE
544454,2023-08-25,sexta-feira,13:35:00,PE,101,44,IGARASSU,Acessar a via sem observar a presença dos outros veículos,Colisão transversal,Com Vítimas Feridas,Pleno dia,Decrescente,Sol,Múltipla,Reta;Retorno Regulamentado    ,Sim,2,0,1,0,0,1,1,2,"-7,84753808","-34,90977038",SPRF-PE,DEL01-PE,UOP02-DEL01-PE
544485,2023-08-25,sexta-feira,16:35:00,PE,101,70,RECIFE,Ausência de reação do condutor,Colisão traseira,Com Vítimas Feridas,Pleno dia,Decrescente,Céu Claro,Dupla,Reta,Sim,2,0,0,1,1,0,1,2,"-8,06776119","-34,94265074",SPRF-PE,DEL01-PE,UOP01-DEL01-PE