id,data_inversa,dia_semana,horario,uf,br,km,municipio,causa_acidente,tipo_acidente,classificacao_acidente,fase_dia,sentido_via,condicao_metereologica,tipo_pista,tracado_via,uso_solo,pessoas,mortos,feridos_leves,feridos_graves,ilesos,ignorados,feridos,veiculos,latitude,longitude,regional,delegacia,uop
544493,2023-08-25,sexta-feira,16:20:00,PE,232,"14,4",JABOATAO DOS GUARARAPES,Ingestão de álcool ou de substâncias psicoativas pelo pedestre,Atropelamento de Pedestre,Com Vítimas Feridas,Pleno dia,Crescente,Céu Claro,Dupla,Reta,Não,3,0,0,1,1,1,1,2,"-8,09025488","-35,02052302",SPRF-PE,DEL01-PE,UOP01-DEL01-PE
544571,2023-08-26,sábado,00:30:00,PE,101,"61,5",RECIFE,Ausência de reação do condutor,Colisão lateral mesmo sentido,Com Vítimas Fatais,Plena Noite,Decrescente,Céu Claro,Múltipla,Reta,Sim,4,1,0,1,2,0,1,3,"-7,994466","-34,93807",SPRF-PE,DEL01-PE,UOP02-DEL01-PE
544576,2023-08-26,sábado,01:50:00,PE,232,"9,9",JABOATAO DOS GUARARAPES,Reação tardia ou ineficiente do condutor,Colisão traseira,Com Vítimas Feridas,Plena Noite,Crescente,Céu Claro,Múltipla,Aclive;Em Obras;Reta          ,Sim,3,0,1,0,2,0,1,2,"-8,07764447","-34,97863609",SPRF-PE,DEL01-PE,UOP01-DEL01-PE
544578,2023-08-26,sábado,01:30:00,PE,101,"51,5",PAULISTA,Animais na Pista,Atropelamento de Animal,Sem Vítimas,Plena Noite,Decrescente,Céu Claro,Múltipla,Reta,Sim,1,0,0,0,0,1,0,1,"-7,92358799","-34,89607201",SPRF-PE,DEL01-PE,UOP02-DEL01-PE
544614,2023-08-26,sábado,07:25:00,PE,101,70,RECIFE,Acessar a via sem observar a presença dos outros veículos,Queda de ocupante de veículo,Com Vítimas Feridas,Pleno dia,Crescente,Sol,Dupla,Reta,Sim,1,0,1,0,0,0,1,1,"-8,06776119","-34,94265074",SPRF-PE,DEL01-PE,UOP01-DEL01-PE
544617,2023-08-26,sábado,07:45:00,PE,101,39,IGARASSU,Entrada inopinada do pedestre,Atropelamento de Pedestre,Com Vítimas Feridas,Pleno dia,Decrescente,Céu Claro,Dupla,Curva,Não,3,0,2,0,1,0,2,2,"-7,81259899","-34,91890497",SPRF-PE,DEL01-PE,UOP02-DEL01-PE
544619,2023-08-26,sábado,06:15:00,PE,316,25,ARARIPINA,Transitar na contramão,Colisão frontal,Com Vítimas Feridas,Pleno dia,Decrescente,Sol,Simples,Reta,Não,2,0,0,1,0,1,1,2,"-7,59595686","-40,49329368",SPRF-PE,DEL05-PE,UOP02-DEL05-PE
544623,2023-08-26,sábado,08:15:00,PE,423,"90,5",GARANHUNS,Transitar na contramão,Colisão frontal,Com Vítimas Feridas,Pleno dia,Decrescente,Céu Claro,Simples,Aclive;Reta                   ,Não,8,0,7,0,1,0,7,3,"-8,84566879","-36,4596095",SPRF-PE,DEL03-PE,UOP01-DEL03-PE
544630,2023-08-26,sábado,09:22:00,PE,232,"94,2",SAIRE,Ausência de reação do condutor,Engavetamento,Sem Vítimas,Pleno dia,Crescente,Sol,Dupla,Reta,Não,3,0,0,0,3,0,0,3,"-8,22473335","-35,69081624",SPRF-PE,DEL02-PE,UOP02-DEL02PE
544651,2023-08-26,sábado,07:30:00,PE,101,"70,2",RECIFE,Ingestão de álcool pelo condutor,Tombamento,Com Vítimas Feridas,Pleno dia,Decrescente,Céu Claro,Dupla,Reta,Não,1,0,1,0,0,0,1,1,"-8,07181754","-34,94251013",SPRF-PE,DEL01-PE,UOP01-DEL01-PE
544707,2023-08-26,sábado,16:00:00,PE,232,412,SERRA TALHADA,Manobra de mudança de faixa,Colisão frontal,Com Vítimas Fatais,Pleno dia,Decrescente,Sol,Simples,Curva,Sim,2,1,0,0,1,0,0,2,"-7,98377927","-38,3208774",SPRF-PE,DEL04-PE,UOP01-DEL04-PE
544710,2023-08-26,sábado,16:00:00,PE,101,48,IGARASSU,Acessar a via sem observar a presença dos outros veículos,Colisão transversal,Com Vítimas Feridas,Pleno dia,Decrescente,Céu Claro,Dupla,Reta;Retorno Regulamentado    ,Sim,2,0,1,0,1,0,1,2,"-7,89174705","-34,9033493",SPRF-PE,DEL01-PE,UOP02-DEL01-PE
544712,2023-08-26,sábado,16:02:00,PE,408,"90,9",SAO LOURENCO DA MATA,Entrada inopinada do pedestre,Atropelamento de Pedestre,Com Vítimas Fatais,Pleno dia,Decrescente,Sol,Dupla,Reta,Não,2,1,1,0,0,0,1,2,"-7,994328","-35,070481",SPRF-PE,DEL01-PE,UOP01-DEL01-PE
544722,2023-08-26,sábado,15:45:00,PE,316,265,BELEM DE SAO FRANCISCO,Reação tardia ou ineficiente do condutor,Colisão com objeto,Sem Vítimas,Pleno dia,Decrescente,Céu Claro,Simples,Ponte;Reta                    ,Não,2,0,0,0,1,1,0,1,"-8,72046213","-38,90228393",SPRF-PE,DEL05-PE,UOP03-DEL05-PE
544765,2023-08-26,sábado,20:05:00,PE,101,"60,7",RECIFE,Reação tardia ou ineficiente do condutor,Colisão traseira,Sem Vítimas,Plena Noite,Crescente,Céu Claro,Dupla,Declive,Não,3,0,0,0,3,0,0,2,"-7,98344307","-34,93176727",SPRF-PE,DEL01-PE,UOP02-DEL01-PE
544791,2023-08-26,sábado,21:40:00,PE,232,85,GRAVATA,Reação tardia ou ineficiente do condutor,Colisão traseira,Com Vítimas Fatais,Plena Noite,Crescente,Céu Claro,Dupla,Reta,Não,5,1,0,3,0,1,3,2,"-8,20951081","-35,61182408",SPRF-PE,DEL02-PE,UOP02-DEL02PE
544906,2023-08-05,sábado,11:59:00,PE,424,18,PEDRA,Velocidade Incompatível,Queda de ocupante de veículo,Com Vítimas Feridas,Pleno dia,Decrescente,Céu Claro,Simples,Curva,Sim,1,0,0,1,0,0,1,1,"-8,49676628","-36,93934222",SPRF-PE,DEL04-PE,UOP02-DEL04-PE
544908,2023-08-27,domingo,15:11:00,PE,232,"71,1",GRAVATA,Acessar a via sem observar a presença dos outros veículos,Colisão transversal,Com Vítimas Feridas,Pleno dia,Decrescente,Céu Claro,Dupla,Reta,Não,2,0,1,0,1,0,1,2,"-8,1853565","-35,49626827",SPRF-PE,DEL02-PE,UOP02-DEL02PE
544918,2023-08-27,domingo,15:40:00,PE,104,75,CARUARU,Avarias e/ou desgaste excessivo no pneu,Saída de leito carroçável,Sem Vítimas,Pleno dia,Decrescente,Céu Claro,Simples,Curva,Não,1,0,0,0,0,1,0,1,"-8,364408","-35,986152",SPRF-PE,DEL02-PE,UOP01-DEL02-PE
544921,2023-08-27,domingo,15:50:00,PE,101,123,ESCADA,Demais falhas mecânicas ou elétricas,Tombamento,Com Vítimas Feridas,Pleno dia,Crescente,Céu Claro,Dupla,Reta,Não,2,0,2,0,0,0,2,1,"-8,35963442","-35,20419694",SPRF-PE,DEL01-PE,UOP03-DEL01-PE
545027,2023-08-27,domingo,23:30:00,PE,408,"27,8",TIMBAUBA,Ingestão de álcool pelo condutor,Colisão com objeto,Com Vítimas Fatais,Plena Noite,Crescente,Chuva,Simples,Reta,Não,2,1,0,1,0,0,1,1,"-7,5940327","-35,24470263",SPRF-PE,DEL01-PE,UOP02-DEL01-PE
545066,2023-08-28,segunda-feira,08:00:00,PE,101,83,JABOATAO DOS GUARARAPES,Conversão proibida,Colisão lateral mesmo sentido,Com Vítimas Feridas,Pleno dia,Decrescente,Céu Claro,Simples,Reta,Não,2,0,1,0,1,0,1,2,"-8,175172","-34,942642",SPRF-PE,DEL01-PE,UOP01-DEL01-PE
545089,2023-08-28,segunda-feira,08:55:00,PE,101,"58,2",PAULISTA,Condutor deixou de manter distância do veículo da frente,Colisão traseira,Sem Vítimas,Pleno dia,Crescente,Céu Claro,Dupla,Reta,Sim,2,0,0,0,2,0,0,2,"-7,97063209","-34,92064675",SPRF-PE,DEL01-PE,UOP02-DEL01-PE
545106,2023-07-16,domingo,10:05:00,PE,101,69,RECIFE,Transitar na contramão,Colisão frontal,Com Vítimas Feridas,Pleno dia,Decrescente,Chuva,Dupla,Reta,Sim,3,0,2,0,0,1,2,2,"-8,06571","-34,942674",SPRF-PE,DEL01-PE,UOP01-DEL01-PE
545107,2023-08-28,segunda-feira,10:29:00,PE,101,69,RECIFE,Condutor deixou de manter distância do veículo da frente,Colisão traseira,Com Vítimas Feridas,Pleno dia,Crescente,Céu Claro,Dupla,Reta,Sim,2,0,1,0,1,0,1,2,"-8,05951606","-34,94581024",SPRF-PE,DEL01-PE,UOP01-DEL01-PE
545147,2023-08-28,segunda-feira,13:00:00,PE,428,1,BELEM DE SAO FRANCISCO,Retorno proibido,Colisão transversal,Com Vítimas Feridas,Pleno dia,Crescente,Céu Claro,Simples,Reta,Não,3,0,2,0,1,0,2,2,"-8,54390248","-39,23498024",SPRF-PE,DEL05-PE,UOP03-DEL05-PE
545168,2023-08-28,segunda-feira,14:30:00,PE,101,80,JABOATAO DOS GUARARAPES,Ausência de reação do condutor,Colisão traseira,Com Vítimas Feridas,Pleno dia,Crescente,Céu Claro,Dupla,Curva,Sim,2,0,1,0,1,0,1,2,"-8,15477106","-34,94220972",SPRF-PE,DEL01-PE,UOP01-DEL01-PE
545178,2023-08-28,segunda-feira,13:50:00,PE,232,417,SERRA TALHADA,Reação tardia ou ineficiente do condutor,Colisão com objeto,Com Vítimas Feridas,Pleno dia,Crescente,Céu Claro,Simples,Reta,Não,2,0,1,0,0,1,1,2,"-8,000298","-38,361745",SPRF-PE,DEL04-PE,UOP01-DEL04-PE
545185,2023-08-28,segunda-feira,17:20:00,PE,101,"67,3",RECIFE,Condutor deixou de manter distância do veículo da frente,Colisão traseira,Com Vítimas Feridas,Pleno dia,Crescente,Céu Claro,Dupla,Reta,Sim,3,0,2,0,1,0,2,2,"-8,042334","-34,943096",SPRF-PE,DEL01-PE,UOP01-DEL01-PE
545255,2023-04-22,sábado,19:38:00,PE,232,106,BEZERROS,Avarias e/ou desgaste excessivo no pneu,Tombamento,Com Vítimas Feridas,Plena Noite,Decrescente,Céu Claro,Dupla,Reta;Declive                  ,Não,2,0,2,0,0,0,2,1,"-8,26300269","-35,79029821",SPRF-PE,DEL02-PE,UOP02-DEL02PE
545286,2023-08-29,terça-feira,12:30:00,PE,232,147,SAO CAITANO,Mal súbito do condutor,Colisão com objeto,Com Vítimas Feridas,Pleno dia,Crescente,Céu Claro,Dupla,Reta;Aclive                   ,Sim,1,0,1,0,0,0,1,1,"-8,33373137","-36,13751116",SPRF-PE,DEL03-PE,UOP02-DEL03-PE
545377,2023-08-29,terça-feira,21:10:00,PE,232,"410,4",SERRA TALHADA,Ausência de reação do condutor,Tombamento,Com Vítimas Feridas,Plena Noite,Decrescente,Céu Claro,Simples,Reta,Sim,1,0,0,1,0,0,1,1,"-7,98261841","-38,30039606",SPRF-PE,DEL04-PE,UOP01-DEL04-PE
545430,2023-08-30,quarta-feira,07:14:00,PE,232,"106,7",BEZERROS,Condutor deixou de manter distância do veículo da frente,Colisão traseira,Sem Vítimas,Pleno dia,Decrescente,Céu Claro,Dupla,Declive;Reta                  ,Não,2,0,0,0,2,0,0,2,"-8,27437583","-35,80416315",SPRF-PE,DEL02-PE,UOP02-DEL02PE
545466,2023-08-30,quarta-feira,14:00:00,PE,101,"50,1",ABREU E LIMA,Transitar na contramão,Colisão traseira,Com Vítimas Feridas,Pleno dia,Crescente,Céu Claro,Dupla,Reta,Sim,3,0,1,0,1,1,1,3,"-7,90938602","-34,90123228",SPRF-PE,DEL01-PE,UOP02-DEL01-PE
545478,2023-08-30,quarta-feira,14:40:00,PE,232,9,JABOATAO DOS GUARARAPES,Reação tardia ou ineficiente do condutor,Colisão traseira,Sem Vítimas,Pleno dia,Crescente,Céu Claro,Dupla,Reta;Em Obras                 ,Sim,3,0,0,0,3,0,0,3,"-8,07764447","-34,97863609",SPRF-PE,DEL01-PE,UOP01-DEL01-PE
545496,2023-08-30,quarta-feira,16:50:00,PE,101,"75,8",RECIFE,Manobra de mudança de faixa,Engavetamento,Com Vítimas Feridas,Pleno dia,Decrescente,Céu Claro,Dupla,Reta,Sim,4,0,3,0,1,0,3,3,"-8,10973523","-34,94660151",SPRF-PE,DEL01-PE,UOP01-DEL01-PE
545512,2023-08-30,quarta-feira,18:00:00,PE,104,113,PANELAS,Pista esburacada,Queda de ocupante de veículo,Com Vítimas Feridas,Plena Noite,Crescente,Céu Claro,Simples,Ponte;Reta                    ,Não,1,0,0,1,0,0,1,1,"-8,643015","-36,0154",SPRF-PE,DEL02-PE,UOP03-DEL02-PE
545528,2023-08-30,quarta-feira,20:07:00,PE,104,61,CARUARU,Acessar a via sem observar a presença dos outros veículos,Colisão transversal,Com Vítimas Feridas,Plena Noite,Decrescente,Céu Claro,Dupla,Reta;Retorno Regulamentado    ,Não,3,0,2,0,1,0,2,2,"-8,24583016","-35,97492456",SPRF-PE,DEL02-PE,UOP01-DEL02-PE
545633,2023-07-29,sábado,15:30:00,PE,104,62,CARUARU,Manobra de mudança de faixa,Colisão traseira,Com Vítimas Feridas,Pleno dia,Crescente,Céu Claro,Dupla,Viaduto,Sim,2,0,0,1,1,0,1,2,"-8,2618","-35,976",SPRF-PE,DEL02-PE,UOP01-DEL02-PE
545682,2023-08-31,quinta-feira,16:40:00,PE,104,61,CARUARU,Manobra de mudança de faixa,Colisão lateral mesmo sentido,Com Vítimas Feridas,Pleno dia,Crescente,Céu Claro,Dupla,Reta,Sim,3,0,3,0,0,0,3,2,"-8,2529","-35,9751",SPRF-PE,DEL02-PE,UOP01-DEL02-PE
545702,2023-08-31,quinta-feira,18:00:00,PE,423,"98,2",GARANHUNS,Ausência de reação do condutor,Saída de leito carroçável,Com Vítimas Feridas,Plena Noite,Crescente,Céu Claro,Simples,Interseção de Vias;Curva      ,Não,3,0,2,1,0,0,3,1,"-8,87522405","-36,50593758",SPRF-PE,DEL03-PE,UOP01-DEL03-PE
545786,2023-09-01,sexta-feira,07:10:00,PE,232,"211,2",PESQUEIRA,Ingestão de álcool pelo condutor,Colisão transversal,Com Vítimas Fatais,Pleno dia,Crescente,Céu Claro,Simples,Interseção de Vias;Reta       ,Sim,5,2,1,2,0,0,3,2,"-8,36989","-36,707561",SPRF-PE,DEL03-PE,UOP02-DEL03-PE
545798,2023-09-01,sexta-feira,08:28:00,PE,101,"78,9",JABOATAO DOS GUARARAPES,Reação tardia ou ineficiente do condutor,Colisão traseira,Com Vítimas Feridas,Pleno dia,Decrescente,Céu Claro,Dupla,Curva,Sim,4,0,1,0,3,0,1,3,"-8,13496499","-34,94738614",SPRF-PE,DEL01-PE,UOP01-DEL01-PE
545805,2023-09-01,sexta-feira,09:21:00,PE,101,54,PAULISTA,Manobra de mudança de faixa,Colisão lateral mesmo sentido,Com Vítimas Feridas,Pleno dia,Crescente,Céu Claro,Dupla,Reta,Sim,2,0,1,0,1,0,1,2,"-7,93961103","-34,90356584",SPRF-PE,DEL01-PE,UOP02-DEL01-PE
545815,2023-09-01,sexta-feira,05:54:00,PE,316,327,FLORESTA,Ausência de reação do condutor,Saída de leito carroçável,Com Vítimas Feridas,Pleno dia,Crescente,Céu Claro,Simples,Aclive;Reta                   ,Não,2,0,0,2,0,0,2,1,"-8,73614452","-38,43409598",SPRF-PE,DEL04-PE,UOP03-DEL04-PE
545826,2023-09-01,sexta-feira,10:45:00,PE,104,61,CARUARU,Acessar a via sem observar a presença dos outros veículos,Colisão lateral mesmo sentido,Com Vítimas Feridas,Pleno dia,Decrescente,Céu Claro,Múltipla,Interseção de Vias;Reta       ,Sim,4,0,1,1,2,0,2,4,"-8,2529","-35,9751",SPRF-PE,DEL02-PE,UOP01-DEL02-PE
545846,2023-09-01,sexta-feira,13:00:00,PE,101,"76,9",RECIFE,Condutor deixou de manter distância do veículo da frente,Colisão traseira,Com Vítimas Feridas,Pleno dia,Crescente,Céu Claro,Dupla,Curva,Sim,2,0,1,0,0,1,1,2,"-8,11813811","-34,94329214",SPRF-PE,DEL01-PE,UOP01-DEL01-PE
545866,2023-09-01,sexta-feira,15:30:00,PE,101,50,PAULISTA,Manobra de mudança de faixa,Colisão transversal,Com Vítimas Feridas,Pleno dia,Crescente,Céu Claro,Dupla,Interseção de Vias,Sim,3,0,0,1,2,0,1,2,"-7,90938602","-34,90123228",SPRF-PE,DEL01-PE,UOP02-DEL01-PE
545877,2023-09-01,sexta-feira,16:09:00,PE,101,49,ABREU E LIMA,Manobra de mudança de faixa,Atropelamento de Pedestre,Com Vítimas Feridas,Pleno dia,Decrescente,Céu Claro,Dupla,Reta,Sim,2,0,0,1,0,1,1,2,"-7,9005152","-34,90180641",SPRF-PE,DEL01-PE,UOP02-DEL01-PE
545880,2023-09-01,sexta-feira,17:00:00,PE,101,"66,7",RECIFE,Pedestre cruzava a pista fora da faixa,Atropelamento de Pedestre,Com Vítimas Feridas,Pleno dia,Crescente,Céu Claro,Dupla,Reta,Sim,2,0,1,0,0,1,1,2,"-8,039946","-34,942403",SPRF-PE,DEL01-PE,UOP01-DEL01-PE
545884,2023-09-01,sexta-feira,17:00:00,PE,104,61,CARUARU,Acessar a via sem observar a presença dos outros veículos,Colisão lateral mesmo sentido,Com Vítimas Feridas,Anoitecer,Decrescente,Céu Claro,Múltipla,Reta;Interseção de Vias       ,Não,3,0,2,0,1,0,2,2,"-8,2529","-35,9751",SPRF-PE,DEL02-PE,UOP01-DEL02-PE
545927,2023-09-01,sexta-feira,18:39:00,PE,407,129,PETROLINA,Ausência de reação do condutor,Colisão lateral mesmo sentido,Sem Vítimas,Plena Noite,Crescente,Céu Claro,Dupla,Rotatória,Sim,2,0,0,0,2,0,0,2,"-9,39958299","-40,50459298",SPRF-PE,DEL06-PE,UOP01-DEL06-PE
546149,2023-09-02,sábado,17:30:00,PE,101,0,JABOATAO DOS GUARARAPES,Transitar no Acostamento,Colisão transversal,Com Vítimas Feridas,Anoitecer,Decrescente,Céu Claro,Simples,Reta,Sim,3,0,2,0,1,0,2,2,"-8,181537","-34,949446",SPRF-PE,DEL01-PE,UOP02-DEL01-PE
546203,2023-09-02,sábado,19:00:00,PE,424,"105,5",BREJAO,Ingestão de álcool pelo condutor,Colisão lateral sentido oposto,Com Vítimas Feridas,Plena Noite,Decrescente,Céu Claro,Simples,Curva;Declive                 ,Não,2,0,0,1,1,0,1,2,"-8,992641","-36,497961",SPRF-PE,DEL03-PE,UOP01-DEL03-PE
546204,2023-09-02,sábado,18:27:00,PE,424,76,CAETES,Demais falhas mecânicas ou elétricas,Colisão traseira,Sem Vítimas,Plena Noite,Decrescente,Céu Claro,Simples,Reta,Não,3,0,0,0,1,2,0,2,"-8,80996529","-36,5762862",SPRF-PE,DEL03-PE,UOP01-DEL03-PE
546212,2023-09-02,sábado,22:30:00,PE,232,100,BEZERROS,Ingestão de álcool pelo condutor,Colisão frontal,Sem Vítimas,Plena Noite,Crescente,Céu Claro,Simples,Interseção de Vias,Sim,2,0,0,0,2,0,0,2,"-8,23791176","-35,74297705",SPRF-PE,DEL02-PE,UOP02-DEL02PE
546269,2023-09-03,domingo,06:00:00,PE,407,59,PETROLINA,Ausência de reação do condutor,Saída de leito carroçável,Com Vítimas Fatais,Amanhecer,Crescente,Céu Claro,Simples,Reta,Não,2,1,0,0,0,1,0,2,"-8,85117877","-40,79105385",SPRF-PE,DEL06-PE,UOP02-DEL06-PE
546285,2023-09-03,domingo,08:20:00,PE,101,"80,4",JABOATAO DOS GUARARAPES,Velocidade Incompatível,Colisão transversal,Com Vítimas Feridas,Pleno dia,Decrescente,Nublado,Simples,Curva;Interseção de Vias      ,Sim,3,0,0,1,2,0,1,2,"-8,1548","-34,941413",SPRF-PE,DEL01-PE,UOP01-DEL01-PE
546310,2023-09-02,sábado,21:40:00,PE,428,190,PETROLINA,Demais falhas mecânicas ou elétricas,Incêndio,Sem Vítimas,Plena Noite,Crescente,Céu Claro,Múltipla,Reta,Não,2,0,0,0,2,0,0,1,"-9,37605965","-40,49382106",SPRF-PE,DEL06-PE,UOP01-DEL06-PE
546374,2023-09-03,domingo,17:30:00,PE,104,25,TAQUARITINGA DO NORTE,Participar de racha,Colisão frontal,Com Vítimas Feridas,Pleno dia,Crescente,Céu Claro,Simples,Aclive,Não,2,0,1,0,1,0,1,2,"-7,985154","-36,099102",SPRF-PE,DEL02-PE,UOP01-DEL02-PE
546392,2023-09-03,domingo,18:53:00,PE,407,"125,7",PETROLINA,Velocidade Incompatível,Atropelamento de Pedestre,Com Vítimas Feridas,Plena Noite,Decrescente,Céu Claro,Dupla,Reta,Sim,3,0,0,1,0,2,1,3,"-9,37739336","-40,53595733",SPRF-PE,DEL06-PE,UOP01-DEL06-PE
546443,2023-09-03,domingo,22:35:00,PE,428,189,PETROLINA,Ingestão de álcool pelo condutor,Colisão traseira,Com Vítimas Feridas,Plena Noite,Crescente,Céu Claro,Múltipla,Reta;Interseção de Vias;Retorn,Sim,4,0,2,0,2,0,2,3,"-9,37773382","-40,50385594",SPRF-PE,DEL06-PE,UOP01-DEL06-PE
546463,2023-09-04,segunda-feira,02:00:00,PE,104,"111,7",PANELAS,Reação tardia ou ineficiente do condutor,Saída de leito carroçável,Com Vítimas Fatais,Plena Noite,Crescente,Céu Claro,Simples,Ponte,Não,2,1,0,0,0,1,0,1,"-8,628445","-36,008938",SPRF-PE,DEL02-PE,UOP03-DEL02-PE
546569,2023-09-04,segunda-feira,15:00:00,PE,407,129,PETROLINA,Acessar a via sem observar a presença dos outros veículos,Colisão transversal,Com Vítimas Feridas,Pleno dia,Crescente,Sol,Dupla,Rotatória,Sim,2,0,0,1,1,0,1,2,"-9,39958299","-40,50459298",SPRF-PE,DEL06-PE,UOP01-DEL06-PE
546586,2023-09-04,segunda-feira,16:20:00,PE,428,"187,9",PETROLINA,Desrespeitar a preferência no cruzamento,Colisão lateral mesmo sentido,Com Vítimas Feridas,Pleno dia,Decrescente,Céu Claro,Dupla,Interseção de Vias;Rotatória  ,Sim,2,0,1,0,0,1,1,2,"-9,37197508","-40,48679585",SPRF-PE,DEL06-PE,UOP01-DEL06-PE
546695,2023-09-05,terça-feira,08:53:00,PE,101,65,RECIFE,Ausência de reação do condutor,Tombamento,Com Vítimas Feridas,Pleno dia,Crescente,Céu Claro,Dupla,Reta,Não,1,0,1,0,0,0,1,1,"-8,02478597","-34,94276635",SPRF-PE,DEL01-PE,UOP01-DEL01-PE
546700,2023-09-05,terça-feira,10:01:00,PE,232,15,JABOATAO DOS GUARARAPES,Acessar a via sem observar a presença dos outros veículos,Colisão traseira,Com Vítimas Feridas,Pleno dia,Crescente,Céu Claro,Dupla,Curva,Não,2,0,1,0,1,0,1,2,"-8,09137732","-35,02917918",SPRF-PE,DEL01-PE,UOP01-DEL01-PE
546733,2023-09-05,terça-feira,13:05:00,PE,232,"19,3",MORENO,Demais falhas mecânicas ou elétricas,Queda de ocupante de veículo,Com Vítimas Feridas,Pleno dia,Crescente,Céu Claro,Dupla,Reta,Não,2,0,0,1,1,0,1,1,"-8,097758","-35,066219",SPRF-PE,DEL01-PE,UOP01-DEL01-PE
546836,2023-09-05,terça-feira,21:20:00,PE,316,69,OURICURI,Ingestão de álcool pelo condutor,Colisão transversal,Sem Vítimas,Plena Noite,Crescente,Céu Claro,Simples,Curva;Aclive                  ,Não,3,0,0,0,3,0,0,2,"-7,80607511","-40,1886431",SPRF-PE,DEL05-PE,UOP02-DEL05-PE
546962,2023-09-06,quarta-feira,16:00:00,PE,101,"48,9",IGARASSU,Transitar na contramão,Colisão frontal,Com Vítimas Feridas,Pleno dia,Crescente,Céu Claro,Múltipla,Reta,Sim,2,0,0,1,1,0,1,2,"-7,89174705","-34,9033493",SPRF-PE,DEL01-PE,UOP02-DEL01-PE
546976,2023-09-06,quarta-feira,17:50:00,PE,428,"189,8",PETROLINA,Conversão proibida,Colisão transversal,Com Vítimas Feridas,Anoitecer,Crescente,Céu Claro,Múltipla,Interseção de Vias,Sim,4,0,3,0,1,0,3,3,"-9,37197508","-40,48679585",SPRF-PE,DEL06-PE,UOP01-DEL06-PE
547012,2023-09-06,quarta-feira,20:15:00,PE,232,330,CUSTODIA,Demais falhas mecânicas ou elétricas,Incêndio,Sem Vítimas,Plena Noite,Crescente,Céu Claro,Simples,Reta,Sim,1,0,0,0,1,0,0,1,"-8,09012961","-37,60830897",SPRF-PE,DEL04-PE,UOP02-DEL04-PE
547024,2023-09-06,quarta-feira,19:25:00,PE,101,"58,2",PAULISTA,Ausência de reação do condutor,Colisão traseira,Com Vítimas Feridas,Plena Noite,Crescente,Céu Claro,Dupla,Reta;Declive                  ,Sim,2,0,0,1,1,0,1,2,"-7,97063209","-34,92064675",SPRF-PE,DEL01-PE,UOP02-DEL01-PE
547047,2023-09-06,quarta-feira,18:15:00,PE,232,319,CUSTODIA,Ultrapassagem Indevida,Colisão lateral sentido oposto,Com Vítimas Feridas,Plena Noite,Crescente,Céu Claro,Simples,Reta,Não,7,0,2,0,5,0,2,2,"-8,1236144","-37,53328221",SPRF-PE,DEL04-PE,UOP02-DEL04-PE
547052,2023-09-06,quarta-feira,22:05:00,PE,232,"62,4",POMBOS,Ausência de reação do condutor,Queda de ocupante de veículo,Com Vítimas Feridas,Plena Noite,Decrescente,Céu Claro,Dupla,Reta,Não,1,0,0,1,0,0,1,1,"-8,15598579","-35,42308007",SPRF-PE,DEL02-PE,UOP02-DEL02PE
547095,2023-09-07,quinta-feira,04:40:00,PE,232,411,SERRA TALHADA,Conversão proibida,Colisão frontal,Com Vítimas Feridas,Amanhecer,Crescente,Nublado,Simples,Reta,Sim,2,0,0,1,0,1,1,2,"-7,97976163","-38,31087404",SPRF-PE,DEL04-PE,UOP01-DEL04-PE
547102,2023-09-07,quinta-feira,05:30:00,PE,104,65,CARUARU,Velocidade Incompatível,Colisão com objeto,Sem Vítimas,Amanhecer,Decrescente,Nublado,Dupla,Reta,Sim,1,0,0,0,0,1,0,1,"-8,2867","-35,9838",SPRF-PE,DEL02-PE,UOP01-DEL02-PE
547131,2023-09-07,quinta-feira,06:15:00,PE,232,496,VERDEJANTE,Condutor Dormindo,Saída de leito carroçável,Sem Vítimas,Amanhecer,Crescente,Céu Claro,Simples,Reta,Não,1,0,0,0,0,1,0,1,"-8,01694468","-39,02484408",SPRF-PE,DEL05-PE,UOP01-DEL05-PE
547184,2023-09-07,quinta-feira,12:30:00,PE,101,57,RECIFE,Ausência de reação do condutor,Colisão traseira,Com Vítimas Feridas,Pleno dia,Decrescente,Sol,Dupla,Aclive;Reta                   ,Não,2,0,0,1,0,1,1,2,"-7,96346213","-34,91513486",SPRF-PE,DEL01-PE,UOP02-DEL01-PE
547288,2023-09-07,quinta-feira,23:00:00,PE,232,"8,1",RECIFE,Condutor deixou de manter distância do veículo da frente,Colisão traseira,Com Vítimas Feridas,Plena Noite,Decrescente,Chuva,Dupla,Reta,Sim,3,0,1,0,1,1,1,3,"-8,07583727","-34,97015791",SPRF-PE,DEL01-PE,UOP01-DEL01-PE
547321,2023-09-08,sexta-feira,07:00:00,PE,232,8,RECIFE,Trafegar com motocicleta (ou similar) entre as faixas,Colisão traseira,Com Vítimas Feridas,Pleno dia,Decrescente,Nublado,Múltipla,Reta,Sim,2,0,1,0,1,0,1,2,"-8,07583727","-34,97015791",SPRF-PE,DEL01-PE,UOP01-DEL01-PE