id,data_inversa,dia_semana,horario,uf,br,km,municipio,causa_acidente,tipo_acidente,classificacao_acidente,fase_dia,sentido_via,condicao_metereologica,tipo_pista,tracado_via,uso_solo,pessoas,mortos,feridos_leves,feridos_graves,ilesos,ignorados,feridos,veiculos,latitude,longitude,regional,delegacia,uop
547364,2023-09-08,sexta-feira,09:05:00,PE,104,65,CARUARU,Manobra de mudança de faixa,Colisão lateral mesmo sentido,Com Vítimas Feridas,Pleno dia,Decrescente,Céu Claro,Dupla,Reta,Não,2,0,1,0,1,0,1,2,"-8,2867","-35,9838",SPRF-PE,DEL02-PE,UOP01-DEL02-PE
547423,2023-09-08,sexta-feira,16:45:00,PE,232,"440,6",SERRA TALHADA,Avarias e/ou desgaste excessivo no pneu,Colisão traseira,Sem Vítimas,Pleno dia,Crescente,Nublado,Simples,Declive;Ponte;Reta            ,Não,4,0,0,0,4,0,0,2,"-8,012745","-38,564997",SPRF-PE,DEL04-PE,UOP01-DEL04-PE
547442,2023-09-08,sexta-feira,17:45:00,PE,101,86,JABOATAO DOS GUARARAPES,Ausência de reação do condutor,Colisão traseira,Com Vítimas Feridas,Plena Noite,Decrescente,Garoa/Chuvisco,Dupla,Reta,Sim,2,0,0,1,1,0,1,2,"-8,18470013","-34,96816895",SPRF-PE,DEL01-PE,UOP01-DEL01-PE
547443,2023-09-08,sexta-feira,17:20:00,PE,101,69,RECIFE,Acessar a via sem observar a presença dos outros veículos,Colisão traseira,Com Vítimas Feridas,Amanhecer,Crescente,Nublado,Múltipla,Reta,Sim,2,0,1,0,1,0,1,2,"-8,05951606","-34,94581024",SPRF-PE,DEL01-PE,UOP01-DEL01-PE
547459,2023-09-08,sexta-feira,19:30:00,PE,428,"85,1",SANTA MARIA DA BOA VISTA,Pedestre andava na pista,Atropelamento de Pedestre,Com Vítimas Feridas,Plena Noite,Decrescente,Céu Claro,Simples,Declive;Reta                  ,Não,3,0,1,0,0,2,1,2,"-8,79493882","-39,83968793",SPRF-PE,DEL06-PE,UOP03-DEL06-PE
547469,2023-09-08,sexta-feira,18:30:00,PE,408,33,ALIANCA,Velocidade Incompatível,Colisão frontal,Com Vítimas Feridas,Plena Noite,Decrescente,Chuva,Simples,Interseção de Vias;Reta       ,Não,6,0,6,0,0,0,6,2,"-7,5940327","-35,24470263",SPRF-PE,DEL01-PE,UOP02-DEL01-PE
547498,2023-09-08,sexta-feira,22:35:00,PE,101,56,RECIFE,Pedestre andava na pista,Atropelamento de Pedestre,Com Vítimas Feridas,Plena Noite,Crescente,Céu Claro,Dupla,Reta,Sim,2,0,0,1,0,1,1,2,"-7,9554509","-34,91140727",SPRF-PE,DEL01-PE,UOP02-DEL01-PE
547570,2023-09-09,sábado,11:24:00,PE,423,"37,5",CACHOEIRINHA,Acessar a via sem observar a presença dos outros veículos,Colisão transversal,Com Vítimas Feridas,Pleno dia,Crescente,Sol,Simples,Interseção de Vias;Reta       ,Sim,2,0,0,1,1,0,1,2,"-8,481152","-36,224617",SPRF-PE,DEL03-PE,UOP02-DEL03-PE
547601,2023-09-09,sábado,14:25:00,PE,101,"90,4",CABO DE SANTO AGOSTINHO,Ingestão de álcool pelo condutor,Colisão traseira,Com Vítimas Feridas,Pleno dia,Decrescente,Céu Claro,Dupla,Reta,Sim,3,0,1,1,1,0,2,2,"-8,21612792","-34,98772817",SPRF-PE,DEL01-PE,UOP01-DEL01-PE
547629,2023-09-09,sábado,12:00:00,PE,110,"252,5",JATOBA,Demais falhas mecânicas ou elétricas,Incêndio,Sem Vítimas,Pleno dia,Decrescente,Céu Claro,Simples,Reta,Não,1,0,0,0,1,0,0,1,"-9,23060999","-38,24030746",SPRF-BA,DEL07-BA,UOP01-DEL07-BA
547632,2023-09-09,sábado,17:00:00,PE,101,69,RECIFE,Reação tardia ou ineficiente do condutor,Capotamento,Com Vítimas Feridas,Anoitecer,Decrescente,Céu Claro,Dupla,Curva,Sim,1,0,1,0,0,0,1,1,"-8,05951606","-34,94581024",SPRF-PE,DEL01-PE,UOP01-DEL01-PE
547656,2023-09-09,sábado,18:40:00,PE,407,41,AFRANIO,Acessar a via sem observar a presença dos outros veículos,Colisão transversal,Com Vítimas Feridas,Plena Noite,Crescente,Céu Claro,Simples,Reta,Não,3,0,3,0,0,0,3,2,"-8,7478197","-40,89989122",SPRF-PE,DEL06-PE,UOP02-DEL06-PE
547675,2023-09-09,sábado,19:01:00,PE,232,518,SALGUEIRO,Pedestre andava na pista,Atropelamento de Pedestre,Com Vítimas Feridas,Pleno dia,Crescente,Céu Claro,Simples,Reta,Não,2,0,0,1,0,1,1,2,"-8,061821","-39,206123",SPRF-PE,DEL05-PE,UOP01-DEL05-PE
547687,2023-09-09,sábado,20:30:00,PE,424,103,GARANHUNS,Velocidade Incompatível,Tombamento,Com Vítimas Feridas,Plena Noite,Crescente,Nublado,Simples,Reta;Declive                  ,Não,1,0,0,1,0,0,1,1,"-8,97809794","-36,51402997",SPRF-PE,DEL03-PE,UOP01-DEL03-PE
547739,2023-09-10,domingo,03:20:00,PE,424,98,GARANHUNS,Ingestão de álcool pelo condutor,Colisão frontal,Sem Vítimas,Plena Noite,Decrescente,Chuva,Simples,Reta,Não,3,0,0,0,2,1,0,3,"-8,94248907","-36,50883182",SPRF-PE,DEL03-PE,UOP01-DEL03-PE
547767,2023-09-10,domingo,07:26:00,PE,101,92,CABO DE SANTO AGOSTINHO,Condutor deixou de manter distância do veículo da frente,Colisão traseira,Com Vítimas Feridas,Pleno dia,Crescente,Nublado,Dupla,Reta,Não,4,0,4,0,0,0,4,3,"-8,23201792","-34,99778611",SPRF-PE,DEL01-PE,UOP01-DEL01-PE
547834,2023-09-10,domingo,15:30:00,PE,232,"57,2",POMBOS,Acessar a via sem observar a presença dos outros veículos,Colisão traseira,Com Vítimas Fatais,Pleno dia,Decrescente,Céu Claro,Dupla,Reta,Não,2,1,0,0,1,0,0,2,"-8,141665","-35,381932",SPRF-PE,DEL02-PE,UOP02-DEL02PE
547977,2023-09-11,segunda-feira,06:20:00,PE,104,60,CARUARU,Manobra de mudança de faixa,Queda de ocupante de veículo,Com Vítimas Feridas,Pleno dia,Decrescente,Céu Claro,Dupla,Reta;Desvio Temporário;Em Obra,Sim,1,0,1,0,0,0,1,1,"-8,23976413","-35,97536629",SPRF-PE,DEL02-PE,UOP01-DEL02-PE
547986,2023-09-11,segunda-feira,07:24:00,PE,101,"45,8",IGARASSU,Ausência de reação do condutor,Colisão traseira,Com Vítimas Feridas,Pleno dia,Decrescente,Céu Claro,Múltipla,Reta,Sim,2,0,2,0,0,0,2,2,"-7,87287","-34,906111",SPRF-PE,DEL01-PE,UOP02-DEL01-PE
547987,2023-09-11,segunda-feira,07:50:00,PE,101,69,RECIFE,Reação tardia ou ineficiente do condutor,Tombamento,Com Vítimas Feridas,Pleno dia,Crescente,Nublado,Simples,Reta,Sim,2,0,1,0,1,0,1,1,"-8,060414","-34,9459",SPRF-PE,DEL01-PE,UOP01-DEL01-PE
548095,2023-09-11,segunda-feira,17:44:00,PE,232,"4,6",RECIFE,Velocidade Incompatível,Colisão transversal,Com Vítimas Feridas,Anoitecer,Crescente,Nublado,Simples,Interseção de Vias,Sim,4,0,3,0,0,1,3,3,"-8,06419048","-34,94195223",SPRF-PE,DEL01-PE,UOP01-DEL01-PE
548113,2023-09-11,segunda-feira,18:25:00,PE,408,74,PAUDALHO,Conversão proibida,Colisão frontal,Com Vítimas Feridas,Plena Noite,Crescente,Céu Claro,Múltipla,Interseção de Vias;Reta       ,Sim,3,0,1,1,0,1,2,2,"-7,89701706","-35,17300548",SPRF-PE,DEL01-PE,UOP01-DEL01-PE
548164,2023-09-11,segunda-feira,21:20:00,PE,232,395,SERRA TALHADA,Animais na Pista,Atropelamento de Animal,Sem Vítimas,Plena Noite,Crescente,Céu Claro,Simples,Aclive;Reta                   ,Não,1,0,0,0,1,0,0,1,"-8,02539353","-38,18345818",SPRF-PE,DEL04-PE,UOP01-DEL04-PE
548226,2023-09-12,terça-feira,13:25:00,PE,407,"23,8",AFRANIO,Velocidade Incompatível,Colisão com objeto,Com Vítimas Feridas,Pleno dia,Crescente,Céu Claro,Simples,Curva,Não,4,0,3,1,0,0,4,1,"-8,62939396","-40,99402428",SPRF-PE,DEL06-PE,UOP02-DEL06-PE
548256,2023-09-12,terça-feira,16:25:00,PE,110,256,JATOBA,Acostamento em desnível,Queda de ocupante de veículo,Com Vítimas Feridas,Pleno dia,Crescente,Chuva,Simples,Em Obras;Reta                 ,Não,1,0,1,0,0,0,1,1,"-9,26271509","-38,23011208",SPRF-BA,DEL07-BA,UOP01-DEL07-BA
548269,2023-09-12,terça-feira,16:10:00,PE,101,40,IGARASSU,Acessar a via sem observar a presença dos outros veículos,Colisão lateral mesmo sentido,Sem Vítimas,Pleno dia,Decrescente,Nublado,Dupla,Reta,Sim,3,0,0,0,2,1,0,2,"-7,821475","-34,916545",SPRF-PE,DEL01-PE,UOP02-DEL01-PE
548300,2023-09-12,terça-feira,20:00:00,PE,316,311,FLORESTA,Ultrapassagem Indevida,Colisão frontal,Com Vítimas Feridas,Plena Noite,Crescente,Céu Claro,Simples,Reta,Não,3,0,0,1,2,0,1,2,"-8,66345703","-38,54702708",SPRF-PE,DEL04-PE,UOP03-DEL04-PE
548339,2023-09-13,quarta-feira,06:25:00,PE,428,"187,9",PETROLINA,Condutor deixou de manter distância do veículo da frente,Colisão traseira,Com Vítimas Feridas,Amanhecer,Crescente,Céu Claro,Dupla,Reta,Sim,2,0,1,0,1,0,1,2,"-9,35604301","-40,47854198",SPRF-PE,DEL06-PE,UOP01-DEL06-PE
548344,2023-09-13,quarta-feira,06:45:00,PE,104,"60,9",CARUARU,Demais falhas na via,Saída de leito carroçável,Com Vítimas Feridas,Pleno dia,Crescente,Céu Claro,Dupla,Reta;Em Obras                 ,Não,1,0,1,0,0,0,1,1,"-8,2438","-35,9752",SPRF-PE,DEL02-PE,UOP01-DEL02-PE
548389,2023-09-13,quarta-feira,11:05:00,PE,101,83,JABOATAO DOS GUARARAPES,Manobra de mudança de faixa,Colisão lateral mesmo sentido,Com Vítimas Feridas,Pleno dia,Crescente,Nublado,Dupla,Reta,Sim,2,0,1,0,1,0,1,2,"-8,177575","-34,950767",SPRF-PE,DEL01-PE,UOP01-DEL01-PE
548421,2023-09-13,quarta-feira,15:00:00,PE,104,60,CARUARU,Manobra de mudança de faixa,Colisão traseira,Com Vítimas Feridas,Pleno dia,Decrescente,Sol,Dupla,Interseção de Vias,Sim,2,0,1,0,0,1,1,2,"-8,23756048","-35,97816467",SPRF-PE,DEL02-PE,UOP01-DEL02-PE
548477,2023-09-13,quarta-feira,20:00:00,PE,428,"189,6",PETROLINA,Condutor desrespeitou a iluminação vermelha do semáforo,Colisão transversal,Com Vítimas Feridas,Plena Noite,Decrescente,Céu Claro,Dupla,Retorno Regulamentado,Sim,2,0,1,0,1,0,1,2,"-9,377978","-40,50443",SPRF-PE,DEL06-PE,UOP01-DEL06-PE
548500,2023-09-13,quarta-feira,23:29:00,PE,408,57,TRACUNHAEM,Transitar na contramão,Colisão frontal,Com Vítimas Feridas,Plena Noite,Decrescente,Nublado,Simples,Reta,Não,3,0,1,1,1,0,2,3,"-7,78823704","-35,24276291",SPRF-PE,DEL01-PE,UOP01-DEL01-PE
548509,2023-09-14,quinta-feira,04:35:00,PE,316,252,BELEM DE SAO FRANCISCO,Velocidade Incompatível,Saída de leito carroçável,Com Vítimas Feridas,Amanhecer,Decrescente,Céu Claro,Simples,Curva,Não,4,0,3,1,0,0,4,1,"-8,67757823","-38,97140265",SPRF-PE,DEL05-PE,UOP03-DEL05-PE
548533,2023-09-14,quinta-feira,07:10:00,PE,101,80,JABOATAO DOS GUARARAPES,Acesso irregular,Colisão transversal,Com Vítimas Feridas,Pleno dia,Decrescente,Céu Claro,Dupla,Reta;Retorno Regulamentado    ,Não,2,0,1,0,1,0,1,2,"-8,15112589","-34,9428866",SPRF-PE,DEL01-PE,UOP01-DEL01-PE
548668,2023-09-14,quinta-feira,18:45:00,PE,101,"72,4",RECIFE,Manobra de mudança de faixa,Colisão lateral mesmo sentido,Com Vítimas Feridas,Plena Noite,Crescente,Céu Claro,Dupla,Curva,Sim,2,0,1,0,0,1,1,2,"-8,088081","-34,946764",SPRF-PE,DEL01-PE,UOP01-DEL01-PE
548670,2023-09-14,quinta-feira,18:56:00,PE,101,78,JABOATAO DOS GUARARAPES,Acessar a via sem observar a presença dos outros veículos,Colisão lateral mesmo sentido,Com Vítimas Feridas,Plena Noite,Crescente,Céu Claro,Dupla,Interseção de Vias,Sim,2,0,0,1,1,0,1,2,"-8,13496499","-34,94738614",SPRF-PE,DEL01-PE,UOP01-DEL01-PE
548688,2023-09-14,quinta-feira,19:40:00,PE,407,123,PETROLINA,Condutor deixou de manter distância do veículo da frente,Colisão traseira,Com Vítimas Feridas,Plena Noite,Decrescente,Céu Claro,Simples,Reta,Sim,2,0,1,0,1,0,1,2,"-9,36149178","-40,54594462",SPRF-PE,DEL06-PE,UOP01-DEL06-PE
548710,2023-09-14,quinta-feira,23:30:00,PE,232,395,SERRA TALHADA,Animais na Pista,Atropelamento de Animal,Com Vítimas Feridas,Plena Noite,Crescente,Céu Claro,Simples,Declive,Não,2,0,2,0,0,0,2,1,"-8,02539353","-38,18345818",SPRF-PE,DEL04-PE,UOP01-DEL04-PE
548754,2023-09-15,sexta-feira,09:00:00,PE,232,79,GRAVATA,Avarias e/ou desgaste excessivo no pneu,Colisão lateral mesmo sentido,Sem Vítimas,Pleno dia,Decrescente,Céu Claro,Dupla,Reta;Declive                  ,Sim,2,0,0,0,2,0,0,2,"-8,19460572","-35,56074803",SPRF-PE,DEL02-PE,UOP02-DEL02PE
548871,2023-09-15,sexta-feira,19:40:00,PE,101,"65,2",RECIFE,Reação tardia ou ineficiente do condutor,Colisão traseira,Com Vítimas Feridas,Plena Noite,Decrescente,Céu Claro,Dupla,Reta,Sim,3,0,1,0,2,0,1,2,"-8,026755","-34,942971",SPRF-PE,DEL01-PE,UOP01-DEL01-PE
548920,2023-09-16,sábado,00:10:00,PE,101,74,RECIFE,Reação tardia ou ineficiente do condutor,Atropelamento de Pedestre,Com Vítimas Feridas,Plena Noite,Crescente,Céu Claro,Dupla,Reta,Sim,3,0,0,1,0,2,1,2,"-8,10146485","-34,94901577",SPRF-PE,DEL01-PE,UOP01-DEL01-PE
548968,2023-09-16,sábado,08:40:00,PE,408,102,SAO LOURENCO DA MATA,Reação tardia ou ineficiente do condutor,Atropelamento de Pedestre,Com Vítimas Feridas,Pleno dia,Crescente,Céu Claro,Dupla,Reta;Aclive                   ,Não,4,0,0,1,1,2,1,2,"-8,05323195","-35,00247996",SPRF-PE,DEL01-PE,UOP01-DEL01-PE
548977,2023-09-16,sábado,09:30:00,PE,232,8,RECIFE,Reação tardia ou ineficiente do condutor,Tombamento,Com Vítimas Feridas,Pleno dia,Decrescente,Céu Claro,Dupla,Reta;Retorno Regulamentado    ,Sim,1,0,1,0,0,0,1,1,"-8,075322","-34,967648",SPRF-PE,DEL01-PE,UOP01-DEL01-PE
548991,2023-09-16,sábado,06:50:00,PE,408,102,RECIFE,Ausência de reação do condutor,Capotamento,Com Vítimas Feridas,Pleno dia,Crescente,Céu Claro,Dupla,Reta,Não,1,0,0,1,0,0,1,1,"-8,05323195","-35,00247996",SPRF-PE,DEL01-PE,UOP01-DEL01-PE
549008,2023-09-16,sábado,13:10:00,PE,101,"73,9",RECIFE,Condutor deixou de manter distância do veículo da frente,Colisão traseira,Com Vítimas Feridas,Pleno dia,Crescente,Céu Claro,Dupla,Reta,Sim,3,0,1,0,2,0,1,3,"-8,10146485","-34,94901577",SPRF-PE,DEL01-PE,UOP01-DEL01-PE
549129,2023-09-16,sábado,22:00:00,PE,101,70,RECIFE,Animais na Pista,Tombamento,Com Vítimas Feridas,Plena Noite,Crescente,Céu Claro,Dupla,Reta,Sim,1,0,0,1,0,0,1,1,"-8,07696628","-34,94301975",SPRF-PE,DEL01-PE,UOP01-DEL01-PE
549218,2023-09-17,domingo,12:40:00,PE,232,50,VITORIA DE SANTO ANTAO,Acessar a via sem observar a presença dos outros veículos,Colisão lateral mesmo sentido,Sem Vítimas,Pleno dia,Decrescente,Céu Claro,Dupla,Reta,Sim,3,0,0,0,3,0,0,2,"-8,14106223","-35,32322707",SPRF-PE,DEL01-PE,UOP01-DEL01-PE
549251,2023-09-17,domingo,15:40:00,PE,101,68,RECIFE,Mal súbito do condutor,Saída de leito carroçável,Com Vítimas Feridas,Pleno dia,Crescente,Céu Claro,Múltipla,Reta,Não,2,0,2,0,0,0,2,1,"-8,05074296","-34,94580619",SPRF-PE,DEL01-PE,UOP01-DEL01-PE
549254,2023-09-17,domingo,10:50:00,PE,232,"261,9",ARCOVERDE,Ingestão de álcool pelo condutor,Saída de leito carroçável,Com Vítimas Feridas,Pleno dia,Decrescente,Sol,Simples,Reta,Não,2,0,0,1,0,1,1,2,"-8,40930624","-37,13788894",SPRF-PE,DEL04-PE,UOP02-DEL04-PE
549280,2023-09-17,domingo,06:00:00,PE,424,"99,4",BREJAO,Ingestão de álcool pelo condutor,Colisão frontal,Sem Vítimas,Pleno dia,Decrescente,Ignorado,Simples,Curva,Não,2,0,0,0,0,2,0,2,"-8,95084312","-36,50807533",SPRF-PE,DEL03-PE,UOP01-DEL03-PE
549294,2023-09-17,domingo,19:20:00,PE,101,"8,7",GOIANA,Acessar a via sem observar a presença dos outros veículos,Atropelamento de Animal,Com Vítimas Feridas,Plena Noite,Crescente,Nublado,Dupla,Reta,Não,2,0,0,1,1,0,1,2,"-7,56898134","-34,98959891",SPRF-PE,DEL01-PE,UOP02-DEL01-PE
549300,2023-09-17,domingo,16:10:00,PE,232,340,CUSTODIA,Reação tardia ou ineficiente do condutor,Queda de ocupante de veículo,Com Vítimas Feridas,Pleno dia,Crescente,Céu Claro,Simples,Reta,Não,3,0,1,0,0,2,1,2,"-8,08583603","-37,69469399",SPRF-PE,DEL04-PE,UOP02-DEL04-PE
549368,2023-09-17,domingo,23:30:00,PE,232,36,MORENO,Condutor Dormindo,Colisão traseira,Com Vítimas Feridas,Plena Noite,Crescente,Chuva,Dupla,Reta,Sim,2,0,1,0,1,0,1,2,"-8,11106","-35,202174",SPRF-PE,DEL01-PE,UOP01-DEL01-PE
549371,2023-09-18,segunda-feira,00:30:00,PE,101,74,RECIFE,Reação tardia ou ineficiente do condutor,Queda de ocupante de veículo,Com Vítimas Feridas,Plena Noite,Crescente,Chuva,Dupla,Curva,Sim,2,0,1,1,0,0,2,1,"-8,10146485","-34,94901577",SPRF-PE,DEL01-PE,UOP01-DEL01-PE
549417,2023-09-18,segunda-feira,07:50:00,PE,232,142,SAO CAITANO,Avarias e/ou desgaste excessivo no pneu,Queda de ocupante de veículo,Com Vítimas Feridas,Pleno dia,Decrescente,Céu Claro,Dupla,Reta;Declive                  ,Não,2,0,2,0,0,0,2,1,"-8,32242118","-36,09480698",SPRF-PE,DEL03-PE,UOP02-DEL03-PE
549422,2023-09-18,segunda-feira,07:00:00,PE,428,"192,1",PETROLINA,Acessar a via sem observar a presença dos outros veículos,Colisão lateral mesmo sentido,Com Vítimas Feridas,Pleno dia,Crescente,Nublado,Dupla,Curva,Sim,3,0,2,1,0,0,3,2,"-9,38653978","-40,52434412",SPRF-PE,DEL06-PE,UOP01-DEL06-PE
549439,2023-09-18,segunda-feira,09:00:00,PE,101,"59,8",RECIFE,Frear bruscamente,Tombamento,Com Vítimas Feridas,Pleno dia,Crescente,Chuva,Dupla,Curva,Sim,2,0,1,0,1,0,1,1,"-7,982235","-34,93206",SPRF-PE,DEL01-PE,UOP02-DEL01-PE
549460,2023-09-18,segunda-feira,11:50:00,PE,428,"189,8",PETROLINA,Reação tardia ou ineficiente do condutor,Atropelamento de Pedestre,Com Vítimas Feridas,Pleno dia,Crescente,Sol,Dupla,Rotatória,Sim,2,0,1,1,0,0,2,2,"-9,37801963","-40,50433874",SPRF-PE,DEL06-PE,UOP01-DEL06-PE
549463,2023-09-18,segunda-feira,12:15:00,PE,232,408,SERRA TALHADA,Reação tardia ou ineficiente do condutor,Tombamento,Com Vítimas Feridas,Pleno dia,Crescente,Sol,Simples,Declive,Sim,1,0,1,0,0,0,1,1,"-7,98371447","-38,28047709",SPRF-PE,DEL04-PE,UOP01-DEL04-PE
549468,2023-09-18,segunda-feira,12:25:00,PE,316,79,OURICURI,Ausência de reação do condutor,Tombamento,Com Vítimas Feridas,Pleno dia,Decrescente,Céu Claro,Simples,Reta;Aclive                   ,Não,1,0,0,1,0,0,1,1,"-7,85585332","-40,11547828",SPRF-PE,DEL05-PE,UOP02-DEL05-PE
549523,2023-09-18,segunda-feira,11:30:00,PE,101,"66,9",RECIFE,Reação tardia ou ineficiente do condutor,Colisão traseira,Com Vítimas Feridas,Pleno dia,Decrescente,Nublado,Dupla,Reta,Sim,2,0,0,1,1,0,1,2,"-8,03368534","-34,94184125",SPRF-PE,DEL01-PE,UOP01-DEL01-PE
549563,2023-09-18,segunda-feira,20:00:00,PE,101,67,RECIFE,Condutor deixou de manter distância do veículo da frente,Colisão traseira,Com Vítimas Feridas,Plena Noite,Decrescente,Ignorado,Múltipla,Reta,Sim,2,0,1,0,1,0,1,2,"-8,044992","-34,944147",SPRF-PE,DEL01-PE,UOP01-DEL01-PE
549644,2023-09-19,terça-feira,03:30:00,PE,110,"139,1",IBIMIRIM,Animais na Pista,Colisão com objeto,Sem Vítimas,Plena Noite,Crescente,Nublado,Simples,Reta,Não,1,0,0,0,1,0,0,1,"-8,5108371","-37,62351999",SPRF-PE,DEL04-PE,UOP02-DEL04-PE
549685,2023-09-19,terça-feira,14:40:00,PE,232,"7,3",RECIFE,Manobra de mudança de faixa,Colisão traseira,Com Vítimas Feridas,Pleno dia,Decrescente,Nublado,Dupla,Reta,Sim,3,0,0,2,1,0,2,2,"-8,07444","-34,964982",SPRF-PE,DEL01-PE,UOP01-DEL01-PE
549687,2023-09-19,terça-feira,14:00:00,PE,428,189,PETROLINA,Condutor deixou de manter distância do veículo da frente,Colisão traseira,Com Vítimas Feridas,Pleno dia,Crescente,Nublado,Múltipla,Rotatória,Sim,2,0,1,0,1,0,1,2,"-9,374237","-40,488326",SPRF-PE,DEL06-PE,UOP01-DEL06-PE
549718,2023-09-19,terça-feira,16:50:00,PE,423,92,GARANHUNS,Acessar a via sem observar a presença dos outros veículos,Colisão transversal,Com Vítimas Feridas,Anoitecer,Crescente,Chuva,Simples,Reta;Aclive                   ,Sim,8,0,2,0,3,3,2,4,"-8,8619549","-36,46381174",SPRF-PE,DEL03-PE,UOP01-DEL03-PE
549730,2023-09-19,terça-feira,18:48:00,PE,101,79,RECIFE,Condutor deixou de manter distância do veículo da frente,Colisão traseira,Com Vítimas Feridas,Plena Noite,Decrescente,Céu Claro,Dupla,Reta,Sim,2,0,0,1,1,0,1,2,"-8,14366112","-34,94723453",SPRF-PE,DEL01-PE,UOP01-DEL01-PE
549765,2023-09-19,terça-feira,21:18:00,PE,232,65,POMBOS,Chuva,Capotamento,Sem Vítimas,Plena Noite,Decrescente,Chuva,Simples,Curva,Não,1,0,0,0,0,1,0,1,"-8,16580545","-35,44759154",SPRF-PE,DEL02-PE,UOP02-DEL02PE
549796,2023-09-20,quarta-feira,07:00:00,PE,232,"76,9",GRAVATA,Pista esburacada,Queda de ocupante de veículo,Com Vítimas Feridas,Amanhecer,Crescente,Céu Claro,Dupla,Interseção de Vias,Sim,1,0,1,0,0,0,1,1,"-8,19541469","-35,53424693",SPRF-PE,DEL02-PE,UOP02-DEL02PE
549811,2023-09-20,quarta-feira,09:30:00,PE,101,68,RECIFE,Manobra de mudança de faixa,Colisão lateral mesmo sentido,Com Vítimas Feridas,Pleno dia,Crescente,Sol,Dupla,Rotatória,Não,3,0,3,0,0,0,3,2,"-8,05074296","-34,94580619",SPRF-PE,DEL01-PE,UOP01-DEL01-PE
549835,2023-09-20,quarta-feira,11:30:00,PE,232,"4,6",RECIFE,Manobra de mudança de faixa,Colisão lateral mesmo sentido,Com Vítimas Feridas,Pleno dia,Crescente,Céu Claro,Múltipla,Viaduto,Não,3,0,2,0,1,0,2,2,"-8,064473","-34,936928",SPRF-PE,DEL01-PE,UOP01-DEL01-PE
549863,2023-09-20,quarta-feira,13:00:00,PE,101,"155,6",RIBEIRAO,Velocidade Incompatível,Colisão com objeto,Sem Vítimas,Pleno dia,Crescente,Céu Claro,Dupla,Curva,Não,1,0,0,0,0,1,0,1,"-8,5370679","-35,3919616",SPRF-PE,DEL01-PE,UOP03-DEL01-PE
549873,2023-09-03,domingo,13:43:00,PE,101,70,RECIFE,Mal súbito do condutor,Saída de leito carroçável,Com Vítimas Feridas,Pleno dia,Decrescente,Céu Claro,Dupla,Curva,Sim,1,0,1,0,0,0,1,1,"-8,06776119","-34,94265074",SPRF-PE,DEL01-PE,UOP01-DEL01-PE
549911,2023-09-20,quarta-feira,19:25:00,PE,101,"77,7",RECIFE,Reação tardia ou ineficiente do condutor,Tombamento,Com Vítimas Feridas,Plena Noite,Crescente,Nublado,Dupla,Curva,Sim,4,0,2,0,1,1,2,3,"-8,126982","-34,94386",SPRF-PE,DEL01-PE,UOP01-DEL01-PE
549918,2023-09-20,quarta-feira,19:15:00,PE,232,101,BEZERROS,Manobra de mudança de faixa,Colisão lateral sentido oposto,Com Vítimas Feridas,Plena Noite,Crescente,Nublado,Simples,Reta,Sim,3,0,0,1,2,0,1,2,"-8,24194679","-35,75097313",SPRF-PE,DEL02-PE,UOP02-DEL02PE
550007,2023-09-21,quinta-feira,08:20:00,PE,232,"7,7",RECIFE,Manobra de mudança de faixa,Colisão lateral mesmo sentido,Com Vítimas Feridas,Pleno dia,Decrescente,Céu Claro,Dupla,Retorno Regulamentado,Sim,3,0,2,0,1,0,2,2,"-8,075328","-34,967516",SPRF-PE,DEL01-PE,UOP01-DEL01-PE
550085,2023-09-21,quinta-feira,17:15:00,PE,101,46,IGARASSU,Manobra de mudança de faixa,Colisão lateral mesmo sentido,Com Vítimas Feridas,Anoitecer,Crescente,Céu Claro,Dupla,Reta,Sim,4,0,2,0,2,0,2,3,"-7,87406004","-34,90588126",SPRF-PE,DEL01-PE,UOP02-DEL01-PE
550091,2023-09-21,quinta-feira,08:30:00,PE,232,508,SALGUEIRO,Reação tardia ou ineficiente do condutor,Colisão transversal,Com Vítimas Feridas,Pleno dia,Decrescente,Céu Claro,Simples,Reta,Sim,3,0,2,0,1,0,2,2,"-8,06223271","-39,12095006",SPRF-PE,DEL05-PE,UOP01-DEL05-PE
550102,2023-09-21,quinta-feira,17:44:00,PE,104,30,TORITAMA,Iluminação deficiente,Atropelamento de Pedestre,Com Vítimas Feridas,Anoitecer,Decrescente,Céu Claro,Simples,Curva,Sim,2,0,1,0,1,0,1,2,"-8,0137","-36,0565",SPRF-PE,DEL02-PE,UOP01-DEL02-PE
550311,2023-09-22,sexta-feira,17:40:00,PE,232,369,FLORES,Ausência de reação do condutor,Saída de leito carroçável,Com Vítimas Feridas,Anoitecer,Crescente,Sol,Simples,Reta,Não,1,0,1,0,0,0,1,1,"-8,03487532","-37,9570271",SPRF-PE,DEL04-PE,UOP01-DEL04-PE