id,data_inversa,dia_semana,horario,uf,br,km,municipio,causa_acidente,tipo_acidente,classificacao_acidente,fase_dia,sentido_via,condicao_metereologica,tipo_pista,tracado_via,uso_solo,pessoas,mortos,feridos_leves,feridos_graves,ilesos,ignorados,feridos,veiculos,latitude,longitude,regional,delegacia,uop
550339,2023-09-23,sábado,02:40:00,PE,101,"49,6",ABREU E LIMA,Reação tardia ou ineficiente do condutor,Colisão traseira,Com Vítimas Feridas,Plena Noite,Decrescente,Chuva,Dupla,Reta,Sim,7,0,1,4,2,0,5,3,"-7,9005152","-34,90180641",SPRF-PE,DEL01-PE,UOP02-DEL01-PE
550342,2023-09-23,sábado,04:00:00,PE,101,"47,2",IGARASSU,Velocidade Incompatível,Capotamento,Sem Vítimas,Amanhecer,Crescente,Garoa/Chuvisco,Múltipla,Reta,Não,1,0,0,0,0,1,0,1,"-7,882105","-34,905",SPRF-PE,DEL01-PE,UOP02-DEL01-PE
550360,2023-09-23,sábado,06:15:00,PE,101,78,JABOATAO DOS GUARARAPES,Ausência de reação do condutor,Saída de leito carroçável,Com Vítimas Feridas,Pleno dia,Crescente,Garoa/Chuvisco,Dupla,Reta,Sim,1,0,1,0,0,0,1,1,"-8,13496499","-34,94738614",SPRF-PE,DEL01-PE,UOP01-DEL01-PE
550377,2023-09-23,sábado,06:00:00,PE,316,286,BELEM DE SAO FRANCISCO,Animais na Pista,Atropelamento de Animal,Sem Vítimas,Pleno dia,Crescente,Céu Claro,Simples,Reta,Não,4,0,0,0,4,0,0,1,"-8,65373918","-38,72438594",SPRF-PE,DEL04-PE,UOP03-DEL04-PE
550384,2023-09-23,sábado,09:18:00,PE,232,"100,9",BEZERROS,Ausência de reação do condutor,Engavetamento,Sem Vítimas,Pleno dia,Crescente,Sol,Dupla,Reta,Sim,3,0,0,0,3,0,0,3,"-8,23799406","-35,74340701",SPRF-PE,DEL02-PE,UOP02-DEL02PE
550405,2023-09-23,sábado,11:40:00,PE,101,"154,8",RIBEIRAO,Curva acentuada,Capotamento,Com Vítimas Feridas,Pleno dia,Crescente,Céu Claro,Simples,Curva,Não,4,0,3,0,0,1,3,2,"-8,52860711","-35,38883966",SPRF-PE,DEL01-PE,UOP03-DEL01-PE
550517,2023-09-23,sábado,21:10:00,PE,428,189,PETROLINA,Animais na Pista,Atropelamento de Animal,Com Vítimas Feridas,Plena Noite,Crescente,Céu Claro,Dupla,Interseção de Vias;Reta       ,Sim,2,0,1,0,1,0,1,1,"-9,37767031","-40,50235391",SPRF-PE,DEL06-PE,UOP01-DEL06-PE
550579,2023-09-24,domingo,07:00:00,PE,101,28,ITAPISSUMA,Reação tardia ou ineficiente do condutor,Colisão lateral mesmo sentido,Com Vítimas Feridas,Pleno dia,Crescente,Céu Claro,Dupla,Reta,Não,3,0,2,0,1,0,2,3,"-7,72056385","-34,94127124",SPRF-PE,DEL01-PE,UOP02-DEL01-PE
550581,2023-09-23,sábado,17:20:00,PE,101,41,IGARASSU,Entrada inopinada do pedestre,Atropelamento de Pedestre,Com Vítimas Feridas,Anoitecer,Crescente,Nublado,Dupla,Reta,Sim,2,0,0,1,1,0,1,2,"-7,83038346","-34,91426785",SPRF-PE,DEL01-PE,UOP02-DEL01-PE
550590,2023-09-24,domingo,04:30:00,PE,423,25,SAO CAITANO,Condutor Dormindo,Saída de leito carroçável,Com Vítimas Feridas,Pleno dia,Decrescente,Céu Claro,Simples,Reta,Não,1,0,1,0,0,0,1,1,"-8,379416","-36,172916",SPRF-PE,DEL03-PE,UOP02-DEL03-PE
550634,2023-09-24,domingo,12:50:00,PE,232,90,SAIRE,Acessar a via sem observar a presença dos outros veículos,Colisão transversal,Com Vítimas Feridas,Pleno dia,Decrescente,Céu Claro,Dupla,Reta;Retorno Regulamentado    ,Não,6,0,3,1,1,1,4,2,"-8,2172915","-35,65572305",SPRF-PE,DEL02-PE,UOP02-DEL02PE
550653,2023-09-24,domingo,15:05:00,PE,232,79,GRAVATA,Condutor deixou de manter distância do veículo da frente,Colisão traseira,Sem Vítimas,Pleno dia,Decrescente,Céu Claro,Dupla,Rotatória,Não,2,0,0,0,2,0,0,2,"-8,19460572","-35,56074803",SPRF-PE,DEL02-PE,UOP02-DEL02PE
550657,2023-09-24,domingo,15:50:00,PE,101,"76,8",JABOATAO DOS GUARARAPES,Entrada inopinada do pedestre,Atropelamento de Pedestre,Com Vítimas Fatais,Pleno dia,Decrescente,Céu Claro,Dupla,Reta,Sim,2,1,0,0,1,0,0,2,"-8,11813811","-34,94329214",SPRF-PE,DEL01-PE,UOP01-DEL01-PE
550690,2023-09-24,domingo,17:50:00,PE,101,"57,1",LAJEDO,Acessar a via sem observar a presença dos outros veículos,Colisão lateral mesmo sentido,Com Vítimas Feridas,Plena Noite,Decrescente,Céu Claro,Simples,Reta,Não,4,0,2,1,1,0,3,2,"-8,635009","-36,306463",SPRF-PE,DEL01-PE,UOP02-DEL01-PE
550710,2023-09-24,domingo,19:40:00,PE,232,58,POMBOS,Pedestre cruzava a pista fora da faixa,Atropelamento de Pedestre,Com Vítimas Feridas,Plena Noite,Crescente,Céu Claro,Múltipla,Reta,Sim,2,0,0,1,1,0,1,2,"-8,14462866","-35,39034714",SPRF-PE,DEL02-PE,UOP02-DEL02PE
550726,2023-09-24,domingo,20:50:00,PE,428,188,PETROLINA,Ausência de reação do condutor,Queda de ocupante de veículo,Com Vítimas Feridas,Plena Noite,Decrescente,Céu Claro,Dupla,Rotatória,Sim,1,0,1,0,0,0,1,1,"-9,36400596","-40,48266808",SPRF-PE,DEL06-PE,UOP01-DEL06-PE
550731,2023-09-24,domingo,20:00:00,PE,232,"44,8",VITORIA DE SANTO ANTAO,Animais na Pista,Atropelamento de Animal,Com Vítimas Feridas,Plena Noite,Crescente,Nublado,Dupla,Reta,Sim,2,0,2,0,0,0,2,1,"-8,127002","-35,279994",SPRF-PE,DEL01-PE,UOP01-DEL01-PE
550771,2023-09-24,domingo,19:30:00,PE,232,5,RECIFE,Ausência de reação do condutor,Colisão traseira,Com Vítimas Feridas,Plena Noite,Decrescente,Nublado,Múltipla,Reta,Não,2,0,1,0,1,0,1,2,"-8,06970365","-34,94954824",SPRF-PE,DEL01-PE,UOP01-DEL01-PE
550773,2023-09-25,segunda-feira,02:40:00,PE,232,164,TACAIMBO,Animais na Pista,Atropelamento de Animal,Sem Vítimas,Plena Noite,Crescente,Céu Claro,Simples,Reta,Não,1,0,0,0,1,0,0,1,"-8,337289","-36,303152",SPRF-PE,DEL03-PE,UOP02-DEL03-PE
550789,2023-09-25,segunda-feira,02:08:00,PE,101,"190,1",PALMARES,Velocidade Incompatível,Tombamento,Com Vítimas Feridas,Plena Noite,Crescente,Céu Claro,Dupla,Reta,Não,1,0,0,1,0,0,1,1,"-8,69573052","-35,6103118",SPRF-PE,DEL01-PE,UOP03-DEL01-PE
550896,2023-09-25,segunda-feira,14:50:00,PE,408,93,SAO LOURENCO DA MATA,Frear bruscamente,Queda de ocupante de veículo,Com Vítimas Feridas,Pleno dia,Decrescente,Céu Claro,Dupla,Reta;Aclive                   ,Não,1,0,1,0,0,0,1,1,"-8,00201425","-35,05473707",SPRF-PE,DEL01-PE,UOP01-DEL01-PE
550902,2023-09-25,segunda-feira,15:58:00,PE,428,189,PETROLINA,Retorno proibido,Colisão lateral mesmo sentido,Com Vítimas Feridas,Pleno dia,Decrescente,Sol,Dupla,Reta,Sim,2,0,1,0,1,0,1,2,"-9,37197508","-40,48679585",SPRF-PE,DEL06-PE,UOP01-DEL06-PE
550952,2023-09-25,segunda-feira,17:50:00,PE,232,411,SERRA TALHADA,Acessar a via sem observar a presença dos outros veículos,Colisão transversal,Com Vítimas Feridas,Anoitecer,Decrescente,Céu Claro,Simples,Interseção de Vias,Não,2,0,0,1,1,0,1,2,"-7,97976163","-38,31087404",SPRF-PE,DEL04-PE,UOP01-DEL04-PE
550965,2023-09-25,segunda-feira,17:49:00,PE,232,"408,4",SERRA TALHADA,Animais na Pista,Atropelamento de Animal,Com Vítimas Feridas,Plena Noite,Decrescente,Céu Claro,Simples,Interseção de Vias,Sim,3,0,2,0,0,1,2,2,"-7,98371447","-38,28047709",SPRF-PE,DEL04-PE,UOP01-DEL04-PE
550968,2023-09-25,segunda-feira,19:30:00,PE,232,"210,7",PESQUEIRA,Transitar na contramão,Colisão frontal,Com Vítimas Feridas,Plena Noite,Crescente,Céu Claro,Simples,Reta,Sim,3,0,1,1,1,0,2,2,"-8,36537624","-36,69766903",SPRF-PE,DEL03-PE,UOP02-DEL03-PE
550970,2023-09-25,segunda-feira,21:55:00,PE,101,68,RECIFE,Ausência de reação do condutor,Queda de ocupante de veículo,Com Vítimas Feridas,Plena Noite,Crescente,Céu Claro,Dupla,Reta,Não,1,0,1,0,0,0,1,1,"-8,05074296","-34,94580619",SPRF-PE,DEL01-PE,UOP01-DEL01-PE
550988,2023-09-25,segunda-feira,23:37:00,PE,232,30,MORENO,Demais falhas mecânicas ou elétricas,Incêndio,Sem Vítimas,Plena Noite,Crescente,Céu Claro,Dupla,Reta,Não,1,0,0,0,0,1,0,1,"-8,11063325","-35,15197001",SPRF-PE,DEL01-PE,UOP01-DEL01-PE
551001,2023-09-26,terça-feira,06:25:00,PE,101,67,RECIFE,Manobra de mudança de faixa,Colisão traseira,Com Vítimas Feridas,Pleno dia,Crescente,Céu Claro,Múltipla,Reta,Sim,3,0,2,0,1,0,2,3,"-8,042334","-34,943096",SPRF-PE,DEL01-PE,UOP01-DEL01-PE
551041,2023-09-26,terça-feira,09:40:00,PE,232,59,POMBOS,Condutor Dormindo,Saída de leito carroçável,Com Vítimas Feridas,Pleno dia,Decrescente,Céu Claro,Dupla,Reta,Sim,2,0,1,1,0,0,2,1,"-8,1471233","-35,39890998",SPRF-PE,DEL02-PE,UOP02-DEL02PE
551075,2023-09-26,terça-feira,12:00:00,PE,101,"72,5",RECIFE,Avarias e/ou desgaste excessivo no pneu,Tombamento,Com Vítimas Feridas,Pleno dia,Crescente,Céu Claro,Dupla,Reta;Viaduto                  ,Sim,2,0,2,0,0,0,2,1,"-8,089399","-34,946899",SPRF-PE,DEL01-PE,UOP01-DEL01-PE
551090,2023-09-26,terça-feira,13:10:00,PE,232,409,SERRA TALHADA,Conversão proibida,Colisão transversal,Com Vítimas Feridas,Pleno dia,Decrescente,Sol,Simples,Reta,Não,3,0,1,1,1,0,2,2,"-7,97633519","-38,28967463",SPRF-PE,DEL04-PE,UOP01-DEL04-PE
551168,2023-09-26,terça-feira,20:10:00,PE,428,186,PETROLINA,Reação tardia ou ineficiente do condutor,Saída de leito carroçável,Sem Vítimas,Plena Noite,Crescente,Céu Claro,Dupla,Retorno Regulamentado;Reta    ,Sim,1,0,0,0,0,1,0,1,"-9,35707557","-40,4790659",SPRF-PE,DEL06-PE,UOP01-DEL06-PE
551252,2023-09-27,quarta-feira,10:20:00,PE,232,34,MORENO,Ultrapassagem Indevida,Colisão lateral mesmo sentido,Com Vítimas Feridas,Pleno dia,Crescente,Sol,Dupla,Curva;Declive                 ,Não,4,0,1,1,1,1,2,3,"-8,10702537","-35,18394691",SPRF-PE,DEL01-PE,UOP01-DEL01-PE
551281,2023-09-27,quarta-feira,13:19:00,PE,101,67,RECIFE,Condutor deixou de manter distância do veículo da frente,Colisão traseira,Com Vítimas Feridas,Pleno dia,Crescente,Céu Claro,Dupla,Reta,Não,2,0,1,0,1,0,1,2,"-8,042334","-34,943096",SPRF-PE,DEL01-PE,UOP01-DEL01-PE
551282,2023-09-27,quarta-feira,12:56:00,PE,101,"63,6",RECIFE,Condutor deixou de manter distância do veículo da frente,Colisão traseira,Com Vítimas Feridas,Pleno dia,Crescente,Céu Claro,Simples,Reta,Sim,2,0,2,0,0,0,2,2,"-8,013351","-34,939139",SPRF-PE,DEL01-PE,UOP01-DEL01-PE
551298,2023-09-27,quarta-feira,15:40:00,PE,101,186,PALMARES,Acesso irregular,Colisão transversal,Com Vítimas Feridas,Pleno dia,Crescente,Céu Claro,Simples,Reta,Sim,3,0,2,0,1,0,2,2,"-8,68263674","-35,57938824",SPRF-PE,DEL01-PE,UOP03-DEL01-PE
551305,2023-09-27,quarta-feira,14:45:00,PE,101,86,JABOATAO DOS GUARARAPES,Manobra de mudança de faixa,Queda de ocupante de veículo,Com Vítimas Feridas,Pleno dia,Crescente,Sol,Dupla,Reta,Sim,1,0,1,0,0,0,1,1,"-8,18470013","-34,96816895",SPRF-PE,DEL01-PE,UOP01-DEL01-PE
551342,2023-09-27,quarta-feira,18:25:00,PE,101,"64,9",RECIFE,Entrada inopinada do pedestre,Atropelamento de Pedestre,Com Vítimas Feridas,Plena Noite,Crescente,Céu Claro,Dupla,Reta,Sim,2,0,0,1,1,0,1,2,"-8,0162921","-34,94045886",SPRF-PE,DEL01-PE,UOP01-DEL01-PE
551375,2023-09-27,quarta-feira,21:30:00,PE,232,"7,5",RECIFE,Acumulo de areia ou detritos sobre o pavimento,Queda de ocupante de veículo,Com Vítimas Feridas,Plena Noite,Decrescente,Céu Claro,Dupla,Retorno Regulamentado,Sim,1,0,1,0,0,0,1,1,"-8,075165","-34,967702",SPRF-PE,DEL01-PE,UOP01-DEL01-PE
551380,2023-09-27,quarta-feira,17:20:00,PE,316,20,ARARIPINA,Acessar a via sem observar a presença dos outros veículos,Colisão transversal,Com Vítimas Feridas,Pleno dia,Crescente,Sol,Simples,Reta;Interseção de Vias       ,Não,3,0,2,0,1,0,2,2,"-7,55997805","-40,53416406",SPRF-PE,DEL05-PE,UOP02-DEL05-PE
551383,2023-09-27,quarta-feira,19:10:00,PE,316,25,ARARIPINA,Reação tardia ou ineficiente do condutor,Atropelamento de Pedestre,Com Vítimas Feridas,Plena Noite,Crescente,Céu Claro,Simples,Reta;Declive                  ,Não,2,0,0,2,0,0,2,2,"-7,59595686","-40,49329368",SPRF-PE,DEL05-PE,UOP02-DEL05-PE
551466,2023-09-28,quinta-feira,13:30:00,PE,101,89,CABO DE SANTO AGOSTINHO,Demais falhas mecânicas ou elétricas,Incêndio,Com Vítimas Feridas,Pleno dia,Decrescente,Céu Claro,Dupla,Reta,Não,1,0,1,0,0,0,1,1,"-8,20760697","-34,98372005",SPRF-PE,DEL01-PE,UOP01-DEL01-PE
551495,2023-09-28,quinta-feira,17:15:00,PE,101,66,RECIFE,Manobra de mudança de faixa,Colisão transversal,Com Vítimas Feridas,Anoitecer,Crescente,Céu Claro,Dupla,Reta,Sim,2,0,0,1,1,0,1,2,"-8,03368534","-34,94184125",SPRF-PE,DEL01-PE,UOP01-DEL01-PE
551572,2023-09-29,sexta-feira,00:40:00,PE,101,46,IGARASSU,Ausência de reação do condutor,Colisão traseira,Com Vítimas Feridas,Plena Noite,Decrescente,Céu Claro,Dupla,Reta,Sim,2,0,1,0,1,0,1,2,"-7,87406004","-34,90588126",SPRF-PE,DEL01-PE,UOP02-DEL01-PE
551666,2023-09-29,sexta-feira,13:35:00,PE,101,64,RECIFE,Condutor deixou de manter distância do veículo da frente,Colisão traseira,Com Vítimas Feridas,Pleno dia,Crescente,Céu Claro,Dupla,Reta,Sim,2,0,2,0,0,0,2,2,"-8,0162921","-34,94045886",SPRF-PE,DEL01-PE,UOP01-DEL01-PE
551675,2023-09-29,sexta-feira,12:40:00,PE,428,"168,9",PETROLINA,Acumulo de areia ou detritos sobre o pavimento,Saída de leito carroçável,Com Vítimas Feridas,Pleno dia,Crescente,Sol,Simples,Reta,Não,5,0,3,1,0,1,4,2,"-9,22276016","-40,40874481",SPRF-PE,DEL06-PE,UOP01-DEL06-PE
551707,2023-09-29,sexta-feira,12:10:00,PE,232,408,SERRA TALHADA,Ausência de reação do condutor,Tombamento,Com Vítimas Feridas,Pleno dia,Crescente,Céu Claro,Simples,Reta;Aclive                   ,Sim,1,0,1,0,0,0,1,1,"-7,98371447","-38,28047709",SPRF-PE,DEL04-PE,UOP01-DEL04-PE
551713,2023-09-29,sexta-feira,15:30:00,PE,232,80,GRAVATA,Velocidade Incompatível,Engavetamento,Com Vítimas Feridas,Pleno dia,Crescente,Céu Claro,Simples,Reta,Sim,5,0,1,0,2,2,1,4,"-8,19579864","-35,56962305",SPRF-PE,DEL02-PE,UOP02-DEL02PE
551775,2023-09-17,domingo,05:00:00,PE,232,58,POMBOS,Condutor Dormindo,Saída de leito carroçável,Com Vítimas Feridas,Amanhecer,Crescente,Garoa/Chuvisco,Dupla,Reta,Sim,3,0,0,3,0,0,3,1,"-8,14462866","-35,39034714",SPRF-PE,DEL02-PE,UOP02-DEL02PE
551826,2023-09-30,sábado,04:20:00,PE,232,"5,6",RECIFE,Ausência de reação do condutor,Colisão traseira,Com Vítimas Feridas,Amanhecer,Decrescente,Céu Claro,Múltipla,Reta,Sim,3,0,1,1,0,1,2,2,"-8,06795766","-34,94535414",SPRF-PE,DEL01-PE,UOP01-DEL01-PE
551856,2023-09-30,sábado,05:30:00,PE,408,67,CARPINA,Condutor Dormindo,Colisão com objeto,Sem Vítimas,Pleno dia,Decrescente,Chuva,Múltipla,Reta,Sim,1,0,0,0,1,0,0,1,"-7,8584244","-35,21553619",SPRF-PE,DEL01-PE,UOP01-DEL01-PE
551889,2023-09-30,sábado,09:50:00,PE,101,71,RECIFE,Acostamento em desnível,Tombamento,Com Vítimas Feridas,Pleno dia,Decrescente,Céu Claro,Dupla,Reta,Sim,2,0,0,1,1,0,1,1,"-8,07663102","-34,94277871",SPRF-PE,DEL01-PE,UOP01-DEL01-PE
551910,2023-09-30,sábado,11:15:00,PE,232,"75,2",GRAVATA,Ingestão de álcool pelo condutor,Colisão traseira,Sem Vítimas,Pleno dia,Decrescente,Céu Claro,Dupla,Reta,Não,2,0,0,0,2,0,0,2,"-8,19737799","-35,525476",SPRF-PE,DEL02-PE,UOP02-DEL02PE
551945,2023-09-30,sábado,16:05:00,PE,423,106,CAETES,Ultrapassagem Indevida,Colisão frontal,Com Vítimas Feridas,Pleno dia,Decrescente,Céu Claro,Simples,Reta,Não,5,0,3,1,1,0,4,2,"-8,88171776","-36,57279606",SPRF-PE,DEL03-PE,UOP01-DEL03-PE
551949,2023-09-30,sábado,14:40:00,PE,101,"106,5",CABO DE SANTO AGOSTINHO,Manobra de mudança de faixa,Colisão lateral mesmo sentido,Com Vítimas Feridas,Pleno dia,Decrescente,Nublado,Dupla,Reta,Não,2,0,2,0,0,0,2,2,"-8,30807754","-35,07573296",SPRF-PE,DEL01-PE,UOP03-DEL01-PE
551991,2023-09-30,sábado,20:00:00,PE,316,24,ARARIPINA,Ingestão de álcool pelo condutor,Colisão transversal,Com Vítimas Feridas,Plena Noite,Decrescente,Céu Claro,Simples,Reta,Sim,2,0,1,0,1,0,1,2,"-7,588004","-40,49662",SPRF-PE,DEL05-PE,UOP02-DEL05-PE
552005,2023-09-30,sábado,20:30:00,PE,428,187,PETROLINA,Condutor Dormindo,Colisão com objeto,Sem Vítimas,Plena Noite,Crescente,Céu Claro,Dupla,Reta,Sim,1,0,0,0,0,1,0,1,"-9,35604301","-40,47854198",SPRF-PE,DEL06-PE,UOP01-DEL06-PE
552087,2023-10-01,domingo,07:47:00,PE,408,"102,8",RECIFE,Ausência de reação do condutor,Saída de leito carroçável,Com Vítimas Feridas,Pleno dia,Decrescente,Sol,Dupla,Reta,Não,1,0,1,0,0,0,1,1,"-8,05857","-34,993049",SPRF-PE,DEL01-PE,UOP01-DEL01-PE
552088,2023-10-01,domingo,08:20:00,PE,232,"277,9",SERTANIA,Demais falhas mecânicas ou elétricas,Tombamento,Com Vítimas Feridas,Pleno dia,Crescente,Céu Claro,Dupla,Reta,Sim,1,0,1,0,0,0,1,1,"-8,36233396","-37,26905823",SPRF-PE,DEL04-PE,UOP02-DEL04-PE
552123,2023-10-01,domingo,10:00:00,PE,232,"115,3",BEZERROS,Ausência de reação do condutor,Saída de leito carroçável,Com Vítimas Feridas,Pleno dia,Crescente,Céu Claro,Dupla,Reta;Aclive                   ,Não,4,0,0,3,1,0,3,1,"-8,29851022","-35,85780302",SPRF-PE,DEL02-PE,UOP01-DEL02-PE
552130,2023-10-01,domingo,11:20:00,PE,407,127,PETROLINA,Conversão proibida,Colisão transversal,Com Vítimas Feridas,Pleno dia,Decrescente,Céu Claro,Simples,Interseção de Vias,Sim,6,0,1,1,4,0,2,2,"-9,39139937","-40,51900506",SPRF-PE,DEL06-PE,UOP01-DEL06-PE
552170,2023-10-01,domingo,15:30:00,PE,101,"0,5",GOIANA,Ausência de reação do condutor,Colisão lateral mesmo sentido,Com Vítimas Feridas,Pleno dia,Crescente,Céu Claro,Dupla,Reta,Não,3,0,1,1,1,0,2,2,"-7,5001955","-34,985073",SPRF-PE,DEL01-PE,UOP02-DEL01-PE
552216,2023-10-01,domingo,18:46:00,PE,407,"116,3",PETROLINA,Manobra de mudança de faixa,Colisão frontal,Com Vítimas Fatais,Plena Noite,Decrescente,Chuva,Simples,Reta,Não,2,1,0,0,0,1,0,2,"-9,313899","-40,57385",SPRF-PE,DEL06-PE,UOP01-DEL06-PE
552219,2023-10-01,domingo,18:40:00,PE,104,"43,5",CARUARU,Ingestão de álcool pelo condutor,Colisão lateral sentido oposto,Sem Vítimas,Plena Noite,Decrescente,Céu Claro,Dupla,Declive;Reta                  ,Sim,4,0,0,0,3,1,0,4,"-8,1133","-36,0155",SPRF-PE,DEL02-PE,UOP01-DEL02-PE
552223,2023-10-01,domingo,18:48:00,PE,423,55,LAJEDO,Transitar na contramão,Colisão frontal,Com Vítimas Fatais,Plena Noite,Crescente,Céu Claro,Simples,Reta,Não,3,2,0,0,0,1,0,2,"-8,61537298","-36,29867707",SPRF-PE,DEL03-PE,UOP01-DEL03-PE
552224,2023-10-01,domingo,18:00:00,PE,316,"334,8",FLORESTA,Animais na Pista,Atropelamento de Animal,Com Vítimas Feridas,Pleno dia,Crescente,Céu Claro,Simples,Reta,Não,5,0,1,2,2,0,3,1,"-8,76232433","-38,37693312",SPRF-PE,DEL04-PE,UOP03-DEL04-PE
552232,2023-10-01,domingo,18:40:00,PE,428,94,SANTA MARIA DA BOA VISTA,Animais na Pista,Atropelamento de Animal,Com Vítimas Feridas,Plena Noite,Crescente,Céu Claro,Simples,Reta,Não,5,0,5,0,0,0,5,1,"-8,81058587","-39,91203508",SPRF-PE,DEL06-PE,UOP03-DEL06-PE
552244,2023-10-01,domingo,18:50:00,PE,232,330,CUSTODIA,Animais na Pista,Tombamento,Com Vítimas Feridas,Plena Noite,Decrescente,Céu Claro,Simples,Reta,Sim,1,0,0,1,0,0,1,1,"-8,09012961","-37,60830897",SPRF-PE,DEL04-PE,UOP02-DEL04-PE
552254,2023-10-01,domingo,20:20:00,PE,101,4,GOIANA,Animais na Pista,Atropelamento de Animal,Com Vítimas Feridas,Plena Noite,Crescente,Céu Claro,Dupla,Reta,Não,1,0,1,0,0,0,1,1,"-7,53264499","-34,99145786",SPRF-PE,DEL01-PE,UOP02-DEL01-PE
552287,2023-10-01,domingo,21:00:00,PE,101,23,GOIANA,Transitar na contramão,Colisão frontal,Sem Vítimas,Plena Noite,Crescente,Céu Claro,Dupla,Declive;Reta                  ,Não,2,0,0,0,2,0,0,2,"-7,68357776","-34,92410458",SPRF-PE,DEL01-PE,UOP02-DEL01-PE
552387,2023-10-02,segunda-feira,09:30:00,PE,101,"54,9",PAULISTA,Trafegar com motocicleta (ou similar) entre as faixas,Colisão lateral mesmo sentido,Com Vítimas Feridas,Pleno dia,Crescente,Céu Claro,Dupla,Reta,Não,2,0,0,1,0,1,1,2,"-7,94806621","-34,9062148",SPRF-PE,DEL01-PE,UOP02-DEL01-PE
552400,2023-10-02,segunda-feira,10:40:00,PE,101,"42,6",IGARASSU,Velocidade Incompatível,Colisão transversal,Com Vítimas Feridas,Pleno dia,Crescente,Sol,Múltipla,Reta;Interseção de Vias;Retorn,Sim,2,0,1,0,1,0,1,2,"-7,83887431","-34,91196739",SPRF-PE,DEL01-PE,UOP02-DEL01-PE
552416,2023-10-02,segunda-feira,11:45:00,PE,408,103,SAO LOURENCO DA MATA,Condutor deixou de manter distância do veículo da frente,Colisão lateral mesmo sentido,Sem Vítimas,Pleno dia,Decrescente,Céu Claro,Dupla,Viaduto;Interseção de Vias    ,Não,2,0,0,0,2,0,0,2,"-8,05746154","-34,99468175",SPRF-PE,DEL01-PE,UOP01-DEL01-PE
552417,2023-10-02,segunda-feira,12:20:00,PE,101,68,RECIFE,Ausência de reação do condutor,Colisão traseira,Com Vítimas Feridas,Pleno dia,Decrescente,Céu Claro,Dupla,Viaduto,Sim,3,0,2,0,1,0,2,2,"-8,052233","-34,946182",SPRF-PE,DEL01-PE,UOP01-DEL01-PE
552433,2023-10-02,segunda-feira,13:30:00,PE,101,51,ABREU E LIMA,Condutor deixou de manter distância do veículo da frente,Colisão traseira,Com Vítimas Feridas,Pleno dia,Crescente,Céu Claro,Dupla,Reta,Sim,4,0,1,0,1,2,1,4,"-7,9169968","-34,89689272",SPRF-PE,DEL01-PE,UOP02-DEL01-PE
552487,2023-10-02,segunda-feira,19:20:00,PE,104,"67,7",CARUARU,Reação tardia ou ineficiente do condutor,Colisão traseira,Com Vítimas Feridas,Plena Noite,Crescente,Céu Claro,Dupla,Declive;Reta                  ,Não,3,0,1,0,2,0,1,2,"-8,288699","-35,984418",SPRF-PE,DEL02-PE,UOP01-DEL02-PE
552559,2023-10-03,terça-feira,06:55:00,PE,408,103,JABOATAO DOS GUARARAPES,Condutor deixou de manter distância do veículo da frente,Colisão traseira,Com Vítimas Feridas,Pleno dia,Crescente,Céu Claro,Dupla,Reta,Não,2,0,1,0,1,0,1,2,"-8,057884","-34,994185",SPRF-PE,DEL01-PE,UOP01-DEL01-PE
552560,2023-10-03,terça-feira,06:40:00,PE,428,185,PETROLINA,Ausência de reação do condutor,Saída de leito carroçável,Sem Vítimas,Pleno dia,Crescente,Céu Claro,Dupla,Reta,Sim,1,0,0,0,0,1,0,1,"-9,34009199","-40,47032001",SPRF-PE,DEL06-PE,UOP01-DEL06-PE
552574,2023-10-03,terça-feira,07:37:00,PE,408,"55,7",NAZARE DA MATA,Reação tardia ou ineficiente do condutor,Colisão frontal,Com Vítimas Fatais,Pleno dia,Crescente,Sol,Simples,Reta,Sim,10,2,1,6,0,1,7,2,"-7,779353","-35,238945",SPRF-PE,DEL01-PE,UOP01-DEL01-PE
552601,2023-10-03,terça-feira,11:00:00,PE,101,"86,9",JABOATAO DOS GUARARAPES,Acesso irregular,Atropelamento de Pedestre,Com Vítimas Feridas,Pleno dia,Decrescente,Céu Claro,Dupla,Reta;Em Obras                 ,Não,3,0,1,0,1,1,1,2,"-8,18470013","-34,96816895",SPRF-PE,DEL01-PE,UOP01-DEL01-PE
552615,2023-10-03,terça-feira,12:00:00,PE,232,91,SAIRE,Transitar no Acostamento,Colisão transversal,Com Vítimas Feridas,Pleno dia,Crescente,Céu Claro,Dupla,Declive;Reta                  ,Sim,2,0,0,1,1,0,1,2,"-8,21834835","-35,66463196",SPRF-PE,DEL02-PE,UOP02-DEL02PE
552690,2023-10-03,terça-feira,20:50:00,PE,101,117,IPOJUCA,Ausência de reação do condutor,Capotamento,Com Vítimas Feridas,Plena Noite,Decrescente,Céu Claro,Dupla,Curva,Não,2,0,1,0,1,0,1,1,"-8,35274267","-35,15136019",SPRF-PE,DEL01-PE,UOP03-DEL01-PE
552779,2023-10-04,quarta-feira,11:20:00,PE,232,26,MORENO,Demais falhas mecânicas ou elétricas,Incêndio,Sem Vítimas,Pleno dia,Decrescente,Sol,Dupla,Reta,Não,1,0,0,0,0,1,0,1,"-8,11374411","-35,116886",SPRF-PE,DEL01-PE,UOP01-DEL01-PE