id,data_inversa,dia_semana,horario,uf,br,km,municipio,causa_acidente,tipo_acidente,classificacao_acidente,fase_dia,sentido_via,condicao_metereologica,tipo_pista,tracado_via,uso_solo,pessoas,mortos,feridos_leves,feridos_graves,ilesos,ignorados,feridos,veiculos,latitude,longitude,regional,delegacia,uop
552822,2023-10-04,quarta-feira,16:56:00,PE,408,89,SAO LOURENCO DA MATA,Acessar a via sem observar a presença dos outros veículos,Colisão transversal,Com Vítimas Feridas,Anoitecer,Crescente,Céu Claro,Dupla,Retorno Regulamentado;Reta;Acl,Não,2,0,1,0,1,0,1,2,"-7,98149086","-35,08112279",SPRF-PE,DEL01-PE,UOP01-DEL01-PE
552895,2023-10-05,quinta-feira,03:00:00,PE,428,153,PETROLINA,Ingestão de álcool pelo condutor,Colisão transversal,Sem Vítimas,Plena Noite,Decrescente,Ignorado,Simples,Reta,Não,4,0,0,0,4,0,0,2,"-9,09314887","-40,32502723",SPRF-PE,DEL06-PE,UOP01-DEL06-PE
552911,2023-10-05,quinta-feira,07:50:00,PE,104,62,CARUARU,Condutor deixou de manter distância do veículo da frente,Colisão traseira,Com Vítimas Feridas,Pleno dia,Decrescente,Céu Claro,Múltipla,Reta,Sim,2,0,1,0,1,0,1,2,"-8,2618","-35,976",SPRF-PE,DEL02-PE,UOP01-DEL02-PE
552932,2023-10-05,quinta-feira,09:30:00,PE,232,"8,9",JABOATAO DOS GUARARAPES,Ausência de reação do condutor,Colisão lateral mesmo sentido,Com Vítimas Feridas,Pleno dia,Decrescente,Céu Claro,Múltipla,Declive;Viaduto               ,Não,4,0,2,0,2,0,2,2,"-8,07583727","-34,97015791",SPRF-PE,DEL01-PE,UOP01-DEL01-PE
552993,2023-10-05,quinta-feira,16:10:00,PE,101,"84,8",JABOATAO DOS GUARARAPES,Condutor deixou de manter distância do veículo da frente,Colisão traseira,Com Vítimas Feridas,Pleno dia,Crescente,Sol,Dupla,Reta;Ponte                    ,Sim,4,0,0,1,3,0,1,2,"-8,180747","-34,95989",SPRF-PE,DEL01-PE,UOP01-DEL01-PE
552997,2023-10-05,quinta-feira,17:15:00,PE,101,"70,8",RECIFE,Ausência de reação do condutor,Tombamento,Com Vítimas Fatais,Anoitecer,Decrescente,Céu Claro,Dupla,Reta,Sim,3,1,0,1,1,0,1,2,"-8,06776119","-34,94265074",SPRF-PE,DEL01-PE,UOP01-DEL01-PE
553004,2023-10-05,quinta-feira,17:30:00,PE,232,"408,7",SERRA TALHADA,Acesso irregular,Colisão transversal,Com Vítimas Feridas,Plena Noite,Crescente,Céu Claro,Simples,Reta,Sim,2,0,0,2,0,0,2,2,"-7,98371447","-38,28047709",SPRF-PE,DEL04-PE,UOP01-DEL04-PE
553059,2023-10-05,quinta-feira,18:41:00,PE,316,"143,8",PARNAMIRIM,Acessar a via sem observar a presença dos outros veículos,Atropelamento de Pedestre,Com Vítimas Fatais,Plena Noite,Crescente,Céu Claro,Simples,Reta;Declive                  ,Não,2,1,1,0,0,0,1,2,"-8,09165091","-39,59256693",SPRF-PE,DEL05-PE,UOP02-DEL05-PE
553083,2023-10-06,sexta-feira,05:40:00,PE,408,94,SAO LOURENCO DA MATA,Demais falhas mecânicas ou elétricas,Colisão com objeto,Com Vítimas Feridas,Pleno dia,Decrescente,Céu Claro,Dupla,Reta,Não,1,0,1,0,0,0,1,1,"-8,00448211","-35,04643006",SPRF-PE,DEL01-PE,UOP01-DEL01-PE
553116,2023-10-06,sexta-feira,07:00:00,PE,423,"178,4",AGUAS BELAS,Ausência de reação do condutor,Colisão traseira,Com Vítimas Feridas,Amanhecer,Crescente,Céu Claro,Simples,Reta,Não,4,0,2,1,0,1,3,2,"-9,13045533","-37,12366999",SPRF-AL,DEL03-AL,UOP02-DEL03-AL
553126,2023-10-06,sexta-feira,08:00:00,PE,101,"44,2",IGARASSU,Acessar a via sem observar a presença dos outros veículos,Colisão transversal,Sem Vítimas,Pleno dia,Crescente,Céu Claro,Múltipla,Reta,Não,3,0,0,0,2,1,0,2,"-7,85637001","-34,90842109",SPRF-PE,DEL01-PE,UOP02-DEL01-PE
553165,2023-10-06,sexta-feira,12:40:00,PE,232,"48,8",VITORIA DE SANTO ANTAO,Manobra de mudança de faixa,Colisão traseira,Sem Vítimas,Pleno dia,Crescente,Céu Claro,Dupla,Reta,Não,2,0,0,0,2,0,0,2,"-8,14168181","-35,30561909",SPRF-PE,DEL01-PE,UOP01-DEL01-PE
553226,2023-10-06,sexta-feira,18:15:00,PE,101,30,IGARASSU,Demais falhas mecânicas ou elétricas,Incêndio,Sem Vítimas,Plena Noite,Decrescente,Céu Claro,Dupla,Reta;Aclive                   ,Não,1,0,0,0,1,0,0,1,"-7,73816195","-34,94265811",SPRF-PE,DEL01-PE,UOP02-DEL01-PE
553250,2023-10-06,sexta-feira,19:00:00,PE,408,83,PAUDALHO,Entrada inopinada do pedestre,Atropelamento de Pedestre,Com Vítimas Feridas,Plena Noite,Decrescente,Céu Claro,Dupla,Reta,Sim,4,0,0,1,3,0,1,2,"-7,94549251","-35,11580722",SPRF-PE,DEL01-PE,UOP01-DEL01-PE
553323,2023-10-07,sábado,02:45:00,PE,101,"63,3",RECIFE,Acessar a via sem observar a presença dos outros veículos,Colisão traseira,Sem Vítimas,Plena Noite,Decrescente,Garoa/Chuvisco,Múltipla,Interseção de Vias,Sim,2,0,0,0,2,0,0,2,"-8,010703","-34,93742",SPRF-PE,DEL01-PE,UOP01-DEL01-PE
553392,2023-10-07,sábado,09:40:00,PE,232,31,MORENO,Manobra de mudança de faixa,Saída de leito carroçável,Com Vítimas Feridas,Pleno dia,Crescente,Céu Claro,Dupla,Curva,Não,1,0,1,0,0,0,1,1,"-8,10678602","-35,15841205",SPRF-PE,DEL01-PE,UOP01-DEL01-PE
553418,2023-10-07,sábado,12:20:00,PE,232,252,ARCOVERDE,Ausência de reação do condutor,Colisão transversal,Com Vítimas Feridas,Pleno dia,Decrescente,Céu Claro,Simples,Reta;Rotatória                ,Sim,2,0,0,1,1,0,1,2,"-8,43086","-37,06536",SPRF-PE,DEL04-PE,UOP02-DEL04-PE
553426,2023-10-07,sábado,12:50:00,PE,232,"34,9",MORENO,Reação tardia ou ineficiente do condutor,Capotamento,Com Vítimas Feridas,Pleno dia,Crescente,Céu Claro,Múltipla,Reta,Sim,2,0,2,0,0,0,2,1,"-8,10702537","-35,18394691",SPRF-PE,DEL01-PE,UOP01-DEL01-PE
553437,2023-10-07,sábado,10:15:00,PE,232,370,FLORES,Manobra de mudança de faixa,Colisão transversal,Com Vítimas Feridas,Pleno dia,Crescente,Céu Claro,Simples,Reta,Não,2,0,1,0,1,0,1,2,"-8,0321374","-37,96567213",SPRF-PE,DEL04-PE,UOP01-DEL04-PE
553468,2023-10-07,sábado,18:00:00,PE,101,70,RECIFE,Pedestre cruzava a pista fora da faixa,Atropelamento de Pedestre,Com Vítimas Feridas,Plena Noite,Decrescente,Céu Claro,Simples,Curva,Sim,2,0,0,2,0,0,2,2,"-8,06776119","-34,94265074",SPRF-PE,DEL01-PE,UOP01-DEL01-PE
553495,2023-10-07,sábado,20:00:00,PE,232,"6,5",RECIFE,Reação tardia ou ineficiente do condutor,Colisão com objeto,Sem Vítimas,Plena Noite,Crescente,Céu Claro,Dupla,Reta,Sim,1,0,0,0,0,1,0,1,"-8,07079525","-34,9535389",SPRF-PE,DEL01-PE,UOP01-DEL01-PE
553604,2023-10-08,domingo,08:30:00,PE,232,"6,8",RECIFE,Avarias e/ou desgaste excessivo no pneu,Colisão lateral mesmo sentido,Com Vítimas Fatais,Pleno dia,Decrescente,Céu Claro,Dupla,Reta,Sim,2,1,1,0,0,0,1,2,"-8,072972","-34,96021",SPRF-PE,DEL01-PE,UOP01-DEL01-PE
553625,2023-10-08,domingo,12:08:00,PE,232,490,VERDEJANTE,Ultrapassagem Indevida,Saída de leito carroçável,Com Vítimas Feridas,Pleno dia,Crescente,Céu Claro,Simples,Reta,Não,2,0,2,0,0,0,2,1,"-8,00626727","-38,97264499",SPRF-PE,DEL05-PE,UOP01-DEL05-PE
553626,2023-10-08,domingo,12:10:00,PE,232,"170,4",BELO JARDIM,Demais falhas mecânicas ou elétricas,Eventos atípicos,Com Vítimas Feridas,Pleno dia,Decrescente,Nublado,Simples,Reta,Não,2,0,0,1,1,0,1,2,"-8,34074526","-36,34337092",SPRF-PE,DEL03-PE,UOP02-DEL03-PE
553693,2023-10-08,domingo,18:25:00,PE,101,43,IGARASSU,Reação tardia ou ineficiente do condutor,Tombamento,Com Vítimas Feridas,Plena Noite,Decrescente,Céu Claro,Múltipla,Reta,Não,1,0,0,1,0,0,1,1,"-7,84753808","-34,90977038",SPRF-PE,DEL01-PE,UOP02-DEL01-PE
553696,2023-10-08,domingo,18:20:00,PE,101,51,PAULISTA,Acessar a via sem observar a presença dos outros veículos,Tombamento,Com Vítimas Feridas,Plena Noite,Crescente,Vento,Múltipla,Interseção de Vias,Não,3,0,1,0,1,1,1,2,"-7,9169968","-34,89689272",SPRF-PE,DEL01-PE,UOP02-DEL01-PE
553700,2023-10-08,domingo,19:00:00,PE,232,"77,4",GRAVATA,Ingestão de álcool pelo condutor,Colisão lateral sentido oposto,Com Vítimas Feridas,Plena Noite,Crescente,Céu Claro,Simples,Reta,Sim,2,0,0,1,1,0,1,2,"-8,19541469","-35,53424693",SPRF-PE,DEL02-PE,UOP02-DEL02PE
553729,2023-10-08,domingo,19:26:00,PE,232,412,SERRA TALHADA,Ultrapassagem Indevida,Colisão lateral sentido oposto,Com Vítimas Feridas,Plena Noite,Decrescente,Céu Claro,Simples,Curva,Não,3,0,1,0,1,1,1,3,"-7,98377927","-38,3208774",SPRF-PE,DEL04-PE,UOP01-DEL04-PE
553760,2023-10-08,domingo,23:10:00,PE,104,"64,6",CARUARU,Condutor Dormindo,Saída de leito carroçável,Sem Vítimas,Plena Noite,Crescente,Céu Claro,Dupla,Curva,Sim,1,0,0,0,0,1,0,1,"-8,27311727","-35,98212361",SPRF-PE,DEL02-PE,UOP01-DEL02-PE
553807,2023-10-09,segunda-feira,06:14:00,PE,232,9,RECIFE,Reação tardia ou ineficiente do condutor,Saída de leito carroçável,Sem Vítimas,Pleno dia,Crescente,Sol,Dupla,Reta,Sim,2,0,0,0,2,0,0,2,"-8,076922","-34,974585",SPRF-PE,DEL01-PE,UOP01-DEL01-PE
553824,2023-10-09,segunda-feira,08:00:00,PE,428,189,PETROLINA,Conversão proibida,Colisão transversal,Com Vítimas Feridas,Pleno dia,Crescente,Céu Claro,Múltipla,Interseção de Vias,Não,3,0,1,1,1,0,2,2,"-9,37797415","-40,50437629",SPRF-PE,DEL06-PE,UOP01-DEL06-PE
553841,2023-10-09,segunda-feira,09:20:00,PE,232,161,TACAIMBO,Manobra de mudança de faixa,Colisão lateral mesmo sentido,Sem Vítimas,Pleno dia,Crescente,Céu Claro,Simples,Reta,Não,2,0,0,0,2,0,0,2,"-8,32936019","-36,21722099",SPRF-PE,DEL03-PE,UOP02-DEL03-PE
553863,2023-10-09,segunda-feira,08:00:00,PE,423,"66,8",JUPI,Entrada inopinada do pedestre,Atropelamento de Pedestre,Sem Vítimas,Pleno dia,Decrescente,Céu Claro,Simples,Reta,Não,2,0,0,0,1,1,0,2,"-8,66844631","-36,37491793",SPRF-PE,DEL03-PE,UOP01-DEL03-PE
553864,2023-10-09,segunda-feira,09:00:00,PE,424,"68,7",CAETES,Conversão proibida,Colisão traseira,Com Vítimas Feridas,Pleno dia,Decrescente,Céu Claro,Simples,Reta,Não,3,0,1,0,2,0,1,3,"-8,76884574","-36,63537082",SPRF-PE,DEL03-PE,UOP01-DEL03-PE
553925,2023-10-09,segunda-feira,16:14:00,PE,101,50,ABREU E LIMA,Pedestre cruzava a pista fora da faixa,Atropelamento de Pedestre,Com Vítimas Feridas,Pleno dia,Crescente,Sol,Múltipla,Reta,Sim,2,0,0,1,1,0,1,2,"-7,90938602","-34,90123228",SPRF-PE,DEL01-PE,UOP02-DEL01-PE
553938,2023-10-09,segunda-feira,13:00:00,PE,232,409,SERRA TALHADA,Condutor deixou de manter distância do veículo da frente,Colisão traseira,Com Vítimas Feridas,Pleno dia,Decrescente,Céu Claro,Simples,Reta,Sim,2,0,1,0,1,0,1,2,"-7,981944","-38,289467",SPRF-PE,DEL04-PE,UOP01-DEL04-PE
553974,2023-10-09,segunda-feira,20:30:00,PE,101,8,GOIANA,Ingestão de álcool pelo condutor,Colisão frontal,Sem Vítimas,Plena Noite,Decrescente,Céu Claro,Dupla,Reta,Não,1,0,0,0,1,0,0,1,"-7,56898134","-34,98959891",SPRF-PE,DEL01-PE,UOP02-DEL01-PE
554034,2023-10-10,terça-feira,07:00:00,PE,232,"34,9",MORENO,Condutor deixou de manter distância do veículo da frente,Colisão traseira,Sem Vítimas,Pleno dia,Crescente,Céu Claro,Dupla,Reta,Não,4,0,0,0,4,0,0,4,"-8,10702537","-35,18394691",SPRF-PE,DEL01-PE,UOP01-DEL01-PE
554054,2023-10-10,terça-feira,08:44:00,PE,232,"4,3",RECIFE,Ausência de reação do condutor,Colisão lateral mesmo sentido,Sem Vítimas,Pleno dia,Decrescente,Céu Claro,Dupla,Reta;Declive;Viaduto          ,Sim,2,0,0,0,2,0,0,2,"-8,064473","-34,936928",SPRF-PE,DEL01-PE,UOP01-DEL01-PE
554065,2023-10-10,terça-feira,09:34:00,PE,232,10,JABOATAO DOS GUARARAPES,Condutor deixou de manter distância do veículo da frente,Colisão traseira,Com Vítimas Feridas,Pleno dia,Crescente,Céu Claro,Dupla,Reta,Sim,3,0,1,0,2,0,1,3,"-8,07917241","-34,98718609",SPRF-PE,DEL01-PE,UOP01-DEL01-PE
554095,2023-10-10,terça-feira,14:00:00,PE,101,40,IGARASSU,Transitar no Acostamento,Atropelamento de Pedestre,Com Vítimas Feridas,Pleno dia,Decrescente,Céu Claro,Dupla,Reta,Sim,2,0,1,0,1,0,1,2,"-7,821475","-34,916545",SPRF-PE,DEL01-PE,UOP02-DEL01-PE
554172,2023-10-10,terça-feira,18:30:00,PE,110,132,IBIMIRIM,Animais na Pista,Atropelamento de Animal,Com Vítimas Feridas,Plena Noite,Crescente,Céu Claro,Simples,Reta,Não,3,0,2,0,1,0,2,1,"-8,50105608","-37,56202795",SPRF-PE,DEL04-PE,UOP02-DEL04-PE
554255,2023-10-11,quarta-feira,08:50:00,PE,428,180,PETROLINA,Condutor deixou de manter distância do veículo da frente,Colisão traseira,Sem Vítimas,Pleno dia,Crescente,Sol,Simples,Reta,Não,3,0,0,0,3,0,0,2,"-9,313445","-40,456611",SPRF-PE,DEL06-PE,UOP01-DEL06-PE
554332,2023-10-11,quarta-feira,16:45:00,PE,101,"79,8",JABOATAO DOS GUARARAPES,Carga excessiva e/ou mal acondicionada,Colisão traseira,Com Vítimas Feridas,Pleno dia,Crescente,Céu Claro,Dupla,Reta,Não,2,0,1,0,1,0,1,2,"-8,14366112","-34,94723453",SPRF-PE,DEL01-PE,UOP01-DEL01-PE
554354,2023-10-11,quarta-feira,18:00:00,PE,423,"185,5",AGUAS BELAS,Reação tardia ou ineficiente do condutor,Colisão frontal,Com Vítimas Fatais,Plena Noite,Crescente,Céu Claro,Simples,Reta,Não,3,2,1,0,0,0,1,2,"-9,13262895","-37,186385",SPRF-AL,DEL03-AL,UOP02-DEL03-AL
554394,2023-10-11,quarta-feira,17:40:00,PE,232,125,CARUARU,Acessar a via sem observar a presença dos outros veículos,Colisão transversal,Sem Vítimas,Anoitecer,Crescente,Céu Claro,Simples,Curva,Sim,2,0,0,0,2,0,0,2,"-8,30807114","-35,94580097",SPRF-PE,DEL02-PE,UOP01-DEL02-PE
554408,2023-10-11,quarta-feira,21:10:00,PE,232,"100,6",BEZERROS,Manobra de mudança de faixa,Colisão frontal,Com Vítimas Feridas,Plena Noite,Decrescente,Céu Claro,Simples,Reta,Sim,3,0,0,2,1,0,2,2,"-8,23791176","-35,74297705",SPRF-PE,DEL02-PE,UOP02-DEL02PE
554425,2023-10-11,quarta-feira,22:37:00,PE,101,"80,5",JABOATAO DOS GUARARAPES,Demais falhas na via,Colisão com objeto,Com Vítimas Feridas,Plena Noite,Crescente,Céu Claro,Múltipla,Reta,Sim,1,0,0,1,0,0,1,1,"-8,157822","-34,940993",SPRF-PE,DEL01-PE,UOP01-DEL01-PE
554436,2023-10-12,quinta-feira,00:50:00,PE,232,"142,8",SAO CAITANO,Animais na Pista,Atropelamento de Animal,Com Vítimas Feridas,Plena Noite,Decrescente,Céu Claro,Dupla,Reta;Declive                  ,Não,3,0,1,0,2,0,1,1,"-8,32242118","-36,09480698",SPRF-PE,DEL03-PE,UOP02-DEL03-PE
554437,2023-10-12,quinta-feira,00:56:00,PE,232,6,RECIFE,Frear bruscamente,Saída de leito carroçável,Com Vítimas Feridas,Plena Noite,Crescente,Céu Claro,Múltipla,Reta,Não,5,0,1,0,3,1,1,2,"-8,07079525","-34,9535389",SPRF-PE,DEL01-PE,UOP01-DEL01-PE
554534,2023-10-12,quinta-feira,12:05:00,PE,101,"68,1",RECIFE,Acessar a via sem observar a presença dos outros veículos,Colisão lateral mesmo sentido,Com Vítimas Feridas,Pleno dia,Crescente,Céu Claro,Dupla,Rotatória,Não,3,0,1,0,2,0,1,2,"-8,05074296","-34,94580619",SPRF-PE,DEL01-PE,UOP01-DEL01-PE
554542,2023-10-12,quinta-feira,12:00:00,PE,101,"43,4",IGARASSU,Acessar a via sem observar a presença dos outros veículos,Colisão lateral mesmo sentido,Com Vítimas Feridas,Pleno dia,Crescente,Céu Claro,Múltipla,Reta,Não,2,0,1,0,1,0,1,2,"-7,84753808","-34,90977038",SPRF-PE,DEL01-PE,UOP02-DEL01-PE
554566,2023-10-12,quinta-feira,13:35:00,PE,424,"86,4",GARANHUNS,Acessar a via sem observar a presença dos outros veículos,Colisão transversal,Com Vítimas Feridas,Pleno dia,Decrescente,Céu Claro,Simples,Interseção de Vias,Sim,5,0,2,0,2,1,2,3,"-8,86552886","-36,50934159",SPRF-PE,DEL03-PE,UOP01-DEL03-PE
554574,2023-10-12,quinta-feira,15:26:00,PE,408,99,SAO LOURENCO DA MATA,Animais na Pista,Atropelamento de Animal,Com Vítimas Feridas,Pleno dia,Decrescente,Céu Claro,Dupla,Reta,Não,2,0,2,0,0,0,2,1,"-8,04133634","-35,02531212",SPRF-PE,DEL01-PE,UOP01-DEL01-PE
554714,2023-09-23,sábado,09:00:00,PE,104,134,QUIPAPA,Pista Escorregadia,Tombamento,Com Vítimas Feridas,Pleno dia,Crescente,Ignorado,Simples,Reta;Declive                  ,Não,2,0,0,1,1,0,1,1,"-8,809525","-36,012314",SPRF-PE,DEL02-PE,UOP03-DEL02-PE
554720,2023-10-13,sexta-feira,11:40:00,PE,101,39,IGARASSU,Reação tardia ou ineficiente do condutor,Colisão lateral mesmo sentido,Sem Vítimas,Pleno dia,Crescente,Sol,Dupla,Retorno Regulamentado,Não,2,0,0,0,2,0,0,2,"-7,81259899","-34,91890497",SPRF-PE,DEL01-PE,UOP02-DEL01-PE
554721,2023-10-13,sexta-feira,11:59:00,PE,232,"9,7",JABOATAO DOS GUARARAPES,Ausência de reação do condutor,Colisão lateral mesmo sentido,Sem Vítimas,Pleno dia,Crescente,Céu Claro,Múltipla,Interseção de Vias;Reta       ,Sim,3,0,0,0,3,0,0,2,"-8,07764447","-34,97863609",SPRF-PE,DEL01-PE,UOP01-DEL01-PE
554728,2023-10-13,sexta-feira,10:40:00,PE,232,"408,3",SERRA TALHADA,Desrespeitar a preferência no cruzamento,Colisão transversal,Com Vítimas Feridas,Pleno dia,Crescente,Céu Claro,Simples,Reta;Interseção de Vias;Retorn,Sim,3,0,0,1,2,0,1,2,"-7,98371447","-38,28047709",SPRF-PE,DEL04-PE,UOP01-DEL04-PE
554730,2023-10-13,sexta-feira,13:29:00,PE,104,53,CARUARU,Avarias e/ou desgaste excessivo no pneu,Saída de leito carroçável,Com Vítimas Feridas,Pleno dia,Decrescente,Sol,Dupla,Curva,Não,1,0,1,0,0,0,1,1,"-8,1837","-35,967",SPRF-PE,DEL02-PE,UOP01-DEL02-PE
554787,2023-10-13,sexta-feira,19:10:00,PE,101,68,RECIFE,Acumulo de óleo sobre o pavimento,Tombamento,Com Vítimas Feridas,Plena Noite,Crescente,Céu Claro,Múltipla,Rotatória,Sim,2,0,2,0,0,0,2,1,"-8,05074296","-34,94580619",SPRF-PE,DEL01-PE,UOP01-DEL01-PE
554835,2023-10-14,sábado,00:18:00,PE,424,"91,3",GARANHUNS,Acessar a via sem observar a presença dos outros veículos,Colisão transversal,Com Vítimas Feridas,Plena Noite,Decrescente,Céu Claro,Simples,Reta,Não,2,0,1,0,1,0,1,2,"-8,90409633","-36,49974647",SPRF-PE,DEL03-PE,UOP01-DEL03-PE
554861,2023-10-14,sábado,07:00:00,PE,101,68,RECIFE,Ausência de reação do condutor,Colisão traseira,Com Vítimas Feridas,Pleno dia,Crescente,Chuva,Dupla,Reta,Sim,3,0,1,0,2,0,1,3,"-8,05074296","-34,94580619",SPRF-PE,DEL01-PE,UOP01-DEL01-PE
554886,2023-10-14,sábado,08:30:00,PE,428,"85,1",SANTA MARIA DA BOA VISTA,Reação tardia ou ineficiente do condutor,Saída de leito carroçável,Com Vítimas Fatais,Pleno dia,Decrescente,Céu Claro,Simples,Reta,Não,5,1,1,1,2,0,2,1,"-8,79493882","-39,83968793",SPRF-PE,DEL06-PE,UOP03-DEL06-PE
554911,2023-10-14,sábado,11:45:00,PE,101,"64,6",RECIFE,Ultrapassagem Indevida,Colisão traseira,Com Vítimas Feridas,Pleno dia,Decrescente,Céu Claro,Dupla,Reta,Sim,2,0,0,1,1,0,1,2,"-8,021344","-34,942531",SPRF-PE,DEL01-PE,UOP01-DEL01-PE
554921,2023-09-13,quarta-feira,15:38:00,PE,407,"127,9",PETROLINA,Conversão proibida,Colisão transversal,Com Vítimas Feridas,Pleno dia,Decrescente,Céu Claro,Simples,Reta,Não,2,0,1,0,0,1,1,2,"-9,39394721","-40,51105684",SPRF-PE,DEL06-PE,UOP01-DEL06-PE
554944,2023-10-14,sábado,14:30:00,PE,408,57,TRACUNHAEM,Desrespeitar a preferência no cruzamento,Colisão frontal,Com Vítimas Feridas,Pleno dia,Decrescente,Céu Claro,Simples,Reta,Não,2,0,0,1,1,0,1,2,"-7,78823704","-35,24276291",SPRF-PE,DEL01-PE,UOP01-DEL01-PE
554952,2023-10-14,sábado,16:40:00,PE,104,"28,6",TORITAMA,Acessar a via sem observar a presença dos outros veículos,Colisão traseira,Com Vítimas Feridas,Pleno dia,Crescente,Céu Claro,Simples,Reta,Sim,2,0,1,0,1,0,1,2,"-8,0065","-36,0709",SPRF-PE,DEL02-PE,UOP01-DEL02-PE
554970,2023-10-14,sábado,17:00:00,PE,232,"140,5",SAO CAITANO,Manobra de mudança de faixa,Colisão lateral mesmo sentido,Com Vítimas Feridas,Pleno dia,Decrescente,Nublado,Dupla,Reta,Não,3,0,2,0,1,0,2,2,"-8,32046632","-36,07694496",SPRF-PE,DEL03-PE,UOP02-DEL03-PE
554994,2023-10-14,sábado,18:00:00,PE,408,25,TIMBAUBA,Velocidade Incompatível,Colisão frontal,Com Vítimas Fatais,Plena Noite,Decrescente,Céu Claro,Simples,Reta,Não,2,1,1,0,0,0,1,2,"-7,52257159","-35,29948406",SPRF-PE,DEL01-PE,UOP02-DEL01-PE
555020,2023-10-14,sábado,20:30:00,PE,101,"182,9",PALMARES,Ingestão de álcool pelo condutor,Saída de leito carroçável,Sem Vítimas,Plena Noite,Decrescente,Céu Claro,Simples,Curva,Sim,1,0,0,0,1,0,0,1,"-8,661731","-35,565413",SPRF-PE,DEL01-PE,UOP03-DEL01-PE
555025,2023-10-14,sábado,22:30:00,PE,104,"57,5",CARUARU,Ingestão de álcool pelo condutor,Colisão transversal,Com Vítimas Feridas,Plena Noite,Decrescente,Nublado,Dupla,Retorno Regulamentado,Não,2,0,1,0,1,0,1,2,"-8,2181","-35,9747",SPRF-PE,DEL02-PE,UOP01-DEL02-PE
555066,2023-10-15,domingo,03:05:00,PE,428,190,PETROLINA,Ingestão de álcool pelo condutor,Colisão transversal,Sem Vítimas,Plena Noite,Decrescente,Céu Claro,Simples,Viaduto;Interseção de Vias    ,Sim,3,0,0,0,3,0,0,2,"-9,37605965","-40,49382106",SPRF-PE,DEL06-PE,UOP01-DEL06-PE
555145,2023-10-15,domingo,09:25:00,PE,116,"57,9",CABROBO,Acessar a via sem observar a presença dos outros veículos,Colisão transversal,Com Vítimas Feridas,Pleno dia,Decrescente,Céu Claro,Simples,Reta,Não,6,0,0,3,3,0,3,2,"-8,335882","-39,135235",SPRF-PE,DEL05-PE,UOP03-DEL05-PE
555155,2023-10-15,domingo,14:28:00,PE,101,"52,8",PAULISTA,Ausência de sinalização,Colisão frontal,Com Vítimas Feridas,Pleno dia,Crescente,Céu Claro,Simples,Curva;Declive                 ,Sim,3,0,3,0,0,0,3,2,"-7,93961103","-34,90356584",SPRF-PE,DEL01-PE,UOP02-DEL01-PE
555188,2023-10-15,domingo,17:30:00,PE,101,"4,6",RECIFE,Animais na Pista,Atropelamento de Animal,Com Vítimas Feridas,Anoitecer,Decrescente,Céu Claro,Dupla,Curva,Não,2,0,2,0,0,0,2,1,"-8,06738791","-34,94038582",SPRF-PE,DEL01-PE,UOP02-DEL01-PE
555205,2023-08-27,domingo,02:50:00,PE,232,223,PESQUEIRA,Ausência de reação do condutor,Colisão com objeto,Com Vítimas Feridas,Plena Noite,Crescente,Céu Claro,Simples,Reta;Ponte                    ,Não,1,0,1,0,0,0,1,1,"-8,40436455","-36,81023008",SPRF-PE,DEL03-PE,UOP02-DEL03-PE
555207,2023-10-15,domingo,18:40:00,PE,423,37,CACHOEIRINHA,Manobra de mudança de faixa,Colisão frontal,Com Vítimas Feridas,Plena Noite,Crescente,Céu Claro,Simples,Reta,Não,2,0,0,1,1,0,1,2,"-8,47542022","-36,22203249",SPRF-PE,DEL03-PE,UOP02-DEL03-PE
555226,2023-10-15,domingo,18:42:00,PE,424,"86,4",GARANHUNS,Acessar a via sem observar a presença dos outros veículos,Colisão transversal,Com Vítimas Feridas,Plena Noite,Decrescente,Garoa/Chuvisco,Simples,Reta,Não,3,0,1,1,0,1,2,2,"-8,86552886","-36,50934159",SPRF-PE,DEL03-PE,UOP01-DEL03-PE
555292,2023-10-16,segunda-feira,04:30:00,PE,232,"70,4",GRAVATA,Demais falhas mecânicas ou elétricas,Incêndio,Sem Vítimas,Amanhecer,Decrescente,Céu Claro,Dupla,Reta,Não,1,0,0,0,0,1,0,1,"-8,17698676","-35,48742522",SPRF-PE,DEL02-PE,UOP02-DEL02PE
555300,2023-10-16,segunda-feira,07:15:00,PE,232,10,JABOATAO DOS GUARARAPES,Condutor deixou de manter distância do veículo da frente,Colisão traseira,Com Vítimas Feridas,Pleno dia,Crescente,Chuva,Dupla,Reta,Sim,3,0,1,1,1,0,2,2,"-8,07917241","-34,98718609",SPRF-PE,DEL01-PE,UOP01-DEL01-PE
555326,2023-10-16,segunda-feira,10:15:00,PE,232,43,VITORIA DE SANTO ANTAO,Acessar a via sem observar a presença dos outros veículos,Colisão lateral mesmo sentido,Com Vítimas Feridas,Pleno dia,Crescente,Céu Claro,Dupla,Reta;Interseção de Vias;Retorn,Não,3,0,2,0,1,0,2,2,"-8,11729755","-35,26097515",SPRF-PE,DEL01-PE,UOP01-DEL01-PE