id,data_inversa,dia_semana,horario,uf,br,km,municipio,causa_acidente,tipo_acidente,classificacao_acidente,fase_dia,sentido_via,condicao_metereologica,tipo_pista,tracado_via,uso_solo,pessoas,mortos,feridos_leves,feridos_graves,ilesos,ignorados,feridos,veiculos,latitude,longitude,regional,delegacia,uop
555376,2023-09-22,sexta-feira,05:40:00,PE,424,76,CARUARU,Demais falhas mecânicas ou elétricas,Capotamento,Com Vítimas Feridas,Amanhecer,Decrescente,Céu Claro,Simples,Reta,Não,1,0,0,1,0,0,1,1,-8,-36,SPRF-PE,DEL03-PE,UOP01-DEL03-PE
555476,2023-10-17,terça-feira,07:29:00,PE,101,76,RECIFE,Transitar no Acostamento,Atropelamento de Pedestre,Com Vítimas Feridas,Pleno dia,Crescente,Céu Claro,Dupla,Reta,Sim,3,0,2,1,0,0,3,2,"-8,11813811","-34,94329214",SPRF-PE,DEL01-PE,UOP01-DEL01-PE
555542,2023-10-17,terça-feira,14:20:00,PE,101,"153,8",RIBEIRAO,Deficiência do Sistema de Iluminação/Sinalização,Colisão traseira,Com Vítimas Feridas,Pleno dia,Crescente,Sol,Dupla,Curva,Não,2,0,1,0,1,0,1,2,"-8,51960799","-35,38997595",SPRF-PE,DEL01-PE,UOP03-DEL01-PE
555574,2023-09-02,sábado,22:33:00,PE,423,135,SALOA,Animais na Pista,Atropelamento de Animal,Sem Vítimas,Plena Noite,Decrescente,Céu Claro,Simples,Reta;Ponte                    ,Não,5,0,0,0,2,3,0,1,"-8,9621593","-36,79139492",SPRF-PE,DEL03-PE,UOP01-DEL03-PE
555585,2023-10-17,terça-feira,18:47:00,PE,101,74,RECIFE,Reação tardia ou ineficiente do condutor,Colisão lateral mesmo sentido,Com Vítimas Feridas,Plena Noite,Decrescente,Céu Claro,Dupla,Curva,Sim,2,0,1,0,1,0,1,2,"-8,10146485","-34,94901577",SPRF-PE,DEL01-PE,UOP01-DEL01-PE
555586,2023-10-17,terça-feira,17:40:00,PE,116,"24,7",SALGUEIRO,Reação tardia ou ineficiente do condutor,Saída de leito carroçável,Com Vítimas Feridas,Anoitecer,Decrescente,Céu Claro,Simples,Reta,Sim,1,0,0,1,0,0,1,1,"-8,052562","-39,13718",SPRF-PE,DEL05-PE,UOP01-DEL05-PE
555588,2023-10-17,terça-feira,19:00:00,PE,408,74,PAUDALHO,Pedestre cruzava a pista fora da faixa,Atropelamento de Pedestre,Com Vítimas Feridas,Plena Noite,Crescente,Céu Claro,Dupla,Reta,Sim,2,0,0,2,0,0,2,2,"-7,89701706","-35,17300548",SPRF-PE,DEL01-PE,UOP01-DEL01-PE
555687,2023-10-11,quarta-feira,23:30:00,PE,232,54,POMBOS,Ausência de reação do condutor,Colisão traseira,Sem Vítimas,Pleno dia,Decrescente,Céu Claro,Dupla,Reta;Aclive                   ,Não,2,0,0,0,1,1,0,2,"-8,12919504","-35,35716398",SPRF-PE,DEL02-PE,UOP02-DEL02PE
555689,2023-10-18,quarta-feira,10:10:00,PE,101,"46,2",IGARASSU,Acessar a via sem observar a presença dos outros veículos,Colisão transversal,Com Vítimas Feridas,Pleno dia,Crescente,Sol,Múltipla,Reta,Sim,2,0,1,0,1,0,1,2,"-7,87406004","-34,90588126",SPRF-PE,DEL01-PE,UOP02-DEL01-PE
555698,2023-10-18,quarta-feira,11:40:00,PE,101,"67,3",RECIFE,Condutor deixou de manter distância do veículo da frente,Colisão traseira,Com Vítimas Feridas,Pleno dia,Crescente,Sol,Dupla,Reta,Sim,5,0,4,0,1,0,4,4,"-8,042334","-34,943096",SPRF-PE,DEL01-PE,UOP01-DEL01-PE
555751,2023-10-18,quarta-feira,16:30:00,PE,232,131,CARUARU,Condutor deixou de manter distância do veículo da frente,Colisão traseira,Com Vítimas Feridas,Pleno dia,Decrescente,Céu Claro,Dupla,Reta,Sim,3,0,0,1,2,0,1,2,"-8,30216482","-36,00052357",SPRF-PE,DEL02-PE,UOP01-DEL02-PE
555761,2023-10-18,quarta-feira,17:45:00,PE,232,"71,2",GRAVATA,Manobra de mudança de faixa,Colisão lateral mesmo sentido,Com Vítimas Feridas,Anoitecer,Crescente,Céu Claro,Dupla,Reta,Não,3,0,2,0,0,1,2,2,"-8,18344403","-35,49296599",SPRF-PE,DEL02-PE,UOP02-DEL02PE
555769,2023-10-18,quarta-feira,17:30:00,PE,101,"54,4",PAULISTA,Ausência de reação do condutor,Colisão traseira,Com Vítimas Feridas,Anoitecer,Decrescente,Céu Claro,Simples,Curva,Sim,2,0,1,0,1,0,1,2,"-7,93961103","-34,90356584",SPRF-PE,DEL01-PE,UOP02-DEL01-PE
555860,2023-10-19,quinta-feira,09:50:00,PE,101,42,IGARASSU,Reação tardia ou ineficiente do condutor,Colisão traseira,Com Vítimas Feridas,Pleno dia,Decrescente,Céu Claro,Dupla,Reta,Não,1,0,1,0,0,0,1,1,"-7,83887431","-34,91196739",SPRF-PE,DEL01-PE,UOP02-DEL01-PE
555863,2023-10-03,terça-feira,17:45:00,PE,423,"30,1",SAO CAITANO,Deficiência do Sistema de Iluminação/Sinalização,Colisão traseira,Com Vítimas Feridas,Plena Noite,Decrescente,Céu Claro,Simples,Reta,Não,3,0,0,1,2,0,1,2,"-8,4192339","-36,19365318",SPRF-PE,DEL03-PE,UOP02-DEL03-PE
555873,2023-10-19,quinta-feira,10:00:00,PE,232,4,RECIFE,Pedestre andava na pista,Atropelamento de Pedestre,Sem Vítimas,Pleno dia,Crescente,Sol,Simples,Curva,Sim,2,0,0,0,1,1,0,2,"-8,064473","-34,936928",SPRF-PE,DEL01-PE,UOP01-DEL01-PE
555923,2023-10-19,quinta-feira,15:45:00,PE,232,"14,2",JABOATAO DOS GUARARAPES,Reação tardia ou ineficiente do condutor,Eventos atípicos,Sem Vítimas,Pleno dia,Crescente,Céu Claro,Dupla,Reta;Em Obras                 ,Sim,1,0,0,0,1,0,0,1,"-8,090314","-35,022928",SPRF-PE,DEL01-PE,UOP01-DEL01-PE
556051,2023-10-20,sexta-feira,07:10:00,PE,407,124,PETROLINA,Condutor deixou de manter distância do veículo da frente,Colisão traseira,Com Vítimas Feridas,Pleno dia,Crescente,Céu Claro,Simples,Reta,Sim,2,0,1,0,1,0,1,2,"-9,36929881","-40,54137139",SPRF-PE,DEL06-PE,UOP01-DEL06-PE
556053,2023-10-02,segunda-feira,23:30:00,PE,428,"181,2",PETROLINA,Iluminação deficiente,Atropelamento de Animal,Com Vítimas Feridas,Plena Noite,Crescente,Céu Claro,Simples,Reta,Sim,1,0,0,1,0,0,1,1,"-9,30816981","-40,45390137",SPRF-PE,DEL06-PE,UOP01-DEL06-PE
556071,2023-09-12,terça-feira,08:10:00,PE,232,172,BELO JARDIM,Retorno proibido,Colisão traseira,Com Vítimas Feridas,Pleno dia,Decrescente,Céu Claro,Simples,Reta,Não,2,0,1,0,0,1,1,2,"-8,33854887","-36,360134",SPRF-PE,DEL03-PE,UOP02-DEL03-PE
556097,2023-10-20,sexta-feira,12:20:00,PE,101,68,RECIFE,Manobra de mudança de faixa,Colisão transversal,Com Vítimas Feridas,Pleno dia,Crescente,Céu Claro,Dupla,Reta,Não,2,0,1,0,1,0,1,2,"-8,05074296","-34,94580619",SPRF-PE,DEL01-PE,UOP01-DEL01-PE
556310,2023-10-21,sábado,11:40:00,PE,428,"173,2",PETROLINA,Manobra de mudança de faixa,Colisão traseira,Com Vítimas Feridas,Pleno dia,Decrescente,Céu Claro,Simples,Reta,Não,2,0,0,1,1,0,1,2,"-9,24429991","-40,42112617",SPRF-PE,DEL06-PE,UOP01-DEL06-PE
556312,2023-10-21,sábado,13:00:00,PE,101,"57,1",PAULISTA,Ausência de reação do condutor,Colisão traseira,Com Vítimas Feridas,Pleno dia,Decrescente,Céu Claro,Dupla,Reta,Não,3,0,1,2,0,0,3,2,"-7,96346213","-34,91513486",SPRF-PE,DEL01-PE,UOP02-DEL01-PE
556418,2023-10-21,sábado,22:00:00,PE,101,"51,6",PAULISTA,Reação tardia ou ineficiente do condutor,Queda de ocupante de veículo,Com Vítimas Feridas,Plena Noite,Decrescente,Céu Claro,Dupla,Curva;Aclive                  ,Sim,1,0,1,0,0,0,1,1,"-7,92081128","-34,89214897",SPRF-PE,DEL01-PE,UOP02-DEL01-PE
556454,2023-10-22,domingo,03:30:00,PE,232,116,CARUARU,Demais falhas na via,Tombamento,Com Vítimas Feridas,Plena Noite,Crescente,Céu Claro,Dupla,Reta,Não,2,0,2,0,0,0,2,1,"-8,2970005","-35,86666391",SPRF-PE,DEL02-PE,UOP01-DEL02-PE
556522,2023-10-22,domingo,11:00:00,PE,232,409,SERRA TALHADA,Reação tardia ou ineficiente do condutor,Tombamento,Com Vítimas Feridas,Pleno dia,Decrescente,Céu Claro,Simples,Curva,Não,1,0,1,0,0,0,1,1,"-7,981944","-38,289467",SPRF-PE,DEL04-PE,UOP01-DEL04-PE
556563,2023-10-22,domingo,16:10:00,PE,101,"69,9",RECIFE,Demais falhas mecânicas ou elétricas,Tombamento,Com Vítimas Feridas,Pleno dia,Decrescente,Céu Claro,Dupla,Reta,Não,2,0,2,0,0,0,2,1,"-8,05951606","-34,94581024",SPRF-PE,DEL01-PE,UOP01-DEL01-PE
556580,2023-10-22,domingo,17:24:00,PE,232,"7,7",RECIFE,Manobra de mudança de faixa,Colisão transversal,Com Vítimas Feridas,Plena Noite,Decrescente,Céu Claro,Dupla,Reta,Sim,3,0,0,2,1,0,2,2,"-8,07497","-34,967732",SPRF-PE,DEL01-PE,UOP01-DEL01-PE
556584,2023-10-22,domingo,16:00:00,PE,101,"148,2",RIBEIRAO,Ingestão de álcool pelo condutor,Capotamento,Sem Vítimas,Pleno dia,Crescente,Céu Claro,Dupla,Reta,Não,1,0,0,0,0,1,0,1,"-8,48336698","-35,37204035",SPRF-PE,DEL01-PE,UOP03-DEL01-PE
556618,2023-10-22,domingo,20:30:00,PE,101,61,RECIFE,Conversão proibida,Colisão transversal,Com Vítimas Feridas,Plena Noite,Crescente,Céu Claro,Dupla,Reta,Não,3,0,0,2,1,0,2,2,"-8,00800604","-34,93756535",SPRF-PE,DEL01-PE,UOP02-DEL01-PE
556622,2023-09-23,sábado,20:45:00,PE,407,123,PETROLINA,Acessar a via sem observar a presença dos outros veículos,Colisão frontal,Com Vítimas Feridas,Plena Noite,Crescente,Céu Claro,Simples,Reta,Sim,2,0,1,0,0,1,1,2,"-9,36149178","-40,54594462",SPRF-PE,DEL06-PE,UOP01-DEL06-PE
556693,2023-10-23,segunda-feira,07:20:00,PE,101,46,IGARASSU,Entrada inopinada do pedestre,Atropelamento de Pedestre,Com Vítimas Feridas,Pleno dia,Decrescente,Céu Claro,Múltipla,Reta,Sim,2,0,1,0,1,0,1,2,"-7,87406004","-34,90588126",SPRF-PE,DEL01-PE,UOP02-DEL01-PE
556706,2023-10-23,segunda-feira,05:35:00,PE,316,"30,8",ARARIPINA,Reação tardia ou ineficiente do condutor,Saída de leito carroçável,Com Vítimas Fatais,Pleno dia,Decrescente,Sol,Simples,Reta,Sim,1,1,0,0,0,0,0,1,"-7,62423193","-40,46471397",SPRF-PE,DEL05-PE,UOP02-DEL05-PE
556728,2023-10-23,segunda-feira,10:45:00,PE,428,186,PETROLINA,Acessar a via sem observar a presença dos outros veículos,Colisão transversal,Sem Vítimas,Pleno dia,Decrescente,Sol,Dupla,Reta;Retorno Regulamentado    ,Sim,2,0,0,0,2,0,0,2,"-9,34559932","-40,48082829",SPRF-PE,DEL06-PE,UOP01-DEL06-PE
556751,2023-10-23,segunda-feira,09:00:00,PE,232,495,VERDEJANTE,Reação tardia ou ineficiente do condutor,Capotamento,Sem Vítimas,Pleno dia,Crescente,Céu Claro,Simples,Curva,Não,1,0,0,0,0,1,0,1,"-8,03855812","-39,06231286",SPRF-PE,DEL05-PE,UOP01-DEL05-PE
556780,2023-10-23,segunda-feira,16:10:00,PE,101,"66,2",RECIFE,Condutor deixou de manter distância do veículo da frente,Colisão traseira,Com Vítimas Feridas,Pleno dia,Crescente,Céu Claro,Múltipla,Viaduto,Sim,2,0,2,0,0,0,2,2,"-8,03368534","-34,94184125",SPRF-PE,DEL01-PE,UOP01-DEL01-PE
556791,2023-10-23,segunda-feira,16:00:00,PE,101,9,GOIANA,Ausência de reação do condutor,Incêndio,Sem Vítimas,Pleno dia,Decrescente,Céu Claro,Dupla,Reta,Não,1,0,0,0,0,1,0,1,"-7,57788903","-34,98847822",SPRF-PE,DEL01-PE,UOP02-DEL01-PE
556800,2023-10-23,segunda-feira,14:50:00,PE,232,"80,4",GRAVATA,Manobra de mudança de faixa,Colisão lateral mesmo sentido,Com Vítimas Feridas,Pleno dia,Decrescente,Céu Claro,Simples,Reta,Sim,2,0,1,0,1,0,1,2,"-8,19579864","-35,56962305",SPRF-PE,DEL02-PE,UOP02-DEL02PE
556886,2023-10-24,terça-feira,08:30:00,PE,232,"9,6",JABOATAO DOS GUARARAPES,Falta de elemento de contenção que evite a saída do leito carroçável,Saída de leito carroçável,Com Vítimas Feridas,Pleno dia,Decrescente,Céu Claro,Dupla,Reta,Não,1,0,0,1,0,0,1,1,"-8,07764447","-34,97863609",SPRF-PE,DEL01-PE,UOP01-DEL01-PE
556923,2023-10-24,terça-feira,12:00:00,PE,232,"7,7",RECIFE,Acessar a via sem observar a presença dos outros veículos,Colisão transversal,Com Vítimas Feridas,Pleno dia,Crescente,Sol,Dupla,Retorno Regulamentado;Curva   ,Sim,2,0,1,0,1,0,1,2,"-8,075039","-34,968102",SPRF-PE,DEL01-PE,UOP01-DEL01-PE
556941,2023-10-24,terça-feira,12:20:00,PE,101,"60,6",RECIFE,Ausência de reação do condutor,Colisão traseira,Com Vítimas Feridas,Pleno dia,Crescente,Céu Claro,Dupla,Reta;Retorno Regulamentado    ,Sim,2,0,1,0,1,0,1,2,"-7,98344307","-34,93176727",SPRF-PE,DEL01-PE,UOP02-DEL01-PE
556989,2023-10-24,terça-feira,18:20:00,PE,101,"61,6",RECIFE,Ultrapassagem Indevida,Colisão lateral sentido oposto,Com Vítimas Feridas,Plena Noite,Decrescente,Céu Claro,Simples,Curva,Não,3,0,2,0,1,0,2,2,"-7,997095","-34,939222",SPRF-PE,DEL01-PE,UOP02-DEL01-PE
557011,2023-10-24,terça-feira,18:41:00,PE,101,"203,3",XEXEU,Manobra de mudança de faixa,Colisão traseira,Sem Vítimas,Plena Noite,Decrescente,Céu Claro,Dupla,Declive;Curva                 ,Sim,2,0,0,0,2,0,0,2,"-8,79726501","-35,62641334",SPRF-PE,DEL01-PE,UOP03-DEL01-PE
557025,2023-10-12,quinta-feira,18:36:00,PE,101,78,RECIFE,Acessar a via sem observar a presença dos outros veículos,Colisão lateral mesmo sentido,Com Vítimas Feridas,Pleno dia,Crescente,Céu Claro,Dupla,Reta,Não,3,0,0,2,0,1,2,2,"-8,13496499","-34,94738614",SPRF-PE,DEL01-PE,UOP01-DEL01-PE
557044,2023-10-24,terça-feira,23:52:00,PE,232,409,SERRA TALHADA,Acesso irregular,Colisão transversal,Com Vítimas Feridas,Plena Noite,Crescente,Céu Claro,Múltipla,Declive;Reta                  ,Sim,2,0,1,1,0,0,2,2,"-7,981944","-38,289467",SPRF-PE,DEL04-PE,UOP01-DEL04-PE
557116,2023-10-25,quarta-feira,13:30:00,PE,101,43,IGARASSU,Acesso irregular,Colisão transversal,Com Vítimas Feridas,Pleno dia,Crescente,Céu Claro,Múltipla,Reta,Sim,2,0,1,0,1,0,1,2,"-7,84753808","-34,90977038",SPRF-PE,DEL01-PE,UOP02-DEL01-PE
557135,2023-10-25,quarta-feira,13:55:00,PE,101,68,RECIFE,Acumulo de óleo sobre o pavimento,Queda de ocupante de veículo,Com Vítimas Feridas,Pleno dia,Crescente,Céu Claro,Dupla,Rotatória,Sim,1,0,1,0,0,0,1,1,"-8,05074296","-34,94580619",SPRF-PE,DEL01-PE,UOP01-DEL01-PE
557148,2023-06-18,domingo,20:30:00,PE,428,86,SANTA MARIA DA BOA VISTA,Acessar a via sem observar a presença dos outros veículos,Colisão transversal,Com Vítimas Feridas,Plena Noite,Crescente,Céu Claro,Simples,Reta,Não,2,0,1,1,0,0,2,1,"-8,79150024","-39,84821709",SPRF-PE,DEL06-PE,UOP03-DEL06-PE
557153,2023-10-25,quarta-feira,16:20:00,PE,101,21,GOIANA,Animais na Pista,Tombamento,Com Vítimas Feridas,Pleno dia,Crescente,Céu Claro,Dupla,Reta,Não,1,0,0,1,0,0,1,1,"-7,667766","-34,93266",SPRF-PE,DEL01-PE,UOP02-DEL01-PE
557155,2023-10-25,quarta-feira,16:30:00,PE,101,72,RECIFE,Trafegar com motocicleta (ou similar) entre as faixas,Colisão lateral mesmo sentido,Com Vítimas Feridas,Pleno dia,Decrescente,Céu Claro,Dupla,Curva,Sim,1,0,1,0,0,0,1,1,"-8,08493106","-34,9450639",SPRF-PE,DEL01-PE,UOP01-DEL01-PE
557189,2023-10-25,quarta-feira,20:15:00,PE,101,"67,2",RECIFE,Reação tardia ou ineficiente do condutor,Colisão lateral mesmo sentido,Com Vítimas Feridas,Plena Noite,Crescente,Céu Claro,Dupla,Reta,Sim,3,0,0,1,2,0,1,3,"-8,042334","-34,943096",SPRF-PE,DEL01-PE,UOP01-DEL01-PE
557205,2023-09-30,sábado,23:43:00,PE,104,29,TORITAMA,Transitar na contramão,Saída de leito carroçável,Com Vítimas Feridas,Plena Noite,Decrescente,Céu Claro,Simples,Reta,Sim,2,0,1,1,0,0,2,2,"-8,0078","-36,0621",SPRF-PE,DEL02-PE,UOP01-DEL02-PE
557231,2023-10-26,quinta-feira,05:55:00,PE,423,"27,8",SAO CAITANO,Ausência de reação do condutor,Colisão frontal,Com Vítimas Feridas,Pleno dia,Crescente,Céu Claro,Simples,Reta,Não,3,0,2,0,1,0,2,2,"-8,39548998","-36,18077804",SPRF-PE,DEL03-PE,UOP02-DEL03-PE
557253,2023-10-26,quinta-feira,07:56:00,PE,232,410,SERRA TALHADA,Acesso irregular,Colisão lateral mesmo sentido,Com Vítimas Feridas,Pleno dia,Crescente,Céu Claro,Simples,Curva,Não,2,0,1,0,1,0,1,2,"-7,98261841","-38,30039606",SPRF-PE,DEL04-PE,UOP01-DEL04-PE
557316,2023-10-26,quinta-feira,15:00:00,PE,101,"49,3",ABREU E LIMA,Reação tardia ou ineficiente do condutor,Colisão traseira,Sem Vítimas,Pleno dia,Crescente,Céu Claro,Dupla,Reta;Declive                  ,Sim,2,0,0,0,2,0,0,2,"-7,9005152","-34,90180641",SPRF-PE,DEL01-PE,UOP02-DEL01-PE
557433,2023-10-27,sexta-feira,05:50:00,PE,101,"50,2",ABREU E LIMA,Condutor deixou de manter distância do veículo da frente,Colisão lateral mesmo sentido,Com Vítimas Feridas,Pleno dia,Crescente,Sol,Múltipla,Reta,Não,2,0,1,0,1,0,1,2,"-7,90938602","-34,90123228",SPRF-PE,DEL01-PE,UOP02-DEL01-PE
557463,2023-10-27,sexta-feira,04:10:00,PE,232,64,POMBOS,Demais falhas mecânicas ou elétricas,Incêndio,Sem Vítimas,Amanhecer,Crescente,Céu Claro,Dupla,Reta;Aclive                   ,Não,1,0,0,0,0,1,0,1,"-8,16152271","-35,43959107",SPRF-PE,DEL02-PE,UOP02-DEL02PE
557464,2023-10-27,sexta-feira,09:10:00,PE,101,"73,1",RECIFE,Reação tardia ou ineficiente do condutor,Colisão lateral mesmo sentido,Com Vítimas Feridas,Pleno dia,Crescente,Céu Claro,Dupla,Reta,Sim,2,0,1,0,1,0,1,2,"-8,094075","-34,948194",SPRF-PE,DEL01-PE,UOP01-DEL01-PE
557482,2023-10-27,sexta-feira,11:30:00,PE,232,"21,1",MORENO,Acessar a via sem observar a presença dos outros veículos,Colisão transversal,Com Vítimas Feridas,Pleno dia,Crescente,Céu Claro,Dupla,Reta;Retorno Regulamentado    ,Não,2,0,1,0,1,0,1,2,"-8,096423","-35,081226",SPRF-PE,DEL01-PE,UOP01-DEL01-PE
557526,2023-10-27,sexta-feira,15:40:00,PE,408,83,PAUDALHO,Manobra de mudança de faixa,Colisão lateral mesmo sentido,Com Vítimas Feridas,Pleno dia,Decrescente,Céu Claro,Dupla,Curva,Não,2,0,1,0,1,0,1,2,"-7,94549251","-35,11580722",SPRF-PE,DEL01-PE,UOP01-DEL01-PE
557565,2023-10-27,sexta-feira,18:35:00,PE,408,105,JABOATAO DOS GUARARAPES,Acessar a via sem observar a presença dos outros veículos,Colisão transversal,Sem Vítimas,Plena Noite,Crescente,Céu Claro,Dupla,Reta,Sim,2,0,0,0,1,1,0,2,"-8,07909391","-34,99166965",SPRF-PE,DEL01-PE,UOP01-DEL01-PE
557586,2023-10-27,sexta-feira,19:35:00,PE,424,"65,7",CAETES,Transitar na contramão,Colisão frontal,Com Vítimas Fatais,Plena Noite,Crescente,Céu Claro,Simples,Reta,Não,2,2,0,0,0,0,0,2,"-8,75649818","-36,65912706",SPRF-PE,DEL03-PE,UOP01-DEL03-PE
557631,2023-10-28,sábado,02:00:00,PE,101,45,IGARASSU,Ingestão de álcool pelo condutor,Colisão lateral mesmo sentido,Com Vítimas Feridas,Plena Noite,Decrescente,Nublado,Múltipla,Reta,Sim,3,0,2,0,1,0,2,2,"-7,867115","-34,907192",SPRF-PE,DEL01-PE,UOP02-DEL01-PE
557698,2023-10-28,sábado,10:30:00,PE,101,67,RECIFE,Condutor deixou de manter distância do veículo da frente,Colisão traseira,Com Vítimas Feridas,Pleno dia,Decrescente,Céu Claro,Dupla,Reta,Sim,2,0,1,0,1,0,1,2,"-8,042334","-34,943096",SPRF-PE,DEL01-PE,UOP01-DEL01-PE
557712,2023-10-28,sábado,13:30:00,PE,232,9,RECIFE,Ausência de reação do condutor,Colisão traseira,Com Vítimas Feridas,Pleno dia,Crescente,Céu Claro,Dupla,Reta,Sim,2,0,1,0,1,0,1,2,"-8,07764447","-34,97863609",SPRF-PE,DEL01-PE,UOP01-DEL01-PE
557714,2023-10-28,sábado,14:30:00,PE,101,44,IGARASSU,Reação tardia ou ineficiente do condutor,Colisão traseira,Com Vítimas Feridas,Pleno dia,Crescente,Céu Claro,Múltipla,Reta,Não,2,0,1,0,1,0,1,2,"-7,85637001","-34,90842109",SPRF-PE,DEL01-PE,UOP02-DEL01-PE
557927,2023-10-29,domingo,11:40:00,PE,101,39,IGARASSU,Reação tardia ou ineficiente do condutor,Saída de leito carroçável,Com Vítimas Feridas,Pleno dia,Decrescente,Céu Claro,Dupla,Reta;Retorno Regulamentado    ,Não,1,0,1,0,0,0,1,1,"-7,81606346","-34,91764069",SPRF-PE,DEL01-PE,UOP02-DEL01-PE
557973,2023-10-29,domingo,17:40:00,PE,423,"94,6",GARANHUNS,Acessar a via sem observar a presença dos outros veículos,Colisão transversal,Com Vítimas Feridas,Plena Noite,Crescente,Céu Claro,Simples,Reta,Não,4,0,2,0,2,0,2,2,"-8,874732","-36,46946",SPRF-PE,DEL03-PE,UOP01-DEL03-PE
558004,2023-10-29,domingo,19:00:00,PE,407,112,PETROLINA,Ausência de reação do condutor,Colisão traseira,Com Vítimas Feridas,Plena Noite,Decrescente,Céu Claro,Simples,Reta,Não,2,0,0,1,0,1,1,2,"-9,27560414","-40,59620723",SPRF-PE,DEL06-PE,UOP01-DEL06-PE
558040,2023-10-29,domingo,23:27:00,PE,101,46,IGARASSU,Ultrapassagem Indevida,Colisão lateral mesmo sentido,Com Vítimas Feridas,Plena Noite,Crescente,Céu Claro,Dupla,Reta,Sim,2,0,1,0,1,0,1,2,"-7,87406004","-34,90588126",SPRF-PE,DEL01-PE,UOP02-DEL01-PE
558048,2023-10-30,segunda-feira,00:50:00,PE,423,"58,3",LAJEDO,Animais na Pista,Atropelamento de Animal,Sem Vítimas,Plena Noite,Decrescente,Céu Claro,Simples,Reta,Não,2,0,0,0,1,1,0,2,"-8,6395899","-36,31006213",SPRF-PE,DEL03-PE,UOP01-DEL03-PE
558116,2023-10-25,quarta-feira,12:00:00,PE,232,57,POMBOS,Acessar a via sem observar a presença dos outros veículos,Colisão transversal,Com Vítimas Feridas,Pleno dia,Decrescente,Céu Claro,Dupla,Declive;Curva                 ,Sim,7,0,4,0,3,0,4,2,"-8,141943","-35,38276",SPRF-PE,DEL02-PE,UOP02-DEL02PE
558164,2023-10-30,segunda-feira,16:00:00,PE,232,253,ARCOVERDE,Ausência de reação do condutor,Colisão traseira,Com Vítimas Feridas,Pleno dia,Decrescente,Céu Claro,Simples,Reta,Sim,3,0,2,0,1,0,2,2,"-8,42522112","-37,07235809",SPRF-PE,DEL04-PE,UOP02-DEL04-PE
558179,2023-10-30,segunda-feira,18:40:00,PE,101,155,RIBEIRAO,Demais falhas mecânicas ou elétricas,Incêndio,Sem Vítimas,Plena Noite,Decrescente,Céu Claro,Simples,Interseção de Vias,Não,1,0,0,0,0,1,0,1,"-8,539471","-35,390788",SPRF-PE,DEL01-PE,UOP03-DEL01-PE
558322,2023-10-31,terça-feira,13:40:00,PE,232,409,SERRA TALHADA,Acessar a via sem observar a presença dos outros veículos,Colisão transversal,Com Vítimas Feridas,Pleno dia,Decrescente,Céu Claro,Simples,Retorno Regulamentado;Reta    ,Sim,2,0,1,0,0,1,1,2,"-7,981944","-38,289467",SPRF-PE,DEL04-PE,UOP01-DEL04-PE
558350,2023-10-31,terça-feira,17:45:00,PE,232,9,JABOATAO DOS GUARARAPES,Transitar no Acostamento,Colisão lateral mesmo sentido,Com Vítimas Feridas,Anoitecer,Crescente,Céu Claro,Dupla,Reta,Sim,3,0,2,0,1,0,2,2,"-8,078815","-34,985504",SPRF-PE,DEL01-PE,UOP01-DEL01-PE
558412,2023-10-31,terça-feira,23:10:00,PE,232,"75,4",GRAVATA,Animais na Pista,Atropelamento de Animal,Com Vítimas Feridas,Plena Noite,Crescente,Céu Claro,Dupla,Reta;Declive                  ,Sim,3,0,3,0,0,0,3,1,"-8,19737799","-35,525476",SPRF-PE,DEL02-PE,UOP02-DEL02PE
558419,2023-11-01,quarta-feira,03:30:00,PE,428,77,SANTA MARIA DA BOA VISTA,Ingestão de álcool pelo condutor,Capotamento,Com Vítimas Feridas,Plena Noite,Crescente,Céu Claro,Simples,Reta,Não,1,0,0,1,0,0,1,1,"-8,74230318","-39,79175091",SPRF-PE,DEL06-PE,UOP03-DEL06-PE
558433,2023-11-01,quarta-feira,05:25:00,PE,101,58,PAULISTA,Transitar no Acostamento,Colisão frontal,Com Vítimas Feridas,Amanhecer,Decrescente,Céu Claro,Dupla,Reta,Não,2,0,0,1,1,0,1,2,"-7,96346213","-34,91513486",SPRF-PE,DEL01-PE,UOP02-DEL01-PE
558462,2023-11-01,quarta-feira,10:20:00,PE,428,"176,8",PETROLINA,Reação tardia ou ineficiente do condutor,Colisão traseira,Com Vítimas Feridas,Pleno dia,Decrescente,Céu Claro,Simples,Reta,Não,3,0,1,0,2,0,1,3,"-9,2842098","-40,4416324",SPRF-PE,DEL06-PE,UOP01-DEL06-PE
558481,2023-11-01,quarta-feira,13:06:00,PE,232,22,MORENO,Reação tardia ou ineficiente do condutor,Colisão traseira,Com Vítimas Feridas,Pleno dia,Crescente,Céu Claro,Dupla,Reta,Não,2,0,0,1,1,0,1,2,"-8,09712273","-35,088592",SPRF-PE,DEL01-PE,UOP01-DEL01-PE