id,data_inversa,dia_semana,horario,uf,br,km,municipio,causa_acidente,tipo_acidente,classificacao_acidente,fase_dia,sentido_via,condicao_metereologica,tipo_pista,tracado_via,uso_solo,pessoas,mortos,feridos_leves,feridos_graves,ilesos,ignorados,feridos,veiculos,latitude,longitude,regional,delegacia,uop
558538,2023-11-01,quarta-feira,17:15:00,PE,232,"17,2",JABOATAO DOS GUARARAPES,Frear bruscamente,Colisão traseira,Com Vítimas Feridas,Anoitecer,Crescente,Céu Claro,Dupla,Reta,Não,2,0,1,0,1,0,1,2,"-8,09565202","-35,04581599",SPRF-PE,DEL01-PE,UOP01-DEL01-PE
558563,2023-11-01,quarta-feira,17:40:00,PE,232,"256,7",ARCOVERDE,Desrespeitar a preferência no cruzamento,Colisão transversal,Com Vítimas Feridas,Anoitecer,Crescente,Chuva,Simples,Reta,Sim,3,0,0,1,1,1,1,3,"-8,40988226","-37,09335003",SPRF-PE,DEL04-PE,UOP02-DEL04-PE
558583,2023-11-01,quarta-feira,18:20:00,PE,424,"79,6",GARANHUNS,Demais falhas mecânicas ou elétricas,Eventos atípicos,Sem Vítimas,Plena Noite,Crescente,Céu Claro,Simples,Reta;Declive                  ,Não,2,0,0,0,2,0,0,2,"-8,82538475","-36,55412583",SPRF-PE,DEL03-PE,UOP01-DEL03-PE
558589,2023-11-01,quarta-feira,18:34:00,PE,101,"194,9",PALMARES,Demais falhas mecânicas ou elétricas,Saída de leito carroçável,Com Vítimas Feridas,Plena Noite,Decrescente,Céu Claro,Dupla,Curva,Não,4,0,3,1,0,0,4,1,"-8,73032797","-35,60859916",SPRF-PE,DEL01-PE,UOP03-DEL01-PE
558635,2023-11-02,quinta-feira,01:15:00,PE,104,66,CARUARU,Ausência de reação do condutor,Queda de ocupante de veículo,Com Vítimas Feridas,Plena Noite,Crescente,Céu Claro,Simples,Curva,Sim,2,0,2,0,0,0,2,1,"-8,2937","-35,9864",SPRF-PE,DEL02-PE,UOP01-DEL02-PE
558675,2023-11-02,quinta-feira,06:50:00,PE,104,"63,7",CARUARU,Condutor deixou de manter distância do veículo da frente,Colisão traseira,Com Vítimas Feridas,Pleno dia,Decrescente,Céu Claro,Dupla,Reta,Sim,6,0,1,0,5,0,1,2,"-8,2698","-35,9803",SPRF-PE,DEL02-PE,UOP01-DEL02-PE
558689,2023-11-02,quinta-feira,10:24:00,PE,428,"175,7",PETROLINA,Condutor deixou de manter distância do veículo da frente,Colisão lateral mesmo sentido,Com Vítimas Feridas,Pleno dia,Decrescente,Céu Claro,Simples,Reta;Em Obras                 ,Não,2,0,1,0,1,0,1,2,"-9,26025696","-40,42934308",SPRF-PE,DEL06-PE,UOP01-DEL06-PE
558707,2023-11-02,quinta-feira,11:10:00,PE,101,"48,4",ABREU E LIMA,Reação tardia ou ineficiente do condutor,Colisão lateral mesmo sentido,Com Vítimas Feridas,Pleno dia,Decrescente,Sol,Múltipla,Reta,Sim,2,0,0,1,1,0,1,2,"-7,89174705","-34,9033493",SPRF-PE,DEL01-PE,UOP02-DEL01-PE
558760,2023-11-02,quinta-feira,18:20:00,PE,232,"81,7",GRAVATA,Ingestão de álcool pelo condutor,Colisão traseira,Com Vítimas Feridas,Plena Noite,Decrescente,Céu Claro,Simples,Reta,Sim,2,0,0,1,0,1,1,2,"-8,19697746","-35,57850408",SPRF-PE,DEL02-PE,UOP02-DEL02PE
558762,2023-11-02,quinta-feira,19:29:00,PE,116,18,SALGUEIRO,Acesso irregular,Saída de leito carroçável,Sem Vítimas,Plena Noite,Crescente,Céu Claro,Simples,Curva,Não,1,0,0,0,1,0,0,1,"-8,0003758","-39,145591",SPRF-PE,DEL05-PE,UOP01-DEL05-PE
558825,2023-11-03,sexta-feira,09:35:00,PE,101,"41,9",IGARASSU,Demais falhas mecânicas ou elétricas,Tombamento,Com Vítimas Feridas,Pleno dia,Decrescente,Céu Claro,Dupla,Curva,Não,1,0,0,1,0,0,1,1,"-7,8367835","-34,91235137",SPRF-PE,DEL01-PE,UOP02-DEL01-PE
558881,2023-11-03,sexta-feira,14:40:00,PE,408,"85,1",PAUDALHO,Condutor Dormindo,Saída de leito carroçável,Com Vítimas Feridas,Pleno dia,Decrescente,Céu Claro,Dupla,Aclive,Não,1,0,0,1,0,0,1,1,"-7,95430093","-35,10252793",SPRF-PE,DEL01-PE,UOP01-DEL01-PE
558935,2023-11-03,sexta-feira,19:00:00,PE,101,146,RIBEIRAO,Acessar a via sem observar a presença dos outros veículos,Colisão lateral mesmo sentido,Com Vítimas Feridas,Plena Noite,Decrescente,Céu Claro,Dupla,Reta,Não,5,0,0,1,3,1,1,2,"-8,46622318","-35,36918374",SPRF-PE,DEL01-PE,UOP03-DEL01-PE
558937,2023-11-03,sexta-feira,20:05:00,PE,101,70,RECIFE,Objeto estático sobre o leito carroçável,Colisão com objeto,Com Vítimas Fatais,Plena Noite,Crescente,Céu Claro,Múltipla,Reta,Sim,2,1,0,0,1,0,0,2,"-8,06776119","-34,94265074",SPRF-PE,DEL01-PE,UOP01-DEL01-PE
558940,2023-11-03,sexta-feira,19:15:00,PE,408,"35,4",ALIANCA,Ultrapassagem Indevida,Colisão lateral sentido oposto,Com Vítimas Feridas,Plena Noite,Decrescente,Céu Claro,Simples,Reta,Não,1,0,0,1,0,0,1,1,"-7,61111798","-35,23973919",SPRF-PE,DEL01-PE,UOP02-DEL01-PE
558942,2023-11-03,sexta-feira,19:25:00,PE,232,"411,7",SERRA TALHADA,Animais na Pista,Atropelamento de Animal,Com Vítimas Feridas,Plena Noite,Decrescente,Nublado,Simples,Reta;Declive                  ,Sim,1,0,1,0,0,0,1,1,"-7,97976163","-38,31087404",SPRF-PE,DEL04-PE,UOP01-DEL04-PE
558947,2023-11-03,sexta-feira,19:43:00,PE,232,"411,9",SERRA TALHADA,Pedestre andava na pista,Atropelamento de Pedestre,Com Vítimas Feridas,Plena Noite,Crescente,Nublado,Simples,Curva;Aclive                  ,Sim,4,0,0,2,2,0,2,2,"-7,97976163","-38,31087404",SPRF-PE,DEL04-PE,UOP01-DEL04-PE
559021,2023-11-04,sábado,08:00:00,PE,232,14,JABOATAO DOS GUARARAPES,Acumulo de areia ou detritos sobre o pavimento,Queda de ocupante de veículo,Com Vítimas Feridas,Pleno dia,Crescente,Céu Claro,Dupla,Interseção de Vias,Não,2,0,2,0,0,0,2,1,"-8,09025488","-35,02052302",SPRF-PE,DEL01-PE,UOP01-DEL01-PE
559064,2023-11-04,sábado,11:40:00,PE,101,54,PAULISTA,Manobra de mudança de faixa,Colisão transversal,Com Vítimas Feridas,Pleno dia,Crescente,Céu Claro,Dupla,Reta;Declive                  ,Não,6,0,0,4,2,0,4,4,"-7,948233","-34,906585",SPRF-PE,DEL01-PE,UOP02-DEL01-PE
559075,2023-11-04,sábado,10:30:00,PE,428,"172,7",PETROLINA,Acessar a via sem observar a presença dos outros veículos,Colisão transversal,Com Vítimas Feridas,Pleno dia,Decrescente,Nublado,Simples,Reta,Não,4,0,0,1,3,0,1,2,"-9,25212912","-40,42515725",SPRF-PE,DEL06-PE,UOP01-DEL06-PE
559091,2023-11-04,sábado,15:35:00,PE,101,69,RECIFE,Manobra de mudança de faixa,Colisão lateral mesmo sentido,Sem Vítimas,Pleno dia,Crescente,Céu Claro,Múltipla,Reta,Sim,2,0,0,0,2,0,0,2,"-8,061732","-34,945399",SPRF-PE,DEL01-PE,UOP01-DEL01-PE
559098,2023-11-04,sábado,16:29:00,PE,101,76,RECIFE,Manobra de mudança de faixa,Saída de leito carroçável,Com Vítimas Feridas,Pleno dia,Decrescente,Céu Claro,Dupla,Curva,Sim,2,0,1,0,0,1,1,2,"-8,11813811","-34,94329214",SPRF-PE,DEL01-PE,UOP01-DEL01-PE
559099,2023-11-04,sábado,16:40:00,PE,101,"65,9",RECIFE,Avarias e/ou desgaste excessivo no pneu,Queda de ocupante de veículo,Com Vítimas Feridas,Pleno dia,Crescente,Céu Claro,Dupla,Reta;Declive;Viaduto          ,Sim,2,0,1,1,0,0,2,1,"-8,02478597","-34,94276635",SPRF-PE,DEL01-PE,UOP01-DEL01-PE
559112,2023-11-04,sábado,17:00:00,PE,424,"101,3",BREJAO,Acessar a via sem observar a presença dos outros veículos,Colisão frontal,Com Vítimas Feridas,Pleno dia,Crescente,Céu Claro,Simples,Reta,Não,4,0,0,4,0,0,4,2,"-8,96537965","-36,51714353",SPRF-PE,DEL03-PE,UOP01-DEL03-PE
559116,2023-11-04,sábado,18:05:00,PE,101,70,RECIFE,Acessar a via sem observar a presença dos outros veículos,Colisão transversal,Com Vítimas Feridas,Plena Noite,Crescente,Céu Claro,Múltipla,Reta,Sim,2,0,2,0,0,0,2,2,"-8,07088043","-34,94257081",SPRF-PE,DEL01-PE,UOP01-DEL01-PE
559144,2023-11-04,sábado,20:16:00,PE,101,0,GOIANA,Ausência de reação do condutor,Tombamento,Com Vítimas Feridas,Plena Noite,Decrescente,Céu Claro,Dupla,Reta,Não,1,0,0,1,0,0,1,1,"-7,5001955","-34,985073",SPRF-PE,DEL01-PE,UOP02-DEL01-PE
559224,2023-11-05,domingo,07:45:00,PE,101,"42,2",IGARASSU,Pedestre andava na pista,Atropelamento de Pedestre,Sem Vítimas,Pleno dia,Crescente,Céu Claro,Múltipla,Reta,Sim,2,0,0,0,1,1,0,2,"-7,83887431","-34,91196739",SPRF-PE,DEL01-PE,UOP02-DEL01-PE
559235,2023-11-05,domingo,10:45:00,PE,101,"42,7",IGARASSU,Manobra de mudança de faixa,Colisão transversal,Com Vítimas Feridas,Pleno dia,Crescente,Céu Claro,Múltipla,Reta,Sim,3,0,0,2,1,0,2,2,"-7,83887431","-34,91196739",SPRF-PE,DEL01-PE,UOP02-DEL01-PE
559247,2023-11-05,domingo,11:40:00,PE,316,"326,4",FLORESTA,Acessar a via sem observar a presença dos outros veículos,Colisão transversal,Com Vítimas Feridas,Pleno dia,Decrescente,Céu Claro,Simples,Reta,Não,2,0,0,1,1,0,1,2,"-8,7357162","-38,44315001",SPRF-PE,DEL04-PE,UOP03-DEL04-PE
559258,2023-08-30,quarta-feira,07:40:00,PE,101,"56,7",RECIFE,Ausência de reação do condutor,Colisão traseira,Com Vítimas Feridas,Pleno dia,Crescente,Céu Claro,Dupla,Retorno Regulamentado;Reta    ,Sim,2,0,0,1,0,1,1,2,"-7,96275617","-34,91503358",SPRF-PE,DEL01-PE,UOP02-DEL01-PE
559330,2023-11-05,domingo,14:30:00,PE,101,"95,9",CABO DE SANTO AGOSTINHO,Velocidade Incompatível,Saída de leito carroçável,Sem Vítimas,Pleno dia,Decrescente,Céu Claro,Dupla,Reta,Sim,4,0,0,0,1,3,0,1,"-8,25099","-35,01426",SPRF-PE,DEL01-PE,UOP03-DEL01-PE
559331,2023-11-05,domingo,18:19:00,PE,101,"51,3",ABREU E LIMA,Ausência de reação do condutor,Tombamento,Sem Vítimas,Plena Noite,Decrescente,Céu Claro,Múltipla,Reta,Sim,1,0,0,0,0,1,0,1,"-7,9169968","-34,89689272",SPRF-PE,DEL01-PE,UOP02-DEL01-PE
559345,2023-11-05,domingo,17:50:00,PE,232,62,POMBOS,Ausência de reação do condutor,Queda de ocupante de veículo,Com Vítimas Feridas,Plena Noite,Decrescente,Céu Claro,Dupla,Declive,Não,1,0,0,1,0,0,1,1,"-8,15598579","-35,42308007",SPRF-PE,DEL02-PE,UOP02-DEL02PE
559348,2023-11-05,domingo,19:42:00,PE,232,134,CARUARU,Ingestão de álcool pelo condutor,Saída de leito carroçável,Com Vítimas Feridas,Plena Noite,Crescente,Céu Claro,Dupla,Reta,Sim,1,0,1,0,0,0,1,1,"-8,30853497","-36,02442101",SPRF-PE,DEL02-PE,UOP01-DEL02-PE
559373,2023-11-05,domingo,20:00:00,PE,101,71,RECIFE,Ausência de reação do condutor,Atropelamento de Pedestre,Com Vítimas Feridas,Plena Noite,Crescente,Céu Claro,Dupla,Reta,Sim,3,0,2,1,0,0,3,2,"-8,07986935","-34,94322896",SPRF-PE,DEL01-PE,UOP01-DEL01-PE
559429,2023-11-06,segunda-feira,05:10:00,PE,316,"83,4",OURICURI,Condutor Dormindo,Saída de leito carroçável,Sem Vítimas,Pleno dia,Crescente,Nublado,Simples,Curva;Aclive                  ,Sim,1,0,0,0,1,0,0,1,"-7,87885582","-40,07803917",SPRF-PE,DEL05-PE,UOP02-DEL05-PE
559462,2023-10-21,sábado,22:56:00,PE,232,194,SANHARO,Ausência de reação do condutor,Colisão traseira,Sem Vítimas,Plena Noite,Crescente,Céu Claro,Simples,Reta,Sim,2,0,0,0,1,1,0,2,"-8,36209062","-36,55441109",SPRF-PE,DEL03-PE,UOP02-DEL03-PE
559469,2023-11-06,segunda-feira,08:30:00,PE,101,"49,9",ABREU E LIMA,Desrespeitar a preferência no cruzamento,Colisão lateral mesmo sentido,Sem Vítimas,Pleno dia,Crescente,Céu Claro,Múltipla,Reta,Não,3,0,0,0,1,2,0,3,"-7,9005152","-34,90180641",SPRF-PE,DEL01-PE,UOP02-DEL01-PE
559516,2023-10-27,sexta-feira,12:39:00,PE,316,138,PARNAMIRIM,Ausência de reação do condutor,Colisão lateral mesmo sentido,Com Vítimas Feridas,Pleno dia,Decrescente,Céu Claro,Simples,Reta,Não,2,0,0,1,1,0,1,2,"-8,07244395","-39,63309298",SPRF-PE,DEL05-PE,UOP02-DEL05-PE
559562,2023-11-06,segunda-feira,17:40:00,PE,101,148,RIBEIRAO,Reação tardia ou ineficiente do condutor,Colisão traseira,Com Vítimas Feridas,Anoitecer,Crescente,Céu Claro,Dupla,Reta,Não,3,0,1,1,1,0,2,2,"-8,48336698","-35,37204035",SPRF-PE,DEL01-PE,UOP03-DEL01-PE
559569,2023-11-06,segunda-feira,16:30:00,PE,232,59,POMBOS,Condutor deixou de manter distância do veículo da frente,Colisão traseira,Com Vítimas Feridas,Amanhecer,Crescente,Céu Claro,Múltipla,Reta,Não,2,0,0,1,1,0,1,2,"-8,1471233","-35,39890998",SPRF-PE,DEL02-PE,UOP02-DEL02PE
559577,2023-11-06,segunda-feira,18:21:00,PE,101,63,RECIFE,Entrada inopinada do pedestre,Atropelamento de Pedestre,Com Vítimas Feridas,Plena Noite,Decrescente,Céu Claro,Simples,Viaduto;Interseção de Vias;Rot,Sim,3,0,0,1,1,1,1,2,"-8,00800604","-34,93756535",SPRF-PE,DEL01-PE,UOP01-DEL01-PE
559698,2023-11-07,terça-feira,13:00:00,PE,232,129,CARUARU,Ausência de reação do condutor,Capotamento,Com Vítimas Feridas,Pleno dia,Crescente,Céu Claro,Dupla,Reta,Não,2,0,2,0,0,0,2,1,"-8,30193507","-35,98092002",SPRF-PE,DEL02-PE,UOP01-DEL02-PE
559736,2023-11-07,terça-feira,13:40:00,PE,408,"33,5",ALIANCA,Acessar a via sem observar a presença dos outros veículos,Colisão transversal,Com Vítimas Feridas,Pleno dia,Decrescente,Céu Claro,Simples,Reta;Interseção de Vias;Rotató,Não,2,0,1,0,1,0,1,2,"-7,599334","-35,242341",SPRF-PE,DEL01-PE,UOP02-DEL01-PE
559796,2023-11-07,terça-feira,21:53:00,PE,104,"30,5",TORITAMA,Acessar a via sem observar a presença dos outros veículos,Colisão transversal,Com Vítimas Feridas,Plena Noite,Decrescente,Céu Claro,Simples,Rotatória,Sim,3,0,2,0,1,0,2,2,"-8,0137","-36,0565",SPRF-PE,DEL02-PE,UOP01-DEL02-PE
559808,2023-11-07,terça-feira,21:57:00,PE,101,"60,8",RECIFE,Transitar no Acostamento,Colisão com objeto,Com Vítimas Feridas,Plena Noite,Decrescente,Céu Claro,Dupla,Reta,Sim,1,0,0,1,0,0,1,1,"-7,989414","-34,934679",SPRF-PE,DEL01-PE,UOP02-DEL01-PE
559860,2023-11-08,quarta-feira,08:39:00,PE,232,"123,3",CARUARU,Acessar a via sem observar a presença dos outros veículos,Colisão traseira,Com Vítimas Feridas,Pleno dia,Decrescente,Céu Claro,Dupla,Reta;Retorno Regulamentado    ,Sim,2,0,1,0,1,0,1,2,"-8,30544212","-35,93227208",SPRF-PE,DEL02-PE,UOP01-DEL02-PE
559876,2023-11-08,quarta-feira,08:57:00,PE,232,211,PESQUEIRA,Acessar a via sem observar a presença dos outros veículos,Colisão transversal,Com Vítimas Feridas,Pleno dia,Decrescente,Céu Claro,Simples,Reta,Sim,2,0,1,0,1,0,1,2,"-8,36899532","-36,70578682",SPRF-PE,DEL03-PE,UOP02-DEL03-PE
559886,2023-11-08,quarta-feira,11:25:00,PE,101,"70,7",RECIFE,Condutor deixou de manter distância do veículo da frente,Colisão traseira,Com Vítimas Feridas,Pleno dia,Decrescente,Céu Claro,Dupla,Reta,Sim,3,0,2,0,1,0,2,2,"-8,074254","-34,942591",SPRF-PE,DEL01-PE,UOP01-DEL01-PE
559895,2023-11-08,quarta-feira,08:22:00,PE,232,508,SALGUEIRO,Transitar no Acostamento,Colisão transversal,Com Vítimas Feridas,Pleno dia,Decrescente,Sol,Simples,Reta,Sim,3,0,1,0,2,0,1,2,"-8,06223271","-39,12095006",SPRF-PE,DEL05-PE,UOP01-DEL05-PE
559896,2023-08-07,segunda-feira,00:15:00,PE,232,9,JABOATAO DOS GUARARAPES,Ingestão de álcool pelo condutor,Saída de leito carroçável,Com Vítimas Feridas,Plena Noite,Crescente,Céu Claro,Múltipla,Reta,Sim,2,0,0,2,0,0,2,1,"-8,07764447","-34,97863609",SPRF-PE,DEL01-PE,UOP01-DEL01-PE
559901,2023-11-08,quarta-feira,13:15:00,PE,101,57,PAULISTA,Reação tardia ou ineficiente do condutor,Tombamento,Com Vítimas Feridas,Pleno dia,Crescente,Céu Claro,Dupla,Reta,Não,1,0,1,0,0,0,1,1,"-7,96346213","-34,91513486",SPRF-PE,DEL01-PE,UOP02-DEL01-PE
559923,2023-11-08,quarta-feira,14:55:00,PE,101,70,RECIFE,Condutor deixou de manter distância do veículo da frente,Colisão traseira,Com Vítimas Feridas,Pleno dia,Crescente,Céu Claro,Dupla,Reta,Não,2,0,1,0,1,0,1,2,"-8,06776119","-34,94265074",SPRF-PE,DEL01-PE,UOP01-DEL01-PE
559953,2023-11-08,quarta-feira,16:20:00,PE,101,45,IGARASSU,Ausência de reação do condutor,Colisão transversal,Com Vítimas Feridas,Pleno dia,Crescente,Céu Claro,Múltipla,Reta;Declive                  ,Sim,3,0,0,1,1,1,1,3,"-7,86511416","-34,90730882",SPRF-PE,DEL01-PE,UOP02-DEL01-PE
559978,2023-11-08,quarta-feira,18:10:00,PE,101,"70,3",RECIFE,Ausência de reação do condutor,Colisão lateral mesmo sentido,Com Vítimas Feridas,Plena Noite,Decrescente,Céu Claro,Múltipla,Reta,Sim,2,0,1,0,1,0,1,2,"-8,070849","-34,942424",SPRF-PE,DEL01-PE,UOP01-DEL01-PE
559985,2023-11-08,quarta-feira,18:50:00,PE,101,78,RECIFE,Manobra de mudança de faixa,Colisão lateral mesmo sentido,Com Vítimas Feridas,Plena Noite,Decrescente,Céu Claro,Dupla,Reta,Sim,3,0,1,1,0,1,2,2,"-8,128392","-34,943858",SPRF-PE,DEL01-PE,UOP01-DEL01-PE
559992,2023-11-08,quarta-feira,18:14:00,PE,408,26,TIMBAUBA,Manobra de mudança de faixa,Colisão transversal,Com Vítimas Feridas,Plena Noite,Crescente,Céu Claro,Simples,Reta,Não,2,0,1,0,0,1,1,2,"-7,52257159","-35,29948406",SPRF-PE,DEL01-PE,UOP02-DEL01-PE
560027,2023-11-09,quinta-feira,02:29:00,PE,232,509,SALGUEIRO,Reação tardia ou ineficiente do condutor,Colisão traseira,Sem Vítimas,Plena Noite,Crescente,Céu Claro,Simples,Reta,Sim,3,0,0,0,3,0,0,2,"-8,06449154","-39,1298447",SPRF-PE,DEL05-PE,UOP01-DEL05-PE
560036,2023-04-17,segunda-feira,07:42:00,PE,101,"57,5",PAULISTA,Declive acentuado,Colisão traseira,Com Vítimas Feridas,Pleno dia,Crescente,Céu Claro,Dupla,Declive,Sim,2,0,2,0,0,0,2,2,"-7,96346213","-34,91513486",SPRF-PE,DEL01-PE,UOP02-DEL01-PE
560063,2023-11-09,quinta-feira,07:46:00,PE,232,"333,6",CUSTODIA,Manobra de mudança de faixa,Colisão transversal,Com Vítimas Feridas,Pleno dia,Decrescente,Céu Claro,Simples,Reta,Sim,2,0,0,1,1,0,1,2,"-8,0886886","-37,62796997",SPRF-PE,DEL04-PE,UOP02-DEL04-PE
560071,2023-10-28,sábado,17:40:00,PE,101,48,ABREU E LIMA,Ausência de reação do condutor,Colisão traseira,Com Vítimas Feridas,Anoitecer,Crescente,Ignorado,Múltipla,Reta,Sim,2,0,1,0,0,1,1,2,"-7,89272139","-34,90348399",SPRF-PE,DEL01-PE,UOP02-DEL01-PE
560078,2023-11-09,quinta-feira,08:00:00,PE,428,187,PETROLINA,Acessar a via sem observar a presença dos outros veículos,Colisão frontal,Com Vítimas Feridas,Pleno dia,Crescente,Sol,Simples,Reta,Sim,2,0,1,0,1,0,1,2,"-9,36472406","-40,48461914",SPRF-PE,DEL06-PE,UOP01-DEL06-PE
560079,2023-11-09,quinta-feira,10:30:00,PE,423,84,SAO JOAO,Reação tardia ou ineficiente do condutor,Engavetamento,Com Vítimas Feridas,Pleno dia,Decrescente,Céu Claro,Simples,Reta;Declive                  ,Não,3,0,0,1,2,0,1,3,"-8,798195","-36,43809",SPRF-PE,DEL03-PE,UOP01-DEL03-PE
560100,2023-11-08,quarta-feira,22:30:00,PE,232,409,SERRA TALHADA,Condutor desrespeitou a iluminação vermelha do semáforo,Colisão transversal,Com Vítimas Feridas,Plena Noite,Decrescente,Céu Claro,Simples,Interseção de Vias,Sim,3,0,1,0,2,0,1,2,"-7,981944","-38,289467",SPRF-PE,DEL04-PE,UOP01-DEL04-PE
560141,2023-11-09,quinta-feira,18:20:00,PE,101,73,RECIFE,Condutor deixou de manter distância do veículo da frente,Colisão transversal,Com Vítimas Feridas,Plena Noite,Decrescente,Céu Claro,Dupla,Reta;Retorno Regulamentado    ,Sim,3,0,1,0,1,1,1,2,"-8,093369","-34,947464",SPRF-PE,DEL01-PE,UOP01-DEL01-PE
560162,2023-10-03,terça-feira,15:20:00,PE,232,147,SAO CAITANO,Ausência de reação do condutor,Colisão transversal,Com Vítimas Feridas,Pleno dia,Crescente,Céu Claro,Dupla,Reta;Interseção de Vias;Viadut,Sim,2,0,0,1,1,0,1,2,"-8,332745","-36,138514",SPRF-PE,DEL03-PE,UOP02-DEL03-PE
560277,2023-11-10,sexta-feira,09:30:00,PE,104,"36,7",CARUARU,Velocidade Incompatível,Colisão traseira,Com Vítimas Feridas,Pleno dia,Crescente,Céu Claro,Dupla,Reta;Aclive                   ,Não,4,0,3,0,0,1,3,2,"-8,052739","-36,049232",SPRF-PE,DEL02-PE,UOP01-DEL02-PE
560297,2023-10-31,terça-feira,18:15:00,PE,101,59,RECIFE,Manobra de mudança de faixa,Colisão lateral mesmo sentido,Com Vítimas Feridas,Plena Noite,Crescente,Céu Claro,Dupla,Reta,Sim,3,0,2,0,0,1,2,2,"-7,97708575","-34,92607318",SPRF-PE,DEL01-PE,UOP02-DEL01-PE
560304,2023-10-29,domingo,23:30:00,PE,101,46,IGARASSU,Pedestre andava na pista,Atropelamento de Pedestre,Com Vítimas Feridas,Plena Noite,Decrescente,Céu Claro,Múltipla,Reta,Sim,2,0,0,1,0,1,1,2,"-7,87406004","-34,90588126",SPRF-PE,DEL01-PE,UOP02-DEL01-PE
560366,2023-11-10,sexta-feira,17:15:00,PE,232,133,CARUARU,Manobra de mudança de faixa,Colisão traseira,Com Vítimas Feridas,Pleno dia,Crescente,Nublado,Dupla,Reta;Aclive                   ,Sim,3,0,1,0,2,0,1,2,"-8,30607988","-36,01576003",SPRF-PE,DEL02-PE,UOP01-DEL02-PE
560367,2023-11-10,sexta-feira,15:20:00,PE,101,105,CABO DE SANTO AGOSTINHO,Ausência de reação do condutor,Capotamento,Com Vítimas Feridas,Pleno dia,Decrescente,Céu Claro,Dupla,Curva,Não,4,0,2,0,2,0,2,1,"-8,29241321","-35,05598304",SPRF-PE,DEL01-PE,UOP03-DEL01-PE
560385,2023-11-10,sexta-feira,19:00:00,PE,101,"68,4",RECIFE,Manobra de mudança de faixa,Queda de ocupante de veículo,Com Vítimas Feridas,Plena Noite,Crescente,Céu Claro,Múltipla,Viaduto,Sim,2,0,0,1,0,1,1,2,"-8,054254","-34,946411",SPRF-PE,DEL01-PE,UOP01-DEL01-PE
560409,2023-11-10,sexta-feira,19:44:00,PE,232,67,GRAVATA,Reação tardia ou ineficiente do condutor,Colisão lateral mesmo sentido,Com Vítimas Feridas,Plena Noite,Decrescente,Céu Claro,Dupla,Reta,Não,2,0,0,1,1,0,1,2,"-8,16727986","-35,464311",SPRF-PE,DEL02-PE,UOP02-DEL02PE
560420,2023-11-10,sexta-feira,21:15:00,PE,104,"33,9",CARUARU,Ingestão de álcool pelo condutor,Saída de leito carroçável,Com Vítimas Feridas,Plena Noite,Decrescente,Céu Claro,Dupla,Reta,Não,1,0,0,1,0,0,1,1,"-8,026115","-36,053188",SPRF-PE,DEL02-PE,UOP01-DEL02-PE
560430,2023-11-10,sexta-feira,21:30:00,PE,232,"60,7",POMBOS,Reação tardia ou ineficiente do condutor,Saída de leito carroçável,Com Vítimas Feridas,Plena Noite,Crescente,Céu Claro,Dupla,Curva;Aclive                  ,Não,2,0,0,2,0,0,2,1,"-8,14788448","-35,40768085",SPRF-PE,DEL02-PE,UOP02-DEL02PE
560441,2023-11-10,sexta-feira,21:00:00,PE,104,22,TAQUARITINGA DO NORTE,Ingestão de álcool pelo condutor,Colisão traseira,Sem Vítimas,Plena Noite,Crescente,Céu Claro,Simples,Curva;Em Obras                ,Não,2,0,0,0,2,0,0,2,"-7,967257","-36,116974",SPRF-PE,DEL02-PE,UOP01-DEL02-PE
560518,2023-11-11,sábado,09:20:00,PE,104,"60,5",CARUARU,Transitar na contramão,Colisão transversal,Com Vítimas Feridas,Pleno dia,Decrescente,Céu Claro,Dupla,Reta;Aclive;Retorno Regulament,Sim,3,0,2,1,0,0,3,2,"-8,2438","-35,9752",SPRF-PE,DEL02-PE,UOP01-DEL02-PE
560526,2023-11-11,sábado,08:50:00,PE,232,"35,8",MORENO,Problema com o freio,Queda de ocupante de veículo,Com Vítimas Feridas,Pleno dia,Crescente,Céu Claro,Dupla,Reta,Não,1,0,1,0,0,0,1,1,"-8,10907341","-35,19256991",SPRF-PE,DEL01-PE,UOP01-DEL01-PE
560560,2023-04-29,sábado,21:38:00,PE,232,483,VERDEJANTE,Transitar na contramão,Colisão lateral sentido oposto,Com Vítimas Feridas,Plena Noite,Decrescente,Garoa/Chuvisco,Simples,Reta;Ponte                    ,Sim,3,0,0,2,1,0,2,2,"-8,00761503","-38,91459501",SPRF-PE,DEL05-PE,UOP01-DEL05-PE
560561,2023-11-11,sábado,11:00:00,PE,232,130,CARUARU,Condutor deixou de manter distância do veículo da frente,Colisão lateral mesmo sentido,Com Vítimas Feridas,Pleno dia,Crescente,Céu Claro,Dupla,Reta;Em Obras                 ,Sim,2,0,1,0,1,0,1,2,"-8,29955","-35,992045",SPRF-PE,DEL02-PE,UOP01-DEL02-PE