id,data_inversa,dia_semana,horario,uf,br,km,municipio,causa_acidente,tipo_acidente,classificacao_acidente,fase_dia,sentido_via,condicao_metereologica,tipo_pista,tracado_via,uso_solo,pessoas,mortos,feridos_leves,feridos_graves,ilesos,ignorados,feridos,veiculos,latitude,longitude,regional,delegacia,uop
560590,2023-11-11,sábado,14:56:00,PE,101,73,RECIFE,Ausência de reação do condutor,Colisão lateral mesmo sentido,Com Vítimas Feridas,Pleno dia,Decrescente,Céu Claro,Dupla,Curva,Não,2,0,1,0,1,0,1,2,"-8,093369","-34,947464",SPRF-PE,DEL01-PE,UOP01-DEL01-PE
560601,2023-11-11,sábado,15:25:00,PE,101,72,RECIFE,Reação tardia ou ineficiente do condutor,Colisão traseira,Com Vítimas Feridas,Pleno dia,Crescente,Céu Claro,Dupla,Reta,Sim,3,0,1,0,1,1,1,3,"-8,08493106","-34,9450639",SPRF-PE,DEL01-PE,UOP01-DEL01-PE
560623,2023-11-11,sábado,16:30:00,PE,101,44,IGARASSU,Ausência de reação do condutor,Colisão traseira,Sem Vítimas,Pleno dia,Crescente,Céu Claro,Múltipla,Reta,Sim,3,0,0,0,3,0,0,2,"-7,85637001","-34,90842109",SPRF-PE,DEL01-PE,UOP02-DEL01-PE
560695,2023-11-11,sábado,21:50:00,PE,428,"189,7",PETROLINA,Ausência de reação do condutor,Colisão traseira,Com Vítimas Feridas,Plena Noite,Crescente,Céu Claro,Múltipla,Reta,Sim,2,0,2,0,0,0,2,2,"-9,377732","-40,50401",SPRF-PE,DEL06-PE,UOP01-DEL06-PE
560704,2023-11-11,sábado,23:20:00,PE,424,47,VENTUROSA,Ausência de reação do condutor,Colisão com objeto,Sem Vítimas,Plena Noite,Crescente,Céu Claro,Simples,Declive;Curva                 ,Não,1,0,0,0,0,1,0,1,"-8,69835023","-36,78668889",SPRF-PE,DEL03-PE,UOP01-DEL03-PE
560707,2023-11-12,domingo,00:44:00,PE,232,137,CARUARU,Ingestão de álcool pelo condutor,Capotamento,Sem Vítimas,Plena Noite,Decrescente,Céu Claro,Dupla,Reta;Declive                  ,Não,2,0,0,0,1,1,0,2,"-8,31589863","-36,05040211",SPRF-PE,DEL02-PE,UOP01-DEL02-PE
560729,2023-11-12,domingo,03:08:00,PE,408,25,TIMBAUBA,Transitar na contramão,Colisão frontal,Com Vítimas Feridas,Amanhecer,Crescente,Céu Claro,Dupla,Reta,Não,2,0,1,0,1,0,1,2,"-7,52257159","-35,29948406",SPRF-PE,DEL01-PE,UOP02-DEL01-PE
560737,2023-11-12,domingo,05:50:00,PE,101,42,IGARASSU,Velocidade Incompatível,Colisão traseira,Com Vítimas Feridas,Pleno dia,Decrescente,Céu Claro,Múltipla,Reta,Sim,2,0,1,0,0,1,1,2,"-7,83887431","-34,91196739",SPRF-PE,DEL01-PE,UOP02-DEL01-PE
560799,2023-11-12,domingo,12:10:00,PE,232,"214,8",PESQUEIRA,Condutor deixou de manter distância do veículo da frente,Colisão lateral mesmo sentido,Com Vítimas Feridas,Pleno dia,Decrescente,Céu Claro,Simples,Reta,Não,2,0,1,1,0,0,2,2,"-8,3804455","-36,73076279",SPRF-PE,DEL03-PE,UOP02-DEL03-PE
560833,2023-11-12,domingo,16:25:00,PE,101,82,JABOATAO DOS GUARARAPES,Condutor deixou de manter distância do veículo da frente,Colisão traseira,Com Vítimas Feridas,Pleno dia,Crescente,Céu Claro,Dupla,Reta,Sim,2,0,1,0,1,0,1,2,"-8,168383","-34,9376",SPRF-PE,DEL01-PE,UOP01-DEL01-PE
560851,2023-11-12,domingo,18:00:00,PE,423,73,JUPI,Ingestão de álcool pelo condutor,Colisão traseira,Com Vítimas Feridas,Plena Noite,Crescente,Céu Claro,Simples,Reta,Não,6,0,1,0,5,0,1,2,"-8,709851","-36,41926432",SPRF-PE,DEL03-PE,UOP01-DEL03-PE
560897,2023-11-12,domingo,18:30:00,PE,232,253,ARCOVERDE,Reação tardia ou ineficiente do condutor,Tombamento,Com Vítimas Feridas,Plena Noite,Decrescente,Céu Claro,Simples,Reta,Sim,2,0,2,0,0,0,2,1,"-8,42522112","-37,07235809",SPRF-PE,DEL04-PE,UOP02-DEL04-PE
560902,2023-11-12,domingo,18:50:00,PE,232,"54,7",POMBOS,Pedestre andava na pista,Atropelamento de Pedestre,Com Vítimas Feridas,Plena Noite,Decrescente,Céu Claro,Dupla,Curva,Não,3,0,1,1,0,1,2,2,"-8,12919504","-35,35716398",SPRF-PE,DEL02-PE,UOP02-DEL02PE
560908,2023-11-12,domingo,20:25:00,PE,101,"64,3",RECIFE,Manobra de mudança de faixa,Colisão traseira,Com Vítimas Feridas,Plena Noite,Decrescente,Céu Claro,Dupla,Reta,Sim,2,0,0,1,1,0,1,2,"-8,01887","-34,942196",SPRF-PE,DEL01-PE,UOP01-DEL01-PE
560922,2023-11-12,domingo,21:00:00,PE,232,"114,2",CARUARU,Manobra de mudança de faixa,Saída de leito carroçável,Com Vítimas Feridas,Plena Noite,Decrescente,Céu Claro,Dupla,Reta,Sim,3,0,1,0,2,0,1,2,"-8,29957441","-35,85413933",SPRF-PE,DEL02-PE,UOP02-DEL02PE
560955,2023-11-12,domingo,19:15:00,PE,232,"506,5",SALGUEIRO,Ultrapassagem Indevida,Colisão frontal,Com Vítimas Feridas,Plena Noite,Decrescente,Céu Claro,Simples,Reta,Sim,2,0,0,1,1,0,1,2,"-8,05986546","-39,10271397",SPRF-PE,DEL05-PE,UOP01-DEL05-PE
560965,2023-11-12,domingo,23:30:00,PE,101,"3,8",GOIANA,Condutor Dormindo,Tombamento,Com Vítimas Feridas,Plena Noite,Crescente,Céu Claro,Dupla,Reta;Declive                  ,Não,5,0,2,0,3,0,2,1,"-7,531382","-34,991609",SPRF-PE,DEL01-PE,UOP02-DEL01-PE
560996,2023-11-13,segunda-feira,07:20:00,PE,101,75,RECIFE,Condutor deixou de manter distância do veículo da frente,Colisão traseira,Com Vítimas Feridas,Pleno dia,Crescente,Céu Claro,Dupla,Reta,Não,2,0,0,1,1,0,1,2,"-8,115113","-34,944698",SPRF-PE,DEL01-PE,UOP01-DEL01-PE
560998,2023-11-13,segunda-feira,06:45:00,PE,101,"70,9",RECIFE,Pedestre cruzava a pista fora da faixa,Atropelamento de Pedestre,Com Vítimas Feridas,Pleno dia,Crescente,Céu Claro,Dupla,Reta,Sim,3,0,1,2,0,0,3,2,"-8,075791","-34,942934",SPRF-PE,DEL01-PE,UOP01-DEL01-PE
561004,2023-11-13,segunda-feira,07:15:00,PE,428,"184,5",PETROLINA,Manobra de mudança de faixa,Colisão lateral mesmo sentido,Com Vítimas Feridas,Pleno dia,Crescente,Céu Claro,Dupla,Retorno Regulamentado,Não,2,0,1,0,1,0,1,2,"-9,33211208","-40,46621385",SPRF-PE,DEL06-PE,UOP01-DEL06-PE
561012,2023-11-12,domingo,20:24:00,PE,232,256,ARCOVERDE,Animais na Pista,Atropelamento de Animal,Com Vítimas Fatais,Plena Noite,Crescente,Céu Claro,Simples,Reta,Não,1,1,0,0,0,0,0,1,"-8,409643","-37,095013",SPRF-PE,DEL04-PE,UOP02-DEL04-PE
561020,2023-11-13,segunda-feira,09:00:00,PE,101,74,RECIFE,Ausência de reação do condutor,Tombamento,Com Vítimas Feridas,Pleno dia,Crescente,Céu Claro,Dupla,Curva,Sim,1,0,0,1,0,0,1,1,"-8,10146485","-34,94901577",SPRF-PE,DEL01-PE,UOP01-DEL01-PE
561049,2023-11-13,segunda-feira,11:14:00,PE,101,"130,3",ESCADA,Velocidade Incompatível,Colisão traseira,Com Vítimas Feridas,Pleno dia,Crescente,Céu Claro,Dupla,Reta,Sim,3,0,3,0,0,0,3,2,"-8,392345","-35,257055",SPRF-PE,DEL01-PE,UOP03-DEL01-PE
561050,2023-11-13,segunda-feira,10:48:00,PE,101,65,RECIFE,Acessar a via sem observar a presença dos outros veículos,Colisão lateral mesmo sentido,Com Vítimas Feridas,Pleno dia,Crescente,Céu Claro,Dupla,Reta,Sim,2,0,2,0,0,0,2,2,"-8,02476","-34,94305",SPRF-PE,DEL01-PE,UOP01-DEL01-PE
561054,2023-11-13,segunda-feira,10:15:00,PE,232,"114,9",CARUARU,Ausência de reação do condutor,Saída de leito carroçável,Com Vítimas Feridas,Pleno dia,Crescente,Céu Claro,Dupla,Curva,Não,1,0,1,0,0,0,1,1,"-8,30028529","-35,84905306",SPRF-PE,DEL02-PE,UOP02-DEL02PE
561081,2023-11-13,segunda-feira,12:50:00,PE,101,50,ABREU E LIMA,Entrada inopinada do pedestre,Atropelamento de Pedestre,Com Vítimas Feridas,Pleno dia,Crescente,Céu Claro,Dupla,Reta,Sim,3,0,1,0,1,1,1,2,"-7,90938602","-34,90123228",SPRF-PE,DEL01-PE,UOP02-DEL01-PE
561116,2023-11-13,segunda-feira,17:20:00,PE,232,133,CARUARU,Estacionar ou parar em local proibido,Colisão traseira,Com Vítimas Feridas,Anoitecer,Crescente,Sol,Simples,Reta,Não,2,0,1,0,1,0,1,2,"-8,30607988","-36,01576003",SPRF-PE,DEL02-PE,UOP01-DEL02-PE
561162,2023-11-13,segunda-feira,20:30:00,PE,423,"153,1",IATI,Ingestão de álcool pelo condutor,Colisão lateral sentido oposto,Com Vítimas Feridas,Plena Noite,Decrescente,Céu Claro,Simples,Reta,Não,3,0,0,1,2,0,1,2,"-9,05196529","-36,9263368",SPRF-PE,DEL03-PE,UOP01-DEL03-PE
561199,2023-11-14,terça-feira,07:20:00,PE,101,"66,9",RECIFE,Reação tardia ou ineficiente do condutor,Engavetamento,Com Vítimas Feridas,Pleno dia,Crescente,Sol,Múltipla,Reta,Sim,5,0,1,0,4,0,1,5,"-8,042288","-34,943307",SPRF-PE,DEL01-PE,UOP01-DEL01-PE
561201,2023-11-14,terça-feira,07:10:00,PE,232,"5,9",RECIFE,Ausência de reação do condutor,Colisão traseira,Com Vítimas Feridas,Pleno dia,Decrescente,Céu Claro,Múltipla,Reta;Em Obras                 ,Não,4,0,1,1,2,0,2,2,"-8,06795766","-34,94535414",SPRF-PE,DEL01-PE,UOP01-DEL01-PE
561226,2023-11-14,terça-feira,08:12:00,PE,428,"97,2",SANTA MARIA DA BOA VISTA,Pedestre andava na pista,Atropelamento de Pedestre,Com Vítimas Feridas,Pleno dia,Decrescente,Céu Claro,Simples,Reta;Declive                  ,Não,3,0,2,0,1,0,2,2,"-8,82401066","-39,9348392",SPRF-PE,DEL06-PE,UOP03-DEL06-PE
561298,2023-11-14,terça-feira,16:30:00,PE,101,"81,7",JABOATAO DOS GUARARAPES,Transitar no Acostamento,Tombamento,Com Vítimas Feridas,Pleno dia,Decrescente,Céu Claro,Dupla,Reta,Sim,1,0,1,0,0,0,1,1,"-8,166669","-34,938127",SPRF-PE,DEL01-PE,UOP01-DEL01-PE
561332,2023-11-14,terça-feira,15:30:00,PE,424,5,ARCOVERDE,Acessar a via sem observar a presença dos outros veículos,Colisão transversal,Com Vítimas Feridas,Pleno dia,Decrescente,Céu Claro,Simples,Declive;Reta                  ,Não,6,0,5,0,1,0,5,2,"-8,46833914","-37,03835126",SPRF-PE,DEL04-PE,UOP02-DEL04-PE
561349,2023-11-14,terça-feira,18:15:00,PE,232,"413,8",SERRA TALHADA,Condutor deixou de manter distância do veículo da frente,Colisão traseira,Com Vítimas Feridas,Plena Noite,Decrescente,Céu Claro,Simples,Reta;Interseção de Vias       ,Não,3,0,2,0,0,1,2,2,"-7,98749764","-38,32762957",SPRF-PE,DEL04-PE,UOP01-DEL04-PE
561424,2023-11-15,quarta-feira,06:25:00,PE,101,70,RECIFE,Ausência de reação do condutor,Colisão traseira,Com Vítimas Feridas,Pleno dia,Crescente,Céu Claro,Múltipla,Reta;Interseção de Vias       ,Sim,2,0,1,0,1,0,1,2,"-8,06776119","-34,94265074",SPRF-PE,DEL01-PE,UOP01-DEL01-PE
561475,2023-11-15,quarta-feira,09:30:00,PE,101,193,PALMARES,Ausência de reação do condutor,Saída de leito carroçável,Com Vítimas Feridas,Pleno dia,Decrescente,Céu Claro,Dupla,Reta,Não,2,0,2,0,0,0,2,1,"-8,72157295","-35,60951373",SPRF-PE,DEL01-PE,UOP03-DEL01-PE
561601,2023-11-16,quinta-feira,07:40:00,PE,101,52,PAULISTA,Animais na Pista,Atropelamento de Animal,Com Vítimas Feridas,Pleno dia,Crescente,Céu Claro,Dupla,Reta,Sim,2,0,2,0,0,0,2,1,"-7,92358799","-34,89607201",SPRF-PE,DEL01-PE,UOP02-DEL01-PE
561658,2023-11-16,quinta-feira,12:40:00,PE,232,57,POMBOS,Reação tardia ou ineficiente do condutor,Engavetamento,Com Vítimas Feridas,Pleno dia,Crescente,Céu Claro,Dupla,Reta,Sim,5,0,3,0,2,0,3,3,"-8,1412132","-35,38181492",SPRF-PE,DEL02-PE,UOP02-DEL02PE
561660,2023-11-16,quinta-feira,13:00:00,PE,101,32,IGARASSU,Objeto estático sobre o leito carroçável,Queda de ocupante de veículo,Com Vítimas Feridas,Pleno dia,Decrescente,Céu Claro,Dupla,Curva,Não,1,0,1,0,0,0,1,1,"-7,75294197","-34,93621562",SPRF-PE,DEL01-PE,UOP02-DEL01-PE
561708,2023-11-16,quinta-feira,18:43:00,PE,232,123,CARUARU,Acessar a via sem observar a presença dos outros veículos,Colisão frontal,Com Vítimas Feridas,Plena Noite,Decrescente,Céu Claro,Dupla,Reta,Não,2,0,0,1,1,0,1,2,"-8,30417276","-35,92823905",SPRF-PE,DEL02-PE,UOP01-DEL02-PE
561718,2023-11-16,quinta-feira,19:36:00,PE,232,425,SERRA TALHADA,Animais na Pista,Atropelamento de Animal,Com Vítimas Feridas,Plena Noite,Crescente,Céu Claro,Simples,Reta,Não,1,0,0,1,0,0,1,1,"-8,001183","-38,429585",SPRF-PE,DEL04-PE,UOP01-DEL04-PE
561732,2023-11-16,quinta-feira,21:08:00,PE,101,"51,4",ABREU E LIMA,Condutor deixou de manter distância do veículo da frente,Colisão traseira,Com Vítimas Feridas,Plena Noite,Decrescente,Céu Claro,Dupla,Reta,Não,2,0,1,0,1,0,1,2,"-7,9169968","-34,89689272",SPRF-PE,DEL01-PE,UOP02-DEL01-PE
561748,2023-11-16,quinta-feira,23:02:00,PE,423,107,CAETES,Animais na Pista,Colisão traseira,Com Vítimas Feridas,Plena Noite,Crescente,Céu Claro,Simples,Reta,Não,2,0,0,1,0,1,1,2,"-8,88624339","-36,59029116",SPRF-PE,DEL03-PE,UOP01-DEL03-PE
561780,2023-11-17,sexta-feira,07:30:00,PE,101,"57,6",RECIFE,Reação tardia ou ineficiente do condutor,Engavetamento,Com Vítimas Feridas,Pleno dia,Decrescente,Céu Claro,Dupla,Aclive;Reta                   ,Sim,4,0,3,0,1,0,3,3,"-7,967803","-34,918907",SPRF-PE,DEL01-PE,UOP02-DEL01-PE
561787,2023-11-17,sexta-feira,08:00:00,PE,104,"66,4",CARUARU,Avarias e/ou desgaste excessivo no pneu,Saída de leito carroçável,Com Vítimas Feridas,Pleno dia,Crescente,Sol,Dupla,Declive,Sim,1,0,1,0,0,0,1,1,"-8,2937","-35,9864",SPRF-PE,DEL02-PE,UOP01-DEL02-PE
561804,2023-11-17,sexta-feira,08:30:00,PE,101,46,IGARASSU,Reação tardia ou ineficiente do condutor,Colisão traseira,Com Vítimas Feridas,Pleno dia,Crescente,Sol,Múltipla,Reta,Sim,2,0,1,0,1,0,1,2,"-7,87406004","-34,90588126",SPRF-PE,DEL01-PE,UOP02-DEL01-PE
561836,2023-11-17,sexta-feira,11:50:00,PE,232,"411,8",SERRA TALHADA,Acessar a via sem observar a presença dos outros veículos,Colisão lateral mesmo sentido,Com Vítimas Feridas,Pleno dia,Decrescente,Sol,Simples,Reta,Não,2,0,0,1,1,0,1,2,"-7,97976163","-38,31087404",SPRF-PE,DEL04-PE,UOP01-DEL04-PE
561864,2023-11-17,sexta-feira,14:00:00,PE,101,"46,5",IGARASSU,Manobra de mudança de faixa,Colisão lateral mesmo sentido,Com Vítimas Feridas,Pleno dia,Crescente,Céu Claro,Múltipla,Reta,Sim,2,0,1,0,1,0,1,2,"-7,87406004","-34,90588126",SPRF-PE,DEL01-PE,UOP02-DEL01-PE
561891,2023-11-17,sexta-feira,17:37:00,PE,232,97,BEZERROS,Manobra de mudança de faixa,Colisão lateral mesmo sentido,Com Vítimas Feridas,Plena Noite,Decrescente,Céu Claro,Dupla,Reta,Não,3,0,2,0,1,0,2,2,"-8,23379718","-35,71628894",SPRF-PE,DEL02-PE,UOP02-DEL02PE
561970,2023-11-18,sábado,01:40:00,PE,232,"450,5",SAO JOSE DO BELMONTE,Ingestão de álcool pelo condutor,Colisão frontal,Com Vítimas Fatais,Plena Noite,Decrescente,Céu Claro,Simples,Curva;Aclive                  ,Não,2,1,1,0,0,0,1,2,"-7,98214482","-38,63480402",SPRF-PE,DEL04-PE,UOP01-DEL04-PE
562012,2023-11-18,sábado,08:48:00,PE,232,"5,1",RECIFE,Condutor deixou de manter distância do veículo da frente,Colisão traseira,Com Vítimas Feridas,Pleno dia,Crescente,Céu Claro,Dupla,Curva,Sim,2,0,0,1,1,0,1,2,"-8,06390366","-34,94270325",SPRF-PE,DEL01-PE,UOP01-DEL01-PE
562054,2023-11-18,sábado,13:30:00,PE,232,140,SAO CAITANO,Pedestre andava na pista,Eventos atípicos,Com Vítimas Feridas,Pleno dia,Crescente,Sol,Dupla,Reta,Sim,4,0,2,0,2,0,2,2,"-8,32046632","-36,07694496",SPRF-PE,DEL03-PE,UOP02-DEL03-PE
562112,2023-11-18,sábado,18:31:00,PE,232,512,SALGUEIRO,Reação tardia ou ineficiente do condutor,Colisão traseira,Com Vítimas Feridas,Plena Noite,Crescente,Céu Claro,Simples,Reta,Não,2,0,1,0,1,0,1,2,"-8,07319601","-39,15511499",SPRF-PE,DEL05-PE,UOP01-DEL05-PE
562117,2023-11-18,sábado,18:20:00,PE,232,157,TACAIMBO,Manobra de mudança de faixa,Colisão lateral sentido oposto,Com Vítimas Feridas,Pleno dia,Crescente,Céu Claro,Simples,Reta,Não,5,0,0,1,4,0,1,2,"-8,32994251","-36,22627296",SPRF-PE,DEL03-PE,UOP02-DEL03-PE
562147,2023-11-18,sábado,21:18:00,PE,101,74,RECIFE,Reação tardia ou ineficiente do condutor,Saída de leito carroçável,Sem Vítimas,Plena Noite,Crescente,Céu Claro,Dupla,Reta,Sim,1,0,0,0,0,1,0,1,"-8,10510039","-34,94896284",SPRF-PE,DEL01-PE,UOP01-DEL01-PE
562237,2023-11-19,domingo,09:23:00,PE,408,"77,5",PAUDALHO,Acesso irregular,Colisão transversal,Com Vítimas Feridas,Pleno dia,Decrescente,Céu Claro,Múltipla,Reta,Não,2,0,1,0,1,0,1,2,"-7,919003","-35,162964",SPRF-PE,DEL01-PE,UOP01-DEL01-PE
562280,2023-11-19,domingo,13:40:00,PE,101,57,RECIFE,Manobra de mudança de faixa,Colisão lateral mesmo sentido,Com Vítimas Feridas,Pleno dia,Decrescente,Céu Claro,Dupla,Reta,Não,2,0,1,0,1,0,1,1,"-7,96346213","-34,91513486",SPRF-PE,DEL01-PE,UOP02-DEL01-PE
562305,2023-09-16,sábado,18:40:00,PE,104,"74,8",CARUARU,Transitar na contramão,Colisão frontal,Com Vítimas Feridas,Plena Noite,Decrescente,Céu Claro,Simples,Curva,Não,2,0,0,1,1,0,1,2,"-8,358222","-35,98566437",SPRF-PE,DEL02-PE,UOP01-DEL02-PE
562323,2023-11-19,domingo,17:10:00,PE,428,184,PETROLINA,Condutor deixou de manter distância do veículo da frente,Colisão traseira,Com Vítimas Feridas,Plena Noite,Decrescente,Céu Claro,Dupla,Interseção de Vias,Sim,2,0,0,1,1,0,1,2,"-9,33211208","-40,46621385",SPRF-PE,DEL06-PE,UOP01-DEL06-PE
562358,2023-11-19,domingo,19:50:00,PE,232,363,FLORES,Ausência de reação do condutor,Colisão traseira,Com Vítimas Feridas,Plena Noite,Crescente,Céu Claro,Simples,Reta,Não,13,0,0,1,12,0,1,2,"-8,044175","-37,894646",SPRF-PE,DEL04-PE,UOP01-DEL04-PE
562387,2023-11-19,domingo,17:25:00,PE,428,186,PETROLINA,Condutor deixou de manter distância do veículo da frente,Colisão traseira,Com Vítimas Feridas,Anoitecer,Crescente,Céu Claro,Dupla,Reta,Sim,2,0,0,1,0,1,1,2,"-9,34807826","-40,47441248",SPRF-PE,DEL06-PE,UOP01-DEL06-PE
562404,2023-11-20,segunda-feira,02:15:00,PE,232,"4,6",RECIFE,Transitar na contramão,Colisão lateral sentido oposto,Com Vítimas Feridas,Plena Noite,Crescente,Vento,Múltipla,Viaduto,Não,3,0,0,1,1,1,1,3,"-8,064473","-34,936928",SPRF-PE,DEL01-PE,UOP01-DEL01-PE
562439,2023-11-20,segunda-feira,07:15:00,PE,101,"68,2",RECIFE,Manobra de mudança de faixa,Colisão lateral mesmo sentido,Com Vítimas Feridas,Pleno dia,Decrescente,Céu Claro,Dupla,Rotatória,Sim,3,0,2,0,1,0,2,2,"-8,05074296","-34,94580619",SPRF-PE,DEL01-PE,UOP01-DEL01-PE
562453,2023-10-15,domingo,18:30:00,PE,232,124,CARUARU,Acessar a via sem observar a presença dos outros veículos,Colisão transversal,Com Vítimas Feridas,Plena Noite,Decrescente,Céu Claro,Dupla,Retorno Regulamentado,Não,2,0,1,0,1,0,1,2,"-8,3061041","-35,93702498",SPRF-PE,DEL02-PE,UOP01-DEL02-PE
562471,2023-11-20,segunda-feira,07:10:00,PE,232,"4,2",RECIFE,Ultrapassagem Indevida,Colisão lateral mesmo sentido,Sem Vítimas,Pleno dia,Decrescente,Nublado,Dupla,Reta,Sim,2,0,0,0,2,0,0,2,"-8,064473","-34,936928",SPRF-PE,DEL01-PE,UOP01-DEL01-PE
562479,2023-11-20,segunda-feira,10:00:00,PE,423,109,CAETES,Acessar a via sem observar a presença dos outros veículos,Colisão lateral sentido oposto,Com Vítimas Feridas,Pleno dia,Crescente,Céu Claro,Simples,Reta,Não,3,0,0,1,2,0,1,2,"-8,888511","-36,599037",SPRF-PE,DEL03-PE,UOP01-DEL03-PE
562623,2023-11-21,terça-feira,04:35:00,PE,232,509,SALGUEIRO,Animais na Pista,Atropelamento de Animal,Com Vítimas Fatais,Amanhecer,Crescente,Céu Claro,Simples,Curva;Aclive                  ,Sim,1,1,0,0,0,0,0,1,"-8,06449154","-39,1298447",SPRF-PE,DEL05-PE,UOP01-DEL05-PE
562636,2023-11-21,terça-feira,05:50:00,PE,232,"486,7",VERDEJANTE,Ausência de reação do condutor,Queda de ocupante de veículo,Com Vítimas Feridas,Amanhecer,Crescente,Céu Claro,Simples,Curva,Não,1,0,0,1,0,0,1,1,"-8,01131528","-38,94037087",SPRF-PE,DEL05-PE,UOP01-DEL05-PE
562664,2023-11-17,sexta-feira,13:43:00,PE,101,70,RECIFE,Entrada inopinada do pedestre,Atropelamento de Pedestre,Com Vítimas Feridas,Pleno dia,Decrescente,Céu Claro,Dupla,Reta,Sim,2,0,1,1,0,0,2,2,"-8,06776119","-34,94265074",SPRF-PE,DEL01-PE,UOP01-DEL01-PE
562685,2023-11-21,terça-feira,12:00:00,PE,101,"72,9",RECIFE,Velocidade Incompatível,Colisão com objeto,Sem Vítimas,Pleno dia,Decrescente,Chuva,Dupla,Reta;Aclive                   ,Sim,1,0,0,0,1,0,0,1,"-8,093106","-34,946893",SPRF-PE,DEL01-PE,UOP01-DEL01-PE
562725,2023-11-21,terça-feira,15:05:00,PE,101,"46,9",IGARASSU,Manobra de mudança de faixa,Colisão lateral mesmo sentido,Com Vítimas Feridas,Pleno dia,Crescente,Céu Claro,Dupla,Reta,Sim,2,0,1,0,1,0,1,2,"-7,87406004","-34,90588126",SPRF-PE,DEL01-PE,UOP02-DEL01-PE
562764,2023-11-21,terça-feira,15:00:00,PE,423,97,GARANHUNS,Ausência de reação do condutor,Colisão traseira,Com Vítimas Feridas,Pleno dia,Crescente,Céu Claro,Simples,Reta,Sim,2,0,1,0,1,0,1,2,"-8,8796227","-36,49484286",SPRF-PE,DEL03-PE,UOP01-DEL03-PE
562768,2023-11-21,terça-feira,16:40:00,PE,101,"56,5",RECIFE,Transitar no Acostamento,Colisão traseira,Com Vítimas Feridas,Pleno dia,Crescente,Céu Claro,Dupla,Reta,Sim,2,0,0,1,0,1,1,2,"-7,9554509","-34,91140727",SPRF-PE,DEL01-PE,UOP02-DEL01-PE
562817,2023-11-22,quarta-feira,00:10:00,PE,232,167,TACAIMBO,Condutor deixou de manter distância do veículo da frente,Colisão traseira,Sem Vítimas,Plena Noite,Decrescente,Céu Claro,Simples,Reta,Não,2,0,0,0,2,0,0,2,"-8,33895664","-36,31633104",SPRF-PE,DEL03-PE,UOP02-DEL03-PE
562842,2023-11-02,quinta-feira,18:19:00,PE,232,"80,4",GRAVATA,Ingestão de álcool pelo condutor,Colisão lateral sentido oposto,Com Vítimas Feridas,Plena Noite,Crescente,Nublado,Simples,Reta,Sim,2,0,0,1,1,0,1,2,"-8,19579864","-35,56962305",SPRF-PE,DEL02-PE,UOP02-DEL02PE
562847,2023-11-22,quarta-feira,08:20:00,PE,407,"129,5",PETROLINA,Condutor deixou de manter distância do veículo da frente,Colisão traseira,Com Vítimas Feridas,Pleno dia,Crescente,Céu Claro,Dupla,Reta;Ponte                    ,Sim,2,0,1,0,1,0,1,2,"-9,39958299","-40,50459298",SPRF-PE,DEL06-PE,UOP01-DEL06-PE
562860,2023-11-22,quarta-feira,10:50:00,PE,101,"68,2",RECIFE,Ausência de reação do condutor,Tombamento,Com Vítimas Feridas,Pleno dia,Decrescente,Nublado,Dupla,Viaduto,Sim,1,0,0,1,0,0,1,1,"-8,05074296","-34,94580619",SPRF-PE,DEL01-PE,UOP01-DEL01-PE
562949,2023-11-22,quarta-feira,19:30:00,PE,232,147,SAO CAITANO,Área urbana sem a presença de local apropriado para a travessia de pedestres,Atropelamento de Pedestre,Com Vítimas Fatais,Plena Noite,Crescente,Céu Claro,Simples,Reta,Sim,2,1,0,0,1,0,0,2,"-8,33373137","-36,13751116",SPRF-PE,DEL03-PE,UOP02-DEL03-PE
563045,2023-07-28,sexta-feira,23:00:00,PE,101,74,RECIFE,Demais falhas mecânicas ou elétricas,Incêndio,Sem Vítimas,Plena Noite,Crescente,Céu Claro,Dupla,Aclive;Curva                  ,Sim,1,0,0,0,0,1,0,1,"-8,10146485","-34,94901577",SPRF-PE,DEL01-PE,UOP01-DEL01-PE
563058,2023-11-23,quinta-feira,11:20:00,PE,101,51,ABREU E LIMA,Reação tardia ou ineficiente do condutor,Colisão lateral mesmo sentido,Com Vítimas Feridas,Pleno dia,Crescente,Céu Claro,Simples,Curva,Sim,3,0,2,0,1,0,2,2,"-7,9196955","-34,8955071",SPRF-PE,DEL01-PE,UOP02-DEL01-PE
563077,2023-11-23,quinta-feira,13:35:00,PE,101,"67,7",RECIFE,Trafegar com motocicleta (ou similar) entre as faixas,Colisão lateral mesmo sentido,Com Vítimas Feridas,Pleno dia,Crescente,Céu Claro,Múltipla,Reta,Sim,2,0,2,0,0,0,2,2,"-8,042334","-34,943096",SPRF-PE,DEL01-PE,UOP01-DEL01-PE
563111,2023-11-23,quinta-feira,15:01:00,PE,232,407,SERRA TALHADA,Acessar a via sem observar a presença dos outros veículos,Colisão frontal,Com Vítimas Feridas,Pleno dia,Crescente,Céu Claro,Simples,Reta,Sim,2,0,1,0,1,0,1,2,"-7,9854402","-38,27148304",SPRF-PE,DEL04-PE,UOP01-DEL04-PE