id,data_inversa,dia_semana,horario,uf,br,km,municipio,causa_acidente,tipo_acidente,classificacao_acidente,fase_dia,sentido_via,condicao_metereologica,tipo_pista,tracado_via,uso_solo,pessoas,mortos,feridos_leves,feridos_graves,ilesos,ignorados,feridos,veiculos,latitude,longitude,regional,delegacia,uop
563114,2023-11-23,quinta-feira,16:50:00,PE,407,127,PETROLINA,Reação tardia ou ineficiente do condutor,Colisão traseira,Com Vítimas Feridas,Pleno dia,Decrescente,Céu Claro,Simples,Reta;Em Obras                 ,Sim,2,0,1,0,1,0,1,2,"-9,39169575","-40,51798582",SPRF-PE,DEL06-PE,UOP01-DEL06-PE
563153,2023-11-23,quinta-feira,18:50:00,PE,104,"79,4",AGRESTINA,Conversão proibida,Colisão transversal,Com Vítimas Feridas,Plena Noite,Crescente,Céu Claro,Simples,Reta,Não,3,0,0,2,0,1,2,2,"-8,389074","-35,974712",SPRF-PE,DEL02-PE,UOP01-DEL02-PE
563244,2023-11-24,sexta-feira,10:40:00,PE,408,105,JABOATAO DOS GUARARAPES,Ausência de sinalização,Colisão traseira,Sem Vítimas,Plena Noite,Decrescente,Céu Claro,Dupla,Reta,Sim,2,0,0,0,2,0,0,2,"-8,0730937","-34,99190714",SPRF-PE,DEL01-PE,UOP01-DEL01-PE
563258,2023-11-24,sexta-feira,11:30:00,PE,101,"66,8",RECIFE,Ausência de reação do condutor,Colisão traseira,Com Vítimas Feridas,Pleno dia,Decrescente,Céu Claro,Múltipla,Reta,Sim,2,0,0,1,1,0,1,2,"-8,03368534","-34,94184125",SPRF-PE,DEL01-PE,UOP01-DEL01-PE
563317,2023-11-24,sexta-feira,17:35:00,PE,101,"77,5",RECIFE,Retorno proibido,Colisão traseira,Com Vítimas Feridas,Anoitecer,Decrescente,Céu Claro,Dupla,Reta,Sim,2,0,1,0,0,1,1,2,"-8,131123","-34,945157",SPRF-PE,DEL01-PE,UOP01-DEL01-PE
563319,2023-11-24,sexta-feira,16:40:00,PE,232,69,GRAVATA,Demais falhas mecânicas ou elétricas,Colisão com objeto,Sem Vítimas,Pleno dia,Crescente,Céu Claro,Dupla,Reta,Não,2,0,0,0,2,0,0,1,"-8,17240309","-35,47993595",SPRF-PE,DEL02-PE,UOP02-DEL02PE
563361,2023-11-24,sexta-feira,19:59:00,PE,101,1,GOIANA,Ausência de sinalização,Colisão lateral mesmo sentido,Com Vítimas Feridas,Plena Noite,Crescente,Céu Claro,Dupla,Interseção de Vias;Curva;Em Ob,Não,3,0,1,0,2,0,1,2,"-7,504116","-34,986093",SPRF-PE,DEL01-PE,UOP02-DEL01-PE
563363,2023-11-24,sexta-feira,19:30:00,PE,408,"98,4",SAO LOURENCO DA MATA,Frear bruscamente,Colisão traseira,Com Vítimas Feridas,Plena Noite,Decrescente,Céu Claro,Dupla,Reta,Não,2,0,1,0,1,0,1,2,"-8,03598572","-35,03218461",SPRF-PE,DEL01-PE,UOP01-DEL01-PE
563378,2023-11-24,sexta-feira,21:50:00,PE,423,72,JUPI,Ingestão de álcool ou de substâncias psicoativas pelo pedestre,Atropelamento de Pedestre,Com Vítimas Feridas,Plena Noite,Crescente,Céu Claro,Simples,Reta,Não,3,0,1,0,2,0,1,2,"-8,70118191","-36,4154612",SPRF-PE,DEL03-PE,UOP01-DEL03-PE
563460,2023-11-25,sábado,06:35:00,PE,101,82,JABOATAO DOS GUARARAPES,Ausência de reação do condutor,Colisão traseira,Com Vítimas Feridas,Pleno dia,Decrescente,Céu Claro,Dupla,Reta,Sim,2,0,1,0,1,0,1,2,"-8,168383","-34,9376",SPRF-PE,DEL01-PE,UOP01-DEL01-PE
563498,2023-11-25,sábado,11:20:00,PE,232,6,RECIFE,Falta de acostamento,Tombamento,Com Vítimas Feridas,Pleno dia,Decrescente,Céu Claro,Dupla,Reta,Não,1,0,1,0,0,0,1,1,"-8,071005","-34,953535",SPRF-PE,DEL01-PE,UOP01-DEL01-PE
563508,2023-11-24,sexta-feira,20:20:00,PE,116,"43,9",SALGUEIRO,Animais na Pista,Atropelamento de Animal,Sem Vítimas,Plena Noite,Decrescente,Céu Claro,Simples,Interseção de Vias,Não,3,0,0,0,3,0,0,1,"-8,2145","-39,103329",SPRF-PE,DEL05-PE,UOP01-DEL05-PE
563560,2023-11-25,sábado,17:00:00,PE,407,126,PETROLINA,Animais na Pista,Atropelamento de Animal,Com Vítimas Feridas,Pleno dia,Crescente,Céu Claro,Dupla,Reta,Sim,1,0,1,0,0,0,1,1,"-9,38491309","-40,52809509",SPRF-PE,DEL06-PE,UOP01-DEL06-PE
563563,2023-11-25,sábado,17:25:00,PE,428,"141,4",PETROLINA,Animais na Pista,Atropelamento de Animal,Com Vítimas Feridas,Anoitecer,Crescente,Céu Claro,Simples,Reta,Sim,1,0,1,0,0,0,1,1,"-8,99987394","-40,2721263",SPRF-PE,DEL06-PE,UOP01-DEL06-PE
563587,2023-11-25,sábado,18:45:00,PE,423,"96,7",GARANHUNS,Manobra de mudança de faixa,Colisão frontal,Com Vítimas Feridas,Plena Noite,Decrescente,Céu Claro,Simples,Reta;Declive                  ,Sim,2,0,1,0,0,1,1,2,"-8,88021822","-36,48651678",SPRF-PE,DEL03-PE,UOP01-DEL03-PE
563624,2023-11-25,sábado,06:50:00,PE,232,21,MORENO,Reação tardia ou ineficiente do condutor,Incêndio,Sem Vítimas,Pleno dia,Crescente,Céu Claro,Dupla,Reta,Não,1,0,0,0,0,1,0,1,"-8,09580234","-35,08012588",SPRF-PE,DEL01-PE,UOP01-DEL01-PE
563640,2023-11-25,sábado,20:00:00,PE,428,187,PETROLINA,Ingestão de álcool pelo condutor,Queda de ocupante de veículo,Com Vítimas Feridas,Plena Noite,Decrescente,Céu Claro,Dupla,Reta,Sim,2,0,0,1,1,0,1,1,"-9,35604301","-40,47854198",SPRF-PE,DEL06-PE,UOP01-DEL06-PE
563653,2023-11-26,domingo,02:45:00,PE,232,144,SAO CAITANO,Transitar na contramão,Colisão frontal,Com Vítimas Feridas,Plena Noite,Crescente,Céu Claro,Dupla,Reta;Declive                  ,Não,42,0,1,0,41,0,1,2,"-8,32522249","-36,11250878",SPRF-PE,DEL03-PE,UOP02-DEL03-PE
563695,2023-11-26,domingo,08:57:00,PE,408,98,SAO LOURENCO DA MATA,Acessar a via sem observar a presença dos outros veículos,Colisão transversal,Com Vítimas Feridas,Pleno dia,Decrescente,Céu Claro,Dupla,Declive;Curva;Retorno Regulame,Sim,3,0,2,0,0,1,2,2,"-8,03598572","-35,03218461",SPRF-PE,DEL01-PE,UOP01-DEL01-PE
563698,2023-11-26,domingo,08:48:00,PE,101,201,XEXEU,Ausência de reação do condutor,Colisão lateral mesmo sentido,Com Vítimas Feridas,Pleno dia,Crescente,Sol,Dupla,Reta,Não,2,0,0,1,1,0,1,2,"-8,78060203","-35,62140868",SPRF-PE,DEL01-PE,UOP03-DEL01-PE
563752,2023-11-26,domingo,14:50:00,PE,232,"99,5",BEZERROS,Manobra de mudança de faixa,Capotamento,Com Vítimas Feridas,Pleno dia,Decrescente,Sol,Dupla,Reta,Não,1,0,1,0,0,0,1,1,"-8,2367277","-35,73401605",SPRF-PE,DEL02-PE,UOP02-DEL02PE
563754,2023-11-26,domingo,17:09:00,PE,101,76,RECIFE,Acostamento em desnível,Queda de ocupante de veículo,Com Vítimas Feridas,Pleno dia,Decrescente,Céu Claro,Dupla,Reta,Sim,2,0,1,1,0,0,2,1,"-8,11813811","-34,94329214",SPRF-PE,DEL01-PE,UOP01-DEL01-PE
563808,2023-11-26,domingo,20:25:00,PE,407,"125,1",PETROLINA,Condutor deixou de manter distância do veículo da frente,Colisão traseira,Com Vítimas Feridas,Plena Noite,Crescente,Céu Claro,Dupla,Reta,Sim,2,0,1,0,0,1,1,2,"-9,37739336","-40,53595733",SPRF-PE,DEL06-PE,UOP01-DEL06-PE
563815,2023-11-26,domingo,18:30:00,PE,424,70,CAETES,Transitar na contramão,Colisão frontal,Com Vítimas Feridas,Plena Noite,Decrescente,Céu Claro,Simples,Reta,Sim,2,0,0,1,1,0,1,2,"-8,77912908","-36,62060205",SPRF-PE,DEL03-PE,UOP01-DEL03-PE
563842,2023-11-26,domingo,22:22:00,PE,428,189,PETROLINA,Condutor desrespeitou a iluminação vermelha do semáforo,Colisão transversal,Com Vítimas Feridas,Plena Noite,Crescente,Céu Claro,Dupla,Reta;Retorno Regulamentado;Int,Sim,2,0,1,0,1,0,1,2,"-9,37197508","-40,48679585",SPRF-PE,DEL06-PE,UOP01-DEL06-PE
563896,2023-11-27,segunda-feira,07:15:00,PE,407,127,PETROLINA,Ultrapassagem Indevida,Colisão traseira,Com Vítimas Feridas,Pleno dia,Crescente,Céu Claro,Simples,Reta;Em Obras                 ,Sim,2,0,2,0,0,0,2,1,"-9,3908678","-40,52038627",SPRF-PE,DEL06-PE,UOP01-DEL06-PE
563900,2023-11-24,sexta-feira,06:20:00,PE,101,"61,7",RECIFE,Condutor deixou de manter distância do veículo da frente,Colisão traseira,Com Vítimas Feridas,Pleno dia,Decrescente,Céu Claro,Múltipla,Reta,Sim,2,0,1,0,1,0,1,2,"-7,99097103","-34,93598295",SPRF-PE,DEL01-PE,UOP02-DEL01-PE
563939,2023-11-27,segunda-feira,12:30:00,PE,101,77,RECIFE,Condutor deixou de manter distância do veículo da frente,Colisão traseira,Com Vítimas Feridas,Pleno dia,Crescente,Nublado,Dupla,Reta,Não,2,0,1,0,1,0,1,2,"-8,126982","-34,94386",SPRF-PE,DEL01-PE,UOP01-DEL01-PE
563954,2023-11-27,segunda-feira,10:40:00,PE,232,473,MIRANDIBA,Reação tardia ou ineficiente do condutor,Colisão com objeto,Sem Vítimas,Pleno dia,Decrescente,Céu Claro,Simples,Curva;Aclive                  ,Não,1,0,0,0,0,1,0,1,"-8,0171659","-38,82834004",SPRF-PE,DEL05-PE,UOP01-DEL05-PE
564084,2023-11-28,terça-feira,07:05:00,PE,232,"408,9",SERRA TALHADA,Reação tardia ou ineficiente do condutor,Tombamento,Com Vítimas Feridas,Pleno dia,Crescente,Sol,Simples,Reta;Declive                  ,Sim,3,0,2,0,0,1,2,2,"-7,98371447","-38,28047709",SPRF-PE,DEL04-PE,UOP01-DEL04-PE
564107,2023-11-28,terça-feira,11:34:00,PE,101,48,IGARASSU,Acessar a via sem observar a presença dos outros veículos,Colisão lateral mesmo sentido,Com Vítimas Feridas,Pleno dia,Crescente,Céu Claro,Simples,Reta;Interseção de Vias       ,Não,4,0,1,2,1,0,3,2,"-7,89174705","-34,9033493",SPRF-PE,DEL01-PE,UOP02-DEL01-PE
564123,2023-11-28,terça-feira,13:25:00,PE,101,"72,7",RECIFE,Condutor deixou de manter distância do veículo da frente,Colisão traseira,Com Vítimas Feridas,Pleno dia,Crescente,Céu Claro,Dupla,Reta,Sim,2,0,1,0,0,1,1,2,"-8,090882","-34,946832",SPRF-PE,DEL01-PE,UOP01-DEL01-PE
564191,2023-11-28,terça-feira,19:04:00,PE,101,54,PAULISTA,Ingestão de álcool pelo condutor,Colisão lateral mesmo sentido,Com Vítimas Feridas,Plena Noite,Decrescente,Céu Claro,Dupla,Reta,Sim,2,0,0,1,1,0,1,2,"-7,94351944","-34,90411162",SPRF-PE,DEL01-PE,UOP02-DEL01-PE
564261,2023-10-24,terça-feira,18:10:00,PE,104,78,CARUARU,Transitar na contramão,Colisão frontal,Com Vítimas Feridas,Plena Noite,Crescente,Céu Claro,Simples,Aclive;Reta                   ,Não,3,0,1,0,2,0,1,3,"-8,384866","-35,982338",SPRF-PE,DEL02-PE,UOP01-DEL02-PE
564268,2023-11-01,quarta-feira,18:12:00,PE,428,185,PETROLINA,Animais na Pista,Atropelamento de Animal,Com Vítimas Feridas,Anoitecer,Crescente,Céu Claro,Dupla,Reta,Sim,1,0,1,0,0,0,1,1,"-9,35572283","-40,47842324",SPRF-PE,DEL06-PE,UOP01-DEL06-PE
564272,2023-11-29,quarta-feira,09:00:00,PE,232,"4,4",RECIFE,Curva acentuada,Tombamento,Com Vítimas Feridas,Pleno dia,Decrescente,Céu Claro,Dupla,Curva,Sim,2,0,2,0,0,0,2,1,"-8,067038","-34,939997",SPRF-PE,DEL01-PE,UOP01-DEL01-PE
564292,2023-11-29,quarta-feira,10:54:00,PE,104,61,CARUARU,Reação tardia ou ineficiente do condutor,Colisão traseira,Com Vítimas Feridas,Pleno dia,Decrescente,Céu Claro,Dupla,Reta;Retorno Regulamentado    ,Sim,2,0,2,0,0,0,2,2,"-8,24624426","-35,97496748",SPRF-PE,DEL02-PE,UOP01-DEL02-PE
564346,2023-11-29,quarta-feira,16:20:00,PE,101,"70,3",RECIFE,Manobra de mudança de faixa,Colisão lateral mesmo sentido,Sem Vítimas,Pleno dia,Decrescente,Céu Claro,Dupla,Interseção de Vias,Sim,2,0,0,0,2,0,0,2,"-8,070341","-34,94228482",SPRF-PE,DEL01-PE,UOP01-DEL01-PE
564347,2023-11-29,quarta-feira,16:00:00,PE,232,"87,5",GRAVATA,Ausência de reação do condutor,Saída de leito carroçável,Com Vítimas Fatais,Pleno dia,Decrescente,Sol,Dupla,Reta;Declive                  ,Não,4,1,0,3,0,0,3,1,"-8,21379064","-35,62898606",SPRF-PE,DEL02-PE,UOP02-DEL02PE
564436,2023-11-26,domingo,10:35:00,PE,428,"123,5",LAGOA GRANDE,Acumulo de areia ou detritos sobre o pavimento,Eventos atípicos,Sem Vítimas,Pleno dia,Decrescente,Sol,Simples,Reta;Declive;Em Obras         ,Não,1,0,0,0,1,0,0,1,"-8,93583422","-40,13171992",SPRF-PE,DEL06-PE,UOP03-DEL06-PE
564461,2023-11-30,quinta-feira,08:30:00,PE,101,"76,2",RECIFE,Ausência de reação do condutor,Colisão traseira,Com Vítimas Feridas,Pleno dia,Crescente,Céu Claro,Dupla,Reta;Viaduto                  ,Sim,2,0,0,1,1,0,1,2,"-8,11813811","-34,94329214",SPRF-PE,DEL01-PE,UOP01-DEL01-PE
564467,2023-11-30,quinta-feira,09:08:00,PE,101,"5,5",GOIANA,Transitar no Acostamento,Colisão traseira,Com Vítimas Feridas,Pleno dia,Crescente,Céu Claro,Dupla,Reta,Não,3,0,2,0,0,1,2,3,"-7,541764","-34,991394",SPRF-PE,DEL01-PE,UOP02-DEL01-PE
564565,2023-11-30,quinta-feira,14:50:00,PE,232,"369,7",FLORES,Ultrapassagem Indevida,Colisão frontal,Com Vítimas Feridas,Pleno dia,Decrescente,Céu Claro,Simples,Reta,Não,7,0,2,5,0,0,7,2,"-8,03487532","-37,9570271",SPRF-PE,DEL04-PE,UOP01-DEL04-PE
564573,2023-11-30,quinta-feira,19:10:00,PE,232,321,CUSTODIA,Deficiência do Sistema de Iluminação/Sinalização,Colisão traseira,Com Vítimas Feridas,Plena Noite,Decrescente,Céu Claro,Simples,Reta,Não,2,0,1,0,1,0,1,2,"-8,11502317","-37,5492901",SPRF-PE,DEL04-PE,UOP02-DEL04-PE
564586,2023-11-30,quinta-feira,22:16:00,PE,101,46,IGARASSU,Acesso irregular,Colisão transversal,Com Vítimas Feridas,Plena Noite,Crescente,Céu Claro,Múltipla,Reta,Não,2,0,2,0,0,0,2,2,"-7,87406004","-34,90588126",SPRF-PE,DEL01-PE,UOP02-DEL01-PE
564637,2023-12-01,sexta-feira,06:40:00,PE,428,183,PETROLINA,Ausência de reação do condutor,Colisão transversal,Com Vítimas Feridas,Pleno dia,Crescente,Céu Claro,Dupla,Interseção de Vias,Não,3,0,3,0,0,0,3,2,"-9,32412987","-40,46211325",SPRF-PE,DEL06-PE,UOP01-DEL06-PE
564649,2023-12-01,sexta-feira,07:34:00,PE,101,88,JABOATAO DOS GUARARAPES,Demais falhas mecânicas ou elétricas,Queda de ocupante de veículo,Com Vítimas Feridas,Pleno dia,Decrescente,Céu Claro,Dupla,Reta,Não,2,0,1,1,0,0,2,1,"-8,192405","-34,975045",SPRF-PE,DEL01-PE,UOP01-DEL01-PE
564663,2023-12-01,sexta-feira,07:18:00,PE,101,72,RECIFE,Manobra de mudança de faixa,Colisão lateral mesmo sentido,Com Vítimas Feridas,Pleno dia,Decrescente,Sol,Dupla,Reta,Sim,2,0,1,0,1,0,1,2,"-8,08493106","-34,9450639",SPRF-PE,DEL01-PE,UOP01-DEL01-PE
564672,2023-12-01,sexta-feira,09:30:00,PE,101,"120,7",IPOJUCA,Ausência de reação do condutor,Saída de leito carroçável,Com Vítimas Feridas,Pleno dia,Crescente,Céu Claro,Dupla,Reta,Não,5,0,3,0,2,0,3,1,"-8,35341615","-35,17830299",SPRF-PE,DEL01-PE,UOP03-DEL01-PE
564674,2023-12-01,sexta-feira,08:00:00,PE,423,95,GARANHUNS,Ausência de reação do condutor,Colisão traseira,Com Vítimas Feridas,Pleno dia,Crescente,Céu Claro,Simples,Reta,Não,3,0,1,0,2,0,1,3,"-8,87891989","-36,47796305",SPRF-PE,DEL03-PE,UOP01-DEL03-PE
564679,2023-12-01,sexta-feira,09:15:00,PE,407,48,PETROLINA,Ausência de reação do condutor,Colisão traseira,Com Vítimas Feridas,Pleno dia,Crescente,Céu Claro,Simples,Reta,Não,3,0,0,1,1,1,1,3,"-8,79740558","-40,86708064",SPRF-PE,DEL06-PE,UOP02-DEL06-PE
564701,2023-12-01,sexta-feira,12:15:00,PE,232,414,SERRA TALHADA,Acessar a via sem observar a presença dos outros veículos,Colisão lateral mesmo sentido,Com Vítimas Feridas,Pleno dia,Decrescente,Céu Claro,Simples,Reta,Não,2,0,1,0,1,0,1,2,"-7,99236282","-38,33750809",SPRF-PE,DEL04-PE,UOP01-DEL04-PE
564717,2023-12-01,sexta-feira,15:00:00,PE,232,"97,3",BEZERROS,Ingestão de álcool pelo condutor,Saída de leito carroçável,Sem Vítimas,Pleno dia,Decrescente,Céu Claro,Dupla,Reta,Sim,1,0,0,0,0,1,0,1,"-8,23379718","-35,71628894",SPRF-PE,DEL02-PE,UOP02-DEL02PE
564741,2023-12-01,sexta-feira,15:31:00,PE,232,"33,2",MORENO,Demais falhas mecânicas ou elétricas,Colisão com objeto,Com Vítimas Feridas,Pleno dia,Crescente,Céu Claro,Dupla,Reta,Não,1,0,1,0,0,0,1,1,"-8,10539025","-35,17523495",SPRF-PE,DEL01-PE,UOP01-DEL01-PE
564758,2023-12-01,sexta-feira,16:20:00,PE,428,"94,8",SANTA MARIA DA BOA VISTA,Acessar a via sem observar a presença dos outros veículos,Colisão transversal,Com Vítimas Feridas,Pleno dia,Decrescente,Céu Claro,Simples,Reta,Não,2,0,1,0,0,1,1,2,"-8,81058587","-39,91203508",SPRF-PE,DEL06-PE,UOP03-DEL06-PE
564784,2023-12-01,sexta-feira,19:36:00,PE,232,409,SERRA TALHADA,Condutor deixou de manter distância do veículo da frente,Colisão traseira,Com Vítimas Feridas,Plena Noite,Crescente,Céu Claro,Simples,Viaduto;Declive;Reta          ,Sim,3,0,2,0,0,1,2,2,"-7,981944","-38,289467",SPRF-PE,DEL04-PE,UOP01-DEL04-PE
564832,2023-12-01,sexta-feira,22:53:00,PE,408,102,SAO LOURENCO DA MATA,Ausência de reação do condutor,Incêndio,Sem Vítimas,Plena Noite,Decrescente,Céu Claro,Dupla,Reta,Não,1,0,0,0,0,1,0,1,"-8,05323195","-35,00247996",SPRF-PE,DEL01-PE,UOP01-DEL01-PE
564844,2023-12-01,sexta-feira,23:30:00,PE,232,508,SALGUEIRO,Acessar a via sem observar a presença dos outros veículos,Colisão transversal,Com Vítimas Feridas,Plena Noite,Crescente,Céu Claro,Simples,Reta;Declive                  ,Sim,2,0,2,0,0,0,2,2,"-8,06223271","-39,12095006",SPRF-PE,DEL05-PE,UOP01-DEL05-PE
564882,2023-12-02,sábado,07:05:00,PE,101,66,RECIFE,Avarias e/ou desgaste excessivo no pneu,Queda de ocupante de veículo,Com Vítimas Feridas,Pleno dia,Crescente,Sol,Dupla,Reta,Sim,2,0,2,0,0,0,2,1,"-8,03368534","-34,94184125",SPRF-PE,DEL01-PE,UOP01-DEL01-PE
564897,2023-12-02,sábado,08:05:00,PE,232,22,MORENO,Transitar no Acostamento,Colisão traseira,Com Vítimas Feridas,Pleno dia,Crescente,Céu Claro,Dupla,Reta,Não,2,0,0,1,1,0,1,2,"-8,09712273","-35,088592",SPRF-PE,DEL01-PE,UOP01-DEL01-PE
564947,2023-12-02,sábado,13:40:00,PE,101,8,GOIANA,Ausência de reação do condutor,Saída de leito carroçável,Com Vítimas Feridas,Pleno dia,Crescente,Céu Claro,Dupla,Reta,Não,4,0,0,4,0,0,4,1,"-7,56898134","-34,98959891",SPRF-PE,DEL01-PE,UOP02-DEL01-PE
564954,2023-12-02,sábado,13:50:00,PE,232,5,RECIFE,Manobra de mudança de faixa,Colisão lateral mesmo sentido,Com Vítimas Fatais,Pleno dia,Crescente,Céu Claro,Dupla,Reta,Sim,2,1,0,0,1,0,0,2,"-8,06795766","-34,94535414",SPRF-PE,DEL01-PE,UOP01-DEL01-PE
564991,2023-12-02,sábado,14:20:00,PE,423,161,AGUAS BELAS,Acessar a via sem observar a presença dos outros veículos,Colisão frontal,Sem Vítimas,Pleno dia,Decrescente,Céu Claro,Simples,Reta,Não,2,0,0,0,2,0,0,2,"-9,09475044","-36,98347867",SPRF-PE,DEL03-PE,UOP01-DEL03-PE
565035,2023-12-02,sábado,20:40:00,PE,104,67,CARUARU,Transitar na contramão,Colisão frontal,Com Vítimas Feridas,Plena Noite,Crescente,Céu Claro,Dupla,Reta;Retorno Regulamentado    ,Não,2,0,1,0,1,0,1,2,"-8,3016","-35,9882",SPRF-PE,DEL02-PE,UOP01-DEL02-PE
565054,2023-12-02,sábado,21:40:00,PE,316,54,TRINDADE,Animais na Pista,Atropelamento de Animal,Com Vítimas Feridas,Plena Noite,Decrescente,Céu Claro,Simples,Reta,Não,2,0,1,1,0,0,2,1,"-7,73669808","-40,29450303",SPRF-PE,DEL05-PE,UOP02-DEL05-PE
565059,2023-12-02,sábado,21:00:00,PE,101,43,IGARASSU,Manobra de mudança de faixa,Colisão lateral mesmo sentido,Com Vítimas Feridas,Plena Noite,Crescente,Nublado,Múltipla,Reta;Declive                  ,Sim,3,0,1,2,0,0,3,2,"-7,84753808","-34,90977038",SPRF-PE,DEL01-PE,UOP02-DEL01-PE
565070,2023-12-02,sábado,21:00:00,PE,101,"69,6",RECIFE,Ausência de reação do condutor,Tombamento,Com Vítimas Fatais,Plena Noite,Crescente,Céu Claro,Simples,Reta,Não,1,1,0,0,0,0,0,1,"-8,05951606","-34,94581024",SPRF-PE,DEL01-PE,UOP01-DEL01-PE
565081,2023-12-02,sábado,22:45:00,PE,232,50,VITORIA DE SANTO ANTAO,Fumaça,Incêndio,Sem Vítimas,Plena Noite,Decrescente,Nublado,Dupla,Reta;Declive                  ,Não,1,0,0,0,1,0,0,1,"-8,14106223","-35,32322707",SPRF-PE,DEL01-PE,UOP01-DEL01-PE
565085,2023-11-28,terça-feira,19:50:00,PE,232,"4,9",RECIFE,Ingestão de álcool pelo condutor,Colisão frontal,Com Vítimas Feridas,Plena Noite,Crescente,Céu Claro,Dupla,Curva,Sim,3,0,1,1,1,0,2,2,"-8,065496","-34,944371",SPRF-PE,DEL01-PE,UOP01-DEL01-PE
565096,2023-12-03,domingo,01:30:00,PE,101,67,RECIFE,Manobra de mudança de faixa,Queda de ocupante de veículo,Com Vítimas Feridas,Plena Noite,Decrescente,Céu Claro,Múltipla,Reta,Sim,2,0,2,0,0,0,2,1,"-8,044705","-34,944094",SPRF-PE,DEL01-PE,UOP01-DEL01-PE
565187,2023-12-03,domingo,12:50:00,PE,408,85,PAUDALHO,Condutor Dormindo,Capotamento,Com Vítimas Feridas,Pleno dia,Decrescente,Céu Claro,Múltipla,Reta,Não,3,0,1,0,2,0,1,1,"-7,95430093","-35,10252793",SPRF-PE,DEL01-PE,UOP01-DEL01-PE
565200,2023-12-03,domingo,13:00:00,PE,232,"43,4",VITORIA DE SANTO ANTAO,Velocidade Incompatível,Colisão traseira,Com Vítimas Feridas,Pleno dia,Decrescente,Céu Claro,Dupla,Reta;Viaduto                  ,Não,4,0,2,0,2,0,2,3,"-8,12026","-35,265373",SPRF-PE,DEL01-PE,UOP01-DEL01-PE
565248,2023-12-03,domingo,13:40:00,PE,101,94,CABO DE SANTO AGOSTINHO,Ausência de reação do condutor,Saída de leito carroçável,Com Vítimas Feridas,Pleno dia,Crescente,Sol,Dupla,Reta,Não,1,0,0,1,0,0,1,1,"-8,24829064","-35,00697936",SPRF-PE,DEL01-PE,UOP03-DEL01-PE
565249,2023-12-03,domingo,17:50:00,PE,232,97,BEZERROS,Ingestão de álcool pelo condutor,Colisão transversal,Sem Vítimas,Anoitecer,Decrescente,Céu Claro,Dupla,Retorno Regulamentado,Não,2,0,0,0,2,0,0,2,"-8,23379718","-35,71628894",SPRF-PE,DEL02-PE,UOP02-DEL02PE
565258,2023-12-03,domingo,18:30:00,PE,408,86,PAUDALHO,Acesso irregular,Colisão traseira,Com Vítimas Feridas,Plena Noite,Crescente,Céu Claro,Dupla,Reta;Retorno Regulamentado    ,Sim,4,0,1,0,1,2,1,2,"-7,96358","-35,09346",SPRF-PE,DEL01-PE,UOP01-DEL01-PE
565263,2023-12-03,domingo,19:11:00,PE,232,"58,7",POMBOS,Ausência de reação do condutor,Colisão traseira,Com Vítimas Feridas,Plena Noite,Decrescente,Céu Claro,Dupla,Reta,Sim,3,0,1,2,0,0,3,2,"-8,13762681","-35,37336212",SPRF-PE,DEL02-PE,UOP02-DEL02PE
565312,2023-12-03,domingo,22:08:00,PE,316,270,BELEM DE SAO FRANCISCO,Ausência de reação do condutor,Tombamento,Com Vítimas Fatais,Plena Noite,Crescente,Céu Claro,Simples,Reta,Não,1,1,0,0,0,0,0,1,"-8,70166228","-38,8611809",SPRF-PE,DEL04-PE,UOP03-DEL04-PE
565329,2023-12-04,segunda-feira,06:10:00,PE,101,"49,7",ABREU E LIMA,Conversão proibida,Atropelamento de Pedestre,Com Vítimas Feridas,Pleno dia,Decrescente,Nublado,Múltipla,Interseção de Vias,Sim,2,0,1,0,1,0,1,2,"-7,90491377","-34,90210533",SPRF-PE,DEL01-PE,UOP02-DEL01-PE
565357,2023-12-04,segunda-feira,07:10:00,PE,101,"12,2",GOIANA,Reação tardia ou ineficiente do condutor,Saída de leito carroçável,Com Vítimas Feridas,Pleno dia,Decrescente,Céu Claro,Dupla,Reta,Não,4,0,4,0,0,0,4,1,"-7,62621106","-34,96669711",SPRF-PE,DEL01-PE,UOP02-DEL01-PE
565363,2023-12-04,segunda-feira,06:20:00,PE,423,95,GARANHUNS,Acessar a via sem observar a presença dos outros veículos,Colisão transversal,Sem Vítimas,Amanhecer,Decrescente,Chuva,Simples,Reta,Sim,2,0,0,0,2,0,0,2,"-8,87891989","-36,47796305",SPRF-PE,DEL03-PE,UOP01-DEL03-PE
565395,2023-12-04,segunda-feira,03:25:00,PE,101,"113,6",IPOJUCA,Ausência de reação do condutor,Saída de leito carroçável,Com Vítimas Feridas,Plena Noite,Decrescente,Céu Claro,Dupla,Curva,Não,1,0,1,0,0,0,1,1,"-8,33107097","-35,12666499",SPRF-PE,DEL01-PE,UOP03-DEL01-PE
565414,2023-12-04,segunda-feira,11:15:00,PE,101,65,RECIFE,Ausência de reação do condutor,Engavetamento,Com Vítimas Feridas,Pleno dia,Decrescente,Céu Claro,Dupla,Reta,Sim,3,0,1,0,2,0,1,3,"-8,02478597","-34,94276635",SPRF-PE,DEL01-PE,UOP01-DEL01-PE