id,data_inversa,dia_semana,horario,uf,br,km,municipio,causa_acidente,tipo_acidente,classificacao_acidente,fase_dia,sentido_via,condicao_metereologica,tipo_pista,tracado_via,uso_solo,pessoas,mortos,feridos_leves,feridos_graves,ilesos,ignorados,feridos,veiculos,latitude,longitude,regional,delegacia,uop
565444,2023-12-04,segunda-feira,15:20:00,PE,101,64,RECIFE,Manobra de mudança de faixa,Colisão lateral mesmo sentido,Com Vítimas Feridas,Pleno dia,Crescente,Céu Claro,Múltipla,Curva,Sim,2,0,0,1,1,0,1,2,"-8,02478597","-34,94276635",SPRF-PE,DEL01-PE,UOP01-DEL01-PE
565454,2023-11-11,sábado,00:18:00,PE,232,7,RECIFE,Ausência de reação do condutor,Colisão traseira,Com Vítimas Feridas,Plena Noite,Crescente,Céu Claro,Dupla,Reta;Retorno Regulamentado    ,Não,3,0,2,1,0,0,3,2,"-8,07583727","-34,97015791",SPRF-PE,DEL01-PE,UOP01-DEL01-PE
565486,2023-12-04,segunda-feira,16:10:00,PE,101,50,ABREU E LIMA,Reação tardia ou ineficiente do condutor,Colisão transversal,Com Vítimas Feridas,Pleno dia,Decrescente,Sol,Simples,Reta;Interseção de Vias       ,Sim,3,0,1,0,1,1,1,2,"-7,90938602","-34,90123228",SPRF-PE,DEL01-PE,UOP02-DEL01-PE
565497,2023-12-04,segunda-feira,18:45:00,PE,232,9,RECIFE,Frear bruscamente,Colisão traseira,Com Vítimas Feridas,Anoitecer,Crescente,Nublado,Múltipla,Reta;Declive;Viaduto          ,Sim,4,0,1,0,3,0,1,3,"-8,07764447","-34,97863609",SPRF-PE,DEL01-PE,UOP01-DEL01-PE
565521,2023-12-04,segunda-feira,20:00:00,PE,101,61,RECIFE,Reação tardia ou ineficiente do condutor,Colisão lateral mesmo sentido,Com Vítimas Feridas,Plena Noite,Decrescente,Chuva,Dupla,Reta,Sim,3,0,2,0,1,0,2,2,"-7,99097103","-34,93598295",SPRF-PE,DEL01-PE,UOP02-DEL01-PE
565573,2023-12-05,terça-feira,07:00:00,PE,232,"7,8",RECIFE,Reação tardia ou ineficiente do condutor,Colisão traseira,Com Vítimas Feridas,Pleno dia,Decrescente,Céu Claro,Dupla,Reta;Em Obras;Retorno Regulame,Não,3,0,0,1,1,1,1,3,"-8,07333497","-34,96184301",SPRF-PE,DEL01-PE,UOP01-DEL01-PE
565577,2023-12-04,segunda-feira,21:00:00,PE,428,162,PETROLINA,Animais na Pista,Atropelamento de Animal,Sem Vítimas,Plena Noite,Decrescente,Céu Claro,Simples,Reta,Não,2,0,0,0,2,0,0,1,"-9,16269207","-40,36612188",SPRF-PE,DEL06-PE,UOP01-DEL06-PE
565625,2023-12-05,terça-feira,11:03:00,PE,101,"86,4",JABOATAO DOS GUARARAPES,Condutor deixou de manter distância do veículo da frente,Colisão traseira,Com Vítimas Feridas,Pleno dia,Decrescente,Céu Claro,Dupla,Reta,Não,2,0,1,0,1,0,1,2,"-8,18470013","-34,96816895",SPRF-PE,DEL01-PE,UOP01-DEL01-PE
565643,2023-12-05,terça-feira,13:15:00,PE,101,"69,5",RECIFE,Ingestão de álcool pelo condutor,Colisão transversal,Sem Vítimas,Pleno dia,Crescente,Céu Claro,Múltipla,Reta,Não,3,0,0,0,1,2,0,3,"-8,05951606","-34,94581024",SPRF-PE,DEL01-PE,UOP01-DEL01-PE
565710,2023-12-05,terça-feira,18:15:00,PE,232,78,GRAVATA,Reação tardia ou ineficiente do condutor,Colisão lateral sentido oposto,Com Vítimas Feridas,Plena Noite,Crescente,Céu Claro,Simples,Reta,Sim,2,0,1,0,1,0,1,2,"-8,19343658","-35,55186505",SPRF-PE,DEL02-PE,UOP02-DEL02PE
565789,2023-12-06,quarta-feira,06:20:00,PE,101,51,ABREU E LIMA,Ausência de reação do condutor,Colisão traseira,Com Vítimas Feridas,Pleno dia,Crescente,Céu Claro,Múltipla,Interseção de Vias;Viaduto    ,Sim,3,0,2,0,1,0,2,2,"-7,9169968","-34,89689272",SPRF-PE,DEL01-PE,UOP02-DEL01-PE
565841,2023-12-06,quarta-feira,11:00:00,PE,101,"77,9",RECIFE,Acessar a via sem observar a presença dos outros veículos,Colisão frontal,Com Vítimas Feridas,Pleno dia,Crescente,Céu Claro,Dupla,Curva,Não,3,0,1,0,1,1,1,3,"-8,126982","-34,94386",SPRF-PE,DEL01-PE,UOP01-DEL01-PE
565870,2023-12-02,sábado,06:00:00,PE,232,320,SERTANIA,Acumulo de areia ou detritos sobre o pavimento,Colisão com objeto,Sem Vítimas,Pleno dia,Crescente,Céu Claro,Simples,Curva,Não,2,0,0,0,2,0,0,1,"-8,151299","-37,51921",SPRF-PE,DEL04-PE,UOP02-DEL04-PE
565881,2023-12-06,quarta-feira,14:40:00,PE,101,"44,3",IGARASSU,Manobra de mudança de faixa,Colisão lateral mesmo sentido,Com Vítimas Feridas,Pleno dia,Crescente,Céu Claro,Múltipla,Reta;Declive                  ,Sim,4,0,1,0,2,1,1,3,"-7,85637001","-34,90842109",SPRF-PE,DEL01-PE,UOP02-DEL01-PE
565899,2023-12-06,quarta-feira,16:40:00,PE,101,"70,8",RECIFE,Velocidade Incompatível,Colisão traseira,Com Vítimas Feridas,Pleno dia,Crescente,Céu Claro,Dupla,Viaduto,Não,2,0,1,0,1,0,1,2,"-8,06776119","-34,94265074",SPRF-PE,DEL01-PE,UOP01-DEL01-PE
565947,2023-12-06,quarta-feira,20:40:00,PE,101,"80,9",JABOATAO DOS GUARARAPES,Acessar a via sem observar a presença dos outros veículos,Colisão transversal,Com Vítimas Feridas,Plena Noite,Crescente,Céu Claro,Dupla,Reta,Sim,2,0,2,0,0,0,2,2,"-8,15112589","-34,9428866",SPRF-PE,DEL01-PE,UOP01-DEL01-PE
565955,2023-12-06,quarta-feira,22:06:00,PE,232,332,CUSTODIA,Acessar a via sem observar a presença dos outros veículos,Colisão transversal,Com Vítimas Feridas,Plena Noite,Crescente,Céu Claro,Simples,Reta,Sim,3,0,1,1,0,1,2,3,"-8,08916179","-37,62141598",SPRF-PE,DEL04-PE,UOP02-DEL04-PE
565983,2023-12-07,quinta-feira,01:50:00,PE,232,"54,1",POMBOS,Ausência de reação do condutor,Saída de leito carroçável,Com Vítimas Fatais,Plena Noite,Crescente,Chuva,Dupla,Reta,Não,3,1,1,1,0,0,2,1,"-8,12919504","-35,35716398",SPRF-PE,DEL02-PE,UOP02-DEL02PE
566001,2023-12-07,quinta-feira,06:40:00,PE,232,"9,5",JABOATAO DOS GUARARAPES,Reação tardia ou ineficiente do condutor,Colisão traseira,Com Vítimas Feridas,Pleno dia,Decrescente,Nublado,Dupla,Reta;Em Obras                 ,Sim,2,0,1,0,1,0,1,2,"-8,078502","-34,982514",SPRF-PE,DEL01-PE,UOP01-DEL01-PE
566004,2023-12-07,quinta-feira,06:49:00,PE,101,43,IGARASSU,Reação tardia ou ineficiente do condutor,Colisão traseira,Com Vítimas Feridas,Pleno dia,Crescente,Céu Claro,Múltipla,Reta,Sim,3,0,1,1,1,0,2,2,"-7,84753808","-34,90977038",SPRF-PE,DEL01-PE,UOP02-DEL01-PE
566028,2023-12-07,quinta-feira,09:10:00,PE,101,78,RECIFE,Condutor deixou de manter distância do veículo da frente,Colisão lateral mesmo sentido,Com Vítimas Feridas,Pleno dia,Decrescente,Céu Claro,Dupla,Reta,Não,2,0,0,1,1,0,1,2,"-8,13496499","-34,94738614",SPRF-PE,DEL01-PE,UOP01-DEL01-PE
566032,2023-12-07,quinta-feira,09:01:00,PE,101,49,ABREU E LIMA,Condutor deixou de manter distância do veículo da frente,Colisão traseira,Sem Vítimas,Pleno dia,Decrescente,Céu Claro,Múltipla,Reta,Sim,2,0,0,0,1,1,0,2,"-7,90342284","-34,90198195",SPRF-PE,DEL01-PE,UOP02-DEL01-PE
566088,2023-12-07,quinta-feira,10:50:00,PE,232,113,BEZERROS,Pista esburacada,Saída de leito carroçável,Com Vítimas Feridas,Pleno dia,Crescente,Céu Claro,Dupla,Declive,Sim,1,0,0,1,0,0,1,1,"-8,29906533","-35,8402169",SPRF-PE,DEL02-PE,UOP02-DEL02PE
566138,2023-12-07,quinta-feira,17:30:00,PE,101,70,RECIFE,Manobra de mudança de faixa,Colisão lateral mesmo sentido,Com Vítimas Feridas,Anoitecer,Decrescente,Céu Claro,Dupla,Reta,Sim,4,0,2,1,1,0,3,2,"-8,06776119","-34,94265074",SPRF-PE,DEL01-PE,UOP01-DEL01-PE
566147,2023-12-07,quinta-feira,12:53:00,PE,428,189,PETROLINA,Acessar a via sem observar a presença dos outros veículos,Colisão lateral sentido oposto,Com Vítimas Feridas,Pleno dia,Crescente,Céu Claro,Dupla,Reta;Interseção de Vias;Retorn,Sim,2,0,1,0,1,0,1,2,"-9,37197508","-40,48679585",SPRF-PE,DEL06-PE,UOP01-DEL06-PE
566149,2023-12-07,quinta-feira,18:15:00,PE,232,509,SALGUEIRO,Transitar na contramão,Colisão frontal,Com Vítimas Feridas,Plena Noite,Decrescente,Céu Claro,Simples,Reta,Não,2,0,2,0,0,0,2,2,"-8,06761846","-39,13597411",SPRF-PE,DEL05-PE,UOP01-DEL05-PE
566184,2023-12-07,quinta-feira,21:00:00,PE,232,109,BEZERROS,Ausência de sinalização,Saída de leito carroçável,Com Vítimas Feridas,Plena Noite,Crescente,Céu Claro,Dupla,Curva,Não,1,0,1,0,0,0,1,1,"-8,28036785","-35,81085313",SPRF-PE,DEL02-PE,UOP02-DEL02PE
566221,2023-12-08,sexta-feira,00:25:00,PE,101,86,JABOATAO DOS GUARARAPES,Ausência de reação do condutor,Saída de leito carroçável,Sem Vítimas,Plena Noite,Crescente,Céu Claro,Dupla,Curva,Sim,1,0,0,0,0,1,0,1,"-8,18718","-34,97242",SPRF-PE,DEL01-PE,UOP01-DEL01-PE
566260,2023-12-08,sexta-feira,08:00:00,PE,428,185,PETROLINA,Acessar a via sem observar a presença dos outros veículos,Colisão transversal,Com Vítimas Feridas,Pleno dia,Decrescente,Céu Claro,Múltipla,Interseção de Vias,Não,2,0,1,0,1,0,1,2,"-9,34009199","-40,47032001",SPRF-PE,DEL06-PE,UOP01-DEL06-PE
566269,2023-12-08,sexta-feira,08:35:00,PE,232,90,SAIRE,Reação tardia ou ineficiente do condutor,Saída de leito carroçável,Com Vítimas Feridas,Pleno dia,Crescente,Sol,Dupla,Reta,Não,1,0,1,0,0,0,1,1,"-8,21744745","-35,65651417",SPRF-PE,DEL02-PE,UOP02-DEL02PE
566334,2023-12-08,sexta-feira,13:50:00,PE,232,20,MORENO,Avarias e/ou desgaste excessivo no pneu,Queda de ocupante de veículo,Com Vítimas Feridas,Pleno dia,Crescente,Sol,Dupla,Curva,Não,1,0,1,0,0,0,1,1,"-8,09543537","-35,07136107",SPRF-PE,DEL01-PE,UOP01-DEL01-PE
566360,2023-12-08,sexta-feira,15:31:00,PE,104,"121,9",PANELAS,Velocidade Incompatível,Saída de leito carroçável,Com Vítimas Feridas,Pleno dia,Crescente,Céu Claro,Simples,Curva;Declive                 ,Não,5,0,4,0,1,0,4,2,"-8,70717","-36,026234",SPRF-PE,DEL02-PE,UOP03-DEL02-PE
566369,2023-12-08,sexta-feira,16:14:00,PE,101,46,IGARASSU,Condutor deixou de manter distância do veículo da frente,Colisão traseira,Com Vítimas Feridas,Pleno dia,Decrescente,Céu Claro,Múltipla,Reta,Sim,3,0,1,0,2,0,1,3,"-7,87406004","-34,90588126",SPRF-PE,DEL01-PE,UOP02-DEL01-PE
566370,2023-12-08,sexta-feira,09:15:00,PE,101,157,GAMELEIRA,Manobra de mudança de faixa,Colisão traseira,Sem Vítimas,Pleno dia,Decrescente,Sol,Dupla,Reta;Retorno Regulamentado    ,Não,2,0,0,0,2,0,0,2,"-8,55352976","-35,3964161",SPRF-PE,DEL01-PE,UOP03-DEL01-PE
566433,2023-12-08,sexta-feira,18:40:00,PE,232,223,PESQUEIRA,Ausência de reação do condutor,Colisão frontal,Com Vítimas Feridas,Plena Noite,Decrescente,Céu Claro,Simples,Reta,Não,2,0,0,1,1,0,1,2,"-8,40436455","-36,81023008",SPRF-PE,DEL03-PE,UOP02-DEL03-PE
566436,2023-12-08,sexta-feira,20:48:00,PE,101,"65,5",RECIFE,Ausência de reação do condutor,Colisão traseira,Com Vítimas Feridas,Plena Noite,Decrescente,Céu Claro,Dupla,Reta,Sim,3,0,1,0,1,1,1,2,"-8,02478597","-34,94276635",SPRF-PE,DEL01-PE,UOP01-DEL01-PE
566456,2023-12-08,sexta-feira,18:30:00,PE,101,114,CABO DE SANTO AGOSTINHO,Demais falhas mecânicas ou elétricas,Saída de leito carroçável,Com Vítimas Feridas,Plena Noite,Decrescente,Céu Claro,Dupla,Reta,Não,1,0,0,1,0,0,1,1,"-8,33585626","-35,1333699",SPRF-PE,DEL01-PE,UOP03-DEL01-PE
566467,2023-12-08,sexta-feira,21:55:00,PE,316,83,OURICURI,Ingestão de álcool pelo condutor,Colisão com objeto,Com Vítimas Feridas,Plena Noite,Decrescente,Céu Claro,Simples,Interseção de Vias;Curva      ,Sim,1,0,1,0,0,0,1,1,"-7,87468608","-40,08532003",SPRF-PE,DEL05-PE,UOP02-DEL05-PE
566518,2023-12-09,sábado,05:50:00,PE,101,63,RECIFE,Reação tardia ou ineficiente do condutor,Queda de ocupante de veículo,Com Vítimas Feridas,Pleno dia,Decrescente,Céu Claro,Múltipla,Reta,Sim,1,0,1,0,0,0,1,1,"-8,012441","-34,93821",SPRF-PE,DEL01-PE,UOP01-DEL01-PE
566523,2023-12-09,sábado,06:00:00,PE,101,81,RECIFE,Manobra de mudança de faixa,Colisão lateral mesmo sentido,Com Vítimas Feridas,Pleno dia,Decrescente,Céu Claro,Dupla,Curva;Viaduto                 ,Sim,2,0,1,0,0,1,1,2,"-8,1597489","-34,94024569",SPRF-PE,DEL01-PE,UOP01-DEL01-PE
566535,2023-12-09,sábado,07:20:00,PE,423,"96,5",GARANHUNS,Reação tardia ou ineficiente do condutor,Colisão frontal,Sem Vítimas,Pleno dia,Crescente,Sol,Simples,Reta,Sim,2,0,0,0,2,0,0,2,"-8,88021822","-36,48651678",SPRF-PE,DEL03-PE,UOP01-DEL03-PE
566605,2023-12-09,sábado,13:30:00,PE,104,23,TAQUARITINGA DO NORTE,Ausência de reação do condutor,Colisão traseira,Sem Vítimas,Pleno dia,Decrescente,Céu Claro,Simples,Em Obras,Não,5,0,0,0,5,0,0,2,"-7,975153","-36,106238",SPRF-PE,DEL02-PE,UOP01-DEL02-PE
566636,2023-12-09,sábado,17:40:00,PE,101,157,GAMELEIRA,Desrespeitar a preferência no cruzamento,Saída de leito carroçável,Com Vítimas Feridas,Anoitecer,Decrescente,Céu Claro,Dupla,Retorno Regulamentado;Reta    ,Não,2,0,0,2,0,0,2,2,"-8,553364","-35,400143",SPRF-PE,DEL01-PE,UOP03-DEL01-PE
566637,2023-12-09,sábado,17:50:00,PE,424,"81,4",GARANHUNS,Ultrapassagem Indevida,Colisão lateral mesmo sentido,Com Vítimas Fatais,Plena Noite,Decrescente,Céu Claro,Simples,Aclive;Reta                   ,Não,2,1,0,0,0,1,0,2,"-8,83566196","-36,53934997",SPRF-PE,DEL03-PE,UOP01-DEL03-PE
566655,2023-12-09,sábado,20:11:00,PE,101,"76,7",RECIFE,Entrada inopinada do pedestre,Atropelamento de Pedestre,Com Vítimas Feridas,Plena Noite,Decrescente,Céu Claro,Dupla,Reta,Sim,3,0,2,1,0,0,3,2,"-8,11813811","-34,94329214",SPRF-PE,DEL01-PE,UOP01-DEL01-PE
566674,2023-12-09,sábado,18:30:00,PE,104,"86,8",AGRESTINA,Ausência de reação do condutor,Colisão lateral sentido oposto,Com Vítimas Feridas,Plena Noite,Crescente,Céu Claro,Simples,Reta,Não,2,0,1,0,1,0,1,2,"-8,446782","-35,951046",SPRF-PE,DEL02-PE,UOP01-DEL02-PE
566688,2023-12-09,sábado,18:13:00,PE,232,134,CARUARU,Pedestre cruzava a pista fora da faixa,Atropelamento de Pedestre,Com Vítimas Feridas,Plena Noite,Crescente,Céu Claro,Dupla,Reta,Sim,3,0,2,1,0,0,3,2,"-8,30853497","-36,02442101",SPRF-PE,DEL02-PE,UOP01-DEL02-PE
566689,2023-12-09,sábado,21:00:00,PE,232,"178,8",BELO JARDIM,Acessar a via sem observar a presença dos outros veículos,Colisão frontal,Com Vítimas Feridas,Plena Noite,Decrescente,Céu Claro,Simples,Reta,Sim,3,0,0,1,2,0,1,2,"-8,347448","-36,411818",SPRF-PE,DEL03-PE,UOP02-DEL03-PE
566718,2023-12-09,sábado,23:00:00,PE,407,129,PETROLINA,Reação tardia ou ineficiente do condutor,Colisão frontal,Sem Vítimas,Plena Noite,Crescente,Céu Claro,Simples,Reta,Sim,2,0,0,0,2,0,0,2,"-9,39958299","-40,50459298",SPRF-PE,DEL06-PE,UOP01-DEL06-PE
566730,2023-12-10,domingo,02:20:00,PE,101,49,ABREU E LIMA,Ingestão de álcool e/ou substâncias psicoativas pelo pedestre,Capotamento,Sem Vítimas,Plena Noite,Decrescente,Vento,Múltipla,Curva;Declive                 ,Não,2,0,0,0,0,2,0,2,"-7,9005152","-34,90180641",SPRF-PE,DEL01-PE,UOP02-DEL01-PE
566758,2023-12-10,domingo,06:50:00,PE,232,13,JABOATAO DOS GUARARAPES,Ausência de reação do condutor,Colisão traseira,Com Vítimas Feridas,Pleno dia,Crescente,Céu Claro,Dupla,Reta,Não,2,0,2,0,0,0,2,2,"-8,08831567","-35,01203806",SPRF-PE,DEL01-PE,UOP01-DEL01-PE
566769,2023-12-10,domingo,07:54:00,PE,232,9,RECIFE,Ausência de reação do condutor,Colisão traseira,Com Vítimas Feridas,Pleno dia,Crescente,Céu Claro,Múltipla,Reta,Não,2,0,1,0,1,0,1,2,"-8,076708","-34,973473",SPRF-PE,DEL01-PE,UOP01-DEL01-PE
566815,2023-12-10,domingo,13:30:00,PE,408,"76,3",PAUDALHO,Pedestre cruzava a pista fora da faixa,Atropelamento de Pedestre,Com Vítimas Feridas,Pleno dia,Decrescente,Céu Claro,Dupla,Curva;Declive                 ,Sim,2,0,0,2,0,0,2,2,"-7,913693","-35,170002",SPRF-PE,DEL01-PE,UOP01-DEL01-PE
566834,2023-12-10,domingo,15:30:00,PE,423,74,JUPI,Transitar na contramão,Colisão frontal,Com Vítimas Fatais,Pleno dia,Crescente,Céu Claro,Simples,Curva,Sim,2,1,0,0,1,0,0,2,"-8,71781039","-36,42290446",SPRF-PE,DEL03-PE,UOP01-DEL03-PE
566863,2023-12-10,domingo,17:15:00,PE,232,"76,6",GRAVATA,Acessar a via sem observar a presença dos outros veículos,Colisão transversal,Com Vítimas Feridas,Anoitecer,Crescente,Céu Claro,Dupla,Reta,Sim,2,0,0,2,0,0,2,2,"-8,19541469","-35,53424693",SPRF-PE,DEL02-PE,UOP02-DEL02PE
566886,2023-12-10,domingo,17:55:00,PE,101,68,RECIFE,Trafegar com motocicleta (ou similar) entre as faixas,Colisão traseira,Com Vítimas Feridas,Anoitecer,Decrescente,Céu Claro,Dupla,Viaduto,Sim,4,0,2,0,2,0,2,4,"-8,05074296","-34,94580619",SPRF-PE,DEL01-PE,UOP01-DEL01-PE
566895,2023-12-10,domingo,18:30:00,PE,232,16,JABOATAO DOS GUARARAPES,Mal súbito do condutor,Saída de leito carroçável,Com Vítimas Feridas,Plena Noite,Crescente,Céu Claro,Dupla,Reta,Não,1,0,1,0,0,0,1,1,"-8,09414193","-35,03716601",SPRF-PE,DEL01-PE,UOP01-DEL01-PE
566898,2023-12-10,domingo,19:25:00,PE,101,"50,9",ABREU E LIMA,Ingestão de substâncias psicoativas pelo condutor,Colisão frontal,Com Vítimas Feridas,Plena Noite,Crescente,Céu Claro,Múltipla,Reta,Sim,3,0,2,1,0,0,3,2,"-7,90938602","-34,90123228",SPRF-PE,DEL01-PE,UOP02-DEL01-PE
566903,2023-12-10,domingo,17:29:00,PE,423,151,IATI,Ausência de reação do condutor,Colisão frontal,Sem Vítimas,Anoitecer,Crescente,Céu Claro,Simples,Reta,Não,2,0,0,0,1,1,0,2,"-9,0414635","-36,91156637",SPRF-PE,DEL03-PE,UOP01-DEL03-PE
566942,2023-12-10,domingo,20:40:00,PE,232,"103,4",BEZERROS,Demais falhas mecânicas ou elétricas,Incêndio,Sem Vítimas,Plena Noite,Decrescente,Céu Claro,Dupla,Reta,Não,1,0,0,0,0,1,0,1,"-8,25219029","-35,76584983",SPRF-PE,DEL02-PE,UOP02-DEL02PE
566952,2023-12-03,domingo,17:40:00,PE,232,"178,8",BELO JARDIM,Pedestre cruzava a pista fora da faixa,Atropelamento de Pedestre,Com Vítimas Feridas,Anoitecer,Crescente,Céu Claro,Simples,Reta,Sim,2,0,0,1,0,1,1,2,"-8,347448","-36,411818",SPRF-PE,DEL03-PE,UOP02-DEL03-PE
566987,2023-12-11,segunda-feira,00:30:00,PE,232,"30,5",MORENO,Ausência de reação do condutor,Saída de leito carroçável,Com Vítimas Fatais,Plena Noite,Decrescente,Céu Claro,Dupla,Curva;Declive                 ,Não,2,2,0,0,0,0,0,1,"-8,11063325","-35,15197001",SPRF-PE,DEL01-PE,UOP01-DEL01-PE
567050,2023-12-11,segunda-feira,07:10:00,PE,104,"66,9",CARUARU,Condutor deixou de manter distância do veículo da frente,Colisão traseira,Com Vítimas Feridas,Pleno dia,Decrescente,Céu Claro,Dupla,Reta,Sim,2,0,1,0,1,0,1,2,"-8,2937","-35,9864",SPRF-PE,DEL02-PE,UOP01-DEL02-PE
567126,2023-12-11,segunda-feira,16:25:00,PE,104,"58,7",CARUARU,Ausência de reação do condutor,Colisão traseira,Sem Vítimas,Pleno dia,Crescente,Céu Claro,Dupla,Reta,Sim,3,0,0,0,2,1,0,3,"-8,2265","-35,9779",SPRF-PE,DEL02-PE,UOP01-DEL02-PE
567129,2023-12-11,segunda-feira,16:25:00,PE,104,"58,7",CARUARU,Condutor deixou de manter distância do veículo da frente,Colisão traseira,Com Vítimas Feridas,Pleno dia,Crescente,Céu Claro,Dupla,Reta,Sim,2,0,1,0,1,0,1,2,"-8,2265","-35,9779",SPRF-PE,DEL02-PE,UOP01-DEL02-PE
567146,2023-12-11,segunda-feira,17:20:00,PE,104,"61,3",CARUARU,Manobra de mudança de faixa,Colisão traseira,Com Vítimas Feridas,Anoitecer,Crescente,Céu Claro,Dupla,Retorno Regulamentado;Reta    ,Sim,3,0,2,0,1,0,2,2,"-8,2529","-35,9751",SPRF-PE,DEL02-PE,UOP01-DEL02-PE
567150,2023-12-11,segunda-feira,17:40:00,PE,101,40,IGARASSU,Conversão proibida,Colisão frontal,Sem Vítimas,Plena Noite,Crescente,Céu Claro,Dupla,Reta;Interseção de Vias       ,Sim,3,0,0,0,1,2,0,2,"-7,821475","-34,916545",SPRF-PE,DEL01-PE,UOP02-DEL01-PE
567173,2023-12-11,segunda-feira,19:20:00,PE,424,"93,8",GARANHUNS,Deficiência do Sistema de Iluminação/Sinalização,Colisão transversal,Com Vítimas Feridas,Plena Noite,Crescente,Céu Claro,Simples,Reta;Declive                  ,Sim,2,0,2,0,0,0,2,2,"-8,914223","-36,488603",SPRF-PE,DEL03-PE,UOP01-DEL03-PE
567234,2023-12-12,terça-feira,06:40:00,PE,428,184,PETROLINA,Reação tardia ou ineficiente do condutor,Colisão transversal,Com Vítimas Feridas,Pleno dia,Decrescente,Céu Claro,Dupla,Retorno Regulamentado,Sim,3,0,2,0,1,0,2,2,"-9,33211208","-40,46621385",SPRF-PE,DEL06-PE,UOP01-DEL06-PE
567249,2023-11-09,quinta-feira,18:30:00,PE,,,RECIFE,Iluminação deficiente,Colisão com objeto,Sem Vítimas,Plena Noite,Não Informado,Céu Claro,Simples,Reta,Sim,1,0,0,0,1,0,0,1,"-8,11443984","-34,89817357",SPRF-PE,,
567273,2023-12-12,terça-feira,11:00:00,PE,101,61,RECIFE,Ausência de reação do condutor,Colisão traseira,Com Vítimas Feridas,Pleno dia,Decrescente,Céu Claro,Dupla,Curva,Sim,2,0,1,0,1,0,1,2,"-7,99097103","-34,93598295",SPRF-PE,DEL01-PE,UOP02-DEL01-PE
567290,2023-12-12,terça-feira,12:00:00,PE,101,"78,2",JABOATAO DOS GUARARAPES,Acessar a via sem observar a presença dos outros veículos,Atropelamento de Pedestre,Com Vítimas Feridas,Pleno dia,Crescente,Nublado,Dupla,Reta,Sim,2,0,0,2,0,0,2,2,"-8,137004","-34,947657",SPRF-PE,DEL01-PE,UOP01-DEL01-PE
567336,2023-12-12,terça-feira,16:45:00,PE,101,72,RECIFE,Frear bruscamente,Queda de ocupante de veículo,Com Vítimas Feridas,Pleno dia,Decrescente,Sol,Dupla,Reta,Sim,1,0,0,1,0,0,1,1,"-8,08493106","-34,9450639",SPRF-PE,DEL01-PE,UOP01-DEL01-PE
567406,2023-12-13,quarta-feira,02:15:00,PE,423,"42,3",CACHOEIRINHA,Condutor Dormindo,Colisão lateral sentido oposto,Sem Vítimas,Plena Noite,Decrescente,Céu Claro,Simples,Reta,Não,2,0,0,0,0,2,0,2,"-8,50897803","-36,25103394",SPRF-PE,DEL03-PE,UOP01-DEL03-PE
567426,2023-12-13,quarta-feira,06:50:00,PE,101,68,RECIFE,Condutor deixou de manter distância do veículo da frente,Colisão traseira,Com Vítimas Feridas,Pleno dia,Crescente,Céu Claro,Dupla,Reta,Não,2,0,0,1,1,0,1,2,"-8,05074296","-34,94580619",SPRF-PE,DEL01-PE,UOP01-DEL01-PE
567432,2023-12-13,quarta-feira,05:40:00,PE,101,"63,3",RECIFE,Condutor deixou de manter distância do veículo da frente,Colisão traseira,Com Vítimas Feridas,Amanhecer,Decrescente,Garoa/Chuvisco,Dupla,Reta,Sim,2,0,1,0,1,0,1,2,"-8,00800604","-34,93756535",SPRF-PE,DEL01-PE,UOP01-DEL01-PE
567481,2023-12-13,quarta-feira,11:30:00,PE,232,176,BELO JARDIM,Acessar a via sem observar a presença dos outros veículos,Colisão transversal,Com Vítimas Feridas,Pleno dia,Crescente,Céu Claro,Simples,Reta;Interseção de Vias       ,Não,2,0,1,0,1,0,1,2,"-8,34573608","-36,39481995",SPRF-PE,DEL03-PE,UOP02-DEL03-PE
567527,2023-12-13,quarta-feira,17:20:00,PE,232,13,JABOATAO DOS GUARARAPES,Velocidade Incompatível,Colisão com objeto,Sem Vítimas,Anoitecer,Crescente,Céu Claro,Dupla,Reta,Sim,1,0,0,0,0,1,0,1,"-8,08831567","-35,01203806",SPRF-PE,DEL01-PE,UOP01-DEL01-PE
567530,2023-12-13,quarta-feira,17:26:00,PE,232,"4,2",RECIFE,Condutor deixou de manter distância do veículo da frente,Colisão traseira,Com Vítimas Feridas,Plena Noite,Decrescente,Céu Claro,Múltipla,Reta,Sim,2,0,1,0,1,0,1,2,"-8,064473","-34,936928",SPRF-PE,DEL01-PE,UOP01-DEL01-PE
567543,2023-12-13,quarta-feira,17:45:00,PE,232,"183,3",BELO JARDIM,Entrada inopinada do pedestre,Atropelamento de Pedestre,Com Vítimas Feridas,Plena Noite,Decrescente,Céu Claro,Simples,Reta,Sim,2,0,0,1,1,0,1,2,"-8,34981605","-36,45554399",SPRF-PE,DEL03-PE,UOP02-DEL03-PE