id,data_inversa,dia_semana,horario,uf,br,km,municipio,causa_acidente,tipo_acidente,classificacao_acidente,fase_dia,sentido_via,condicao_metereologica,tipo_pista,tracado_via,uso_solo,pessoas,mortos,feridos_leves,feridos_graves,ilesos,ignorados,feridos,veiculos,latitude,longitude,regional,delegacia,uop
567613,2023-12-14,quinta-feira,03:20:00,PE,104,"105,2",CUPIRA,Pedestre andava na pista,Atropelamento de Pedestre,Com Vítimas Fatais,Plena Noite,Crescente,Garoa/Chuvisco,Simples,Reta,Não,2,1,0,0,0,1,0,2,"-8,606543","-35,963277",SPRF-PE,DEL02-PE,UOP03-DEL02-PE
567637,2023-12-14,quinta-feira,08:54:00,PE,428,189,PETROLINA,Acessar a via sem observar a presença dos outros veículos,Colisão traseira,Sem Vítimas,Pleno dia,Crescente,Céu Claro,Múltipla,Interseção de Vias,Sim,4,0,0,0,4,0,0,3,"-9,37841559","-40,50595175",SPRF-PE,DEL06-PE,UOP01-DEL06-PE
567645,2023-12-14,quinta-feira,09:30:00,PE,101,73,RECIFE,Manobra de mudança de faixa,Tombamento,Com Vítimas Feridas,Pleno dia,Crescente,Céu Claro,Dupla,Curva,Sim,2,0,2,0,0,0,2,1,"-8,093369","-34,947464",SPRF-PE,DEL01-PE,UOP01-DEL01-PE
567688,2023-12-14,quinta-feira,12:40:00,PE,104,"62,6",CARUARU,Frear bruscamente,Colisão traseira,Com Vítimas Feridas,Pleno dia,Decrescente,Sol,Dupla,Reta,Sim,3,0,3,0,0,0,3,2,"-8,2618","-35,976",SPRF-PE,DEL02-PE,UOP01-DEL02-PE
567689,2023-12-14,quinta-feira,13:30:00,PE,101,"69,9",RECIFE,Objeto estático sobre o leito carroçável,Colisão traseira,Com Vítimas Feridas,Pleno dia,Decrescente,Céu Claro,Múltipla,Reta,Não,3,0,1,0,2,0,1,2,"-8,05951606","-34,94581024",SPRF-PE,DEL01-PE,UOP01-DEL01-PE
567696,2023-12-14,quinta-feira,13:40:00,PE,232,127,CARUARU,Ultrapassagem Indevida,Colisão frontal,Com Vítimas Feridas,Pleno dia,Decrescente,Céu Claro,Simples,Aclive,Sim,2,0,0,1,1,0,1,2,"-8,30610303","-35,96342301",SPRF-PE,DEL02-PE,UOP01-DEL02-PE
567714,2023-12-14,quinta-feira,15:55:00,PE,101,"52,4",PAULISTA,Acesso irregular,Colisão transversal,Com Vítimas Feridas,Pleno dia,Crescente,Céu Claro,Dupla,Reta,Sim,2,0,2,0,0,0,2,2,"-7,92358799","-34,89607201",SPRF-PE,DEL01-PE,UOP02-DEL01-PE
567826,2023-12-15,sexta-feira,03:50:00,PE,101,43,IGARASSU,Pedestre cruzava a pista fora da faixa,Atropelamento de Pedestre,Com Vítimas Feridas,Plena Noite,Crescente,Chuva,Múltipla,Reta,Sim,2,0,0,2,0,0,2,2,"-7,84753808","-34,90977038",SPRF-PE,DEL01-PE,UOP02-DEL01-PE
567830,2023-12-15,sexta-feira,05:00:00,PE,407,89,PETROLINA,Animais na Pista,Atropelamento de Animal,Sem Vítimas,Amanhecer,Crescente,Céu Claro,Simples,Reta,Não,2,0,0,0,2,0,0,1,"-9,091449","-40,6561579",SPRF-PE,DEL06-PE,UOP02-DEL06-PE
567834,2023-12-15,sexta-feira,04:15:00,PE,423,"59,4",LAJEDO,Animais na Pista,Atropelamento de Animal,Com Vítimas Feridas,Amanhecer,Crescente,Nublado,Simples,Reta,Sim,1,0,1,0,0,0,1,1,"-8,64676387","-36,31558317",SPRF-PE,DEL03-PE,UOP01-DEL03-PE
567837,2023-12-15,sexta-feira,06:30:00,PE,104,"87,8",AGRESTINA,Manobra de mudança de faixa,Colisão lateral sentido oposto,Com Vítimas Feridas,Pleno dia,Crescente,Nublado,Simples,Interseção de Vias,Sim,7,0,2,0,5,0,2,2,"-8,454104","-35,945515",SPRF-PE,DEL02-PE,UOP01-DEL02-PE
567842,2023-12-15,sexta-feira,06:05:00,PE,101,52,PAULISTA,Chuva,Capotamento,Com Vítimas Feridas,Pleno dia,Decrescente,Chuva,Dupla,Curva,Sim,2,0,1,0,1,0,1,1,"-7,92358799","-34,89607201",SPRF-PE,DEL01-PE,UOP02-DEL01-PE
567846,2023-12-15,sexta-feira,06:20:00,PE,101,"72,2",RECIFE,Transitar no Acostamento,Colisão transversal,Com Vítimas Feridas,Pleno dia,Decrescente,Garoa/Chuvisco,Dupla,Curva,Sim,3,0,1,0,2,0,1,2,"-8,08493106","-34,9450639",SPRF-PE,DEL01-PE,UOP01-DEL01-PE
567858,2023-12-15,sexta-feira,07:45:00,PE,232,127,CARUARU,Ausência de reação do condutor,Colisão traseira,Com Vítimas Feridas,Pleno dia,Crescente,Céu Claro,Dupla,Reta,Não,2,0,0,1,0,1,1,2,"-8,30610303","-35,96342301",SPRF-PE,DEL02-PE,UOP01-DEL02-PE
567867,2023-12-15,sexta-feira,08:15:00,PE,428,189,PETROLINA,Conversão proibida,Colisão transversal,Com Vítimas Feridas,Pleno dia,Crescente,Céu Claro,Dupla,Retorno Regulamentado;Reta    ,Sim,2,0,0,1,1,0,1,2,"-9,37197508","-40,48679585",SPRF-PE,DEL06-PE,UOP01-DEL06-PE
567900,2023-12-15,sexta-feira,10:40:00,PE,316,302,FLORESTA,Reação tardia ou ineficiente do condutor,Saída de leito carroçável,Com Vítimas Feridas,Pleno dia,Crescente,Céu Claro,Simples,Curva,Sim,4,0,3,0,1,0,3,1,"-8,60666402","-38,587711",SPRF-PE,DEL04-PE,UOP03-DEL04-PE
567950,2023-12-15,sexta-feira,14:40:00,PE,101,39,IGARASSU,Acesso irregular,Colisão transversal,Com Vítimas Feridas,Pleno dia,Decrescente,Céu Claro,Dupla,Reta,Sim,3,0,1,2,0,0,3,2,"-7,81259899","-34,91890497",SPRF-PE,DEL01-PE,UOP02-DEL01-PE
567974,2023-12-15,sexta-feira,15:50:00,PE,232,7,RECIFE,Acessar a via sem observar a presença dos outros veículos,Colisão lateral mesmo sentido,Com Vítimas Feridas,Pleno dia,Decrescente,Céu Claro,Múltipla,Retorno Regulamentado,Sim,2,0,1,0,1,0,1,2,"-8,07333497","-34,96184301",SPRF-PE,DEL01-PE,UOP01-DEL01-PE
567975,2023-11-18,sábado,18:46:00,PE,232,120,CARUARU,Entrada inopinada do pedestre,Atropelamento de Pedestre,Com Vítimas Fatais,Plena Noite,Decrescente,Céu Claro,Dupla,Reta;Declive                  ,Não,3,1,0,0,2,0,0,2,"-8,29826697","-35,90192301",SPRF-PE,DEL02-PE,UOP01-DEL02-PE
567990,2023-12-15,sexta-feira,17:20:00,PE,101,"86,8",JABOATAO DOS GUARARAPES,Ultrapassagem Indevida,Colisão lateral mesmo sentido,Com Vítimas Feridas,Anoitecer,Decrescente,Céu Claro,Dupla,Reta,Não,1,0,1,0,0,0,1,1,"-8,18470013","-34,96816895",SPRF-PE,DEL01-PE,UOP01-DEL01-PE
568028,2023-12-15,sexta-feira,15:58:00,PE,232,7,RECIFE,Reação tardia ou ineficiente do condutor,Colisão traseira,Sem Vítimas,Anoitecer,Crescente,Céu Claro,Múltipla,Reta,Não,1,0,0,0,1,0,0,1,"-8,07575267","-34,96965945",SPRF-PE,DEL01-PE,UOP01-DEL01-PE
568050,2023-12-15,sexta-feira,19:10:00,PE,101,40,JABOATAO DOS GUARARAPES,Manobra de mudança de faixa,Colisão lateral mesmo sentido,Sem Vítimas,Plena Noite,Crescente,Céu Claro,Dupla,Curva,Sim,2,0,0,0,2,0,0,2,"-8,15112589","-34,9428866",SPRF-PE,DEL01-PE,UOP02-DEL01-PE
568058,2023-12-15,sexta-feira,20:53:00,PE,101,24,IGARASSU,Demais falhas mecânicas ou elétricas,Saída de leito carroçável,Sem Vítimas,Plena Noite,Decrescente,Céu Claro,Dupla,Reta,Não,1,0,0,0,1,0,0,1,"-7,69218298","-34,92211684",SPRF-PE,DEL01-PE,UOP02-DEL01-PE
568108,2023-12-15,sexta-feira,17:00:00,PE,110,200,TACARATU,Afundamento ou ondulação no pavimento,Queda de ocupante de veículo,Com Vítimas Fatais,Pleno dia,Decrescente,Céu Claro,Simples,Reta,Não,1,1,0,0,0,0,0,1,"-8,86623883","-38,06279316",SPRF-BA,DEL07-BA,UOP01-DEL07-BA
568114,2023-12-15,sexta-feira,20:40:00,PE,316,"17,8",ARARIPINA,Transitar na contramão,Colisão frontal,Com Vítimas Feridas,Plena Noite,Crescente,Céu Claro,Simples,Aclive;Reta                   ,Não,37,0,1,1,35,0,2,2,"-7,53897388","-40,55099286",SPRF-PE,DEL05-PE,UOP02-DEL05-PE
568139,2023-12-16,sábado,05:10:00,PE,232,159,TACAIMBO,Reação tardia ou ineficiente do condutor,Saída de leito carroçável,Com Vítimas Feridas,Pleno dia,Crescente,Céu Claro,Simples,Reta,Não,5,0,4,0,1,0,4,1,"-8,32994251","-36,22627296",SPRF-PE,DEL03-PE,UOP02-DEL03-PE
568172,2023-12-16,sábado,08:27:00,PE,232,"36,1",MORENO,Acessar a via sem observar a presença dos outros veículos,Colisão transversal,Com Vítimas Feridas,Pleno dia,Crescente,Nublado,Dupla,Reta,Sim,2,0,1,0,1,0,1,2,"-8,111138","-35,202757",SPRF-PE,DEL01-PE,UOP01-DEL01-PE
568182,2023-12-16,sábado,09:50:00,PE,101,"48,5",ABREU E LIMA,Condutor deixou de manter distância do veículo da frente,Colisão traseira,Com Vítimas Feridas,Pleno dia,Crescente,Céu Claro,Múltipla,Reta,Sim,3,0,2,0,1,0,2,2,"-7,89174705","-34,9033493",SPRF-PE,DEL01-PE,UOP02-DEL01-PE
568186,2023-12-16,sábado,10:30:00,PE,232,508,SALGUEIRO,Acessar a via sem observar a presença dos outros veículos,Colisão transversal,Com Vítimas Feridas,Pleno dia,Crescente,Céu Claro,Simples,Interseção de Vias,Não,4,0,1,1,2,0,2,2,"-8,06272743","-39,12333857",SPRF-PE,DEL05-PE,UOP01-DEL05-PE
568196,2023-12-16,sábado,11:15:00,PE,101,"67,7",RECIFE,Manobra de mudança de faixa,Queda de ocupante de veículo,Com Vítimas Feridas,Pleno dia,Crescente,Céu Claro,Múltipla,Reta,Sim,1,0,1,0,0,0,1,1,"-8,042334","-34,943096",SPRF-PE,DEL01-PE,UOP01-DEL01-PE
568224,2023-12-16,sábado,14:00:00,PE,104,"114,5",PANELAS,Ingestão de álcool pelo condutor,Colisão lateral mesmo sentido,Com Vítimas Feridas,Pleno dia,Crescente,Céu Claro,Simples,Reta,Sim,2,0,1,0,1,0,1,2,"-8,651909","-36,01405",SPRF-PE,DEL02-PE,UOP03-DEL02-PE
568249,2023-12-16,sábado,15:50:00,PE,232,"137,8",CARUARU,Pedestre cruzava a pista fora da faixa,Atropelamento de Pedestre,Com Vítimas Feridas,Pleno dia,Crescente,Céu Claro,Dupla,Reta,Não,3,0,0,2,1,0,2,2,"-8,31781309","-36,05717182",SPRF-PE,DEL02-PE,UOP01-DEL02-PE
568327,2023-12-16,sábado,20:00:00,PE,104,65,CARUARU,Reação tardia ou ineficiente do condutor,Colisão traseira,Com Vítimas Feridas,Plena Noite,Crescente,Céu Claro,Dupla,Retorno Regulamentado;Declive;,Sim,3,0,1,0,2,0,1,3,"-8,2867","-35,9838",SPRF-PE,DEL02-PE,UOP01-DEL02-PE
568350,2023-12-16,sábado,21:00:00,PE,407,115,PETROLINA,Ingestão de álcool pelo condutor,Colisão traseira,Sem Vítimas,Plena Noite,Crescente,Céu Claro,Simples,Reta,Sim,3,0,0,0,3,0,0,2,"-9,2990308","-40,58250065",SPRF-PE,DEL06-PE,UOP01-DEL06-PE
568356,2023-12-05,terça-feira,20:30:00,PE,232,"414,3",SERRA TALHADA,Ingestão de álcool pelo condutor,Capotamento,Com Vítimas Feridas,Plena Noite,Decrescente,Céu Claro,Simples,Reta,Sim,1,0,0,1,0,0,1,1,"-7,99236282","-38,33750809",SPRF-PE,DEL04-PE,UOP01-DEL04-PE
568368,2023-12-16,sábado,20:45:00,PE,101,"179,3",JOAQUIM NABUCO,Transitar na contramão,Colisão lateral sentido oposto,Com Vítimas Fatais,Plena Noite,Crescente,Céu Claro,Dupla,Reta,Não,3,1,0,1,1,0,1,2,"-8,62683424","-35,55808471",SPRF-PE,DEL01-PE,UOP03-DEL01-PE
568434,2023-12-17,domingo,06:10:00,PE,101,"55,6",RECIFE,Manobra de mudança de faixa,Colisão lateral mesmo sentido,Com Vítimas Feridas,Pleno dia,Decrescente,Sol,Dupla,Reta,Não,3,0,2,0,0,1,2,2,"-7,94806621","-34,9062148",SPRF-PE,DEL01-PE,UOP02-DEL01-PE
568447,2023-12-17,domingo,07:30:00,PE,101,"18,9",GOIANA,Reação tardia ou ineficiente do condutor,Saída de leito carroçável,Com Vítimas Feridas,Pleno dia,Crescente,Céu Claro,Dupla,Reta,Não,1,0,0,1,0,0,1,1,"-7,64778973","-34,95054569",SPRF-PE,DEL01-PE,UOP02-DEL01-PE
568450,2023-12-17,domingo,02:30:00,PE,104,"103,4",CUPIRA,Animais na Pista,Atropelamento de Animal,Com Vítimas Fatais,Plena Noite,Crescente,Céu Claro,Simples,Reta;Aclive                   ,Não,3,1,0,2,0,0,2,1,"-8,589451","-35,95377",SPRF-PE,DEL02-PE,UOP03-DEL02-PE
568517,2023-12-17,domingo,15:20:00,PE,232,410,SERRA TALHADA,Ausência de reação do condutor,Queda de ocupante de veículo,Com Vítimas Feridas,Pleno dia,Crescente,Céu Claro,Simples,Reta,Sim,1,0,1,0,0,0,1,1,"-7,98261841","-38,30039606",SPRF-PE,DEL04-PE,UOP01-DEL04-PE
568560,2023-12-17,domingo,18:20:00,PE,232,"5,7",RECIFE,Acessar a via sem observar a presença dos outros veículos,Colisão traseira,Com Vítimas Feridas,Plena Noite,Crescente,Céu Claro,Dupla,Reta,Não,2,0,1,0,1,0,1,2,"-8,070092","-34,951263",SPRF-PE,DEL01-PE,UOP01-DEL01-PE
568565,2023-12-17,domingo,19:45:00,PE,232,"58,6",POMBOS,Entrada inopinada do pedestre,Atropelamento de Pedestre,Com Vítimas Fatais,Plena Noite,Decrescente,Céu Claro,Dupla,Reta,Sim,2,1,0,0,1,0,0,2,"-8,14462866","-35,39034714",SPRF-PE,DEL02-PE,UOP02-DEL02PE
568609,2023-12-17,domingo,20:40:00,PE,232,208,PESQUEIRA,Transitar na contramão,Colisão frontal,Com Vítimas Feridas,Plena Noite,Decrescente,Nublado,Simples,Reta,Não,4,0,4,0,0,0,4,2,"-8,36794109","-36,67972403",SPRF-PE,DEL03-PE,UOP02-DEL03-PE
568651,2023-12-18,segunda-feira,01:40:00,PE,316,"68,8",OURICURI,Ausência de reação do condutor,Saída de leito carroçável,Com Vítimas Fatais,Plena Noite,Decrescente,Céu Claro,Simples,Reta;Declive                  ,Não,2,2,0,0,0,0,0,1,"-7,79974423","-40,19497322",SPRF-PE,DEL05-PE,UOP02-DEL05-PE
568802,2023-12-18,segunda-feira,18:40:00,PE,408,"88,2",SAO LOURENCO DA MATA,Demais falhas na via,Queda de ocupante de veículo,Com Vítimas Feridas,Plena Noite,Decrescente,Céu Claro,Dupla,Reta;Em Obras                 ,Não,2,0,2,0,0,0,2,1,"-7,975604","-35,084905",SPRF-PE,DEL01-PE,UOP01-DEL01-PE
568827,2023-12-18,segunda-feira,21:45:00,PE,232,"7,8",RECIFE,Condutor deixou de manter distância do veículo da frente,Colisão traseira,Com Vítimas Feridas,Plena Noite,Crescente,Céu Claro,Dupla,Reta,Sim,3,0,2,0,1,0,2,2,"-8,07333497","-34,96184301",SPRF-PE,DEL01-PE,UOP01-DEL01-PE
568874,2023-12-19,terça-feira,06:15:00,PE,101,48,ABREU E LIMA,Reação tardia ou ineficiente do condutor,Colisão lateral mesmo sentido,Com Vítimas Feridas,Pleno dia,Crescente,Chuva,Dupla,Reta,Sim,2,0,1,0,1,0,1,2,"-7,88290701","-34,90461208",SPRF-PE,DEL01-PE,UOP02-DEL01-PE
568875,2023-12-19,terça-feira,02:30:00,PE,316,326,FLORESTA,Reação tardia ou ineficiente do condutor,Colisão com objeto,Com Vítimas Feridas,Plena Noite,Crescente,Nublado,Simples,Reta,Não,2,0,2,0,0,0,2,1,"-8,7357162","-38,44315001",SPRF-PE,DEL04-PE,UOP03-DEL04-PE
568901,2023-12-19,terça-feira,06:46:00,PE,101,"59,3",RECIFE,Acumulo de água sobre o pavimento,Tombamento,Com Vítimas Feridas,Pleno dia,Decrescente,Chuva,Dupla,Reta,Não,1,0,1,0,0,0,1,1,"-7,97708575","-34,92607318",SPRF-PE,DEL01-PE,UOP02-DEL01-PE
568910,2023-12-19,terça-feira,09:40:00,PE,101,"64,7",RECIFE,Ausência de reação do condutor,Colisão lateral mesmo sentido,Com Vítimas Feridas,Pleno dia,Crescente,Chuva,Dupla,Reta,Não,2,0,1,0,0,1,1,2,"-8,0162921","-34,94045886",SPRF-PE,DEL01-PE,UOP01-DEL01-PE
568977,2023-12-19,terça-feira,13:45:00,PE,232,251,ARCOVERDE,Condutor deixou de manter distância do veículo da frente,Colisão traseira,Com Vítimas Feridas,Pleno dia,Decrescente,Chuva,Simples,Reta,Não,2,0,1,0,1,0,1,2,"-8,429241","-37,060127",SPRF-PE,DEL04-PE,UOP02-DEL04-PE
569044,2023-12-19,terça-feira,18:20:00,PE,101,57,RECIFE,Ausência de reação do condutor,Tombamento,Com Vítimas Feridas,Plena Noite,Decrescente,Nublado,Dupla,Reta,Não,2,0,1,0,0,1,1,2,"-7,96346213","-34,91513486",SPRF-PE,DEL01-PE,UOP02-DEL01-PE
569076,2023-12-19,terça-feira,23:00:00,PE,101,57,RECIFE,Animais na Pista,Atropelamento de Animal,Com Vítimas Feridas,Plena Noite,Crescente,Chuva,Dupla,Reta;Declive                  ,Não,2,0,0,2,0,0,2,1,"-7,96346213","-34,91513486",SPRF-PE,DEL01-PE,UOP02-DEL01-PE
569081,2023-12-19,terça-feira,22:00:00,PE,423,"82,4",JUCATI,Transitar na contramão,Colisão lateral sentido oposto,Com Vítimas Feridas,Plena Noite,Crescente,Chuva,Simples,Reta,Não,3,0,2,1,0,0,3,2,"-8,786139","-36,432633",SPRF-PE,DEL03-PE,UOP01-DEL03-PE
569112,2023-12-20,quarta-feira,07:45:00,PE,101,"69,5",RECIFE,Acessar a via sem observar a presença dos outros veículos,Colisão transversal,Com Vítimas Feridas,Pleno dia,Crescente,Nublado,Dupla,Reta,Sim,3,0,1,0,2,0,1,2,"-8,064348","-34,944331",SPRF-PE,DEL01-PE,UOP01-DEL01-PE
569132,2023-12-20,quarta-feira,08:45:00,PE,101,13,GOIANA,Ausência de reação do condutor,Capotamento,Com Vítimas Feridas,Pleno dia,Crescente,Nublado,Dupla,Reta,Não,2,0,0,2,0,0,2,1,"-7,61043695","-34,97530291",SPRF-PE,DEL01-PE,UOP02-DEL01-PE
569153,2023-12-20,quarta-feira,11:16:00,PE,423,"97,3",GARANHUNS,Ultrapassagem Indevida,Colisão frontal,Sem Vítimas,Pleno dia,Crescente,Nublado,Simples,Reta;Interseção de Vias       ,Sim,2,0,0,0,2,0,0,2,"-8,8796227","-36,49484286",SPRF-PE,DEL03-PE,UOP01-DEL03-PE
569220,2023-12-20,quarta-feira,14:30:00,PE,316,302,FLORESTA,Ausência de reação do condutor,Colisão com objeto,Com Vítimas Feridas,Pleno dia,Decrescente,Céu Claro,Simples,Reta,Sim,3,0,0,2,0,1,2,2,"-8,60742544","-38,58074427",SPRF-PE,DEL04-PE,UOP03-DEL04-PE
569294,2023-12-20,quarta-feira,18:40:00,PE,116,"67,3",CABROBO,Ultrapassagem Indevida,Colisão frontal,Com Vítimas Feridas,Plena Noite,Decrescente,Céu Claro,Simples,Reta,Não,3,0,1,0,2,0,1,2,"-8,417872","-39,172592",SPRF-PE,DEL05-PE,UOP03-DEL05-PE
569396,2023-12-21,quinta-feira,09:00:00,PE,101,"183,6",PALMARES,Acesso irregular,Colisão lateral mesmo sentido,Com Vítimas Feridas,Pleno dia,Crescente,Nublado,Dupla,Curva;Declive                 ,Sim,2,0,2,0,0,0,2,2,"-8,66142762","-35,56549434",SPRF-PE,DEL01-PE,UOP03-DEL01-PE
569407,2023-12-21,quinta-feira,10:00:00,PE,232,"74,5",GRAVATA,Chuva,Saída de leito carroçável,Com Vítimas Feridas,Pleno dia,Crescente,Chuva,Dupla,Reta;Declive                  ,Não,2,0,2,0,0,0,2,1,"-8,19466678","-35,51728814",SPRF-PE,DEL02-PE,UOP02-DEL02PE
569440,2023-12-21,quinta-feira,12:45:00,PE,101,"67,1",RECIFE,Condutor deixou de manter distância do veículo da frente,Engavetamento,Sem Vítimas,Pleno dia,Decrescente,Céu Claro,Dupla,Reta,Sim,3,0,0,0,3,0,0,3,"-8,042334","-34,943096",SPRF-PE,DEL01-PE,UOP01-DEL01-PE
569463,2023-12-21,quinta-feira,13:30:00,PE,101,"76,5",RECIFE,Acumulo de areia ou detritos sobre o pavimento,Tombamento,Com Vítimas Feridas,Pleno dia,Decrescente,Nublado,Dupla,Declive,Sim,3,0,1,0,1,1,1,2,"-8,11813811","-34,94329214",SPRF-PE,DEL01-PE,UOP01-DEL01-PE
569467,2023-12-21,quinta-feira,13:40:00,PE,101,83,JABOATAO DOS GUARARAPES,Ultrapassagem Indevida,Colisão com objeto,Com Vítimas Feridas,Pleno dia,Crescente,Nublado,Dupla,Curva,Sim,1,0,0,1,0,0,1,1,"-8,175172","-34,942642",SPRF-PE,DEL01-PE,UOP01-DEL01-PE
569510,2023-12-21,quinta-feira,14:30:00,PE,232,21,MORENO,Velocidade Incompatível,Saída de leito carroçável,Com Vítimas Feridas,Pleno dia,Decrescente,Céu Claro,Dupla,Reta,Não,1,0,1,0,0,0,1,1,"-8,09580234","-35,08012588",SPRF-PE,DEL01-PE,UOP01-DEL01-PE
569511,2023-12-21,quinta-feira,17:10:00,PE,423,"77,6",JUCATI,Condutor deixou de manter distância do veículo da frente,Colisão traseira,Com Vítimas Feridas,Plena Noite,Decrescente,Nublado,Simples,Reta;Aclive                   ,Não,6,0,2,0,4,0,2,2,"-8,740482","-36,43069893",SPRF-PE,DEL03-PE,UOP01-DEL03-PE
569537,2023-12-21,quinta-feira,18:40:00,PE,232,10,JABOATAO DOS GUARARAPES,Condutor deixou de manter distância do veículo da frente,Colisão lateral mesmo sentido,Sem Vítimas,Plena Noite,Decrescente,Céu Claro,Múltipla,Reta,Sim,2,0,0,0,2,0,0,2,"-8,07917241","-34,98718609",SPRF-PE,DEL01-PE,UOP01-DEL01-PE
569544,2023-12-21,quinta-feira,20:30:00,PE,428,"184,6",PETROLINA,Acessar a via sem observar a presença dos outros veículos,Colisão transversal,Com Vítimas Feridas,Plena Noite,Decrescente,Nublado,Dupla,Reta,Sim,4,0,2,0,2,0,2,2,"-9,33211208","-40,46621385",SPRF-PE,DEL06-PE,UOP01-DEL06-PE
569566,2023-12-21,quinta-feira,20:30:00,PE,423,37,CACHOEIRINHA,Acessar a via sem observar a presença dos outros veículos,Queda de ocupante de veículo,Com Vítimas Feridas,Plena Noite,Crescente,Nublado,Simples,Curva,Não,2,0,0,1,1,0,1,2,"-8,47542022","-36,22203249",SPRF-PE,DEL03-PE,UOP02-DEL03-PE
569615,2023-12-22,sexta-feira,06:50:00,PE,101,77,RECIFE,Demais falhas mecânicas ou elétricas,Saída de leito carroçável,Sem Vítimas,Pleno dia,Crescente,Céu Claro,Dupla,Reta,Sim,2,0,0,0,2,0,0,1,"-8,126982","-34,94386",SPRF-PE,DEL01-PE,UOP01-DEL01-PE
569738,2023-12-22,sexta-feira,13:45:00,PE,423,96,GARANHUNS,Conversão proibida,Colisão transversal,Com Vítimas Feridas,Pleno dia,Crescente,Céu Claro,Simples,Aclive;Reta                   ,Não,2,0,1,0,1,0,1,2,"-8,88021822","-36,48651678",SPRF-PE,DEL03-PE,UOP01-DEL03-PE
569747,2023-12-22,sexta-feira,16:25:00,PE,101,65,RECIFE,Condutor deixou de manter distância do veículo da frente,Colisão traseira,Sem Vítimas,Pleno dia,Decrescente,Céu Claro,Múltipla,Reta,Sim,2,0,0,0,1,1,0,2,"-8,02478597","-34,94276635",SPRF-PE,DEL01-PE,UOP01-DEL01-PE
569769,2023-12-22,sexta-feira,17:00:00,PE,101,"63,6",RECIFE,Manobra de mudança de faixa,Colisão lateral mesmo sentido,Com Vítimas Feridas,Pleno dia,Decrescente,Céu Claro,Dupla,Reta,Sim,2,0,1,0,1,0,1,2,"-8,013572","-34,938876",SPRF-PE,DEL01-PE,UOP01-DEL01-PE
569838,2023-12-22,sexta-feira,19:00:00,PE,424,"19,2",PEDRA,Acessar a via sem observar a presença dos outros veículos,Colisão transversal,Com Vítimas Feridas,Plena Noite,Decrescente,Céu Claro,Simples,Reta,Sim,3,0,1,1,1,0,2,2,"-8,50257626","-36,93358845",SPRF-PE,DEL04-PE,UOP02-DEL04-PE
569842,2023-12-22,sexta-feira,21:30:00,PE,232,326,CUSTODIA,Animais na Pista,Atropelamento de Animal,Com Vítimas Feridas,Plena Noite,Crescente,Céu Claro,Simples,Reta,Não,2,0,1,1,0,0,2,1,"-8,09113514","-37,59520501",SPRF-PE,DEL04-PE,UOP02-DEL04-PE
569865,2023-12-22,sexta-feira,23:20:00,PE,232,"5,7",RECIFE,Ausência de reação do condutor,Saída de leito carroçável,Com Vítimas Feridas,Plena Noite,Decrescente,Nublado,Múltipla,Curva,Não,1,0,0,1,0,0,1,1,"-8,06795766","-34,94535414",SPRF-PE,DEL01-PE,UOP01-DEL01-PE
569919,2023-12-23,sábado,05:50:00,PE,428,"94,4",SANTA MARIA DA BOA VISTA,Demais falhas mecânicas ou elétricas,Queda de ocupante de veículo,Com Vítimas Feridas,Pleno dia,Crescente,Céu Claro,Simples,Reta,Não,2,0,2,0,0,0,2,1,"-8,81058587","-39,91203508",SPRF-PE,DEL06-PE,UOP03-DEL06-PE
569948,2023-12-23,sábado,07:20:00,PE,101,198,XEXEU,Ausência de reação do condutor,Colisão com objeto,Com Vítimas Feridas,Amanhecer,Decrescente,Chuva,Dupla,Curva;Declive                 ,Não,2,0,2,0,0,0,2,1,"-8,76148765","-35,60636203",SPRF-PE,DEL01-PE,UOP03-DEL01-PE
570060,2023-12-23,sábado,15:30:00,PE,101,75,RECIFE,Reação tardia ou ineficiente do condutor,Colisão traseira,Sem Vítimas,Pleno dia,Crescente,Nublado,Dupla,Reta,Sim,3,0,0,0,3,0,0,3,"-8,10973523","-34,94660151",SPRF-PE,DEL01-PE,UOP01-DEL01-PE
570062,2023-12-23,sábado,15:11:00,PE,104,"86,7",AGRESTINA,Reação tardia ou ineficiente do condutor,Colisão traseira,Com Vítimas Feridas,Pleno dia,Crescente,Céu Claro,Simples,Reta,Sim,4,0,1,0,3,0,1,3,"-8,446782","-35,951046",SPRF-PE,DEL02-PE,UOP01-DEL02-PE
570070,2023-10-29,domingo,09:30:00,PE,423,92,GARANHUNS,Acessar a via sem observar a presença dos outros veículos,Colisão transversal,Com Vítimas Feridas,Pleno dia,Crescente,Garoa/Chuvisco,Simples,Reta,Não,3,0,2,0,1,0,2,2,"-8,8619549","-36,46381174",SPRF-PE,DEL03-PE,UOP01-DEL03-PE
570081,2023-12-23,sábado,16:39:00,PE,232,"9,3",JABOATAO DOS GUARARAPES,Condutor usando celular,Atropelamento de Pedestre,Com Vítimas Feridas,Pleno dia,Crescente,Céu Claro,Múltipla,Reta,Não,2,0,0,1,1,0,1,2,"-8,078778","-34,985386",SPRF-PE,DEL01-PE,UOP01-DEL01-PE