id,data_inversa,dia_semana,horario,uf,br,km,municipio,causa_acidente,tipo_acidente,classificacao_acidente,fase_dia,sentido_via,condicao_metereologica,tipo_pista,tracado_via,uso_solo,pessoas,mortos,feridos_leves,feridos_graves,ilesos,ignorados,feridos,veiculos,latitude,longitude,regional,delegacia,uop
570092,2023-12-23,sábado,17:00:00,PE,232,8,RECIFE,Ausência de reação do condutor,Colisão traseira,Com Vítimas Feridas,Anoitecer,Decrescente,Céu Claro,Múltipla,Reta,Sim,2,0,0,1,1,0,1,2,"-8,07583727","-34,97015791",SPRF-PE,DEL01-PE,UOP01-DEL01-PE
570104,2023-12-23,sábado,18:00:00,PE,110,235,INAJA,Demais falhas na via,Capotamento,Com Vítimas Feridas,Plena Noite,Crescente,Céu Claro,Simples,Reta,Não,4,0,3,0,1,0,3,1,"-8,6809546","-37,85637938",SPRF-BA,DEL07-BA,UOP01-DEL07-BA
570138,2023-12-23,sábado,19:22:00,PE,232,9,JABOATAO DOS GUARARAPES,Entrada inopinada do pedestre,Atropelamento de Pedestre,Com Vítimas Feridas,Plena Noite,Crescente,Céu Claro,Múltipla,Reta,Sim,2,0,0,1,1,0,1,2,"-8,07764447","-34,97863609",SPRF-PE,DEL01-PE,UOP01-DEL01-PE
570143,2023-12-23,sábado,19:56:00,PE,101,"54,5",PAULISTA,Pedestre andava na pista,Atropelamento de Pedestre,Com Vítimas Fatais,Plena Noite,Decrescente,Céu Claro,Múltipla,Curva;Declive                 ,Sim,2,1,0,0,1,0,0,2,"-7,93961103","-34,90356584",SPRF-PE,DEL01-PE,UOP02-DEL01-PE
570200,2023-12-23,sábado,23:46:00,PE,408,"20,6",TIMBAUBA,Ultrapassagem Indevida,Colisão frontal,Com Vítimas Feridas,Plena Noite,Decrescente,Céu Claro,Simples,Aclive,Não,2,0,0,1,1,0,1,2,"-7,52257159","-35,29948406",SPRF-PE,DEL01-PE,UOP02-DEL01-PE
570209,2023-12-24,domingo,01:00:00,PE,232,"335,4",CUSTODIA,Manobra de mudança de faixa,Colisão com objeto,Com Vítimas Fatais,Plena Noite,Crescente,Ignorado,Simples,Reta,Sim,1,1,0,0,0,0,0,1,"-8,0843408","-37,64570494",SPRF-PE,DEL04-PE,UOP02-DEL04-PE
570220,2023-12-24,domingo,00:50:00,PE,408,57,TRACUNHAEM,Animais na Pista,Atropelamento de Pedestre,Com Vítimas Fatais,Plena Noite,Decrescente,Céu Claro,Simples,Reta,Não,1,1,0,0,0,0,0,1,"-7,81426694","-35,24460015",SPRF-PE,DEL01-PE,UOP01-DEL01-PE
570280,2023-12-24,domingo,08:32:00,PE,101,69,RECIFE,Acessar a via sem observar a presença dos outros veículos,Colisão transversal,Com Vítimas Feridas,Pleno dia,Decrescente,Céu Claro,Simples,Reta,Sim,2,0,1,0,1,0,1,2,"-8,05951606","-34,94581024",SPRF-PE,DEL01-PE,UOP01-DEL01-PE
570304,2023-12-24,domingo,11:15:00,PE,408,93,SAO LOURENCO DA MATA,Frear bruscamente,Colisão traseira,Com Vítimas Feridas,Pleno dia,Crescente,Sol,Dupla,Reta;Aclive                   ,Sim,2,0,1,0,1,0,1,2,"-8,00201425","-35,05473707",SPRF-PE,DEL01-PE,UOP01-DEL01-PE
570310,2023-12-24,domingo,10:04:00,PE,232,"409,4",SERRA TALHADA,Mal súbito do condutor,Colisão com objeto,Sem Vítimas,Pleno dia,Crescente,Céu Claro,Simples,Reta,Sim,1,0,0,0,1,0,0,1,"-7,981777","-38,292534",SPRF-PE,DEL04-PE,UOP01-DEL04-PE
570367,2023-12-24,domingo,17:01:00,PE,101,70,RECIFE,Ultrapassagem Indevida,Colisão com objeto,Sem Vítimas,Pleno dia,Crescente,Sol,Simples,Curva,Sim,1,0,0,0,1,0,0,1,"-8,06776119","-34,94265074",SPRF-PE,DEL01-PE,UOP01-DEL01-PE
570371,2023-12-24,domingo,15:30:00,PE,423,175,AGUAS BELAS,Transitar na contramão,Colisão frontal,Com Vítimas Feridas,Pleno dia,Decrescente,Céu Claro,Simples,Reta,Não,5,0,3,2,0,0,5,2,"-9,12954837","-37,09645099",SPRF-AL,DEL03-AL,UOP02-DEL03-AL
570385,2023-12-24,domingo,19:33:00,PE,407,"86,9",PETROLINA,Ingestão de álcool pelo condutor,Colisão transversal,Com Vítimas Feridas,Plena Noite,Crescente,Céu Claro,Simples,Reta,Não,4,0,1,1,2,0,2,2,"-9,07500114","-40,66410928",SPRF-PE,DEL06-PE,UOP02-DEL06-PE
570390,2023-12-24,domingo,21:35:00,PE,316,54,TRINDADE,Animais na Pista,Atropelamento de Animal,Com Vítimas Feridas,Plena Noite,Decrescente,Céu Claro,Simples,Reta,Não,1,0,0,1,0,0,1,1,"-7,73669808","-40,29450303",SPRF-PE,DEL05-PE,UOP02-DEL05-PE
570445,2023-12-25,segunda-feira,06:50:00,PE,101,76,RECIFE,Transtornos Mentais (exceto suicidio),Queda de ocupante de veículo,Com Vítimas Feridas,Pleno dia,Decrescente,Céu Claro,Dupla,Reta,Não,2,0,1,0,1,0,1,1,"-8,11813811","-34,94329214",SPRF-PE,DEL01-PE,UOP01-DEL01-PE
570454,2023-12-25,segunda-feira,09:15:00,PE,232,"15,4",JABOATAO DOS GUARARAPES,Condutor Dormindo,Colisão lateral mesmo sentido,Sem Vítimas,Pleno dia,Decrescente,Nublado,Dupla,Curva,Não,2,0,0,0,2,0,0,2,"-8,093643","-35,031791",SPRF-PE,DEL01-PE,UOP01-DEL01-PE
570464,2023-12-25,segunda-feira,11:00:00,PE,101,"46,7",IGARASSU,Acessar a via sem observar a presença dos outros veículos,Atropelamento de Pedestre,Com Vítimas Feridas,Pleno dia,Decrescente,Sol,Múltipla,Reta,Sim,3,0,2,0,1,0,2,2,"-7,87406004","-34,90588126",SPRF-PE,DEL01-PE,UOP02-DEL01-PE
570517,2023-12-25,segunda-feira,16:44:00,PE,232,69,GRAVATA,Ausência de reação do condutor,Colisão traseira,Com Vítimas Feridas,Pleno dia,Crescente,Céu Claro,Dupla,Reta;Aclive                   ,Não,3,0,1,0,2,0,1,2,"-8,17240309","-35,47993595",SPRF-PE,DEL02-PE,UOP02-DEL02PE
570519,2023-12-25,segunda-feira,16:34:00,PE,232,"7,9",RECIFE,Condutor deixou de manter distância do veículo da frente,Colisão traseira,Com Vítimas Feridas,Pleno dia,Crescente,Céu Claro,Múltipla,Reta,Não,3,0,2,0,0,1,2,2,"-8,07333497","-34,96184301",SPRF-PE,DEL01-PE,UOP01-DEL01-PE
570526,2023-12-25,segunda-feira,16:45:00,PE,232,237,ARCOVERDE,Acessar a via sem observar a presença dos outros veículos,Colisão transversal,Com Vítimas Feridas,Anoitecer,Crescente,Céu Claro,Simples,Declive,Não,2,0,0,1,1,0,1,2,"-8,41563421","-36,93527886",SPRF-PE,DEL04-PE,UOP02-DEL04-PE
570569,2023-12-25,segunda-feira,19:30:00,PE,101,71,RECIFE,Ausência de reação do condutor,Colisão com objeto,Com Vítimas Feridas,Plena Noite,Crescente,Nublado,Dupla,Reta,Sim,1,0,1,0,0,0,1,1,"-8,07663102","-34,94277871",SPRF-PE,DEL01-PE,UOP01-DEL01-PE
570570,2023-12-25,segunda-feira,17:30:00,PE,232,48,VITORIA DE SANTO ANTAO,Velocidade Incompatível,Colisão lateral mesmo sentido,Com Vítimas Feridas,Plena Noite,Decrescente,Nublado,Dupla,Reta,Não,7,0,2,0,5,0,2,2,"-8,14168181","-35,30561909",SPRF-PE,DEL01-PE,UOP01-DEL01-PE
570575,2023-12-25,segunda-feira,19:00:00,PE,104,117,PANELAS,Animais na Pista,Atropelamento de Animal,Com Vítimas Feridas,Plena Noite,Crescente,Céu Claro,Simples,Reta,Não,2,0,2,0,0,0,2,1,"-8,678699","-36,015617",SPRF-PE,DEL02-PE,UOP03-DEL02-PE
570582,2023-12-25,segunda-feira,20:15:00,PE,423,75,JUPI,Conversão proibida,Colisão frontal,Com Vítimas Feridas,Plena Noite,Decrescente,Céu Claro,Simples,Aclive;Reta                   ,Não,2,0,0,1,1,0,1,2,"-8,72421234","-36,42879161",SPRF-PE,DEL03-PE,UOP01-DEL03-PE
570617,2023-12-26,terça-feira,02:46:00,PE,232,"4,9",RECIFE,Reação tardia ou ineficiente do condutor,Saída de leito carroçável,Sem Vítimas,Plena Noite,Crescente,Céu Claro,Dupla,Curva,Não,1,0,0,0,0,1,0,1,"-8,064473","-34,936928",SPRF-PE,DEL01-PE,UOP01-DEL01-PE
570626,2023-12-26,terça-feira,04:40:00,PE,408,94,SAO LOURENCO DA MATA,Ausência de reação do condutor,Colisão com objeto,Com Vítimas Fatais,Amanhecer,Decrescente,Chuva,Dupla,Retorno Regulamentado,Sim,1,1,0,0,0,0,0,1,"-8,005804","-35,044042",SPRF-PE,DEL01-PE,UOP01-DEL01-PE
570630,2023-12-26,terça-feira,07:15:00,PE,408,"94,2",SAO LOURENCO DA MATA,Curva acentuada,Queda de ocupante de veículo,Com Vítimas Feridas,Pleno dia,Decrescente,Chuva,Simples,Curva,Não,1,0,0,1,0,0,1,1,"-8,00448211","-35,04643006",SPRF-PE,DEL01-PE,UOP01-DEL01-PE
570631,2023-12-26,terça-feira,07:20:00,PE,408,"100,6",SAO LOURENCO DA MATA,Demais falhas na via,Saída de leito carroçável,Com Vítimas Feridas,Pleno dia,Crescente,Nublado,Dupla,Viaduto,Não,1,0,1,0,0,0,1,1,"-8,04364056","-35,01674995",SPRF-PE,DEL01-PE,UOP01-DEL01-PE
570643,2023-12-26,terça-feira,07:00:00,PE,408,"73,5",PAUDALHO,Chuva,Saída de leito carroçável,Com Vítimas Fatais,Pleno dia,Decrescente,Chuva,Dupla,Curva;Aclive                  ,Não,1,1,0,0,0,0,0,1,"-7,89069683","-35,17793383",SPRF-PE,DEL01-PE,UOP01-DEL01-PE
570651,2023-12-26,terça-feira,08:29:00,PE,101,58,RECIFE,Transitar no Acostamento,Atropelamento de Pedestre,Com Vítimas Feridas,Pleno dia,Crescente,Nublado,Dupla,Declive,Sim,3,0,2,1,0,0,3,2,"-7,97063209","-34,92064675",SPRF-PE,DEL01-PE,UOP02-DEL01-PE
570676,2023-12-26,terça-feira,11:00:00,PE,428,6,CABROBO,Condutor Dormindo,Colisão com objeto,Sem Vítimas,Pleno dia,Crescente,Céu Claro,Simples,Reta;Ponte                    ,Não,3,0,0,0,3,0,0,1,"-8,51821232","-39,28710938",SPRF-PE,DEL05-PE,UOP03-DEL05-PE
570685,2023-12-26,terça-feira,12:00:00,PE,232,"5,7",RECIFE,Pedestre cruzava a pista fora da faixa,Atropelamento de Pedestre,Com Vítimas Feridas,Pleno dia,Crescente,Céu Claro,Dupla,Reta,Sim,2,0,1,1,0,0,2,2,"-8,06795766","-34,94535414",SPRF-PE,DEL01-PE,UOP01-DEL01-PE
570720,2023-12-26,terça-feira,15:30:00,PE,101,"68,5",RECIFE,Trafegar com motocicleta (ou similar) entre as faixas,Colisão lateral mesmo sentido,Com Vítimas Feridas,Pleno dia,Decrescente,Céu Claro,Múltipla,Reta,Não,3,0,1,0,2,0,1,3,"-8,05074296","-34,94580619",SPRF-PE,DEL01-PE,UOP01-DEL01-PE
570729,2023-12-26,terça-feira,16:00:00,PE,407,"126,7",PETROLINA,Ausência de reação do condutor,Colisão traseira,Sem Vítimas,Pleno dia,Crescente,Céu Claro,Simples,Reta;Em Obras                 ,Sim,3,0,0,0,3,0,0,2,"-9,39105751","-40,51985079",SPRF-PE,DEL06-PE,UOP01-DEL06-PE
570744,2023-12-26,terça-feira,17:15:00,PE,101,"84,8",JABOATAO DOS GUARARAPES,Trafegar com motocicleta (ou similar) entre as faixas,Colisão traseira,Com Vítimas Feridas,Pleno dia,Decrescente,Céu Claro,Dupla,Reta,Não,3,0,0,1,2,0,1,2,"-8,17778559","-34,95087297",SPRF-PE,DEL01-PE,UOP01-DEL01-PE
570773,2023-12-26,terça-feira,18:30:00,PE,232,110,BEZERROS,Ausência de reação do condutor,Saída de leito carroçável,Com Vítimas Feridas,Plena Noite,Crescente,Céu Claro,Dupla,Retorno Regulamentado;Curva   ,Não,1,0,1,0,0,0,1,1,"-8,28634529","-35,81755579",SPRF-PE,DEL02-PE,UOP02-DEL02PE
570775,2023-12-26,terça-feira,19:50:00,PE,423,70,JUPI,Ingestão de álcool pelo condutor,Saída de leito carroçável,Com Vítimas Feridas,Plena Noite,Crescente,Céu Claro,Simples,Reta,Não,2,0,1,1,0,0,2,1,"-8,68393495","-36,40767506",SPRF-PE,DEL03-PE,UOP01-DEL03-PE
570867,2023-12-27,quarta-feira,10:55:00,PE,101,80,JABOATAO DOS GUARARAPES,Condutor deixou de manter distância do veículo da frente,Colisão lateral mesmo sentido,Com Vítimas Feridas,Pleno dia,Crescente,Céu Claro,Dupla,Reta,Não,3,0,2,0,1,0,2,2,"-8,160539","-34,940279",SPRF-PE,DEL01-PE,UOP01-DEL01-PE
570868,2023-12-27,quarta-feira,09:30:00,PE,101,"103,5",CABO DE SANTO AGOSTINHO,Manobra de mudança de faixa,Colisão lateral mesmo sentido,Com Vítimas Feridas,Pleno dia,Crescente,Sol,Dupla,Curva;Declive                 ,Não,3,0,2,0,0,1,2,2,"-8,29241321","-35,05598304",SPRF-PE,DEL01-PE,UOP03-DEL01-PE
570869,2023-12-27,quarta-feira,09:40:00,PE,316,349,PETROLANDIA,Reação tardia ou ineficiente do condutor,Capotamento,Com Vítimas Fatais,Pleno dia,Crescente,Céu Claro,Simples,Reta,Não,2,1,1,0,0,0,1,1,"-8,86163701","-38,30015011",SPRF-PE,DEL04-PE,UOP03-DEL04-PE
570877,2023-12-27,quarta-feira,11:49:00,PE,101,73,RECIFE,Reação tardia ou ineficiente do condutor,Queda de ocupante de veículo,Com Vítimas Feridas,Pleno dia,Decrescente,Sol,Dupla,Curva;Retorno Regulamentado   ,Não,2,0,1,0,0,1,1,1,"-8,093369","-34,947464",SPRF-PE,DEL01-PE,UOP01-DEL01-PE
570907,2023-12-27,quarta-feira,14:30:00,PE,232,4,RECIFE,Reação tardia ou ineficiente do condutor,Saída de leito carroçável,Com Vítimas Feridas,Pleno dia,Decrescente,Céu Claro,Simples,Curva,Sim,1,0,1,0,0,0,1,1,"-8,064473","-34,936928",SPRF-PE,DEL01-PE,UOP01-DEL01-PE
571030,2023-12-28,quinta-feira,08:20:00,PE,101,70,RECIFE,Avarias e/ou desgaste excessivo no pneu,Atropelamento de Animal,Com Vítimas Feridas,Pleno dia,Crescente,Sol,Múltipla,Reta,Sim,2,0,2,0,0,0,2,1,"-8,06776119","-34,94265074",SPRF-PE,DEL01-PE,UOP01-DEL01-PE
571060,2023-12-28,quinta-feira,11:00:00,PE,232,"100,2",BEZERROS,Entrada inopinada do pedestre,Atropelamento de Pedestre,Com Vítimas Feridas,Pleno dia,Decrescente,Céu Claro,Simples,Aclive;Reta                   ,Sim,2,0,1,1,0,0,2,2,"-8,23791176","-35,74297705",SPRF-PE,DEL02-PE,UOP02-DEL02PE
571082,2023-12-28,quinta-feira,12:30:00,PE,101,"65,4",RECIFE,Acessar a via sem observar a presença dos outros veículos,Tombamento,Com Vítimas Feridas,Pleno dia,Crescente,Céu Claro,Dupla,Reta,Sim,2,0,1,1,0,0,2,1,"-8,028941","-34,943187",SPRF-PE,DEL01-PE,UOP01-DEL01-PE
571139,2023-12-28,quinta-feira,17:00:00,PE,101,"44,9",IGARASSU,Reação tardia ou ineficiente do condutor,Colisão traseira,Com Vítimas Feridas,Pleno dia,Crescente,Céu Claro,Múltipla,Reta,Sim,2,0,1,0,0,1,1,2,"-7,85637001","-34,90842109",SPRF-PE,DEL01-PE,UOP02-DEL01-PE
571143,2023-12-28,quinta-feira,15:26:00,PE,232,"82,8",GRAVATA,Reação tardia ou ineficiente do condutor,Saída de leito carroçável,Com Vítimas Feridas,Pleno dia,Crescente,Céu Claro,Dupla,Curva,Sim,2,0,0,1,1,0,1,1,"-8,19905415","-35,58715194",SPRF-PE,DEL02-PE,UOP02-DEL02PE
571162,2023-12-28,quinta-feira,19:20:00,PE,101,34,ITAPISSUMA,Acessar a via sem observar a presença dos outros veículos,Colisão lateral mesmo sentido,Com Vítimas Feridas,Plena Noite,Crescente,Céu Claro,Dupla,Interseção de Vias;Reta       ,Não,2,0,1,0,1,0,1,2,"-7,77092801","-34,93524623",SPRF-PE,DEL01-PE,UOP02-DEL01-PE
571172,2023-12-28,quinta-feira,19:00:00,PE,232,409,SERRA TALHADA,Acessar a via sem observar a presença dos outros veículos,Colisão transversal,Com Vítimas Feridas,Pleno dia,Crescente,Céu Claro,Simples,Reta,Não,2,0,0,1,0,1,1,2,"-7,981944","-38,289467",SPRF-PE,DEL04-PE,UOP01-DEL04-PE
571191,2023-12-28,quinta-feira,22:30:00,PE,101,46,IGARASSU,Entrada inopinada do pedestre,Atropelamento de Pedestre,Com Vítimas Feridas,Plena Noite,Decrescente,Céu Claro,Dupla,Reta,Sim,2,0,0,1,1,0,1,2,"-7,87406004","-34,90588126",SPRF-PE,DEL01-PE,UOP02-DEL01-PE
571194,2023-12-28,quinta-feira,21:45:00,PE,101,"52,6",PAULISTA,Pedestre cruzava a pista fora da faixa,Atropelamento de Pedestre,Com Vítimas Fatais,Pleno dia,Decrescente,Céu Claro,Dupla,Reta,Sim,2,1,0,0,0,1,0,2,"-7,92358799","-34,89607201",SPRF-PE,DEL01-PE,UOP02-DEL01-PE
571217,2023-12-29,sexta-feira,04:40:00,PE,232,"75,3",GRAVATA,Manobra de mudança de faixa,Colisão lateral mesmo sentido,Sem Vítimas,Amanhecer,Decrescente,Céu Claro,Dupla,Aclive;Reta                   ,Não,2,0,0,0,2,0,0,2,"-8,196952","-35,529042",SPRF-PE,DEL02-PE,UOP02-DEL02PE
571281,2023-12-29,sexta-feira,11:30:00,PE,232,167,TACAIMBO,Reação tardia ou ineficiente do condutor,Colisão lateral mesmo sentido,Sem Vítimas,Pleno dia,Crescente,Céu Claro,Simples,Reta,Não,2,0,0,0,2,0,0,2,"-8,338992","-36,31677",SPRF-PE,DEL03-PE,UOP02-DEL03-PE
571305,2023-12-29,sexta-feira,14:40:00,PE,101,"68,2",RECIFE,Acesso irregular,Colisão lateral mesmo sentido,Com Vítimas Feridas,Pleno dia,Decrescente,Céu Claro,Dupla,Rotatória,Sim,2,0,1,0,0,1,1,2,"-8,05074296","-34,94580619",SPRF-PE,DEL01-PE,UOP01-DEL01-PE
571314,2023-12-29,sexta-feira,15:35:00,PE,232,5,RECIFE,Acumulo de óleo sobre o pavimento,Queda de ocupante de veículo,Com Vítimas Feridas,Pleno dia,Decrescente,Céu Claro,Simples,Curva,Sim,1,0,1,0,0,0,1,1,"-8,067726","-34,945953",SPRF-PE,DEL01-PE,UOP01-DEL01-PE
571327,2023-12-29,sexta-feira,16:00:00,PE,407,107,PETROLINA,Acessar a via sem observar a presença dos outros veículos,Colisão transversal,Com Vítimas Feridas,Pleno dia,Crescente,Céu Claro,Simples,Interseção de Vias;Reta       ,Não,2,0,1,0,1,0,1,2,"-9,24481873","-40,61422348",SPRF-PE,DEL06-PE,UOP01-DEL06-PE
571355,2023-12-29,sexta-feira,18:00:00,PE,101,93,CABO DE SANTO AGOSTINHO,Reação tardia ou ineficiente do condutor,Incêndio,Sem Vítimas,Plena Noite,Crescente,Céu Claro,Dupla,Curva,Não,1,0,0,0,0,1,0,1,"-8,2396419","-35,00335418",SPRF-PE,DEL01-PE,UOP01-DEL01-PE
571373,2023-12-29,sexta-feira,20:40:00,PE,104,72,CARUARU,Transitar na contramão,Colisão frontal,Com Vítimas Feridas,Plena Noite,Crescente,Céu Claro,Simples,Reta,Não,3,0,0,2,1,0,2,2,"-8,332917","-35,981609",SPRF-PE,DEL02-PE,UOP01-DEL02-PE
571388,2023-12-29,sexta-feira,21:20:00,PE,232,"70,6",GRAVATA,Velocidade Incompatível,Colisão com objeto,Sem Vítimas,Plena Noite,Crescente,Céu Claro,Dupla,Reta;Declive                  ,Não,1,0,0,0,0,1,0,1,"-8,18339188","-35,49181581",SPRF-PE,DEL02-PE,UOP02-DEL02PE
571506,2023-12-30,sábado,12:50:00,PE,101,"66,7",RECIFE,Condutor usando celular,Colisão traseira,Com Vítimas Feridas,Pleno dia,Decrescente,Céu Claro,Múltipla,Viaduto,Sim,2,0,1,0,1,0,1,2,"-8,03368534","-34,94184125",SPRF-PE,DEL01-PE,UOP01-DEL01-PE
571527,2023-12-30,sábado,14:40:00,PE,101,"77,5",RECIFE,Acessar a via sem observar a presença dos outros veículos,Colisão transversal,Com Vítimas Feridas,Pleno dia,Crescente,Céu Claro,Dupla,Retorno Regulamentado;Reta;Int,Sim,2,0,1,1,0,0,2,2,"-8,131377","-34,945541",SPRF-PE,DEL01-PE,UOP01-DEL01-PE
571615,2023-12-30,sábado,23:00:00,PE,424,"87,9",GARANHUNS,Transitar na contramão,Colisão frontal,Com Vítimas Fatais,Plena Noite,Decrescente,Céu Claro,Simples,Reta;Aclive                   ,Não,2,1,0,0,0,1,0,2,"-8,874289","-36,507607",SPRF-PE,DEL03-PE,UOP01-DEL03-PE
571624,2023-12-31,domingo,01:05:00,PE,424,89,GARANHUNS,Reação tardia ou ineficiente do condutor,Saída de leito carroçável,Com Vítimas Feridas,Plena Noite,Crescente,Céu Claro,Simples,Declive;Curva                 ,Sim,2,0,2,0,0,0,2,1,"-8,89138375","-36,50571483",SPRF-PE,DEL03-PE,UOP01-DEL03-PE
571670,2023-12-31,domingo,09:00:00,PE,232,"59,4",POMBOS,Pedestre cruzava a pista fora da faixa,Atropelamento de Pedestre,Com Vítimas Feridas,Pleno dia,Crescente,Céu Claro,Dupla,Reta,Sim,2,0,1,1,0,0,2,2,"-8,1471233","-35,39890998",SPRF-PE,DEL02-PE,UOP02-DEL02PE
571675,2023-12-31,domingo,10:55:00,PE,101,45,IGARASSU,Animais na Pista,Colisão traseira,Com Vítimas Feridas,Pleno dia,Decrescente,Sol,Múltipla,Reta,Sim,4,0,2,0,1,1,2,3,"-7,86521297","-34,90715176",SPRF-PE,DEL01-PE,UOP02-DEL01-PE
571705,2023-12-31,domingo,15:19:00,PE,101,69,RECIFE,Condutor deixou de manter distância do veículo da frente,Colisão traseira,Com Vítimas Feridas,Pleno dia,Crescente,Céu Claro,Múltipla,Reta,Sim,3,0,1,0,2,0,1,3,"-8,062431","-34,945161",SPRF-PE,DEL01-PE,UOP01-DEL01-PE
571755,2023-12-31,domingo,19:15:00,PE,232,355,FLORES,Acessar a via sem observar a presença dos outros veículos,Colisão transversal,Com Vítimas Feridas,Plena Noite,Crescente,Nublado,Simples,Reta,Não,2,0,0,2,0,0,2,2,"-8,053273","-37,831716",SPRF-PE,DEL04-PE,UOP01-DEL04-PE
571766,2023-12-31,domingo,21:50:00,PE,101,81,JABOATAO DOS GUARARAPES,Animais na Pista,Atropelamento de Animal,Com Vítimas Feridas,Plena Noite,Decrescente,Céu Claro,Dupla,Reta,Sim,2,0,2,0,0,0,2,1,"-8,1597489","-34,94024569",SPRF-PE,DEL01-PE,UOP01-DEL01-PE
573336,2023-08-16,quarta-feira,15:10:00,PE,232,"96,4",BEZERROS,Demais falhas mecânicas ou elétricas,Incêndio,Sem Vítimas,Pleno dia,Decrescente,Céu Claro,Dupla,Reta,Não,1,0,0,0,0,1,0,1,"-8,23076854","-35,70778281",SPRF-PE,DEL02-PE,UOP02-DEL02PE
573647,2023-12-29,sexta-feira,07:45:00,PE,428,44,OROCO,Manobra de mudança de faixa,Colisão traseira,Com Vítimas Feridas,Pleno dia,Decrescente,Céu Claro,Simples,Reta,Não,2,0,1,0,1,0,1,2,"-8,58333522","-39,58547861",SPRF-PE,DEL05-PE,UOP03-DEL05-PE
573747,2023-12-31,domingo,20:10:00,PE,316,28,ARARIPINA,Demais falhas mecânicas ou elétricas,Incêndio,Sem Vítimas,Plena Noite,Crescente,Céu Claro,Simples,Reta;Aclive                   ,Não,3,0,0,0,3,0,0,1,"-7,61746864","-40,48060285",SPRF-PE,DEL05-PE,UOP02-DEL05-PE
573748,2023-12-24,domingo,13:40:00,PE,101,"34,9",ITAPISSUMA,Reação tardia ou ineficiente do condutor,Saída de leito carroçável,Com Vítimas Feridas,Pleno dia,Decrescente,Céu Claro,Múltipla,Reta,Não,2,0,0,1,1,0,1,1,"-7,77092801","-34,93524623",SPRF-PE,DEL01-PE,UOP02-DEL01-PE
573772,2023-10-12,quinta-feira,06:45:00,PE,101,70,RECIFE,Ingestão de álcool pelo condutor,Colisão com objeto,Com Vítimas Feridas,Pleno dia,Decrescente,Céu Claro,Dupla,Curva,Sim,2,0,1,0,1,0,1,1,"-8,067814","-34,941267",SPRF-PE,DEL01-PE,UOP01-DEL01-PE
573833,2023-09-21,quinta-feira,00:20:00,PE,104,"67,9",CARUARU,Ingestão de álcool pelo condutor,Saída de leito carroçável,Com Vítimas Feridas,Plena Noite,Crescente,Chuva,Dupla,Reta,Sim,1,0,1,0,0,0,1,1,"-8,29497214","-35,94286144",SPRF-PE,DEL02-PE,UOP01-DEL02-PE
575823,2023-12-31,domingo,14:20:00,PE,104,102,CUPIRA,Entrada inopinada do pedestre,Atropelamento de Pedestre,Com Vítimas Feridas,Pleno dia,Crescente,Céu Claro,Simples,Reta,Não,2,0,0,1,1,0,1,2,"-8,57875956","-35,9500625",SPRF-PE,DEL02-PE,UOP03-DEL02-PE
576179,2023-12-26,terça-feira,20:25:00,PE,101,46,IGARASSU,Ausência de reação do condutor,Queda de ocupante de veículo,Com Vítimas Feridas,Plena Noite,Crescente,Ignorado,Dupla,Reta,Não,1,0,0,1,0,0,1,1,"-7,87406004","-34,90588126",SPRF-PE,DEL01-PE,UOP02-DEL01-PE
576999,2023-12-26,terça-feira,16:30:00,PE,101,207,XEXEU,Reação tardia ou ineficiente do condutor,Atropelamento de Pedestre,Com Vítimas Feridas,Pleno dia,Crescente,Céu Claro,Dupla,Reta,Não,2,0,0,1,1,0,1,2,"-8,8140591","-35,63373685",SPRF-PE,DEL01-PE,UOP03-DEL01-PE
578174,2023-12-18,segunda-feira,09:30:00,PE,101,67,RECIFE,Condutor deixou de manter distância do veículo da frente,Engavetamento,Com Vítimas Feridas,Pleno dia,Crescente,Céu Claro,Dupla,Reta,Sim,3,0,1,0,0,2,1,3,"-8,042435","-34,943281",SPRF-PE,DEL01-PE,UOP01-DEL01-PE
578195,2023-11-17,sexta-feira,10:51:00,PE,232,"410,5",SERRA TALHADA,Acessar a via sem observar a presença dos outros veículos,Colisão transversal,Com Vítimas Feridas,Pleno dia,Crescente,Céu Claro,Simples,Curva,Sim,3,0,2,0,1,0,2,2,"-7,98261841","-38,30039606",SPRF-PE,DEL04-PE,UOP01-DEL04-PE
582026,2023-10-28,sábado,12:55:00,PE,104,77,AGRESTINA,Mal súbito do condutor,Colisão frontal,Com Vítimas Fatais,Pleno dia,Crescente,Céu Claro,Simples,Declive;Curva                 ,Não,10,1,6,1,2,0,7,4,"-8,375978","-35,983662",SPRF-PE,DEL02-PE,UOP01-DEL02-PE
586766,2023-12-30,sábado,11:30:00,PE,101,85,JABOATAO DOS GUARARAPES,Condutor deixou de manter distância do veículo da frente,Engavetamento,Sem Vítimas,Pleno dia,Crescente,Céu Claro,Dupla,Reta,Não,3,0,0,0,3,0,0,3,"-8,18065563","-34,95965322",SPRF-PE,DEL01-PE,UOP01-DEL01-PE